atoll,order,family,species,value
Laysan,Anseriformes,Anatidae,Anas_laysanensis,1.0
Lisianski,Anseriformes,Anatidae,Anas_laysanensis,-1.0
Nissan,Anseriformes,Anatidae,Anas_laysanensis,1.0
Nukumanu,Anseriformes,Anatidae,Anas_laysanensis,-1.0
Ontong_Java,Anseriformes,Anatidae,Anas_laysanensis,1.0
Sikaiana,Anseriformes,Anatidae,Anas_laysanensis,1.0
Nukumbasanga,Anseriformes,Anatidae,Mareca_strepera,1.0
Qelelevu,Anseriformes,Anatidae,Mareca_strepera,1.0
St_Joseph,Anseriformes,Anatidae,Mareca_strepera,1.0
Suheli_Par,Anseriformes,Anatidae,Mareca_strepera,1.0
Thiladhunmathi,Anseriformes,Anatidae,Mareca_strepera,1.0
Thoddoo,Anseriformes,Anatidae,Mareca_strepera,1.0
Motutunga,Galliformes,Megapodiidae,Megapodius_laperouse,1.0
Niau,Galliformes,Megapodiidae,Megapodius_laperouse,1.0
Rangiroa,Galliformes,Megapodiidae,Megapodius_laperouse,1.0
Raraka,Galliformes,Megapodiidae,Megapodius_laperouse,1.0
Kilinailau,Galliformes,Megapodiidae,Megapodius_eremita,1.0
Loraine_Anobat,Galliformes,Megapodiidae,Megapodius_eremita,1.0
Tabiteuea,Galliformes,Megapodiidae,Megapodius_eremita,1.0
Taenga,Galliformes,Megapodiidae,Megapodius_eremita,1.0
Tahanea,Galliformes,Megapodiidae,Megapodius_eremita,1.0
Taiaro,Galliformes,Megapodiidae,Megapodius_eremita,1.0
Taka,Galliformes,Megapodiidae,Megapodius_eremita,1.0
Takapoto,Galliformes,Megapodiidae,Megapodius_eremita,1.0
Takaroa,Galliformes,Megapodiidae,Megapodius_eremita,1.0
Takume,Galliformes,Megapodiidae,Megapodius_eremita,1.0
Takuu,Galliformes,Megapodiidae,Megapodius_eremita,1.0
Tarawa,Galliformes,Megapodiidae,Megapodius_eremita,1.0
Tatakoto,Galliformes,Megapodiidae,Megapodius_eremita,1.0
Tekokota,Galliformes,Megapodiidae,Megapodius_eremita,1.0
Temitangi,Galliformes,Megapodiidae,Megapodius_eremita,1.0
Temoe,Galliformes,Megapodiidae,Megapodius_eremita,1.0
Tenararo,Galliformes,Megapodiidae,Megapodius_eremita,1.0
Tenaruga,Galliformes,Megapodiidae,Megapodius_eremita,1.0
Tepoto,Galliformes,Megapodiidae,Megapodius_eremita,1.0
Tikehau,Galliformes,Megapodiidae,Megapodius_eremita,1.0
Toau,Galliformes,Megapodiidae,Megapodius_eremita,1.0
Tuanake,Galliformes,Megapodiidae,Megapodius_eremita,1.0
Tupai,Galliformes,Megapodiidae,Megapodius_eremita,1.0
Tureia,Galliformes,Megapodiidae,Megapodius_eremita,1.0
Ujae,Galliformes,Megapodiidae,Megapodius_eremita,1.0
Ujelang,Galliformes,Megapodiidae,Megapodius_eremita,1.0
Ulithi,Galliformes,Megapodiidae,Megapodius_eremita,1.0
Vahanga,Galliformes,Megapodiidae,Megapodius_eremita,1.0
Vairaatea,Galliformes,Megapodiidae,Megapodius_eremita,1.0
Vanavana,Galliformes,Megapodiidae,Megapodius_eremita,1.0
Wotho,Galliformes,Megapodiidae,Megapodius_eremita,1.0
Wotje,Galliformes,Megapodiidae,Megapodius_eremita,1.0
Aldabra,Columbiformes,Columbidae,Nesoenas_picturatus,1.0
Alphonse,Columbiformes,Columbidae,Nesoenas_picturatus,-1.0
Astove,Columbiformes,Columbidae,Nesoenas_picturatus,-1.0
Cosmoledo,Columbiformes,Columbidae,Nesoenas_picturatus,1.0
Desroches,Columbiformes,Columbidae,Nesoenas_picturatus,-1.0
Farquhar,Columbiformes,Columbidae,Nesoenas_picturatus,1.0
Glorioso,Columbiformes,Columbidae,Nesoenas_picturatus,-1.0
Ninigo,Columbiformes,Columbidae,Macropygia_mackinlayi,1.0
Nissan,Columbiformes,Columbidae,Macropygia_mackinlayi,1.0
Pinipel,Columbiformes,Columbidae,Macropygia_mackinlayi,1.0
Providence,Columbiformes,Columbidae,Chalcophaps_longirostris,-1.0
St_Joseph,Columbiformes,Columbidae,Pampusana_beccarii,1.0
Thiladhunmathi,Columbiformes,Columbidae,Pampusana_beccarii,1.0
Ahe,Columbiformes,Columbidae,Pampusana_erythroptera,-1.0
Aratika,Columbiformes,Columbidae,Pampusana_erythroptera,-1.0
Faaite,Columbiformes,Columbidae,Pampusana_erythroptera,-1.0
Fakarava,Columbiformes,Columbidae,Pampusana_erythroptera,-1.0
Hao,Columbiformes,Columbidae,Pampusana_erythroptera,-1.0
Hiti,Columbiformes,Columbidae,Pampusana_erythroptera,-1.0
Katiu,Columbiformes,Columbidae,Pampusana_erythroptera,-1.0
Kauehi,Columbiformes,Columbidae,Pampusana_erythroptera,-1.0
Makemo,Columbiformes,Columbidae,Pampusana_erythroptera,-1.0
Manihi,Columbiformes,Columbidae,Pampusana_erythroptera,-1.0
Marutea_Sud,Columbiformes,Columbidae,Pampusana_erythroptera,-1.0
Matureivavao,Columbiformes,Columbidae,Pampusana_erythroptera,-1.0
Ninigo,Columbiformes,Columbidae,Pampusana_erythroptera,1.0
Niutao,Columbiformes,Columbidae,Pampusana_erythroptera,1.0
Nukulaelae,Columbiformes,Columbidae,Pampusana_erythroptera,1.0
Nukumanu,Columbiformes,Columbidae,Pampusana_erythroptera,1.0
Nukumbasanga,Columbiformes,Columbidae,Pampusana_erythroptera,1.0
Nukunonu,Columbiformes,Columbidae,Pampusana_erythroptera,1.0
Nupani,Columbiformes,Columbidae,Pampusana_erythroptera,1.0
Ontong_Java,Columbiformes,Columbidae,Pampusana_erythroptera,1.0
Palmerston,Columbiformes,Columbidae,Pampusana_erythroptera,1.0
Pukapuka,Columbiformes,Columbidae,Pampusana_erythroptera,1.0
Qelelevu,Columbiformes,Columbidae,Pampusana_erythroptera,1.0
Sikaiana,Columbiformes,Columbidae,Pampusana_erythroptera,1.0
Namoluk,Columbiformes,Columbidae,Pampusana_xanthonura,-1.0
Nukuoro,Columbiformes,Columbidae,Pampusana_xanthonura,1.0
Pakin,Columbiformes,Columbidae,Pampusana_xanthonura,1.0
Sapwuahfik,Columbiformes,Columbidae,Pampusana_xanthonura,1.0
Satawan,Columbiformes,Columbidae,Pampusana_xanthonura,1.0
Loraine_Anobat,Columbiformes,Columbidae,Caloenas_nicobarica,1.0
Ninigo,Columbiformes,Columbidae,Caloenas_nicobarica,1.0
Nissan,Columbiformes,Columbidae,Caloenas_nicobarica,1.0
Ahe,Columbiformes,Columbidae,Ptilinopus_coralensis,1.0
Anaa,Columbiformes,Columbidae,Ptilinopus_coralensis,1.0
Apataki,Columbiformes,Columbidae,Ptilinopus_coralensis,1.0
Aratika,Columbiformes,Columbidae,Ptilinopus_coralensis,1.0
Arutua,Columbiformes,Columbidae,Ptilinopus_coralensis,1.0
Faaite,Columbiformes,Columbidae,Ptilinopus_coralensis,1.0
Fakarava,Columbiformes,Columbidae,Ptilinopus_coralensis,1.0
Hiti,Columbiformes,Columbidae,Ptilinopus_coralensis,1.0
Katiu,Columbiformes,Columbidae,Ptilinopus_coralensis,1.0
Kauehi,Columbiformes,Columbidae,Ptilinopus_coralensis,1.0
Kaukura,Columbiformes,Columbidae,Ptilinopus_coralensis,1.0
Makemo,Columbiformes,Columbidae,Ptilinopus_coralensis,1.0
Manihi,Columbiformes,Columbidae,Ptilinopus_coralensis,1.0
Marutea_Sud,Columbiformes,Columbidae,Ptilinopus_coralensis,1.0
Matureivavao,Columbiformes,Columbidae,Ptilinopus_coralensis,-1.0
Mulaku,Columbiformes,Columbidae,Ptilinopus_coralensis,1.0
North_Maalhosmadulu,Columbiformes,Columbidae,Ptilinopus_coralensis,1.0
North_Male,Columbiformes,Columbidae,Ptilinopus_coralensis,1.0
North_Nilandhe,Columbiformes,Columbidae,Ptilinopus_coralensis,1.0
Rasdhoo,Columbiformes,Columbidae,Ptilinopus_coralensis,1.0
South_Maalhosmadulu,Columbiformes,Columbidae,Ptilinopus_coralensis,1.0
South_Male,Columbiformes,Columbidae,Ptilinopus_coralensis,1.0
South_Nilandhe,Columbiformes,Columbidae,Ptilinopus_coralensis,1.0
Tahanea,Columbiformes,Columbidae,Ptilinopus_coralensis,-1.0
Takapoto,Columbiformes,Columbidae,Ptilinopus_coralensis,-1.0
Takaroa,Columbiformes,Columbidae,Ptilinopus_coralensis,-1.0
Tikehau,Columbiformes,Columbidae,Ptilinopus_coralensis,1.0
Toau,Columbiformes,Columbidae,Ptilinopus_coralensis,-1.0
Beautemps-Beaupre,Columbiformes,Columbidae,Ptilinopus_greyi,1.0
Ebon,Columbiformes,Columbidae,Ptilinopus_hernsheimi,-1.0
Loraine_Anobat,Columbiformes,Columbidae,Ptilinopus_solomonensis,1.0
Aldabra,Columbiformes,Columbidae,Alectroenas_sganzini,1.0
Astove,Columbiformes,Columbidae,Alectroenas_sganzini,-1.0
Cosmoledo,Columbiformes,Columbidae,Alectroenas_sganzini,-1.0
Farquhar,Columbiformes,Columbidae,Alectroenas_sganzini,-1.0
Ninigo,Columbiformes,Columbidae,Alectroenas_sganzini,1.0
North_Keeling,Columbiformes,Columbidae,Alectroenas_sganzini,1.0
Nupani,Columbiformes,Columbidae,Alectroenas_sganzini,1.0
South_Keeling,Columbiformes,Columbidae,Alectroenas_sganzini,1.0
Anaa,Columbiformes,Columbidae,Ducula_aurorae,-1.0
North_Tubbataha,Columbiformes,Columbidae,Ducula_aurorae,1.0
South_Tubbataha,Columbiformes,Columbidae,Ducula_aurorae,1.0
Atafu,Columbiformes,Columbidae,Ducula_pacifica,1.0
Fakaofo,Columbiformes,Columbidae,Ducula_pacifica,1.0
Funafuti,Columbiformes,Columbidae,Ducula_pacifica,1.0
Loraine_Anobat,Columbiformes,Columbidae,Ducula_pacifica,1.0
Manihiki,Columbiformes,Columbidae,Ducula_pacifica,1.0
Manuae,Columbiformes,Columbidae,Ducula_pacifica,-1.0
Ailinglaplap,Columbiformes,Columbidae,Ducula_oceanica,1.0
Ant,Columbiformes,Columbidae,Ducula_oceanica,1.0
Aranuka,Columbiformes,Columbidae,Ducula_oceanica,1.0
Arno,Columbiformes,Columbidae,Ducula_oceanica,1.0
Ebon,Columbiformes,Columbidae,Ducula_oceanica,-1.0
Jaluit,Columbiformes,Columbidae,Ducula_oceanica,1.0
Kapingamarangi,Columbiformes,Columbidae,Ducula_oceanica,-1.0
Kuria,Columbiformes,Columbidae,Ducula_oceanica,1.0
Lukunor,Columbiformes,Columbidae,Ducula_oceanica,-1.0
Majuro,Columbiformes,Columbidae,Ducula_oceanica,1.0
Mili,Columbiformes,Columbidae,Ducula_oceanica,1.0
Mulaku,Columbiformes,Columbidae,Ducula_pistrinaria,1.0
Aldabra,Cuculiformes,Cuculidae,Centropus_toulou,1.0
Cosmoledo,Cuculiformes,Cuculidae,Centropus_toulou,-1.0
Addu,Cuculiformes,Cuculidae,Eudynamys_scolopaceus,1.0
Ari,Cuculiformes,Cuculidae,Eudynamys_scolopaceus,1.0
Bangaram,Cuculiformes,Cuculidae,Eudynamys_scolopaceus,1.0
Faadhippolhu,Cuculiformes,Cuculidae,Eudynamys_scolopaceus,1.0
Fasdhuthere,Cuculiformes,Cuculidae,Eudynamys_scolopaceus,1.0
Felidhu,Cuculiformes,Cuculidae,Eudynamys_scolopaceus,1.0
Fuvahmulah,Cuculiformes,Cuculidae,Eudynamys_scolopaceus,1.0
Gaafaru,Cuculiformes,Cuculidae,Eudynamys_scolopaceus,1.0
Goidhoo,Cuculiformes,Cuculidae,Eudynamys_scolopaceus,1.0
Haddhunmathi,Cuculiformes,Cuculidae,Eudynamys_scolopaceus,1.0
Huvadhu,Cuculiformes,Cuculidae,Eudynamys_scolopaceus,1.0
Ihavandhippolu,Cuculiformes,Cuculidae,Eudynamys_scolopaceus,1.0
Kaashidhoo,Cuculiformes,Cuculidae,Eudynamys_scolopaceus,1.0
Kolhumadulu,Cuculiformes,Cuculidae,Eudynamys_scolopaceus,1.0
Makunudhoo,Cuculiformes,Cuculidae,Eudynamys_scolopaceus,1.0
Minicoy,Cuculiformes,Cuculidae,Eudynamys_scolopaceus,1.0
Mulaku,Cuculiformes,Cuculidae,Eudynamys_scolopaceus,1.0
North_Maalhosmadulu,Cuculiformes,Cuculidae,Eudynamys_scolopaceus,1.0
North_Male,Cuculiformes,Cuculidae,Eudynamys_scolopaceus,1.0
North_Nilandhe,Cuculiformes,Cuculidae,Eudynamys_scolopaceus,1.0
Rasdhoo,Cuculiformes,Cuculidae,Eudynamys_scolopaceus,1.0
South_Keeling,Cuculiformes,Cuculidae,Eudynamys_scolopaceus,1.0
South_Maalhosmadulu,Cuculiformes,Cuculidae,Eudynamys_scolopaceus,1.0
South_Male,Cuculiformes,Cuculidae,Eudynamys_scolopaceus,1.0
South_Nilandhe,Cuculiformes,Cuculidae,Eudynamys_scolopaceus,1.0
Beautemps-Beaupre,Cuculiformes,Cuculidae,Chalcites_lucidus,1.0
Oeno,Cuculiformes,Cuculidae,Chalcites_lucidus,1.0
Rangiroa,Cuculiformes,Cuculidae,Chalcites_lucidus,1.0
Raraka,Cuculiformes,Cuculidae,Chalcites_lucidus,1.0
Raroia,Cuculiformes,Cuculidae,Chalcites_lucidus,1.0
Takuu,Cuculiformes,Cuculidae,Chalcites_lucidus,1.0
Aldabra,Caprimulgiformes,Caprimulgidae,Caprimulgus_madagascariensis,1.0
Aldabra,Gruiformes,Rallidae,Dryolimnas_cuvieri,1.0
Astove,Gruiformes,Rallidae,Dryolimnas_cuvieri,-1.0
Cosmoledo,Gruiformes,Rallidae,Dryolimnas_cuvieri,-1.0
Mokil,Gruiformes,Rallidae,Dryolimnas_cuvieri,-1.0
Thiladhunmathi,Gruiformes,Rallidae,Dryolimnas_cuvieri,1.0
Thoddoo,Gruiformes,Rallidae,Dryolimnas_cuvieri,1.0
Cato,Gruiformes,Rallidae,Gallirallus_philippensis,1.0
Chesterfield,Gruiformes,Rallidae,Gallirallus_philippensis,1.0
Lihou,Gruiformes,Rallidae,Gallirallus_philippensis,1.0
Morane,Gruiformes,Rallidae,Gallirallus_torquatus,1.0
Niau,Gruiformes,Rallidae,Gallirallus_torquatus,-1.0
Rangiroa,Gruiformes,Rallidae,Gallirallus_torquatus,-1.0
Raraka,Gruiformes,Rallidae,Gallirallus_torquatus,1.0
Raroia,Gruiformes,Rallidae,Gallirallus_torquatus,1.0
Reitoru,Gruiformes,Rallidae,Gallirallus_torquatus,1.0
Niau,Gruiformes,Rallidae,Gallirallus_wakensis,1.0
Ulithi,Gruiformes,Rallidae,Gallirallus_wakensis,-1.0
Addu,Gruiformes,Rallidae,Gallinula_chloropus,1.0
Diego_Garcia,Gruiformes,Rallidae,Gallinula_chloropus,1.0
Fuvahmulah,Gruiformes,Rallidae,Gallinula_chloropus,1.0
Tabuaeran,Gruiformes,Rallidae,Gallinula_chloropus,1.0
Teraina,Gruiformes,Rallidae,Gallinula_chloropus,1.0
Addu,Gruiformes,Rallidae,Gallicrex_cinerea,1.0
Felidhu,Gruiformes,Rallidae,Gallicrex_cinerea,1.0
Taenga,Gruiformes,Rallidae,Gallicrex_cinerea,1.0
Tahanea,Gruiformes,Rallidae,Gallicrex_cinerea,1.0
Taiaro,Gruiformes,Rallidae,Gallicrex_cinerea,1.0
Takapoto,Gruiformes,Rallidae,Gallicrex_cinerea,1.0
Takaroa,Gruiformes,Rallidae,Gallicrex_cinerea,1.0
Takume,Gruiformes,Rallidae,Gallicrex_cinerea,1.0
Tatakoto,Gruiformes,Rallidae,Gallicrex_cinerea,1.0
Temitangi,Gruiformes,Rallidae,Gallicrex_cinerea,-1.0
Tepoto,Gruiformes,Rallidae,Gallicrex_cinerea,1.0
Tikehau,Gruiformes,Rallidae,Gallicrex_cinerea,1.0
Toau,Gruiformes,Rallidae,Gallicrex_cinerea,1.0
Tuanake,Gruiformes,Rallidae,Gallicrex_cinerea,1.0
Tureia,Gruiformes,Rallidae,Gallicrex_cinerea,-1.0
Vairaatea,Gruiformes,Rallidae,Gallicrex_cinerea,1.0
Vanavana,Gruiformes,Rallidae,Gallicrex_cinerea,1.0
Clipperton,Gruiformes,Rallidae,Fulica_americana,1.0
Ngcheangel,Gruiformes,Rallidae,Fulica_americana,1.0
Nukumanu,Gruiformes,Rallidae,Fulica_americana,1.0
Nupani,Gruiformes,Rallidae,Fulica_americana,1.0
Ontong_Java,Gruiformes,Rallidae,Fulica_americana,1.0
Sikaiana,Gruiformes,Rallidae,Fulica_americana,1.0
Addu,Gruiformes,Rallidae,Amaurornis_phoenicurus,1.0
Agatti,Gruiformes,Rallidae,Amaurornis_phoenicurus,1.0
Ari,Gruiformes,Rallidae,Amaurornis_phoenicurus,1.0
Bangaram,Gruiformes,Rallidae,Amaurornis_phoenicurus,1.0
Bitra_Par,Gruiformes,Rallidae,Amaurornis_phoenicurus,1.0
Diego_Garcia,Gruiformes,Rallidae,Amaurornis_phoenicurus,1.0
Faadhippolhu,Gruiformes,Rallidae,Amaurornis_phoenicurus,1.0
Fasdhuthere,Gruiformes,Rallidae,Amaurornis_phoenicurus,1.0
Felidhu,Gruiformes,Rallidae,Amaurornis_phoenicurus,1.0
Fuvahmulah,Gruiformes,Rallidae,Amaurornis_phoenicurus,1.0
Gaafaru,Gruiformes,Rallidae,Amaurornis_phoenicurus,1.0
Goidhoo,Gruiformes,Rallidae,Amaurornis_phoenicurus,1.0
Haddhunmathi,Gruiformes,Rallidae,Amaurornis_phoenicurus,1.0
Huvadhu,Gruiformes,Rallidae,Amaurornis_phoenicurus,1.0
Ihavandhippolu,Gruiformes,Rallidae,Amaurornis_phoenicurus,1.0
Kaashidhoo,Gruiformes,Rallidae,Amaurornis_phoenicurus,1.0
Kademat,Gruiformes,Rallidae,Amaurornis_phoenicurus,1.0
Kavaratti,Gruiformes,Rallidae,Amaurornis_phoenicurus,1.0
Kiltan,Gruiformes,Rallidae,Amaurornis_phoenicurus,1.0
Kolhumadulu,Gruiformes,Rallidae,Amaurornis_phoenicurus,1.0
Makunudhoo,Gruiformes,Rallidae,Amaurornis_phoenicurus,1.0
Ninigo,Gruiformes,Rallidae,Amaurornis_phoenicurus,1.0
Nissan,Gruiformes,Rallidae,Amaurornis_phoenicurus,1.0
Pinipel,Gruiformes,Rallidae,Amaurornis_phoenicurus,1.0
Ahe,Gruiformes,Rallidae,Zapornia_tabuensis,1.0
Apataki,Gruiformes,Rallidae,Zapornia_tabuensis,1.0
Aratika,Gruiformes,Rallidae,Zapornia_tabuensis,1.0
Faaite,Gruiformes,Rallidae,Zapornia_tabuensis,1.0
Hiti,Gruiformes,Rallidae,Zapornia_tabuensis,1.0
Kauehi,Gruiformes,Rallidae,Zapornia_tabuensis,1.0
Kaukura,Gruiformes,Rallidae,Zapornia_tabuensis,1.0
Manihi,Gruiformes,Rallidae,Zapornia_tabuensis,1.0
Marutea_Sud,Gruiformes,Rallidae,Zapornia_tabuensis,1.0
Laysan,Gruiformes,Rallidae,Zapornia_palmeri,-2.0
Suheli_Par,Gruiformes,Rallidae,Zapornia_palmeri,1.0
Bikini,Gruiformes,Rallidae,Poliolimnas_cinerea,-1.0
Bokaak,Gruiformes,Rallidae,Poliolimnas_cinerea,-1.0
Kiritimati,Charadriiformes,Scolopacidae,Prosobonia_cancellata,-2.0
Nissan,Charadriiformes,Scolopacidae,Prosobonia_cancellata,1.0
Anuanuraro,Charadriiformes,Scolopacidae,Prosobonia_parvirostris,-1.0
Fakarava,Charadriiformes,Scolopacidae,Prosobonia_parvirostris,-1.0
Hao,Charadriiformes,Scolopacidae,Prosobonia_parvirostris,-1.0
Hiti,Charadriiformes,Scolopacidae,Prosobonia_parvirostris,-1.0
Katiu,Charadriiformes,Scolopacidae,Prosobonia_parvirostris,-1.0
Kauehi,Charadriiformes,Scolopacidae,Prosobonia_parvirostris,-1.0
Marutea_Sud,Charadriiformes,Scolopacidae,Prosobonia_parvirostris,-1.0
Mataiva,Charadriiformes,Scolopacidae,Prosobonia_parvirostris,-1.0
Matureivavao,Charadriiformes,Scolopacidae,Prosobonia_parvirostris,-1.0
Abariringa,Charadriiformes,Laridae,Anous_stolidus,1.0
Abemama,Charadriiformes,Laridae,Anous_stolidus,1.0
Addu,Charadriiformes,Laridae,Anous_stolidus,1.0
Ahe,Charadriiformes,Laridae,Anous_stolidus,1.0
Ahunui,Charadriiformes,Laridae,Anous_stolidus,1.0
Ailinginae,Charadriiformes,Laridae,Anous_stolidus,1.0
Ailuk,Charadriiformes,Laridae,Anous_stolidus,1.0
Aldabra,Charadriiformes,Laridae,Anous_stolidus,1.0
Anaa,Charadriiformes,Laridae,Anous_stolidus,1.0
Ant,Charadriiformes,Laridae,Anous_stolidus,1.0
Anuanuraro,Charadriiformes,Laridae,Anous_stolidus,1.0
Anuanurunga,Charadriiformes,Laridae,Anous_stolidus,1.0
Apataki,Charadriiformes,Laridae,Anous_stolidus,1.0
Aranuka,Charadriiformes,Laridae,Anous_stolidus,1.0
Aratika,Charadriiformes,Laridae,Anous_stolidus,1.0
Arno,Charadriiformes,Laridae,Anous_stolidus,1.0
Arutua,Charadriiformes,Laridae,Anous_stolidus,1.0
Ashmore,Charadriiformes,Laridae,Anous_stolidus,1.0
Atafu,Charadriiformes,Laridae,Anous_stolidus,1.0
Aur,Charadriiformes,Laridae,Anous_stolidus,1.0
Beautemps-Beaupre,Charadriiformes,Laridae,Anous_stolidus,1.0
Beru,Charadriiformes,Laridae,Anous_stolidus,1.0
Bikar,Charadriiformes,Laridae,Anous_stolidus,1.0
Bikini,Charadriiformes,Laridae,Anous_stolidus,1.0
Birnie,Charadriiformes,Laridae,Anous_stolidus,1.0
Bokaak,Charadriiformes,Laridae,Anous_stolidus,1.0
Butaritari,Charadriiformes,Laridae,Anous_stolidus,1.0
Caroline,Charadriiformes,Laridae,Anous_stolidus,1.0
Cato,Charadriiformes,Laridae,Anous_stolidus,1.0
Chesterfield,Charadriiformes,Laridae,Anous_stolidus,1.0
Clipperton,Charadriiformes,Laridae,Anous_stolidus,1.0
Cosmoledo,Charadriiformes,Laridae,Anous_stolidus,1.0
Desroches,Charadriiformes,Laridae,Anous_stolidus,1.0
Diego_Garcia,Charadriiformes,Laridae,Anous_stolidus,1.0
Ducie,Charadriiformes,Laridae,Anous_stolidus,1.0
Egmont,Charadriiformes,Laridae,Anous_stolidus,1.0
Enderbury,Charadriiformes,Laridae,Anous_stolidus,1.0
Eniwetok,Charadriiformes,Laridae,Anous_stolidus,1.0
Erikub,Charadriiformes,Laridae,Anous_stolidus,1.0
Etal,Charadriiformes,Laridae,Anous_stolidus,1.0
Faaite,Charadriiformes,Laridae,Anous_stolidus,1.0
Fakahina,Charadriiformes,Laridae,Anous_stolidus,1.0
Fakaofo,Charadriiformes,Laridae,Anous_stolidus,1.0
Fakarava,Charadriiformes,Laridae,Anous_stolidus,1.0
Fangataufa,Charadriiformes,Laridae,Anous_stolidus,1.0
Farquhar,Charadriiformes,Laridae,Anous_stolidus,1.0
French_Frigate_Shoals,Charadriiformes,Laridae,Anous_stolidus,1.0
Funafuti,Charadriiformes,Laridae,Anous_stolidus,1.0
Glorioso,Charadriiformes,Laridae,Anous_stolidus,1.0
Great_Chagos_Bank,Charadriiformes,Laridae,Anous_stolidus,1.0
Hao,Charadriiformes,Laridae,Anous_stolidus,1.0
Haraiki,Charadriiformes,Laridae,Anous_stolidus,1.0
Hereheretue,Charadriiformes,Laridae,Anous_stolidus,1.0
Hiti,Charadriiformes,Laridae,Anous_stolidus,1.0
Huvadhu,Charadriiformes,Laridae,Anous_stolidus,1.0
Jaluit,Charadriiformes,Laridae,Anous_stolidus,1.0
Jemo,Charadriiformes,Laridae,Anous_stolidus,1.0
Johnston,Charadriiformes,Laridae,Anous_stolidus,1.0
Kademat,Charadriiformes,Laridae,Anous_stolidus,1.0
Kapingamarangi,Charadriiformes,Laridae,Anous_stolidus,1.0
Katiu,Charadriiformes,Laridae,Anous_stolidus,1.0
Kauehi,Charadriiformes,Laridae,Anous_stolidus,1.0
Kaukura,Charadriiformes,Laridae,Anous_stolidus,1.0
Kiritimati,Charadriiformes,Laridae,Anous_stolidus,1.0
Kure,Charadriiformes,Laridae,Anous_stolidus,1.0
Kuria,Charadriiformes,Laridae,Anous_stolidus,1.0
Kwajalein,Charadriiformes,Laridae,Anous_stolidus,1.0
Lae,Charadriiformes,Laridae,Anous_stolidus,1.0
Laysan,Charadriiformes,Laridae,Anous_stolidus,1.0
Lihou,Charadriiformes,Laridae,Anous_stolidus,1.0
Likiep,Charadriiformes,Laridae,Anous_stolidus,1.0
Lisianski,Charadriiformes,Laridae,Anous_stolidus,1.0
Losap,Charadriiformes,Laridae,Anous_stolidus,1.0
Lukunor,Charadriiformes,Laridae,Anous_stolidus,1.0
Maiana,Charadriiformes,Laridae,Anous_stolidus,1.0
Majuro,Charadriiformes,Laridae,Anous_stolidus,1.0
Makemo,Charadriiformes,Laridae,Anous_stolidus,1.0
Makin,Charadriiformes,Laridae,Anous_stolidus,1.0
Malden,Charadriiformes,Laridae,Anous_stolidus,1.0
Manihi,Charadriiformes,Laridae,Anous_stolidus,1.0
Manihiki,Charadriiformes,Laridae,Anous_stolidus,1.0
Manra,Charadriiformes,Laridae,Anous_stolidus,1.0
Manuae,Charadriiformes,Laridae,Anous_stolidus,1.0
Marakei,Charadriiformes,Laridae,Anous_stolidus,1.0
Maria,Charadriiformes,Laridae,Anous_stolidus,1.0
Marutea_Sud,Charadriiformes,Laridae,Anous_stolidus,1.0
Mataiva,Charadriiformes,Laridae,Anous_stolidus,1.0
Matureivavao,Charadriiformes,Laridae,Anous_stolidus,1.0
Maupihaa,Charadriiformes,Laridae,Anous_stolidus,1.0
McKean,Charadriiformes,Laridae,Anous_stolidus,1.0
Mellish,Charadriiformes,Laridae,Anous_stolidus,1.0
Midway,Charadriiformes,Laridae,Anous_stolidus,1.0
Mili,Charadriiformes,Laridae,Anous_stolidus,1.0
Mokil,Charadriiformes,Laridae,Anous_stolidus,1.0
Morane,Charadriiformes,Laridae,Anous_stolidus,1.0
Moruroa,Charadriiformes,Laridae,Anous_stolidus,1.0
Motu_One,Charadriiformes,Laridae,Anous_stolidus,1.0
Motutunga,Charadriiformes,Laridae,Anous_stolidus,1.0
Namoluk,Charadriiformes,Laridae,Anous_stolidus,1.0
Namu,Charadriiformes,Laridae,Anous_stolidus,1.0
Napuka,Charadriiformes,Laridae,Anous_stolidus,1.0
Nengonengo,Charadriiformes,Laridae,Anous_stolidus,1.0
Ngcheangel,Charadriiformes,Laridae,Anous_stolidus,1.0
Niau,Charadriiformes,Laridae,Anous_stolidus,1.0
Nikumaroro,Charadriiformes,Laridae,Anous_stolidus,1.0
Nikunau,Charadriiformes,Laridae,Anous_stolidus,1.0
Ninigo,Charadriiformes,Laridae,Anous_stolidus,1.0
Niutao,Charadriiformes,Laridae,Anous_stolidus,1.0
Nonouti,Charadriiformes,Laridae,Anous_stolidus,1.0
North_Keeling,Charadriiformes,Laridae,Anous_stolidus,1.0
North_Tubbataha,Charadriiformes,Laridae,Anous_stolidus,1.0
Nukapu,Charadriiformes,Laridae,Anous_stolidus,1.0
Nukulaelae,Charadriiformes,Laridae,Anous_stolidus,1.0
Nukumanu,Charadriiformes,Laridae,Anous_stolidus,1.0
Nukunonu,Charadriiformes,Laridae,Anous_stolidus,1.0
Nukuoro,Charadriiformes,Laridae,Anous_stolidus,1.0
Nukutepipi,Charadriiformes,Laridae,Anous_stolidus,1.0
Nupani,Charadriiformes,Laridae,Anous_stolidus,1.0
Oeno,Charadriiformes,Laridae,Anous_stolidus,1.0
Onotoa,Charadriiformes,Laridae,Anous_stolidus,1.0
Ontong_Java,Charadriiformes,Laridae,Anous_stolidus,1.0
Oroluk,Charadriiformes,Laridae,Anous_stolidus,1.0
Orona,Charadriiformes,Laridae,Anous_stolidus,1.0
Pakin,Charadriiformes,Laridae,Anous_stolidus,1.0
Palmerston,Charadriiformes,Laridae,Anous_stolidus,1.0
Palmyra,Charadriiformes,Laridae,Anous_stolidus,1.0
Paraoa,Charadriiformes,Laridae,Anous_stolidus,1.0
Pearl_and_Hermes,Charadriiformes,Laridae,Anous_stolidus,1.0
Peros_Banhos,Charadriiformes,Laridae,Anous_stolidus,1.0
Pinaki,Charadriiformes,Laridae,Anous_stolidus,1.0
Pingelap,Charadriiformes,Laridae,Anous_stolidus,1.0
Platte,Charadriiformes,Laridae,Anous_stolidus,1.0
Pukapuka,Charadriiformes,Laridae,Anous_stolidus,1.0
Pukarua,Charadriiformes,Laridae,Anous_stolidus,1.0
Qelelevu,Charadriiformes,Laridae,Anous_stolidus,1.0
Rakahanga,Charadriiformes,Laridae,Anous_stolidus,1.0
Rangiroa,Charadriiformes,Laridae,Anous_stolidus,1.0
Raraka,Charadriiformes,Laridae,Anous_stolidus,1.0
Raroia,Charadriiformes,Laridae,Anous_stolidus,1.0
Rawaki,Charadriiformes,Laridae,Anous_stolidus,1.0
Reao,Charadriiformes,Laridae,Anous_stolidus,1.0
Reitoru,Charadriiformes,Laridae,Anous_stolidus,1.0
Rongelap,Charadriiformes,Laridae,Anous_stolidus,1.0
Rongerik,Charadriiformes,Laridae,Anous_stolidus,1.0
Rose,Charadriiformes,Laridae,Anous_stolidus,1.0
Saloman,Charadriiformes,Laridae,Anous_stolidus,1.0
Sapwuahfik,Charadriiformes,Laridae,Anous_stolidus,1.0
Satawan,Charadriiformes,Laridae,Anous_stolidus,1.0
Scilly,Charadriiformes,Laridae,Anous_stolidus,1.0
Sikaiana,Charadriiformes,Laridae,Anous_stolidus,1.0
Sorol,Charadriiformes,Laridae,Anous_stolidus,1.0
South_Keeling,Charadriiformes,Laridae,Anous_stolidus,1.0
South_Tubbataha,Charadriiformes,Laridae,Anous_stolidus,1.0
St_Joseph,Charadriiformes,Laridae,Anous_stolidus,1.0
Suheli_Par,Charadriiformes,Laridae,Anous_stolidus,1.0
Surprise,Charadriiformes,Laridae,Anous_stolidus,1.0
Suwarrow,Charadriiformes,Laridae,Anous_stolidus,1.0
Swains,Charadriiformes,Laridae,Anous_stolidus,1.0
Tabiteuea,Charadriiformes,Laridae,Anous_stolidus,1.0
Tabuaeran,Charadriiformes,Laridae,Anous_stolidus,1.0
Tahanea,Charadriiformes,Laridae,Anous_stolidus,1.0
Taiaro,Charadriiformes,Laridae,Anous_stolidus,1.0
Taka,Charadriiformes,Laridae,Anous_stolidus,1.0
Takapoto,Charadriiformes,Laridae,Anous_stolidus,1.0
Takaroa,Charadriiformes,Laridae,Anous_stolidus,1.0
Takuu,Charadriiformes,Laridae,Anous_stolidus,1.0
Tarawa,Charadriiformes,Laridae,Anous_stolidus,1.0
Tatakoto,Charadriiformes,Laridae,Anous_stolidus,1.0
Tekokota,Charadriiformes,Laridae,Anous_stolidus,1.0
Temitangi,Charadriiformes,Laridae,Anous_stolidus,1.0
Temoe,Charadriiformes,Laridae,Anous_stolidus,1.0
Tenararo,Charadriiformes,Laridae,Anous_stolidus,1.0
Tenaruga,Charadriiformes,Laridae,Anous_stolidus,1.0
Tepoto,Charadriiformes,Laridae,Anous_stolidus,1.0
Teraina,Charadriiformes,Laridae,Anous_stolidus,1.0
Tetiaroa,Charadriiformes,Laridae,Anous_stolidus,1.0
Tikehau,Charadriiformes,Laridae,Anous_stolidus,1.0
Toau,Charadriiformes,Laridae,Anous_stolidus,1.0
Tongareva,Charadriiformes,Laridae,Anous_stolidus,1.0
Tuanake,Charadriiformes,Laridae,Anous_stolidus,1.0
Tupai,Charadriiformes,Laridae,Anous_stolidus,1.0
Tureia,Charadriiformes,Laridae,Anous_stolidus,1.0
Ujae,Charadriiformes,Laridae,Anous_stolidus,1.0
Ujelang,Charadriiformes,Laridae,Anous_stolidus,1.0
Ulithi,Charadriiformes,Laridae,Anous_stolidus,1.0
Vahanga,Charadriiformes,Laridae,Anous_stolidus,1.0
Vairaatea,Charadriiformes,Laridae,Anous_stolidus,1.0
Vaitupu,Charadriiformes,Laridae,Anous_stolidus,1.0
Vanavana,Charadriiformes,Laridae,Anous_stolidus,1.0
Wake,Charadriiformes,Laridae,Anous_stolidus,1.0
Willis,Charadriiformes,Laridae,Anous_stolidus,1.0
Wotho,Charadriiformes,Laridae,Anous_stolidus,1.0
Wotje,Charadriiformes,Laridae,Anous_stolidus,1.0
Abariringa,Charadriiformes,Laridae,Anous_minutus,1.0
Abemama,Charadriiformes,Laridae,Anous_minutus,1.0
Ahe,Charadriiformes,Laridae,Anous_minutus,1.0
Ahunui,Charadriiformes,Laridae,Anous_minutus,1.0
Ailinginae,Charadriiformes,Laridae,Anous_minutus,1.0
Ailuk,Charadriiformes,Laridae,Anous_minutus,1.0
Ant,Charadriiformes,Laridae,Anous_minutus,1.0
Anuanuraro,Charadriiformes,Laridae,Anous_minutus,1.0
Anuanurunga,Charadriiformes,Laridae,Anous_minutus,1.0
Apataki,Charadriiformes,Laridae,Anous_minutus,1.0
Aranuka,Charadriiformes,Laridae,Anous_minutus,1.0
Aratika,Charadriiformes,Laridae,Anous_minutus,1.0
Arno,Charadriiformes,Laridae,Anous_minutus,1.0
Arutua,Charadriiformes,Laridae,Anous_minutus,1.0
Ashmore,Charadriiformes,Laridae,Anous_minutus,1.0
Atafu,Charadriiformes,Laridae,Anous_minutus,1.0
Aur,Charadriiformes,Laridae,Anous_minutus,1.0
Beautemps-Beaupre,Charadriiformes,Laridae,Anous_minutus,1.0
Beru,Charadriiformes,Laridae,Anous_minutus,1.0
Bikar,Charadriiformes,Laridae,Anous_minutus,1.0
Bikini,Charadriiformes,Laridae,Anous_minutus,1.0
Bokaak,Charadriiformes,Laridae,Anous_minutus,1.0
Butaritari,Charadriiformes,Laridae,Anous_minutus,1.0
Caroline,Charadriiformes,Laridae,Anous_minutus,1.0
Chesterfield,Charadriiformes,Laridae,Anous_minutus,1.0
Clipperton,Charadriiformes,Laridae,Anous_minutus,1.0
Ebon,Charadriiformes,Laridae,Anous_minutus,1.0
Enderbury,Charadriiformes,Laridae,Anous_minutus,1.0
Eniwetok,Charadriiformes,Laridae,Anous_minutus,1.0
Erikub,Charadriiformes,Laridae,Anous_minutus,1.0
Etal,Charadriiformes,Laridae,Anous_minutus,1.0
Faaite,Charadriiformes,Laridae,Anous_minutus,1.0
Fakahina,Charadriiformes,Laridae,Anous_minutus,1.0
Fakaofo,Charadriiformes,Laridae,Anous_minutus,1.0
Fakarava,Charadriiformes,Laridae,Anous_minutus,1.0
Fangatau,Charadriiformes,Laridae,Anous_minutus,1.0
Fangataufa,Charadriiformes,Laridae,Anous_minutus,1.0
French_Frigate_Shoals,Charadriiformes,Laridae,Anous_minutus,1.0
Funafuti,Charadriiformes,Laridae,Anous_minutus,1.0
Hao,Charadriiformes,Laridae,Anous_minutus,1.0
Haraiki,Charadriiformes,Laridae,Anous_minutus,1.0
Helen,Charadriiformes,Laridae,Anous_minutus,1.0
Hereheretue,Charadriiformes,Laridae,Anous_minutus,1.0
Hiti,Charadriiformes,Laridae,Anous_minutus,1.0
Jaluit,Charadriiformes,Laridae,Anous_minutus,1.0
Jemo,Charadriiformes,Laridae,Anous_minutus,1.0
Johnston,Charadriiformes,Laridae,Anous_minutus,1.0
Kapingamarangi,Charadriiformes,Laridae,Anous_minutus,1.0
Katiu,Charadriiformes,Laridae,Anous_minutus,1.0
Kauehi,Charadriiformes,Laridae,Anous_minutus,1.0
Kaukura,Charadriiformes,Laridae,Anous_minutus,1.0
Kiritimati,Charadriiformes,Laridae,Anous_minutus,1.0
Kure,Charadriiformes,Laridae,Anous_minutus,1.0
Kuria,Charadriiformes,Laridae,Anous_minutus,1.0
Kwajalein,Charadriiformes,Laridae,Anous_minutus,1.0
Lae,Charadriiformes,Laridae,Anous_minutus,1.0
Laysan,Charadriiformes,Laridae,Anous_minutus,1.0
Lisianski,Charadriiformes,Laridae,Anous_minutus,1.0
Losap,Charadriiformes,Laridae,Anous_minutus,1.0
Lukunor,Charadriiformes,Laridae,Anous_minutus,1.0
Maiana,Charadriiformes,Laridae,Anous_minutus,1.0
Majuro,Charadriiformes,Laridae,Anous_minutus,1.0
Makemo,Charadriiformes,Laridae,Anous_minutus,1.0
Makin,Charadriiformes,Laridae,Anous_minutus,1.0
Malden,Charadriiformes,Laridae,Anous_minutus,1.0
Manihi,Charadriiformes,Laridae,Anous_minutus,1.0
Manihiki,Charadriiformes,Laridae,Anous_minutus,1.0
Manra,Charadriiformes,Laridae,Anous_minutus,1.0
Marakei,Charadriiformes,Laridae,Anous_minutus,1.0
Maria,Charadriiformes,Laridae,Anous_minutus,1.0
Marutea_Sud,Charadriiformes,Laridae,Anous_minutus,1.0
Mataiva,Charadriiformes,Laridae,Anous_minutus,1.0
Matureivavao,Charadriiformes,Laridae,Anous_minutus,1.0
Maupihaa,Charadriiformes,Laridae,Anous_minutus,1.0
McKean,Charadriiformes,Laridae,Anous_minutus,1.0
Midway,Charadriiformes,Laridae,Anous_minutus,1.0
Mili,Charadriiformes,Laridae,Anous_minutus,1.0
Mokil,Charadriiformes,Laridae,Anous_minutus,1.0
Morane,Charadriiformes,Laridae,Anous_minutus,1.0
Moruroa,Charadriiformes,Laridae,Anous_minutus,1.0
Motutunga,Charadriiformes,Laridae,Anous_minutus,1.0
Namoluk,Charadriiformes,Laridae,Anous_minutus,1.0
Namu,Charadriiformes,Laridae,Anous_minutus,1.0
Nengonengo,Charadriiformes,Laridae,Anous_minutus,1.0
Niau,Charadriiformes,Laridae,Anous_minutus,1.0
Nikumaroro,Charadriiformes,Laridae,Anous_minutus,1.0
Nikunau,Charadriiformes,Laridae,Anous_minutus,1.0
Ninigo,Charadriiformes,Laridae,Anous_minutus,1.0
Niutao,Charadriiformes,Laridae,Anous_minutus,1.0
Nonouti,Charadriiformes,Laridae,Anous_minutus,1.0
North_Tubbataha,Charadriiformes,Laridae,Anous_minutus,1.0
Nukapu,Charadriiformes,Laridae,Anous_minutus,1.0
Nukulaelae,Charadriiformes,Laridae,Anous_minutus,1.0
Nukumanu,Charadriiformes,Laridae,Anous_minutus,1.0
Nukunonu,Charadriiformes,Laridae,Anous_minutus,1.0
Nukuoro,Charadriiformes,Laridae,Anous_minutus,1.0
Nukutepipi,Charadriiformes,Laridae,Anous_minutus,1.0
Nupani,Charadriiformes,Laridae,Anous_minutus,1.0
Oeno,Charadriiformes,Laridae,Anous_minutus,1.0
Onotoa,Charadriiformes,Laridae,Anous_minutus,1.0
Ontong_Java,Charadriiformes,Laridae,Anous_minutus,1.0
Oroluk,Charadriiformes,Laridae,Anous_minutus,1.0
Orona,Charadriiformes,Laridae,Anous_minutus,1.0
Pakin,Charadriiformes,Laridae,Anous_minutus,1.0
Palmyra,Charadriiformes,Laridae,Anous_minutus,1.0
Paraoa,Charadriiformes,Laridae,Anous_minutus,1.0
Pearl_and_Hermes,Charadriiformes,Laridae,Anous_minutus,1.0
Pinaki,Charadriiformes,Laridae,Anous_minutus,1.0
Pingelap,Charadriiformes,Laridae,Anous_minutus,1.0
Pukapuka,Charadriiformes,Laridae,Anous_minutus,1.0
Pukarua,Charadriiformes,Laridae,Anous_minutus,1.0
Qelelevu,Charadriiformes,Laridae,Anous_minutus,1.0
Rakahanga,Charadriiformes,Laridae,Anous_minutus,1.0
Rangiroa,Charadriiformes,Laridae,Anous_minutus,1.0
Raraka,Charadriiformes,Laridae,Anous_minutus,1.0
Raroia,Charadriiformes,Laridae,Anous_minutus,1.0
Reao,Charadriiformes,Laridae,Anous_minutus,1.0
Reitoru,Charadriiformes,Laridae,Anous_minutus,1.0
Rongelap,Charadriiformes,Laridae,Anous_minutus,1.0
Rongerik,Charadriiformes,Laridae,Anous_minutus,1.0
Rose,Charadriiformes,Laridae,Anous_minutus,1.0
Sapwuahfik,Charadriiformes,Laridae,Anous_minutus,1.0
Satawan,Charadriiformes,Laridae,Anous_minutus,1.0
Scilly,Charadriiformes,Laridae,Anous_minutus,1.0
Sorol,Charadriiformes,Laridae,Anous_minutus,1.0
South_Tubbataha,Charadriiformes,Laridae,Anous_minutus,1.0
Surprise,Charadriiformes,Laridae,Anous_minutus,1.0
Suwarrow,Charadriiformes,Laridae,Anous_minutus,1.0
Swains,Charadriiformes,Laridae,Anous_minutus,1.0
Tabiteuea,Charadriiformes,Laridae,Anous_minutus,1.0
Tabuaeran,Charadriiformes,Laridae,Anous_minutus,1.0
Taenga,Charadriiformes,Laridae,Anous_minutus,1.0
Tahanea,Charadriiformes,Laridae,Anous_minutus,1.0
Taiaro,Charadriiformes,Laridae,Anous_minutus,1.0
Taka,Charadriiformes,Laridae,Anous_minutus,1.0
Takapoto,Charadriiformes,Laridae,Anous_minutus,1.0
Takume,Charadriiformes,Laridae,Anous_minutus,1.0
Takuu,Charadriiformes,Laridae,Anous_minutus,1.0
Tarawa,Charadriiformes,Laridae,Anous_minutus,1.0
Tatakoto,Charadriiformes,Laridae,Anous_minutus,1.0
Tekokota,Charadriiformes,Laridae,Anous_minutus,1.0
Temoe,Charadriiformes,Laridae,Anous_minutus,1.0
Tenararo,Charadriiformes,Laridae,Anous_minutus,1.0
Tenaruga,Charadriiformes,Laridae,Anous_minutus,1.0
Tepoto,Charadriiformes,Laridae,Anous_minutus,1.0
Teraina,Charadriiformes,Laridae,Anous_minutus,1.0
Tetiaroa,Charadriiformes,Laridae,Anous_minutus,1.0
Tikehau,Charadriiformes,Laridae,Anous_minutus,1.0
Toau,Charadriiformes,Laridae,Anous_minutus,1.0
Tongareva,Charadriiformes,Laridae,Anous_minutus,1.0
Tuanake,Charadriiformes,Laridae,Anous_minutus,1.0
Ujae,Charadriiformes,Laridae,Anous_minutus,1.0
Ujelang,Charadriiformes,Laridae,Anous_minutus,1.0
Ulithi,Charadriiformes,Laridae,Anous_minutus,1.0
Vahanga,Charadriiformes,Laridae,Anous_minutus,1.0
Vairaatea,Charadriiformes,Laridae,Anous_minutus,1.0
Vaitupu,Charadriiformes,Laridae,Anous_minutus,1.0
Wake,Charadriiformes,Laridae,Anous_minutus,1.0
Willis,Charadriiformes,Laridae,Anous_minutus,1.0
Wotho,Charadriiformes,Laridae,Anous_minutus,1.0
Wotje,Charadriiformes,Laridae,Anous_minutus,1.0
Diego_Garcia,Charadriiformes,Laridae,Anous_tenuirostris,1.0
Farquhar,Charadriiformes,Laridae,Anous_tenuirostris,1.0
Great_Chagos_Bank,Charadriiformes,Laridae,Anous_tenuirostris,1.0
Huvadhu,Charadriiformes,Laridae,Anous_tenuirostris,1.0
Peros_Banhos,Charadriiformes,Laridae,Anous_tenuirostris,1.0
Platte,Charadriiformes,Laridae,Anous_tenuirostris,1.0
Saloman,Charadriiformes,Laridae,Anous_tenuirostris,1.0
Abariringa,Charadriiformes,Laridae,Anous_ceruleus,1.0
Apataki,Charadriiformes,Laridae,Anous_ceruleus,1.0
Aratika,Charadriiformes,Laridae,Anous_ceruleus,1.0
Bikar,Charadriiformes,Laridae,Anous_ceruleus,1.0
Bokaak,Charadriiformes,Laridae,Anous_ceruleus,1.0
Caroline,Charadriiformes,Laridae,Anous_ceruleus,1.0
Ducie,Charadriiformes,Laridae,Anous_ceruleus,1.0
French_Frigate_Shoals,Charadriiformes,Laridae,Anous_ceruleus,1.0
Hao,Charadriiformes,Laridae,Anous_ceruleus,1.0
Kiritimati,Charadriiformes,Laridae,Anous_ceruleus,1.0
Malden,Charadriiformes,Laridae,Anous_ceruleus,1.0
Nihiru,Charadriiformes,Laridae,Anous_ceruleus,1.0
Palmyra,Charadriiformes,Laridae,Anous_ceruleus,1.0
Rangiroa,Charadriiformes,Laridae,Anous_ceruleus,1.0
Raraka,Charadriiformes,Laridae,Anous_ceruleus,1.0
Raroia,Charadriiformes,Laridae,Anous_ceruleus,1.0
Rawaki,Charadriiformes,Laridae,Anous_ceruleus,1.0
Scilly,Charadriiformes,Laridae,Anous_ceruleus,1.0
Tabuaeran,Charadriiformes,Laridae,Anous_ceruleus,1.0
Teraina,Charadriiformes,Laridae,Anous_ceruleus,1.0
Tikehau,Charadriiformes,Laridae,Anous_ceruleus,1.0
Tongareva,Charadriiformes,Laridae,Anous_ceruleus,1.0
Abariringa,Charadriiformes,Laridae,Gygis_alba,1.0
Abemama,Charadriiformes,Laridae,Gygis_alba,1.0
Addu,Charadriiformes,Laridae,Gygis_alba,1.0
Ahunui,Charadriiformes,Laridae,Gygis_alba,1.0
Ailinginae,Charadriiformes,Laridae,Gygis_alba,1.0
Ailuk,Charadriiformes,Laridae,Gygis_alba,1.0
Aldabra,Charadriiformes,Laridae,Gygis_alba,1.0
Anaa,Charadriiformes,Laridae,Gygis_alba,1.0
Ant,Charadriiformes,Laridae,Gygis_alba,1.0
Anuanuraro,Charadriiformes,Laridae,Gygis_alba,1.0
Anuanurunga,Charadriiformes,Laridae,Gygis_alba,1.0
Apataki,Charadriiformes,Laridae,Gygis_alba,1.0
Aranuka,Charadriiformes,Laridae,Gygis_alba,1.0
Aratika,Charadriiformes,Laridae,Gygis_alba,1.0
Arno,Charadriiformes,Laridae,Gygis_alba,1.0
Atafu,Charadriiformes,Laridae,Gygis_alba,1.0
Aur,Charadriiformes,Laridae,Gygis_alba,1.0
Beautemps-Beaupre,Charadriiformes,Laridae,Gygis_alba,1.0
Beru,Charadriiformes,Laridae,Gygis_alba,1.0
Bikar,Charadriiformes,Laridae,Gygis_alba,1.0
Bikini,Charadriiformes,Laridae,Gygis_alba,1.0
Birnie,Charadriiformes,Laridae,Gygis_alba,1.0
Bokaak,Charadriiformes,Laridae,Gygis_alba,1.0
Butaritari,Charadriiformes,Laridae,Gygis_alba,1.0
Caroline,Charadriiformes,Laridae,Gygis_alba,1.0
Clipperton,Charadriiformes,Laridae,Gygis_alba,1.0
Cosmoledo,Charadriiformes,Laridae,Gygis_alba,1.0
Desroches,Charadriiformes,Laridae,Gygis_alba,1.0
Diego_Garcia,Charadriiformes,Laridae,Gygis_alba,1.0
Ducie,Charadriiformes,Laridae,Gygis_alba,1.0
Egmont,Charadriiformes,Laridae,Gygis_alba,1.0
Enderbury,Charadriiformes,Laridae,Gygis_alba,1.0
Eniwetok,Charadriiformes,Laridae,Gygis_alba,1.0
Erikub,Charadriiformes,Laridae,Gygis_alba,1.0
Faaite,Charadriiformes,Laridae,Gygis_alba,1.0
Fakahina,Charadriiformes,Laridae,Gygis_alba,1.0
Fakaofo,Charadriiformes,Laridae,Gygis_alba,1.0
Fakarava,Charadriiformes,Laridae,Gygis_alba,1.0
Fangataufa,Charadriiformes,Laridae,Gygis_alba,1.0
Farquhar,Charadriiformes,Laridae,Gygis_alba,1.0
French_Frigate_Shoals,Charadriiformes,Laridae,Gygis_alba,1.0
Funafuti,Charadriiformes,Laridae,Gygis_alba,1.0
Great_Chagos_Bank,Charadriiformes,Laridae,Gygis_alba,1.0
Hao,Charadriiformes,Laridae,Gygis_alba,1.0
Haraiki,Charadriiformes,Laridae,Gygis_alba,1.0
Helen,Charadriiformes,Laridae,Gygis_alba,1.0
Hereheretue,Charadriiformes,Laridae,Gygis_alba,1.0
Hiti,Charadriiformes,Laridae,Gygis_alba,1.0
Huvadhu,Charadriiformes,Laridae,Gygis_alba,1.0
Jaluit,Charadriiformes,Laridae,Gygis_alba,1.0
Jemo,Charadriiformes,Laridae,Gygis_alba,1.0
Johnston,Charadriiformes,Laridae,Gygis_alba,1.0
Kapingamarangi,Charadriiformes,Laridae,Gygis_alba,1.0
Katiu,Charadriiformes,Laridae,Gygis_alba,1.0
Kauehi,Charadriiformes,Laridae,Gygis_alba,1.0
Kaukura,Charadriiformes,Laridae,Gygis_alba,1.0
Kiritimati,Charadriiformes,Laridae,Gygis_alba,1.0
Kure,Charadriiformes,Laridae,Gygis_alba,1.0
Kuria,Charadriiformes,Laridae,Gygis_alba,1.0
Kwajalein,Charadriiformes,Laridae,Gygis_alba,1.0
Lae,Charadriiformes,Laridae,Gygis_alba,1.0
Laysan,Charadriiformes,Laridae,Gygis_alba,1.0
Likiep,Charadriiformes,Laridae,Gygis_alba,1.0
Lisianski,Charadriiformes,Laridae,Gygis_alba,1.0
Lukunor,Charadriiformes,Laridae,Gygis_alba,1.0
Maiana,Charadriiformes,Laridae,Gygis_alba,1.0
Majuro,Charadriiformes,Laridae,Gygis_alba,1.0
Makemo,Charadriiformes,Laridae,Gygis_alba,1.0
Makin,Charadriiformes,Laridae,Gygis_alba,1.0
Manihi,Charadriiformes,Laridae,Gygis_alba,1.0
Manihiki,Charadriiformes,Laridae,Gygis_alba,1.0
Manra,Charadriiformes,Laridae,Gygis_alba,1.0
Manuae,Charadriiformes,Laridae,Gygis_alba,1.0
Manuhangi,Charadriiformes,Laridae,Gygis_alba,1.0
Marakei,Charadriiformes,Laridae,Gygis_alba,1.0
Maria,Charadriiformes,Laridae,Gygis_alba,1.0
Marutea_Sud,Charadriiformes,Laridae,Gygis_alba,1.0
Mataiva,Charadriiformes,Laridae,Gygis_alba,1.0
Matureivavao,Charadriiformes,Laridae,Gygis_alba,1.0
Maupihaa,Charadriiformes,Laridae,Gygis_alba,1.0
McKean,Charadriiformes,Laridae,Gygis_alba,1.0
Midway,Charadriiformes,Laridae,Gygis_alba,1.0
Mili,Charadriiformes,Laridae,Gygis_alba,1.0
Mokil,Charadriiformes,Laridae,Gygis_alba,1.0
Morane,Charadriiformes,Laridae,Gygis_alba,1.0
Moruroa,Charadriiformes,Laridae,Gygis_alba,1.0
Motu_One,Charadriiformes,Laridae,Gygis_alba,1.0
Motutunga,Charadriiformes,Laridae,Gygis_alba,1.0
Namoluk,Charadriiformes,Laridae,Gygis_alba,1.0
Namu,Charadriiformes,Laridae,Gygis_alba,1.0
Napuka,Charadriiformes,Laridae,Gygis_alba,1.0
Nengonengo,Charadriiformes,Laridae,Gygis_alba,1.0
Ngcheangel,Charadriiformes,Laridae,Gygis_alba,1.0
Niau,Charadriiformes,Laridae,Gygis_alba,1.0
Nikumaroro,Charadriiformes,Laridae,Gygis_alba,1.0
Nikunau,Charadriiformes,Laridae,Gygis_alba,1.0
Ninigo,Charadriiformes,Laridae,Gygis_alba,1.0
Niutao,Charadriiformes,Laridae,Gygis_alba,1.0
Nonouti,Charadriiformes,Laridae,Gygis_alba,1.0
North_Keeling,Charadriiformes,Laridae,Gygis_alba,1.0
Nukapu,Charadriiformes,Laridae,Gygis_alba,1.0
Nukulaelae,Charadriiformes,Laridae,Gygis_alba,1.0
Nukumanu,Charadriiformes,Laridae,Gygis_alba,1.0
Nukunonu,Charadriiformes,Laridae,Gygis_alba,1.0
Nukutepipi,Charadriiformes,Laridae,Gygis_alba,1.0
Nupani,Charadriiformes,Laridae,Gygis_alba,1.0
Oeno,Charadriiformes,Laridae,Gygis_alba,1.0
Onotoa,Charadriiformes,Laridae,Gygis_alba,1.0
Ontong_Java,Charadriiformes,Laridae,Gygis_alba,1.0
Oroluk,Charadriiformes,Laridae,Gygis_alba,1.0
Orona,Charadriiformes,Laridae,Gygis_alba,1.0
Pakin,Charadriiformes,Laridae,Gygis_alba,1.0
Palmerston,Charadriiformes,Laridae,Gygis_alba,1.0
Palmyra,Charadriiformes,Laridae,Gygis_alba,1.0
Paraoa,Charadriiformes,Laridae,Gygis_alba,1.0
Pearl_and_Hermes,Charadriiformes,Laridae,Gygis_alba,1.0
Peros_Banhos,Charadriiformes,Laridae,Gygis_alba,1.0
Pinaki,Charadriiformes,Laridae,Gygis_alba,1.0
Pingelap,Charadriiformes,Laridae,Gygis_alba,1.0
Providence,Charadriiformes,Laridae,Gygis_alba,1.0
Pukapuka,Charadriiformes,Laridae,Gygis_alba,1.0
Puka-Puka,Charadriiformes,Laridae,Gygis_alba,1.0
Pukarua,Charadriiformes,Laridae,Gygis_alba,1.0
Qelelevu,Charadriiformes,Laridae,Gygis_alba,1.0
Rakahanga,Charadriiformes,Laridae,Gygis_alba,1.0
Rangiroa,Charadriiformes,Laridae,Gygis_alba,1.0
Raraka,Charadriiformes,Laridae,Gygis_alba,1.0
Raroia,Charadriiformes,Laridae,Gygis_alba,1.0
Rawaki,Charadriiformes,Laridae,Gygis_alba,1.0
Reao,Charadriiformes,Laridae,Gygis_alba,1.0
Reitoru,Charadriiformes,Laridae,Gygis_alba,1.0
Rongelap,Charadriiformes,Laridae,Gygis_alba,1.0
Rongerik,Charadriiformes,Laridae,Gygis_alba,1.0
Rose,Charadriiformes,Laridae,Gygis_alba,1.0
Saloman,Charadriiformes,Laridae,Gygis_alba,1.0
Sapwuahfik,Charadriiformes,Laridae,Gygis_alba,1.0
Satawan,Charadriiformes,Laridae,Gygis_alba,1.0
Scilly,Charadriiformes,Laridae,Gygis_alba,1.0
Sikaiana,Charadriiformes,Laridae,Gygis_alba,1.0
Sorol,Charadriiformes,Laridae,Gygis_alba,1.0
South_Keeling,Charadriiformes,Laridae,Gygis_alba,1.0
St_Joseph,Charadriiformes,Laridae,Gygis_alba,1.0
Swains,Charadriiformes,Laridae,Gygis_alba,1.0
Tabiteuea,Charadriiformes,Laridae,Gygis_alba,1.0
Tabuaeran,Charadriiformes,Laridae,Gygis_alba,1.0
Taenga,Charadriiformes,Laridae,Gygis_alba,1.0
Tahanea,Charadriiformes,Laridae,Gygis_alba,1.0
Taiaro,Charadriiformes,Laridae,Gygis_alba,1.0
Taka,Charadriiformes,Laridae,Gygis_alba,1.0
Takapoto,Charadriiformes,Laridae,Gygis_alba,1.0
Takume,Charadriiformes,Laridae,Gygis_alba,1.0
Takuu,Charadriiformes,Laridae,Gygis_alba,1.0
Tarawa,Charadriiformes,Laridae,Gygis_alba,1.0
Tekokota,Charadriiformes,Laridae,Gygis_alba,1.0
Temitangi,Charadriiformes,Laridae,Gygis_alba,1.0
Temoe,Charadriiformes,Laridae,Gygis_alba,1.0
Tenararo,Charadriiformes,Laridae,Gygis_alba,1.0
Tenaruga,Charadriiformes,Laridae,Gygis_alba,1.0
Tepoto,Charadriiformes,Laridae,Gygis_alba,1.0
Teraina,Charadriiformes,Laridae,Gygis_alba,1.0
Tetiaroa,Charadriiformes,Laridae,Gygis_alba,1.0
Tikehau,Charadriiformes,Laridae,Gygis_alba,1.0
Toau,Charadriiformes,Laridae,Gygis_alba,1.0
Tongareva,Charadriiformes,Laridae,Gygis_alba,1.0
Tuanake,Charadriiformes,Laridae,Gygis_alba,1.0
Tupai,Charadriiformes,Laridae,Gygis_alba,1.0
Tureia,Charadriiformes,Laridae,Gygis_alba,1.0
Ujae,Charadriiformes,Laridae,Gygis_alba,1.0
Ujelang,Charadriiformes,Laridae,Gygis_alba,1.0
Ulithi,Charadriiformes,Laridae,Gygis_alba,1.0
Utirik,Charadriiformes,Laridae,Gygis_alba,1.0
Vahanga,Charadriiformes,Laridae,Gygis_alba,1.0
Vairaatea,Charadriiformes,Laridae,Gygis_alba,1.0
Vaitupu,Charadriiformes,Laridae,Gygis_alba,1.0
Vanavana,Charadriiformes,Laridae,Gygis_alba,1.0
Wake,Charadriiformes,Laridae,Gygis_alba,1.0
Wotho,Charadriiformes,Laridae,Gygis_alba,1.0
Wotje,Charadriiformes,Laridae,Gygis_alba,1.0
Abariringa,Charadriiformes,Laridae,Onychoprion_fuscatus,1.0
Ailinginae,Charadriiformes,Laridae,Onychoprion_fuscatus,1.0
Ailuk,Charadriiformes,Laridae,Onychoprion_fuscatus,1.0
Ant,Charadriiformes,Laridae,Onychoprion_fuscatus,1.0
Apataki,Charadriiformes,Laridae,Onychoprion_fuscatus,1.0
Aranuka,Charadriiformes,Laridae,Onychoprion_fuscatus,1.0
Ashmore,Charadriiformes,Laridae,Onychoprion_fuscatus,1.0
Astove,Charadriiformes,Laridae,Onychoprion_fuscatus,1.0
Beautemps-Beaupre,Charadriiformes,Laridae,Onychoprion_fuscatus,1.0
Bikar,Charadriiformes,Laridae,Onychoprion_fuscatus,1.0
Bikini,Charadriiformes,Laridae,Onychoprion_fuscatus,1.0
Birnie,Charadriiformes,Laridae,Onychoprion_fuscatus,1.0
Bokaak,Charadriiformes,Laridae,Onychoprion_fuscatus,1.0
Butaritari,Charadriiformes,Laridae,Onychoprion_fuscatus,1.0
Caroline,Charadriiformes,Laridae,Onychoprion_fuscatus,1.0
Chesterfield,Charadriiformes,Laridae,Onychoprion_fuscatus,1.0
Clipperton,Charadriiformes,Laridae,Onychoprion_fuscatus,1.0
Cosmoledo,Charadriiformes,Laridae,Onychoprion_fuscatus,1.0
Desroches,Charadriiformes,Laridae,Onychoprion_fuscatus,1.0
Ducie,Charadriiformes,Laridae,Onychoprion_fuscatus,1.0
Enderbury,Charadriiformes,Laridae,Onychoprion_fuscatus,1.0
Eniwetok,Charadriiformes,Laridae,Onychoprion_fuscatus,1.0
Europa,Charadriiformes,Laridae,Onychoprion_fuscatus,1.0
Fangataufa,Charadriiformes,Laridae,Onychoprion_fuscatus,1.0
Farquhar,Charadriiformes,Laridae,Onychoprion_fuscatus,1.0
French_Frigate_Shoals,Charadriiformes,Laridae,Onychoprion_fuscatus,1.0
Funafuti,Charadriiformes,Laridae,Onychoprion_fuscatus,1.0
Glorioso,Charadriiformes,Laridae,Onychoprion_fuscatus,1.0
Great_Chagos_Bank,Charadriiformes,Laridae,Onychoprion_fuscatus,1.0
Helen,Charadriiformes,Laridae,Onychoprion_fuscatus,1.0
Jaluit,Charadriiformes,Laridae,Onychoprion_fuscatus,1.0
Jemo,Charadriiformes,Laridae,Onychoprion_fuscatus,1.0
Johnston,Charadriiformes,Laridae,Onychoprion_fuscatus,1.0
Kademat,Charadriiformes,Laridae,Onychoprion_fuscatus,1.0
Kauehi,Charadriiformes,Laridae,Onychoprion_fuscatus,1.0
Kavaratti,Charadriiformes,Laridae,Onychoprion_fuscatus,1.0
Kiritimati,Charadriiformes,Laridae,Onychoprion_fuscatus,1.0
Kure,Charadriiformes,Laridae,Onychoprion_fuscatus,1.0
Kuria,Charadriiformes,Laridae,Onychoprion_fuscatus,1.0
Laysan,Charadriiformes,Laridae,Onychoprion_fuscatus,1.0
Lihou,Charadriiformes,Laridae,Onychoprion_fuscatus,1.0
Lisianski,Charadriiformes,Laridae,Onychoprion_fuscatus,1.0
Makin,Charadriiformes,Laridae,Onychoprion_fuscatus,1.0
Malden,Charadriiformes,Laridae,Onychoprion_fuscatus,1.0
Manra,Charadriiformes,Laridae,Onychoprion_fuscatus,1.0
Marutea_Sud,Charadriiformes,Laridae,Onychoprion_fuscatus,1.0
Maupihaa,Charadriiformes,Laridae,Onychoprion_fuscatus,1.0
McKean,Charadriiformes,Laridae,Onychoprion_fuscatus,1.0
Mellish,Charadriiformes,Laridae,Onychoprion_fuscatus,1.0
Midway,Charadriiformes,Laridae,Onychoprion_fuscatus,1.0
Ngcheangel,Charadriiformes,Laridae,Onychoprion_fuscatus,1.0
Nikumaroro,Charadriiformes,Laridae,Onychoprion_fuscatus,1.0
Nonouti,Charadriiformes,Laridae,Onychoprion_fuscatus,1.0
North_Keeling,Charadriiformes,Laridae,Onychoprion_fuscatus,1.0
North_Tubbataha,Charadriiformes,Laridae,Onychoprion_fuscatus,1.0
Nukunonu,Charadriiformes,Laridae,Onychoprion_fuscatus,1.0
Oeno,Charadriiformes,Laridae,Onychoprion_fuscatus,1.0
Onotoa,Charadriiformes,Laridae,Onychoprion_fuscatus,1.0
Ontong_Java,Charadriiformes,Laridae,Onychoprion_fuscatus,1.0
Orona,Charadriiformes,Laridae,Onychoprion_fuscatus,1.0
Palmyra,Charadriiformes,Laridae,Onychoprion_fuscatus,1.0
Pearl_and_Hermes,Charadriiformes,Laridae,Onychoprion_fuscatus,1.0
Peros_Banhos,Charadriiformes,Laridae,Onychoprion_fuscatus,1.0
Pukapuka,Charadriiformes,Laridae,Onychoprion_fuscatus,1.0
Rangiroa,Charadriiformes,Laridae,Onychoprion_fuscatus,1.0
Rawaki,Charadriiformes,Laridae,Onychoprion_fuscatus,1.0
Rongerik,Charadriiformes,Laridae,Onychoprion_fuscatus,1.0
Rose,Charadriiformes,Laridae,Onychoprion_fuscatus,1.0
Sorol,Charadriiformes,Laridae,Onychoprion_fuscatus,1.0
Starbuck,Charadriiformes,Laridae,Onychoprion_fuscatus,1.0
Surprise,Charadriiformes,Laridae,Onychoprion_fuscatus,1.0
Suwarrow,Charadriiformes,Laridae,Onychoprion_fuscatus,1.0
Swains,Charadriiformes,Laridae,Onychoprion_fuscatus,1.0
Tabuaeran,Charadriiformes,Laridae,Onychoprion_fuscatus,1.0
Taka,Charadriiformes,Laridae,Onychoprion_fuscatus,1.0
Takaroa,Charadriiformes,Laridae,Onychoprion_fuscatus,1.0
Tekokota,Charadriiformes,Laridae,Onychoprion_fuscatus,1.0
Tetiaroa,Charadriiformes,Laridae,Onychoprion_fuscatus,1.0
Tongareva,Charadriiformes,Laridae,Onychoprion_fuscatus,1.0
Ujelang,Charadriiformes,Laridae,Onychoprion_fuscatus,1.0
Vaitupu,Charadriiformes,Laridae,Onychoprion_fuscatus,1.0
Wake,Charadriiformes,Laridae,Onychoprion_fuscatus,1.0
Willis,Charadriiformes,Laridae,Onychoprion_fuscatus,1.0
Abariringa,Charadriiformes,Laridae,Onychoprion_lunatus,1.0
Bikar,Charadriiformes,Laridae,Onychoprion_lunatus,1.0
Birnie,Charadriiformes,Laridae,Onychoprion_lunatus,1.0
Bokaak,Charadriiformes,Laridae,Onychoprion_lunatus,1.0
Caroline,Charadriiformes,Laridae,Onychoprion_lunatus,1.0
Enderbury,Charadriiformes,Laridae,Onychoprion_lunatus,1.0
French_Frigate_Shoals,Charadriiformes,Laridae,Onychoprion_lunatus,1.0
Johnston,Charadriiformes,Laridae,Onychoprion_lunatus,1.0
Kiritimati,Charadriiformes,Laridae,Onychoprion_lunatus,1.0
Kure,Charadriiformes,Laridae,Onychoprion_lunatus,1.0
Laysan,Charadriiformes,Laridae,Onychoprion_lunatus,1.0
Lisianski,Charadriiformes,Laridae,Onychoprion_lunatus,1.0
Malden,Charadriiformes,Laridae,Onychoprion_lunatus,1.0
Manihi,Charadriiformes,Laridae,Onychoprion_lunatus,1.0
Manra,Charadriiformes,Laridae,Onychoprion_lunatus,1.0
McKean,Charadriiformes,Laridae,Onychoprion_lunatus,1.0
Midway,Charadriiformes,Laridae,Onychoprion_lunatus,1.0
Nonouti,Charadriiformes,Laridae,Onychoprion_lunatus,1.0
Pearl_and_Hermes,Charadriiformes,Laridae,Onychoprion_lunatus,1.0
Rangiroa,Charadriiformes,Laridae,Onychoprion_lunatus,1.0
Rawaki,Charadriiformes,Laridae,Onychoprion_lunatus,1.0
Rose,Charadriiformes,Laridae,Onychoprion_lunatus,1.0
Starbuck,Charadriiformes,Laridae,Onychoprion_lunatus,1.0
Tabiteuea,Charadriiformes,Laridae,Onychoprion_lunatus,1.0
Tetiaroa,Charadriiformes,Laridae,Onychoprion_lunatus,1.0
Tikehau,Charadriiformes,Laridae,Onychoprion_lunatus,1.0
Wake,Charadriiformes,Laridae,Onychoprion_lunatus,1.0
Ashmore,Charadriiformes,Laridae,Onychoprion_anaethetus,1.0
Cosmoledo,Charadriiformes,Laridae,Onychoprion_anaethetus,1.0
Diego_Garcia,Charadriiformes,Laridae,Onychoprion_anaethetus,1.0
Great_Chagos_Bank,Charadriiformes,Laridae,Onychoprion_anaethetus,1.0
Peros_Banhos,Charadriiformes,Laridae,Onychoprion_anaethetus,1.0
Surprise,Charadriiformes,Laridae,Onychoprion_anaethetus,1.0
Chesterfield,Charadriiformes,Laridae,Sternula_nereis,1.0
Lihou,Charadriiformes,Laridae,Sternula_nereis,1.0
Diego_Garcia,Charadriiformes,Laridae,Sternula_saundersi,1.0
Mulaku,Charadriiformes,Laridae,Sternula_saundersi,1.0
Aldabra,Charadriiformes,Laridae,Hydroprogne_caspia,1.0
Astove,Charadriiformes,Laridae,Hydroprogne_caspia,1.0
Europa,Charadriiformes,Laridae,Hydroprogne_caspia,1.0
Ari,Charadriiformes,Laridae,Sterna_dougallii,1.0
Ashmore,Charadriiformes,Laridae,Sterna_dougallii,1.0
Chesterfield,Charadriiformes,Laridae,Sterna_dougallii,1.0
Farquhar,Charadriiformes,Laridae,Sterna_dougallii,1.0
Felidhu,Charadriiformes,Laridae,Sterna_dougallii,1.0
Huvadhu,Charadriiformes,Laridae,Sterna_dougallii,1.0
Ihavandhippolu,Charadriiformes,Laridae,Sterna_dougallii,1.0
Kolhumadulu,Charadriiformes,Laridae,Sterna_dougallii,1.0
Lihou,Charadriiformes,Laridae,Sterna_dougallii,1.0
Makunudhoo,Charadriiformes,Laridae,Sterna_dougallii,1.0
Mulaku,Charadriiformes,Laridae,Sterna_dougallii,1.0
North_Maalhosmadulu,Charadriiformes,Laridae,Sterna_dougallii,1.0
Peros_Banhos,Charadriiformes,Laridae,Sterna_dougallii,1.0
Providence,Charadriiformes,Laridae,Sterna_dougallii,1.0
Saloman,Charadriiformes,Laridae,Sterna_dougallii,1.0
South_Maalhosmadulu,Charadriiformes,Laridae,Sterna_dougallii,1.0
South_Male,Charadriiformes,Laridae,Sterna_dougallii,1.0
South_Nilandhe,Charadriiformes,Laridae,Sterna_dougallii,1.0
St_Joseph,Charadriiformes,Laridae,Sterna_dougallii,1.0
Addu,Charadriiformes,Laridae,Sterna_sumatrana,1.0
Ailinginae,Charadriiformes,Laridae,Sterna_sumatrana,1.0
Ailuk,Charadriiformes,Laridae,Sterna_sumatrana,1.0
Aldabra,Charadriiformes,Laridae,Sterna_sumatrana,1.0
Ant,Charadriiformes,Laridae,Sterna_sumatrana,1.0
Aranuka,Charadriiformes,Laridae,Sterna_sumatrana,1.0
Ari,Charadriiformes,Laridae,Sterna_sumatrana,1.0
Arno,Charadriiformes,Laridae,Sterna_sumatrana,1.0
Atafu,Charadriiformes,Laridae,Sterna_sumatrana,1.0
Aur,Charadriiformes,Laridae,Sterna_sumatrana,1.0
Bikar,Charadriiformes,Laridae,Sterna_sumatrana,1.0
Bikini,Charadriiformes,Laridae,Sterna_sumatrana,1.0
Bokaak,Charadriiformes,Laridae,Sterna_sumatrana,1.0
Butaritari,Charadriiformes,Laridae,Sterna_sumatrana,1.0
Chesterfield,Charadriiformes,Laridae,Sterna_sumatrana,1.0
Cosmoledo,Charadriiformes,Laridae,Sterna_sumatrana,1.0
Diego_Garcia,Charadriiformes,Laridae,Sterna_sumatrana,1.0
Egmont,Charadriiformes,Laridae,Sterna_sumatrana,1.0
Eniwetok,Charadriiformes,Laridae,Sterna_sumatrana,1.0
Erikub,Charadriiformes,Laridae,Sterna_sumatrana,1.0
Faadhippolhu,Charadriiformes,Laridae,Sterna_sumatrana,1.0
Fakaofo,Charadriiformes,Laridae,Sterna_sumatrana,1.0
Farquhar,Charadriiformes,Laridae,Sterna_sumatrana,1.0
Felidhu,Charadriiformes,Laridae,Sterna_sumatrana,1.0
Funafuti,Charadriiformes,Laridae,Sterna_sumatrana,1.0
Great_Chagos_Bank,Charadriiformes,Laridae,Sterna_sumatrana,1.0
Helen,Charadriiformes,Laridae,Sterna_sumatrana,1.0
Huvadhu,Charadriiformes,Laridae,Sterna_sumatrana,1.0
Ihavandhippolu,Charadriiformes,Laridae,Sterna_sumatrana,1.0
Jaluit,Charadriiformes,Laridae,Sterna_sumatrana,1.0
Kapingamarangi,Charadriiformes,Laridae,Sterna_sumatrana,1.0
Kolhumadulu,Charadriiformes,Laridae,Sterna_sumatrana,1.0
Kuria,Charadriiformes,Laridae,Sterna_sumatrana,1.0
Kwajalein,Charadriiformes,Laridae,Sterna_sumatrana,1.0
Lihou,Charadriiformes,Laridae,Sterna_sumatrana,1.0
Lukunor,Charadriiformes,Laridae,Sterna_sumatrana,1.0
Maiana,Charadriiformes,Laridae,Sterna_sumatrana,1.0
Majuro,Charadriiformes,Laridae,Sterna_sumatrana,1.0
Makin,Charadriiformes,Laridae,Sterna_sumatrana,1.0
Makunudhoo,Charadriiformes,Laridae,Sterna_sumatrana,1.0
Manihiki,Charadriiformes,Laridae,Sterna_sumatrana,1.0
Mulaku,Charadriiformes,Laridae,Sterna_sumatrana,1.0
Namoluk,Charadriiformes,Laridae,Sterna_sumatrana,1.0
Namu,Charadriiformes,Laridae,Sterna_sumatrana,1.0
Ninigo,Charadriiformes,Laridae,Sterna_sumatrana,1.0
Nonouti,Charadriiformes,Laridae,Sterna_sumatrana,1.0
North_Maalhosmadulu,Charadriiformes,Laridae,Sterna_sumatrana,1.0
North_Nilandhe,Charadriiformes,Laridae,Sterna_sumatrana,1.0
Nukumanu,Charadriiformes,Laridae,Sterna_sumatrana,1.0
Nukunonu,Charadriiformes,Laridae,Sterna_sumatrana,1.0
Nukuoro,Charadriiformes,Laridae,Sterna_sumatrana,1.0
Onotoa,Charadriiformes,Laridae,Sterna_sumatrana,1.0
Ontong_Java,Charadriiformes,Laridae,Sterna_sumatrana,1.0
Oroluk,Charadriiformes,Laridae,Sterna_sumatrana,1.0
Pakin,Charadriiformes,Laridae,Sterna_sumatrana,1.0
Peros_Banhos,Charadriiformes,Laridae,Sterna_sumatrana,1.0
Providence,Charadriiformes,Laridae,Sterna_sumatrana,1.0
Qelelevu,Charadriiformes,Laridae,Sterna_sumatrana,1.0
Rakahanga,Charadriiformes,Laridae,Sterna_sumatrana,1.0
Rongelap,Charadriiformes,Laridae,Sterna_sumatrana,1.0
Rongerik,Charadriiformes,Laridae,Sterna_sumatrana,1.0
Saloman,Charadriiformes,Laridae,Sterna_sumatrana,1.0
Sapwuahfik,Charadriiformes,Laridae,Sterna_sumatrana,1.0
Satawan,Charadriiformes,Laridae,Sterna_sumatrana,1.0
Sikaiana,Charadriiformes,Laridae,Sterna_sumatrana,1.0
Sorol,Charadriiformes,Laridae,Sterna_sumatrana,1.0
South_Maalhosmadulu,Charadriiformes,Laridae,Sterna_sumatrana,1.0
South_Male,Charadriiformes,Laridae,Sterna_sumatrana,1.0
South_Nilandhe,Charadriiformes,Laridae,Sterna_sumatrana,1.0
St_Francois,Charadriiformes,Laridae,Sterna_sumatrana,1.0
St_Joseph,Charadriiformes,Laridae,Sterna_sumatrana,1.0
Surprise,Charadriiformes,Laridae,Sterna_sumatrana,1.0
Taka,Charadriiformes,Laridae,Sterna_sumatrana,1.0
Takuu,Charadriiformes,Laridae,Sterna_sumatrana,1.0
Tarawa,Charadriiformes,Laridae,Sterna_sumatrana,1.0
Thiladhunmathi,Charadriiformes,Laridae,Sterna_sumatrana,1.0
Tongareva,Charadriiformes,Laridae,Sterna_sumatrana,1.0
Ujae,Charadriiformes,Laridae,Sterna_sumatrana,1.0
Ujelang,Charadriiformes,Laridae,Sterna_sumatrana,1.0
Ulithi,Charadriiformes,Laridae,Sterna_sumatrana,1.0
Vaitupu,Charadriiformes,Laridae,Sterna_sumatrana,1.0
Wotho,Charadriiformes,Laridae,Sterna_sumatrana,1.0
Abemama,Charadriiformes,Laridae,Thalasseus_bergii,1.0
Ailinginae,Charadriiformes,Laridae,Thalasseus_bergii,1.0
Ailuk,Charadriiformes,Laridae,Thalasseus_bergii,1.0
Aldabra,Charadriiformes,Laridae,Thalasseus_bergii,1.0
Ant,Charadriiformes,Laridae,Thalasseus_bergii,1.0
Apataki,Charadriiformes,Laridae,Thalasseus_bergii,1.0
Aranuka,Charadriiformes,Laridae,Thalasseus_bergii,1.0
Aratika,Charadriiformes,Laridae,Thalasseus_bergii,1.0
Ari,Charadriiformes,Laridae,Thalasseus_bergii,1.0
Arno,Charadriiformes,Laridae,Thalasseus_bergii,1.0
Ashmore,Charadriiformes,Laridae,Thalasseus_bergii,1.0
Astove,Charadriiformes,Laridae,Thalasseus_bergii,1.0
Aur,Charadriiformes,Laridae,Thalasseus_bergii,1.0
Bangaram,Charadriiformes,Laridae,Thalasseus_bergii,1.0
Beautemps-Beaupre,Charadriiformes,Laridae,Thalasseus_bergii,1.0
Beru,Charadriiformes,Laridae,Thalasseus_bergii,1.0
Bikar,Charadriiformes,Laridae,Thalasseus_bergii,1.0
Bikini,Charadriiformes,Laridae,Thalasseus_bergii,1.0
Bokaak,Charadriiformes,Laridae,Thalasseus_bergii,1.0
Butaritari,Charadriiformes,Laridae,Thalasseus_bergii,1.0
Chesterfield,Charadriiformes,Laridae,Thalasseus_bergii,1.0
Cosmoledo,Charadriiformes,Laridae,Thalasseus_bergii,1.0
Diego_Garcia,Charadriiformes,Laridae,Thalasseus_bergii,1.0
Egmont,Charadriiformes,Laridae,Thalasseus_bergii,1.0
Eniwetok,Charadriiformes,Laridae,Thalasseus_bergii,1.0
Erikub,Charadriiformes,Laridae,Thalasseus_bergii,1.0
Farquhar,Charadriiformes,Laridae,Thalasseus_bergii,1.0
Great_Chagos_Bank,Charadriiformes,Laridae,Thalasseus_bergii,1.0
Helen,Charadriiformes,Laridae,Thalasseus_bergii,1.0
Huvadhu,Charadriiformes,Laridae,Thalasseus_bergii,1.0
Ihavandhippolu,Charadriiformes,Laridae,Thalasseus_bergii,1.0
Jaluit,Charadriiformes,Laridae,Thalasseus_bergii,1.0
Kademat,Charadriiformes,Laridae,Thalasseus_bergii,1.0
Kiritimati,Charadriiformes,Laridae,Thalasseus_bergii,1.0
Kuria,Charadriiformes,Laridae,Thalasseus_bergii,1.0
Kwajalein,Charadriiformes,Laridae,Thalasseus_bergii,1.0
Lae,Charadriiformes,Laridae,Thalasseus_bergii,1.0
Lihou,Charadriiformes,Laridae,Thalasseus_bergii,1.0
Lukunor,Charadriiformes,Laridae,Thalasseus_bergii,1.0
Maiana,Charadriiformes,Laridae,Thalasseus_bergii,1.0
Majuro,Charadriiformes,Laridae,Thalasseus_bergii,1.0
Makin,Charadriiformes,Laridae,Thalasseus_bergii,1.0
Makunudhoo,Charadriiformes,Laridae,Thalasseus_bergii,1.0
Maloelap,Charadriiformes,Laridae,Thalasseus_bergii,1.0
Manihi,Charadriiformes,Laridae,Thalasseus_bergii,1.0
Marakei,Charadriiformes,Laridae,Thalasseus_bergii,1.0
Mataiva,Charadriiformes,Laridae,Thalasseus_bergii,1.0
Maupihaa,Charadriiformes,Laridae,Thalasseus_bergii,1.0
Mili,Charadriiformes,Laridae,Thalasseus_bergii,1.0
Moruroa,Charadriiformes,Laridae,Thalasseus_bergii,1.0
Motutunga,Charadriiformes,Laridae,Thalasseus_bergii,1.0
Namoluk,Charadriiformes,Laridae,Thalasseus_bergii,1.0
Ngcheangel,Charadriiformes,Laridae,Thalasseus_bergii,1.0
Nihiru,Charadriiformes,Laridae,Thalasseus_bergii,1.0
Nikunau,Charadriiformes,Laridae,Thalasseus_bergii,1.0
Ninigo,Charadriiformes,Laridae,Thalasseus_bergii,1.0
Nonouti,Charadriiformes,Laridae,Thalasseus_bergii,1.0
North_Tubbataha,Charadriiformes,Laridae,Thalasseus_bergii,1.0
Nukumanu,Charadriiformes,Laridae,Thalasseus_bergii,1.0
Nukuoro,Charadriiformes,Laridae,Thalasseus_bergii,1.0
Onotoa,Charadriiformes,Laridae,Thalasseus_bergii,1.0
Ontong_Java,Charadriiformes,Laridae,Thalasseus_bergii,1.0
Pakin,Charadriiformes,Laridae,Thalasseus_bergii,1.0
Peros_Banhos,Charadriiformes,Laridae,Thalasseus_bergii,1.0
Providence,Charadriiformes,Laridae,Thalasseus_bergii,1.0
Rangiroa,Charadriiformes,Laridae,Thalasseus_bergii,1.0
Raraka,Charadriiformes,Laridae,Thalasseus_bergii,1.0
Rongelap,Charadriiformes,Laridae,Thalasseus_bergii,1.0
Rongerik,Charadriiformes,Laridae,Thalasseus_bergii,1.0
Saloman,Charadriiformes,Laridae,Thalasseus_bergii,1.0
Sapwuahfik,Charadriiformes,Laridae,Thalasseus_bergii,1.0
Satawan,Charadriiformes,Laridae,Thalasseus_bergii,1.0
Scilly,Charadriiformes,Laridae,Thalasseus_bergii,1.0
Sorol,Charadriiformes,Laridae,Thalasseus_bergii,1.0
South_Maalhosmadulu,Charadriiformes,Laridae,Thalasseus_bergii,1.0
South_Tubbataha,Charadriiformes,Laridae,Thalasseus_bergii,1.0
Suheli_Par,Charadriiformes,Laridae,Thalasseus_bergii,1.0
Surprise,Charadriiformes,Laridae,Thalasseus_bergii,1.0
Tabiteuea,Charadriiformes,Laridae,Thalasseus_bergii,1.0
Taka,Charadriiformes,Laridae,Thalasseus_bergii,1.0
Takuu,Charadriiformes,Laridae,Thalasseus_bergii,1.0
Tarawa,Charadriiformes,Laridae,Thalasseus_bergii,1.0
Temoe,Charadriiformes,Laridae,Thalasseus_bergii,1.0
Tenararo,Charadriiformes,Laridae,Thalasseus_bergii,1.0
Tetiaroa,Charadriiformes,Laridae,Thalasseus_bergii,1.0
Tikehau,Charadriiformes,Laridae,Thalasseus_bergii,1.0
Ujae,Charadriiformes,Laridae,Thalasseus_bergii,1.0
Ujelang,Charadriiformes,Laridae,Thalasseus_bergii,1.0
Ulithi,Charadriiformes,Laridae,Thalasseus_bergii,1.0
Utirik,Charadriiformes,Laridae,Thalasseus_bergii,1.0
Vahanga,Charadriiformes,Laridae,Thalasseus_bergii,1.0
Wotho,Charadriiformes,Laridae,Thalasseus_bergii,1.0
Bangaram,Charadriiformes,Laridae,Thalasseus_bengalensis,1.0
Bitra_Par,Charadriiformes,Laridae,Thalasseus_bengalensis,1.0
Kademat,Charadriiformes,Laridae,Thalasseus_bengalensis,1.0
Suheli_Par,Charadriiformes,Laridae,Thalasseus_bengalensis,1.0
Addu,Phaethontiformes,Phaethontidae,Phaethon_lepturus,1.0
Aldabra,Phaethontiformes,Phaethontidae,Phaethon_lepturus,1.0
Ashmore,Phaethontiformes,Phaethontidae,Phaethon_lepturus,1.0
Bikar,Phaethontiformes,Phaethontidae,Phaethon_lepturus,1.0
Bokaak,Phaethontiformes,Phaethontidae,Phaethon_lepturus,1.0
Diego_Garcia,Phaethontiformes,Phaethontidae,Phaethon_lepturus,1.0
Egmont,Phaethontiformes,Phaethontidae,Phaethon_lepturus,1.0
Eniwetok,Phaethontiformes,Phaethontidae,Phaethon_lepturus,1.0
Erikub,Phaethontiformes,Phaethontidae,Phaethon_lepturus,1.0
Europa,Phaethontiformes,Phaethontidae,Phaethon_lepturus,1.0
Faadhippolhu,Phaethontiformes,Phaethontidae,Phaethon_lepturus,1.0
Fuvahmulah,Phaethontiformes,Phaethontidae,Phaethon_lepturus,1.0
Great_Chagos_Bank,Phaethontiformes,Phaethontidae,Phaethon_lepturus,1.0
Haddhunmathi,Phaethontiformes,Phaethontidae,Phaethon_lepturus,1.0
Huvadhu,Phaethontiformes,Phaethontidae,Phaethon_lepturus,1.0
Ihavandhippolu,Phaethontiformes,Phaethontidae,Phaethon_lepturus,1.0
Jaluit,Phaethontiformes,Phaethontidae,Phaethon_lepturus,1.0
Jemo,Phaethontiformes,Phaethontidae,Phaethon_lepturus,1.0
Johnston,Phaethontiformes,Phaethontidae,Phaethon_lepturus,1.0
Kilinailau,Phaethontiformes,Phaethontidae,Phaethon_lepturus,1.0
Kolhumadulu,Phaethontiformes,Phaethontidae,Phaethon_lepturus,1.0
Lukunor,Phaethontiformes,Phaethontidae,Phaethon_lepturus,1.0
Manihiki,Phaethontiformes,Phaethontidae,Phaethon_lepturus,1.0
Midway,Phaethontiformes,Phaethontidae,Phaethon_lepturus,1.0
Namoluk,Phaethontiformes,Phaethontidae,Phaethon_lepturus,1.0
Nikumaroro,Phaethontiformes,Phaethontidae,Phaethon_lepturus,1.0
Niutao,Phaethontiformes,Phaethontidae,Phaethon_lepturus,1.0
North_Keeling,Phaethontiformes,Phaethontidae,Phaethon_lepturus,1.0
North_Maalhosmadulu,Phaethontiformes,Phaethontidae,Phaethon_lepturus,1.0
Nukapu,Phaethontiformes,Phaethontidae,Phaethon_lepturus,1.0
Nukulaelae,Phaethontiformes,Phaethontidae,Phaethon_lepturus,1.0
Nukumanu,Phaethontiformes,Phaethontidae,Phaethon_lepturus,1.0
Nukunonu,Phaethontiformes,Phaethontidae,Phaethon_lepturus,1.0
Nukuoro,Phaethontiformes,Phaethontidae,Phaethon_lepturus,1.0
Ontong_Java,Phaethontiformes,Phaethontidae,Phaethon_lepturus,1.0
Palmyra,Phaethontiformes,Phaethontidae,Phaethon_lepturus,1.0
Peros_Banhos,Phaethontiformes,Phaethontidae,Phaethon_lepturus,1.0
Platte,Phaethontiformes,Phaethontidae,Phaethon_lepturus,1.0
Pukapuka,Phaethontiformes,Phaethontidae,Phaethon_lepturus,1.0
Rakahanga,Phaethontiformes,Phaethontidae,Phaethon_lepturus,1.0
Saloman,Phaethontiformes,Phaethontidae,Phaethon_lepturus,1.0
Sapwuahfik,Phaethontiformes,Phaethontidae,Phaethon_lepturus,1.0
Satawan,Phaethontiformes,Phaethontidae,Phaethon_lepturus,1.0
Sikaiana,Phaethontiformes,Phaethontidae,Phaethon_lepturus,1.0
South_Maalhosmadulu,Phaethontiformes,Phaethontidae,Phaethon_lepturus,1.0
Swains,Phaethontiformes,Phaethontidae,Phaethon_lepturus,1.0
Tabuaeran,Phaethontiformes,Phaethontidae,Phaethon_lepturus,1.0
Takuu,Phaethontiformes,Phaethontidae,Phaethon_lepturus,1.0
Teraina,Phaethontiformes,Phaethontidae,Phaethon_lepturus,1.0
Thiladhunmathi,Phaethontiformes,Phaethontidae,Phaethon_lepturus,1.0
Tongareva,Phaethontiformes,Phaethontidae,Phaethon_lepturus,1.0
Ulithi,Phaethontiformes,Phaethontidae,Phaethon_lepturus,1.0
Utirik,Phaethontiformes,Phaethontidae,Phaethon_lepturus,1.0
Vaitupu,Phaethontiformes,Phaethontidae,Phaethon_lepturus,1.0
Wake,Phaethontiformes,Phaethontidae,Phaethon_lepturus,1.0
Abariringa,Phaethontiformes,Phaethontidae,Phaethon_rubricauda,1.0
Ahunui,Phaethontiformes,Phaethontidae,Phaethon_rubricauda,1.0
Aldabra,Phaethontiformes,Phaethontidae,Phaethon_rubricauda,1.0
Ant,Phaethontiformes,Phaethontidae,Phaethon_rubricauda,1.0
Anuanuraro,Phaethontiformes,Phaethontidae,Phaethon_rubricauda,1.0
Anuanurunga,Phaethontiformes,Phaethontidae,Phaethon_rubricauda,1.0
Ashmore,Phaethontiformes,Phaethontidae,Phaethon_rubricauda,1.0
Atafu,Phaethontiformes,Phaethontidae,Phaethon_rubricauda,1.0
Bikar,Phaethontiformes,Phaethontidae,Phaethon_rubricauda,1.0
Birnie,Phaethontiformes,Phaethontidae,Phaethon_rubricauda,1.0
Bokaak,Phaethontiformes,Phaethontidae,Phaethon_rubricauda,1.0
Caroline,Phaethontiformes,Phaethontidae,Phaethon_rubricauda,1.0
Chesterfield,Phaethontiformes,Phaethontidae,Phaethon_rubricauda,1.0
Clipperton,Phaethontiformes,Phaethontidae,Phaethon_rubricauda,1.0
Cosmoledo,Phaethontiformes,Phaethontidae,Phaethon_rubricauda,1.0
Diego_Garcia,Phaethontiformes,Phaethontidae,Phaethon_rubricauda,1.0
Ducie,Phaethontiformes,Phaethontidae,Phaethon_rubricauda,1.0
Enderbury,Phaethontiformes,Phaethontidae,Phaethon_rubricauda,1.0
Eniwetok,Phaethontiformes,Phaethontidae,Phaethon_rubricauda,1.0
Erikub,Phaethontiformes,Phaethontidae,Phaethon_rubricauda,1.0
Europa,Phaethontiformes,Phaethontidae,Phaethon_rubricauda,1.0
Fakaofo,Phaethontiformes,Phaethontidae,Phaethon_rubricauda,1.0
Fangataufa,Phaethontiformes,Phaethontidae,Phaethon_rubricauda,1.0
French_Frigate_Shoals,Phaethontiformes,Phaethontidae,Phaethon_rubricauda,1.0
Johnston,Phaethontiformes,Phaethontidae,Phaethon_rubricauda,1.0
Kiritimati,Phaethontiformes,Phaethontidae,Phaethon_rubricauda,1.0
Kure,Phaethontiformes,Phaethontidae,Phaethon_rubricauda,1.0
Laysan,Phaethontiformes,Phaethontidae,Phaethon_rubricauda,1.0
Lisianski,Phaethontiformes,Phaethontidae,Phaethon_rubricauda,1.0
Malden,Phaethontiformes,Phaethontidae,Phaethon_rubricauda,1.0
Manihiki,Phaethontiformes,Phaethontidae,Phaethon_rubricauda,1.0
Manra,Phaethontiformes,Phaethontidae,Phaethon_rubricauda,1.0
Manuae,Phaethontiformes,Phaethontidae,Phaethon_rubricauda,1.0
Maria,Phaethontiformes,Phaethontidae,Phaethon_rubricauda,1.0
Mataiva,Phaethontiformes,Phaethontidae,Phaethon_rubricauda,1.0
Matureivavao,Phaethontiformes,Phaethontidae,Phaethon_rubricauda,1.0
Maupihaa,Phaethontiformes,Phaethontidae,Phaethon_rubricauda,1.0
McKean,Phaethontiformes,Phaethontidae,Phaethon_rubricauda,1.0
Midway,Phaethontiformes,Phaethontidae,Phaethon_rubricauda,1.0
Morane,Phaethontiformes,Phaethontidae,Phaethon_rubricauda,1.0
Moruroa,Phaethontiformes,Phaethontidae,Phaethon_rubricauda,1.0
Nikumaroro,Phaethontiformes,Phaethontidae,Phaethon_rubricauda,1.0
North_Keeling,Phaethontiformes,Phaethontidae,Phaethon_rubricauda,1.0
Nukunonu,Phaethontiformes,Phaethontidae,Phaethon_rubricauda,1.0
Nukutepipi,Phaethontiformes,Phaethontidae,Phaethon_rubricauda,1.0
Oeno,Phaethontiformes,Phaethontidae,Phaethon_rubricauda,1.0
Onotoa,Phaethontiformes,Phaethontidae,Phaethon_rubricauda,1.0
Orona,Phaethontiformes,Phaethontidae,Phaethon_rubricauda,1.0
Palmerston,Phaethontiformes,Phaethontidae,Phaethon_rubricauda,1.0
Palmyra,Phaethontiformes,Phaethontidae,Phaethon_rubricauda,1.0
Paraoa,Phaethontiformes,Phaethontidae,Phaethon_rubricauda,1.0
Pearl_and_Hermes,Phaethontiformes,Phaethontidae,Phaethon_rubricauda,1.0
Platte,Phaethontiformes,Phaethontidae,Phaethon_rubricauda,1.0
Raroia,Phaethontiformes,Phaethontidae,Phaethon_rubricauda,1.0
Rawaki,Phaethontiformes,Phaethontidae,Phaethon_rubricauda,1.0
Reitoru,Phaethontiformes,Phaethontidae,Phaethon_rubricauda,1.0
Rose,Phaethontiformes,Phaethontidae,Phaethon_rubricauda,1.0
Sorol,Phaethontiformes,Phaethontidae,Phaethon_rubricauda,1.0
South_Keeling,Phaethontiformes,Phaethontidae,Phaethon_rubricauda,1.0
Starbuck,Phaethontiformes,Phaethontidae,Phaethon_rubricauda,1.0
Surprise,Phaethontiformes,Phaethontidae,Phaethon_rubricauda,1.0
Suwarrow,Phaethontiformes,Phaethontidae,Phaethon_rubricauda,1.0
Taka,Phaethontiformes,Phaethontidae,Phaethon_rubricauda,1.0
Temitangi,Phaethontiformes,Phaethontidae,Phaethon_rubricauda,1.0
Temoe,Phaethontiformes,Phaethontidae,Phaethon_rubricauda,1.0
Tenararo,Phaethontiformes,Phaethontidae,Phaethon_rubricauda,1.0
Tenaruga,Phaethontiformes,Phaethontidae,Phaethon_rubricauda,1.0
Tongareva,Phaethontiformes,Phaethontidae,Phaethon_rubricauda,1.0
Vahanga,Phaethontiformes,Phaethontidae,Phaethon_rubricauda,1.0
Wake,Phaethontiformes,Phaethontidae,Phaethon_rubricauda,1.0
French_Frigate_Shoals,Procellariiformes,Diomedeidae,Phoebastria_immutabilis,1.0
Kure,Procellariiformes,Diomedeidae,Phoebastria_immutabilis,1.0
Laysan,Procellariiformes,Diomedeidae,Phoebastria_immutabilis,1.0
Lisianski,Procellariiformes,Diomedeidae,Phoebastria_immutabilis,1.0
Midway,Procellariiformes,Diomedeidae,Phoebastria_immutabilis,1.0
Pearl_and_Hermes,Procellariiformes,Diomedeidae,Phoebastria_immutabilis,1.0
Wake,Procellariiformes,Diomedeidae,Phoebastria_immutabilis,1.0
French_Frigate_Shoals,Procellariiformes,Diomedeidae,Phoebastria_nigripes,1.0
Kure,Procellariiformes,Diomedeidae,Phoebastria_nigripes,1.0
Laysan,Procellariiformes,Diomedeidae,Phoebastria_nigripes,1.0
Lisianski,Procellariiformes,Diomedeidae,Phoebastria_nigripes,1.0
Midway,Procellariiformes,Diomedeidae,Phoebastria_nigripes,1.0
Pearl_and_Hermes,Procellariiformes,Diomedeidae,Phoebastria_nigripes,1.0
Wake,Procellariiformes,Diomedeidae,Phoebastria_nigripes,1.0
Kure,Procellariiformes,Diomedeidae,Phoebastria_albatrus,1.0
Midway,Procellariiformes,Diomedeidae,Phoebastria_albatrus,1.0
Kiritimati,Procellariiformes,Oceanitidae,Nesofregetta_fuliginosa,1.0
McKean,Procellariiformes,Oceanitidae,Nesofregetta_fuliginosa,1.0
Rawaki,Procellariiformes,Oceanitidae,Nesofregetta_fuliginosa,1.0
Tabiteuea,Procellariiformes,Oceanitidae,Nesofregetta_fuliginosa,1.0
French_Frigate_Shoals,Procellariiformes,Hydrobatidae,Hydrobates_tristrami,1.0
Kure,Procellariiformes,Hydrobatidae,Hydrobates_tristrami,1.0
Laysan,Procellariiformes,Hydrobatidae,Hydrobates_tristrami,1.0
Midway,Procellariiformes,Hydrobatidae,Hydrobates_tristrami,1.0
Pearl_and_Hermes,Procellariiformes,Hydrobatidae,Hydrobates_tristrami,1.0
Ducie,Procellariiformes,Procellariidae,Pterodroma_neglecta,1.0
Fangataufa,Procellariiformes,Procellariidae,Pterodroma_neglecta,1.0
Morane,Procellariiformes,Procellariidae,Pterodroma_neglecta,1.0
Nengonengo,Procellariiformes,Procellariidae,Pterodroma_neglecta,1.0
Oeno,Procellariiformes,Procellariidae,Pterodroma_neglecta,1.0
Temoe,Procellariiformes,Procellariidae,Pterodroma_neglecta,1.0
Tenararo,Procellariiformes,Procellariidae,Pterodroma_neglecta,1.0
Vahanga,Procellariiformes,Procellariidae,Pterodroma_neglecta,1.0
Ducie,Procellariiformes,Procellariidae,Pterodroma_heraldica,1.0
Matureivavao,Procellariiformes,Procellariidae,Pterodroma_heraldica,1.0
Ducie,Procellariiformes,Procellariidae,Pterodroma_ultima,1.0
Fangataufa,Procellariiformes,Procellariidae,Pterodroma_ultima,1.0
Matureivavao,Procellariiformes,Procellariidae,Pterodroma_ultima,1.0
Morane,Procellariiformes,Procellariidae,Pterodroma_ultima,1.0
Moruroa,Procellariiformes,Procellariidae,Pterodroma_ultima,1.0
Oeno,Procellariiformes,Procellariidae,Pterodroma_ultima,1.0
Temoe,Procellariiformes,Procellariidae,Pterodroma_ultima,1.0
Tenararo,Procellariiformes,Procellariidae,Pterodroma_ultima,1.0
Vahanga,Procellariiformes,Procellariidae,Pterodroma_ultima,1.0
French_Frigate_Shoals,Procellariiformes,Procellariidae,Pterodroma_hypoleuca,1.0
Kure,Procellariiformes,Procellariidae,Pterodroma_hypoleuca,1.0
Laysan,Procellariiformes,Procellariidae,Pterodroma_hypoleuca,1.0
Lisianski,Procellariiformes,Procellariidae,Pterodroma_hypoleuca,1.0
Midway,Procellariiformes,Procellariidae,Pterodroma_hypoleuca,1.0
Pearl_and_Hermes,Procellariiformes,Procellariidae,Pterodroma_hypoleuca,1.0
Abariringa,Procellariiformes,Procellariidae,Pterodroma_alba,1.0
Kiritimati,Procellariiformes,Procellariidae,Pterodroma_alba,1.0
Oeno,Procellariiformes,Procellariidae,Pterodroma_alba,1.0
Rawaki,Procellariiformes,Procellariidae,Pterodroma_alba,1.0
French_Frigate_Shoals,Procellariiformes,Procellariidae,Bulweria_bulwerii,1.0
Johnston,Procellariiformes,Procellariidae,Bulweria_bulwerii,1.0
Kure,Procellariiformes,Procellariidae,Bulweria_bulwerii,1.0
Laysan,Procellariiformes,Procellariidae,Bulweria_bulwerii,1.0
Lisianski,Procellariiformes,Procellariidae,Bulweria_bulwerii,1.0
Midway,Procellariiformes,Procellariidae,Bulweria_bulwerii,1.0
Pearl_and_Hermes,Procellariiformes,Procellariidae,Bulweria_bulwerii,1.0
Rawaki,Procellariiformes,Procellariidae,Bulweria_bulwerii,1.0
Ailuk,Procellariiformes,Procellariidae,Ardenna_pacifica,1.0
Alphonse,Procellariiformes,Procellariidae,Ardenna_pacifica,1.0
Ashmore,Procellariiformes,Procellariidae,Ardenna_pacifica,1.0
Beautemps-Beaupre,Procellariiformes,Procellariidae,Ardenna_pacifica,1.0
Bikar,Procellariiformes,Procellariidae,Ardenna_pacifica,1.0
Bokaak,Procellariiformes,Procellariidae,Ardenna_pacifica,1.0
Cato,Procellariiformes,Procellariidae,Ardenna_pacifica,1.0
Chesterfield,Procellariiformes,Procellariidae,Ardenna_pacifica,1.0
Clipperton,Procellariiformes,Procellariidae,Ardenna_pacifica,1.0
Diego_Garcia,Procellariiformes,Procellariidae,Ardenna_pacifica,1.0
Enderbury,Procellariiformes,Procellariidae,Ardenna_pacifica,1.0
French_Frigate_Shoals,Procellariiformes,Procellariidae,Ardenna_pacifica,1.0
Great_Chagos_Bank,Procellariiformes,Procellariidae,Ardenna_pacifica,1.0
Jaluit,Procellariiformes,Procellariidae,Ardenna_pacifica,1.0
Johnston,Procellariiformes,Procellariidae,Ardenna_pacifica,1.0
Kiritimati,Procellariiformes,Procellariidae,Ardenna_pacifica,1.0
Kure,Procellariiformes,Procellariidae,Ardenna_pacifica,1.0
Laysan,Procellariiformes,Procellariidae,Ardenna_pacifica,1.0
Lisianski,Procellariiformes,Procellariidae,Ardenna_pacifica,1.0
McKean,Procellariiformes,Procellariidae,Ardenna_pacifica,1.0
Midway,Procellariiformes,Procellariidae,Ardenna_pacifica,1.0
North_Keeling,Procellariiformes,Procellariidae,Ardenna_pacifica,1.0
Palmyra,Procellariiformes,Procellariidae,Ardenna_pacifica,1.0
Pearl_and_Hermes,Procellariiformes,Procellariidae,Ardenna_pacifica,1.0
Peros_Banhos,Procellariiformes,Procellariidae,Ardenna_pacifica,1.0
Rawaki,Procellariiformes,Procellariidae,Ardenna_pacifica,1.0
Rongelap,Procellariiformes,Procellariidae,Ardenna_pacifica,1.0
Rongerik,Procellariiformes,Procellariidae,Ardenna_pacifica,1.0
Sikaiana,Procellariiformes,Procellariidae,Ardenna_pacifica,1.0
St_Francois,Procellariiformes,Procellariidae,Ardenna_pacifica,1.0
St_Joseph,Procellariiformes,Procellariidae,Ardenna_pacifica,1.0
Surprise,Procellariiformes,Procellariidae,Ardenna_pacifica,1.0
Taka,Procellariiformes,Procellariidae,Ardenna_pacifica,1.0
Wake,Procellariiformes,Procellariidae,Ardenna_pacifica,1.0
Ailuk,Procellariiformes,Procellariidae,Puffinus_nativitatis,1.0
Bokaak,Procellariiformes,Procellariidae,Puffinus_nativitatis,1.0
Ducie,Procellariiformes,Procellariidae,Puffinus_nativitatis,1.0
Enderbury,Procellariiformes,Procellariidae,Puffinus_nativitatis,1.0
French_Frigate_Shoals,Procellariiformes,Procellariidae,Puffinus_nativitatis,1.0
Johnston,Procellariiformes,Procellariidae,Puffinus_nativitatis,1.0
Kiritimati,Procellariiformes,Procellariidae,Puffinus_nativitatis,1.0
Kure,Procellariiformes,Procellariidae,Puffinus_nativitatis,1.0
Laysan,Procellariiformes,Procellariidae,Puffinus_nativitatis,1.0
Lisianski,Procellariiformes,Procellariidae,Puffinus_nativitatis,1.0
Midway,Procellariiformes,Procellariidae,Puffinus_nativitatis,1.0
Moruroa,Procellariiformes,Procellariidae,Puffinus_nativitatis,1.0
Pearl_and_Hermes,Procellariiformes,Procellariidae,Puffinus_nativitatis,1.0
Rawaki,Procellariiformes,Procellariidae,Puffinus_nativitatis,1.0
Ari,Procellariiformes,Procellariidae,Puffinus_bailloni,1.0
Diego_Garcia,Procellariiformes,Procellariidae,Puffinus_bailloni,1.0
Enderbury,Procellariiformes,Procellariidae,Puffinus_bailloni,1.0
Europa,Procellariiformes,Procellariidae,Puffinus_bailloni,1.0
Faadhippolhu,Procellariiformes,Procellariidae,Puffinus_bailloni,1.0
Felidhu,Procellariiformes,Procellariidae,Puffinus_bailloni,1.0
Great_Chagos_Bank,Procellariiformes,Procellariidae,Puffinus_bailloni,1.0
Haddhunmathi,Procellariiformes,Procellariidae,Puffinus_bailloni,1.0
Huvadhu,Procellariiformes,Procellariidae,Puffinus_bailloni,1.0
Ihavandhippolu,Procellariiformes,Procellariidae,Puffinus_bailloni,1.0
Kiritimati,Procellariiformes,Procellariidae,Puffinus_bailloni,1.0
Kolhumadulu,Procellariiformes,Procellariidae,Puffinus_bailloni,1.0
McKean,Procellariiformes,Procellariidae,Puffinus_bailloni,1.0
Mulaku,Procellariiformes,Procellariidae,Puffinus_bailloni,1.0
Peros_Banhos,Procellariiformes,Procellariidae,Puffinus_bailloni,1.0
Rawaki,Procellariiformes,Procellariidae,Puffinus_bailloni,1.0
Thiladhunmathi,Procellariiformes,Procellariidae,Puffinus_bailloni,1.0
Abariringa,Suliformes,Fregatidae,Fregata_ariel,1.0
Ahunui,Suliformes,Fregatidae,Fregata_ariel,1.0
Aldabra,Suliformes,Fregatidae,Fregata_ariel,1.0
Anuanurunga,Suliformes,Fregatidae,Fregata_ariel,1.0
Ashmore,Suliformes,Fregatidae,Fregata_ariel,1.0
Beautemps-Beaupre,Suliformes,Fregatidae,Fregata_ariel,1.0
Birnie,Suliformes,Fregatidae,Fregata_ariel,1.0
Butaritari,Suliformes,Fregatidae,Fregata_ariel,1.0
Caroline,Suliformes,Fregatidae,Fregata_ariel,1.0
Cato,Suliformes,Fregatidae,Fregata_ariel,1.0
Chesterfield,Suliformes,Fregatidae,Fregata_ariel,1.0
Cosmoledo,Suliformes,Fregatidae,Fregata_ariel,1.0
Enderbury,Suliformes,Fregatidae,Fregata_ariel,1.0
Erikub,Suliformes,Fregatidae,Fregata_ariel,1.0
Europa,Suliformes,Fregatidae,Fregata_ariel,1.0
Great_Chagos_Bank,Suliformes,Fregatidae,Fregata_ariel,1.0
Helen,Suliformes,Fregatidae,Fregata_ariel,1.0
Hiti,Suliformes,Fregatidae,Fregata_ariel,1.0
Jaluit,Suliformes,Fregatidae,Fregata_ariel,1.0
Kaukura,Suliformes,Fregatidae,Fregata_ariel,1.0
Kiritimati,Suliformes,Fregatidae,Fregata_ariel,1.0
Lihou,Suliformes,Fregatidae,Fregata_ariel,1.0
Maiana,Suliformes,Fregatidae,Fregata_ariel,1.0
Makemo,Suliformes,Fregatidae,Fregata_ariel,1.0
Makin,Suliformes,Fregatidae,Fregata_ariel,1.0
Malden,Suliformes,Fregatidae,Fregata_ariel,1.0
Manra,Suliformes,Fregatidae,Fregata_ariel,1.0
Mataiva,Suliformes,Fregatidae,Fregata_ariel,1.0
Maupihaa,Suliformes,Fregatidae,Fregata_ariel,1.0
McKean,Suliformes,Fregatidae,Fregata_ariel,1.0
Mili,Suliformes,Fregatidae,Fregata_ariel,1.0
Nengonengo,Suliformes,Fregatidae,Fregata_ariel,1.0
Nikumaroro,Suliformes,Fregatidae,Fregata_ariel,1.0
Nonouti,Suliformes,Fregatidae,Fregata_ariel,1.0
North_Keeling,Suliformes,Fregatidae,Fregata_ariel,1.0
Nukapu,Suliformes,Fregatidae,Fregata_ariel,1.0
Nukumanu,Suliformes,Fregatidae,Fregata_ariel,1.0
Nupani,Suliformes,Fregatidae,Fregata_ariel,1.0
Onotoa,Suliformes,Fregatidae,Fregata_ariel,1.0
Orona,Suliformes,Fregatidae,Fregata_ariel,1.0
Paraoa,Suliformes,Fregatidae,Fregata_ariel,1.0
Peros_Banhos,Suliformes,Fregatidae,Fregata_ariel,1.0
Pukapuka,Suliformes,Fregatidae,Fregata_ariel,1.0
Qelelevu,Suliformes,Fregatidae,Fregata_ariel,1.0
Raraka,Suliformes,Fregatidae,Fregata_ariel,1.0
Rawaki,Suliformes,Fregatidae,Fregata_ariel,1.0
Reitoru,Suliformes,Fregatidae,Fregata_ariel,1.0
Rose,Suliformes,Fregatidae,Fregata_ariel,1.0
Scilly,Suliformes,Fregatidae,Fregata_ariel,1.0
Starbuck,Suliformes,Fregatidae,Fregata_ariel,1.0
Surprise,Suliformes,Fregatidae,Fregata_ariel,1.0
Suwarrow,Suliformes,Fregatidae,Fregata_ariel,1.0
Swains,Suliformes,Fregatidae,Fregata_ariel,1.0
Tabiteuea,Suliformes,Fregatidae,Fregata_ariel,1.0
Tabuaeran,Suliformes,Fregatidae,Fregata_ariel,1.0
Tahanea,Suliformes,Fregatidae,Fregata_ariel,1.0
Tarawa,Suliformes,Fregatidae,Fregata_ariel,1.0
Tetiaroa,Suliformes,Fregatidae,Fregata_ariel,1.0
Toau,Suliformes,Fregatidae,Fregata_ariel,1.0
Tongareva,Suliformes,Fregatidae,Fregata_ariel,1.0
Ulithi,Suliformes,Fregatidae,Fregata_ariel,1.0
Abariringa,Suliformes,Fregatidae,Fregata_minor,1.0
Ailinginae,Suliformes,Fregatidae,Fregata_minor,1.0
Ailuk,Suliformes,Fregatidae,Fregata_minor,1.0
Aldabra,Suliformes,Fregatidae,Fregata_minor,1.0
Ant,Suliformes,Fregatidae,Fregata_minor,1.0
Ashmore,Suliformes,Fregatidae,Fregata_minor,1.0
Beautemps-Beaupre,Suliformes,Fregatidae,Fregata_minor,1.0
Bikar,Suliformes,Fregatidae,Fregata_minor,1.0
Bikini,Suliformes,Fregatidae,Fregata_minor,1.0
Bokaak,Suliformes,Fregatidae,Fregata_minor,1.0
Butaritari,Suliformes,Fregatidae,Fregata_minor,1.0
Caroline,Suliformes,Fregatidae,Fregata_minor,1.0
Cato,Suliformes,Fregatidae,Fregata_minor,1.0
Chesterfield,Suliformes,Fregatidae,Fregata_minor,1.0
Clipperton,Suliformes,Fregatidae,Fregata_minor,1.0
Cosmoledo,Suliformes,Fregatidae,Fregata_minor,1.0
Ducie,Suliformes,Fregatidae,Fregata_minor,1.0
Enderbury,Suliformes,Fregatidae,Fregata_minor,1.0
Eniwetok,Suliformes,Fregatidae,Fregata_minor,1.0
Erikub,Suliformes,Fregatidae,Fregata_minor,1.0
Europa,Suliformes,Fregatidae,Fregata_minor,1.0
Fakarava,Suliformes,Fregatidae,Fregata_minor,1.0
Fangataufa,Suliformes,Fregatidae,Fregata_minor,1.0
French_Frigate_Shoals,Suliformes,Fregatidae,Fregata_minor,1.0
Great_Chagos_Bank,Suliformes,Fregatidae,Fregata_minor,1.0
Helen,Suliformes,Fregatidae,Fregata_minor,1.0
Hiti,Suliformes,Fregatidae,Fregata_minor,1.0
Jaluit,Suliformes,Fregatidae,Fregata_minor,1.0
Jemo,Suliformes,Fregatidae,Fregata_minor,1.0
Johnston,Suliformes,Fregatidae,Fregata_minor,1.0
Kapingamarangi,Suliformes,Fregatidae,Fregata_minor,1.0
Kiritimati,Suliformes,Fregatidae,Fregata_minor,1.0
Kure,Suliformes,Fregatidae,Fregata_minor,1.0
Kwajalein,Suliformes,Fregatidae,Fregata_minor,1.0
Laysan,Suliformes,Fregatidae,Fregata_minor,1.0
Likiep,Suliformes,Fregatidae,Fregata_minor,1.0
Lisianski,Suliformes,Fregatidae,Fregata_minor,1.0
Lukunor,Suliformes,Fregatidae,Fregata_minor,1.0
Makin,Suliformes,Fregatidae,Fregata_minor,1.0
Malden,Suliformes,Fregatidae,Fregata_minor,1.0
Maria,Suliformes,Fregatidae,Fregata_minor,1.0
Mataiva,Suliformes,Fregatidae,Fregata_minor,1.0
Matureivavao,Suliformes,Fregatidae,Fregata_minor,1.0
Maupihaa,Suliformes,Fregatidae,Fregata_minor,1.0
McKean,Suliformes,Fregatidae,Fregata_minor,1.0
Midway,Suliformes,Fregatidae,Fregata_minor,1.0
Mili,Suliformes,Fregatidae,Fregata_minor,1.0
Morane,Suliformes,Fregatidae,Fregata_minor,1.0
Moruroa,Suliformes,Fregatidae,Fregata_minor,1.0
Motu_One,Suliformes,Fregatidae,Fregata_minor,1.0
Namoluk,Suliformes,Fregatidae,Fregata_minor,1.0
Namu,Suliformes,Fregatidae,Fregata_minor,1.0
Nikumaroro,Suliformes,Fregatidae,Fregata_minor,1.0
North_Keeling,Suliformes,Fregatidae,Fregata_minor,1.0
Nukapu,Suliformes,Fregatidae,Fregata_minor,1.0
Nukumanu,Suliformes,Fregatidae,Fregata_minor,1.0
Nukutepipi,Suliformes,Fregatidae,Fregata_minor,1.0
Nupani,Suliformes,Fregatidae,Fregata_minor,1.0
Oeno,Suliformes,Fregatidae,Fregata_minor,1.0
Onotoa,Suliformes,Fregatidae,Fregata_minor,1.0
Oroluk,Suliformes,Fregatidae,Fregata_minor,1.0
Orona,Suliformes,Fregatidae,Fregata_minor,1.0
Palmyra,Suliformes,Fregatidae,Fregata_minor,1.0
Paraoa,Suliformes,Fregatidae,Fregata_minor,1.0
Pearl_and_Hermes,Suliformes,Fregatidae,Fregata_minor,1.0
Peros_Banhos,Suliformes,Fregatidae,Fregata_minor,1.0
Rangiroa,Suliformes,Fregatidae,Fregata_minor,1.0
Raraka,Suliformes,Fregatidae,Fregata_minor,1.0
Rawaki,Suliformes,Fregatidae,Fregata_minor,1.0
Reitoru,Suliformes,Fregatidae,Fregata_minor,1.0
Rongelap,Suliformes,Fregatidae,Fregata_minor,1.0
Rongerik,Suliformes,Fregatidae,Fregata_minor,1.0
Rose,Suliformes,Fregatidae,Fregata_minor,1.0
Satawan,Suliformes,Fregatidae,Fregata_minor,1.0
Scilly,Suliformes,Fregatidae,Fregata_minor,1.0
Sikaiana,Suliformes,Fregatidae,Fregata_minor,1.0
Sorol,Suliformes,Fregatidae,Fregata_minor,1.0
Surprise,Suliformes,Fregatidae,Fregata_minor,1.0
Suwarrow,Suliformes,Fregatidae,Fregata_minor,1.0
Swains,Suliformes,Fregatidae,Fregata_minor,1.0
Tabuaeran,Suliformes,Fregatidae,Fregata_minor,1.0
Tahanea,Suliformes,Fregatidae,Fregata_minor,1.0
Taka,Suliformes,Fregatidae,Fregata_minor,1.0
Takuu,Suliformes,Fregatidae,Fregata_minor,1.0
Temoe,Suliformes,Fregatidae,Fregata_minor,1.0
Tenararo,Suliformes,Fregatidae,Fregata_minor,1.0
Tenaruga,Suliformes,Fregatidae,Fregata_minor,1.0
Teraina,Suliformes,Fregatidae,Fregata_minor,1.0
Tetiaroa,Suliformes,Fregatidae,Fregata_minor,1.0
Toau,Suliformes,Fregatidae,Fregata_minor,1.0
Ujae,Suliformes,Fregatidae,Fregata_minor,1.0
Ujelang,Suliformes,Fregatidae,Fregata_minor,1.0
Vahanga,Suliformes,Fregatidae,Fregata_minor,1.0
Wake,Suliformes,Fregatidae,Fregata_minor,1.0
Wotho,Suliformes,Fregatidae,Fregata_minor,1.0
Wotje,Suliformes,Fregatidae,Fregata_minor,1.0
Abariringa,Suliformes,Sulidae,Sula_dactylatra,1.0
Ashmore,Suliformes,Sulidae,Sula_dactylatra,1.0
Bikar,Suliformes,Sulidae,Sula_dactylatra,1.0
Birnie,Suliformes,Sulidae,Sula_dactylatra,1.0
Bokaak,Suliformes,Sulidae,Sula_dactylatra,1.0
Caroline,Suliformes,Sulidae,Sula_dactylatra,1.0
Cato,Suliformes,Sulidae,Sula_dactylatra,1.0
Chesterfield,Suliformes,Sulidae,Sula_dactylatra,1.0
Clipperton,Suliformes,Sulidae,Sula_dactylatra,1.0
Cosmoledo,Suliformes,Sulidae,Sula_dactylatra,1.0
Ducie,Suliformes,Sulidae,Sula_dactylatra,1.0
Enderbury,Suliformes,Sulidae,Sula_dactylatra,1.0
Fangataufa,Suliformes,Sulidae,Sula_dactylatra,1.0
French_Frigate_Shoals,Suliformes,Sulidae,Sula_dactylatra,1.0
Great_Chagos_Bank,Suliformes,Sulidae,Sula_dactylatra,1.0
Johnston,Suliformes,Sulidae,Sula_dactylatra,1.0
Kiritimati,Suliformes,Sulidae,Sula_dactylatra,1.0
Kure,Suliformes,Sulidae,Sula_dactylatra,1.0
Laysan,Suliformes,Sulidae,Sula_dactylatra,1.0
Lihou,Suliformes,Sulidae,Sula_dactylatra,1.0
Lisianski,Suliformes,Sulidae,Sula_dactylatra,1.0
Malden,Suliformes,Sulidae,Sula_dactylatra,1.0
Manra,Suliformes,Sulidae,Sula_dactylatra,1.0
Matureivavao,Suliformes,Sulidae,Sula_dactylatra,1.0
Maupihaa,Suliformes,Sulidae,Sula_dactylatra,1.0
McKean,Suliformes,Sulidae,Sula_dactylatra,1.0
Mellish,Suliformes,Sulidae,Sula_dactylatra,1.0
Midway,Suliformes,Sulidae,Sula_dactylatra,1.0
Morane,Suliformes,Sulidae,Sula_dactylatra,1.0
Motutunga,Suliformes,Sulidae,Sula_dactylatra,1.0
Nengonengo,Suliformes,Sulidae,Sula_dactylatra,1.0
Nikumaroro,Suliformes,Sulidae,Sula_dactylatra,1.0
Nikunau,Suliformes,Sulidae,Sula_dactylatra,1.0
North_Keeling,Suliformes,Sulidae,Sula_dactylatra,1.0
Nukulaelae,Suliformes,Sulidae,Sula_dactylatra,1.0
Oeno,Suliformes,Sulidae,Sula_dactylatra,1.0
Orona,Suliformes,Sulidae,Sula_dactylatra,1.0
Palmyra,Suliformes,Sulidae,Sula_dactylatra,1.0
Paraoa,Suliformes,Sulidae,Sula_dactylatra,1.0
Pearl_and_Hermes,Suliformes,Sulidae,Sula_dactylatra,1.0
Peros_Banhos,Suliformes,Sulidae,Sula_dactylatra,1.0
Pukarua,Suliformes,Sulidae,Sula_dactylatra,1.0
Rawaki,Suliformes,Sulidae,Sula_dactylatra,1.0
Reitoru,Suliformes,Sulidae,Sula_dactylatra,1.0
Rose,Suliformes,Sulidae,Sula_dactylatra,1.0
Sorol,Suliformes,Sulidae,Sula_dactylatra,1.0
Surprise,Suliformes,Sulidae,Sula_dactylatra,1.0
Suwarrow,Suliformes,Sulidae,Sula_dactylatra,1.0
Temoe,Suliformes,Sulidae,Sula_dactylatra,1.0
Tenararo,Suliformes,Sulidae,Sula_dactylatra,1.0
Tenaruga,Suliformes,Sulidae,Sula_dactylatra,1.0
Tetiaroa,Suliformes,Sulidae,Sula_dactylatra,1.0
Wake,Suliformes,Sulidae,Sula_dactylatra,1.0
Clipperton,Suliformes,Sulidae,Sula_granti,1.0
Abariringa,Suliformes,Sulidae,Sula_leucogaster,1.0
Ailinginae,Suliformes,Sulidae,Sula_leucogaster,1.0
Ant,Suliformes,Sulidae,Sula_leucogaster,1.0
Anuanuraro,Suliformes,Sulidae,Sula_leucogaster,1.0
Aratika,Suliformes,Sulidae,Sula_leucogaster,1.0
Ashmore,Suliformes,Sulidae,Sula_leucogaster,1.0
Atafu,Suliformes,Sulidae,Sula_leucogaster,1.0
Beautemps-Beaupre,Suliformes,Sulidae,Sula_leucogaster,1.0
Bikar,Suliformes,Sulidae,Sula_leucogaster,1.0
Bikini,Suliformes,Sulidae,Sula_leucogaster,1.0
Birnie,Suliformes,Sulidae,Sula_leucogaster,1.0
Bokaak,Suliformes,Sulidae,Sula_leucogaster,1.0
Butaritari,Suliformes,Sulidae,Sula_leucogaster,1.0
Caroline,Suliformes,Sulidae,Sula_leucogaster,1.0
Cato,Suliformes,Sulidae,Sula_leucogaster,1.0
Chesterfield,Suliformes,Sulidae,Sula_leucogaster,1.0
Clipperton,Suliformes,Sulidae,Sula_leucogaster,1.0
Cosmoledo,Suliformes,Sulidae,Sula_leucogaster,1.0
Diego_Garcia,Suliformes,Sulidae,Sula_leucogaster,1.0
Enderbury,Suliformes,Sulidae,Sula_leucogaster,1.0
Eniwetok,Suliformes,Sulidae,Sula_leucogaster,1.0
Erikub,Suliformes,Sulidae,Sula_leucogaster,1.0
Fakarava,Suliformes,Sulidae,Sula_leucogaster,1.0
French_Frigate_Shoals,Suliformes,Sulidae,Sula_leucogaster,1.0
Great_Chagos_Bank,Suliformes,Sulidae,Sula_leucogaster,1.0
Helen,Suliformes,Sulidae,Sula_leucogaster,1.0
Jaluit,Suliformes,Sulidae,Sula_leucogaster,1.0
Jemo,Suliformes,Sulidae,Sula_leucogaster,1.0
Johnston,Suliformes,Sulidae,Sula_leucogaster,1.0
Kapingamarangi,Suliformes,Sulidae,Sula_leucogaster,1.0
Kauehi,Suliformes,Sulidae,Sula_leucogaster,1.0
Kaukura,Suliformes,Sulidae,Sula_leucogaster,1.0
Kiritimati,Suliformes,Sulidae,Sula_leucogaster,1.0
Kure,Suliformes,Sulidae,Sula_leucogaster,1.0
Kwajalein,Suliformes,Sulidae,Sula_leucogaster,1.0
Laysan,Suliformes,Sulidae,Sula_leucogaster,1.0
Lihou,Suliformes,Sulidae,Sula_leucogaster,1.0
Likiep,Suliformes,Sulidae,Sula_leucogaster,1.0
Lisianski,Suliformes,Sulidae,Sula_leucogaster,1.0
Majuro,Suliformes,Sulidae,Sula_leucogaster,1.0
Makin,Suliformes,Sulidae,Sula_leucogaster,1.0
Malden,Suliformes,Sulidae,Sula_leucogaster,1.0
Manihiki,Suliformes,Sulidae,Sula_leucogaster,1.0
Maria,Suliformes,Sulidae,Sula_leucogaster,1.0
Mataiva,Suliformes,Sulidae,Sula_leucogaster,1.0
Maupihaa,Suliformes,Sulidae,Sula_leucogaster,1.0
McKean,Suliformes,Sulidae,Sula_leucogaster,1.0
Mellish,Suliformes,Sulidae,Sula_leucogaster,1.0
Midway,Suliformes,Sulidae,Sula_leucogaster,1.0
Mili,Suliformes,Sulidae,Sula_leucogaster,1.0
Moruroa,Suliformes,Sulidae,Sula_leucogaster,1.0
Motu_One,Suliformes,Sulidae,Sula_leucogaster,1.0
Motutunga,Suliformes,Sulidae,Sula_leucogaster,1.0
Namoluk,Suliformes,Sulidae,Sula_leucogaster,1.0
Ninigo,Suliformes,Sulidae,Sula_leucogaster,1.0
Nonouti,Suliformes,Sulidae,Sula_leucogaster,1.0
North_Keeling,Suliformes,Sulidae,Sula_leucogaster,1.0
North_Tubbataha,Suliformes,Sulidae,Sula_leucogaster,1.0
Nukumanu,Suliformes,Sulidae,Sula_leucogaster,1.0
Nukunonu,Suliformes,Sulidae,Sula_leucogaster,1.0
Nupani,Suliformes,Sulidae,Sula_leucogaster,1.0
Oroluk,Suliformes,Sulidae,Sula_leucogaster,1.0
Palmyra,Suliformes,Sulidae,Sula_leucogaster,1.0
Pearl_and_Hermes,Suliformes,Sulidae,Sula_leucogaster,1.0
Peros_Banhos,Suliformes,Sulidae,Sula_leucogaster,1.0
Puka-Puka,Suliformes,Sulidae,Sula_leucogaster,1.0
Qelelevu,Suliformes,Sulidae,Sula_leucogaster,1.0
Rangiroa,Suliformes,Sulidae,Sula_leucogaster,1.0
Raraka,Suliformes,Sulidae,Sula_leucogaster,1.0
Rawaki,Suliformes,Sulidae,Sula_leucogaster,1.0
Rongerik,Suliformes,Sulidae,Sula_leucogaster,1.0
Rose,Suliformes,Sulidae,Sula_leucogaster,1.0
Saloman,Suliformes,Sulidae,Sula_leucogaster,1.0
Satawan,Suliformes,Sulidae,Sula_leucogaster,1.0
Scilly,Suliformes,Sulidae,Sula_leucogaster,1.0
Sorol,Suliformes,Sulidae,Sula_leucogaster,1.0
St_Joseph,Suliformes,Sulidae,Sula_leucogaster,1.0
Starbuck,Suliformes,Sulidae,Sula_leucogaster,1.0
Surprise,Suliformes,Sulidae,Sula_leucogaster,1.0
Suwarrow,Suliformes,Sulidae,Sula_leucogaster,1.0
Swains,Suliformes,Sulidae,Sula_leucogaster,1.0
Tabiteuea,Suliformes,Sulidae,Sula_leucogaster,1.0
Tabuaeran,Suliformes,Sulidae,Sula_leucogaster,1.0
Tahanea,Suliformes,Sulidae,Sula_leucogaster,1.0
Taka,Suliformes,Sulidae,Sula_leucogaster,1.0
Takuu,Suliformes,Sulidae,Sula_leucogaster,1.0
Tekokota,Suliformes,Sulidae,Sula_leucogaster,1.0
Tenararo,Suliformes,Sulidae,Sula_leucogaster,1.0
Teraina,Suliformes,Sulidae,Sula_leucogaster,1.0
Tetiaroa,Suliformes,Sulidae,Sula_leucogaster,1.0
Tikehau,Suliformes,Sulidae,Sula_leucogaster,1.0
Toau,Suliformes,Sulidae,Sula_leucogaster,1.0
Tongareva,Suliformes,Sulidae,Sula_leucogaster,1.0
Ujae,Suliformes,Sulidae,Sula_leucogaster,1.0
Wake,Suliformes,Sulidae,Sula_leucogaster,1.0
Willis,Suliformes,Sulidae,Sula_leucogaster,1.0
Wotho,Suliformes,Sulidae,Sula_leucogaster,1.0
Abariringa,Suliformes,Sulidae,Sula_sula,1.0
Ahe,Suliformes,Sulidae,Sula_sula,1.0
Ahunui,Suliformes,Sulidae,Sula_sula,1.0
Aldabra,Suliformes,Sulidae,Sula_sula,1.0
Ant,Suliformes,Sulidae,Sula_sula,1.0
Anuanurunga,Suliformes,Sulidae,Sula_sula,1.0
Aratika,Suliformes,Sulidae,Sula_sula,1.0
Ashmore,Suliformes,Sulidae,Sula_sula,1.0
Atafu,Suliformes,Sulidae,Sula_sula,1.0
Beautemps-Beaupre,Suliformes,Sulidae,Sula_sula,1.0
Bikar,Suliformes,Sulidae,Sula_sula,1.0
Bikini,Suliformes,Sulidae,Sula_sula,1.0
Birnie,Suliformes,Sulidae,Sula_sula,1.0
Bokaak,Suliformes,Sulidae,Sula_sula,1.0
Butaritari,Suliformes,Sulidae,Sula_sula,1.0
Caroline,Suliformes,Sulidae,Sula_sula,1.0
Cato,Suliformes,Sulidae,Sula_sula,1.0
Chesterfield,Suliformes,Sulidae,Sula_sula,1.0
Clipperton,Suliformes,Sulidae,Sula_sula,1.0
Cosmoledo,Suliformes,Sulidae,Sula_sula,1.0
Diego_Garcia,Suliformes,Sulidae,Sula_sula,1.0
Ducie,Suliformes,Sulidae,Sula_sula,1.0
Egmont,Suliformes,Sulidae,Sula_sula,1.0
Enderbury,Suliformes,Sulidae,Sula_sula,1.0
Eniwetok,Suliformes,Sulidae,Sula_sula,1.0
Erikub,Suliformes,Sulidae,Sula_sula,1.0
Europa,Suliformes,Sulidae,Sula_sula,1.0
Fakaofo,Suliformes,Sulidae,Sula_sula,1.0
Fakarava,Suliformes,Sulidae,Sula_sula,1.0
Fangataufa,Suliformes,Sulidae,Sula_sula,1.0
Farquhar,Suliformes,Sulidae,Sula_sula,1.0
French_Frigate_Shoals,Suliformes,Sulidae,Sula_sula,1.0
Great_Chagos_Bank,Suliformes,Sulidae,Sula_sula,1.0
Hao,Suliformes,Sulidae,Sula_sula,1.0
Helen,Suliformes,Sulidae,Sula_sula,1.0
Hiti,Suliformes,Sulidae,Sula_sula,1.0
Jaluit,Suliformes,Sulidae,Sula_sula,1.0
Jemo,Suliformes,Sulidae,Sula_sula,1.0
Johnston,Suliformes,Sulidae,Sula_sula,1.0
Kapingamarangi,Suliformes,Sulidae,Sula_sula,1.0
Kauehi,Suliformes,Sulidae,Sula_sula,1.0
Kaukura,Suliformes,Sulidae,Sula_sula,1.0
Kiritimati,Suliformes,Sulidae,Sula_sula,1.0
Kure,Suliformes,Sulidae,Sula_sula,1.0
Kwajalein,Suliformes,Sulidae,Sula_sula,1.0
Laysan,Suliformes,Sulidae,Sula_sula,1.0
Lihou,Suliformes,Sulidae,Sula_sula,1.0
Likiep,Suliformes,Sulidae,Sula_sula,1.0
Lisianski,Suliformes,Sulidae,Sula_sula,1.0
Lukunor,Suliformes,Sulidae,Sula_sula,1.0
Majuro,Suliformes,Sulidae,Sula_sula,1.0
Makemo,Suliformes,Sulidae,Sula_sula,1.0
Makin,Suliformes,Sulidae,Sula_sula,1.0
Malden,Suliformes,Sulidae,Sula_sula,1.0
Manihiki,Suliformes,Sulidae,Sula_sula,1.0
Manra,Suliformes,Sulidae,Sula_sula,1.0
Maria,Suliformes,Sulidae,Sula_sula,1.0
Marutea_Sud,Suliformes,Sulidae,Sula_sula,1.0
Mataiva,Suliformes,Sulidae,Sula_sula,1.0
Matureivavao,Suliformes,Sulidae,Sula_sula,1.0
Maupihaa,Suliformes,Sulidae,Sula_sula,1.0
McKean,Suliformes,Sulidae,Sula_sula,1.0
Midway,Suliformes,Sulidae,Sula_sula,1.0
Mili,Suliformes,Sulidae,Sula_sula,1.0
Morane,Suliformes,Sulidae,Sula_sula,1.0
Moruroa,Suliformes,Sulidae,Sula_sula,1.0
Motu_One,Suliformes,Sulidae,Sula_sula,1.0
Motutunga,Suliformes,Sulidae,Sula_sula,1.0
Namu,Suliformes,Sulidae,Sula_sula,1.0
Nengonengo,Suliformes,Sulidae,Sula_sula,1.0
Nikumaroro,Suliformes,Sulidae,Sula_sula,1.0
North_Keeling,Suliformes,Sulidae,Sula_sula,1.0
North_Tubbataha,Suliformes,Sulidae,Sula_sula,1.0
Nukumanu,Suliformes,Sulidae,Sula_sula,1.0
Nukunonu,Suliformes,Sulidae,Sula_sula,1.0
Nukuoro,Suliformes,Sulidae,Sula_sula,1.0
Nukutepipi,Suliformes,Sulidae,Sula_sula,1.0
Nupani,Suliformes,Sulidae,Sula_sula,1.0
Oeno,Suliformes,Sulidae,Sula_sula,1.0
Onotoa,Suliformes,Sulidae,Sula_sula,1.0
Ontong_Java,Suliformes,Sulidae,Sula_sula,1.0
Oroluk,Suliformes,Sulidae,Sula_sula,1.0
Orona,Suliformes,Sulidae,Sula_sula,1.0
Palmyra,Suliformes,Sulidae,Sula_sula,1.0
Paraoa,Suliformes,Sulidae,Sula_sula,1.0
Pearl_and_Hermes,Suliformes,Sulidae,Sula_sula,1.0
Peros_Banhos,Suliformes,Sulidae,Sula_sula,1.0
Pukapuka,Suliformes,Sulidae,Sula_sula,1.0
Puka-Puka,Suliformes,Sulidae,Sula_sula,1.0
Pukarua,Suliformes,Sulidae,Sula_sula,1.0
Qelelevu,Suliformes,Sulidae,Sula_sula,1.0
Rangiroa,Suliformes,Sulidae,Sula_sula,1.0
Raraka,Suliformes,Sulidae,Sula_sula,1.0
Raroia,Suliformes,Sulidae,Sula_sula,1.0
Rawaki,Suliformes,Sulidae,Sula_sula,1.0
Reao,Suliformes,Sulidae,Sula_sula,1.0
Reitoru,Suliformes,Sulidae,Sula_sula,1.0
Rongelap,Suliformes,Sulidae,Sula_sula,1.0
Rongerik,Suliformes,Sulidae,Sula_sula,1.0
Rose,Suliformes,Sulidae,Sula_sula,1.0
Saloman,Suliformes,Sulidae,Sula_sula,1.0
Satawan,Suliformes,Sulidae,Sula_sula,1.0
Scilly,Suliformes,Sulidae,Sula_sula,1.0
Sorol,Suliformes,Sulidae,Sula_sula,1.0
South_Tubbataha,Suliformes,Sulidae,Sula_sula,1.0
Starbuck,Suliformes,Sulidae,Sula_sula,1.0
Surprise,Suliformes,Sulidae,Sula_sula,1.0
Suwarrow,Suliformes,Sulidae,Sula_sula,1.0
Swains,Suliformes,Sulidae,Sula_sula,1.0
Tabiteuea,Suliformes,Sulidae,Sula_sula,1.0
Tabuaeran,Suliformes,Sulidae,Sula_sula,1.0
Tahanea,Suliformes,Sulidae,Sula_sula,1.0
Taiaro,Suliformes,Sulidae,Sula_sula,1.0
Taka,Suliformes,Sulidae,Sula_sula,1.0
Takapoto,Suliformes,Sulidae,Sula_sula,1.0
Takume,Suliformes,Sulidae,Sula_sula,1.0
Takuu,Suliformes,Sulidae,Sula_sula,1.0
Temoe,Suliformes,Sulidae,Sula_sula,1.0
Tenararo,Suliformes,Sulidae,Sula_sula,1.0
Tenaruga,Suliformes,Sulidae,Sula_sula,1.0
Tepoto,Suliformes,Sulidae,Sula_sula,1.0
Teraina,Suliformes,Sulidae,Sula_sula,1.0
Tetiaroa,Suliformes,Sulidae,Sula_sula,1.0
Tikehau,Suliformes,Sulidae,Sula_sula,1.0
Toau,Suliformes,Sulidae,Sula_sula,1.0
Tongareva,Suliformes,Sulidae,Sula_sula,1.0
Tuanake,Suliformes,Sulidae,Sula_sula,1.0
Tupai,Suliformes,Sulidae,Sula_sula,1.0
Ujae,Suliformes,Sulidae,Sula_sula,1.0
Vahanga,Suliformes,Sulidae,Sula_sula,1.0
Vanavana,Suliformes,Sulidae,Sula_sula,1.0
Wake,Suliformes,Sulidae,Sula_sula,1.0
Willis,Suliformes,Sulidae,Sula_sula,1.0
Wotho,Suliformes,Sulidae,Sula_sula,1.0
Ashmore,Pelecaniformes,Ardeidae,Ardea_alba,1.0
Addu,Pelecaniformes,Ardeidae,Ardea_cinerea,1.0
Agatti,Pelecaniformes,Ardeidae,Ardea_cinerea,1.0
Aldabra,Pelecaniformes,Ardeidae,Ardea_cinerea,1.0
Ari,Pelecaniformes,Ardeidae,Ardea_cinerea,1.0
Astove,Pelecaniformes,Ardeidae,Ardea_cinerea,1.0
Bangaram,Pelecaniformes,Ardeidae,Ardea_cinerea,1.0
Cosmoledo,Pelecaniformes,Ardeidae,Ardea_cinerea,1.0
Faadhippolhu,Pelecaniformes,Ardeidae,Ardea_cinerea,1.0
Fasdhuthere,Pelecaniformes,Ardeidae,Ardea_cinerea,1.0
Felidhu,Pelecaniformes,Ardeidae,Ardea_cinerea,1.0
Fuvahmulah,Pelecaniformes,Ardeidae,Ardea_cinerea,1.0
Goidhoo,Pelecaniformes,Ardeidae,Ardea_cinerea,1.0
Haddhunmathi,Pelecaniformes,Ardeidae,Ardea_cinerea,1.0
Huvadhu,Pelecaniformes,Ardeidae,Ardea_cinerea,1.0
Ihavandhippolu,Pelecaniformes,Ardeidae,Ardea_cinerea,1.0
Kolhumadulu,Pelecaniformes,Ardeidae,Ardea_cinerea,1.0
Makunudhoo,Pelecaniformes,Ardeidae,Ardea_cinerea,1.0
Minicoy,Pelecaniformes,Ardeidae,Ardea_cinerea,1.0
Mulaku,Pelecaniformes,Ardeidae,Ardea_cinerea,1.0
North_Maalhosmadulu,Pelecaniformes,Ardeidae,Ardea_cinerea,1.0
North_Nilandhe,Pelecaniformes,Ardeidae,Ardea_cinerea,1.0
Providence,Pelecaniformes,Ardeidae,Ardea_cinerea,1.0
South_Maalhosmadulu,Pelecaniformes,Ardeidae,Ardea_cinerea,1.0
South_Male,Pelecaniformes,Ardeidae,Ardea_cinerea,1.0
South_Nilandhe,Pelecaniformes,Ardeidae,Ardea_cinerea,1.0
Aldabra,Pelecaniformes,Ardeidae,Egretta_garzetta,1.0
Ashmore,Pelecaniformes,Ardeidae,Egretta_garzetta,1.0
Astove,Pelecaniformes,Ardeidae,Egretta_garzetta,1.0
Cosmoledo,Pelecaniformes,Ardeidae,Egretta_garzetta,1.0
Europa,Pelecaniformes,Ardeidae,Egretta_garzetta,1.0
Abemama,Pelecaniformes,Ardeidae,Egretta_sacra,1.0
Ahe,Pelecaniformes,Ardeidae,Egretta_sacra,1.0
Ahunui,Pelecaniformes,Ardeidae,Egretta_sacra,1.0
Ailinginae,Pelecaniformes,Ardeidae,Egretta_sacra,1.0
Ailuk,Pelecaniformes,Ardeidae,Egretta_sacra,1.0
Anaa,Pelecaniformes,Ardeidae,Egretta_sacra,1.0
Ant,Pelecaniformes,Ardeidae,Egretta_sacra,1.0
Anuanuraro,Pelecaniformes,Ardeidae,Egretta_sacra,1.0
Anuanurunga,Pelecaniformes,Ardeidae,Egretta_sacra,1.0
Apataki,Pelecaniformes,Ardeidae,Egretta_sacra,1.0
Aranuka,Pelecaniformes,Ardeidae,Egretta_sacra,1.0
Aratika,Pelecaniformes,Ardeidae,Egretta_sacra,1.0
Arno,Pelecaniformes,Ardeidae,Egretta_sacra,1.0
Arutua,Pelecaniformes,Ardeidae,Egretta_sacra,1.0
Ashmore,Pelecaniformes,Ardeidae,Egretta_sacra,1.0
Atafu,Pelecaniformes,Ardeidae,Egretta_sacra,1.0
Beautemps-Beaupre,Pelecaniformes,Ardeidae,Egretta_sacra,1.0
Beru,Pelecaniformes,Ardeidae,Egretta_sacra,1.0
Bikar,Pelecaniformes,Ardeidae,Egretta_sacra,1.0
Bikini,Pelecaniformes,Ardeidae,Egretta_sacra,1.0
Bokaak,Pelecaniformes,Ardeidae,Egretta_sacra,1.0
Butaritari,Pelecaniformes,Ardeidae,Egretta_sacra,1.0
Caroline,Pelecaniformes,Ardeidae,Egretta_sacra,1.0
Eniwetok,Pelecaniformes,Ardeidae,Egretta_sacra,1.0
Erikub,Pelecaniformes,Ardeidae,Egretta_sacra,1.0
Etal,Pelecaniformes,Ardeidae,Egretta_sacra,1.0
Faaite,Pelecaniformes,Ardeidae,Egretta_sacra,1.0
Fakahina,Pelecaniformes,Ardeidae,Egretta_sacra,1.0
Fakaofo,Pelecaniformes,Ardeidae,Egretta_sacra,1.0
Fakarava,Pelecaniformes,Ardeidae,Egretta_sacra,1.0
Fangatau,Pelecaniformes,Ardeidae,Egretta_sacra,1.0
Fangataufa,Pelecaniformes,Ardeidae,Egretta_sacra,1.0
Hao,Pelecaniformes,Ardeidae,Egretta_sacra,1.0
Haraiki,Pelecaniformes,Ardeidae,Egretta_sacra,1.0
Helen,Pelecaniformes,Ardeidae,Egretta_sacra,1.0
Hereheretue,Pelecaniformes,Ardeidae,Egretta_sacra,1.0
Hiti,Pelecaniformes,Ardeidae,Egretta_sacra,1.0
Jaluit,Pelecaniformes,Ardeidae,Egretta_sacra,1.0
Jemo,Pelecaniformes,Ardeidae,Egretta_sacra,1.0
Kapingamarangi,Pelecaniformes,Ardeidae,Egretta_sacra,1.0
Katiu,Pelecaniformes,Ardeidae,Egretta_sacra,1.0
Kauehi,Pelecaniformes,Ardeidae,Egretta_sacra,1.0
Kaukura,Pelecaniformes,Ardeidae,Egretta_sacra,1.0
Kilinailau,Pelecaniformes,Ardeidae,Egretta_sacra,1.0
Kuria,Pelecaniformes,Ardeidae,Egretta_sacra,1.0
Kwajalein,Pelecaniformes,Ardeidae,Egretta_sacra,1.0
Lae,Pelecaniformes,Ardeidae,Egretta_sacra,1.0
Likiep,Pelecaniformes,Ardeidae,Egretta_sacra,1.0
Losap,Pelecaniformes,Ardeidae,Egretta_sacra,1.0
Lukunor,Pelecaniformes,Ardeidae,Egretta_sacra,1.0
Maiana,Pelecaniformes,Ardeidae,Egretta_sacra,1.0
Majuro,Pelecaniformes,Ardeidae,Egretta_sacra,1.0
Makemo,Pelecaniformes,Ardeidae,Egretta_sacra,1.0
Makin,Pelecaniformes,Ardeidae,Egretta_sacra,1.0
Maloelap,Pelecaniformes,Ardeidae,Egretta_sacra,1.0
Manihi,Pelecaniformes,Ardeidae,Egretta_sacra,1.0
Manuae,Pelecaniformes,Ardeidae,Egretta_sacra,1.0
Manuhangi,Pelecaniformes,Ardeidae,Egretta_sacra,1.0
Marakei,Pelecaniformes,Ardeidae,Egretta_sacra,1.0
Maria,Pelecaniformes,Ardeidae,Egretta_sacra,1.0
Marutea_Sud,Pelecaniformes,Ardeidae,Egretta_sacra,1.0
Mataiva,Pelecaniformes,Ardeidae,Egretta_sacra,1.0
Matureivavao,Pelecaniformes,Ardeidae,Egretta_sacra,1.0
Maupihaa,Pelecaniformes,Ardeidae,Egretta_sacra,1.0
Mili,Pelecaniformes,Ardeidae,Egretta_sacra,1.0
Mokil,Pelecaniformes,Ardeidae,Egretta_sacra,1.0
Moruroa,Pelecaniformes,Ardeidae,Egretta_sacra,1.0
Motu_One,Pelecaniformes,Ardeidae,Egretta_sacra,1.0
Motutunga,Pelecaniformes,Ardeidae,Egretta_sacra,1.0
Namoluk,Pelecaniformes,Ardeidae,Egretta_sacra,1.0
Napuka,Pelecaniformes,Ardeidae,Egretta_sacra,1.0
Nengonengo,Pelecaniformes,Ardeidae,Egretta_sacra,1.0
Ngcheangel,Pelecaniformes,Ardeidae,Egretta_sacra,1.0
Niau,Pelecaniformes,Ardeidae,Egretta_sacra,1.0
Nihiru,Pelecaniformes,Ardeidae,Egretta_sacra,1.0
Nikunau,Pelecaniformes,Ardeidae,Egretta_sacra,1.0
Ninigo,Pelecaniformes,Ardeidae,Egretta_sacra,1.0
Nissan,Pelecaniformes,Ardeidae,Egretta_sacra,1.0
Nonouti,Pelecaniformes,Ardeidae,Egretta_sacra,1.0
North_Keeling,Pelecaniformes,Ardeidae,Egretta_sacra,1.0
North_Tubbataha,Pelecaniformes,Ardeidae,Egretta_sacra,1.0
Nukunonu,Pelecaniformes,Ardeidae,Egretta_sacra,1.0
Nukutepipi,Pelecaniformes,Ardeidae,Egretta_sacra,1.0
Nupani,Pelecaniformes,Ardeidae,Egretta_sacra,1.0
Onotoa,Pelecaniformes,Ardeidae,Egretta_sacra,1.0
Ontong_Java,Pelecaniformes,Ardeidae,Egretta_sacra,1.0
Pakin,Pelecaniformes,Ardeidae,Egretta_sacra,1.0
Palmerston,Pelecaniformes,Ardeidae,Egretta_sacra,1.0
Paraoa,Pelecaniformes,Ardeidae,Egretta_sacra,1.0
Pinaki,Pelecaniformes,Ardeidae,Egretta_sacra,1.0
Pingelap,Pelecaniformes,Ardeidae,Egretta_sacra,1.0
Pinipel,Pelecaniformes,Ardeidae,Egretta_sacra,1.0
Puka-Puka,Pelecaniformes,Ardeidae,Egretta_sacra,1.0
Pukarua,Pelecaniformes,Ardeidae,Egretta_sacra,1.0
Qelelevu,Pelecaniformes,Ardeidae,Egretta_sacra,1.0
Rakahanga,Pelecaniformes,Ardeidae,Egretta_sacra,1.0
Rangiroa,Pelecaniformes,Ardeidae,Egretta_sacra,1.0
Raraka,Pelecaniformes,Ardeidae,Egretta_sacra,1.0
Raroia,Pelecaniformes,Ardeidae,Egretta_sacra,1.0
Reao,Pelecaniformes,Ardeidae,Egretta_sacra,1.0
Reitoru,Pelecaniformes,Ardeidae,Egretta_sacra,1.0
Rongelap,Pelecaniformes,Ardeidae,Egretta_sacra,1.0
Sapwuahfik,Pelecaniformes,Ardeidae,Egretta_sacra,1.0
Satawan,Pelecaniformes,Ardeidae,Egretta_sacra,1.0
Scilly,Pelecaniformes,Ardeidae,Egretta_sacra,1.0
Sikaiana,Pelecaniformes,Ardeidae,Egretta_sacra,1.0
South_Keeling,Pelecaniformes,Ardeidae,Egretta_sacra,1.0
South_Tubbataha,Pelecaniformes,Ardeidae,Egretta_sacra,1.0
Takuu,Pelecaniformes,Ardeidae,Egretta_sacra,1.0
Addu,Pelecaniformes,Ardeidae,Bubulcus_ibis,1.0
Aldabra,Pelecaniformes,Ardeidae,Bubulcus_ibis,1.0
Diego_Garcia,Pelecaniformes,Ardeidae,Bubulcus_ibis,1.0
Egmont,Pelecaniformes,Ardeidae,Bubulcus_ibis,1.0
Farquhar,Pelecaniformes,Ardeidae,Bubulcus_ibis,1.0
Glorioso,Pelecaniformes,Ardeidae,Bubulcus_ibis,1.0
Great_Chagos_Bank,Pelecaniformes,Ardeidae,Bubulcus_ibis,1.0
Peros_Banhos,Pelecaniformes,Ardeidae,Bubulcus_ibis,1.0
Saloman,Pelecaniformes,Ardeidae,Bubulcus_ibis,1.0
Addu,Pelecaniformes,Ardeidae,Ardeola_grayii,1.0
Aldabra,Pelecaniformes,Ardeidae,Ardeola_idae,1.0
Europa,Pelecaniformes,Ardeidae,Ardeola_idae,1.0
Ulithi,Pelecaniformes,Ardeidae,Ardeola_idae,1.0
Addu,Pelecaniformes,Ardeidae,Butorides_striata,1.0
Aldabra,Pelecaniformes,Ardeidae,Butorides_striata,1.0
Ari,Pelecaniformes,Ardeidae,Butorides_striata,1.0
Cosmoledo,Pelecaniformes,Ardeidae,Butorides_striata,1.0
Desroches,Pelecaniformes,Ardeidae,Butorides_striata,1.0
Diego_Garcia,Pelecaniformes,Ardeidae,Butorides_striata,1.0
Egmont,Pelecaniformes,Ardeidae,Butorides_striata,1.0
Faadhippolhu,Pelecaniformes,Ardeidae,Butorides_striata,1.0
Felidhu,Pelecaniformes,Ardeidae,Butorides_striata,1.0
Fuvahmulah,Pelecaniformes,Ardeidae,Butorides_striata,1.0
Great_Chagos_Bank,Pelecaniformes,Ardeidae,Butorides_striata,1.0
Haddhunmathi,Pelecaniformes,Ardeidae,Butorides_striata,1.0
Huvadhu,Pelecaniformes,Ardeidae,Butorides_striata,1.0
Ihavandhippolu,Pelecaniformes,Ardeidae,Butorides_striata,1.0
Kolhumadulu,Pelecaniformes,Ardeidae,Butorides_striata,1.0
Makunudhoo,Pelecaniformes,Ardeidae,Butorides_striata,1.0
Mulaku,Pelecaniformes,Ardeidae,Butorides_striata,1.0
North_Maalhosmadulu,Pelecaniformes,Ardeidae,Butorides_striata,1.0
North_Nilandhe,Pelecaniformes,Ardeidae,Butorides_striata,1.0
North_Tubbataha,Pelecaniformes,Ardeidae,Butorides_striata,1.0
Peros_Banhos,Pelecaniformes,Ardeidae,Butorides_striata,1.0
Saloman,Pelecaniformes,Ardeidae,Butorides_striata,1.0
South_Male,Pelecaniformes,Ardeidae,Butorides_striata,1.0
South_Nilandhe,Pelecaniformes,Ardeidae,Butorides_striata,1.0
South_Tubbataha,Pelecaniformes,Ardeidae,Butorides_striata,1.0
Fuvahmulah,Pelecaniformes,Ardeidae,Botaurus_cinnamomeus,1.0
South_Nilandhe,Pelecaniformes,Ardeidae,Botaurus_cinnamomeus,1.0
Fuvahmulah,Pelecaniformes,Ardeidae,Botaurus_sinensis,1.0
Ashmore,Pelecaniformes,Ardeidae,Nycticorax_caledonicus,1.0
Nissan,Pelecaniformes,Ardeidae,Nycticorax_caledonicus,1.0
Aldabra,Pelecaniformes,Threskiornithidae,Threskiornis_aethiopica,1.0
Motu_One,Coraciiformes,Alcedinidae,Todiramphus_gambieri,1.0
Niau,Coraciiformes,Alcedinidae,Todiramphus_gambieri,-1.0
Rangiroa,Coraciiformes,Alcedinidae,Todiramphus_gambieri,1.0
Scilly,Coraciiformes,Alcedinidae,Todiramphus_gambieri,1.0
Ant,Coraciiformes,Alcedinidae,Todiramphus_reichenbachii,1.0
Nissan,Coraciiformes,Alcedinidae,Todiramphus_reichenbachii,-1.0
Ontong_Java,Coraciiformes,Alcedinidae,Todiramphus_reichenbachii,1.0
Beautemps-Beaupre,Coraciiformes,Alcedinidae,Todiramphus_sanctus,1.0
Namoluk,Coraciiformes,Alcedinidae,Todiramphus_sanctus,-1.0
Helen,Coraciiformes,Alcedinidae,Todiramphus_chloris,1.0
Ninigo,Coraciiformes,Alcedinidae,Todiramphus_chloris,1.0
Nissan,Coraciiformes,Alcedinidae,Todiramphus_chloris,1.0
Pinipel,Coraciiformes,Alcedinidae,Todiramphus_chloris,1.0
Kilinailau,Coraciiformes,Alcedinidae,Todiramphus_saurophagus,1.0
Loraine_Anobat,Coraciiformes,Alcedinidae,Todiramphus_saurophagus,1.0
Pakin,Coraciiformes,Alcedinidae,Todiramphus_saurophagus,1.0
Sapwuahfik,Coraciiformes,Alcedinidae,Todiramphus_saurophagus,1.0
Satawan,Coraciiformes,Alcedinidae,Todiramphus_saurophagus,1.0
Namoluk,Coraciiformes,Alcedinidae,Todiramphus_cinnamominus,1.0
Nupani,Coraciiformes,Alcedinidae,Todiramphus_cinnamominus,1.0
Addu,Accipitriformes,Accipitridae,Elanus_caeruleus,1.0
Fuvahmulah,Accipitriformes,Accipitridae,Elanus_caeruleus,1.0
Huvadhu,Accipitriformes,Accipitridae,Elanus_caeruleus,1.0
Kavaratti,Accipitriformes,Accipitridae,Elanus_caeruleus,1.0
Ninigo,Accipitriformes,Accipitridae,Elanus_caeruleus,1.0
Aldabra,Falconiformes,Falconidae,Falco_newtoni,1.0
Qelelevu,Falconiformes,Falconidae,Falco_newtoni,1.0
Kiritimati,Psittaciformes,Psittaculidae,Vini_kuhlii,1.0
Manuae,Psittaciformes,Psittaculidae,Vini_kuhlii,-1.0
Ahe,Psittaciformes,Psittaculidae,Vini_peruviana,-1.0
Apataki,Psittaciformes,Psittaculidae,Vini_peruviana,1.0
Arutua,Psittaciformes,Psittaculidae,Vini_peruviana,1.0
Faaite,Psittaciformes,Psittaculidae,Vini_peruviana,-1.0
Kaukura,Psittaciformes,Psittaculidae,Vini_peruviana,1.0
Maupihaa,Psittaciformes,Psittaculidae,Vini_peruviana,1.0
Ninigo,Psittaciformes,Psittaculidae,Chalcopsitta_cardinalis,1.0
Nissan,Psittaciformes,Psittaculidae,Chalcopsitta_cardinalis,1.0
Nukumanu,Psittaciformes,Psittaculidae,Chalcopsitta_cardinalis,1.0
Ontong_Java,Psittaciformes,Psittaculidae,Chalcopsitta_cardinalis,1.0
Pinipel,Psittaciformes,Psittaculidae,Chalcopsitta_cardinalis,1.0
Sikaiana,Psittaciformes,Psittaculidae,Chalcopsitta_cardinalis,1.0
Ant,Psittaciformes,Psittaculidae,Trichoglossus_rubiginosus,1.0
Loraine_Anobat,Psittaciformes,Psittaculidae,Trichoglossus_haematodus,1.0
Mulaku,Psittaciformes,Psittaculidae,Trichoglossus_haematodus,1.0
North_Maalhosmadulu,Psittaciformes,Psittaculidae,Trichoglossus_haematodus,1.0
North_Male,Psittaciformes,Psittaculidae,Trichoglossus_haematodus,1.0
North_Nilandhe,Psittaciformes,Psittaculidae,Trichoglossus_haematodus,1.0
Rasdhoo,Psittaciformes,Psittaculidae,Trichoglossus_haematodus,1.0
South_Maalhosmadulu,Psittaciformes,Psittaculidae,Trichoglossus_haematodus,1.0
South_Male,Psittaciformes,Psittaculidae,Trichoglossus_haematodus,1.0
South_Nilandhe,Psittaciformes,Psittaculidae,Trichoglossus_haematodus,1.0
Ant,Passeriformes,Meliphagidae,Myzomela_rubratra,1.0
Etal,Passeriformes,Meliphagidae,Myzomela_rubratra,1.0
Losap,Passeriformes,Meliphagidae,Myzomela_rubratra,1.0
Lukunor,Passeriformes,Meliphagidae,Myzomela_rubratra,1.0
Loraine_Anobat,Passeriformes,Meliphagidae,Myzomela_pammelaena,1.0
Namoluk,Passeriformes,Meliphagidae,Myzomela_pammelaena,1.0
Pakin,Passeriformes,Meliphagidae,Myzomela_pammelaena,1.0
Sapwuahfik,Passeriformes,Meliphagidae,Myzomela_pammelaena,1.0
Satawan,Passeriformes,Meliphagidae,Myzomela_pammelaena,1.0
Beautemps-Beaupre,Passeriformes,Meliphagidae,Lichmera_incana,1.0
Moruroa,Passeriformes,Meliphagidae,Lichmera_incana,-1.0
Motutunga,Passeriformes,Meliphagidae,Lichmera_incana,1.0
Napuka,Passeriformes,Meliphagidae,Lichmera_incana,1.0
Nengonengo,Passeriformes,Meliphagidae,Lichmera_incana,1.0
Niau,Passeriformes,Meliphagidae,Lichmera_incana,1.0
Nihiru,Passeriformes,Meliphagidae,Lichmera_incana,1.0
Paraoa,Passeriformes,Meliphagidae,Lichmera_incana,1.0
Pinaki,Passeriformes,Meliphagidae,Lichmera_incana,1.0
Puka-Puka,Passeriformes,Meliphagidae,Lichmera_incana,-1.0
Pukarua,Passeriformes,Meliphagidae,Lichmera_incana,1.0
Rangiroa,Passeriformes,Meliphagidae,Lichmera_incana,1.0
Raraka,Passeriformes,Meliphagidae,Lichmera_incana,1.0
Raroia,Passeriformes,Meliphagidae,Lichmera_incana,1.0
Reitoru,Passeriformes,Meliphagidae,Lichmera_incana,1.0
Loraine_Anobat,Passeriformes,Rhipiduridae,Rhipidura_semirubra,1.0
Aldabra,Passeriformes,Dicruridae,Dicrurus_aldabranus,1.0
Kilinailau,Passeriformes,Monarchidae,Monarcha_cinerascens,1.0
Loraine_Anobat,Passeriformes,Monarchidae,Monarcha_cinerascens,1.0
Beautemps-Beaupre,Passeriformes,Monarchidae,Myiagra_caledonica,1.0
Addu,Passeriformes,Corvidae,Corvus_splendens,1.0
Ari,Passeriformes,Corvidae,Corvus_splendens,1.0
Faadhippolhu,Passeriformes,Corvidae,Corvus_splendens,1.0
Fasdhuthere,Passeriformes,Corvidae,Corvus_splendens,1.0
Felidhu,Passeriformes,Corvidae,Corvus_splendens,1.0
Fuvahmulah,Passeriformes,Corvidae,Corvus_splendens,1.0
Gaafaru,Passeriformes,Corvidae,Corvus_splendens,1.0
Goidhoo,Passeriformes,Corvidae,Corvus_splendens,1.0
Haddhunmathi,Passeriformes,Corvidae,Corvus_splendens,1.0
Huvadhu,Passeriformes,Corvidae,Corvus_splendens,1.0
Ihavandhippolu,Passeriformes,Corvidae,Corvus_splendens,1.0
Kaashidhoo,Passeriformes,Corvidae,Corvus_splendens,1.0
Kademat,Passeriformes,Corvidae,Corvus_splendens,1.0
Kolhumadulu,Passeriformes,Corvidae,Corvus_splendens,1.0
Makunudhoo,Passeriformes,Corvidae,Corvus_splendens,1.0
Aldabra,Passeriformes,Corvidae,Corvus_albus,1.0
Astove,Passeriformes,Corvidae,Corvus_albus,1.0
Cosmoledo,Passeriformes,Corvidae,Corvus_albus,1.0
Europa,Passeriformes,Corvidae,Corvus_albus,1.0
Glorioso,Passeriformes,Corvidae,Corvus_albus,1.0
Astove,Passeriformes,Cisticolidae,Cisticola_cherina,1.0
Cosmoledo,Passeriformes,Cisticolidae,Cisticola_cherina,1.0
Glorioso,Passeriformes,Cisticolidae,Cisticola_cherina,1.0
Ant,Passeriformes,Acrocephalidae,Acrocephalus_syrinx,1.0
Etal,Passeriformes,Acrocephalidae,Acrocephalus_syrinx,1.0
Jaluit,Passeriformes,Acrocephalidae,Acrocephalus_syrinx,-1.0
Losap,Passeriformes,Acrocephalidae,Acrocephalus_syrinx,1.0
Lukunor,Passeriformes,Acrocephalidae,Acrocephalus_syrinx,1.0
Majuro,Passeriformes,Acrocephalidae,Acrocephalus_syrinx,-1.0
Nissan,Passeriformes,Acrocephalidae,Acrocephalus_syrinx,1.0
Kiritimati,Passeriformes,Acrocephalidae,Acrocephalus_aequinoctialis,1.0
Ahe,Passeriformes,Acrocephalidae,Acrocephalus_atyphus,1.0
Ahunui,Passeriformes,Acrocephalidae,Acrocephalus_atyphus,1.0
Anaa,Passeriformes,Acrocephalidae,Acrocephalus_atyphus,1.0
Anuanuraro,Passeriformes,Acrocephalidae,Acrocephalus_atyphus,1.0
Anuanurunga,Passeriformes,Acrocephalidae,Acrocephalus_atyphus,1.0
Apataki,Passeriformes,Acrocephalidae,Acrocephalus_atyphus,1.0
Aratika,Passeriformes,Acrocephalidae,Acrocephalus_atyphus,1.0
Arutua,Passeriformes,Acrocephalidae,Acrocephalus_atyphus,1.0
Faaite,Passeriformes,Acrocephalidae,Acrocephalus_atyphus,1.0
Fakahina,Passeriformes,Acrocephalidae,Acrocephalus_atyphus,1.0
Fakarava,Passeriformes,Acrocephalidae,Acrocephalus_atyphus,1.0
Fangatau,Passeriformes,Acrocephalidae,Acrocephalus_atyphus,1.0
Fangataufa,Passeriformes,Acrocephalidae,Acrocephalus_atyphus,-1.0
Hao,Passeriformes,Acrocephalidae,Acrocephalus_atyphus,1.0
Haraiki,Passeriformes,Acrocephalidae,Acrocephalus_atyphus,1.0
Hereheretue,Passeriformes,Acrocephalidae,Acrocephalus_atyphus,1.0
Hiti,Passeriformes,Acrocephalidae,Acrocephalus_atyphus,1.0
Katiu,Passeriformes,Acrocephalidae,Acrocephalus_atyphus,1.0
Kauehi,Passeriformes,Acrocephalidae,Acrocephalus_atyphus,1.0
Kaukura,Passeriformes,Acrocephalidae,Acrocephalus_atyphus,1.0
Makemo,Passeriformes,Acrocephalidae,Acrocephalus_atyphus,1.0
Manihi,Passeriformes,Acrocephalidae,Acrocephalus_atyphus,1.0
Manuhangi,Passeriformes,Acrocephalidae,Acrocephalus_atyphus,1.0
Marutea_Sud,Passeriformes,Acrocephalidae,Acrocephalus_atyphus,-1.0
Mataiva,Passeriformes,Acrocephalidae,Acrocephalus_atyphus,1.0
Nissan,Passeriformes,Acrocephalidae,Acrocephalus_atyphus,1.0
Laysan,Passeriformes,Acrocephalidae,Acrocephalus_familiaris,-1.0
Ninigo,Passeriformes,Acrocephalidae,Acrocephalus_familiaris,1.0
Nissan,Passeriformes,Acrocephalidae,Acrocephalus_familiaris,1.0
Ontong_Java,Passeriformes,Acrocephalidae,Acrocephalus_familiaris,1.0
Pinipel,Passeriformes,Acrocephalidae,Acrocephalus_familiaris,1.0
Aldabra,Passeriformes,Acrocephalidae,Nesillas_aldabrana,-2.0
Ninigo,Passeriformes,Acrocephalidae,Nesillas_aldabrana,1.0
Aldabra,Passeriformes,Pycnonotidae,Hypsipetes_madagascariensis,1.0
Astove,Passeriformes,Pycnonotidae,Hypsipetes_madagascariensis,-1.0
Cosmoledo,Passeriformes,Pycnonotidae,Hypsipetes_madagascariensis,-1.0
Glorioso,Passeriformes,Pycnonotidae,Hypsipetes_madagascariensis,1.0
Nukumbasanga,Passeriformes,Pycnonotidae,Hypsipetes_madagascariensis,1.0
Nupani,Passeriformes,Pycnonotidae,Hypsipetes_madagascariensis,1.0
Qelelevu,Passeriformes,Pycnonotidae,Hypsipetes_madagascariensis,1.0
Agatti,Passeriformes,Zosteropidae,Zosterops_palpebrosus,1.0
Bangaram,Passeriformes,Zosteropidae,Zosterops_palpebrosus,1.0
Bitra_Par,Passeriformes,Zosteropidae,Zosterops_palpebrosus,1.0
Kademat,Passeriformes,Zosteropidae,Zosterops_palpebrosus,1.0
Kavaratti,Passeriformes,Zosteropidae,Zosterops_palpebrosus,1.0
Mokil,Passeriformes,Zosteropidae,Zosterops_palpebrosus,1.0
Namoluk,Passeriformes,Zosteropidae,Zosterops_palpebrosus,1.0
Ngcheangel,Passeriformes,Zosteropidae,Zosterops_palpebrosus,1.0
Oroluk,Passeriformes,Zosteropidae,Zosterops_palpebrosus,1.0
Pakin,Passeriformes,Zosteropidae,Zosterops_palpebrosus,1.0
Sapwuahfik,Passeriformes,Zosteropidae,Zosterops_palpebrosus,1.0
Satawan,Passeriformes,Zosteropidae,Zosterops_palpebrosus,1.0
Astove,Passeriformes,Zosteropidae,Zosterops_maderaspatanus,1.0
Cosmoledo,Passeriformes,Zosteropidae,Zosterops_maderaspatanus,1.0
Europa,Passeriformes,Zosteropidae,Zosterops_maderaspatanus,1.0
Glorioso,Passeriformes,Zosteropidae,Zosterops_maderaspatanus,1.0
Aldabra,Passeriformes,Zosteropidae,Zosterops_aldabrensis,1.0
Beautemps-Beaupre,Passeriformes,Zosteropidae,Zosterops_lateralis,1.0
Pearl_and_Hermes,Passeriformes,Zosteropidae,Zosterops_lateralis,1.0
Laysan,Passeriformes,Fringillidae,Himatione_fraithii,-2.0
Kilinailau,Passeriformes,Sturnidae,Aplonis_feadensis,1.0
Loraine_Anobat,Passeriformes,Sturnidae,Aplonis_cantoroides,1.0
Ant,Passeriformes,Sturnidae,Aplonis_opaca,1.0
Etal,Passeriformes,Sturnidae,Aplonis_opaca,1.0
Kapingamarangi,Passeriformes,Sturnidae,Aplonis_opaca,1.0
Losap,Passeriformes,Sturnidae,Aplonis_opaca,1.0
Lukunor,Passeriformes,Sturnidae,Aplonis_opaca,1.0
Aldabra,Passeriformes,Nectariniidae,Cinnyris_sovimanga,1.0
Astove,Passeriformes,Nectariniidae,Cinnyris_sovimanga,1.0
Cosmoledo,Passeriformes,Nectariniidae,Cinnyris_sovimanga,1.0
Glorioso,Passeriformes,Nectariniidae,Cinnyris_sovimanga,1.0
Aldabra,Passeriformes,Ploceidae,Foudia_aldabrana,1.0
Cosmoledo,Passeriformes,Ploceidae,Foudia_aldabrana,-1.0
Laysan,Passeriformes,Fringillidae,Telespiza_cantans,1.0
