Species,atoll,reference,Order,Family
Carabodes sp.,Kure,"Butler, G.D., & Usinger, R.L. (1963) Insects and other arthropods from Kure Island, Theobald, F.V. (1913) Culicidae from New Caledonia and the Loyalty Islands",Sarcoptiformes,Carabodidae
"Epilohmannia cylindrica (Berlese, 1904)",Nukunonu,"Hickley, A.D. (1969) Ecology of terrestrial arthropods of the Tokelau atolls",Sarcoptiformes,Epilohmanniidae
Pergalumna sp.,Kure,"Butler, G.D., & Usinger, R.L. (1963) Insects and other arthropods from Kure Island",Sarcoptiformes,Galumnidae
"Hermannia foliata (Hammer, 1966)",Nukunonu,"Hickley, A.D. (1969) Ecology of terrestrial arthropods of the Tokelau atolls",Sarcoptiformes,Hermanniidae
"Neoliodes lamellatus (Rainbow, 1897)",Funafuti,"Hedley, C. (1900) The atoll of Funafuti, Ellice Group - its zoology, botany, ethnology, and general structure",Sarcoptiformes,Neoliodidae
"Hoplophorella rangiroaensis (Hammer, 1972)",Rangiroa,"Benton, T.G., & Lehtinen, P.T. (1995) Biodiversity and origin of the non-flying terrestrial arthropods of Henderson Island",Sarcoptiformes,Phthiracaridae
"Scheloribates frimbriatus (Thor, 1930)",Clipperton,"Sachet, M.-H. (1962) Geography and land ecology of Clipperton Island",Sarcoptiformes,Scheloribatidae
"Scheloribates frimbriatus (Thor, 1930)",Laysan,"Butler, G.D., & Usinger, R.L. (1963) Insects and other invertebrates from Laysan Island",Sarcoptiformes,Scheloribatidae
"Scheloribates indicus (Oudemans, 1915)",Clipperton,"Sachet, M.-H. (1962) Geography and land ecology of Clipperton Island",Sarcoptiformes,Scheloribatidae
"Scheloribates indicus (Oudemans, 1915)",Takapoto,"Rivière, F. (1979) La vie animale terrestre à Takapoto",Sarcoptiformes,Scheloribatidae
"Bdellodes longirostris (Hermann, 1804)",Kure,"Butler, G.D., & Usinger, R.L. (1963) Insects and other arthropods from Kure Island",Trombidiformes,Bdellidae
"Aceria guerreronis (Keifer, 1965)",Kavaratti,"Selvaraj, K., Sumalatha, B.V., & Sundararaj, R. (2020) First record of four whiteflies (Hemiptera: Aleyrodidae) in Lakshadweep Islands, India",Trombidiformes,Eriophyidae
Calorema sp.,Kwajalein,"Sugerman, B.B. (1972) Insects and other arthropods from Kwajalein atoll (Marshall Islands)",Trombidiformes,Smarididae
"Brevipalpus obovatus (Donnadieu, 1875)",Kure,"Butler, G.D., & Usinger, R.L. (1963) Insects and other arthropods from Kure Island",Trombidiformes,Tenuipalpidae
"Brevipalpus obovatus (Donnadieu, 1875)",Laysan,"Butler, G.D. (1961) Insects and other arthropods from Laysan Island",Trombidiformes,Tenuipalpidae
"Tetranychus neocaledonicus (André, 1933)",Kure,"Butler, G.D., & Usinger, R.L. (1963) Insects and other arthropods from Kure Island",Trombidiformes,Tetranychidae
"Tetranychus tumidus (Banks, 1900)",Kwajalein,"Sugerman, B.B. (1972) Insects and other arthropods from Kwajalein atoll (Marshall Islands)",Trombidiformes,Tetranychidae
"Tetranychus urticae (Koch, 1836)",Kure,"Butler, G.D., & Usinger, R.L. (1963) Insects and other arthropods from Kure Island",Trombidiformes,Tetranychidae
"Tetranychus urticae (Koch, 1836)",Kwajalein,"Sugerman, B.B. (1979) Additions to the list of insects and other arthropods from Kwajalein atoll (Marshall Islands)",Trombidiformes,Tetranychidae
Tetranychus sp.,Rangiroa,"Cocherau, P. (1966) Compte rendu d'une mission d'inventaire faunistique aux îles Gambier et Tuamotu (Avril - Mai 1966)",Trombidiformes,Tetranychidae
"Asca quinquesetosa (Wharton, 1941)",Clipperton,"Sachet, M.-H. (1962) Geography and land ecology of Clipperton Island",Mesostigmata,Ascidae
Proctolaelaps sp.,Nukunonu,"Hickley, A.D. (1969) Ecology of terrestrial arthropods of the Tokelau atolls",Mesostigmata,Ascidae
Fuscuropoda sp.,Clipperton,"Sachet, M.-H. (1962) Geography and land ecology of Clipperton Island",Mesostigmata,Dinychidae
Cosmolaelaps sp.,Clipperton,"Sachet, M.-H. (1962) Geography and land ecology of Clipperton Island",Mesostigmata,Laelapidae
"Echinolaelaps echidninus (Berlese, 1887)",Arno,"Wilson, N. (1967) Insects of Micronesia - Acarina: Mesostigmata - Dermanyssidae, Laelapidae, Spinturnicidae, parasitic on vertebrates",Mesostigmata,Laelapidae
"Echinolaelaps echidninus (Berlese, 1887)",Majuro,"Wilson, N. (1967) Insects of Micronesia - Acarina: Mesostigmata - Dermanyssidae, Laelapidae, Spinturnicidae, parasitic on vertebrates",Mesostigmata,Laelapidae
"Echinolaelaps echidninus (Berlese, 1887)",Rose,"Kami, K.S., & Miller, S.E. (1998) Samoan insects and related arthropods: checklist and bibliography",Mesostigmata,Laelapidae
"Echinolaelaps echidninus (Berlese, 1887)",Takapoto,"Rivière, F. (1979) La vie animale terrestre à Takapoto",Mesostigmata,Laelapidae
Hypoaspis sp.,Clipperton,"Sachet, M.-H. (1962) Geography and land ecology of Clipperton Island",Mesostigmata,Laelapidae
"Laelaps hawaiiensis (Ewing, 1924)",Abariringa,"van Zwaluwenburg, R.H. (1955) The insects and certain other arthropods of Canton Island",Mesostigmata,Laelapidae
"Laelaps hawaiiensis (Ewing, 1924)",Takapoto,"Rivière, F. (1979) La vie animale terrestre à Takapoto",Mesostigmata,Laelapidae
"Laelaps nuttalli (Hirst, 1916)",Arno,"Wilson, N. (1967) Insects of Micronesia - Acarina: Mesostigmata - Dermanyssidae, Laelapidae, Spinturnicidae, parasitic on vertebrates",Mesostigmata,Laelapidae
"Laelaps nuttalli (Hirst, 1916)",Kwajalein,"Wilson, N. (1967) Insects of Micronesia - Acarina: Mesostigmata - Dermanyssidae, Laelapidae, Spinturnicidae, parasitic on vertebrates",Mesostigmata,Laelapidae
"Laelaps nuttalli (Hirst, 1916)",Majuro,"Wilson, N. (1967) Insects of Micronesia - Acarina: Mesostigmata - Dermanyssidae, Laelapidae, Spinturnicidae, parasitic on vertebrates",Mesostigmata,Laelapidae
"Laelaps nuttalli (Hirst, 1916)",Rose,"Kami, K.S., & Miller, S.E. (1998) Samoan insects and related arthropods: checklist and bibliography",Mesostigmata,Laelapidae
"Glyptholaspis asperrima (Berlese, 1905)",Arno,"Krantz, G.W. (1967) Insects of Micronesia - Mesostigmata - Macrochelidae",Mesostigmata,Macrochelidae
Ornithonyssus sp.,Eniwetok,"Samuelson, G.A., & Nishida, G.M. (1987) Insects and allies (arthropods) of Enewetak atoll",Mesostigmata,Macronyssidae
Gamasiphis sp.,Laysan,"Butler, G.D., & Usinger, R.L. (1963) Insects and other invertebrates from Laysan Island",Mesostigmata,Ologamasidae
"Onchodellus roosevelti (Wharton, 1941)",Clipperton,"Sachet, M.-H. (1962) Geography and land ecology of Clipperton Island",Mesostigmata,Pachylaelapidae
"Amblyseius caudatus (Berlese, 1914)",Nukunonu,"Hickley, A.D. (1969) Ecology of terrestrial arthropods of the Tokelau atolls",Mesostigmata,Phytoseiidae
"Amblyseius largoensis (Muma, 1955)",Kure,"Butler, G.D., & Usinger, R.L. (1963) Insects and other arthropods from Kure Island",Mesostigmata,Phytoseiidae
"Amblyseius largoensis (Muma, 1955)",Laysan,"Butler, G.D., & Usinger, R.L. (1963) Insects and other invertebrates from Laysan Island",Mesostigmata,Phytoseiidae
Uropoda sp.,Clipperton,"Sachet, M.-H. (1962) Geography and land ecology of Clipperton Island",Mesostigmata,Uropodidae
"Amblyomma breviscutatum (Neumann, 1899)",Ant,"Kohls, G.M. (1957) Insects of Micronesia - Acarina: Ixodoidea",Ixodida,Ixodidae
"Rhipicephalus sanguineus (Latreille, 1806)",Kwajalein,"Sugerman, B.B. (1972) Insects and other arthropods from Kwajalein atoll (Marshall Islands)",Ixodida,Ixodidae
"Rhipicephalus sanguineus (Latreille, 1806)",Onotoa,"Kohls, G.M. (1957) Insects of Micronesia - Acarina: Ixodoidea",Ixodida,Ixodidae
"Buthus brevicaudatus (Rainbow, 1897)",Funafuti,"Hedley, C. (1900) The atoll of Funafuti, Ellice Group - its zoology, botany, ethnology, and general structure",Scorpiones,Buthidae
"Buthus brevicaudatus (Rainbow, 1897)",Kapingamarangi,"Sachet, M.-H. (1953) Scorpions on coral atolls",Scorpiones,Buthidae
"Buthus brevicaudatus (Rainbow, 1897)",Onotoa,"Sachet, M.-H. (1953) Scorpions on coral atolls",Scorpiones,Buthidae
"Isometrus maculatus (DeGeer, 1778)",Abariringa,"van Zwaluwenburg, R.H. (1955) The insects and certain other arthropods of Canton Island",Scorpiones,Buthidae
"Isometrus maculatus (DeGeer, 1778)",Aldabra,"Hirst, S. (1913) No. II - Second report on the Arachnida - The scorpions, Pedipalpi, and supplementary notes on the Opiliones and Pseudoscorpiones",Scorpiones,Buthidae
"Isometrus maculatus (DeGeer, 1778)",Astove,"Hirst, S. (1913) No. II - Second report on the Arachnida - The scorpions, Pedipalpi, and supplementary notes on the Opiliones and Pseudoscorpiones",Scorpiones,Buthidae
"Isometrus maculatus (DeGeer, 1778)",South Keeling,"Wood-Jones, F. (1909) The fauna of the Cocos-Keeling Atoll, collected by F. Wood-Jones",Scorpiones,Buthidae
"Isometrus maculatus (DeGeer, 1778)",Kwajalein,"Sugerman, B.B. (1972) Insects and other arthropods from Kwajalein atoll (Marshall Islands)",Scorpiones,Buthidae
"Isometrus maculatus (DeGeer, 1778)",Midway,"Suehiro, A. (1960) Insects and other arthropods from Midway atoll",Scorpiones,Buthidae
"Isometrus maculatus (DeGeer, 1778)",Nukunonu,"Hickley, A.D. (1969) Ecology of terrestrial arthropods of the Tokelau atolls",Scorpiones,Buthidae
"Isometrus maculatus (DeGeer, 1778)",Onotoa,"Chapin, E.A. (1957) Insects of Micronesia - Scorpionida",Scorpiones,Buthidae
"Lychas scutilus (C.L.Koch, 1845)",South Keeling,"Sachet, M.-H. (1953) Scorpions on coral atolls",Scorpiones,Buthidae
"Liocheles australasiae (Fabricius, 1775)",Ailuk,"Sachet, M.-H. (1953) Scorpions on coral atolls",Scorpiones,Hormuridae
"Liocheles australasiae (Fabricius, 1775)",Arno,"Sachet, M.-H. (1953) Scorpions on coral atolls",Scorpiones,Hormuridae
"Liocheles australasiae (Fabricius, 1775)",Bikini,"Sachet, M.-H. (1953) Scorpions on coral atolls",Scorpiones,Hormuridae
"Liocheles australasiae (Fabricius, 1775)",Eniwetok,"Samuelson, G.A., & Nishida, G.M. (1987) Insects and allies (arthropods) of Enewetak atoll",Scorpiones,Hormuridae
"Liocheles australasiae (Fabricius, 1775)",Funafuti,"Hedley, C. (1900) The atoll of Funafuti, Ellice Group - its zoology, botany, ethnology, and general structure",Scorpiones,Hormuridae
"Liocheles australasiae (Fabricius, 1775)",Kapingamarangi,"Sachet, M.-H. (1953) Scorpions on coral atolls",Scorpiones,Hormuridae
"Liocheles australasiae (Fabricius, 1775)",Lae,"Sachet, M.-H. (1953) Scorpions on coral atolls",Scorpiones,Hormuridae
"Liocheles australasiae (Fabricius, 1775)",Takapoto,"Rivière, F. (1979) La vie animale terrestre à Takapoto",Scorpiones,Hormuridae
"Liocheles australasiae (Fabricius, 1775)",Ujae,"Sachet, M.-H. (1953) Scorpions on coral atolls",Scorpiones,Hormuridae
"Liocheles australasiae (Fabricius, 1775)",Ulithi,"Chapin, E.A. (1957) Insects of Micronesia - Scorpionida",Scorpiones,Hormuridae
"Liocheles australasiae (Fabricius, 1775)",Wotho,"Sachet, M.-H. (1953) Scorpions on coral atolls",Scorpiones,Hormuridae
"Oratemnus samoanus (Beier, 1932)",Ailuk,"Beier, M. (1957) Insects of Micronesia - Pseudoscorpionida",Pseudoscorpiones,Atemnidae
"Oratemnus samoanus (Beier, 1932)",Eniwetok,"Beier, M. (1957) Insects of Micronesia - Pseudoscorpionida",Pseudoscorpiones,Atemnidae
"Oratemnus samoanus (Beier, 1932)",Likiep,"Beier, M. (1957) Insects of Micronesia - Pseudoscorpionida",Pseudoscorpiones,Atemnidae
"Oratemnus samoanus (Beier, 1932)",Pokak,"Beier, M. (1957) Insects of Micronesia - Pseudoscorpionida",Pseudoscorpiones,Atemnidae
"Oratemnus samoanus (Beier, 1932)",Taka,"Beier, M. (1957) Insects of Micronesia - Pseudoscorpionida",Pseudoscorpiones,Atemnidae
"Oratemnus samoanus (Beier, 1932)",Wotho,"Beier, M. (1957) Insects of Micronesia - Pseudoscorpionida",Pseudoscorpiones,Atemnidae
"Haplochernes insulanus (Beier, 1957)",Eniwetok,"Beier, M. (1957) Insects of Micronesia - Pseudoscorpionida",Pseudoscorpiones,Chernetidae
"Nesidiochernes maculatus (Beier, 1957)",Arno,"Beier, M. (1957) Insects of Micronesia - Pseudoscorpionida",Pseudoscorpiones,Chernetidae
"Nesidiochernes maculatus (Beier, 1957)",Taka,"Beier, M. (1957) Insects of Micronesia - Pseudoscorpionida",Pseudoscorpiones,Chernetidae
"Smeringochernes yapensis (Beier, 1957)",Ulithi,"Beier, M. (1957) Insects of Micronesia - Pseudoscorpionida",Pseudoscorpiones,Chernetidae
"Verrucachernes oca (Chamberlin, 1947)",Arno,"Beier, M. (1957) Insects of Micronesia - Pseudoscorpionida",Pseudoscorpiones,Chernetidae
"Verrucachernes oca (Chamberlin, 1947)",Ujae,"Beier, M. (1957) Insects of Micronesia - Pseudoscorpionida",Pseudoscorpiones,Chernetidae
"Lechytia sakagamii (Morikawa, 1952)",Eniwetok,"Beier, M. (1957) Insects of Micronesia - Pseudoscorpionida",Pseudoscorpiones,Chthoniidae
"Lechytia sakagamii (Morikawa, 1952)",Midway,"Nishida, G.M. & Beardsley, J.W. (2002) A review of the insects and related arthropods of Midway atoll",Pseudoscorpiones,Chthoniidae
"Lechytia sakagamii (Morikawa, 1952)",Taka,"Beier, M. (1957) Insects of Micronesia - Pseudoscorpionida",Pseudoscorpiones,Chthoniidae
"Lechytia sakagamii (Morikawa, 1952)",Ulithi,"Beier, M. (1957) Insects of Micronesia - Pseudoscorpionida",Pseudoscorpiones,Chthoniidae
"Tyrannochthonius contractus (Tullgren, 1907)",Aldabra,"Spaull, V.W. (1979) Distribution of soil and litter arthropods on Aldabra atoll",Pseudoscorpiones,Chthoniidae
"Anagarypus oceanusindicus (Chamberlin, 1930)",Aldabra,"Spaull, V.W. (1979) Distribution of soil and litter arthropods on Aldabra atoll",Pseudoscorpiones,Garypidae
"Garypus impressus (Tullgren, 1907)",Aldabra,"Spaull, V.W. (1979) Distribution of soil and litter arthropods on Aldabra atoll",Pseudoscorpiones,Garypidae
"Garypus maldivensis (Pocock, 1904)",Addu,"Pocock, R.I. (1904) Arachnida. In: Gardiner J.S. (Ed.), Fauna and Geography of the Maldive and Laccadive archipelagoes",Pseudoscorpiones,Garypidae
"Garypus ornatus (Beier, 1957)",Bikini,"Beier, M. (1957) Insects of Micronesia - Pseudoscorpionida",Pseudoscorpiones,Garypidae
"Geogarypus longidigitatus (Rainbow, 1897)",Funafuti,"Hedley, C. (1900) The atoll of Funafuti, Ellice Group - its zoology, botany, ethnology, and general structure",Pseudoscorpiones,Geogarypidae
"Geogarypus longidigitatus (Rainbow, 1897)",Taka,"Beier, M. (1957) Insects of Micronesia - Pseudoscorpionida",Pseudoscorpiones,Geogarypidae
"Geogarypus longidigitatus (Rainbow, 1897)",Ulithi,"Beier, M. (1957) Insects of Micronesia - Pseudoscorpionida",Pseudoscorpiones,Geogarypidae
"Geogarypus longidigitatus (Rainbow, 1897)",Utirik,"Beier, M. (1957) Insects of Micronesia - Pseudoscorpionida",Pseudoscorpiones,Geogarypidae
"Xenolpium longiventer (L.Koch & Keyserling, 1885)",Funafuti,"Hedley, C. (1900) The atoll of Funafuti, Ellice Group - its zoology, botany, ethnology, and general structure",Pseudoscorpiones,Olpiidae
"Xenolpium madagascariense (Beier, 1831)",Aldabra,"Spaull, V.W. (1979) Distribution of soil and litter arthropods on Aldabra atoll",Pseudoscorpiones,Olpiidae
"Xenolpium oceanicum (With, 1907)",Lae,"Beier, M. (1957) Insects of Micronesia - Pseudoscorpionida",Pseudoscorpiones,Olpiidae
"Xenolpium oceanicum (With, 1907)",Ujae,"Beier, M. (1957) Insects of Micronesia - Pseudoscorpionida",Pseudoscorpiones,Olpiidae
"Xenolpium oceanicum (With, 1907)",Utirik,"Beier, M. (1957) Insects of Micronesia - Pseudoscorpionida",Pseudoscorpiones,Olpiidae
"Pseudochiridium africanum (Beier, 1944)",Aldabra,"Spaull, V.W. (1979) Distribution of soil and litter arthropods on Aldabra atoll",Pseudoscorpiones,Pseudochiridiidae
"Ideobisium antipodum (Simon, 1880)",Funafuti,"Hedley, C. (1900) The atoll of Funafuti, Ellice Group - its zoology, botany, ethnology, and general structure",Pseudoscorpiones,Syarinidae
"Withius congicus (Beier, 1932)",Aldabra,"Spaull, V.W. (1979) Distribution of soil and litter arthropods on Aldabra atoll",Pseudoscorpiones,Withiidae
"Withius laysanensis (Simon, 1899)",Laysan,"Asquith, A. (1994) The arthropod fauna of Laysan Island",Pseudoscorpiones,Withiidae
Araneus sp.,Kwajalein,"Sugerman, B.B. (1972) Insects and other arthropods from Kwajalein atoll (Marshall Islands)",Araneae,Araneidae
"Argiope anasuja (Thorell, 1887)",Addu,"Levi, H.W. (1983) The orb-weaver genera Argiope, Gea, and Neogea from the Western Pacific region (Araneae: Araneidae, Argiopinae)",Araneae,Araneidae
"Argiope anasuja (Thorell, 1887)",Diego Garcia,"Hirst, S. (1911) No. XVIII - The Araneae, Opiliones and Pseudoscorpiones",Araneae,Araneidae
"Argiope appensa (Walckenaer, 1841)",Majuro,"Levi, H.W. (1983) The orb-weaver genera Argiope, Gea, and Neogea from the Western Pacific region (Araneae: Araneidae, Argiopinae)",Araneae,Araneidae
"Argiope appensa (Walckenaer, 1841)",Ngcheangel,"Levi, H.W. (1983) The orb-weaver genera Argiope, Gea, and Neogea from the Western Pacific region (Araneae: Araneidae, Argiopinae)",Araneae,Araneidae
"Argiope pulchella (Thorell, 1881)",Kavaratti,"Singh, R., & Singh, G. (2022) Updated checklist of spider diversity (Arachnida: Araneae) in three union territories of India",Araneae,Araneidae
"Argiope trifasciata (Forsskal, 1775)",Aldabra,"Nentwig, W., Derepas, B., & Gloor, D. (2019) Diversity and origin of the spider fauna of Indian Ocean islands",Araneae,Araneidae
"Caerostris sexcuspidata (Fabricius, 1793)",Aldabra,"Nentwig, W., Derepas, B., & Gloor, D. (2019) Diversity and origin of the spider fauna of Indian Ocean islands",Araneae,Araneidae
"Cyclosa camelodes (Thorell, 1878)",Aldabra,"Nentwig, W., Derepas, B., & Gloor, D. (2019) Diversity and origin of the spider fauna of Indian Ocean islands",Araneae,Araneidae
"Cyclosa camelodes (Thorell, 1878)",Astove,"Roberts, M.J. (1983) Spiders of the families Theridiidae, Tetragnathidae and Araneidae from Aldabra Atoll",Araneae,Araneidae
"Cyrtophora citricola (Forsskal, 1775)",Aldabra,"Nentwig, W., Derepas, B., & Gloor, D. (2019) Diversity and origin of the spider fauna of Indian Ocean islands",Araneae,Araneidae
"Gasteracantha diardi (Lucas, 1835)",Kavaratti,"Singh, R., & Singh, G. (2022) Updated checklist of spider diversity (Arachnida: Araneae) in three union territories of India",Araneae,Araneidae
"Gasteracantha sanguinolenta (C.L.Koch, 1844)",Aldabra,"Nentwig, W., Derepas, B., & Gloor, D. (2019) Diversity and origin of the spider fauna of Indian Ocean islands",Araneae,Araneidae
"Gasteracantha sanguinolenta (C.L.Koch, 1844)",Cosmoledo,"Roberts, M.J. (1983) Spiders of the families Theridiidae, Tetragnathidae and Araneidae from Aldabra Atoll",Araneae,Araneidae
"Larinia dasia (Roberts, 1983)",Aldabra,"Nentwig, W., Derepas, B., & Gloor, D. (2019) Diversity and origin of the spider fauna of Indian Ocean islands",Araneae,Araneidae
"Neoscona angulatula (Schenkel, 1937)",Aldabra,"Nentwig, W., Derepas, B., & Gloor, D. (2019) Diversity and origin of the spider fauna of Indian Ocean islands",Araneae,Araneidae
"Neoscona crucifera (Lucas, 1838)",Johnston,"Rash, R. (2020) Checklist and images documenting the biodiversity of Johnston Atoll National Wildlife Refuge",Araneae,Araneidae
"Neoscona moreli (Vinson, 1863)",Aldabra,"Nentwig, W., Derepas, B., & Gloor, D. (2019) Diversity and origin of the spider fauna of Indian Ocean islands",Araneae,Araneidae
"Neoscona oaxacensis (Keyserling, 1864)",Kure,"Butler, G.D., & Usinger, R.L. (1963) Insects and other arthropods from Kure Island",Araneae,Araneidae
"Neoscona oaxacensis (Keyserling, 1864)",Midway,"Suehiro, A. (1960) Insects and other arthropods from Midway atoll",Araneae,Araneidae
"Neoscona quincasea (Roberts, 1983)",Aldabra,"Nentwig, W., Derepas, B., & Gloor, D. (2019) Diversity and origin of the spider fauna of Indian Ocean islands",Araneae,Araneidae
"Neoscona plebeja (L.Koch, 1871)",Funafuti,"Hedley, C. (1900) The atoll of Funafuti, Ellice Group - its zoology, botany, ethnology, and general structure",Araneae,Araneidae
"Neoscona punctigera (Doleschall, 1857)",Kavaratti,"Singh, R., & Singh, G. (2022) Updated checklist of spider diversity (Arachnida: Araneae) in three union territories of India",Araneae,Araneidae
"Neoscona theisi (Walckenaer, 1841)",Abariringa,"Marples, B.J. (1964) Spiders from some Pacific Islands, Part V",Araneae,Araneidae
"Neoscona theisi (Walckenaer, 1841)",Anaa,"Cocherau, P. (1966) Compte rendu d'une mission d'inventaire faunistique aux îles Gambier et Tuamotu (Avril - Mai 1966)",Araneae,Araneidae
"Neoscona theisi (Walckenaer, 1841)",Diego Garcia,"Hirst, S. (1911) No. XVIII - The Araneae, Opiliones and Pseudoscorpiones",Araneae,Araneidae
"Neoscona theisi (Walckenaer, 1841)",Ducie,"Benton, T.G., & Lehtinen, P.T. (1995) Biodiversity and origin of the non-flying terrestrial arthropods of Henderson Island",Araneae,Araneidae
"Neoscona theisi (Walckenaer, 1841)",Eniwetok,"Samuelson, G.A., & Nishida, G.M. (1987) Insects and allies (arthropods) of Enewetak atoll",Araneae,Araneidae
"Neoscona theisi (Walckenaer, 1841)",Farquhar,"Hirst, S. (1911) No. XVIII - The Araneae, Opiliones and Pseudoscorpiones",Araneae,Araneidae
"Neoscona theisi (Walckenaer, 1841)",Funafuti,"Hedley, C. (1900) The atoll of Funafuti, Ellice Group - its zoology, botany, ethnology, and general structure",Araneae,Araneidae
"Neoscona theisi (Walckenaer, 1841)",Kwajalein,"Sugerman, B.B. (1979) Additions to the list of insects and other arthropods from Kwajalein atoll (Marshall Islands)",Araneae,Araneidae
"Neoscona theisi (Walckenaer, 1841)",Manihiki,"Marples, B.J. (1960) Spiders from some Pacific islands, Part IV - The Cook Islands and Niue",Araneae,Araneidae
"Neoscona theisi (Walckenaer, 1841)",Nukunonu,"Hickley, A.D. (1969) Ecology of terrestrial arthropods of the Tokelau atolls",Araneae,Araneidae
"Neoscona theisi (Walckenaer, 1841)",Oeno,"Cocherau, P. (1966) Compte rendu d'une mission d'inventaire faunistique aux îles Gambier et Tuamotu (Avril - Mai 1966)",Araneae,Araneidae
"Neoscona theisi (Walckenaer, 1841)",Palmyra,"Handler, A.T., et al. (2007) Arthropod surveys on Palmyra Atoll, Line Islands, and insights into the decline of the native tree Pisonia grandis (Nycatginaceae)",Araneae,Araneidae
"Neoscona theisi (Walckenaer, 1841)",Rose,"Peck, R.W., et al. (2014) Arthropods of Rose atoll with special reference to ants and Pulvianaria urbicola scales (Hemiptera: Coccidae) on Pisonia grandis trees",Araneae,Araneidae
"Neoscona theisi (Walckenaer, 1841)",Swains,"Kami, K.S., & Miller, S.E. (1998) Samoan insects and related arthropods: checklist and bibliography",Araneae,Araneidae
"Neoscona theisi (Walckenaer, 1841)",Takapoto,"Rivière, F. (1979) La vie animale terrestre à Takapoto",Araneae,Araneidae
"Neoscona triangula (Keyserling, 1864)",Aldabra,"Nentwig, W., Derepas, B., & Gloor, D. (2019) Diversity and origin of the spider fauna of Indian Ocean islands",Araneae,Araneidae
"Neoscona vigilans (Blackwall, 1865)",Farquhar,"Hirst, S. (1911) No. XVIII - The Araneae, Opiliones and Pseudoscorpiones",Araneae,Araneidae
Neoscona sp.,French Frigate Shoals,"Beardsley, J.W. (1966) Insects and other terrestrial arthropods from the Leeward Hawaiian Islands",Araneae,Araneidae
Neoscona sp.,Pearl and Hermes,"Beardsley, J.W. (1966) Insects and other terrestrial arthropods from the Leeward Hawaiian Islands",Araneae,Araneidae
"Nephilingis cruentata (Fabricius, 1775)",Farquhar,"Hirst, S. (1911) No. XVIII - The Araneae, Opiliones and Pseudoscorpiones",Araneae,Araneidae
"Nephilingis livida (Vinson, 1863)",Aldabra,"Nentwig, W., Derepas, B., & Gloor, D. (2019) Diversity and origin of the spider fauna of Indian Ocean islands",Araneae,Araneidae
"Poltys horridus (Locket, 1980)",Aldabra,"Nentwig, W., Derepas, B., & Gloor, D. (2019) Diversity and origin of the spider fauna of Indian Ocean islands",Araneae,Araneidae
"Poltys illepidus (C.L.Koch, 1843)",Kavaratti,"Singh, R., & Singh, G. (2022) Updated checklist of spider diversity (Arachnida: Araneae) in three union territories of India",Araneae,Araneidae
"Prasonica anarillea (Roberts, 1983)",Aldabra,"Nentwig, W., Derepas, B., & Gloor, D. (2019) Diversity and origin of the spider fauna of Indian Ocean islands",Araneae,Araneidae
"Prasonicella marsa (Roberts, 1983)",Aldabra,"Nentwig, W., Derepas, B., & Gloor, D. (2019) Diversity and origin of the spider fauna of Indian Ocean islands",Araneae,Araneidae
"Thelacantha brevispina (Doleschall, 1857)",Kavaratti,"Singh, R., & Singh, G. (2022) Updated checklist of spider diversity (Arachnida: Araneae) in three union territories of India",Araneae,Araneidae
"Trichonephila clavata (L.Koch, 1878)",Kavaratti,"Singh, R., & Singh, G. (2022) Updated checklist of spider diversity (Arachnida: Araneae) in three union territories of India",Araneae,Araneidae
"Trichonephila edulis (Labillardière, 1799)",South Keeling,"Wood-Jones, F. (1909) The fauna of the Cocos-Keeling Atoll, collected by F. Wood-Jones",Araneae,Araneidae
"Trichonephila inaurata (Walckenaer, 1841)",Aldabra,"Nentwig, W., Derepas, B., & Gloor, D. (2019) Diversity and origin of the spider fauna of Indian Ocean islands",Araneae,Araneidae
"Trichonephila inaurata (Walckenaer, 1841)",Astove,"Hirst, S. (1911) No. XVIII - The Araneae, Opiliones and Pseudoscorpiones",Araneae,Araneidae
"Idioctis eniwetok (Raven, 1988)",Eniwetok,"Raven, R.J. (1988) A revision of the mygalomorph spider genus Idioctis (Araneae, Barychelidae)",Araneae,Barychelidae
"Cheiracanthium mordax (L.Koch, 1866)",Eniwetok,"Samuelson, G.A., & Nishida, G.M. (1987) Insects and allies (arthropods) of Enewetak atoll",Araneae,Cheiracanthiidae
"Cheiracanthium mordax (L.Koch, 1866)",French Frigate Shoals,"Beardsley, J.W. (1966) Insects and other terrestrial arthropods from the Leeward Hawaiian Islands",Araneae,Cheiracanthiidae
"Cheiracanthium mordax (L.Koch, 1866)",Kure,"Butler, G.D., & Usinger, R.L. (1963) Insects and other arthropods from Kure Island",Araneae,Cheiracanthiidae
"Cheiracanthium mordax (L.Koch, 1866)",Laysan,"Beardsley, J.W. (1966) Insects and other terrestrial arthropods from the Leeward Hawaiian Islands",Araneae,Cheiracanthiidae
"Cheiracanthium mordax (L.Koch, 1866)",Midway,"Suehiro, A. (1960) Insects and other arthropods from Midway atoll",Araneae,Cheiracanthiidae
"Clubiona alveolata (L.Koch, 1873)",Funafuti,"Hedley, C. (1900) The atoll of Funafuti, Ellice Group - its zoology, botany, ethnology, and general structure",Araneae,Clubionidae
"Clubiona alveolata (L.Koch, 1873)",Midway,"Nishida, G.M. & Beardsley, J.W. (2002) A review of the insects and related arthropods of Midway atoll",Araneae,Clubionidae
"Clubiona cf. upoluensis (Marples, 1964)",Rose,"Peck, R.W., et al. (2014) Arthropods of Rose atoll with special reference to ants and Pulvianaria urbicola scales (Hemiptera: Coccidae) on Pisonia grandis trees",Araneae,Clubionidae
"Creugas gulosus (Thorell, 1878)",Midway,"Nishida, G.M. & Beardsley, J.W. (2002) A review of the insects and related arthropods of Midway atoll",Araneae,Corinnidae
"Desis gardineri (Pocock, 1904)",Kavaratti,"Singh, R., & Singh, G. (2022) Updated checklist of spider diversity (Arachnida: Araneae) in three union territories of India",Araneae,Desidae
"Paratheuma armara (Marples, 1964)",Swains,"Kami, K.S., & Miller, S.E. (1998) Samoan insects and related arthropods: checklist and bibliography",Araneae,Dictynidae
"Masteria hirsuta (L.Koch, 1873)",Eniwetok,"Roewer, C.F.R. (1963) Insects of Micronesia - Araneina: Orthognatha, Labidognatha",Araneae,Dipluridae
"Pritha bakeri (Berland, 1938)",Abariringa,"Marples, B.J. (1964) Spiders from some Pacific Islands, Part V",Araneae,Filistatidae
"Pritha bakeri (Berland, 1938)",Kiritimati,"Berland, L. (1942) Polynesian spiders",Araneae,Filistatidae
"Camillina aldabrae (Strand, 1907)",Aldabra,"Nentwig, W., Derepas, B., & Gloor, D. (2019) Diversity and origin of the spider fauna of Indian Ocean islands",Araneae,Gnaphosidae
"Camillina elegans (Bryant, 1940)",Midway,"Nishida, G.M. & Beardsley, J.W. (2002) A review of the insects and related arthropods of Midway atoll",Araneae,Gnaphosidae
"Trachyzelotes kulczynskii (Bösenberg, 1902)",Ducie,"Benton, T.G., & Lehtinen, P.T. (1995) Biodiversity and origin of the non-flying terrestrial arthropods of Henderson Island",Araneae,Gnaphosidae
"Hersilia aldabrensis (Foord & Dippenaar-Schoeman, 2006)",Aldabra,"Nentwig, W., Derepas, B., & Gloor, D. (2019) Diversity and origin of the spider fauna of Indian Ocean islands",Araneae,Hersiliidae
"Hersilia savignyi (Lucas, 1836)",Kavaratti,"Singh, R., & Singh, G. (2022) Updated checklist of spider diversity (Arachnida: Araneae) in three union territories of India",Araneae,Hersiliidae
Coloncus sp.,Midway,"Suehiro, A. (1960) Insects and other arthropods from Midway atoll",Araneae,Linyphiidae
"Erigone prominens (Bösenberg & Strand, 1906)",Majuro,"Beatty, J.A., Berry, J.W., & Millidge, A.F. (1991) The linyphiid spiders of Micronesia and Polynesia, with notes on distributions and habitats",Araneae,Linyphiidae
Erigone sp.,Eniwetok,"Samuelson, G.A., & Nishida, G.M. (1987) Insects and allies (arthropods) of Enewetak atoll",Araneae,Linyphiidae
"Maorineta ambigua (Millidge, 1991)",Majuro,"Beatty, J.A., Berry, J.W., & Millidge, A.F. (1991) The linyphiid spiders of Micronesia and Polynesia, with notes on distributions and habitats",Araneae,Linyphiidae
"Metalepthyphantes praecipuus (Locket, 1968)",Aldabra,"Nentwig, W., Derepas, B., & Gloor, D. (2019) Diversity and origin of the spider fauna of Indian Ocean islands",Araneae,Linyphiidae
"Neonesiotes remiformis (Millidge, 1991)",Kwajalein,"Beatty, J.A., Berry, J.W., & Millidge, A.F. (1991) The linyphiid spiders of Micronesia and Polynesia, with notes on distributions and habitats",Araneae,Linyphiidae
"Neonesiotes remiformis (Millidge, 1991)",Majuro,"Beatty, J.A., Berry, J.W., & Millidge, A.F. (1991) The linyphiid spiders of Micronesia and Polynesia, with notes on distributions and habitats",Araneae,Linyphiidae
"Nesioneta lepida (Millidge, 1991)",Kwajalein,"Beatty, J.A., Berry, J.W., & Millidge, A.F. (1991) The linyphiid spiders of Micronesia and Polynesia, with notes on distributions and habitats",Araneae,Linyphiidae
"Nesioneta lepida (Millidge, 1991)",Majuro,"Beatty, J.A., Berry, J.W., & Millidge, A.F. (1991) The linyphiid spiders of Micronesia and Polynesia, with notes on distributions and habitats",Araneae,Linyphiidae
"Nesioneta lepida (Millidge, 1991)",Ngcheangel,"Beatty, J.A., Berry, J.W., & Millidge, A.F. (1991) The linyphiid spiders of Micronesia and Polynesia, with notes on distributions and habitats",Araneae,Linyphiidae
"Nesioneta pacificana (Berland, 1935)",Rangiroa,"Beatty, J.A., Berry, J.W., & Millidge, A.F. (1991) The linyphiid spiders of Micronesia and Polynesia, with notes on distributions and habitats",Araneae,Linyphiidae
"Tennesseellum formica (Emerton, 1882)",Kwajalein,"Beatty, J.A., Berry, J.W., & Millidge, A.F. (1991) The linyphiid spiders of Micronesia and Polynesia, with notes on distributions and habitats",Araneae,Linyphiidae
"Alopecosa oahuensis (Keyserling, 1890)",Laysan,"Butler, G.D. (1961) Insects and other arthropods from Laysan Island",Araneae,Lycosidae
"Bristowiella seychellensis (Bristowe, 1973)",Aldabra,"Nentwig, W., Derepas, B., & Gloor, D. (2019) Diversity and origin of the spider fauna of Indian Ocean islands",Araneae,Lycosidae
"Hogna crispipes (L.Koch, 1877)",Rose,"Peck, R.W., et al. (2014) Arthropods of Rose atoll with special reference to ants and Pulvianaria urbicola scales (Hemiptera: Coccidae) on Pisonia grandis trees",Araneae,Lycosidae
"Hogna crispipes (L.Koch, 1877)",Takapoto,"Dierkens, M., & Ramage, T. (2016) Deuxième contribution à la connaissance des araignées de Polynésie francaise. Bilan des espèces présentes et description de Theridion charlatti n. sp. et Glenognatha ledouxi n.sp.",Araneae,Lycosidae
Lycosa sp.,South Keeling,"Wood-Jones, F. (1909) The fauna of the Cocos-Keeling Atoll, collected by F. Wood-Jones",Araneae,Lycosidae
"Trochosa urbana (O.Pickard-Cambridge, 1876)",Astove,"Hirst, S. (1911) No. XVIII - The Araneae, Opiliones and Pseudoscorpiones",Araneae,Lycosidae
"Venatrix palau (Framenau, 2006)",Ngcheangel,"Framenau, V.W. (2006) The wolf spider genus Venatrix Roewer: new species, synonymies and generic transfers (Araneae, Lycosidae)",Araneae,Lycosidae
"Zoica pacifica (Framenau, Berry & Beatty, 2009)",Majuro,"Framenau, V.W., Berry, J.W., & Beatty, J.A. (2009) Wolf spiders of the Pacific region - the genus Zoica",Araneae,Lycosidae
"Ochyrocera ransfordi (Marples, 1955)",Swains,"Kami, K.S., & Miller, S.E. (1998) Samoan insects and related arthropods: checklist and bibliography",Araneae,Ochyroceratidae
"Theotima radiata (Simon, 1892)",Midway,"Nishida, G.M. & Beardsley, J.W. (2002) A review of the insects and related arthropods of Midway atoll",Araneae,Ochyroceratidae
"Farqua quadrimaculata (Saaristo, 2001)",Farquhar,"Saaristo, M.I. (2001) Dwarf hunting spiders or Oonopidae (Arachnida, Araneae) of the Seychelles",Araneae,Oonopidae
Gamasomorpha sp.,Kure,"Butler, G.D., & Usinger, R.L. (1963) Insects and other arthropods from Kure Island",Araneae,Oonopidae
Gamasomorpha sp.,Kwajalein,"Sugerman, B.B. (1972) Insects and other arthropods from Kwajalein atoll (Marshall Islands)",Araneae,Oonopidae
"Pelicinus marmoratus (Simon, 1892)",Abariringa,"van Zwaluwenburg, R.H. (1955) The insects and certain other arthropods of Canton Island",Araneae,Oonopidae
"Ischnothyreus peltifer (Simon, 1892)",Midway,"Nishida, G.M. & Beardsley, J.W. (2002) A review of the insects and related arthropods of Midway atoll",Araneae,Oonopidae
Ischnothyreus sp.,Ducie,"Benton, T.G., & Lehtinen, P.T. (1995) Biodiversity and origin of the non-flying terrestrial arthropods of Henderson Island",Araneae,Oonopidae
"Noideattella assumptia (Saaristo, 2001)",Aldabra,"Nentwig, W., Derepas, B., & Gloor, D. (2019) Diversity and origin of the spider fauna of Indian Ocean islands",Araneae,Oonopidae
"Noideattella assumptia (Saaristo, 2001)",Farquhar,"Saaristo, M.I. (2001) Dwarf hunting spiders or Oonopidae (Arachnida, Araneae) of the Seychelles",Araneae,Oonopidae
"Oonopinus kilikus (Suman, 1965)",Aldabra,"Nentwig, W., Derepas, B., & Gloor, D. (2019) Diversity and origin of the spider fauna of Indian Ocean islands",Araneae,Oonopidae
Oonops sp.,Midway,"Suehiro, A. (1960) Insects and other arthropods from Midway atoll",Araneae,Oonopidae
"Opopaea apicalis (Simon, 1893)",Eniwetok,"Samuelson, G.A., & Nishida, G.M. (1987) Insects and allies (arthropods) of Enewetak atoll",Araneae,Oonopidae
"Opopaea apicalis (Simon, 1893)",Kwajalein,"Baehr, B.C., et al. (2013) The goblin spider genus Opopaea in Australia and the Pacific islands (Araneae - Oonopidae)",Araneae,Oonopidae
"Opopaea apicalis (Simon, 1893)",Majuro,"Baehr, B.C., et al. (2013) The goblin spider genus Opopaea in Australia and the Pacific islands (Araneae - Oonopidae)",Araneae,Oonopidae
"Opopaea apicalis (Simon, 1893)",Midway,"Nishida, G.M. & Beardsley, J.W. (2002) A review of the insects and related arthropods of Midway atoll",Araneae,Oonopidae
"Opopaea deserticola (Simon, 1892)",Aldabra,"Nentwig, W., Derepas, B., & Gloor, D. (2019) Diversity and origin of the spider fauna of Indian Ocean islands",Araneae,Oonopidae
"Opopaea deserticola (Simon, 1892)",Eniwetok,"Baehr, B.C., et al. (2013) The goblin spider genus Opopaea in Australia and the Pacific islands (Araneae - Oonopidae)",Araneae,Oonopidae
"Opopaea deserticola (Simon, 1892)",Farquhar,"Saaristo, M.I. (2001) Dwarf hunting spiders or Oonopidae (Arachnida, Araneae) of the Seychelles",Araneae,Oonopidae
"Opopaea deserticola (Simon, 1892)",Kwajalein,"Baehr, B.C., et al. (2013) The goblin spider genus Opopaea in Australia and the Pacific islands (Araneae - Oonopidae)",Araneae,Oonopidae
"Opopaea deserticola (Simon, 1892)",Rangiroa,"Dierkens, M., & Ramage, T. (2016) Deuxième contribution à la connaissance des araignées de Polynésie francaise. Bilan des espèces présentes et description de Theridion charlatti n. sp. et Glenognatha ledouxi n.sp.",Araneae,Oonopidae
"Opopaea foveolata (Roewer, 1963)",Eniwetok,"Roewer, C.F.R. (1963) Insects of Micronesia - Araneina: Orthognatha, Labidognatha",Araneae,Oonopidae
"Opopaea foveolata (Roewer, 1963)",Kwajalein,"Baehr, B.C., et al. (2013) The goblin spider genus Opopaea in Australia and the Pacific islands (Araneae - Oonopidae)",Araneae,Oonopidae
"Opopaea foveolata (Roewer, 1963)",Majuro,"Baehr, B.C., et al. (2013) The goblin spider genus Opopaea in Australia and the Pacific islands (Araneae - Oonopidae)",Araneae,Oonopidae
"Opopaea foveolata (Roewer, 1963)",Ngcheangel,"Baehr, B.C., et al. (2013) The goblin spider genus Opopaea in Australia and the Pacific islands (Araneae - Oonopidae)",Araneae,Oonopidae
"Opopaea foveolata (Roewer, 1963)",Rangiroa,"Dierkens, M., & Ramage, T. (2016) Deuxième contribution à la connaissance des araignées de Polynésie francaise. Bilan des espèces présentes et description de Theridion charlatti n. sp. et Glenognatha ledouxi n.sp.",Araneae,Oonopidae
"Opopaea foveolata (Roewer, 1963)",Ulithi,"Roewer, C.F.R. (1963) Insects of Micronesia - Araneina: Orthognatha, Labidognatha",Araneae,Oonopidae
"Opopaea probosciella (Saaristo, 2001)",Farquhar,"Saaristo, M.I. (2001) Dwarf hunting spiders or Oonopidae (Arachnida, Araneae) of the Seychelles",Araneae,Oonopidae
"Oxyopes hindostanicus (Pocock, 1901)",Kavaratti,"Singh, R., & Singh, G. (2022) Updated checklist of spider diversity (Arachnida: Araneae) in three union territories of India",Araneae,Oxyopidae
Oxyopes sp.,Johnston,"Rash, R. (2020) Checklist and images documenting the biodiversity of Johnston Atoll National Wildlife Refuge",Araneae,Oxyopidae
"Artema atlanta (Walckenaer, 1837)",Farquhar,"Hirst, S. (1911) No. XVIII - The Araneae, Opiliones and Pseudoscorpiones",Araneae,Pholcidae
"Artema atlanta (Walckenaer, 1837)",Midway,"Nishida, G.M. & Beardsley, J.W. (2002) A review of the insects and related arthropods of Midway atoll",Araneae,Pholcidae
"Belisana yap (Huber, 2005)",Ngcheangel,"Beatty, J.A., Berry, J.W., & Huber, B.A. (2008) The pholcid spiders of Micronesia and Polynesia (Araneae, Pholcidae)",Araneae,Pholcidae
"Crossopriza lyoni (Blackwall, 1867)",Majuro,"Beatty, J.A., Berry, J.W., & Huber, B.A. (2008) The pholcid spiders of Micronesia and Polynesia (Araneae, Pholcidae)",Araneae,Pholcidae
"Holocneminus piritarsis (Berland, 1942)",Eniwetok,"Beatty, J.A., Berry, J.W., & Huber, B.A. (2008) The pholcid spiders of Micronesia and Polynesia (Araneae, Pholcidae)",Araneae,Pholcidae
"Holocneminus piritarsis (Berland, 1942)",Kwajalein,"Beatty, J.A., Berry, J.W., & Huber, B.A. (2008) The pholcid spiders of Micronesia and Polynesia (Araneae, Pholcidae)",Araneae,Pholcidae
"Holocneminus piritarsis (Berland, 1942)",Majuro,"Beatty, J.A., Berry, J.W., & Huber, B.A. (2008) The pholcid spiders of Micronesia and Polynesia (Araneae, Pholcidae)",Araneae,Pholcidae
"Micropholcus fauroti (Simon, 1887)",Majuro,"Beatty, J.A., Berry, J.W., & Huber, B.A. (2008) The pholcid spiders of Micronesia and Polynesia (Araneae, Pholcidae)",Araneae,Pholcidae
"Modisimus culicinus (Simon, 1893)",Eniwetok,"Beatty, J.A., Berry, J.W., & Huber, B.A. (2008) The pholcid spiders of Micronesia and Polynesia (Araneae, Pholcidae)",Araneae,Pholcidae
"Modisimus culicinus (Simon, 1893)",Kwajalein,"Beatty, J.A., Berry, J.W., & Huber, B.A. (2008) The pholcid spiders of Micronesia and Polynesia (Araneae, Pholcidae)",Araneae,Pholcidae
"Modisimus culicinus (Simon, 1893)",Rangiroa,"Dierkens, M., & Ramage, T. (2016) Deuxième contribution à la connaissance des araignées de Polynésie francaise. Bilan des espèces présentes et description de Theridion charlatti n. sp. et Glenognatha ledouxi n.sp.",Araneae,Pholcidae
"Physocyclus globosus (Taczanwoski, 1874)",Arno,"Beatty, J.A., Berry, J.W., & Huber, B.A. (2008) The pholcid spiders of Micronesia and Polynesia (Araneae, Pholcidae)",Araneae,Pholcidae
"Physocyclus globosus (Taczanwoski, 1874)",South Keeling,"Wood-Jones, F. (1909) The fauna of the Cocos-Keeling Atoll, collected by F. Wood-Jones",Araneae,Pholcidae
"Physocyclus globosus (Taczanwoski, 1874)",Eniwetok,"Beatty, J.A., Berry, J.W., & Huber, B.A. (2008) The pholcid spiders of Micronesia and Polynesia (Araneae, Pholcidae)",Araneae,Pholcidae
"Physocyclus globosus (Taczanwoski, 1874)",Majuro,"Beatty, J.A., Berry, J.W., & Huber, B.A. (2008) The pholcid spiders of Micronesia and Polynesia (Araneae, Pholcidae)",Araneae,Pholcidae
"Physocyclus globosus (Taczanwoski, 1874)",Manihiki,"Marples, B.J. (1960) Spiders from some Pacific islands, Part IV - The Cook Islands and Niue",Araneae,Pholcidae
"Physocyclus globosus (Taczanwoski, 1874)",Ngcheangel,"Beatty, J.A., Berry, J.W., & Huber, B.A. (2008) The pholcid spiders of Micronesia and Polynesia (Araneae, Pholcidae)",Araneae,Pholcidae
"Physocyclus globosus (Taczanwoski, 1874)",Nukunonu,"Beatty, J.A., Berry, J.W., & Huber, B.A. (2008) The pholcid spiders of Micronesia and Polynesia (Araneae, Pholcidae)",Araneae,Pholcidae
"Smeringopus pallidus (Blackwall, 1858)",Arno,"Beatty, J.A., Berry, J.W., & Huber, B.A. (2008) The pholcid spiders of Micronesia and Polynesia (Araneae, Pholcidae)",Araneae,Pholcidae
"Smeringopus pallidus (Blackwall, 1858)",South Keeling,"Wood-Jones, F. (1909) The fauna of the Cocos-Keeling Atoll, collected by F. Wood-Jones",Araneae,Pholcidae
"Smeringopus pallidus (Blackwall, 1858)",Eniwetok,"Beatty, J.A., Berry, J.W., & Huber, B.A. (2008) The pholcid spiders of Micronesia and Polynesia (Araneae, Pholcidae)",Araneae,Pholcidae
"Smeringopus pallidus (Blackwall, 1858)",Farquhar,"Hirst, S. (1911) No. XVIII - The Araneae, Opiliones and Pseudoscorpiones",Araneae,Pholcidae
"Smeringopus pallidus (Blackwall, 1858)",Kwajalein,"Beatty, J.A., Berry, J.W., & Huber, B.A. (2008) The pholcid spiders of Micronesia and Polynesia (Araneae, Pholcidae)",Araneae,Pholcidae
"Smeringopus pallidus (Blackwall, 1858)",Majuro,"Beatty, J.A., Berry, J.W., & Huber, B.A. (2008) The pholcid spiders of Micronesia and Polynesia (Araneae, Pholcidae)",Araneae,Pholcidae
"Smeringopus pallidus (Blackwall, 1858)",Midway,"Nishida, G.M. & Beardsley, J.W. (2002) A review of the insects and related arthropods of Midway atoll",Araneae,Pholcidae
"Smeringopus pallidus (Blackwall, 1858)",Nukunonu,"Hickley, A.D. (1969) Ecology of terrestrial arthropods of the Tokelau atolls",Araneae,Pholcidae
"Smeringopus pallidus (Blackwall, 1858)",Palmyra,"Handler, A.T., et al. (2007) Arthropod surveys on Palmyra Atoll, Line Islands, and insights into the decline of the native tree Pisonia grandis (Nycatginaceae)",Araneae,Pholcidae
"Afraflacilla kraussi (Marples, 1964)",Eniwetok,"Berry, J.W., Beatty, J.A., & Proszynski, J. (1998) Salticidae of the Pacific Islands. III. Distribution of seven genera, with descriptions of nineteen new species and two new genera",Araneae,Salticidae
"Afraflacilla kraussi (Marples, 1964)",Majuro,"Berry, J.W., Beatty, J.A., & Proszynski, J. (1998) Salticidae of the Pacific Islands. III. Distribution of seven genera, with descriptions of nineteen new species and two new genera",Araneae,Salticidae
"Ascyltus audax (Rainbow, 1897)",Funafuti,"Hedley, C. (1900) The atoll of Funafuti, Ellice Group - its zoology, botany, ethnology, and general structure",Araneae,Salticidae
"Ascyltus ferox (Rainbow, 1897)",Funafuti,"Hedley, C. (1900) The atoll of Funafuti, Ellice Group - its zoology, botany, ethnology, and general structure",Araneae,Salticidae
"Ascyltus pterygodes (L.Koch, 1865)",Funafuti,"Hedley, C. (1900) The atoll of Funafuti, Ellice Group - its zoology, botany, ethnology, and general structure",Araneae,Salticidae
"Ascyltus pterygodes (L.Koch, 1865)",Nukunonu,"Hickley, A.D. (1969) Ecology of terrestrial arthropods of the Tokelau atolls",Araneae,Salticidae
"Athamas whitmeei (O.Pickard-Cambridge, 1877)",Ducie,"Benton, T.G., & Lehtinen, P.T. (1995) Biodiversity and origin of the non-flying terrestrial arthropods of Henderson Island",Araneae,Salticidae
"Athamas whitmeei (O.Pickard-Cambridge, 1877)",Eniwetok,"Berry, J.W., Beatty, J.A., & Proszynski, J. (1996) Salticidae of the Pacific Islands. I. Distribution of twelve genera, with descriptions of eighteen new species",Araneae,Salticidae
"Athamas whitmeei (O.Pickard-Cambridge, 1877)",Kwajalein,"Berry, J.W., Beatty, J.A., & Proszynski, J. (1996) Salticidae of the Pacific Islands. I. Distribution of twelve genera, with descriptions of eighteen new species",Araneae,Salticidae
"Athamas whitmeei (O.Pickard-Cambridge, 1877)",Majuro,"Berry, J.W., Beatty, J.A., & Proszynski, J. (1996) Salticidae of the Pacific Islands. I. Distribution of twelve genera, with descriptions of eighteen new species",Araneae,Salticidae
"Athamas whitmeei (O.Pickard-Cambridge, 1877)",Ulithi,"Berry, J.W., Beatty, J.A., & Proszynski, J. (1996) Salticidae of the Pacific Islands. I. Distribution of twelve genera, with descriptions of eighteen new species",Araneae,Salticidae
"Bavia aericeps (Simon, 1877)",Funafuti,"Hedley, C. (1900) The atoll of Funafuti, Ellice Group - its zoology, botany, ethnology, and general structure",Araneae,Salticidae
"Bavia aericeps (Simon, 1877)",Nukunonu,"Hickley, A.D. (1969) Ecology of terrestrial arthropods of the Tokelau atolls",Araneae,Salticidae
"Bavia sexpunctata (Doleschall, 1859)",Kwajalein,"Berry, J.W., Beatty, J.A., & Proszynski, J. (1997) Salticidae of the Pacific Islands. II. Distribution of nine genera, with descriptions of eleven new species",Araneae,Salticidae
Bavia sp.,South Keeling,"Wood-Jones, F. (1909) The fauna of the Cocos-Keeling Atoll, collected by F. Wood-Jones",Araneae,Salticidae
"Carrhotus viduus (C.L.Koch, 1846)",Kavaratti,"Singh, R., & Singh, G. (2022) Updated checklist of spider diversity (Arachnida: Araneae) in three union territories of India",Araneae,Salticidae
"Cosmophasis lami (Berry, Beatty & Prószynski, 1997)",South Keeling,"Berry, J.W., Beatty, J.A., & Proszynski, J. (1997) Salticidae of the Pacific Islands. II. Distribution of nine genera, with descriptions of eleven new species",Araneae,Salticidae
"Efate fimbriatus (Berry, Beatty & Prószynski, 1996)",Kwajalein,"Berry, J.W., Beatty, J.A., & Proszynski, J. (1996) Salticidae of the Pacific Islands. I. Distribution of twelve genera, with descriptions of eighteen new species",Araneae,Salticidae
"Efate fimbriatus (Berry, Beatty & Prószynski, 1996)",Majuro,"Berry, J.W., Beatty, J.A., & Proszynski, J. (1996) Salticidae of the Pacific Islands. I. Distribution of twelve genera, with descriptions of eighteen new species",Araneae,Salticidae
"Flacillula minuta (Berland, 1923)",Eniwetok,"Samuelson, G.A., & Nishida, G.M. (1987) Insects and allies (arthropods) of Enewetak atoll",Araneae,Salticidae
"Frigga crocuta (Taczanowski, 1878)",Rangiroa,"Dierkens, M., & Ramage, T. (2016) Deuxième contribution à la connaissance des araignées de Polynésie francaise. Bilan des espèces présentes et description de Theridion charlatti n. sp. et Glenognatha ledouxi n.sp.",Araneae,Salticidae
"Goleba pallens (Blackwall, 1877)",Aldabra,"Nentwig, W., Derepas, B., & Gloor, D. (2019) Diversity and origin of the spider fauna of Indian Ocean islands",Araneae,Salticidae
"Hasarius adansoni (Audouin, 1826)",Aldabra,"Nentwig, W., Derepas, B., & Gloor, D. (2019) Diversity and origin of the spider fauna of Indian Ocean islands",Araneae,Salticidae
"Hasarius adansoni (Audouin, 1826)",Eniwetok,"Berry, J.W., Beatty, J.A., & Proszynski, J. (1998) Salticidae of the Pacific Islands. III. Distribution of seven genera, with descriptions of nineteen new species and two new genera",Araneae,Salticidae
"Hasarius adansoni (Audouin, 1826)",French Frigate Shoals,"Beardsley, J.W. (1966) Insects and other terrestrial arthropods from the Leeward Hawaiian Islands",Araneae,Salticidae
"Hasarius adansoni (Audouin, 1826)",Kure,"Butler, G.D., & Usinger, R.L. (1963) Insects and other arthropods from Kure Island",Araneae,Salticidae
"Hasarius adansoni (Audouin, 1826)",Laysan,"Butler, G.D., & Usinger, R.L. (1963) Insects and other invertebrates from Laysan Island",Araneae,Salticidae
"Hasarius adansoni (Audouin, 1826)",Majuro,"Berry, J.W., Beatty, J.A., & Proszynski, J. (1998) Salticidae of the Pacific Islands. III. Distribution of seven genera, with descriptions of nineteen new species and two new genera",Araneae,Salticidae
"Hasarius adansoni (Audouin, 1826)",Midway,"Suehiro, A. (1960) Insects and other arthropods from Midway atoll",Araneae,Salticidae
"Hasarius adansoni (Audouin, 1826)",Palmyra,"Handler, A.T., et al. (2007) Arthropod surveys on Palmyra Atoll, Line Islands, and insights into the decline of the native tree Pisonia grandis (Nycatginaceae)",Araneae,Salticidae
"Hasarius adansoni (Audouin, 1826)",Pearl and Hermes,"Beardsley, J.W. (1966) Insects and other terrestrial arthropods from the Leeward Hawaiian Islands",Araneae,Salticidae
"Heliophanus activus (Blackwall, 1877)",Aldabra,"Nentwig, W., Derepas, B., & Gloor, D. (2019) Diversity and origin of the spider fauna of Indian Ocean islands",Araneae,Salticidae
"Hyllus acutus (Blackwall, 1877)",Aldabra,"Nentwig, W., Derepas, B., & Gloor, D. (2019) Diversity and origin of the spider fauna of Indian Ocean islands",Araneae,Salticidae
"Hyllus pudicus (Thorell, 1895)",Kavaratti,"Singh, R., & Singh, G. (2022) Updated checklist of spider diversity (Arachnida: Araneae) in three union territories of India",Araneae,Salticidae
"Ligurra opelli (Berry, Beatty & Prószynski, 1997)",Ngcheangel,"Berry, J.W., Beatty, J.A., & Proszynski, J. (1997) Salticidae of the Pacific Islands. II. Distribution of nine genera, with descriptions of eleven new species",Araneae,Salticidae
"Menemerus bivittatus (Dufour, 1831)",Johnston,"Rash, R. (2020) Checklist and images documenting the biodiversity of Johnston Atoll National Wildlife Refuge",Araneae,Salticidae
"Menemerus bivittatus (Dufour, 1831)",Kwajalein,"Sugerman, B.B. (1979) Additions to the list of insects and other arthropods from Kwajalein atoll (Marshall Islands)",Araneae,Salticidae
"Menemerus bivittatus (Dufour, 1831)",Laysan,"Butler, G.D. (1961) Insects and other arthropods from Laysan Island",Araneae,Salticidae
"Menemerus bivittatus (Dufour, 1831)",Majuro,"Berry, J.W., Beatty, J.A., & Proszynski, J. (1998) Salticidae of the Pacific Islands. III. Distribution of seven genera, with descriptions of nineteen new species and two new genera",Araneae,Salticidae
"Menemerus bivittatus (Dufour, 1831)",Midway,"Suehiro, A. (1960) Insects and other arthropods from Midway atoll",Araneae,Salticidae
"Menemerus bivittatus (Dufour, 1831)",Palmyra,"Handler, A.T., et al. (2007) Arthropod surveys on Palmyra Atoll, Line Islands, and insights into the decline of the native tree Pisonia grandis (Nycatginaceae)",Araneae,Salticidae
"Menemerus bivittatus (Dufour, 1831)",Rangiroa,"Dierkens, M., & Ramage, T. (2016) Deuxième contribution à la connaissance des araignées de Polynésie francaise. Bilan des espèces présentes et description de Theridion charlatti n. sp. et Glenognatha ledouxi n.sp.",Araneae,Salticidae
"Messua cf. felix (Peckham & Peckham, 1901)",Midway,"Nishida, G.M. & Beardsley, J.W. (2002) A review of the insects and related arthropods of Midway atoll",Araneae,Salticidae
"Messua cf. felix (Peckham & Peckham, 1901)",Palmyra,"Handler, A.T., et al. (2007) Arthropod surveys on Palmyra Atoll, Line Islands, and insights into the decline of the native tree Pisonia grandis (Nycatginaceae)",Araneae,Salticidae
Metaphidippus sp.,Kure,"Butler, G.D., & Usinger, R.L. (1963) Insects and other arthropods from Kure Island",Araneae,Salticidae
Metaphidippus sp.,Palmyra,"Krauss, N.L.H. (1953) Insects and other invertebrates from Palmyra atoll and Christmas Island",Araneae,Salticidae
"Myrmarachne edwardsi (Berry, Beatty & Prószynski, 1996)",Ngcheangel,"Berry, J.W., Beatty, J.A., & Proszynski, J. (1996) Salticidae of the Pacific Islands. I. Distribution of twelve genera, with descriptions of eighteen new species",Araneae,Salticidae
"Phintelloides versicolor (C.L.Koch, 1846)",Midway,"Nishida, G.M. & Beardsley, J.W. (2002) A review of the insects and related arthropods of Midway atoll",Araneae,Salticidae
"Phintelloides versicolor (C.L.Koch, 1846)",Palmyra,"Handler, A.T., et al. (2007) Arthropod surveys on Palmyra Atoll, Line Islands, and insights into the decline of the native tree Pisonia grandis (Nycatginaceae)",Araneae,Salticidae
"Plexippus paykulli (Audouin, 1826)",Abariringa,"Marples, B.J. (1964) Spiders from some Pacific Islands, Part V",Araneae,Salticidae
"Plexippus paykulli (Audouin, 1826)",Aldabra,"Nentwig, W., Derepas, B., & Gloor, D. (2019) Diversity and origin of the spider fauna of Indian Ocean islands",Araneae,Salticidae
"Plexippus paykulli (Audouin, 1826)",Eniwetok,"Berry, J.W., Beatty, J.A., & Proszynski, J. (1997) Salticidae of the Pacific Islands. II. Distribution of nine genera, with descriptions of eleven new species",Araneae,Salticidae
"Plexippus paykulli (Audouin, 1826)",Kavaratti,"Singh, R., & Singh, G. (2022) Updated checklist of spider diversity (Arachnida: Araneae) in three union territories of India",Araneae,Salticidae
"Plexippus paykulli (Audouin, 1826)",Midway,"Nishida, G.M. & Beardsley, J.W. (2002) A review of the insects and related arthropods of Midway atoll",Araneae,Salticidae
"Plexippus paykulli (Audouin, 1826)",Palmyra,"Handler, A.T., et al. (2007) Arthropod surveys on Palmyra Atoll, Line Islands, and insights into the decline of the native tree Pisonia grandis (Nycatginaceae)",Araneae,Salticidae
"Plexippus petersii (Karsch, 1878)",Majuro,"Berry, J.W., Beatty, J.A., & Proszynski, J. (1997) Salticidae of the Pacific Islands. II. Distribution of nine genera, with descriptions of eleven new species",Araneae,Salticidae
"Psenuc nuclearis (Prószynski, 1992)",Kwajalein,"Berry, J.W., Beatty, J.A., & Proszynski, J. (1998) Salticidae of the Pacific Islands. III. Distribution of seven genera, with descriptions of nineteen new species and two new genera",Araneae,Salticidae
"Psenuc nuclearis (Prószynski, 1992)",Ulithi,"Berry, J.W., Beatty, J.A., & Proszynski, J. (1998) Salticidae of the Pacific Islands. III. Distribution of seven genera, with descriptions of nineteen new species and two new genera",Araneae,Salticidae
Sandalodes sp.,Palmyra,"Handler, A.T., et al. (2007) Arthropod surveys on Palmyra Atoll, Line Islands, and insights into the decline of the native tree Pisonia grandis (Nycatginaceae)",Araneae,Salticidae
"Thorelliola ensifera (Thorell, 1877)",Anaa,"Cocherau, P. (1966) Compte rendu d'une mission d'inventaire faunistique aux îles Gambier et Tuamotu (Avril - Mai 1966)",Araneae,Salticidae
"Thorelliola ensifera (Thorell, 1877)",Ducie,"Benton, T.G., & Lehtinen, P.T. (1995) Biodiversity and origin of the non-flying terrestrial arthropods of Henderson Island",Araneae,Salticidae
"Thorelliola ensifera (Thorell, 1877)",Eniwetok,"Berry, J.W., Beatty, J.A., & Proszynski, J. (1997) Salticidae of the Pacific Islands. II. Distribution of nine genera, with descriptions of eleven new species",Araneae,Salticidae
"Thorelliola ensifera (Thorell, 1877)",Kwajalein,"Berry, J.W., Beatty, J.A., & Proszynski, J. (1997) Salticidae of the Pacific Islands. II. Distribution of nine genera, with descriptions of eleven new species",Araneae,Salticidae
"Thorelliola ensifera (Thorell, 1877)",Majuro,"Berry, J.W., Beatty, J.A., & Proszynski, J. (1997) Salticidae of the Pacific Islands. II. Distribution of nine genera, with descriptions of eleven new species",Araneae,Salticidae
"Thorelliola ensifera (Thorell, 1877)",Rose,"Peck, R.W., et al. (2014) Arthropods of Rose atoll with special reference to ants and Pulvianaria urbicola scales (Hemiptera: Coccidae) on Pisonia grandis trees",Araneae,Salticidae
"Thorelliola ensifera (Thorell, 1877)",Swains,"Kami, K.S., & Miller, S.E. (1998) Samoan insects and related arthropods: checklist and bibliography",Araneae,Salticidae
"Thorelliola ensifera (Thorell, 1877)",Takapoto,"Rivière, F. (1979) La vie animale terrestre à Takapoto",Araneae,Salticidae
"Thorelliola ensifera (Thorell, 1877)",Ulithi,"Berry, J.W., Beatty, J.A., & Proszynski, J. (1997) Salticidae of the Pacific Islands. II. Distribution of nine genera, with descriptions of eleven new species",Araneae,Salticidae
"Xenocytaea anomala (Berry, Peatty & Prószynski, 1998)",Ngcheangel,"Berry, J.W., Beatty, J.A., & Proszynski, J. (1998) Salticidae of the Pacific Islands. III. Distribution of seven genera, with descriptions of nineteen new species and two new genera",Araneae,Salticidae
"Zenodorus microphthalmus (L.Koch, 1881)",Kwajalein,"Berry, J.W., Beatty, J.A., & Proszynski, J. (1996) Salticidae of the Pacific Islands. I. Distribution of twelve genera, with descriptions of eighteen new species",Araneae,Salticidae
"Dictis striatipes (L.Koch, 1872)",Abariringa,"Marples, B.J. (1964) Spiders from some Pacific Islands, Part V",Araneae,Scytodidae
"Dictis striatipes (L.Koch, 1872)",Bikar,"Roewer, C.F.R. (1963) Insects of Micronesia - Araneina: Orthognatha, Labidognatha",Araneae,Scytodidae
"Dictis striatipes (L.Koch, 1872)",Eniwetok,"Roewer, C.F.R. (1963) Insects of Micronesia - Araneina: Orthognatha, Labidognatha",Araneae,Scytodidae
"Dictis striatipes (L.Koch, 1872)",Funafuti,"Hedley, C. (1900) The atoll of Funafuti, Ellice Group - its zoology, botany, ethnology, and general structure",Araneae,Scytodidae
"Dictis striatipes (L.Koch, 1872)",Kapingamarangi,"Roewer, C.F.R. (1963) Insects of Micronesia - Araneina: Orthognatha, Labidognatha",Araneae,Scytodidae
"Dictis striatipes (L.Koch, 1872)",Kure,"Butler, G.D., & Usinger, R.L. (1963) Insects and other arthropods from Kure Island",Araneae,Scytodidae
"Dictis striatipes (L.Koch, 1872)",Laysan,"Butler, G.D. (1961) Insects and other arthropods from Laysan Island",Araneae,Scytodidae
"Dictis striatipes (L.Koch, 1872)",Mokil,"Roewer, C.F.R. (1963) Insects of Micronesia - Araneina: Orthognatha, Labidognatha",Araneae,Scytodidae
"Dictis striatipes (L.Koch, 1872)",Palmyra,"Handler, A.T., et al. (2007) Arthropod surveys on Palmyra Atoll, Line Islands, and insights into the decline of the native tree Pisonia grandis (Nycatginaceae)",Araneae,Scytodidae
"Dictis striatipes (L.Koch, 1872)",Pokak,"Roewer, C.F.R. (1963) Insects of Micronesia - Araneina: Orthognatha, Labidognatha",Araneae,Scytodidae
"Scytodes fusca (Walckenaer, 1837)",Midway,"Suehiro, A. (1960) Insects and other arthropods from Midway atoll",Araneae,Scytodidae
"Scytodes fusca (Walckenaer, 1837)",Rose,"Peck, R.W., et al. (2014) Arthropods of Rose atoll with special reference to ants and Pulvianaria urbicola scales (Hemiptera: Coccidae) on Pisonia grandis trees",Araneae,Scytodidae
"Scytodes longipes (Lucas, 1844)",Midway,"Suehiro, A. (1960) Insects and other arthropods from Midway atoll",Araneae,Scytodidae
"Scytodes longipes (Lucas, 1844)",Palmyra,"Handler, A.T., et al. (2007) Arthropod surveys on Palmyra Atoll, Line Islands, and insights into the decline of the native tree Pisonia grandis (Nycatginaceae)",Araneae,Scytodidae
"Scytodes lugubris (Thorell, 1887)",Johnston,"Rash, R. (2020) Checklist and images documenting the biodiversity of Johnston Atoll National Wildlife Refuge",Araneae,Scytodidae
"Scytodes lugubris (Thorell, 1887)",Kure,"Butler, G.D., & Usinger, R.L. (1963) Insects and other arthropods from Kure Island",Araneae,Scytodidae
Scytodes sp.,Abariringa,"van Zwaluwenburg, R.H. (1955) The insects and certain other arthropods of Canton Island",Araneae,Scytodidae
"Loxosceles rufescens (Dufour, 1820)",Aldabra,"Nentwig, W., Derepas, B., & Gloor, D. (2019) Diversity and origin of the spider fauna of Indian Ocean islands",Araneae,Sicariidae
"Loxosceles rufescens (Dufour, 1820)",Kavaratti,"Singh, R., & Singh, G. (2022) Updated checklist of spider diversity (Arachnida: Araneae) in three union territories of India",Araneae,Sicariidae
"Damastes validus (Blackwall, 1877)",Farquhar,"Hirst, S. (1911) No. XVIII - The Araneae, Opiliones and Pseudoscorpiones",Araneae,Sparassidae
"Heteropoda atollicola (Pocock, 1904)",Kavaratti,"Singh, R., & Singh, G. (2022) Updated checklist of spider diversity (Arachnida: Araneae) in three union territories of India",Araneae,Sparassidae
"Heteropoda debilis (L.Koch, 1875)",Funafuti,"Hedley, C. (1900) The atoll of Funafuti, Ellice Group - its zoology, botany, ethnology, and general structure",Araneae,Sparassidae
"Heteropoda venatoria (L., 1767)",South Keeling,"Wood-Jones, F. (1909) The fauna of the Cocos-Keeling Atoll, collected by F. Wood-Jones",Araneae,Sparassidae
"Heteropoda venatoria (L., 1767)",Diego Garcia,"Hirst, S. (1911) No. XVIII - The Araneae, Opiliones and Pseudoscorpiones",Araneae,Sparassidae
"Heteropoda venatoria (L., 1767)",Eniwetok,"Samuelson, G.A., & Nishida, G.M. (1987) Insects and allies (arthropods) of Enewetak atoll",Araneae,Sparassidae
"Heteropoda venatoria (L., 1767)",Funafuti,"Hedley, C. (1900) The atoll of Funafuti, Ellice Group - its zoology, botany, ethnology, and general structure",Araneae,Sparassidae
"Heteropoda venatoria (L., 1767)",Kavaratti,"Singh, R., & Singh, G. (2022) Updated checklist of spider diversity (Arachnida: Araneae) in three union territories of India",Araneae,Sparassidae
"Heteropoda venatoria (L., 1767)",Kwajalein,"Sugerman, B.B. (1979) Additions to the list of insects and other arthropods from Kwajalein atoll (Marshall Islands)",Araneae,Sparassidae
"Heteropoda venatoria (L., 1767)",Manihiki,"Marples, B.J. (1960) Spiders from some Pacific islands, Part IV - The Cook Islands and Niue",Araneae,Sparassidae
"Heteropoda venatoria (L., 1767)",Midway,"Suehiro, A. (1960) Insects and other arthropods from Midway atoll",Araneae,Sparassidae
"Heteropoda venatoria (L., 1767)",Nukunonu,"Hickley, A.D. (1969) Ecology of terrestrial arthropods of the Tokelau atolls",Araneae,Sparassidae
"Heteropoda venatoria (L., 1767)",Palmyra,"Krauss, N.L.H. (1953) Insects and other invertebrates from Palmyra atoll and Christmas Island",Araneae,Sparassidae
"Heteropoda venatoria (L., 1767)",Tabuaeran,"Marples, B.J. (1964) Spiders from some Pacific Islands, Part V",Araneae,Sparassidae
"Heteropoda venatoria (L., 1767)",Tongareva,"Marples, B.J. (1960) Spiders from some Pacific islands, Part IV - The Cook Islands and Niue",Araneae,Sparassidae
"Olios lamarcki (Latreille, 1806)",Addu,"Pocock, R.I. (1904) Arachnida. In: Gardiner J.S. (Ed.), Fauna and Geography of the Maldive and Laccadive archipelagoes",Araneae,Sparassidae
"Olios lamarcki (Latreille, 1806)",Kavaratti,"Singh, R., & Singh, G. (2022) Updated checklist of spider diversity (Arachnida: Araneae) in three union territories of India",Araneae,Sparassidae
"Brignoliella quadricornis (Roewer, 1963)",Taka,"Roewer, C.F.R. (1963) Insects of Micronesia - Araneina: Orthognatha, Labidognatha",Araneae,Tetrablemmidae
"Leucauge granulata (Walckenaer, 1841)",Kwajalein,"Sugerman, B.B. (1979) Additions to the list of insects and other arthropods from Kwajalein atoll (Marshall Islands)",Araneae,Tetragnathidae
"Leucauge granulata (Walckenaer, 1841)",Niau,"Dierkens, M., & Ramage, T. (2016) Deuxième contribution à la connaissance des araignées de Polynésie francaise. Bilan des espèces présentes et description de Theridion charlatti n. sp. et Glenognatha ledouxi n.sp.",Araneae,Tetragnathidae
"Tetragnatha demissa (L.Koch, 1872)",Aldabra,"Nentwig, W., Derepas, B., & Gloor, D. (2019) Diversity and origin of the spider fauna of Indian Ocean islands",Araneae,Tetragnathidae
"Tetragnatha foveata (Karsch, 1892)",Kavaratti,"Singh, R., & Singh, G. (2022) Updated checklist of spider diversity (Arachnida: Araneae) in three union territories of India",Araneae,Tetragnathidae
"Tetragnatha keyserlingi (Simon, 1890)",Kiritimati,"Krauss, N.L.H. (1953) Insects and other invertebrates from Palmyra atoll and Christmas Island",Araneae,Tetragnathidae
"Tetragnatha keyserlingi (Simon, 1890)",Palmyra,"Handler, A.T., et al. (2007) Arthropod surveys on Palmyra Atoll, Line Islands, and insights into the decline of the native tree Pisonia grandis (Nycatginaceae)",Araneae,Tetragnathidae
"Tetragnatha laqueata (L.Koch, 1872)",Funafuti,"Hedley, C. (1900) The atoll of Funafuti, Ellice Group - its zoology, botany, ethnology, and general structure",Araneae,Tetragnathidae
"Tetragnatha maralba (Roberts, 1983)",Aldabra,"Nentwig, W., Derepas, B., & Gloor, D. (2019) Diversity and origin of the spider fauna of Indian Ocean islands",Araneae,Tetragnathidae
"Tetragnatha nitens (Audouin, 1826)",Laysan,"Butler, G.D. (1961) Insects and other arthropods from Laysan Island",Araneae,Tetragnathidae
"Tetragnatha nitens (Audouin, 1826)",Midway,"Nishida, G.M. & Beardsley, J.W. (2002) A review of the insects and related arthropods of Midway atoll",Araneae,Tetragnathidae
"Tetragnatha panopea (L.Koch, 1872)",Funafuti,"Hedley, C. (1900) The atoll of Funafuti, Ellice Group - its zoology, botany, ethnology, and general structure",Araneae,Tetragnathidae
Tetragnatha sp.,Clipperton,"Sachet, M.-H. (1962) Geography and land ecology of Clipperton Island",Araneae,Tetragnathidae
Tetragnatha sp.,French Frigate Shoals,"Beardsley, J.W. (1966) Insects and other terrestrial arthropods from the Leeward Hawaiian Islands",Araneae,Tetragnathidae
Tetragnatha sp.,Pearl and Hermes,"Beardsley, J.W. (1966) Insects and other terrestrial arthropods from the Leeward Hawaiian Islands",Araneae,Tetragnathidae
"Tylorida ventralis (Thorell, 1877)",Kavaratti,"Singh, R., & Singh, G. (2022) Updated checklist of spider diversity (Arachnida: Araneae) in three union territories of India",Araneae,Tetragnathidae
"Plesiophrictus senffti (Strand, 1907)",Pingelap,"Roewer, C.F.R. (1963) Insects of Micronesia - Araneina: Orthognatha, Labidognatha",Araneae,Theraphosidae
"Anelosimus decaryi (Fage, 1930)",Aldabra,"Nentwig, W., Derepas, B., & Gloor, D. (2019) Diversity and origin of the spider fauna of Indian Ocean islands",Araneae,Theridiidae
"Anelosimus decaryi (Fage, 1930)",Astove,"Roberts, M.J. (1983) Spiders of the families Theridiidae, Tetragnathidae and Araneidae from Aldabra Atoll",Araneae,Theridiidae
"Argyrodes argyrodes (Walckenaer, 1841)",Aldabra,"Nentwig, W., Derepas, B., & Gloor, D. (2019) Diversity and origin of the spider fauna of Indian Ocean islands",Araneae,Theridiidae
"Argyrodes chionus (Roberts, 1983)",Aldabra,"Nentwig, W., Derepas, B., & Gloor, D. (2019) Diversity and origin of the spider fauna of Indian Ocean islands",Araneae,Theridiidae
"Bardala labarda (Roberts, 1983)",Aldabra,"Nentwig, W., Derepas, B., & Gloor, D. (2019) Diversity and origin of the spider fauna of Indian Ocean islands",Araneae,Theridiidae
"Coleosoma blandum (O.Pickard-Cambridge, 1882)",Palmyra,"Krauss, N.L.H. (1953) Insects and other invertebrates from Palmyra atoll and Christmas Island",Araneae,Theridiidae
"Coleosoma floridanum (Banks, 1900)",Ducie,"Benton, T.G., & Lehtinen, P.T. (1995) Biodiversity and origin of the non-flying terrestrial arthropods of Henderson Island",Araneae,Theridiidae
"Coleosoma floridanum (Banks, 1900)",Laysan,"Butler, G.D. (1961) Insects and other arthropods from Laysan Island",Araneae,Theridiidae
"Coleosoma floridanum (Banks, 1900)",Palmyra,"Handler, A.T., et al. (2007) Arthropod surveys on Palmyra Atoll, Line Islands, and insights into the decline of the native tree Pisonia grandis (Nycatginaceae)",Araneae,Theridiidae
Coleosoma sp.,Rose,"Peck, R.W., et al. (2014) Arthropods of Rose atoll with special reference to ants and Pulvianaria urbicola scales (Hemiptera: Coccidae) on Pisonia grandis trees",Araneae,Theridiidae
"Dipoena hasra (Roberts, 1983)",Aldabra,"Nentwig, W., Derepas, B., & Gloor, D. (2019) Diversity and origin of the spider fauna of Indian Ocean islands",Araneae,Theridiidae
"Dipoena pristea (Roberts, 1983)",Aldabra,"Nentwig, W., Derepas, B., & Gloor, D. (2019) Diversity and origin of the spider fauna of Indian Ocean islands",Araneae,Theridiidae
"Euryopis helcra (Roberts, 1983)",Aldabra,"Nentwig, W., Derepas, B., & Gloor, D. (2019) Diversity and origin of the spider fauna of Indian Ocean islands",Araneae,Theridiidae
"Latrodectus geometricus (C.L.Koch, 1841)",Abariringa,"Degener, O., & Gillaspy, E. (1955) Canton Island, South Pacific",Araneae,Theridiidae
"Latrodectus geometricus (C.L.Koch, 1841)",Aldabra,"Nentwig, W., Derepas, B., & Gloor, D. (2019) Diversity and origin of the spider fauna of Indian Ocean islands",Araneae,Theridiidae
"Latrodectus geometricus (C.L.Koch, 1841)",Eniwetok,"Samuelson, G.A., & Nishida, G.M. (1987) Insects and allies (arthropods) of Enewetak atoll",Araneae,Theridiidae
"Latrodectus geometricus (C.L.Koch, 1841)",Johnston,"Rash, R. (2020) Checklist and images documenting the biodiversity of Johnston Atoll National Wildlife Refuge",Araneae,Theridiidae
"Latrodectus geometricus (C.L.Koch, 1841)",Palmyra,"Handler, A.T., et al. (2007) Arthropod surveys on Palmyra Atoll, Line Islands, and insights into the decline of the native tree Pisonia grandis (Nycatginaceae)",Araneae,Theridiidae
"Latrodectus hesperus (Chamberlin & Ivie, 1935)",Midway,"Nishida, G.M. & Beardsley, J.W. (2002) A review of the insects and related arthropods of Midway atoll",Araneae,Theridiidae
"Latrodectus mactans (Fabricius, 1775)",Abariringa,"van Zwaluwenburg, R.H. (1955) The insects and certain other arthropods of Canton Island",Araneae,Theridiidae
"Latrodectus mactans (Fabricius, 1775)",Aldabra,"Cogan, B.H., & Hutson, A.M. (1971) Preliminary observations on the affinities and composition of the insect fauna of Aldabra",Araneae,Theridiidae
"Latrodectus mactans (Fabricius, 1775)",Midway,"Nishida, G.M. & Beardsley, J.W. (2002) A review of the insects and related arthropods of Midway atoll",Araneae,Theridiidae
"Latrodectus menavodi (Vinson, 1863)",Aldabra,"Nentwig, W., Derepas, B., & Gloor, D. (2019) Diversity and origin of the spider fauna of Indian Ocean islands",Araneae,Theridiidae
"Latrodectus menavodi (Vinson, 1863)",Farquhar,"Hirst, S. (1911) No. XVIII - The Araneae, Opiliones and Pseudoscorpiones",Araneae,Theridiidae
"Nanume naneum (Roberts, 1983)",Aldabra,"Nentwig, W., Derepas, B., & Gloor, D. (2019) Diversity and origin of the spider fauna of Indian Ocean islands",Araneae,Theridiidae
"Nesticodes rufipes (Lucas, 1846)",Kwajalein,"Sugerman, B.B. (1979) Additions to the list of insects and other arthropods from Kwajalein atoll (Marshall Islands)",Araneae,Theridiidae
"Nesticodes rufipes (Lucas, 1846)",Laysan,"Butler, G.D., & Usinger, R.L. (1963) Insects and other invertebrates from Laysan Island",Araneae,Theridiidae
"Nesticodes rufipes (Lucas, 1846)",Palmyra,"Krauss, N.L.H. (1953) Insects and other invertebrates from Palmyra atoll and Christmas Island",Araneae,Theridiidae
"Parasteatoda tepidariorum (C.L.Koch, 1841)",Midway,"Suehiro, A. (1960) Insects and other arthropods from Midway atoll",Araneae,Theridiidae
"Phycosoma martinae (Roberts, 1983)",Aldabra,"Nentwig, W., Derepas, B., & Gloor, D. (2019) Diversity and origin of the spider fauna of Indian Ocean islands",Araneae,Theridiidae
"Phycosoma menustya (Roberts, 1983)",Aldabra,"Nentwig, W., Derepas, B., & Gloor, D. (2019) Diversity and origin of the spider fauna of Indian Ocean islands",Araneae,Theridiidae
"Platnickina mneon (Bösenberg & Strand, 1906)",Aldabra,"Nentwig, W., Derepas, B., & Gloor, D. (2019) Diversity and origin of the spider fauna of Indian Ocean islands",Araneae,Theridiidae
"Rhomphaea barycephala (Roberts, 1983)",Aldabra,"Nentwig, W., Derepas, B., & Gloor, D. (2019) Diversity and origin of the spider fauna of Indian Ocean islands",Araneae,Theridiidae
"Theridion buxtoni (Berland, 1929)",Takapoto,"Rivière, F. (1979) La vie animale terrestre à Takapoto",Araneae,Theridiidae
"Theridion cloxum (Roberts, 1983)",Aldabra,"Nentwig, W., Derepas, B., & Gloor, D. (2019) Diversity and origin of the spider fauna of Indian Ocean islands",Araneae,Theridiidae
"Theridion mehlum (Roberts, 1983)",Aldabra,"Nentwig, W., Derepas, B., & Gloor, D. (2019) Diversity and origin of the spider fauna of Indian Ocean islands",Araneae,Theridiidae
"Theridion melanostictum (O.Pickard-Cambridge, 1876)",Aldabra,"Nentwig, W., Derepas, B., & Gloor, D. (2019) Diversity and origin of the spider fauna of Indian Ocean islands",Araneae,Theridiidae
"Theridion melanostictum (O.Pickard-Cambridge, 1876)",Midway,"Nishida, G.M. & Beardsley, J.W. (2002) A review of the insects and related arthropods of Midway atoll",Araneae,Theridiidae
"Theridion nagorum (Roberts, 1983)",Aldabra,"Nentwig, W., Derepas, B., & Gloor, D. (2019) Diversity and origin of the spider fauna of Indian Ocean islands",Araneae,Theridiidae
"Theridion palanum (Roberts, 1983)",Aldabra,"Nentwig, W., Derepas, B., & Gloor, D. (2019) Diversity and origin of the spider fauna of Indian Ocean islands",Araneae,Theridiidae
"Theridula gonygaster (Simon, 1873)",Aldabra,"Nentwig, W., Derepas, B., & Gloor, D. (2019) Diversity and origin of the spider fauna of Indian Ocean islands",Araneae,Theridiidae
"Thomisus pugilis (Stoliczka, 1869)",Kavaratti,"Singh, R., & Singh, G. (2022) Updated checklist of spider diversity (Arachnida: Araneae) in three union territories of India",Araneae,Thomisidae
"Platyoides grandidieri (Simon, 1903)",Aldabra,"Nentwig, W., Derepas, B., & Gloor, D. (2019) Diversity and origin of the spider fauna of Indian Ocean islands",Araneae,Trochanteriidae
Platyoides sp.,Farquhar,"Hirst, S. (1911) No. XVIII - The Araneae, Opiliones and Pseudoscorpiones",Araneae,Trochanteriidae
"Zosis geniculata (Olivier, 1789)",Addu,"Pocock, R.I. (1904) Arachnida. In: Gardiner J.S. (Ed.), Fauna and Geography of the Maldive and Laccadive archipelagoes",Araneae,Uloboridae
"Zosis geniculata (Olivier, 1789)",Funafuti,"Hedley, C. (1900) The atoll of Funafuti, Ellice Group - its zoology, botany, ethnology, and general structure",Araneae,Uloboridae
"Zosis geniculata (Olivier, 1789)",Kavaratti,"Singh, R., & Singh, G. (2022) Updated checklist of spider diversity (Arachnida: Araneae) in three union territories of India",Araneae,Uloboridae
"Ballophilus maldivensis (Pocock, 1906)",Addu,"Popovici, G., & Edgecombe, G.D. (2025) Centipedes (Myriapoda, Chilopoda) of Aldabra Atoll (Seychelles)",Geophilomorpha,Ballophilidae
"Ityphilus cf. taeniaformis (Lawrence, 1960)",Aldabra,"Popovici, G., & Edgecombe, G.D. (2025) Centipedes (Myriapoda, Chilopoda) of Aldabra Atoll (Seychelles)",Geophilomorpha,Ballophilidae
"Ribautia cf. paucipes (Attems, 1952)",Aldabra,"Popovici, G., & Edgecombe, G.D. (2025) Centipedes (Myriapoda, Chilopoda) of Aldabra Atoll (Seychelles)",Geophilomorpha,Geophilidae
"Tuoba sydneyensis (Pocock R.I., 1891)",Aldabra,"Popovici, G., & Edgecombe, G.D. (2025) Centipedes (Myriapoda, Chilopoda) of Aldabra Atoll (Seychelles)",Geophilomorpha,Geophilidae
"Tuoba sydneyensis (Pocock R.I., 1891)",Johnston,"Bryan, E.H. (1926) Insects of Hawaii, Johnston Island and Wake Island",Geophilomorpha,Geophilidae
"Tuoba sydneyensis (Pocock R.I., 1891)",Kure,"Butler, G.D., & Usinger, R.L. (1963) Insects and other arthropods from Kure Island",Geophilomorpha,Geophilidae
"Tuoba sydneyensis (Pocock R.I., 1891)",Laysan,"Butler, G.D. (1961) Insects and other arthropods from Laysan Island",Geophilomorpha,Geophilidae
"Tuoba sydneyensis (Pocock R.I., 1891)",Pearl and Hermes,"Beardsley, J.W. (1966) Insects and other terrestrial arthropods from the Leeward Hawaiian Islands",Geophilomorpha,Geophilidae
"Mecistocephalus angusticeps (Ribaut, 1914)",Aldabra,"Popovici, G., & Edgecombe, G.D. (2025) Centipedes (Myriapoda, Chilopoda) of Aldabra Atoll (Seychelles)",Geophilomorpha,Mecistocephalidae
"Mecistocephalus lohmanderi (Verhoeff, 1939)",Aldabra,"Popovici, G., & Edgecombe, G.D. (2025) Centipedes (Myriapoda, Chilopoda) of Aldabra Atoll (Seychelles)",Geophilomorpha,Mecistocephalidae
"Mecistocephalus maxillaris (Gervais, 1837)",Abariringa,"van Zwaluwenburg, R.H. (1955) The insects and certain other arthropods of Canton Island",Geophilomorpha,Mecistocephalidae
"Mecistocephalus parvus (Chamberlin, 1914)",Clipperton,"Sachet, M.-H. (1962) Geography and land ecology of Clipperton Island",Geophilomorpha,Mecistocephalidae
"Mecistocephalus punctifrons (Newport, 1843)",Funafuti,"Hedley, C. (1900) The atoll of Funafuti, Ellice Group - its zoology, botany, ethnology, and general structure",Geophilomorpha,Mecistocephalidae
"Mecistocephalus cf. maxillaris (Gervais, 1837)",Rose,"Peck, R.W., et al. (2014) Arthropods of Rose atoll with special reference to ants and Pulvianaria urbicola scales (Hemiptera: Coccidae) on Pisonia grandis trees",Geophilomorpha,Mecistocephalidae
Mecistocephalus sp.,Nukunonu,"Hickley, A.D. (1969) Ecology of terrestrial arthropods of the Tokelau atolls",Geophilomorpha,Mecistocephalidae
"Orphnaeus dekanius (Verhoeff, 1939)",Aldabra,"Popovici, G., & Edgecombe, G.D. (2025) Centipedes (Myriapoda, Chilopoda) of Aldabra Atoll (Seychelles)",Geophilomorpha,Oryidae
"Orphnaeus brevilabiatus (Newport, 1845)",Funafuti,"Hedley, C. (1900) The atoll of Funafuti, Ellice Group - its zoology, botany, ethnology, and general structure",Geophilomorpha,Oryidae
"Orphnaeus brevilabiatus (Newport, 1845)",Wake,"Bryan, E.H. (1926) Insects of Hawaii, Johnston Island and Wake Island",Geophilomorpha,Oryidae
"Cryptops mauritianus (Verhoeff, 1939)",Aldabra,"Popovici, G., & Edgecombe, G.D. (2025) Centipedes (Myriapoda, Chilopoda) of Aldabra Atoll (Seychelles)",Scolopendromorpha,Cryptopidae
"Cryptops navigans (Chamberlin, 1913)",Clipperton,"Sachet, M.-H. (1962) Geography and land ecology of Clipperton Island",Scolopendromorpha,Cryptopidae
"Cryptops nigropictus (Takakuwa, 1936)",Aldabra,"Popovici, G., & Edgecombe, G.D. (2025) Centipedes (Myriapoda, Chilopoda) of Aldabra Atoll (Seychelles)",Scolopendromorpha,Cryptopidae
"Cryptops cf. japonicus (Takakuwa, 1934)",Aldabra,"Popovici, G., & Edgecombe, G.D. (2025) Centipedes (Myriapoda, Chilopoda) of Aldabra Atoll (Seychelles)",Scolopendromorpha,Cryptopidae
Cryptops sp.,Nukunonu,"Hickley, A.D. (1969) Ecology of terrestrial arthropods of the Tokelau atolls",Scolopendromorpha,Cryptopidae
"Otostigmus astenus (Kohlrausch, 1878)",Funafuti,"Hedley, C. (1900) The atoll of Funafuti, Ellice Group - its zoology, botany, ethnology, and general structure",Scolopendromorpha,Scolopendridae
Otostigmus sp.,Nukunonu,"Hickley, A.D. (1969) Ecology of terrestrial arthropods of the Tokelau atolls",Scolopendromorpha,Scolopendridae
Otostigmus sp.,Rose,"Peck, R.W., et al. (2014) Arthropods of Rose atoll with special reference to ants and Pulvianaria urbicola scales (Hemiptera: Coccidae) on Pisonia grandis trees",Scolopendromorpha,Scolopendridae
"Rhysida longipes (Newport, 1845)",Clipperton,"Cupul-Magana, F.G., Clua, E.E.G., & Tortolero-Langarica, J.J.A. (2021) First record of the centipede Rhysida longipes (Newport, 1845) (Scolopendromorpha: Scolopendridae) from Clipperton Island, Eastern Pacific Ocean",Scolopendromorpha,Scolopendridae
"Scolopendra morsitans (L., 1758)",Aldabra,"Spaull, V.W. (1979) Distribution of soil and litter arthropods on Aldabra atoll",Scolopendromorpha,Scolopendridae
"Scolopendra morsitans (L., 1758)",Arno,"Shelley, R.M. (2004) Occurrences of the centipedes, Scolopendra morsitans L. and S. subspinipes Leach, on Pacific Islands (Chilopoda: Scolopendromorpha: Scolopendridae)",Scolopendromorpha,Scolopendridae
"Scolopendra morsitans (L., 1758)",Funafuti,"Hedley, C. (1900) The atoll of Funafuti, Ellice Group - its zoology, botany, ethnology, and general structure",Scolopendromorpha,Scolopendridae
"Scolopendra morsitans (L., 1758)",Johnston,"Rash, R. (2020) Checklist and images documenting the biodiversity of Johnston Atoll National Wildlife Refuge",Scolopendromorpha,Scolopendridae
"Scolopendra morsitans (L., 1758)",Majuro,"Shelley, R.M. (2004) Occurrences of the centipedes, Scolopendra morsitans L. and S. subspinipes Leach, on Pacific Islands (Chilopoda: Scolopendromorpha: Scolopendridae)",Scolopendromorpha,Scolopendridae
"Scolopendra morsitans (L., 1758)",Nukunonu,"Hickley, A.D. (1969) Ecology of terrestrial arthropods of the Tokelau atolls",Scolopendromorpha,Scolopendridae
"Scolopendra morsitans (L., 1758)",Ulithi,"Shelley, R.M. (2004) Occurrences of the centipedes, Scolopendra morsitans L. and S. subspinipes Leach, on Pacific Islands (Chilopoda: Scolopendromorpha: Scolopendridae)",Scolopendromorpha,Scolopendridae
"Scolopendra subspinipes (Leach, 1815)",Jaluit,"Shelley, R.M. (2004) Occurrences of the centipedes, Scolopendra morsitans L. and S. subspinipes Leach, on Pacific Islands (Chilopoda: Scolopendromorpha: Scolopendridae)",Scolopendromorpha,Scolopendridae
"Scolopendra subspinipes (Leach, 1815)",Midway,"Suehiro, A. (1960) Insects and other arthropods from Midway atoll",Scolopendromorpha,Scolopendridae
"Scolopendra subspinipes (Leach, 1815)",Palmyra,"Shelley, R.M. (2004) Occurrences of the centipedes, Scolopendra morsitans L. and S. subspinipes Leach, on Pacific Islands (Chilopoda: Scolopendromorpha: Scolopendridae)",Scolopendromorpha,Scolopendridae
"Scolopendra subspinipes (Leach, 1815)",Rangiroa,"Shelley, R.M. (2004) Occurrences of the centipedes, Scolopendra morsitans L. and S. subspinipes Leach, on Pacific Islands (Chilopoda: Scolopendromorpha: Scolopendridae)",Scolopendromorpha,Scolopendridae
"Scolopendra subspinipes (Leach, 1815)",Takapoto,"Rivière, F. (1979) La vie animale terrestre à Takapoto",Scolopendromorpha,Scolopendridae
"Scolopendra subspinipes (Leach, 1815)",Wake,"Shelley, R.M. (2004) Occurrences of the centipedes, Scolopendra morsitans L. and S. subspinipes Leach, on Pacific Islands (Chilopoda: Scolopendromorpha: Scolopendridae)",Scolopendromorpha,Scolopendridae
"Lamyctes africanus (Porat, 1871)",Midway,"Nishida, G.M. & Beardsley, J.W. (2002) A review of the insects and related arthropods of Midway atoll",Lithobiomorpha,Henicopidae
"Lamyctes tristani (Pocock, 1893)",Aldabra,"Popovici, G., & Edgecombe, G.D. (2025) Centipedes (Myriapoda, Chilopoda) of Aldabra Atoll (Seychelles)",Lithobiomorpha,Henicopidae
"Lamyctes tristani (Pocock, 1893)",Diego Garcia,"Popovici, G., & Edgecombe, G.D. (2025) Centipedes (Myriapoda, Chilopoda) of Aldabra Atoll (Seychelles)",Lithobiomorpha,Henicopidae
"Australobius inflatitarsis (Eason, 1978)",Aldabra,"Popovici, G., & Edgecombe, G.D. (2025) Centipedes (Myriapoda, Chilopoda) of Aldabra Atoll (Seychelles)",Lithobiomorpha,Lithobiidae
"Lithobius moananus (Chamberlin, 1926)",Kure,"Butler, G.D., & Usinger, R.L. (1963) Insects and other arthropods from Kure Island",Lithobiomorpha,Lithobiidae
"Lithobius moananus (Chamberlin, 1926)",Midway,"Nishida, G.M. & Beardsley, J.W. (2002) A review of the insects and related arthropods of Midway atoll",Lithobiomorpha,Lithobiidae
"Dactylolobus bivirgatus (Karsch, 1881)",Aldabra,"Spaull, V.W. (1979) Distribution of soil and litter arthropods on Aldabra atoll",Spirobolida,Pachybolidae
"Leptogoniulus sorornus (Butler, 1876)",Ducie,"Benton, T.G., & Lehtinen, P.T. (1995) Biodiversity and origin of the non-flying terrestrial arthropods of Henderson Island",Spirobolida,Pachybolidae
"Leptogoniulus sorornus (Butler, 1876)",Takapoto,"Rivière, F. (1979) La vie animale terrestre à Takapoto",Spirobolida,Pachybolidae
"Machilis mutica (Banks, 1901)",Clipperton,"Garrouste, R., & Hervé, C. (2009) La faune des insectes (Insecta s.l.) de l'atoll de Clipperton",Spirobolida,Pachybolidae
Machilis sp.,Arno,"Usinger, R.L., & la Rivers, I. (1953) The insect life of Arno",Spirobolida,Pachybolidae
Trigoniulus sp.,South Keeling,"Wood-Jones, F. (1909) The fauna of the Cocos-Keeling Atoll, collected by F. Wood-Jones",Spirobolida,Pachybolidae
"Trichocambala sollasii (Pocok, 1898)",Funafuti,"Hedley, C. (1900) The atoll of Funafuti, Ellice Group - its zoology, botany, ethnology, and general structure",Spirostreptida,Cambalopsidae
"Orthomorpha coarctata (Saussure, 1860)",South Keeling,"Wood-Jones, F. (1909) The fauna of the Cocos-Keeling Atoll, collected by F. Wood-Jones",Polydesmida,Paradoxosomatidae
"Orthomorpha coarctata (Saussure, 1860)",Takapoto,"Rivière, F. (1979) La vie animale terrestre à Takapoto",Polydesmida,Paradoxosomatidae
"Oxidus gracilis (C.L.Koch, 1847)",Eniwetok,"Samuelson, G.A., & Nishida, G.M. (1987) Insects and allies (arthropods) of Enewetak atoll",Polydesmida,Paradoxosomatidae
"Oxidus gracilis (C.L.Koch, 1847)",Kwajalein,"Sugerman, B.B. (1972) Insects and other arthropods from Kwajalein atoll (Marshall Islands)",Polydesmida,Paradoxosomatidae
"Agnara madagascariensis (Budde-Lund, 1885)",Farquhar,"Budde-Lund, G. (1912) No. XXII - Terrestrial Isopoda, particularly considered in relation to the distribution of the Southern Indo-Pacific species",Isopoda,Agnaridae
"Alloniscus oahuensis (Budde-Lund, 1885)",Kiritimati,"Krauss, N.L.H. (1953) Insects and other invertebrates from Palmyra atoll and Christmas Island",Isopoda,Alloniscidae
"Alloniscus oahuensis (Budde-Lund, 1885)",Palmyra,"Krauss, N.L.H. (1953) Insects and other invertebrates from Palmyra atoll and Christmas Island",Isopoda,Alloniscidae
"Alloniscus oahuensis (Budde-Lund, 1885)",Tabuaeran,"Jackson, H.G. (1941) Check-list of the terrestrial and fresh-water Isopoda of Oceania",Isopoda,Alloniscidae
"Alloniscus pigmentatus (Buddel-Lund, 1885)",Aldabra,"Ferrara, F., & Taiti, S. (1985) The terrestrial isopods (Crustacea) of Aldabra",Isopoda,Alloniscidae
"Alloniscus pigmentatus (Buddel-Lund, 1885)",Farquhar,"Budde-Lund, G. (1912) No. XXII - Terrestrial Isopoda, particularly considered in relation to the distribution of the Southern Indo-Pacific species",Isopoda,Alloniscidae
"Bethalus simplex (Dollfus, 1895)",Farquhar,"Budde-Lund, G. (1912) No. XXII - Terrestrial Isopoda, particularly considered in relation to the distribution of the Southern Indo-Pacific species",Isopoda,Armadillidae
"Cubaris murina (Brandt, 1833)",Addu,"Gardiner, J.S. (1901) The fauna and geography of the Maldive and Laccadive archipelagoes - Volume I, Part I",Isopoda,Armadillidae
"Cubaris murina (Brandt, 1833)",South Keeling,"Budde-Lund, G. (1912) No. XXII - Terrestrial Isopoda, particularly considered in relation to the distribution of the Southern Indo-Pacific species",Isopoda,Armadillidae
"Cubaris murina (Brandt, 1833)",Tabuaeran,"Jackson, H.G. (1941) Check-list of the terrestrial and fresh-water Isopoda of Oceania",Isopoda,Armadillidae
Cubaris sp.,Kure,"Butler, G.D., & Usinger, R.L. (1963) Insects and other arthropods from Kure Island",Isopoda,Armadillidae
"Pseudodiploexochus cuspidatus (Ferrara & Taiti, 1985)",Aldabra,"Ferrara, F., & Taiti, S. (1985) The terrestrial isopods (Crustacea) of Aldabra",Isopoda,Armadillidae
"Spherillo bocki (Verhoeff, 1938)",Jaluit,"Jackson, H.G. (1941) Check-list of the terrestrial and fresh-water Isopoda of Oceania",Isopoda,Armadillidae
"Spherillo vitiensis (Dana, 1853)",Takapoto,"Rivière, F. (1979) La vie animale terrestre à Takapoto",Isopoda,Armadillidae
Spherillo sp.,Palmyra,"Krauss, N.L.H. (1953) Insects and other invertebrates from Palmyra atoll and Christmas Island",Isopoda,Armadillidae
"Venezillo parvus (Budde-Lund, 1885)",South Keeling,"Budde-Lund, G. (1912) No. XXII - Terrestrial Isopoda, particularly considered in relation to the distribution of the Southern Indo-Pacific species",Isopoda,Armadillidae
"Venezillo parvus (Budde-Lund, 1885)",Midway,"Nishida, G.M. & Beardsley, J.W. (2002) A review of the insects and related arthropods of Midway atoll",Isopoda,Armadillidae
"Venezillo pseudoparvus (Ferrara & Taiti, 1985)",Aldabra,"Ferrara, F., & Taiti, S. (1985) The terrestrial isopods (Crustacea) of Aldabra",Isopoda,Armadillidae
"Armadilloniscus ellipticus (Harger, 1878)",Midway,"Nishida, G.M. & Beardsley, J.W. (2002) A review of the insects and related arthropods of Midway atoll",Isopoda,Detonidae
"Halophiloscia couchii (Kinahan, 1858)",Midway,"Nishida, G.M. & Beardsley, J.W. (2002) A review of the insects and related arthropods of Midway atoll",Isopoda,Halophilosciidae
"Littorophiloscia aldabrana (Ferrara & Taiti, 1985)",Aldabra,"Ferrara, F., & Taiti, S. (1985) The terrestrial isopods (Crustacea) of Aldabra",Isopoda,Halophilosciidae
"Littorophiloscia bifasciata (Taiti & Ferrara, 1986)",Ducie,"Benton, T.G., & Lehtinen, P.T. (1995) Biodiversity and origin of the non-flying terrestrial arthropods of Henderson Island",Isopoda,Halophilosciidae
"Littorophiloscia culebrae (Moore, 1901)",Midway,"Nishida, G.M. & Beardsley, J.W. (2002) A review of the insects and related arthropods of Midway atoll",Isopoda,Halophilosciidae
"Littorophiloscia hawaiiensis (Taiti & Ferrara, 1986)",Laysan,"Asquith, A. (1994) The arthropod fauna of Laysan Island",Isopoda,Halophilosciidae
Littorophiloscia sp.,Aldabra,"Ferrara, F., & Taiti, S. (1985) The terrestrial isopods (Crustacea) of Aldabra",Isopoda,Halophilosciidae
"Ligia exotica (Roux, 1828)",Aldabra,"Ferrara, F., & Taiti, S. (1985) The terrestrial isopods (Crustacea) of Aldabra",Isopoda,Ligiidae
"Ligia exotica (Roux, 1828)",Clipperton,"Sachet, M.-H. (1962) Geography and land ecology of Clipperton Island",Isopoda,Ligiidae
"Ligia pallida (Jackson, 1938)",Palmyra,"Krauss, N.L.H. (1953) Insects and other invertebrates from Palmyra atoll and Christmas Island",Isopoda,Ligiidae
"Anchiphiloscia karongae (Stebbing, 1908)",Farquhar,"Budde-Lund, G. (1912) No. XXII - Terrestrial Isopoda, particularly considered in relation to the distribution of the Southern Indo-Pacific species",Isopoda,Philosciidae
"Anchiphiloscia pilosa (Budde-Lund, 1913)",Diego Garcia,"Budde-Lund, G. (1912) No. XXII - Terrestrial Isopoda, particularly considered in relation to the distribution of the Southern Indo-Pacific species",Isopoda,Philosciidae
"Aphiloscia annulicornis (Budde-Lund, 1885)",Aldabra,"Ferrara, F., & Taiti, S. (1985) The terrestrial isopods (Crustacea) of Aldabra",Isopoda,Philosciidae
"Aphiloscia annulicornis (Budde-Lund, 1885)",Farquhar,"Budde-Lund, G. (1912) No. XXII - Terrestrial Isopoda, particularly considered in relation to the distribution of the Southern Indo-Pacific species",Isopoda,Philosciidae
"Australophiloscia societatis (Maccagno, 1932)",Palmyra,"Handler, A.T., et al. (2007) Arthropod surveys on Palmyra Atoll, Line Islands, and insights into the decline of the native tree Pisonia grandis (Nycatginaceae)",Isopoda,Philosciidae
"Paraphiloscia gracilis (Budde-Lund, 1885)",Addu,"Gardiner, J.S. (1901) The fauna and geography of the Maldive and Laccadive archipelagoes - Volume I, Part I",Isopoda,Philosciidae
Philoscia sp.,Palmyra,"Krauss, N.L.H. (1953) Insects and other invertebrates from Palmyra atoll and Christmas Island",Isopoda,Philosciidae
"Philoscina insularis (Ferrara & Taiti, 1985)",Aldabra,"Ferrara, F., & Taiti, S. (1985) The terrestrial isopods (Crustacea) of Aldabra",Isopoda,Philosciidae
"Trichorhina triocellata (Ferrara & Taiti, 1985)",Aldabra,"Ferrara, F., & Taiti, S. (1985) The terrestrial isopods (Crustacea) of Aldabra",Isopoda,Platyarthridae
"Agabiformius lentus (Budde-Lund, 1885)",Midway,"Nishida, G.M. & Beardsley, J.W. (2002) A review of the insects and related arthropods of Midway atoll",Isopoda,Porcellionidae
"Porcellio laevis (Latreille, 1804)",Midway,"Nishida, G.M. & Beardsley, J.W. (2002) A review of the insects and related arthropods of Midway atoll",Isopoda,Porcellionidae
"Porcellio lamellatus (Budde-Lund, 1885)",Midway,"Nishida, G.M. & Beardsley, J.W. (2002) A review of the insects and related arthropods of Midway atoll",Isopoda,Porcellionidae
Porcellio sp.,Kure,"Butler, G.D., & Usinger, R.L. (1963) Insects and other arthropods from Kure Island",Isopoda,Porcellionidae
"Porcellionides pruinosus (Brandt, 1833)",Abariringa,"van Zwaluwenburg, R.H. (1955) The insects and certain other arthropods of Canton Island",Isopoda,Porcellionidae
"Porcellionides pruinosus (Brandt, 1833)",Diego Garcia,"Budde-Lund, G. (1912) No. XXII - Terrestrial Isopoda, particularly considered in relation to the distribution of the Southern Indo-Pacific species",Isopoda,Porcellionidae
"Porcellionides pruinosus (Brandt, 1833)",Farquhar,"Budde-Lund, G. (1912) No. XXII - Terrestrial Isopoda, particularly considered in relation to the distribution of the Southern Indo-Pacific species",Isopoda,Porcellionidae
"Porcellionides pruinosus (Brandt, 1833)",Kure,"Butler, G.D., & Usinger, R.L. (1963) Insects and other arthropods from Kure Island",Isopoda,Porcellionidae
"Porcellionides pruinosus (Brandt, 1833)",Laysan,"Butler, G.D., & Usinger, R.L. (1963) Insects and other invertebrates from Laysan Island",Isopoda,Porcellionidae
"Porcellionides pruinosus (Brandt, 1833)",Midway,"Nishida, G.M. & Beardsley, J.W. (2002) A review of the insects and related arthropods of Midway atoll",Isopoda,Porcellionidae
"Porcellionides pruinosus (Brandt, 1833)",Tabuaeran,"Jackson, H.G. (1941) Check-list of the terrestrial and fresh-water Isopoda of Oceania",Isopoda,Porcellionidae
"Porcellionides pruinosus (Brandt, 1833)",Takapoto,"Rivière, F. (1979) La vie animale terrestre à Takapoto",Isopoda,Porcellionidae
"Tura angusta (Budde-Lund, 1913)",Aldabra,"Ferrara, F., & Taiti, S. (1985) The terrestrial isopods (Crustacea) of Aldabra",Isopoda,Porcellionidae
"Tura testacea (Budde-Lund, 1908)",Aldabra,"Budde-Lund, G. (1912) No. XXII - Terrestrial Isopoda, particularly considered in relation to the distribution of the Southern Indo-Pacific species",Isopoda,Porcellionidae
"Rhyscotus globiceps (Budde-Lund, 1908)",Aldabra,"Ferrara, F., & Taiti, S. (1985) The terrestrial isopods (Crustacea) of Aldabra",Isopoda,Rhyscotidae
"Nagurus kensleyi (Ferrara & Taiti, 1985)",Aldabra,"Ferrara, F., & Taiti, S. (1985) The terrestrial isopods (Crustacea) of Aldabra",Isopoda,Trachelipodidae
"Nagurus nanus (Budde-Lund, 1908)",Midway,"Nishida, G.M. & Beardsley, J.W. (2002) A review of the insects and related arthropods of Midway atoll",Isopoda,Trachelipodidae
"Nagurus tahitiensis (Jackson, 1935)",Kiritimati,"Jackson, H.G. (1941) Check-list of the terrestrial and fresh-water Isopoda of Oceania",Isopoda,Trachelipodidae
"Nagurus tahitiensis (Jackson, 1935)",Palmyra,"Krauss, N.L.H. (1953) Insects and other invertebrates from Palmyra atoll and Christmas Island",Isopoda,Trachelipodidae
"Tylos minor (Dollfus, 1893)",Aldabra,"Spaull, V.W. (1979) Distribution of soil and litter arthropods on Aldabra atoll",Isopoda,Tylidae
"Ctenolepisma longicaudatum (Escherich, 1905)",Midway,"Suehiro, A. (1960) Insects and other arthropods from Midway atoll",Zygentoma,Lepismatidae
"Nicoletia meinerti (Silvestri, 1905)",Glorioso,"Paulian, R. (1989) Les insectes des Îles Glorieuses",Zygentoma,Nicoletiidae
"Nicoletia meinerti (Silvestri, 1905)",Takapoto,"Rivière, F. (1979) La vie animale terrestre à Takapoto",Zygentoma,Nicoletiidae
"Anax amazili (Burmeister, 1839)",Clipperton,"Garrouste, R., & Hervé, C. (2009) La faune des insectes (Insecta s.l.) de l'atoll de Clipperton",Odonata,Aeshnidae
"Anax ephippiger (Burmeister, 1839)",Diego Garcia,"Carr, P. (2022) Odonata of the Chagos Archipelago, Indian Ocean: an update",Odonata,Aeshnidae
"Anax guttatus (Burmeister, 1839)",Ant,"Buden, D.W. (1994) The Odonata of Pakin, Ant, Mokil, and Pingelap Atolls, Eastern Caroline Islands, Micronesia",Odonata,Aeshnidae
"Anax guttatus (Burmeister, 1839)",Arno,"Lieftinck, M.A. (1962) Insects of Micronesia - Odonata",Odonata,Aeshnidae
"Anax guttatus (Burmeister, 1839)",South Keeling,"Gibson-Hill, C.A. (1950) Notes on the insects taken on the Cocos-Keeling Islands",Odonata,Aeshnidae
"Anax guttatus (Burmeister, 1839)",Diego Garcia,"Carr, P. (2022) Odonata of the Chagos Archipelago, Indian Ocean: an update",Odonata,Aeshnidae
"Anax guttatus (Burmeister, 1839)",Eniwetok,"Buden, D.W. (2018) Dragonflies and damselflies (Insecta - Odonata) of the Republic of the Marshall Islands",Odonata,Aeshnidae
"Anax guttatus (Burmeister, 1839)",Jaluit,"Buden, D.W. (2018) Dragonflies and damselflies (Insecta - Odonata) of the Republic of the Marshall Islands",Odonata,Aeshnidae
"Anax guttatus (Burmeister, 1839)",Kwajalein,"Sugerman, B.B. (1972) Insects and other arthropods from Kwajalein atoll (Marshall Islands)",Odonata,Aeshnidae
"Anax guttatus (Burmeister, 1839)",Majuro,"Buden, D.W. (2018) Dragonflies and damselflies (Insecta - Odonata) of the Republic of the Marshall Islands",Odonata,Aeshnidae
"Anax guttatus (Burmeister, 1839)",Mokil,"Buden, D.W. (1994) The Odonata of Pakin, Ant, Mokil, and Pingelap Atolls, Eastern Caroline Islands, Micronesia",Odonata,Aeshnidae
"Anax guttatus (Burmeister, 1839)",Onotoa,"Lieftinck, M.A. (1962) Insects of Micronesia - Odonata",Odonata,Aeshnidae
"Anax guttatus (Burmeister, 1839)",Pingelap,"Buden, D.W. (1994) The Odonata of Pakin, Ant, Mokil, and Pingelap Atolls, Eastern Caroline Islands, Micronesia",Odonata,Aeshnidae
"Anax guttatus (Burmeister, 1839)",Ulithi,"Buden, D.W. (2011) The Odonata of Fais Island and Ulithi and Woleai Atolls, Yap State, Western Caroline Islands, Federated States of Micronesia",Odonata,Aeshnidae
"Anax guttatus (Burmeister, 1839)",Wake,"Lieftinck, M.A. (1962) Insects of Micronesia - Odonata",Odonata,Aeshnidae
"Anax junius (Drury, 1773)",Palmyra,"Handler, A.T., et al. (2007) Arthropod surveys on Palmyra Atoll, Line Islands, and insights into the decline of the native tree Pisonia grandis (Nycatginaceae)",Odonata,Aeshnidae
"Anax tristis (Hagen, 1867)",Aldabra,"Campion, H. (1913) No. XXVII - Odonata",Odonata,Aeshnidae
"Agriocnemis femina (Brauer, 1868)",Ulithi,"Buden, D.W. (2011) The Odonata of Fais Island and Ulithi and Woleai Atolls, Yap State, Western Caroline Islands, Federated States of Micronesia",Odonata,Coenagrionidae
"Agriocnemis pygmaea (Rambur, 1842)",Diego Garcia,"Carr, P. (2022) Odonata of the Chagos Archipelago, Indian Ocean: an update",Odonata,Coenagrionidae
"Ischnura aurora (Brauer, 1865)",Arno,"Lieftinck, M.A. (1962) Insects of Micronesia - Odonata",Odonata,Coenagrionidae
"Ischnura aurora (Brauer, 1865)",Jaluit,"Lieftinck, M.A. (1962) Insects of Micronesia - Odonata",Odonata,Coenagrionidae
"Ischnura aurora (Brauer, 1865)",Kwajalein,"Buden, D.W. (2018) Dragonflies and damselflies (Insecta - Odonata) of the Republic of the Marshall Islands",Odonata,Coenagrionidae
"Ischnura aurora (Brauer, 1865)",Majuro,"Buden, D.W. (2018) Dragonflies and damselflies (Insecta - Odonata) of the Republic of the Marshall Islands",Odonata,Coenagrionidae
"Ischnura aurora (Brauer, 1865)",Onotoa,"Lieftinck, M.A. (1962) Insects of Micronesia - Odonata",Odonata,Coenagrionidae
"Ischnura aurora (Brauer, 1865)",Palmyra,"Handler, A.T., et al. (2007) Arthropod surveys on Palmyra Atoll, Line Islands, and insights into the decline of the native tree Pisonia grandis (Nycatginaceae)",Odonata,Coenagrionidae
"Ischnura aurora (Brauer, 1865)",Pingelap,"Lieftinck, M.A. (1962) Insects of Micronesia - Odonata",Odonata,Coenagrionidae
"Ischnura aurora (Brauer, 1865)",Takapoto,"Rivière, F. (1979) La vie animale terrestre à Takapoto",Odonata,Coenagrionidae
"Ischnura aurora (Brauer, 1865)",Utirik,"Lieftinck, M.A. (1962) Insects of Micronesia - Odonata",Odonata,Coenagrionidae
"Ischnura ramburii (Selys, 1850)",Clipperton,"Garrouste, R., & Hervé, C. (2009) La faune des insectes (Insecta s.l.) de l'atoll de Clipperton",Odonata,Coenagrionidae
"Ischnura senegalensis (Rambur, 1842)",Aldabra,"Campion, H. (1913) No. XXVII - Odonata",Odonata,Coenagrionidae
"Ischnura senegalensis (Rambur, 1842)",Diego Garcia,"Barnett, L.K., & Emms, C. (1996) An annotated checklist of the Chagos archipelago terrestrial fauna (omitting birds) recorded during the 1996 'Friends of the Chagos' expedition",Odonata,Coenagrionidae
"Hemicordulia assimilis (Hagen, 1871)",Takapoto,"Rivière, F. (1979) La vie animale terrestre à Takapoto",Odonata,Corduliidae
Tanymecosticta sp.,Kwajalein,"Buden, D.W. (2018) Dragonflies and damselflies (Insecta: Odonata) of the Republic of the Marshall Islands",Odonata,Isostictidae
"Lestes ochraceus (Selys, 1862)",Aldabra,"Clausnitzer, V., & Martens, A. (2004) Critical species of Odonata in the Comoros, Seychelles, Mascarenes and other small western Indian Ocean islands",Odonata,Lestidae
"Lestes ochraceus (Selys, 1862)",Cosmoledo,"Clausnitzer, V., & Martens, A. (2004) Critical species of Odonata in the Comoros, Seychelles, Mascarenes and other small western Indian Ocean islands",Odonata,Lestidae
"Agrionoptera sanguinolenta (Lieftinck, 1962)",Ant,"Buden, D.W. (1994) The Odonata of Pakin, Ant, Mokil, and Pingelap Atolls, Eastern Caroline Islands, Micronesia",Odonata,Libellulidae
"Agrionoptera sanguinolenta (Lieftinck, 1962)",Mokil,"Lieftinck, M.A. (1962) Insects of Micronesia - Odonata",Odonata,Libellulidae
"Crocothemis servilia (Drury, 1773)",Palmyra,"Handler, A.T., et al. (2007) Arthropod surveys on Palmyra Atoll, Line Islands, and insights into the decline of the native tree Pisonia grandis (Nycatginaceae)",Odonata,Libellulidae
"Diplacodes bipunctata (Brauer, 1865)",Abariringa,"van Zwaluwenburg, R.H. (1955) The insects and certain other arthropods of Canton Island",Odonata,Libellulidae
"Diplacodes bipunctata (Brauer, 1865)",Arno,"Buden, D.W. (2018) Dragonflies and damselflies (Insecta - Odonata) of the Republic of the Marshall Islands",Odonata,Libellulidae
"Diplacodes bipunctata (Brauer, 1865)",Jaluit,"Lieftinck, M.A. (1962) Insects of Micronesia - Odonata",Odonata,Libellulidae
"Diplacodes bipunctata (Brauer, 1865)",Kwajalein,"Sugerman, B.B. (1972) Insects and other arthropods from Kwajalein atoll (Marshall Islands)",Odonata,Libellulidae
"Diplacodes bipunctata (Brauer, 1865)",Likiep,"Buden, D.W. (2018) Dragonflies and damselflies (Insecta - Odonata) of the Republic of the Marshall Islands",Odonata,Libellulidae
"Diplacodes bipunctata (Brauer, 1865)",Majuro,"Buden, D.W. (2018) Dragonflies and damselflies (Insecta - Odonata) of the Republic of the Marshall Islands",Odonata,Libellulidae
"Diplacodes bipunctata (Brauer, 1865)",Mokil,"Buden, D.W. (1994) The Odonata of Pakin, Ant, Mokil, and Pingelap Atolls, Eastern Caroline Islands, Micronesia",Odonata,Libellulidae
"Diplacodes bipunctata (Brauer, 1865)",Pingelap,"Buden, D.W. (1994) The Odonata of Pakin, Ant, Mokil, and Pingelap Atolls, Eastern Caroline Islands, Micronesia",Odonata,Libellulidae
"Diplacodes bipunctata (Brauer, 1865)",Ulithi,"Buden, D.W., & Paulson, D.R. (2007) Odonata of Yap, Western Caroline Islands, Micronesia",Odonata,Libellulidae
"Diplacodes trivialis (Rambur, 1842)",Aldabra,"Couteyen, S., & Papazian, M. (2012) Catalogue et affinités géographiques des Odonata des îles voisines de Madagascar",Odonata,Libellulidae
"Diplacodes trivialis (Rambur, 1842)",Diego Garcia,"Barnett, L.K., & Emms, C. (1996) An annotated checklist of the Chagos archipelago terrestrial fauna (omitting birds) recorded during the 1996 'Friends of the Chagos' expedition",Odonata,Libellulidae
"Macrodiplax cora (Brauer, 1867)",Diego Garcia,"Barnett, L.K., & Emms, C. (1996) An annotated checklist of the Chagos archipelago terrestrial fauna (omitting birds) recorded during the 1996 'Friends of the Chagos' expedition",Odonata,Libellulidae
"Neurothemis terminata (Ris, 1911)",Ulithi,"Buden, D.W., & Paulson, D.R. (2007) Odonata of Yap, Western Caroline Islands, Micronesia",Odonata,Libellulidae
"Orthetrum stemmale (Burmeister, 1839)",Diego Garcia,"Laidlaw, F.F. (1907) No. V - The Odonata",Odonata,Libellulidae
"Pantala flavescens (Fabricius, 1798)",Abariringa,"van Zwaluwenburg, R.H. (1955) The insects and certain other arthropods of Canton Island",Odonata,Libellulidae
"Pantala flavescens (Fabricius, 1798)",Aldabra,"Calvert, P.P. (1898) Odonata (Dragonflies) from the Indian Ocean, and from Kashmir, collected by Dr. W.L. Abbott",Odonata,Libellulidae
"Pantala flavescens (Fabricius, 1798)",Ant,"Buden, D.W. (1994) The Odonata of Pakin, Ant, Mokil, and Pingelap Atolls, Eastern Caroline Islands, Micronesia",Odonata,Libellulidae
"Pantala flavescens (Fabricius, 1798)",Arno,"Lieftinck, M.A. (1962) Insects of Micronesia - Odonata",Odonata,Libellulidae
"Pantala flavescens (Fabricius, 1798)",South Keeling,"Gibson-Hill, C.A. (1950) Notes on the insects taken on the Cocos-Keeling Islands",Odonata,Libellulidae
"Pantala flavescens (Fabricius, 1798)",Diego Garcia,"Barnett, L.K., & Emms, C. (1996) An annotated checklist of the Chagos archipelago terrestrial fauna (omitting birds) recorded during the 1996 'Friends of the Chagos' expedition",Odonata,Libellulidae
"Pantala flavescens (Fabricius, 1798)",Eniwetok,"Buden, D.W. (2018) Dragonflies and damselflies (Insecta - Odonata) of the Republic of the Marshall Islands",Odonata,Libellulidae
"Pantala flavescens (Fabricius, 1798)",French Frigate Shoals,"Beardsley, J.W. (1966) Insects and other terrestrial arthropods from the Leeward Hawaiian Islands",Odonata,Libellulidae
"Pantala flavescens (Fabricius, 1798)",Glorioso,"Couteyen, S., & Papazian, M. (2012) Catalogue et affinités géographiques des Odonata des îles voisines de Madagascar",Odonata,Libellulidae
"Pantala flavescens (Fabricius, 1798)",Jaluit,"Lieftinck, M.A. (1962) Insects of Micronesia - Odonata",Odonata,Libellulidae
"Pantala flavescens (Fabricius, 1798)",Kapingamarangi,"Lieftinck, M.A. (1962) Insects of Micronesia - Odonata",Odonata,Libellulidae
"Pantala flavescens (Fabricius, 1798)",Kwajalein,"Sugerman, B.B. (1972) Insects and other arthropods from Kwajalein atoll (Marshall Islands)",Odonata,Libellulidae
"Pantala flavescens (Fabricius, 1798)",Majuro,"Buden, D.W. (2018) Dragonflies and damselflies (Insecta - Odonata) of the Republic of the Marshall Islands",Odonata,Libellulidae
"Pantala flavescens (Fabricius, 1798)",Midway,"Nishida, G.M. & Beardsley, J.W. (2002) A review of the insects and related arthropods of Midway atoll",Odonata,Libellulidae
"Pantala flavescens (Fabricius, 1798)",Mokil,"Buden, D.W. (1994) The Odonata of Pakin, Ant, Mokil, and Pingelap Atolls, Eastern Caroline Islands, Micronesia",Odonata,Libellulidae
"Pantala flavescens (Fabricius, 1798)",Nukunonu,"Hickley, A.D. (1969) Ecology of terrestrial arthropods of the Tokelau atolls",Odonata,Libellulidae
"Pantala flavescens (Fabricius, 1798)",Onotoa,"Lieftinck, M.A. (1962) Insects of Micronesia - Odonata",Odonata,Libellulidae
"Pantala flavescens (Fabricius, 1798)",Palmyra,"Handler, A.T., et al. (2007) Arthropod surveys on Palmyra Atoll, Line Islands, and insights into the decline of the native tree Pisonia grandis (Nycatginaceae)",Odonata,Libellulidae
"Pantala flavescens (Fabricius, 1798)",Pingelap,"Lieftinck, M.A. (1962) Insects of Micronesia - Odonata",Odonata,Libellulidae
"Pantala flavescens (Fabricius, 1798)",Ulithi,"Buden, D.W., & Paulson, D.R. (2007) Odonata of Yap, Western Caroline Islands, Micronesia",Odonata,Libellulidae
"Rhyothemis phyllis (Sulzer, 1776)",Ulithi,"Buden, D.W., & Paulson, D.R. (2007) Odonata of Yap, Western Caroline Islands, Micronesia",Odonata,Libellulidae
"Rhyothemis variegata (L., 1763)",Diego Garcia,"Carr, P. (2022) Odonata of the Chagos Archipelago, Indian Ocean: an update",Odonata,Libellulidae
"Tholymis tillarga (Fabricius, 1798)",Ant,"Buden, D.W. (1994) The Odonata of Pakin, Ant, Mokil, and Pingelap Atolls, Eastern Caroline Islands, Micronesia",Odonata,Libellulidae
"Tholymis tillarga (Fabricius, 1798)",Arno,"Buden, D.W. (2018) Dragonflies and damselflies (Insecta - Odonata) of the Republic of the Marshall Islands",Odonata,Libellulidae
"Tholymis tillarga (Fabricius, 1798)",Kapingamarangi,"Lieftinck, M.A. (1962) Insects of Micronesia - Odonata",Odonata,Libellulidae
"Tholymis tillarga (Fabricius, 1798)",Kwajalein,"Sugerman, B.B. (1979) Additions to the list of insects and other arthropods from Kwajalein atoll (Marshall Islands)",Odonata,Libellulidae
"Tholymis tillarga (Fabricius, 1798)",Majuro,"Buden, D.W. (2018) Dragonflies and damselflies (Insecta - Odonata) of the Republic of the Marshall Islands",Odonata,Libellulidae
"Tholymis tillarga (Fabricius, 1798)",Mokil,"Buden, D.W. (1994) The Odonata of Pakin, Ant, Mokil, and Pingelap Atolls, Eastern Caroline Islands, Micronesia",Odonata,Libellulidae
"Tholymis tillarga (Fabricius, 1798)",Pingelap,"Buden, D.W. (1994) The Odonata of Pakin, Ant, Mokil, and Pingelap Atolls, Eastern Caroline Islands, Micronesia",Odonata,Libellulidae
"Tholymis tillarga (Fabricius, 1798)",Satawan,"Buden, D.W., & Paulson, D.R. (2007) Odonata of Yap, Western Caroline Islands, Micronesia",Odonata,Libellulidae
"Tholymis tillarga (Fabricius, 1798)",Ulithi,"Buden, D.W. (2011) The Odonata of Fais Island and Ulithi and Woleai Atolls, Yap State, Western Caroline Islands, Federated States of Micronesia",Odonata,Libellulidae
"Tramea basilaris (Palisot de Beauvois, 1817)",Aldabra,"Campion, H. (1913) No. XXVII - Odonata",Odonata,Libellulidae
"Tramea basilaris (Palisot de Beauvois, 1817)",Glorioso,"Couteyen, S., & Papazian, M. (2012) Catalogue et affinités géographiques des Odonata des îles voisines de Madagascar",Odonata,Libellulidae
"Tramea continentalis (Selys, 1878)",Diego Garcia,"Laidlaw, F.F. (1907) No. V - The Odonata",Odonata,Libellulidae
"Tramea lacerata (Hagen, 1861)",Eniwetok,"Samuelson, G.A., & Nishida, G.M. (1987) Insects and allies (arthropods) of Enewetak atoll",Odonata,Libellulidae
"Tramea limbata (Desjardins, 1835)",Diego Garcia,"Barnett, L.K., & Emms, C. (1996) An annotated checklist of the Chagos archipelago terrestrial fauna (omitting birds) recorded during the 1996 'Friends of the Chagos' expedition",Odonata,Libellulidae
"Tramea rosenbergi (Brauer, 1866)",South Keeling,"Gibson-Hill, C.A. (1950) Notes on the insects taken on the Cocos-Keeling Islands",Odonata,Libellulidae
"Tramea transmarina (Brauer, 1867)",Ant,"Buden, D.W. (1994) The Odonata of Pakin, Ant, Mokil, and Pingelap Atolls, Eastern Caroline Islands, Micronesia",Odonata,Libellulidae
"Tramea transmarina (Brauer, 1867)",Arno,"Lieftinck, M.A. (1962) Insects of Micronesia - Odonata",Odonata,Libellulidae
"Tramea transmarina (Brauer, 1867)",Eniwetok,"Buden, D.W. (2018) Dragonflies and damselflies (Insecta - Odonata) of the Republic of the Marshall Islands",Odonata,Libellulidae
"Tramea transmarina (Brauer, 1867)",Kwajalein,"Sugerman, B.B. (1972) Insects and other arthropods from Kwajalein atoll (Marshall Islands)",Odonata,Libellulidae
"Tramea transmarina (Brauer, 1867)",Likiep,"Lieftinck, M.A. (1962) Insects of Micronesia - Odonata",Odonata,Libellulidae
"Tramea transmarina (Brauer, 1867)",Majuro,"Buden, D.W. (2018) Dragonflies and damselflies (Insecta - Odonata) of the Republic of the Marshall Islands",Odonata,Libellulidae
"Tramea transmarina (Brauer, 1867)",Mokil,"Buden, D.W. (1994) The Odonata of Pakin, Ant, Mokil, and Pingelap Atolls, Eastern Caroline Islands, Micronesia",Odonata,Libellulidae
"Tramea transmarina (Brauer, 1867)",Onotoa,"Lieftinck, M.A. (1962) Insects of Micronesia - Odonata",Odonata,Libellulidae
"Tramea transmarina (Brauer, 1867)",Pingelap,"Buden, D.W. (1994) The Odonata of Pakin, Ant, Mokil, and Pingelap Atolls, Eastern Caroline Islands, Micronesia",Odonata,Libellulidae
"Zyxomma petiolatum (Rambur, 1842)",Diego Garcia,"Carr, P. (2022) Odonata of the Chagos Archipelago, Indian Ocean: an update",Odonata,Libellulidae
"Anisolabis maritima (Bonelli, 1832)",Jaluit,"Brindle, A. (1972) Insects of Micronesia - Dermaptera",Dermaptera,Anisolabididae
"Anisolabis maritima (Bonelli, 1832)",Johnston,"Binion Amerson, A., & Shelton, P.C. (1976) The natural history of Johnston atoll, Central Pacific Ocean",Dermaptera,Anisolabididae
"Anisolabis maritima (Bonelli, 1832)",Kwajalein,"Kevan, D.K.Mc.E., & Vickery, V.R. (1997) An annotated provisional list of non-saltatorial orthopteroid insects of Micronesia",Dermaptera,Anisolabididae
"Anisolabis maritima (Bonelli, 1832)",Laysan,"Bryan, E.H. (1926) Insects of Hawaii, Johnston Island and Wake Island",Dermaptera,Anisolabididae
"Anisolabis maritima (Bonelli, 1832)",Midway,"Suehiro, A. (1960) Insects and other arthropods from Midway atoll",Dermaptera,Anisolabididae
"Anisolabis maritima (Bonelli, 1832)",Ulithi,"Kevan, D.K.Mc.E., & Vickery, V.R. (1997) An annotated provisional list of non-saltatorial orthopteroid insects of Micronesia",Dermaptera,Anisolabididae
"Anisolabis maritima (Bonelli, 1832)",Wake,"Kevan, D.K.Mc.E., & Vickery, V.R. (1997) An annotated provisional list of non-saltatorial orthopteroid insects of Micronesia",Dermaptera,Anisolabididae
"Anisolabis pacifica (Erichson, 1842)",Laysan,"Butler, G.D. (1961) Insects and other arthropods from Laysan Island",Dermaptera,Anisolabididae
Anisolabis sp.,Diego Garcia,"Hutson, A.M. (1981) A preliminary list of insects of Diego Garcia Atoll, Chagos Archipelago",Dermaptera,Anisolabididae
"Euborellia annulipes (Lucas, 1847)",Abariringa,"Kevan, D.K.Mc.E., & Vickery, V.R. (1997) An annotated provisional list of non-saltatorial orthopteroid insects of Micronesia",Dermaptera,Anisolabididae
"Euborellia annulipes (Lucas, 1847)",Clipperton,"Garrouste, R., & Hervé, C. (2009) La faune des insectes (Insecta s.l.) de l'atoll de Clipperton",Dermaptera,Anisolabididae
"Euborellia annulipes (Lucas, 1847)",South Keeling,"Wood-Jones, F. (1909) The fauna of the Cocos-Keeling Atoll, collected by F. Wood-Jones",Dermaptera,Anisolabididae
"Euborellia annulipes (Lucas, 1847)",Eniwetok,"Samuelson, G.A., & Nishida, G.M. (1987) Insects and allies (arthropods) of Enewetak atoll",Dermaptera,Anisolabididae
"Euborellia annulipes (Lucas, 1847)",French Frigate Shoals,"Beardsley, J.W. (1966) Insects and other terrestrial arthropods from the Leeward Hawaiian Islands",Dermaptera,Anisolabididae
"Euborellia annulipes (Lucas, 1847)",Glorioso,"Paulian, R. (1989) Les insectes des Îles Glorieuses",Dermaptera,Anisolabididae
"Euborellia annulipes (Lucas, 1847)",Johnston,"Binion Amerson, A., & Shelton, P.C. (1976) The natural history of Johnston atoll, Central Pacific Ocean",Dermaptera,Anisolabididae
"Euborellia annulipes (Lucas, 1847)",Kure,"Butler, G.D., & Usinger, R.L. (1963) Insects and other arthropods from Kure Island",Dermaptera,Anisolabididae
"Euborellia annulipes (Lucas, 1847)",Kwajalein,"Kevan, D.K.Mc.E., & Vickery, V.R. (1997) An annotated provisional list of non-saltatorial orthopteroid insects of Micronesia",Dermaptera,Anisolabididae
"Euborellia annulipes (Lucas, 1847)",Laysan,"Butler, G.D. (1961) Insects and other arthropods from Laysan Island",Dermaptera,Anisolabididae
"Euborellia annulipes (Lucas, 1847)",Midway,"Suehiro, A. (1960) Insects and other arthropods from Midway atoll",Dermaptera,Anisolabididae
"Euborellia annulipes (Lucas, 1847)",Palmyra,"Handler, A.T., et al. (2007) Arthropod surveys on Palmyra Atoll, Line Islands, and insights into the decline of the native tree Pisonia grandis (Nycatginaceae)",Dermaptera,Anisolabididae
"Euborellia annulipes (Lucas, 1847)",Pearl and Hermes,"Beardsley, J.W. (1966) Insects and other terrestrial arthropods from the Leeward Hawaiian Islands",Dermaptera,Anisolabididae
"Euborellia annulipes (Lucas, 1847)",Rose,"Peck, R.W., et al. (2014) Arthropods of Rose atoll with special reference to ants and Pulvianaria urbicola scales (Hemiptera: Coccidae) on Pisonia grandis trees",Dermaptera,Anisolabididae
"Euborellia annulipes (Lucas, 1847)",Takapoto,"Rivière, F. (1979) La vie animale terrestre à Takapoto",Dermaptera,Anisolabididae
"Euborellia annulipes (Lucas, 1847)",Wake,"Kevan, D.K.Mc.E., & Vickery, V.R. (1997) An annotated provisional list of non-saltatorial orthopteroid insects of Micronesia",Dermaptera,Anisolabididae
"Euborellia eteronoma (Borelli, 1909)",Abariringa,"van Zwaluwenburg, R.H. (1955) The insects and certain other arthropods of Canton Island",Dermaptera,Anisolabididae
"Euborellia eteronoma (Borelli, 1909)",French Frigate Shoals,"Beardsley, J.W. (1966) Insects and other terrestrial arthropods from the Leeward Hawaiian Islands",Dermaptera,Anisolabididae
"Euborellia eteronoma (Borelli, 1909)",Kure,"Butler, G.D., & Usinger, R.L. (1963) Insects and other arthropods from Kure Island",Dermaptera,Anisolabididae
"Euborellia eteronoma (Borelli, 1909)",Laysan,"Butler, G.D. (1961) Insects and other arthropods from Laysan Island",Dermaptera,Anisolabididae
"Euborellia eteronoma (Borelli, 1909)",Pearl and Hermes,"Beardsley, J.W. (1966) Insects and other terrestrial arthropods from the Leeward Hawaiian Islands",Dermaptera,Anisolabididae
"Euborellia plebeja (Dohrn, 1863)",Aldabra,"Spaull, V.W. (1979) Distribution of soil and litter arthropods on Aldabra atoll",Dermaptera,Anisolabididae
"Euborellia stali (Dohrn, 1864)",Aldabra,"Burr, M. (1910) No. VII - Dermaptera",Dermaptera,Anisolabididae
"Euborellia stali (Dohrn, 1864)",Cosmoledo,"Burr, M. (1910) No. VII - Dermaptera",Dermaptera,Anisolabididae
"Euborellia stali (Dohrn, 1864)",Farquhar,"Burr, M. (1910) No. VII - Dermaptera",Dermaptera,Anisolabididae
"Euborellia stali (Dohrn, 1864)",Kavaratti,"Srivastava, G.K. (2002) Notes on the Dermaptera (Insecta) of Lakshadweep with the description of a new species",Dermaptera,Anisolabididae
"Euborellia stali (Dohrn, 1864)",Kwajalein,"Kevan, D.K.Mc.E., & Vickery, V.R. (1997) An annotated provisional list of non-saltatorial orthopteroid insects of Micronesia",Dermaptera,Anisolabididae
"Euborellia stali (Dohrn, 1864)",Wake,"Kevan, D.K.Mc.E., & Vickery, V.R. (1997) An annotated provisional list of non-saltatorial orthopteroid insects of Micronesia",Dermaptera,Anisolabididae
Euborellia sp.,Kavaratti,"Ghosh, A.K. (1991) Fauna of Lakshadweep",Dermaptera,Anisolabididae
"Chelisoches morio (Fabricius, 1775)",Arno,"Kevan, D.K.Mc.E., & Vickery, V.R. (1997) An annotated provisional list of non-saltatorial orthopteroid insects of Micronesia",Dermaptera,Chelisochidae
"Chelisoches morio (Fabricius, 1775)",Diego Garcia,"Hutson, A.M. (1981) A preliminary list of insects of Diego Garcia Atoll, Chagos Archipelago",Dermaptera,Chelisochidae
"Chelisoches morio (Fabricius, 1775)",Eniwetok,"Kevan, D.K.Mc.E., & Vickery, V.R. (1997) An annotated provisional list of non-saltatorial orthopteroid insects of Micronesia",Dermaptera,Chelisochidae
"Chelisoches morio (Fabricius, 1775)",Farquhar,"Burr, M. (1910) No. VII - Dermaptera",Dermaptera,Chelisochidae
"Chelisoches morio (Fabricius, 1775)",Jaluit,"Kevan, D.K.Mc.E., & Vickery, V.R. (1997) An annotated provisional list of non-saltatorial orthopteroid insects of Micronesia",Dermaptera,Chelisochidae
"Chelisoches morio (Fabricius, 1775)",Kapingamarangi,"Kevan, D.K.Mc.E., & Vickery, V.R. (1997) An annotated provisional list of non-saltatorial orthopteroid insects of Micronesia",Dermaptera,Chelisochidae
"Chelisoches morio (Fabricius, 1775)",Kwajalein,"Sugerman, B.B. (1979) Additions to the list of insects and other arthropods from Kwajalein atoll (Marshall Islands)",Dermaptera,Chelisochidae
"Chelisoches morio (Fabricius, 1775)",Majuro,"Kevan, D.K.Mc.E., & Vickery, V.R. (1997) An annotated provisional list of non-saltatorial orthopteroid insects of Micronesia",Dermaptera,Chelisochidae
"Chelisoches morio (Fabricius, 1775)",Nukunonu,"Hickley, A.D. (1969) Ecology of terrestrial arthropods of the Tokelau atolls",Dermaptera,Chelisochidae
"Chelisoches morio (Fabricius, 1775)",Takapoto,"Rivière, F. (1979) La vie animale terrestre à Takapoto",Dermaptera,Chelisochidae
"Chelisoches morio (Fabricius, 1775)",Ulithi,"Kevan, D.K.Mc.E., & Vickery, V.R. (1997) An annotated provisional list of non-saltatorial orthopteroid insects of Micronesia",Dermaptera,Chelisochidae
Hamaxas sp.,Diego Garcia,"Hutson, A.M. (1981) A preliminary list of insects of Diego Garcia Atoll, Chagos Archipelago",Dermaptera,Chelisochidae
"Labidura riparia (Pallas, 1773)",Diego Garcia,"Hutson, A.M. (1981) A preliminary list of insects of Diego Garcia Atoll, Chagos Archipelago",Dermaptera,Labiduridae
"Labidura riparia (Pallas, 1773)",Eniwetok,"Brindle, A. (1972) Insects of Micronesia - Dermaptera",Dermaptera,Labiduridae
"Labidura riparia (Pallas, 1773)",Jaluit,"Brindle, A. (1972) Insects of Micronesia - Dermaptera",Dermaptera,Labiduridae
"Labidura riparia (Pallas, 1773)",Kiritimati,"Kevan, D.K.Mc.E., & Vickery, V.R. (1997) An annotated provisional list of non-saltatorial orthopteroid insects of Micronesia",Dermaptera,Labiduridae
"Labidura riparia (Pallas, 1773)",Kwajalein,"Sugerman, B.B. (1972) Insects and other arthropods from Kwajalein atoll (Marshall Islands)",Dermaptera,Labiduridae
"Labidura riparia (Pallas, 1773)",Majuro,"Kevan, D.K.Mc.E., & Vickery, V.R. (1997) An annotated provisional list of non-saltatorial orthopteroid insects of Micronesia",Dermaptera,Labiduridae
"Labidura riparia (Pallas, 1773)",Midway,"Suehiro, A. (1960) Insects and other arthropods from Midway atoll",Dermaptera,Labiduridae
"Labidura riparia (Pallas, 1773)",Wake,"Brindle, A. (1972) Insects of Micronesia - Dermaptera",Dermaptera,Labiduridae
"Marava arachidis (Yersin, 1860)",Jaluit,"Kevan, D.K.Mc.E., & Vickery, V.R. (1997) An annotated provisional list of non-saltatorial orthopteroid insects of Micronesia",Dermaptera,Spongiphoridae
"Marava arachidis (Yersin, 1860)",Kwajalein,"Kevan, D.K.Mc.E., & Vickery, V.R. (1997) An annotated provisional list of non-saltatorial orthopteroid insects of Micronesia",Dermaptera,Spongiphoridae
"Paralabella curvicauda (Motschulsky, 1863)",Arno,"Brindle, A. (1972) Insects of Micronesia - Dermaptera",Dermaptera,Spongiphoridae
"Paralabella curvicauda (Motschulsky, 1863)",Diego Garcia,"Hutson, A.M. (1981) A preliminary list of insects of Diego Garcia Atoll, Chagos Archipelago",Dermaptera,Spongiphoridae
"Paralabella curvicauda (Motschulsky, 1863)",Jaluit,"Brindle, A. (1972) Insects of Micronesia - Dermaptera",Dermaptera,Spongiphoridae
"Paralabella curvicauda (Motschulsky, 1863)",Kapingamarangi,"Brindle, A. (1972) Insects of Micronesia - Dermaptera",Dermaptera,Spongiphoridae
"Paralabella curvicauda (Motschulsky, 1863)",Kwajalein,"Brindle, A. (1972) Insects of Micronesia - Dermaptera",Dermaptera,Spongiphoridae
"Paralabella curvicauda (Motschulsky, 1863)",Majuro,"Brindle, A. (1972) Insects of Micronesia - Dermaptera",Dermaptera,Spongiphoridae
"Paralabella curvicauda (Motschulsky, 1863)",Pingelap,"Brindle, A. (1972) Insects of Micronesia - Dermaptera",Dermaptera,Spongiphoridae
"Paralabella curvicauda (Motschulsky, 1863)",Ulithi,"Brindle, A. (1972) Insects of Micronesia - Dermaptera",Dermaptera,Spongiphoridae
"Acrotylus humbertianus (Saussure, 1884)",Kavaratti,"Ghosh, A.K. (1991) Fauna of Lakshadweep",Orthoptera,Acrididae
"Acrotylus patruelis (Herrich-Schäffer, 1838)",Aldabra,"Bolivar, I. (1912) No. XVI - Orthoptera: Acrydiidae, Phasgonuridae, Gryllidae",Orthoptera,Acrididae
"Acrydium (Patanga) cf. japonicum (Bolívar, 1898)",South Keeling,"Wood-Jones, F. (1909) The fauna of the Cocos-Keeling Atoll, collected by F. Wood-Jones",Orthoptera,Acrididae
"Aiolopus simulatrix (Walker, 1870)",Diego Garcia,"Barnett, L.K., & Emms, C. (1996) An annotated checklist of the Chagos archipelago terrestrial fauna (omitting birds) recorded during the 1996 'Friends of the Chagos' expedition",Orthoptera,Acrididae
"Aiolopus simulatrix (Walker, 1870)",Kavaratti,"Ghosh, A.K. (1991) Fauna of Lakshadweep",Orthoptera,Acrididae
"Aiolopus thalassinus (Fabricius, 1781)",Abariringa,"Degener, O., & Gillaspy, E. (1955) Canton Island, South Pacific",Orthoptera,Acrididae
"Aiolopus thalassinus (Fabricius, 1781)",Aldabra,"Bolivar, I. (1912) No. XVI - Orthoptera: Acrydiidae, Phasgonuridae, Gryllidae",Orthoptera,Acrididae
"Aiolopus thalassinus (Fabricius, 1781)",Bikini,"Kevan, D.K.Mc.E., Vickery, V.R., & English, M.-L. (1997) Acridoidea and related Orthoptera (Grasshoppers) of Micronesia",Orthoptera,Acrididae
"Aiolopus thalassinus (Fabricius, 1781)",Cosmoledo,"Bolivar, I. (1912) No. XVI - Orthoptera: Acrydiidae, Phasgonuridae, Gryllidae",Orthoptera,Acrididae
"Aiolopus thalassinus (Fabricius, 1781)",Diego Garcia,"Bolivar, I. (1912) No. XVI - Orthoptera: Acrydiidae, Phasgonuridae, Gryllidae",Orthoptera,Acrididae
"Aiolopus thalassinus (Fabricius, 1781)",Eniwetok,"Kevan, D.K.Mc.E., Vickery, V.R., & English, M.-L. (1997) Acridoidea and related Orthoptera (Grasshoppers) of Micronesia",Orthoptera,Acrididae
"Aiolopus thalassinus (Fabricius, 1781)",Farquhar,"Bolivar, I. (1912) No. XVI - Orthoptera: Acrydiidae, Phasgonuridae, Gryllidae",Orthoptera,Acrididae
"Aiolopus thalassinus (Fabricius, 1781)",Glorioso,"Parnaudeau, R., et al. (2013) Les Acrididae des Îles Eparses (Orthoptera, Caelifera)",Orthoptera,Acrididae
"Aiolopus thalassinus (Fabricius, 1781)",Kwajalein,"Kevan, D.K.Mc.E., Vickery, V.R., & English, M.-L. (1997) Acridoidea and related Orthoptera (Grasshoppers) of Micronesia",Orthoptera,Acrididae
"Aiolopus thalassinus (Fabricius, 1781)",Majuro,"Kevan, D.K.Mc.E., Vickery, V.R., & English, M.-L. (1997) Acridoidea and related Orthoptera (Grasshoppers) of Micronesia",Orthoptera,Acrididae
"Aiolopus thalassinus (Fabricius, 1781)",Nukunonu,"Hickley, A.D. (1969) Ecology of terrestrial arthropods of the Tokelau atolls",Orthoptera,Acrididae
"Aiolopus thalassinus (Fabricius, 1781)",Rongelap,"Kevan, D.K.Mc.E., Vickery, V.R., & English, M.-L. (1997) Acridoidea and related Orthoptera (Grasshoppers) of Micronesia",Orthoptera,Acrididae
"Aiolopus thalassinus (Fabricius, 1781)",Ujae,"Kevan, D.K.Mc.E., Vickery, V.R., & English, M.-L. (1997) Acridoidea and related Orthoptera (Grasshoppers) of Micronesia",Orthoptera,Acrididae
"Aiolopus thalassinus (Fabricius, 1781)",Wake,"Kevan, D.K.Mc.E., Vickery, V.R., & English, M.-L. (1997) Acridoidea and related Orthoptera (Grasshoppers) of Micronesia",Orthoptera,Acrididae
"Aiolopus thalassinus (Fabricius, 1781)",Wotho,"Kevan, D.K.Mc.E., Vickery, V.R., & English, M.-L. (1997) Acridoidea and related Orthoptera (Grasshoppers) of Micronesia",Orthoptera,Acrididae
"Anacridium flavescens (Fabricius, 1793)",Kavaratti,"Ghosh, A.K. (1991) Fauna of Lakshadweep",Orthoptera,Acrididae
"Austracris guttulosa (Walker, 1870)",South Keeling,"Bellis, G.A., et al. (2004) Records of insect pests on Christmas Island and the Cocos (Keeling) Islands, Indian Ocean",Orthoptera,Acrididae
"Catantopsis malagassus (Karny, 1907)",Glorioso,"Parnaudeau, R., et al. (2013) Les Acrididae des Îles Eparses (Orthoptera, Caelifera)",Orthoptera,Acrididae
"Catantopsis sacalava (Brancsik, 1893)",Glorioso,"Parnaudeau, R., et al. (2013) Les Acrididae des Îles Eparses (Orthoptera, Caelifera)",Orthoptera,Acrididae
"Conipoda aldabrae (Saussure, 1899)",Aldabra,"Bolivar, I. (1912) No. XVI - Orthoptera: Acrydiidae, Phasgonuridae, Gryllidae",Orthoptera,Acrididae
"Conipoda aldabrae (Saussure, 1899)",Cosmoledo,"Bolivar, I. (1912) No. XVI - Orthoptera: Acrydiidae, Phasgonuridae, Gryllidae",Orthoptera,Acrididae
"Conipoda calcarata (Saussure, 1884)",Glorioso,"Parnaudeau, R., et al. (2013) Les Acrididae des Îles Eparses (Orthoptera, Caelifera)",Orthoptera,Acrididae
"Cyrtacanthacris tatarica (L., 1758)",Aldabra,"Bolivar, I. (1912) No. XVI - Orthoptera: Acrydiidae, Phasgonuridae, Gryllidae",Orthoptera,Acrididae
"Cyrtacanthacris tatarica (L., 1758)",Astove,"Bolivar, I. (1912) No. XVI - Orthoptera: Acrydiidae, Phasgonuridae, Gryllidae",Orthoptera,Acrididae
"Cyrtacanthacris tatarica (L., 1758)",Cosmoledo,"Bayne, C.J., et al. (1970) Geography and ecology of Cosmoledo atoll",Orthoptera,Acrididae
"Cyrtacanthacris tatarica (L., 1758)",Glorioso,"Parnaudeau, R., et al. (2013) Les Acrididae des Îles Eparses (Orthoptera, Caelifera)",Orthoptera,Acrididae
"Diabolocatantops axillaris (Thunberg, 1815)",Aldabra,"Bolivar, I. (1912) No. XVI - Orthoptera: Acrydiidae, Phasgonuridae, Gryllidae",Orthoptera,Acrididae
"Diabolocatantops axillaris (Thunberg, 1815)",Cosmoledo,"Bolivar, I. (1912) No. XVI - Orthoptera: Acrydiidae, Phasgonuridae, Gryllidae",Orthoptera,Acrididae
"Diabolocatantops axillaris (Thunberg, 1815)",Glorioso,"Parnaudeau, R., et al. (2013) Les Acrididae des Îles Eparses (Orthoptera, Caelifera)",Orthoptera,Acrididae
"Diabolocatantops innotabilis (Walker, 1870)",Kavaratti,"Ghosh, A.K. (1991) Fauna of Lakshadweep",Orthoptera,Acrididae
"Heteropternis obscurella (Blanchard, 1853)",Ulithi,"Kevan, D.K.Mc.E., Vickery, V.R., & English, M.-L. (1997) Acridoidea and related Orthoptera (Grasshoppers) of Micronesia",Orthoptera,Acrididae
"Locusta migratoria (L., 1758)",South Keeling,"Bellis, G.A., et al. (2004) Records of insect pests on Christmas Island and the Cocos (Keeling) Islands, Indian Ocean",Orthoptera,Acrididae
"Locusta migratoria (L., 1758)",Kwajalein,"Sugerman, B.B. (1972) Insects and other arthropods from Kwajalein atoll (Marshall Islands)",Orthoptera,Acrididae
"Locusta migratoria (L., 1758)",Majuro,"Kevan, D.K.Mc.E., Vickery, V.R., & English, M.-L. (1997) Acridoidea and related Orthoptera (Grasshoppers) of Micronesia",Orthoptera,Acrididae
"Morphacris fasciata (Thunberg, 1815)",Kavaratti,"Ghosh, A.K. (1991) Fauna of Lakshadweep",Orthoptera,Acrididae
"Oedaleus virgula (Snellen van Vollenhoven, 1869)",Glorioso,"Parnaudeau, R., et al. (2013) Les Acrididae des Îles Eparses (Orthoptera, Caelifera)",Orthoptera,Acrididae
"Oxya chinensis (Thunberg, 1815)",Palmyra,"Krauss, N.L.H. (1953) Insects and other invertebrates from Palmyra atoll and Christmas Island",Orthoptera,Acrididae
"Oxya hyla (Serville, 1831)",Jaluit,"Kevan, D.K.Mc.E., Vickery, V.R., & English, M.-L. (1997) Acridoidea and related Orthoptera (Grasshoppers) of Micronesia",Orthoptera,Acrididae
"Oxya japonica (Thunberg, 1824)",Kapingamarangi,"Kevan, D.K.Mc.E., Vickery, V.R., & English, M.-L. (1997) Acridoidea and related Orthoptera (Grasshoppers) of Micronesia",Orthoptera,Acrididae
"Oxya japonica (Thunberg, 1824)",Midway,"Suehiro, A. (1960) Insects and other arthropods from Midway atoll",Orthoptera,Acrididae
"Oxya japonica (Thunberg, 1824)",Palmyra,"Handler, A.T., et al. (2007) Arthropod surveys on Palmyra Atoll, Line Islands, and insights into the decline of the native tree Pisonia grandis (Nycatginaceae)",Orthoptera,Acrididae
"Valanga nigricornis (Burmeister, 1838)",Ngcheangel,"Kevan, D.K.Mc.E., Vickery, V.R., & English, M.-L. (1997) Acridoidea and related Orthoptera (Grasshoppers) of Micronesia",Orthoptera,Acrididae
"Valanga nigricornis (Burmeister, 1838)",Ulithi,"Kevan, D.K.Mc.E., Vickery, V.R., & English, M.-L. (1997) Acridoidea and related Orthoptera (Grasshoppers) of Micronesia",Orthoptera,Acrididae
"Claudiagryllacris fryeri (Bolívar, 1912)",Aldabra,"Bolivar, I. (1912) No. XVI - Orthoptera: Acrydiidae, Phasgonuridae, Gryllidae",Orthoptera,Gryllacrididae
"Gryllacris appendiculata (Brunner von Wattenwyl, 1888)",Arno,"Vickery, V.R., Kevan, D.K.McE., & English, M.-L. (1999) Insects of Micronesia - Gryllacridoidea, Rhaphidophorioidea and Tettigonioidea (Grylloptera)",Orthoptera,Gryllacrididae
"Gryllacris appendiculata (Brunner von Wattenwyl, 1888)",Jaluit,"Vickery, V.R., Kevan, D.K.McE., & English, M.-L. (1999) Insects of Micronesia - Gryllacridoidea, Rhaphidophorioidea and Tettigonioidea (Grylloptera)",Orthoptera,Gryllacrididae
"Gryllacris appendiculata (Brunner von Wattenwyl, 1888)",Likiep,"Vickery, V.R., Kevan, D.K.McE., & English, M.-L. (1999) Insects of Micronesia - Gryllacridoidea, Rhaphidophorioidea and Tettigonioidea (Grylloptera)",Orthoptera,Gryllacrididae
"Gryllacris cf. signifera (Stoll, 1813)",South Keeling,"Wood-Jones, F. (1909) The fauna of the Cocos-Keeling Atoll, collected by F. Wood-Jones",Orthoptera,Gryllacrididae
"Teleogryllus oceanicus (Le Guillou, 1841)",Takapoto,"Rivière, F. (1979) La vie animale terrestre à Takapoto",Orthoptera,Gryllacrididae
"Acheta domesticus (L., 1758)",Diego Garcia,"Barnett, L.K., & Emms, C. (1996) An annotated checklist of the Chagos archipelago terrestrial fauna (omitting birds) recorded during the 1996 'Friends of the Chagos' expedition",Orthoptera,Gryllidae
"Fryerius aphonoides (Bolívar, 1912)",Aldabra,"Bolivar, I. (1912) No. XVI - Orthoptera: Acrydiidae, Phasgonuridae, Gryllidae",Orthoptera,Gryllidae
"Gryllodes sigillatus (Walker, 1869)",Abariringa,"van Zwaluwenburg, R.H. (1955) The insects and certain other arthropods of Canton Island",Orthoptera,Gryllidae
"Gryllodes sigillatus (Walker, 1869)",South Keeling,"Wood-Jones, F. (1909) The fauna of the Cocos-Keeling Atoll, collected by F. Wood-Jones",Orthoptera,Gryllidae
"Gryllodes sigillatus (Walker, 1869)",Diego Garcia,"Hutson, A.M. (1981) A preliminary list of insects of Diego Garcia Atoll, Chagos Archipelago",Orthoptera,Gryllidae
"Gryllodes sigillatus (Walker, 1869)",Eniwetok,"Samuelson, G.A., & Nishida, G.M. (1987) Insects and allies (arthropods) of Enewetak atoll",Orthoptera,Gryllidae
"Gryllodes sigillatus (Walker, 1869)",French Frigate Shoals,"Beardsley, J.W. (1966) Insects and other terrestrial arthropods from the Leeward Hawaiian Islands",Orthoptera,Gryllidae
"Gryllodes sigillatus (Walker, 1869)",Johnston,"Rash, R. (2020) Checklist and images documenting the biodiversity of Johnston Atoll National Wildlife Refuge",Orthoptera,Gryllidae
"Gryllodes sigillatus (Walker, 1869)",Midway,"Suehiro, A. (1960) Insects and other arthropods from Midway atoll",Orthoptera,Gryllidae
"Gryllodes sigillatus (Walker, 1869)",Nukunonu,"Hickley, A.D. (1969) Ecology of terrestrial arthropods of the Tokelau atolls",Orthoptera,Gryllidae
"Gryllodes sigillatus (Walker, 1869)",Takapoto,"Rivière, F. (1979) La vie animale terrestre à Takapoto",Orthoptera,Gryllidae
"Gryllus bimaculatus (De Geer, 1773)",Aldabra,"Cogan, B.H., & Hutson, A.M. (1971) Preliminary observations on the affinities and composition of the insect fauna of Aldabra",Orthoptera,Gryllidae
"Gryllus bimaculatus (De Geer, 1773)",Cosmoledo,"Bolivar, I. (1912) No. XVI - Orthoptera: Acrydiidae, Phasgonuridae, Gryllidae",Orthoptera,Gryllidae
"Modicogryllus conspersus (Schaum, 1853)",Midway,"Nishida, G.M. & Beardsley, J.W. (2002) A review of the insects and related arthropods of Midway atoll",Orthoptera,Gryllidae
"Oecanthus lineolatus (Saussure, 1897)",Aldabra,"Bolivar, I. (1912) No. XVI - Orthoptera: Acrydiidae, Phasgonuridae, Gryllidae",Orthoptera,Gryllidae
"Oecanthus lineolatus (Saussure, 1897)",Farquhar,"Bolivar, I. (1912) No. XVI - Orthoptera: Acrydiidae, Phasgonuridae, Gryllidae",Orthoptera,Gryllidae
"Scapsipedus marginatus (Afzelius & Brannius, 1804)",Cosmoledo,"Bolivar, I. (1924) Bolivar, I. (1924) No. XLV - Orthoptera Dictyoptera (Blattidae and Mantidae), and supplement to Gryllidae, of the Seychelles and adjacent islands",Orthoptera,Gryllidae
"Teleogryllus oceanicus (Le Guillou, 1841)",French Frigate Shoals,"Beardsley, J.W. (1966) Insects and other terrestrial arthropods from the Leeward Hawaiian Islands",Orthoptera,Gryllidae
"Teleogryllus oceanicus (Le Guillou, 1841)",Palmyra,"Handler, A.T., et al. (2007) Arthropod surveys on Palmyra Atoll, Line Islands, and insights into the decline of the native tree Pisonia grandis (Nycatginaceae)",Orthoptera,Gryllidae
"Gryllotalpa africana (Palisot de Beauvois, 1805)",Aldabra,"Bolivar, I. (1912) No. XVI - Orthoptera: Acrydiidae, Phasgonuridae, Gryllidae",Orthoptera,Gryllotalpidae
Gryllotalpa sp.,Diego Garcia,"Hutson, A.M. (1981) A preliminary list of insects of Diego Garcia Atoll, Chagos Archipelago",Orthoptera,Gryllotalpidae
"Arachnocephalus subsulcatus (Saussure, 1899)",Aldabra,"Matyot, P. (1998) The orthopteroids of the Seychelles: a threatened island fauna",Orthoptera,Mogoplistidae
"Arachnocephalus subsulcatus (Saussure, 1899)",Astove,"Matyot, P. (1998) The orthopteroids of the Seychelles: a threatened island fauna",Orthoptera,Mogoplistidae
"Arachnocephalus subsulcatus (Saussure, 1899)",Cosmoledo,"Matyot, P. (1998) The orthopteroids of the Seychelles: a threatened island fauna",Orthoptera,Mogoplistidae
"Arachnocephalus vestitus (Costa, 1855)",Funafuti,"Hedley, C. (1900) The atoll of Funafuti, Ellice Group - its zoology, botany, ethnology, and general structure",Orthoptera,Mogoplistidae
Cycloptilum sp.,Palmyra,"Handler, A.T., et al. (2007) Arthropod surveys on Palmyra Atoll, Line Islands, and insights into the decline of the native tree Pisonia grandis (Nycatginaceae)",Orthoptera,Mogoplistidae
"Ectatoderus ceylonicus (Chopard, 1928)",Kavaratti,"Ghosh, A.K. (1991) Fauna of Lakshadweep",Orthoptera,Mogoplistidae
"Ectatoderus nigriceps (Bolívar, 1912)",Aldabra,"Bolivar, I. (1912) No. XVI - Orthoptera: Acrydiidae, Phasgonuridae, Gryllidae",Orthoptera,Mogoplistidae
"Ectatoderus squamiger (Bolívar, 1912)",Aldabra,"Bolivar, I. (1912) No. XVI - Orthoptera: Acrydiidae, Phasgonuridae, Gryllidae",Orthoptera,Mogoplistidae
"Ectatoderus squamiger (Bolívar, 1912)",Cosmoledo,"Matyot, P. (1998) The orthopteroids of the Seychelles: a threatened island fauna",Orthoptera,Mogoplistidae
"Ornebius bimaculatus (Shiraki, 1930)",Eniwetok,"Samuelson, G.A., & Nishida, G.M. (1987) Insects and allies (arthropods) of Enewetak atoll",Orthoptera,Mogoplistidae
"Ornebius novarae (Saussure, 1877)",Nukunonu,"Hickley, A.D. (1969) Ecology of terrestrial arthropods of the Tokelau atolls",Orthoptera,Mogoplistidae
"Ornebius novarae (Saussure, 1877)",Takapoto,"Rivière, F. (1979) La vie animale terrestre à Takapoto",Orthoptera,Mogoplistidae
"Ornebius syrticus (Bolívar, 1912)",Aldabra,"Bolivar, I. (1912) No. XVI - Orthoptera: Acrydiidae, Phasgonuridae, Gryllidae",Orthoptera,Mogoplistidae
"Ornebius syrticus (Bolívar, 1912)",Astove,"Matyot, P. (1998) The orthopteroids of the Seychelles: a threatened island fauna",Orthoptera,Mogoplistidae
"Ornebius syrticus (Bolívar, 1912)",Cosmoledo,"Matyot, P. (1998) The orthopteroids of the Seychelles: a threatened island fauna",Orthoptera,Mogoplistidae
"Ornebius syrticus (Bolívar, 1912)",Farquhar,"Bolivar, I. (1912) No. XVI - Orthoptera: Acrydiidae, Phasgonuridae, Gryllidae",Orthoptera,Mogoplistidae
"Ornebius validus (Bolívar, 1895)",Diego Garcia,"Hutson, A.M. (1981) A preliminary list of insects of Diego Garcia Atoll, Chagos Archipelago",Orthoptera,Mogoplistidae
Ornebius sp.,South Keeling,"Wood-Jones, F. (1909) The fauna of the Cocos-Keeling Atoll, collected by F. Wood-Jones",Orthoptera,Mogoplistidae
Ornebius sp.,Kwajalein,"Sugerman, B.B. (1979) Additions to the list of insects and other arthropods from Kwajalein atoll (Marshall Islands)",Orthoptera,Mogoplistidae
Ornebius sp.,Palmyra,"Handler, A.T., et al. (2007) Arthropod surveys on Palmyra Atoll, Line Islands, and insights into the decline of the native tree Pisonia grandis (Nycatginaceae)",Orthoptera,Mogoplistidae
Ornebius sp.,Rose,"Peck, R.W., et al. (2014) Arthropods of Rose atoll with special reference to ants and Pulvianaria urbicola scales (Hemiptera: Coccidae) on Pisonia grandis trees",Orthoptera,Mogoplistidae
"Myrmecophilus quadrispinus (Perkins, 1899)",Midway,"Suehiro, A. (1960) Insects and other arthropods from Midway atoll",Orthoptera,Myrmecophilidae
"Myrmecophilus cf. quadrispinus (Perkins, 1899)",Rose,"Peck, R.W., et al. (2014) Arthropods of Rose atoll with special reference to ants and Pulvianaria urbicola scales (Hemiptera: Coccidae) on Pisonia grandis trees",Orthoptera,Myrmecophilidae
"Atractomorpha acutipennis (Guérin-Méneville, 1844)",Diego Garcia,"Barnett, L.K., & Emms, C. (1996) An annotated checklist of the Chagos archipelago terrestrial fauna (omitting birds) recorded during the 1996 'Friends of the Chagos' expedition",Orthoptera,Pyrgomorphidae
"Atractomorpha crenulata (Fabricius, 1793)",Kavaratti,"Ghosh, A.K. (1991) Fauna of Lakshadweep",Orthoptera,Pyrgomorphidae
"Atractomorpha psittacina (Haan, 1842)",Palmyra,"Kevan, D.K.Mc.E., Vickery, V.R., & English, M.-L. (1997) Acridoidea and related Orthoptera (Grasshoppers) of Micronesia",Orthoptera,Pyrgomorphidae
"Atractomorpha sinensis (Bolívar, 1905)",Kure,"Butler, G.D., & Usinger, R.L. (1963) Insects and other arthropods from Kure Island",Orthoptera,Pyrgomorphidae
"Atractomorpha sinensis (Bolívar, 1905)",Midway,"Suehiro, A. (1960) Insects and other arthropods from Midway atoll",Orthoptera,Pyrgomorphidae
"Atractomorpha sinensis (Bolívar, 1905)",Palmyra,"Krauss, N.L.H. (1953) Insects and other invertebrates from Palmyra atoll and Christmas Island",Orthoptera,Pyrgomorphidae
"Paratettix chagosensis (Bolívar, 1912)",Diego Garcia,"Hutson, A.M. (1981) A preliminary list of insects of Diego Garcia Atoll, Chagos Archipelago",Orthoptera,Tetrigidae
"Paratettix pullus (Bolívar, 1887)",Ulithi,"Kevan, D.K.Mc.E., Vickery, V.R., & English, M.-L. (1997) Acridoidea and related Orthoptera (Grasshoppers) of Micronesia",Orthoptera,Tetrigidae
"Paratettix scaber (Thunberg, 1815)",Aldabra,"Bolivar, I. (1912) No. XVI - Orthoptera: Acrydiidae, Phasgonuridae, Gryllidae",Orthoptera,Tetrigidae
"Procytettix thalassanax (Günther, 1939)",Aldabra,"Matyot, P. (1998) The orthopteroids of the Seychelles: a threatened island fauna",Orthoptera,Tetrigidae
"Conocephalus affinis (Redtenbacher, 1891)",Takapoto,"Rivière, F. (1979) La vie animale terrestre à Takapoto",Orthoptera,Tettigoniidae
"Conocephalus iris (Serville, 1838)",Cosmoledo,"Bolivar, I. (1912) No. XVI - Orthoptera: Acrydiidae, Phasgonuridae, Gryllidae",Orthoptera,Tettigoniidae
"Conocephalus longipennis (Haan, 1843)",Ulithi,"Vickery, V.R., Kevan, D.K.McE., & English, M.-L. (1999) Insects of Micronesia - Gryllacridoidea, Rhaphidophorioidea and Tettigonioidea (Grylloptera)",Orthoptera,Tettigoniidae
"Conocephalus maculatus (Le Guillou, 1841)",Aldabra,"Bolivar, I. (1912) No. XVI - Orthoptera: Acrydiidae, Phasgonuridae, Gryllidae",Orthoptera,Tettigoniidae
"Conocephalus saltator (Saussure, 1859)",Abariringa,"van Zwaluwenburg, R.H. (1942) The insects of Canton Island",Orthoptera,Tettigoniidae
"Conocephalus saltator (Saussure, 1859)",Kure,"Butler, G.D., & Usinger, R.L. (1963) Insects and other arthropods from Kure Island",Orthoptera,Tettigoniidae
"Conocephalus saltator (Saussure, 1859)",Midway,"Suehiro, A. (1960) Insects and other arthropods from Midway atoll",Orthoptera,Tettigoniidae
"Conocephalus saltator (Saussure, 1859)",Palmyra,"Handler, A.T., et al. (2007) Arthropod surveys on Palmyra Atoll, Line Islands, and insights into the decline of the native tree Pisonia grandis (Nycatginaceae)",Orthoptera,Tettigoniidae
"Conocephalus saltator (Saussure, 1859)",Wake,"Vickery, V.R., Kevan, D.K.McE., & English, M.-L. (1999) Insects of Micronesia - Gryllacridoidea, Rhaphidophorioidea and Tettigonioidea (Grylloptera)",Orthoptera,Tettigoniidae
"Conocephalus upoluensis (Karny, 1907)",Ulithi,"Vickery, V.R., Kevan, D.K.McE., & English, M.-L. (1999) Insects of Micronesia - Gryllacridoidea, Rhaphidophorioidea and Tettigonioidea (Grylloptera)",Orthoptera,Tettigoniidae
"Elimaea punctifera (Walker, 1869)",Midway,"Suehiro, A. (1960) Insects and other arthropods from Midway atoll",Orthoptera,Tettigoniidae
"Euconocephalus mucro (Haan, 1843)",South Keeling,"Wood-Jones, F. (1909) The fauna of the Cocos-Keeling Atoll, collected by F. Wood-Jones",Orthoptera,Tettigoniidae
"Euconocephalus nasutus (Thunberg, 1815)",Ngcheangel,"Vickery, V.R., Kevan, D.K.McE., & English, M.-L. (1999) Insects of Micronesia - Gryllacridoidea, Rhaphidophorioidea and Tettigonioidea (Grylloptera)",Orthoptera,Tettigoniidae
"Euconocephalus nasutus (Thunberg, 1815)",Ulithi,"Vickery, V.R., Kevan, D.K.McE., & English, M.-L. (1999) Insects of Micronesia - Gryllacridoidea, Rhaphidophorioidea and Tettigonioidea (Grylloptera)",Orthoptera,Tettigoniidae
"Euconocephalus nasutus (Thunberg, 1815)",Wake,"Vickery, V.R., Kevan, D.K.McE., & English, M.-L. (1999) Insects of Micronesia - Gryllacridoidea, Rhaphidophorioidea and Tettigonioidea (Grylloptera)",Orthoptera,Tettigoniidae
Homorocoryphus sp.,Takapoto,"Rivière, F. (1979) La vie animale terrestre à Takapoto",Orthoptera,Tettigoniidae
"Neoconocephalus ensiger (Harris, 1841)",Funafuti,"Hedley, C. (1900) The atoll of Funafuti, Ellice Group - its zoology, botany, ethnology, and general structure",Orthoptera,Tettigoniidae
"Ocica karschi (Karny, 1920)",Kwajalein,"Vickery, V.R., Kevan, D.K.McE., & English, M.-L. (1999) Insects of Micronesia - Gryllacridoidea, Rhaphidophorioidea and Tettigonioidea (Grylloptera)",Orthoptera,Tettigoniidae
"Phaneroptera furcifera (Stal, 1874)",Kwajalein,"Sugerman, B.B. (1972) Insects and other arthropods from Kwajalein atoll (Marshall Islands)",Orthoptera,Tettigoniidae
"Phaneroptera gracilis (Burmeister, 1838)",Addu,"Gardiner, J.S. (1901) The fauna and geography of the Maldive and Laccadive archipelagoes - Volume I, Part III",Orthoptera,Tettigoniidae
"Phaneroptera nana (Fieber, 1853)",Aldabra,"Bolivar, I. (1912) No. XVI - Orthoptera: Acrydiidae, Phasgonuridae, Gryllidae",Orthoptera,Tettigoniidae
"Phaneroptera nana (Fieber, 1853)",Cosmoledo,"Bolivar, I. (1912) No. XVI - Orthoptera: Acrydiidae, Phasgonuridae, Gryllidae",Orthoptera,Tettigoniidae
"Phaneroptera nana (Fieber, 1853)",Diego Garcia,"Barnett, L.K., & Emms, C. (1996) An annotated checklist of the Chagos archipelago terrestrial fauna (omitting birds) recorded during the 1996 'Friends of the Chagos' expedition",Orthoptera,Tettigoniidae
"Phaneroptera nana (Fieber, 1853)",Glorioso,"Paulian, R. (1989) Les insectes des Îles Glorieuses",Orthoptera,Tettigoniidae
"Phaulula trukensis (Willemse, 1951)",Ngcheangel,"Vickery, V.R., Kevan, D.K.McE., & English, M.-L. (1999) Insects of Micronesia - Gryllacridoidea, Rhaphidophorioidea and Tettigonioidea (Grylloptera)",Orthoptera,Tettigoniidae
"Phisis holdhausi (Karny, 1926)",Kapingamarangi,"Vickery, V.R., Kevan, D.K.McE., & English, M.-L. (1999) Insects of Micronesia - Gryllacridoidea, Rhaphidophorioidea and Tettigonioidea (Grylloptera)",Orthoptera,Tettigoniidae
"Phisis holdhausi (Karny, 1926)",Ngcheangel,"Vickery, V.R., Kevan, D.K.McE., & English, M.-L. (1999) Insects of Micronesia - Gryllacridoidea, Rhaphidophorioidea and Tettigonioidea (Grylloptera)",Orthoptera,Tettigoniidae
"Phisis holdhausi (Karny, 1926)",Palmyra,"Handler, A.T., et al. (2007) Arthropod surveys on Palmyra Atoll, Line Islands, and insights into the decline of the native tree Pisonia grandis (Nycatginaceae)",Orthoptera,Tettigoniidae
"Phisis pallida (Walker, 1869)",Eniwetok,"Samuelson, G.A., & Nishida, G.M. (1987) Insects and allies (arthropods) of Enewetak atoll",Orthoptera,Tettigoniidae
"Phisis pallida (Walker, 1869)",Nukunonu,"Hickley, A.D. (1969) Ecology of terrestrial arthropods of the Tokelau atolls",Orthoptera,Tettigoniidae
"Phisis pectinata (Guérin-Méneville, 1832)",South Keeling,"Wood-Jones, F. (1909) The fauna of the Cocos-Keeling Atoll, collected by F. Wood-Jones",Orthoptera,Tettigoniidae
"Phisis willemsei (Kevan, 1987)",Arno,"Vickery, V.R., Kevan, D.K.McE., & English, M.-L. (1999) Insects of Micronesia - Gryllacridoidea, Rhaphidophorioidea and Tettigonioidea (Grylloptera)",Orthoptera,Tettigoniidae
"Phisis willemsei (Kevan, 1987)",Bikini,"Vickery, V.R., Kevan, D.K.McE., & English, M.-L. (1999) Insects of Micronesia - Gryllacridoidea, Rhaphidophorioidea and Tettigonioidea (Grylloptera)",Orthoptera,Tettigoniidae
"Phisis willemsei (Kevan, 1987)",Eniwetok,"Vickery, V.R., Kevan, D.K.McE., & English, M.-L. (1999) Insects of Micronesia - Gryllacridoidea, Rhaphidophorioidea and Tettigonioidea (Grylloptera)",Orthoptera,Tettigoniidae
"Phisis willemsei (Kevan, 1987)",Jaluit,"Vickery, V.R., Kevan, D.K.McE., & English, M.-L. (1999) Insects of Micronesia - Gryllacridoidea, Rhaphidophorioidea and Tettigonioidea (Grylloptera)",Orthoptera,Tettigoniidae
"Phisis willemsei (Kevan, 1987)",Kwajalein,"Vickery, V.R., Kevan, D.K.McE., & English, M.-L. (1999) Insects of Micronesia - Gryllacridoidea, Rhaphidophorioidea and Tettigonioidea (Grylloptera)",Orthoptera,Tettigoniidae
"Phisis willemsei (Kevan, 1987)",Lae,"Vickery, V.R., Kevan, D.K.McE., & English, M.-L. (1999) Insects of Micronesia - Gryllacridoidea, Rhaphidophorioidea and Tettigonioidea (Grylloptera)",Orthoptera,Tettigoniidae
"Phisis willemsei (Kevan, 1987)",Nomwin,"Vickery, V.R., Kevan, D.K.McE., & English, M.-L. (1999) Insects of Micronesia - Gryllacridoidea, Rhaphidophorioidea and Tettigonioidea (Grylloptera)",Orthoptera,Tettigoniidae
"Phisis willemsei (Kevan, 1987)",Onotoa,"Vickery, V.R., Kevan, D.K.McE., & English, M.-L. (1999) Insects of Micronesia - Gryllacridoidea, Rhaphidophorioidea and Tettigonioidea (Grylloptera)",Orthoptera,Tettigoniidae
"Phisis willemsei (Kevan, 1987)",Pingelap,"Vickery, V.R., Kevan, D.K.McE., & English, M.-L. (1999) Insects of Micronesia - Gryllacridoidea, Rhaphidophorioidea and Tettigonioidea (Grylloptera)",Orthoptera,Tettigoniidae
"Phisis willemsei (Kevan, 1987)",Sorol,"Vickery, V.R., Kevan, D.K.McE., & English, M.-L. (1999) Insects of Micronesia - Gryllacridoidea, Rhaphidophorioidea and Tettigonioidea (Grylloptera)",Orthoptera,Tettigoniidae
"Phisis willemsei (Kevan, 1987)",Ulithi,"Vickery, V.R., Kevan, D.K.McE., & English, M.-L. (1999) Insects of Micronesia - Gryllacridoidea, Rhaphidophorioidea and Tettigonioidea (Grylloptera)",Orthoptera,Tettigoniidae
"Phisis willemsei (Kevan, 1987)",Wotho,"Vickery, V.R., Kevan, D.K.McE., & English, M.-L. (1999) Insects of Micronesia - Gryllacridoidea, Rhaphidophorioidea and Tettigonioidea (Grylloptera)",Orthoptera,Tettigoniidae
"Plangia ovalifolia (Bolívar, 1912)",Aldabra,"Bolivar, I. (1912) No. XVI - Orthoptera: Acrydiidae, Phasgonuridae, Gryllidae",Orthoptera,Tettigoniidae
"Ruspolia breviceps (Walker, 1871)",Diego Garcia,"Bolivar, I. (1912) No. XVI - Orthoptera: Acrydiidae, Phasgonuridae, Gryllidae",Orthoptera,Tettigoniidae
"Scudderia paronae (Griffini, 1896)",Midway,"Nishida, G.M. & Beardsley, J.W. (2002) A review of the insects and related arthropods of Midway atoll",Orthoptera,Tettigoniidae
"Segestes unicolor (Redtenbacher, 1892)",Ngcheangel,"Vickery, V.R., Kevan, D.K.McE., & English, M.-L. (1999) Insects of Micronesia - Gryllacridoidea, Rhaphidophorioidea and Tettigonioidea (Grylloptera)",Orthoptera,Tettigoniidae
"Xiphidiopsis lita (Hebard, 1922)",Midway,"Suehiro, A. (1960) Insects and other arthropods from Midway atoll",Orthoptera,Tettigoniidae
Anaxipha sp.,Nukunonu,"Hickley, A.D. (1969) Ecology of terrestrial arthropods of the Tokelau atolls",Orthoptera,Trigonidiidae
"Metioche (Metioche) flavipes (Brunner von Wattenwyl, 1878)",Wake,"Bryan, E.H. (1926) Insects of Hawaii, Johnston Island and Wake Island",Orthoptera,Trigonidiidae
"Metioche pallipes (Stal, 1861)",Kavaratti,"Ghosh, A.K. (1991) Fauna of Lakshadweep",Orthoptera,Trigonidiidae
"Metioche vittaticollis (Stal, 1861)",French Frigate Shoals,"Beardsley, J.W. (1966) Insects and other terrestrial arthropods from the Leeward Hawaiian Islands",Orthoptera,Trigonidiidae
"Tahitinemobius tigrinus (Saussure, 1887)",Eniwetok,"Samuelson, G.A., & Nishida, G.M. (1987) Insects and allies (arthropods) of Enewetak atoll",Orthoptera,Trigonidiidae
"Tahitinemobius tigrinus (Saussure, 1887)",Palmyra,"Handler, A.T., et al. (2007) Arthropod surveys on Palmyra Atoll, Line Islands, and insights into the decline of the native tree Pisonia grandis (Nycatginaceae)",Orthoptera,Trigonidiidae
"Aposthonia micronesiae (Ross, 1955)",Eniwetok,"Kevan, D.K.Mc.E., & Vickery, V.R. (1997) An annotated provisional list of non-saltatorial orthopteroid insects of Micronesia",Embioptera,Oligotomidae
"Aposthonia micronesiae (Ross, 1955)",Jaluit,"Kevan, D.K.Mc.E., & Vickery, V.R. (1997) An annotated provisional list of non-saltatorial orthopteroid insects of Micronesia",Embioptera,Oligotomidae
"Aposthonia oceania (Ross, 1951)",Laysan,"Butler, G.D. (1961) Insects and other arthropods from Laysan Island",Embioptera,Oligotomidae
"Aposthonia oceania (Ross, 1951)",Tabuaeran,"Kevan, D.K.Mc.E., & Vickery, V.R. (1997) An annotated provisional list of non-saltatorial orthopteroid insects of Micronesia",Embioptera,Oligotomidae
"Oligotoma saundersii (Westwood, 1837)",Abariringa,"van Zwaluwenburg, R.H. (1955) The insects and certain other arthropods of Canton Island",Embioptera,Oligotomidae
"Oligotoma saundersii (Westwood, 1837)",Aldabra,"Spaull, V.W. (1979) Distribution of soil and litter arthropods on Aldabra atoll",Embioptera,Oligotomidae
"Oligotoma saundersii (Westwood, 1837)",Diego Garcia,"Hutson, A.M. (1981) A preliminary list of insects of Diego Garcia Atoll, Chagos Archipelago",Embioptera,Oligotomidae
"Oligotoma saundersii (Westwood, 1837)",Laysan,"Butler, G.D. (1961) Insects and other arthropods from Laysan Island",Embioptera,Oligotomidae
"Oligotoma saundersii (Westwood, 1837)",Midway,"Suehiro, A. (1960) Insects and other arthropods from Midway atoll",Embioptera,Oligotomidae
"Acanthograeffea modesta (Günther, 1932)",Ulithi,"Kevan, D.K.Mc.E., & Vickery, V.R. (1997) An annotated provisional list of non-saltatorial orthopteroid insects of Micronesia",Phasmida,Phasmatidae
"Graeffea crouanii (Le Guillou, 1841)",Nukunonu,"Hickley, A.D. (1969) Ecology of terrestrial arthropods of the Tokelau atolls",Phasmida,Phasmatidae
"Graeffea crouanii (Le Guillou, 1841)",Ulithi,"Kevan, D.K.Mc.E., & Vickery, V.R. (1997) An annotated provisional list of non-saltatorial orthopteroid insects of Micronesia",Phasmida,Phasmatidae
"Megacrania batesii (Kirby, 1896)",Eniwetok,"Kevan, D.K.Mc.E., & Vickery, V.R. (1997) An annotated provisional list of non-saltatorial orthopteroid insects of Micronesia",Phasmida,Phasmatidae
"Megacrania batesii (Kirby, 1896)",Kapingamarangi,"Kevan, D.K.Mc.E., & Vickery, V.R. (1997) An annotated provisional list of non-saltatorial orthopteroid insects of Micronesia",Phasmida,Phasmatidae
"Hierodula patellifera (Serville, 1839)",Johnston,"Rash, R. (2020) Checklist and images documenting the biodiversity of Johnston Atoll National Wildlife Refuge",Mantodea,Mantidae
"Hierodula tenuidentata (Saussure, 1869)",Kavaratti,"Ghosh, A.K. (1991) Fauna of Lakshadweep",Mantodea,Mantidae
"Orthodera burmeisteri (Wood-Mason, 1889)",Kwajalein,"Kevan, D.K.Mc.E., & Vickery, V.R. (1997) An annotated provisional list of non-saltatorial orthopteroid insects of Micronesia",Mantodea,Mantidae
"Orthodera burmeisteri (Wood-Mason, 1889)",Wake,"Beier, M. (1972) Insects of Micronesia - Mantodea",Mantodea,Mantidae
"Polyspilota aeruginosa (Goeze, 1778)",Aldabra,"Bolivar, I. (1924) No. XLV - Orthoptera Dictyoptera (Blattidae and Mantidae), and supplement to Gryllidae, of the Seychelles and adjacent islands",Mantodea,Mantidae
"Polyspilota aeruginosa (Goeze, 1778)",Cosmoledo,"Bolivar, I. (1924) No. XLV - Orthoptera Dictyoptera (Blattidae and Mantidae), and supplement to Gryllidae, of the Seychelles and adjacent islands",Mantodea,Mantidae
"Polyspilota aeruginosa (Goeze, 1778)",Farquhar,"Bolivar, I. (1924) No. XLV - Orthoptera Dictyoptera (Blattidae and Mantidae), and supplement to Gryllidae, of the Seychelles and adjacent islands",Mantodea,Mantidae
"Polyspilota aeruginosa (Goeze, 1778)",Glorioso,"Parnaudeau, R. (2016) Contribution à l'inventaire des mantes des îles Eaprses (Dictyoptera - Mantidae)",Mantodea,Mantidae
"Polyspilota voelzkowiana (Saussure, 1899)",Aldabra,"Matyot, P. (1998) The orthopteroids of the Seychelles: a threatened island fauna",Mantodea,Mantidae
"Tenodera angustipennis (Saussure, 1869)",Midway,"Suehiro, A. (1960) Insects and other arthropods from Midway atoll",Mantodea,Mantidae
"Ancaudellia serratissima (Brunner von Wattenwyl, 1865)",Funafuti,"Hedley, C. (1900) The atoll of Funafuti, Ellice Group - its zoology, botany, ethnology, and general structure",Blattodea,Blaberidae
"Diploptera punctata (Eschscholtz, 1822)",Midway,"Nishida, G.M. & Beardsley, J.W. (2002) A review of the insects and related arthropods of Midway atoll",Blattodea,Blaberidae
"Haanina patinifera (Bolívar, 1897)",Kavaratti,"Ghosh, A.K. (1991) Fauna of Lakshadweep",Blattodea,Blaberidae
"Jagrehnia madecassa (Saussure, 1891)",Aldabra,"Bolivar, I. (1924) No. XLV - Orthoptera Dictyoptera (Blattidae and Mantidae), and supplement to Gryllidae, of the Seychelles and adjacent islands",Blattodea,Blaberidae
"Jagrehnia madecassa (Saussure, 1891)",Cosmoledo,"Bolivar, I. (1924) No. XLV - Orthoptera Dictyoptera (Blattidae and Mantidae), and supplement to Gryllidae, of the Seychelles and adjacent islands",Blattodea,Blaberidae
Molytria sp.,South Keeling,"Wood-Jones, F. (1909) The fauna of the Cocos-Keeling Atoll, collected by F. Wood-Jones",Blattodea,Blaberidae
"Nauphoeta cinerea (Olivier, 1789)",Diego Garcia,"Hutson, A.M. (1981) A preliminary list of insects of Diego Garcia Atoll, Chagos Archipelago",Blattodea,Blaberidae
"Pycnoscelus indicus (Fabricius, 1775)",Diego Garcia,"Hutson, A.M. (1981) A preliminary list of insects of Diego Garcia Atoll, Chagos Archipelago",Blattodea,Blaberidae
"Pycnoscelus indicus (Fabricius, 1775)",Kwajalein,"Kevan, D.K.Mc.E., & Vickery, V.R. (1997) An annotated provisional list of non-saltatorial orthopteroid insects of Micronesia",Blattodea,Blaberidae
"Pycnoscelus indicus (Fabricius, 1775)",Palmyra,"Handler, A.T., et al. (2007) Arthropod surveys on Palmyra Atoll, Line Islands, and insights into the decline of the native tree Pisonia grandis (Nycatginaceae)",Blattodea,Blaberidae
"Pycnoscelus indicus (Fabricius, 1775)",Rose,"Peck, R.W., et al. (2014) Arthropods of Rose atoll with special reference to ants and Pulvianaria urbicola scales (Hemiptera: Coccidae) on Pisonia grandis trees",Blattodea,Blaberidae
"Pycnoscelus surinamensis (L., 1758)",Abariringa,"van Zwaluwenburg, R.H. (1955) The insects and certain other arthropods of Canton Island",Blattodea,Blaberidae
"Pycnoscelus surinamensis (L., 1758)",Aldabra,"Bolivar, I. (1924) No. XLV - Orthoptera Dictyoptera (Blattidae and Mantidae), and supplement to Gryllidae, of the Seychelles and adjacent islands",Blattodea,Blaberidae
"Pycnoscelus surinamensis (L., 1758)",Astove,"Bolivar, I. (1924) No. XLV - Orthoptera Dictyoptera (Blattidae and Mantidae), and supplement to Gryllidae, of the Seychelles and adjacent islands",Blattodea,Blaberidae
"Pycnoscelus surinamensis (L., 1758)",Bikini,"Kevan, D.K.Mc.E., & Vickery, V.R. (1997) An annotated provisional list of non-saltatorial orthopteroid insects of Micronesia",Blattodea,Blaberidae
"Pycnoscelus surinamensis (L., 1758)",South Keeling,"Wood-Jones, F. (1909) The fauna of the Cocos-Keeling Atoll, collected by F. Wood-Jones",Blattodea,Blaberidae
"Pycnoscelus surinamensis (L., 1758)",Cosmoledo,"Bolivar, I. (1924) No. XLV - Orthoptera Dictyoptera (Blattidae and Mantidae), and supplement to Gryllidae, of the Seychelles and adjacent islands",Blattodea,Blaberidae
"Pycnoscelus surinamensis (L., 1758)",Diego Garcia,"Hutson, A.M. (1981) A preliminary list of insects of Diego Garcia Atoll, Chagos Archipelago",Blattodea,Blaberidae
"Pycnoscelus surinamensis (L., 1758)",Eniwetok,"Kevan, D.K.Mc.E., & Vickery, V.R. (1997) An annotated provisional list of non-saltatorial orthopteroid insects of Micronesia",Blattodea,Blaberidae
"Pycnoscelus surinamensis (L., 1758)",Farquhar,"Bolivar, I. (1924) No. XLV - Orthoptera Dictyoptera (Blattidae and Mantidae), and supplement to Gryllidae, of the Seychelles and adjacent islands",Blattodea,Blaberidae
"Pycnoscelus surinamensis (L., 1758)",French Frigate Shoals,"Beardsley, J.W. (1966) Insects and other terrestrial arthropods from the Leeward Hawaiian Islands",Blattodea,Blaberidae
"Pycnoscelus surinamensis (L., 1758)",Glorioso,"Paulian, R. (1989) Les insectes des Îles Glorieuses",Blattodea,Blaberidae
"Pycnoscelus surinamensis (L., 1758)",Johnston,"Binion Amerson, A., & Shelton, P.C. (1976) The natural history of Johnston atoll, Central Pacific Ocean",Blattodea,Blaberidae
"Pycnoscelus surinamensis (L., 1758)",Kiritimati,"Kevan, D.K.Mc.E., & Vickery, V.R. (1997) An annotated provisional list of non-saltatorial orthopteroid insects of Micronesia",Blattodea,Blaberidae
"Pycnoscelus surinamensis (L., 1758)",Kure,"Butler, G.D., & Usinger, R.L. (1963) Insects and other arthropods from Kure Island",Blattodea,Blaberidae
"Pycnoscelus surinamensis (L., 1758)",Kwajalein,"Sugerman, B.B. (1972) Insects and other arthropods from Kwajalein atoll (Marshall Islands)",Blattodea,Blaberidae
"Pycnoscelus surinamensis (L., 1758)",Laysan,"Butler, G.D. (1961) Insects and other arthropods from Laysan Island",Blattodea,Blaberidae
"Pycnoscelus surinamensis (L., 1758)",Midway,"Suehiro, A. (1960) Insects and other arthropods from Midway atoll",Blattodea,Blaberidae
"Pycnoscelus surinamensis (L., 1758)",Nukunonu,"Hickley, A.D. (1969) Ecology of terrestrial arthropods of the Tokelau atolls",Blattodea,Blaberidae
"Pycnoscelus surinamensis (L., 1758)",Onotoa,"Moul, E.T. (1954) Preliminary report on land animals at Onotoa atoll, Gilbert Islands",Blattodea,Blaberidae
"Pycnoscelus surinamensis (L., 1758)",Pearl and Hermes,"Beardsley, J.W. (1966) Insects and other terrestrial arthropods from the Leeward Hawaiian Islands",Blattodea,Blaberidae
"Pycnoscelus surinamensis (L., 1758)",Takapoto,"Rivière, F. (1979) La vie animale terrestre à Takapoto",Blattodea,Blaberidae
"Pycnoscelus surinamensis (L., 1758)",Wake,"Kevan, D.K.Mc.E., & Vickery, V.R. (1997) An annotated provisional list of non-saltatorial orthopteroid insects of Micronesia",Blattodea,Blaberidae
"Rhabdoblatta lineaticollis (Bolívar, 1897)",Kavaratti,"Ghosh, A.K. (1991) Fauna of Lakshadweep",Blattodea,Blaberidae
"Rhyparobia maderae (Fabricius, 1781)",Diego Garcia,"Hutson, A.M. (1981) A preliminary list of insects of Diego Garcia Atoll, Chagos Archipelago",Blattodea,Blaberidae
"Thorax porcellana (Saussure, 1862)",Kavaratti,"Ghosh, A.K. (1991) Fauna of Lakshadweep",Blattodea,Blaberidae
"Melanozosteria nitida (Brunner von Wattenwyl, 1865)",Abariringa,"Kevan, D.K.Mc.E., & Vickery, V.R. (1997) An annotated provisional list of non-saltatorial orthopteroid insects of Micronesia",Blattodea,Blattidae
"Melanozosteria nitida (Brunner von Wattenwyl, 1865)",Arno,"Kevan, D.K.Mc.E., & Vickery, V.R. (1997) An annotated provisional list of non-saltatorial orthopteroid insects of Micronesia",Blattodea,Blattidae
"Melanozosteria nitida (Brunner von Wattenwyl, 1865)",Bikini,"Kevan, D.K.Mc.E., & Vickery, V.R. (1997) An annotated provisional list of non-saltatorial orthopteroid insects of Micronesia",Blattodea,Blattidae
"Melanozosteria nitida (Brunner von Wattenwyl, 1865)",Kwajalein,"Sugerman, B.B. (1972) Insects and other arthropods from Kwajalein atoll (Marshall Islands)",Blattodea,Blattidae
"Melanozosteria nitida (Brunner von Wattenwyl, 1865)",Nukunonu,"Hickley, A.D. (1969) Ecology of terrestrial arthropods of the Tokelau atolls",Blattodea,Blattidae
"Melanozosteria nitida (Brunner von Wattenwyl, 1865)",Takapoto,"Rivière, F. (1979) La vie animale terrestre à Takapoto",Blattodea,Blattidae
"Melanozosteria nitida (Brunner von Wattenwyl, 1865)",Ulithi,"Kevan, D.K.Mc.E., & Vickery, V.R. (1997) An annotated provisional list of non-saltatorial orthopteroid insects of Micronesia",Blattodea,Blattidae
"Melanozosteria soror (Brunner von Wattenwyl, 1865)",Abariringa,"Kevan, D.K.Mc.E., & Vickery, V.R. (1997) An annotated provisional list of non-saltatorial orthopteroid insects of Micronesia",Blattodea,Blattidae
"Melanozosteria soror (Brunner von Wattenwyl, 1865)",Bikini,"Kevan, D.K.Mc.E., & Vickery, V.R. (1997) An annotated provisional list of non-saltatorial orthopteroid insects of Micronesia",Blattodea,Blattidae
"Melanozosteria soror (Brunner von Wattenwyl, 1865)",Eniwetok,"Kevan, D.K.Mc.E., & Vickery, V.R. (1997) An annotated provisional list of non-saltatorial orthopteroid insects of Micronesia",Blattodea,Blattidae
"Melanozosteria soror (Brunner von Wattenwyl, 1865)",Johnston,"Binion Amerson, A., & Shelton, P.C. (1976) The natural history of Johnston atoll, Central Pacific Ocean",Blattodea,Blattidae
"Melanozosteria soror (Brunner von Wattenwyl, 1865)",Kure,"Butler, G.D., & Usinger, R.L. (1963) Insects and other arthropods from Kure Island",Blattodea,Blattidae
"Melanozosteria soror (Brunner von Wattenwyl, 1865)",Kwajalein,"Sugerman, B.B. (1972) Insects and other arthropods from Kwajalein atoll (Marshall Islands)",Blattodea,Blattidae
"Melanozosteria soror (Brunner von Wattenwyl, 1865)",Laysan,"Butler, G.D. (1961) Insects and other arthropods from Laysan Island",Blattodea,Blattidae
"Melanozosteria soror (Brunner von Wattenwyl, 1865)",Likiep,"Kevan, D.K.Mc.E., & Vickery, V.R. (1997) An annotated provisional list of non-saltatorial orthopteroid insects of Micronesia",Blattodea,Blattidae
"Melanozosteria soror (Brunner von Wattenwyl, 1865)",Nukunonu,"Hickley, A.D. (1969) Ecology of terrestrial arthropods of the Tokelau atolls",Blattodea,Blattidae
"Melanozosteria soror (Brunner von Wattenwyl, 1865)",Onotoa,"Moul, E.T. (1954) Preliminary report on land animals at Onotoa atoll, Gilbert Islands",Blattodea,Blattidae
"Melanozosteria soror (Brunner von Wattenwyl, 1865)",Palmyra,"Handler, A.T., et al. (2007) Arthropod surveys on Palmyra Atoll, Line Islands, and insights into the decline of the native tree Pisonia grandis (Nycatginaceae)",Blattodea,Blattidae
"Melanozosteria soror (Brunner von Wattenwyl, 1865)",Ulithi,"Kevan, D.K.Mc.E., & Vickery, V.R. (1997) An annotated provisional list of non-saltatorial orthopteroid insects of Micronesia",Blattodea,Blattidae
"Melanozosteria soror (Brunner von Wattenwyl, 1865)",Wake,"Bryan, E.H. (1926) Insects of Hawaii, Johnston Island and Wake Island",Blattodea,Blattidae
"Neostylopyga rhombifolia (Stoll, 1813)",Diego Garcia,"Hutson, A.M. (1981) A preliminary list of insects of Diego Garcia Atoll, Chagos Archipelago",Blattodea,Blattidae
"Neostylopyga rhombifolia (Stoll, 1813)",Eniwetok,"Kevan, D.K.Mc.E., & Vickery, V.R. (1997) An annotated provisional list of non-saltatorial orthopteroid insects of Micronesia",Blattodea,Blattidae
"Neostylopyga rhombifolia (Stoll, 1813)",Johnston,"Rash, R. (2020) Checklist and images documenting the biodiversity of Johnston Atoll National Wildlife Refuge",Blattodea,Blattidae
"Neostylopyga rhombifolia (Stoll, 1813)",Kwajalein,"Sugerman, B.B. (1972) Insects and other arthropods from Kwajalein atoll (Marshall Islands)",Blattodea,Blattidae
"Periplaneta americana (L., 1758)",Abariringa,"van Zwaluwenburg, R.H. (1955) The insects and certain other arthropods of Canton Island",Blattodea,Blattidae
"Periplaneta americana (L., 1758)",Aldabra,"Cogan, B.H., & Hutson, A.M. (1971) Preliminary observations on the affinities and composition of the insect fauna of Aldabra",Blattodea,Blattidae
"Periplaneta americana (L., 1758)",Arno,"Kevan, D.K.Mc.E., & Vickery, V.R. (1997) An annotated provisional list of non-saltatorial orthopteroid insects of Micronesia",Blattodea,Blattidae
"Periplaneta americana (L., 1758)",Clipperton,"Garrouste, R., & Hervé, C. (2009) La faune des insectes (Insecta s.l.) de l'atoll de Clipperton",Blattodea,Blattidae
"Periplaneta americana (L., 1758)",South Keeling,"Wood-Jones, F. (1909) The fauna of the Cocos-Keeling Atoll, collected by F. Wood-Jones",Blattodea,Blattidae
"Periplaneta americana (L., 1758)",Diego Garcia,"Barnett, L.K., & Emms, C. (1996) An annotated checklist of the Chagos archipelago terrestrial fauna (omitting birds) recorded during the 1996 'Friends of the Chagos' expedition",Blattodea,Blattidae
"Periplaneta americana (L., 1758)",Eniwetok,"Kevan, D.K.Mc.E., & Vickery, V.R. (1997) An annotated provisional list of non-saltatorial orthopteroid insects of Micronesia",Blattodea,Blattidae
"Periplaneta americana (L., 1758)",French Frigate Shoals,"Beardsley, J.W. (1966) Insects and other terrestrial arthropods from the Leeward Hawaiian Islands",Blattodea,Blattidae
"Periplaneta americana (L., 1758)",Johnston,"Binion Amerson, A., & Shelton, P.C. (1976) The natural history of Johnston atoll, Central Pacific Ocean",Blattodea,Blattidae
"Periplaneta americana (L., 1758)",Kwajalein,"Sugerman, B.B. (1972) Insects and other arthropods from Kwajalein atoll (Marshall Islands)",Blattodea,Blattidae
"Periplaneta americana (L., 1758)",Laysan,"Butler, G.D. (1961) Insects and other arthropods from Laysan Island",Blattodea,Blattidae
"Periplaneta americana (L., 1758)",Midway,"Suehiro, A. (1960) Insects and other arthropods from Midway atoll",Blattodea,Blattidae
"Periplaneta americana (L., 1758)",Nukunonu,"Hickley, A.D. (1969) Ecology of terrestrial arthropods of the Tokelau atolls",Blattodea,Blattidae
"Periplaneta americana (L., 1758)",Palmyra,"Handler, A.T., et al. (2007) Arthropod surveys on Palmyra Atoll, Line Islands, and insights into the decline of the native tree Pisonia grandis (Nycatginaceae)",Blattodea,Blattidae
"Periplaneta americana (L., 1758)",Pearl and Hermes,"Beardsley, J.W. (1966) Insects and other terrestrial arthropods from the Leeward Hawaiian Islands",Blattodea,Blattidae
"Periplaneta americana (L., 1758)",Takapoto,"Rivière, F. (1979) La vie animale terrestre à Takapoto",Blattodea,Blattidae
"Periplaneta australasiae (Fabricius, 1775)",Arno,"Kevan, D.K.Mc.E., & Vickery, V.R. (1997) An annotated provisional list of non-saltatorial orthopteroid insects of Micronesia",Blattodea,Blattidae
"Periplaneta australasiae (Fabricius, 1775)",Diego Garcia,"Hutson, A.M. (1981) A preliminary list of insects of Diego Garcia Atoll, Chagos Archipelago",Blattodea,Blattidae
"Periplaneta australasiae (Fabricius, 1775)",Ducie,"Benton, T.G. (1995) Biodiversity and biogeography of Henderson Island's insects",Blattodea,Blattidae
"Periplaneta australasiae (Fabricius, 1775)",Eniwetok,"Samuelson, G.A., & Nishida, G.M. (1987) Insects and allies (arthropods) of Enewetak atoll",Blattodea,Blattidae
"Periplaneta australasiae (Fabricius, 1775)",Farquhar,"Bolivar, I. (1924) No. XLV - Orthoptera Dictyoptera (Blattidae and Mantidae), and supplement to Gryllidae, of the Seychelles and adjacent islands",Blattodea,Blattidae
"Periplaneta australasiae (Fabricius, 1775)",Kure,"Butler, G.D., & Usinger, R.L. (1963) Insects and other arthropods from Kure Island",Blattodea,Blattidae
"Periplaneta australasiae (Fabricius, 1775)",Midway,"Suehiro, A. (1960) Insects and other arthropods from Midway atoll",Blattodea,Blattidae
"Periplaneta australasiae (Fabricius, 1775)",Nukunonu,"Hickley, A.D. (1969) Ecology of terrestrial arthropods of the Tokelau atolls",Blattodea,Blattidae
"Periplaneta australasiae (Fabricius, 1775)",Palmyra,"Handler, A.T., et al. (2007) Arthropod surveys on Palmyra Atoll, Line Islands, and insights into the decline of the native tree Pisonia grandis (Nycatginaceae)",Blattodea,Blattidae
"Periplaneta australasiae (Fabricius, 1775)",Rose,"Peck, R.W., et al. (2014) Arthropods of Rose atoll with special reference to ants and Pulvianaria urbicola scales (Hemiptera: Coccidae) on Pisonia grandis trees",Blattodea,Blattidae
"Periplaneta australasiae (Fabricius, 1775)",Takapoto,"Rivière, F. (1979) La vie animale terrestre à Takapoto",Blattodea,Blattidae
"Holocompsa nitidula (Fabricius, 1781)",Takapoto,"Rivière, F. (1979) La vie animale terrestre à Takapoto",Blattodea,Corydiidae
"Blattella germanica (L., 1767)",South Keeling,"Wood-Jones, F. (1909) The fauna of the Cocos-Keeling Atoll, collected by F. Wood-Jones",Blattodea,Ectobiidae
"Blattella germanica (L., 1767)",Diego Garcia,"Hutson, A.M. (1981) A preliminary list of insects of Diego Garcia Atoll, Chagos Archipelago",Blattodea,Ectobiidae
"Blattella germanica (L., 1767)",Johnston,"Rash, R. (2020) Checklist and images documenting the biodiversity of Johnston Atoll National Wildlife Refuge",Blattodea,Ectobiidae
"Blattella germanica (L., 1767)",Kavaratti,"Ghosh, A.K. (1991) Fauna of Lakshadweep",Blattodea,Ectobiidae
"Blattella germanica (L., 1767)",Kwajalein,"Sugerman, B.B. (1972) Insects and other arthropods from Kwajalein atoll (Marshall Islands)",Blattodea,Ectobiidae
"Blattella germanica (L., 1767)",Laysan,"Butler, G.D. (1961) Insects and other arthropods from Laysan Island",Blattodea,Ectobiidae
"Blattella germanica (L., 1767)",Midway,"Suehiro, A. (1960) Insects and other arthropods from Midway atoll",Blattodea,Ectobiidae
"Blattella germanica (L., 1767)",Wake,"Kevan, D.K.Mc.E., & Vickery, V.R. (1997) An annotated provisional list of non-saltatorial orthopteroid insects of Micronesia",Blattodea,Ectobiidae
"Blattella lituricollis (Walker, 1868)",Eniwetok,"Kevan, D.K.Mc.E., & Vickery, V.R. (1997) An annotated provisional list of non-saltatorial orthopteroid insects of Micronesia",Blattodea,Ectobiidae
"Blattella lituricollis (Walker, 1868)",Johnston,"Binion Amerson, A., & Shelton, P.C. (1976) The natural history of Johnston atoll, Central Pacific Ocean",Blattodea,Ectobiidae
"Blattella lituricollis (Walker, 1868)",Kwajalein,"Sugerman, B.B. (1972) Insects and other arthropods from Kwajalein atoll (Marshall Islands)",Blattodea,Ectobiidae
"Blattella lituricollis (Walker, 1868)",Majuro,"Kevan, D.K.Mc.E., & Vickery, V.R. (1997) An annotated provisional list of non-saltatorial orthopteroid insects of Micronesia",Blattodea,Ectobiidae
"Blattella lituricollis (Walker, 1868)",Midway,"Suehiro, A. (1960) Insects and other arthropods from Midway atoll",Blattodea,Ectobiidae
"Blattella lituricollis (Walker, 1868)",Wake,"Kevan, D.K.Mc.E., & Vickery, V.R. (1997) An annotated provisional list of non-saltatorial orthopteroid insects of Micronesia",Blattodea,Ectobiidae
Blattella sp.,Laysan,"Butler, G.D. (1961) Insects and other arthropods from Laysan Island",Blattodea,Ectobiidae
"Balta longicercata (Bolívar, 1924)",Aldabra,"Bolivar, I. (1924) Bolivar, I. (1924) No. XLV - Orthoptera Dictyoptera (Blattidae and Mantidae), and supplement to Gryllidae, of the Seychelles and adjacent islands",Blattodea,Ectobiidae
"Balta longicercata (Bolívar, 1924)",Farquhar,"Bolivar, I. (1924) No. XLV - Orthoptera Dictyoptera (Blattidae and Mantidae), and supplement to Gryllidae, of the Seychelles and adjacent islands",Blattodea,Ectobiidae
"Balta notulata (Stal, 1860)",Arno,"Kevan, D.K.Mc.E., & Vickery, V.R. (1997) An annotated provisional list of non-saltatorial orthopteroid insects of Micronesia",Blattodea,Ectobiidae
"Balta notulata (Stal, 1860)",South Keeling,"Hanitsch, R. (1915) Malayan Blattidae",Blattodea,Ectobiidae
"Balta notulata (Stal, 1860)",Eniwetok,"Kevan, D.K.Mc.E., & Vickery, V.R. (1997) An annotated provisional list of non-saltatorial orthopteroid insects of Micronesia",Blattodea,Ectobiidae
"Balta notulata (Stal, 1860)",Kure,"Butler, G.D., & Usinger, R.L. (1963) Insects and other arthropods from Kure Island",Blattodea,Ectobiidae
"Balta notulata (Stal, 1860)",Nukunonu,"Hickley, A.D. (1969) Ecology of terrestrial arthropods of the Tokelau atolls",Blattodea,Ectobiidae
"Balta parvula (Bolívar, 1924)",Aldabra,"Bolivar, I. (1924) No. XLV - Orthoptera Dictyoptera (Blattidae and Mantidae), and supplement to Gryllidae, of the Seychelles and adjacent islands",Blattodea,Ectobiidae
"Balta parvula (Bolívar, 1924)",Diego Garcia,"Hutson, A.M. (1981) A preliminary list of insects of Diego Garcia Atoll, Chagos Archipelago",Blattodea,Ectobiidae
"Balta parvula (Bolívar, 1924)",Farquhar,"Bolivar, I. (1924) No. XLV - Orthoptera Dictyoptera (Blattidae and Mantidae), and supplement to Gryllidae, of the Seychelles and adjacent islands",Blattodea,Ectobiidae
"Balta similis (Saussure, 1869)",South Keeling,"Hanitsch, R. (1915) Malayan Blattidae",Blattodea,Ectobiidae
Balta sp.,Abariringa,"van Zwaluwenburg, R.H. (1955) The insects and certain other arthropods of Canton Island",Blattodea,Ectobiidae
Balta sp.,Ducie,"Benton, T.G. (1995) Biodiversity and biogeography of Henderson Island's insects",Blattodea,Ectobiidae
Balta sp.,Kiritimati,"Krauss, N.L.H. (1953) Insects and other invertebrates from Palmyra atoll and Christmas Island",Blattodea,Ectobiidae
"Lobopterella dimidiatipes (Bolívar, 1890)",Aldabra,"Spaull, V.W. (1979) Distribution of soil and litter arthropods on Aldabra atoll",Blattodea,Ectobiidae
"Lobopterella dimidiatipes (Bolívar, 1890)",Funafuti,"Hedley, C. (1900) The atoll of Funafuti, Ellice Group - its zoology, botany, ethnology, and general structure",Blattodea,Ectobiidae
"Lobopterella dimidiatipes (Bolívar, 1890)",Ulithi,"Kevan, D.K.Mc.E., & Vickery, V.R. (1997) An annotated provisional list of non-saltatorial orthopteroid insects of Micronesia",Blattodea,Ectobiidae
Loboptera sp.,South Keeling,"Wood-Jones, F. (1909) The fauna of the Cocos-Keeling Atoll, collected by F. Wood-Jones",Blattodea,Ectobiidae
"Miriamrothschildia aldabrensis (Bolívar, 1924)",Aldabra,"Bolivar, I. (1924) Bolivar, I. (1924) No. XLV - Orthoptera Dictyoptera (Blattidae and Mantidae), and supplement to Gryllidae, of the Seychelles and adjacent islands",Blattodea,Ectobiidae
"Supella longipalpa (Fabricius, 1798)",Abariringa,"Kevan, D.K.Mc.E., & Vickery, V.R. (1997) An annotated provisional list of non-saltatorial orthopteroid insects of Micronesia",Blattodea,Ectobiidae
"Supella longipalpa (Fabricius, 1798)",Midway,"Suehiro, A. (1960) Insects and other arthropods from Midway atoll",Blattodea,Ectobiidae
"Supella longipalpa (Fabricius, 1798)",Palmyra,"Handler, A.T., et al. (2007) Arthropod surveys on Palmyra Atoll, Line Islands, and insights into the decline of the native tree Pisonia grandis (Nycatginaceae)",Blattodea,Ectobiidae
"Symploce pallens (Stephens, 1835)",Abariringa,"Kevan, D.K.Mc.E., & Vickery, V.R. (1997) An annotated provisional list of non-saltatorial orthopteroid insects of Micronesia",Blattodea,Ectobiidae
"Symploce pallens (Stephens, 1835)",Midway,"Nishida, G.M. & Beardsley, J.W. (2002) A review of the insects and related arthropods of Midway atoll",Blattodea,Ectobiidae
"Cryptotermes brevis (Walker, 1853)",Kwajalein,"Sugerman, B.B. (1972) Insects and other arthropods from Kwajalein atoll (Marshall Islands)",Blattodea,Kalotermitidae
"Cryptotermes brevis (Walker, 1853)",Laysan,"Butler, G.D. (1961) Insects and other arthropods from Laysan Island",Blattodea,Kalotermitidae
"Cryptotermes brevis (Walker, 1853)",Midway,"Suehiro, A. (1960) Insects and other arthropods from Midway atoll",Blattodea,Kalotermitidae
"Cryptotermes domesticus (Haviland, 1898)",Oeno,"Light, S.F., & Zimmerman, E.C. (1936) Termites of Southeastern Polynesia",Blattodea,Kalotermitidae
"Cryptotermes domesticus (Haviland, 1898)",Tabuaeran,"Kevan, D.K.Mc.E., & Vickery, V.R. (1997) An annotated provisional list of non-saltatorial orthopteroid insects of Micronesia",Blattodea,Kalotermitidae
"Cryptotermes dudleyi (Banks, 1918)",Arno,"Kevan, D.K.Mc.E., & Vickery, V.R. (1997) An annotated provisional list of non-saltatorial orthopteroid insects of Micronesia",Blattodea,Kalotermitidae
"Cryptotermes dudleyi (Banks, 1918)",Diego Garcia,"Hutson, A.M. (1981) A preliminary list of insects of Diego Garcia Atoll, Chagos Archipelago",Blattodea,Kalotermitidae
Cryptotermes sp.,Glorioso,"Paulian, R. (1989) Les insectes des Îles Glorieuses",Blattodea,Kalotermitidae
"Glyptotermes scotti (Holmgren, 1910)",Diego Garcia,"Hutson, A.M. (1981) A preliminary list of insects of Diego Garcia Atoll, Chagos Archipelago",Blattodea,Kalotermitidae
"Glyptotermes xantholabrum (Hill, 1926)",Arno,"Kevan, D.K.Mc.E., & Vickery, V.R. (1997) An annotated provisional list of non-saltatorial orthopteroid insects of Micronesia",Blattodea,Kalotermitidae
"Glyptotermes xantholabrum (Hill, 1926)",Kwajalein,"Kevan, D.K.Mc.E., & Vickery, V.R. (1997) An annotated provisional list of non-saltatorial orthopteroid insects of Micronesia",Blattodea,Kalotermitidae
"Glyptotermes xantholabrum (Hill, 1926)",Nukunonu,"Hickley, A.D. (1969) Ecology of terrestrial arthropods of the Tokelau atolls",Blattodea,Kalotermitidae
"Incisitermes immigrans (Snyder, 1922)",Abariringa,"Kevan, D.K.Mc.E., & Vickery, V.R. (1997) An annotated provisional list of non-saltatorial orthopteroid insects of Micronesia",Blattodea,Kalotermitidae
"Incisitermes immigrans (Snyder, 1922)",Midway,"Nishida, G.M. & Beardsley, J.W. (2002) A review of the insects and related arthropods of Midway atoll",Blattodea,Kalotermitidae
"Incisitermes immigrans (Snyder, 1922)",Tabuaeran,"Kevan, D.K.Mc.E., & Vickery, V.R. (1997) An annotated provisional list of non-saltatorial orthopteroid insects of Micronesia",Blattodea,Kalotermitidae
"Incisitermes immigrans (Snyder, 1922)",Teraina,"Kevan, D.K.Mc.E., & Vickery, V.R. (1997) An annotated provisional list of non-saltatorial orthopteroid insects of Micronesia",Blattodea,Kalotermitidae
"Incisitermes repandus (Hill, 1926)",Arno,"Kevan, D.K.Mc.E., & Vickery, V.R. (1997) An annotated provisional list of non-saltatorial orthopteroid insects of Micronesia",Blattodea,Kalotermitidae
"Incisitermes repandus (Hill, 1926)",Bikini,"Kevan, D.K.Mc.E., & Vickery, V.R. (1997) An annotated provisional list of non-saltatorial orthopteroid insects of Micronesia",Blattodea,Kalotermitidae
"Incisitermes repandus (Hill, 1926)",Eniwetok,"Kevan, D.K.Mc.E., & Vickery, V.R. (1997) An annotated provisional list of non-saltatorial orthopteroid insects of Micronesia",Blattodea,Kalotermitidae
"Incisitermes repandus (Hill, 1926)",Nukunonu,"Hickley, A.D. (1969) Ecology of terrestrial arthropods of the Tokelau atolls",Blattodea,Kalotermitidae
Kalotermes sp.,South Keeling,"Gibson-Hill, C.A. (1950) Notes on the insects taken on the Cocos-Keeling Islands",Blattodea,Kalotermitidae
Kalotermes sp.,Kwajalein,"Sugerman, B.B. (1979) Additions to the list of insects and other arthropods from Kwajalein atoll (Marshall Islands)",Blattodea,Kalotermitidae
Kalotermes sp.,Takapoto,"Rivière, F. (1979) La vie animale terrestre à Takapoto",Blattodea,Kalotermitidae
"Neotermes rainbowi (Hill, 1926)",Funafuti,"Hedley, C. (1900) The atoll of Funafuti, Ellice Group - its zoology, botany, ethnology, and general structure",Blattodea,Kalotermitidae
"Neotermes rainbowi (Hill, 1926)",Manihiki,"Kevan, D.K.Mc.E., & Vickery, V.R. (1997) An annotated provisional list of non-saltatorial orthopteroid insects of Micronesia",Blattodea,Kalotermitidae
Neotermes sp.,Glorioso,"Paulian, R. (1989) Les insectes des Îles Glorieuses",Blattodea,Kalotermitidae
"Procryptotermes fryeri (Holmgren, 1910)",Aldabra,"Holmgren, N.F. (1910) No. XIII - Isoptera",Blattodea,Kalotermitidae
"Postelectrotermes longus (Holmgren, 1910)",Aldabra,"Holmgren, N.F. (1910) No. XIII - Isoptera",Blattodea,Kalotermitidae
"Coptotermes formosanus (Shiraki, 1909)",Abariringa,"Kevan, D.K.Mc.E., & Vickery, V.R. (1997) An annotated provisional list of non-saltatorial orthopteroid insects of Micronesia",Blattodea,Rhinotermitidae
"Coptotermes formosanus (Shiraki, 1909)",Arno,"Kevan, D.K.Mc.E., & Vickery, V.R. (1997) An annotated provisional list of non-saltatorial orthopteroid insects of Micronesia",Blattodea,Rhinotermitidae
"Coptotermes formosanus (Shiraki, 1909)",Eniwetok,"Kevan, D.K.Mc.E., & Vickery, V.R. (1997) An annotated provisional list of non-saltatorial orthopteroid insects of Micronesia",Blattodea,Rhinotermitidae
"Coptotermes formosanus (Shiraki, 1909)",Kwajalein,"Sugerman, B.B. (1972) Insects and other arthropods from Kwajalein atoll (Marshall Islands)",Blattodea,Rhinotermitidae
"Coptotermes formosanus (Shiraki, 1909)",Midway,"Suehiro, A. (1960) Insects and other arthropods from Midway atoll",Blattodea,Rhinotermitidae
"Coptotermes gestroi (Wasmann, 1896)",Kwajalein,"Kevan, D.K.Mc.E., & Vickery, V.R. (1997) An annotated provisional list of non-saltatorial orthopteroid insects of Micronesia",Blattodea,Rhinotermitidae
"Prorhinotermes canalifrons (Sjöstedt, 1904)",Aldabra,"Holmgren, N.F. (1910) No. XIII - Isoptera",Blattodea,Rhinotermitidae
"Prorhinotermes canalifrons (Sjöstedt, 1904)",South Keeling,"Gibson-Hill, C.A. (1950) Notes on the insects taken on the Cocos-Keeling Islands",Blattodea,Rhinotermitidae
"Prorhinotermes canalifrons (Sjöstedt, 1904)",Diego Garcia,"Hutson, A.M. (1981) A preliminary list of insects of Diego Garcia Atoll, Chagos Archipelago",Blattodea,Rhinotermitidae
"Prorhinotermes canalifrons (Sjöstedt, 1904)",Midway,"Cogan, B.H., & Hutson, A.M. (1971) Preliminary observations on the affinities and composition of the insect fauna of Aldabra",Blattodea,Rhinotermitidae
"Prorhinotermes inopinatus (Silvestri, 1909)",Eniwetok,"Kevan, D.K.Mc.E., & Vickery, V.R. (1997) An annotated provisional list of non-saltatorial orthopteroid insects of Micronesia",Blattodea,Rhinotermitidae
"Prorhinotermes inopinatus (Silvestri, 1909)",Kwajalein,"Kevan, D.K.Mc.E., & Vickery, V.R. (1997) An annotated provisional list of non-saltatorial orthopteroid insects of Micronesia",Blattodea,Rhinotermitidae
"Prorhinotermes inopinatus (Silvestri, 1909)",Nukunonu,"Hickley, A.D. (1969) Ecology of terrestrial arthropods of the Tokelau atolls",Blattodea,Rhinotermitidae
"Prorhinotermes inopinatus (Silvestri, 1909)",Onotoa,"Kevan, D.K.Mc.E., & Vickery, V.R. (1997) An annotated provisional list of non-saltatorial orthopteroid insects of Micronesia",Blattodea,Rhinotermitidae
"Amitermes kavarattiensis (Sengupta, 2022)",Kavaratti,"Sengupta, R., et al. (2022) A new mandibulate termite Amitermes kavarattiensis sp. nov. (Blattodea: Isoptera: Termitidae) from Lakshadweep Island, India",Blattodea,Termitidae
Microcerotermes sp.,Glorioso,"Paulian, R. (1989) Les insectes des Îles Glorieuses",Blattodea,Termitidae
"Nasutitermes brevirostris (Oshima, 1917)",Eniwetok,"Kevan, D.K.Mc.E., & Vickery, V.R. (1997) An annotated provisional list of non-saltatorial orthopteroid insects of Micronesia",Blattodea,Termitidae
"Nasutitermes brevirostris (Oshima, 1917)",Ulithi,"Kevan, D.K.Mc.E., & Vickery, V.R. (1997) An annotated provisional list of non-saltatorial orthopteroid insects of Micronesia",Blattodea,Termitidae
Nasutitermes sp.,Kwajalein,"Sugerman, B.B. (1979) Additions to the list of insects and other arthropods from Kwajalein atoll (Marshall Islands)",Blattodea,Termitidae
"Franklinothrips megalops (Trybom, 1912)",Glorioso,"Paulian, R. (1989) Les insectes des Îles Glorieuses",Thysanoptera,Aeolothripidae
"Aleurodothrips fasciapennis (Franklin, 1908)",Nukunonu,"Hickley, A.D. (1969) Ecology of terrestrial arthropods of the Tokelau atolls",Thysanoptera,Phlaeothripidae
"Ethirothrips stenomelas (Walker, 1859)",Swains,"Kami, K.S., & Miller, S.E. (1998) Samoan insects and related arthropods: checklist and bibliography",Thysanoptera,Phlaeothripidae
"Haplothrips gowdeyi (Franklin, 1908)",Diego Garcia,"Hutson, A.M. (1981) A preliminary list of insects of Diego Garcia Atoll, Chagos Archipelago",Thysanoptera,Phlaeothripidae
"Haplothrips gowdeyi (Franklin, 1908)",Eniwetok,"Samuelson, G.A., & Nishida, G.M. (1987) Insects and allies (arthropods) of Enewetak atoll",Thysanoptera,Phlaeothripidae
"Haplothrips gowdeyi (Franklin, 1908)",Glorioso,"Paulian, R. (1989) Les insectes des Îles Glorieuses",Thysanoptera,Phlaeothripidae
"Haplothrips gowdeyi (Franklin, 1908)",Kure,"Butler, G.D., & Usinger, R.L. (1963) Insects and other arthropods from Kure Island",Thysanoptera,Phlaeothripidae
"Haplothrips gowdeyi (Franklin, 1908)",Laysan,"Butler, G.D. (1961) Insects and other arthropods from Laysan Island",Thysanoptera,Phlaeothripidae
"Haplothrips gowdeyi (Franklin, 1908)",Midway,"Suehiro, A. (1960) Insects and other arthropods from Midway atoll",Thysanoptera,Phlaeothripidae
"Haplothrips robustus (Bagnall, 1918)",Laysan,"Butler, G.D., & Usinger, R.L. (1963) Insects and other invertebrates from Laysan Island",Thysanoptera,Phlaeothripidae
"Arorathrips mexicanus (D.L.Crawford, 1909)",Midway,"Suehiro, A. (1960) Insects and other arthropods from Midway atoll",Thysanoptera,Thripidae
"Caliothrips helini (Hood, 1940)",Glorioso,"Paulian, R. (1989) Les insectes des Îles Glorieuses",Thysanoptera,Thripidae
"Frankliniella minuta (Moutlon, 1907)",Midway,"Suehiro, A. (1960) Insects and other arthropods from Midway atoll",Thysanoptera,Thripidae
"Frankliniella sulphurea (Schmutz, 1913)",French Frigate Shoals,"Beardsley, J.W. (1966) Insects and other terrestrial arthropods from the Leeward Hawaiian Islands",Thysanoptera,Thripidae
"Frankliniella sulphurea (Schmutz, 1913)",Johnston,"Binion Amerson, A., & Shelton, P.C. (1976) The natural history of Johnston atoll, Central Pacific Ocean",Thysanoptera,Thripidae
"Frankliniella sulphurea (Schmutz, 1913)",Kure,"Butler, G.D., & Usinger, R.L. (1963) Insects and other arthropods from Kure Island",Thysanoptera,Thripidae
"Frankliniella sulphurea (Schmutz, 1913)",Laysan,"Butler, G.D. (1961) Insects and other arthropods from Laysan Island",Thysanoptera,Thripidae
"Heliothrips haemorrhoidales (Bouché, 1833)",Midway,"Suehiro, A. (1960) Insects and other arthropods from Midway atoll",Thysanoptera,Thripidae
Projectothrips sp.,Nukunonu,"Hickley, A.D. (1969) Ecology of terrestrial arthropods of the Tokelau atolls",Thysanoptera,Thripidae
"Taeniothrips viticornis (Karny, 1922)",Kwajalein,"Sugerman, B.B. (1972) Insects and other arthropods from Kwajalein atoll (Marshall Islands)",Thysanoptera,Thripidae
"Thrips hawaiiensis (Morgan, 1913)",Midway,"Suehiro, A. (1960) Insects and other arthropods from Midway atoll",Thysanoptera,Thripidae
"Thrips tabaci (Lindeman, 1889)",Kure,"Butler, G.D., & Usinger, R.L. (1963) Insects and other arthropods from Kure Island",Thysanoptera,Thripidae
"Thrips tabaci (Lindeman, 1889)",Midway,"Suehiro, A. (1960) Insects and other arthropods from Midway atoll",Thysanoptera,Thripidae
"Akotropis cf. quercicola (Linnavuori, 1962)",Aldabra,"Webb, M.D. (1975) Fulgoroidea from Aldabra, Astove, and Cosmoledo atolls, collected by the Royal Society Expedition 1967-68 (Hemiptera-Homoptera)",Hemiptera,Achilidae
"Akotropis cf. quercicola (Linnavuori, 1962)",Astove,"Webb, M.D. (1975) Fulgoroidea from Aldabra, Astove, and Cosmoledo atolls, collected by the Royal Society Expedition 1967-68 (Hemiptera-Homoptera)",Hemiptera,Achilidae
"Aleurodicus dispersus (Russell, 1965)",Kavaratti,"Selvaraj, K., Sumalatha, B.V., & Sundararaj, R. (2020) First record of four whiteflies (Hemiptera: Aleyrodidae) in Lakshadweep Islands, India",Hemiptera,Aleyrodidae
"Aleurodicus dispersus (Russell, 1965)",Majuro,"Nafus, D. (1991) Movement of new insects into the Carolines and Marshalls in recent years",Hemiptera,Aleyrodidae
"Aleurodicus rugioperculatus (Martin, 2004)",Kavaratti,"Selvaraj, K., Sumalatha, B.V., & Sundararaj, R. (2020) First record of four whiteflies (Hemiptera: Aleyrodidae) in Lakshadweep Islands, India",Hemiptera,Aleyrodidae
"Aleurothrixus floccosus (Maskell, 1896)",Kavaratti,"Selvaraj, K., Sumalatha, B.V., & Sundararaj, R. (2020) First record of four whiteflies (Hemiptera: Aleyrodidae) in Lakshadweep Islands, India",Hemiptera,Aleyrodidae
"Aleurotrachelus trachoides (Back, 1912)",Rangiroa,"Cocherau, P. (1966) Compte rendu d'une mission d'inventaire faunistique aux îles Gambier et Tuamotu (Avril - Mai 1966)",Hemiptera,Aleyrodidae
"Bemisia euphorbiae (David & Subramaniam, 1976)",Kavaratti,"Selvaraj, K., Sumalatha, B.V., & Sundararaj, R. (2020) First record of four whiteflies (Hemiptera: Aleyrodidae) in Lakshadweep Islands, India",Hemiptera,Aleyrodidae
"Dialeurodes kirkaldyi (Kotinsky, 1907)",Rangiroa,"Cocherau, P. (1966) Compte rendu d'une mission d'inventaire faunistique aux îles Gambier et Tuamotu (Avril - Mai 1966)",Hemiptera,Aleyrodidae
"Neomaskellia bergii (Signoret, 1868)",Rangiroa,"Cocherau, P. (1966) Compte rendu d'une mission d'inventaire faunistique aux îles Gambier et Tuamotu (Avril - Mai 1966)",Hemiptera,Aleyrodidae
"Paraleyrodes bondari (Peracchi, 1971)",Kavaratti,"Selvaraj, K., Sumalatha, B.V., & Sundararaj, R. (2020) First record of four whiteflies (Hemiptera: Aleyrodidae) in Lakshadweep Islands, India",Hemiptera,Aleyrodidae
"Trialeurodes vaporarium (Westwood, 1856)",Midway,"Nishida, G.M. & Beardsley, J.W. (2002) A review of the insects and related arthropods of Midway atoll",Hemiptera,Aleyrodidae
"Riptortus saileri (Usinger, 1952)",Kwajalein,"Gross, F.R. (1963) Insects of Micronesia - Coreidae (Alydini by J.C. Schaffner), Neididae, and Nabidae",Hemiptera,Alydidae
"Tenosius proletarius (Schaum, 1853)",Aldabra,"Distant, W.L. (1913) No. IX - Rhynchota - Part I: suborder Heteroptera",Hemiptera,Alydidae
"Alofa sodalis (White, 1878)",Arno,"Herring, J.L. (1967) Insects of Micronesia - Heteroptera: Anthocoridae",Hemiptera,Anthocoridae
"Buchananiella continua (White, 1880)",Clipperton,"Garrouste, R., & Hervé, C. (2009) La faune des insectes (Insecta s.l.) de l'atoll de Clipperton",Hemiptera,Anthocoridae
"Cardiastethus minutissimus (Usinger, 1946)",Ulithi,"Herring, J.L. (1967) Insects of Micronesia - Heteroptera: Anthocoridae",Hemiptera,Anthocoridae
"Lasiochilus marianensis (Usinger, 1946)",Arno,"Herring, J.L. (1967) Insects of Micronesia - Heteroptera: Anthocoridae",Hemiptera,Anthocoridae
"Orius persequens (White, 1877)",Kure,"Butler, G.D., & Usinger, R.L. (1963) Insects and other arthropods from Kure Island",Hemiptera,Anthocoridae
"Orius persequens (White, 1877)",Laysan,"Butler, G.D. (1961) Insects and other arthropods from Laysan Island",Hemiptera,Anthocoridae
"Orius persequens (White, 1877)",Midway,"Suehiro, A. (1960) Insects and other arthropods from Midway atoll",Hemiptera,Anthocoridae
"Orius persequens (White, 1877)",Pearl and Hermes,"Beardsley, J.W. (1966) Insects and other terrestrial arthropods from the Leeward Hawaiian Islands",Hemiptera,Anthocoridae
"Physopleurella mundula (White, 1877)",Arno,"Herring, J.L. (1967) Insects of Micronesia - Heteroptera: Anthocoridae",Hemiptera,Anthocoridae
"Physopleurella mundula (White, 1877)",Eniwetok,"Herring, J.L. (1967) Insects of Micronesia - Heteroptera: Anthocoridae",Hemiptera,Anthocoridae
"Xylocoris galactinus (Fieber, 1836)",Eniwetok,"Herring, J.L. (1967) Insects of Micronesia - Heteroptera: Anthocoridae",Hemiptera,Anthocoridae
"Aphytis chrysomphali (Mercet, 1912)",Rangiroa,"Cocherau, P. (1966) Compte rendu d'une mission d'inventaire faunistique aux îles Gambier et Tuamotu (Avril - Mai 1966)",Hemiptera,Aphelinidae
"Aphytis cf. hispanicus (Mercet, 1912)",Midway,"Nishida, G.M. & Beardsley, J.W. (2002) A review of the insects and related arthropods of Midway atoll",Hemiptera,Aphelinidae
Azotus sp.,Midway,"Nishida, G.M. & Beardsley, J.W. (2002) A review of the insects and related arthropods of Midway atoll",Hemiptera,Aphelinidae
"Centrodora xiphidii (Perkins, 1906)",Midway,"Nishida, G.M. & Beardsley, J.W. (2002) A review of the insects and related arthropods of Midway atoll",Hemiptera,Aphelinidae
"Coccophagus ceroplastae (Howard, 1895)",Midway,"Nishida, G.M. & Beardsley, J.W. (2002) A review of the insects and related arthropods of Midway atoll",Hemiptera,Aphelinidae
"Coccophagus ceroplastae (Howard, 1895)",Palmyra,"Handler, A.T., et al. (2007) Arthropod surveys on Palmyra Atoll, Line Islands, and insights into the decline of the native tree Pisonia grandis (Nycatginaceae)",Hemiptera,Aphelinidae
"Encarsia citrina (Craw, 1891)",Rangiroa,"Cocherau, P. (1966) Compte rendu d'une mission d'inventaire faunistique aux îles Gambier et Tuamotu (Avril - Mai 1966)",Hemiptera,Aphelinidae
"Encarsia lounsburyi (Berlese & Paoli, 1916)",Midway,"Nishida, G.M. & Beardsley, J.W. (2002) A review of the insects and related arthropods of Midway atoll",Hemiptera,Aphelinidae
"Encarsia pergandiella (Howard, 1907)",Midway,"Nishida, G.M. & Beardsley, J.W. (2002) A review of the insects and related arthropods of Midway atoll",Hemiptera,Aphelinidae
Encarsia sp.,Midway,"Nishida, G.M. & Beardsley, J.W. (2002) A review of the insects and related arthropods of Midway atoll",Hemiptera,Aphelinidae
Eretmocerus sp.,Midway,"Nishida, G.M. & Beardsley, J.W. (2002) A review of the insects and related arthropods of Midway atoll",Hemiptera,Aphelinidae
"Euryischomyia flavithorax (Girault & Dodd, 1915)",Palmyra,"Handler, A.T., et al. (2007) Arthropod surveys on Palmyra Atoll, Line Islands, and insights into the decline of the native tree Pisonia grandis (Nycatginaceae)",Hemiptera,Aphelinidae
"Aphis craccivora (Koch, 1854)",Eniwetok,"Samuelson, G.A., & Nishida, G.M. (1987) Insects and allies (arthropods) of Enewetak atoll",Hemiptera,Aphididae
"Aphis craccivora (Koch, 1854)",French Frigate Shoals,"Beardsley, J.W. (1966) Insects and other terrestrial arthropods from the Leeward Hawaiian Islands",Hemiptera,Aphididae
"Aphis craccivora (Koch, 1854)",Kwajalein,"Sugerman, B.B. (1972) Insects and other arthropods from Kwajalein atoll (Marshall Islands)",Hemiptera,Aphididae
"Aphis craccivora (Koch, 1854)",Laysan,"Butler, G.D., & Usinger, R.L. (1963) Insects and other invertebrates from Laysan Island",Hemiptera,Aphididae
"Aphis craccivora (Koch, 1854)",Majuro,"Miller, R.H., et al. (2014) Review and key to aphids (Hemiptera: Aphididae) in Micronesia",Hemiptera,Aphididae
"Aphis craccivora (Koch, 1854)",Midway,"Suehiro, A. (1960) Insects and other arthropods from Midway atoll",Hemiptera,Aphididae
"Aphis craccivora (Koch, 1854)",Pearl and Hermes,"Beardsley, J.W. (1966) Insects and other terrestrial arthropods from the Leeward Hawaiian Islands",Hemiptera,Aphididae
"Aphis gossypii (Glover, 1877)",Abariringa,"van Zwaluwenburg, R.H. (1955) The insects and certain other arthropods of Canton Island",Hemiptera,Aphididae
"Aphis gossypii (Glover, 1877)",Arno,"Essig, E.O. (1956) Insects of Micronesia - Homoptera: Aphididae",Hemiptera,Aphididae
"Aphis gossypii (Glover, 1877)",Clipperton,"Garrouste, R., & Hervé, C. (2009) La faune des insectes (Insecta s.l.) de l'atoll de Clipperton",Hemiptera,Aphididae
"Aphis gossypii (Glover, 1877)",South Keeling,"Bellis, G.A., et al. (2004) Records of insect pests on Christmas Island and the Cocos (Keeling) Islands, Indian Ocean",Hemiptera,Aphididae
"Aphis gossypii (Glover, 1877)",Diego Garcia,"Hutson, A.M. (1981) A preliminary list of insects of Diego Garcia Atoll, Chagos Archipelago",Hemiptera,Aphididae
"Aphis gossypii (Glover, 1877)",Eniwetok,"Essig, E.O. (1956) Insects of Micronesia - Homoptera: Aphididae",Hemiptera,Aphididae
"Aphis gossypii (Glover, 1877)",Jaluit,"Essig, E.O. (1956) Insects of Micronesia - Homoptera: Aphididae",Hemiptera,Aphididae
"Aphis gossypii (Glover, 1877)",Johnston,"Binion Amerson, A., & Shelton, P.C. (1976) The natural history of Johnston atoll, Central Pacific Ocean",Hemiptera,Aphididae
"Aphis gossypii (Glover, 1877)",Kapingamarangi,"Essig, E.O. (1956) Insects of Micronesia - Homoptera: Aphididae",Hemiptera,Aphididae
"Aphis gossypii (Glover, 1877)",Kwajalein,"Sugerman, B.B. (1972) Insects and other arthropods from Kwajalein atoll (Marshall Islands)",Hemiptera,Aphididae
"Aphis gossypii (Glover, 1877)",Laysan,"Butler, G.D., & Usinger, R.L. (1963) Insects and other invertebrates from Laysan Island",Hemiptera,Aphididae
"Aphis gossypii (Glover, 1877)",Likiep,"Essig, E.O. (1956) Insects of Micronesia - Homoptera: Aphididae",Hemiptera,Aphididae
"Aphis gossypii (Glover, 1877)",Majuro,"Essig, E.O. (1956) Insects of Micronesia - Homoptera: Aphididae",Hemiptera,Aphididae
"Aphis gossypii (Glover, 1877)",Midway,"Suehiro, A. (1960) Insects and other arthropods from Midway atoll",Hemiptera,Aphididae
"Aphis gossypii (Glover, 1877)",Namoluk,"Essig, E.O. (1956) Insects of Micronesia - Homoptera: Aphididae",Hemiptera,Aphididae
"Aphis gossypii (Glover, 1877)",Nukunonu,"Hickley, A.D. (1969) Ecology of terrestrial arthropods of the Tokelau atolls",Hemiptera,Aphididae
"Aphis gossypii (Glover, 1877)",Onotoa,"Essig, E.O. (1956) Insects of Micronesia - Homoptera: Aphididae",Hemiptera,Aphididae
"Aphis gossypii (Glover, 1877)",Rangiroa,"Cocherau, P. (1966) Compte rendu d'une mission d'inventaire faunistique aux îles Gambier et Tuamotu (Avril - Mai 1966)",Hemiptera,Aphididae
"Aphis gossypii (Glover, 1877)",Sorol,"Essig, E.O. (1956) Insects of Micronesia - Homoptera: Aphididae",Hemiptera,Aphididae
"Aphis gossypii (Glover, 1877)",Swains,"Kami, K.S., & Miller, S.E. (1998) Samoan insects and related arthropods: checklist and bibliography",Hemiptera,Aphididae
"Aphis gossypii (Glover, 1877)",Ujae,"Essig, E.O. (1956) Insects of Micronesia - Homoptera: Aphididae",Hemiptera,Aphididae
"Aphis medicaginis (Koch, 1854)",Arno,"Essig, E.O. (1956) Insects of Micronesia - Homoptera: Aphididae",Hemiptera,Aphididae
"Aphis medicaginis (Koch, 1854)",Eniwetok,"Essig, E.O. (1956) Insects of Micronesia - Homoptera: Aphididae",Hemiptera,Aphididae
"Aphis medicaginis (Koch, 1854)",Johnston,"Binion Amerson, A., & Shelton, P.C. (1976) The natural history of Johnston atoll, Central Pacific Ocean",Hemiptera,Aphididae
"Aphis medicaginis (Koch, 1854)",Kwajalein,"Essig, E.O. (1956) Insects of Micronesia - Homoptera: Aphididae",Hemiptera,Aphididae
"Aphis medicaginis (Koch, 1854)",Laysan,"Butler, G.D. (1961) Insects and other arthropods from Laysan Island",Hemiptera,Aphididae
"Aphis medicaginis (Koch, 1854)",Majuro,"Essig, E.O. (1956) Insects of Micronesia - Homoptera: Aphididae",Hemiptera,Aphididae
"Aphis medicaginis (Koch, 1854)",Wake,"Bryan, E.H. (1926) Insects of Hawaii, Johnston Island and Wake Island",Hemiptera,Aphididae
Aphis sp.,Rangiroa,"Cocherau, P. (1966) Compte rendu d'une mission d'inventaire faunistique aux îles Gambier et Tuamotu (Avril - Mai 1966)",Hemiptera,Aphididae
"Brevicoryne brassicae (L., 1758)",Rangiroa,"Cocherau, P. (1966) Compte rendu d'une mission d'inventaire faunistique aux îles Gambier et Tuamotu (Avril - Mai 1966)",Hemiptera,Aphididae
"Hyperomyzus lactucae (L., 1758)",Midway,"Nishida, G.M. & Beardsley, J.W. (2002) A review of the insects and related arthropods of Midway atoll",Hemiptera,Aphididae
"Hysteroneura setariae (Thomas, 1878)",Kwajalein,"Sugerman, B.B. (1972) Insects and other arthropods from Kwajalein atoll (Marshall Islands)",Hemiptera,Aphididae
"Hysteroneura setariae (Thomas, 1878)",Majuro,"Miller, R.H., et al. (2014) Review and key to aphids (Hemiptera: Aphididae) in Micronesia",Hemiptera,Aphididae
"Hysteroneura setariae (Thomas, 1878)",Midway,"Nishida, G.M. & Beardsley, J.W. (2002) A review of the insects and related arthropods of Midway atoll",Hemiptera,Aphididae
"Lipaphis pseudobrassicae (Davis, 1914)",Midway,"Nishida, G.M. & Beardsley, J.W. (2002) A review of the insects and related arthropods of Midway atoll",Hemiptera,Aphididae
"Lipaphis pseudobrassicae (Davis, 1914)",Rangiroa,"Cocherau, P. (1966) Compte rendu d'une mission d'inventaire faunistique aux îles Gambier et Tuamotu (Avril - Mai 1966)",Hemiptera,Aphididae
"Pentalonia caladii (van der Goot, 1917)",Majuro,"Miller, R.H., et al. (2014) Review and key to aphids (Hemiptera: Aphididae) in Micronesia",Hemiptera,Aphididae
"Pentalonia nigronervosa (Coquerel, 1859)",Arno,"Essig, E.O. (1956) Insects of Micronesia - Homoptera: Aphididae",Hemiptera,Aphididae
"Pentalonia nigronervosa (Coquerel, 1859)",South Keeling,"Bellis, G.A., et al. (2004) Records of insect pests on Christmas Island and the Cocos (Keeling) Islands, Indian Ocean",Hemiptera,Aphididae
"Pentalonia nigronervosa (Coquerel, 1859)",Majuro,"Miller, R.H., et al. (2014) Review and key to aphids (Hemiptera: Aphididae) in Micronesia",Hemiptera,Aphididae
"Pentalonia nigronervosa (Coquerel, 1859)",Nukunonu,"Hickley, A.D. (1969) Ecology of terrestrial arthropods of the Tokelau atolls",Hemiptera,Aphididae
"Rhopalosiphum maidis (Fitch, 1856)",South Keeling,"Bellis, G.A., et al. (2004) Records of insect pests on Christmas Island and the Cocos (Keeling) Islands, Indian Ocean",Hemiptera,Aphididae
"Rhopalosiphum maidis (Fitch, 1856)",Kure,"Butler, G.D., & Usinger, R.L. (1963) Insects and other arthropods from Kure Island",Hemiptera,Aphididae
"Rhopalosiphum maidis (Fitch, 1856)",Laysan,"Butler, G.D., & Usinger, R.L. (1963) Insects and other invertebrates from Laysan Island",Hemiptera,Aphididae
"Rhopalosiphum maidis (Fitch, 1856)",Majuro,"Miller, R.H., et al. (2014) Review and key to aphids (Hemiptera: Aphididae) in Micronesia",Hemiptera,Aphididae
"Rhopalosiphum maidis (Fitch, 1856)",Midway,"Nishida, G.M. & Beardsley, J.W. (2002) A review of the insects and related arthropods of Midway atoll",Hemiptera,Aphididae
"Schizaphis rotundiventris (Signoret, 1860)",Midway,"Nishida, G.M. & Beardsley, J.W. (2002) A review of the insects and related arthropods of Midway atoll",Hemiptera,Aphididae
"Lallemandana phalerata (Stal, 1854)",Nomwin,"Synave, P.H. (1957) Insects of Micronesia - Homoptera: Cercopidae",Hemiptera,Aphroporidae
"Breviscutaneurus micromorphus (Heiss, 1990)",Aldabra,"Heiss, E. (1990) Studies on African Aradidae III. Two new species of Aneurinae from Zaire and Aldabra Islands (Heteroptera, Aradidae)",Hemiptera,Aradidae
"Mezira membranacea (Fabricius, 1803)",South Keeling,"Gibson-Hill, C.A. (1950) Hemiptera collected on the Cocos-Keeling Islands, January-October, 1941",Hemiptera,Aradidae
"Mezira membranacea (Fabricius, 1803)",Ulithi,"Matsuda, R., & Usinger, R.L. (1957) Insects of Micronesia - Heteroptera: Aradidae",Hemiptera,Aradidae
"Asterolecanium pustulans (Cockerell, 1892)",Abariringa,"van Zwaluwenburg, R.H. (1955) The insects and certain other arthropods of Canton Island",Hemiptera,Asterolecanidae
"Asterolecanium pustulans (Cockerell, 1892)",Likiep,"Beardsley, J.W. (1966) Insects of Micronesia - Homoptera: Coccoidea",Hemiptera,Asterolecanidae
"Asterolecanium pustulans (Cockerell, 1892)",Majuro,"Beardsley, J.W. (1966) Insects of Micronesia - Homoptera: Coccoidea",Hemiptera,Asterolecanidae
"Issopulex gloriosus (China & Fennah, 1960)",Glorioso,"Paulian, R. (1989) Les insectes des Îles Glorieuses",Hemiptera,Caliscelidae
"Mesohomotoma hibisci (Froggatt, 1901)",Diego Garcia,"Hutson, A.M. (1981) A preliminary list of insects of Diego Garcia Atoll, Chagos Archipelago",Hemiptera,Carsidaridae
"Mesohomotoma hibisci (Froggatt, 1901)",Kapingamarangi,"Tuthill, L.D. (1964) Insects of Micronesia - Homoptera: Psyllidae",Hemiptera,Carsidaridae
"Mesohomotoma hibisci (Froggatt, 1901)",Kwajalein,"Sugerman, B.B. (1972) Insects and other arthropods from Kwajalein atoll (Marshall Islands)",Hemiptera,Carsidaridae
"Mesohomotoma hibisci (Froggatt, 1901)",Mokil,"Tuthill, L.D. (1964) Insects of Micronesia - Homoptera: Psyllidae",Hemiptera,Carsidaridae
"Mesohomotoma hibisci (Froggatt, 1901)",Pingelap,"Tuthill, L.D. (1964) Insects of Micronesia - Homoptera: Psyllidae",Hemiptera,Carsidaridae
"Ceratocombus hawaiiensis (Usinger, 1946)",Arno,"Usinger, R.L. (1951) Heteroptera of the Marshall Islands",Hemiptera,Ceratocombidae
"Poeciloterpa minuta (Lallemand, 1922)",Ngcheangel,"Synave, P.H. (1957) Insects of Micronesia - Homoptera: Cercopidae",Hemiptera,Cercopidae
"Aconurella africia (Webb, 1980)",Aldabra,"Webb, M.D. (1980) The Cicadellidae from Aldabra, Astove and Cosmoledo atolls collected by the Royal Society Expedition 1967-68 (Hemiptera, Homoptera)",Hemiptera,Cicadellidae
"Amrasca sesuvii (Linnavuori, 1960)",Wake,"Linnavuori, R. (1975) Insects of Micronesia - Homoptera: Cicadellidae, supplement",Hemiptera,Cicadellidae
"Austrogallia caboverdensis (Lindberg, 1958)",Aldabra,"Webb, M.D. (1980) The Cicadellidae from Aldabra, Astove and Cosmoledo atolls collected by the Royal Society Expedition 1967-68 (Hemiptera, Homoptera)",Hemiptera,Cicadellidae
"Austrogallia caboverdensis (Lindberg, 1958)",Astove,"Webb, M.D. (1980) The Cicadellidae from Aldabra, Astove and Cosmoledo atolls collected by the Royal Society Expedition 1967-68 (Hemiptera, Homoptera)",Hemiptera,Cicadellidae
"Austrogallia caboverdensis (Lindberg, 1958)",Cosmoledo,"Webb, M.D. (1980) The Cicadellidae from Aldabra, Astove and Cosmoledo atolls collected by the Royal Society Expedition 1967-68 (Hemiptera, Homoptera)",Hemiptera,Cicadellidae
"Balclutha dufela (Webb, 1980)",Aldabra,"Webb, M.D. (1980) The Cicadellidae from Aldabra, Astove and Cosmoledo atolls collected by the Royal Society Expedition 1967-68 (Hemiptera, Homoptera)",Hemiptera,Cicadellidae
"Balclutha dunaca (Webb, 1980)",Aldabra,"Webb, M.D. (1980) The Cicadellidae from Aldabra, Astove and Cosmoledo atolls collected by the Royal Society Expedition 1967-68 (Hemiptera, Homoptera)",Hemiptera,Cicadellidae
"Balclutha frontalis (Ferrari, 1882)",Aldabra,"Webb, M.D. (1980) The Cicadellidae from Aldabra, Astove and Cosmoledo atolls collected by the Royal Society Expedition 1967-68 (Hemiptera, Homoptera)",Hemiptera,Cicadellidae
"Balclutha frontalis (Ferrari, 1882)",South Keeling,"Gibson-Hill, C.A. (1950) Hemiptera collected on the Cocos-Keeling Islands, January-October, 1941",Hemiptera,Cicadellidae
"Balclutha lucida (Butler, 1877)",Aldabra,"Webb, M.D. (1980) The Cicadellidae from Aldabra, Astove and Cosmoledo atolls collected by the Royal Society Expedition 1967-68 (Hemiptera, Homoptera)",Hemiptera,Cicadellidae
"Balclutha incisa (Matsumura, 1902)",Eniwetok,"Linnavuori, R. (1975) Insects of Micronesia - Homoptera: Cicadellidae, supplement",Hemiptera,Cicadellidae
"Balclutha incisa (Matsumura, 1902)",Jaluit,"Linnavuori, R. (1975) Insects of Micronesia - Homoptera: Cicadellidae, supplement",Hemiptera,Cicadellidae
"Balclutha incisa (Matsumura, 1902)",Kwajalein,"Sugerman, B.B. (1972) Insects and other arthropods from Kwajalein atoll (Marshall Islands)",Hemiptera,Cicadellidae
"Balclutha incisa (Matsumura, 1902)",Nukunonu,"Hickley, A.D. (1969) Ecology of terrestrial arthropods of the Tokelau atolls",Hemiptera,Cicadellidae
"Balclutha jafara (Webb, 1980)",Aldabra,"Webb, M.D. (1980) The Cicadellidae from Aldabra, Astove and Cosmoledo atolls collected by the Royal Society Expedition 1967-68 (Hemiptera, Homoptera)",Hemiptera,Cicadellidae
"Balclutha saltuella (Kirschbaum, 1868)",Aldabra,"Webb, M.D. (1980) The Cicadellidae from Aldabra, Astove and Cosmoledo atolls collected by the Royal Society Expedition 1967-68 (Hemiptera, Homoptera)",Hemiptera,Cicadellidae
"Balclutha saltuella (Kirschbaum, 1868)",Eniwetok,"Linnavuori, R. (1975) Insects of Micronesia - Homoptera: Cicadellidae, supplement",Hemiptera,Cicadellidae
"Balclutha saltuella (Kirschbaum, 1868)",Kwajalein,"Linnavuori, R. (1975) Insects of Micronesia - Homoptera: Cicadellidae, supplement",Hemiptera,Cicadellidae
"Balclutha timberlakei (Osborn, 1935)",Midway,"Suehiro, A. (1960) Insects and other arthropods from Midway atoll",Hemiptera,Cicadellidae
"Batracomorphus opticus (Webb, 1980)",Aldabra,"Webb, M.D. (1980) The Cicadellidae from Aldabra, Astove and Cosmoledo atolls collected by the Royal Society Expedition 1967-68 (Hemiptera, Homoptera)",Hemiptera,Cicadellidae
"Batracomorphus viridoflavidus (Metcalf, 1946)",Losap,"Linnavuori, R. (1960) Insects of Micronesia - Homoptera: Cicadellidae",Hemiptera,Cicadellidae
"Batracomorphus viridoflavidus (Metcalf, 1946)",Ngcheangel,"Linnavuori, R. (1960) Insects of Micronesia - Homoptera: Cicadellidae",Hemiptera,Cicadellidae
"Caloduferna minuta (Webb, 1980)",Aldabra,"Webb, M.D. (1980) The Cicadellidae from Aldabra, Astove and Cosmoledo atolls collected by the Royal Society Expedition 1967-68 (Hemiptera, Homoptera)",Hemiptera,Cicadellidae
Carneocephala sp.,Kwajalein,"Sugerman, B.B. (1979) Additions to the list of insects and other arthropods from Kwajalein atoll (Marshall Islands)",Hemiptera,Cicadellidae
Cicadula sp.,Takapoto,"Rivière, F. (1979) La vie animale terrestre à Takapoto",Hemiptera,Cicadellidae
"Cicadulina bipunctata (Melichar, 1904)",Aldabra,"Webb, M.D. (1980) The Cicadellidae from Aldabra, Astove and Cosmoledo atolls collected by the Royal Society Expedition 1967-68 (Hemiptera, Homoptera)",Hemiptera,Cicadellidae
"Cicadulina bipunctata (Melichar, 1904)",Cosmoledo,"Webb, M.D. (1980) The Cicadellidae from Aldabra, Astove and Cosmoledo atolls collected by the Royal Society Expedition 1967-68 (Hemiptera, Homoptera)",Hemiptera,Cicadellidae
"Circulifer tenellus (Baker, 1896)",French Frigate Shoals,"Beardsley, J.W. (1966) Insects and other terrestrial arthropods from the Leeward Hawaiian Islands",Hemiptera,Cicadellidae
"Circulifer tenellus (Baker, 1896)",Kure,"Beardsley, J.W. (1966) Insects and other terrestrial arthropods from the Leeward Hawaiian Islands",Hemiptera,Cicadellidae
"Circulifer tenellus (Baker, 1896)",Laysan,"Butler, G.D., & Usinger, R.L. (1963) Insects and other invertebrates from Laysan Island",Hemiptera,Cicadellidae
"Deltocephalus hospes (Kirkaldy, 1904)",Eniwetok,"Linnavuori, R. (1975) Insects of Micronesia - Homoptera: Cicadellidae, supplement",Hemiptera,Cicadellidae
"Dryadomorpha pallida (Kirkaldy, 1906)",Aldabra,"Webb, M.D. (1980) The Cicadellidae from Aldabra, Astove and Cosmoledo atolls collected by the Royal Society Expedition 1967-68 (Hemiptera, Homoptera)",Hemiptera,Cicadellidae
Dryadomorpha sp.,Takapoto,"Rivière, F. (1979) La vie animale terrestre à Takapoto",Hemiptera,Cicadellidae
Empoasca sp.,Kwajalein,"Sugerman, B.B. (1972) Insects and other arthropods from Kwajalein atoll (Marshall Islands)",Hemiptera,Cicadellidae
Empoasca sp.,Majuro,"Nafus, D. (1991) Movement of new insects into the Carolines and Marshalls in recent years",Hemiptera,Cicadellidae
"Exitianus capicola (Stal, 1855)",Arno,"Linnavuori, R. (1960) Insects of Micronesia - Homoptera: Cicadellidae",Hemiptera,Cicadellidae
"Exitianus capicola (Stal, 1855)",Bikar,"Linnavuori, R. (1960) Insects of Micronesia - Homoptera: Cicadellidae",Hemiptera,Cicadellidae
"Exitianus capicola (Stal, 1855)",Bikini,"Linnavuori, R. (1960) Insects of Micronesia - Homoptera: Cicadellidae",Hemiptera,Cicadellidae
"Exitianus capicola (Stal, 1855)",Eniwetok,"Linnavuori, R. (1960) Insects of Micronesia - Homoptera: Cicadellidae",Hemiptera,Cicadellidae
"Exitianus capicola (Stal, 1855)",Etal,"Linnavuori, R. (1960) Insects of Micronesia - Homoptera: Cicadellidae",Hemiptera,Cicadellidae
"Exitianus capicola (Stal, 1855)",Jaluit,"Linnavuori, R. (1960) Insects of Micronesia - Homoptera: Cicadellidae",Hemiptera,Cicadellidae
"Exitianus capicola (Stal, 1855)",Kapingamarangi,"Linnavuori, R. (1960) Insects of Micronesia - Homoptera: Cicadellidae",Hemiptera,Cicadellidae
"Exitianus capicola (Stal, 1855)",Kwajalein,"Sugerman, B.B. (1972) Insects and other arthropods from Kwajalein atoll (Marshall Islands)",Hemiptera,Cicadellidae
"Exitianus capicola (Stal, 1855)",Lae,"Linnavuori, R. (1960) Insects of Micronesia - Homoptera: Cicadellidae",Hemiptera,Cicadellidae
"Exitianus capicola (Stal, 1855)",Likiep,"Linnavuori, R. (1960) Insects of Micronesia - Homoptera: Cicadellidae",Hemiptera,Cicadellidae
"Exitianus capicola (Stal, 1855)",Losap,"Linnavuori, R. (1960) Insects of Micronesia - Homoptera: Cicadellidae",Hemiptera,Cicadellidae
"Exitianus capicola (Stal, 1855)",Lukunor,"Linnavuori, R. (1960) Insects of Micronesia - Homoptera: Cicadellidae",Hemiptera,Cicadellidae
"Exitianus capicola (Stal, 1855)",Majuro,"Linnavuori, R. (1960) Insects of Micronesia - Homoptera: Cicadellidae",Hemiptera,Cicadellidae
"Exitianus capicola (Stal, 1855)",Mokil,"Linnavuori, R. (1960) Insects of Micronesia - Homoptera: Cicadellidae",Hemiptera,Cicadellidae
"Exitianus capicola (Stal, 1855)",Namoluk,"Linnavuori, R. (1960) Insects of Micronesia - Homoptera: Cicadellidae",Hemiptera,Cicadellidae
"Exitianus capicola (Stal, 1855)",Nomwin,"Linnavuori, R. (1960) Insects of Micronesia - Homoptera: Cicadellidae",Hemiptera,Cicadellidae
"Exitianus capicola (Stal, 1855)",Nukunonu,"Hickley, A.D. (1969) Ecology of terrestrial arthropods of the Tokelau atolls",Hemiptera,Cicadellidae
"Exitianus capicola (Stal, 1855)",Onotoa,"Linnavuori, R. (1960) Insects of Micronesia - Homoptera: Cicadellidae",Hemiptera,Cicadellidae
"Exitianus capicola (Stal, 1855)",Pingelap,"Linnavuori, R. (1960) Insects of Micronesia - Homoptera: Cicadellidae",Hemiptera,Cicadellidae
"Exitianus capicola (Stal, 1855)",Pokak,"Linnavuori, R. (1960) Insects of Micronesia - Homoptera: Cicadellidae",Hemiptera,Cicadellidae
"Exitianus capicola (Stal, 1855)",Rongelap,"Linnavuori, R. (1960) Insects of Micronesia - Homoptera: Cicadellidae",Hemiptera,Cicadellidae
"Exitianus capicola (Stal, 1855)",Satawan,"Linnavuori, R. (1960) Insects of Micronesia - Homoptera: Cicadellidae",Hemiptera,Cicadellidae
"Exitianus capicola (Stal, 1855)",Taka,"Linnavuori, R. (1960) Insects of Micronesia - Homoptera: Cicadellidae",Hemiptera,Cicadellidae
"Exitianus capicola (Stal, 1855)",Ujae,"Linnavuori, R. (1960) Insects of Micronesia - Homoptera: Cicadellidae",Hemiptera,Cicadellidae
"Exitianus capicola (Stal, 1855)",Ujelang,"Linnavuori, R. (1960) Insects of Micronesia - Homoptera: Cicadellidae",Hemiptera,Cicadellidae
"Exitianus capicola (Stal, 1855)",Wotho,"Linnavuori, R. (1960) Insects of Micronesia - Homoptera: Cicadellidae",Hemiptera,Cicadellidae
"Exitianus frontalis (Distant, 1917)",Astove,"Webb, M.D. (1980) The Cicadellidae from Aldabra, Astove and Cosmoledo atolls collected by the Royal Society Expedition 1967-68 (Hemiptera, Homoptera)",Hemiptera,Cicadellidae
"Exitianus fusconervosus (de Motschulsky, 1863)",Eniwetok,"Samuelson, G.A., & Nishida, G.M. (1987) Insects and allies (arthropods) of Enewetak atoll",Hemiptera,Cicadellidae
"Exitianus fusconervosus (de Motschulsky, 1863)",Jaluit,"Gressitt, J.L. (1961) Terrestrial fauna",Hemiptera,Cicadellidae
"Exitianus fusconervosus (de Motschulsky, 1863)",Kapingamarangi,"Niering, W. A. (1963) Terrestrial ecology of Kapingamarangi atoll, Caroline Islands",Hemiptera,Cicadellidae
"Exitianus fusconervosus (de Motschulsky, 1863)",Kwajalein,"Sugerman, B.B. (1972) Insects and other arthropods from Kwajalein atoll (Marshall Islands)",Hemiptera,Cicadellidae
"Exitianus nanus (Distant, 1908)",Aldabra,"Webb, M.D. (1980) The Cicadellidae from Aldabra, Astove and Cosmoledo atolls collected by the Royal Society Expedition 1967-68 (Hemiptera, Homoptera)",Hemiptera,Cicadellidae
"Exitianus plebeius (Kirkaldy, 1906)",Eniwetok,"Linnavuori, R. (1975) Insects of Micronesia - Homoptera: Cicadellidae, supplement",Hemiptera,Cicadellidae
"Exitianus plebeius (Kirkaldy, 1906)",Jaluit,"Linnavuori, R. (1975) Insects of Micronesia - Homoptera: Cicadellidae, supplement",Hemiptera,Cicadellidae
"Exitianus plebeius (Kirkaldy, 1906)",Kwajalein,"Sugerman, B.B. (1972) Insects and other arthropods from Kwajalein atoll (Marshall Islands)",Hemiptera,Cicadellidae
"Exitianus plebeius (Kirkaldy, 1906)",Takapoto,"Rivière, F. (1979) La vie animale terrestre à Takapoto",Hemiptera,Cicadellidae
"Exitianus plebeius (Kirkaldy, 1906)",Wake,"Linnavuori, R. (1975) Insects of Micronesia - Homoptera: Cicadellidae, supplement",Hemiptera,Cicadellidae
"Frutioidia dwukropka (Dworakowska, 1971)",Aldabra,"Webb, M.D. (1980) The Cicadellidae from Aldabra, Astove and Cosmoledo atolls collected by the Royal Society Expedition 1967-68 (Hemiptera, Homoptera)",Hemiptera,Cicadellidae
"Frutioidia dwukropka (Dworakowska, 1971)",Cosmoledo,"Webb, M.D. (1980) The Cicadellidae from Aldabra, Astove and Cosmoledo atolls collected by the Royal Society Expedition 1967-68 (Hemiptera, Homoptera)",Hemiptera,Cicadellidae
"Frutioidia mitella (Webb, 1980)",Aldabra,"Webb, M.D. (1980) The Cicadellidae from Aldabra, Astove and Cosmoledo atolls collected by the Royal Society Expedition 1967-68 (Hemiptera, Homoptera)",Hemiptera,Cicadellidae
"Goniagnathus albomaculatus (Webb, 1980)",Aldabra,"Webb, M.D. (1980) The Cicadellidae from Aldabra, Astove and Cosmoledo atolls collected by the Royal Society Expedition 1967-68 (Hemiptera, Homoptera)",Hemiptera,Cicadellidae
"Goniagnathus albomaculatus (Webb, 1980)",Astove,"Webb, M.D. (1980) The Cicadellidae from Aldabra, Astove and Cosmoledo atolls collected by the Royal Society Expedition 1967-68 (Hemiptera, Homoptera)",Hemiptera,Cicadellidae
"Graminella sonora (Ball, 1900)",French Frigate Shoals,"Beardsley, J.W. (1966) Insects and other terrestrial arthropods from the Leeward Hawaiian Islands",Hemiptera,Cicadellidae
"Graminella sonora (Ball, 1900)",Kure,"Beardsley, J.W. (1966) Insects and other terrestrial arthropods from the Leeward Hawaiian Islands",Hemiptera,Cicadellidae
"Graminella sonora (Ball, 1900)",Laysan,"Butler, G.D., & Usinger, R.L. (1963) Insects and other invertebrates from Laysan Island",Hemiptera,Cicadellidae
"Graminella sonora (Ball, 1900)",Midway,"Nishida, G.M. & Beardsley, J.W. (2002) A review of the insects and related arthropods of Midway atoll",Hemiptera,Cicadellidae
"Gullifera idas (Webb, 1980)",Aldabra,"Webb, M.D. (1980) The Cicadellidae from Aldabra, Astove and Cosmoledo atolls collected by the Royal Society Expedition 1967-68 (Hemiptera, Homoptera)",Hemiptera,Cicadellidae
"Hecalus dubius (Melichar, 1904)",Aldabra,"Webb, M.D. (1980) The Cicadellidae from Aldabra, Astove and Cosmoledo atolls collected by the Royal Society Expedition 1967-68 (Hemiptera, Homoptera)",Hemiptera,Cicadellidae
"Helionidia dworakowskae (Webb, 1980)",Aldabra,"Webb, M.D. (1980) The Cicadellidae from Aldabra, Astove and Cosmoledo atolls collected by the Royal Society Expedition 1967-68 (Hemiptera, Homoptera)",Hemiptera,Cicadellidae
"Iassomorphus ondecus (Webb, 1980)",Aldabra,"Webb, M.D. (1980) The Cicadellidae from Aldabra, Astove and Cosmoledo atolls collected by the Royal Society Expedition 1967-68 (Hemiptera, Homoptera)",Hemiptera,Cicadellidae
"Igerna neosa (Webb, 1980)",Aldabra,"Webb, M.D. (1980) The Cicadellidae from Aldabra, Astove and Cosmoledo atolls collected by the Royal Society Expedition 1967-68 (Hemiptera, Homoptera)",Hemiptera,Cicadellidae
"Irenaella okara (Webb, 1980)",Aldabra,"Webb, M.D. (1980) The Cicadellidae from Aldabra, Astove and Cosmoledo atolls collected by the Royal Society Expedition 1967-68 (Hemiptera, Homoptera)",Hemiptera,Cicadellidae
"Irenaella zalara (Webb, 1980)",Aldabra,"Webb, M.D. (1980) The Cicadellidae from Aldabra, Astove and Cosmoledo atolls collected by the Royal Society Expedition 1967-68 (Hemiptera, Homoptera)",Hemiptera,Cicadellidae
"Jacobiella ludora (Webb, 1980)",Aldabra,"Webb, M.D. (1980) The Cicadellidae from Aldabra, Astove and Cosmoledo atolls collected by the Royal Society Expedition 1967-68 (Hemiptera, Homoptera)",Hemiptera,Cicadellidae
"Jakarellus ineffectus (Baker, 1924)",Aldabra,"Webb, M.D. (1980) The Cicadellidae from Aldabra, Astove and Cosmoledo atolls collected by the Royal Society Expedition 1967-68 (Hemiptera, Homoptera)",Hemiptera,Cicadellidae
"Jakarellus ineffectus (Baker, 1924)",Astove,"Webb, M.D. (1980) The Cicadellidae from Aldabra, Astove and Cosmoledo atolls collected by the Royal Society Expedition 1967-68 (Hemiptera, Homoptera)",Hemiptera,Cicadellidae
"Kaila misera (Webb, 1980)",Aldabra,"Webb, M.D. (1980) The Cicadellidae from Aldabra, Astove and Cosmoledo atolls collected by the Royal Society Expedition 1967-68 (Hemiptera, Homoptera)",Hemiptera,Cicadellidae
"Limentinus aldabranus (Distant, 1917)",Aldabra,"Webb, M.D. (1980) The Cicadellidae from Aldabra, Astove and Cosmoledo atolls collected by the Royal Society Expedition 1967-68 (Hemiptera, Homoptera)",Hemiptera,Cicadellidae
"Limentinus aldabranus (Distant, 1917)",Astove,"Webb, M.D. (1980) The Cicadellidae from Aldabra, Astove and Cosmoledo atolls collected by the Royal Society Expedition 1967-68 (Hemiptera, Homoptera)",Hemiptera,Cicadellidae
"Limentinus aldabranus (Distant, 1917)",Cosmoledo,"Webb, M.D. (1980) The Cicadellidae from Aldabra, Astove and Cosmoledo atolls collected by the Royal Society Expedition 1967-68 (Hemiptera, Homoptera)",Hemiptera,Cicadellidae
"Maiestas subviridis (Metcalf, 1946)",Etal,"Linnavuori, R. (1960) Insects of Micronesia - Homoptera: Cicadellidae",Hemiptera,Cicadellidae
"Maiestas subviridis (Metcalf, 1946)",Kwajalein,"Sugerman, B.B. (1979) Additions to the list of insects and other arthropods from Kwajalein atoll (Marshall Islands)",Hemiptera,Cicadellidae
"Maiestas subviridis (Metcalf, 1946)",Ngcheangel,"Linnavuori, R. (1960) Insects of Micronesia - Homoptera: Cicadellidae",Hemiptera,Cicadellidae
"Maiestas subviridis (Metcalf, 1946)",Sorol,"Linnavuori, R. (1960) Insects of Micronesia - Homoptera: Cicadellidae",Hemiptera,Cicadellidae
"Maiestas subviridis (Metcalf, 1946)",Ujae,"Linnavuori, R. (1960) Insects of Micronesia - Homoptera: Cicadellidae",Hemiptera,Cicadellidae
"Maiestas subviridis (Metcalf, 1946)",Ujelang,"Linnavuori, R. (1960) Insects of Micronesia - Homoptera: Cicadellidae",Hemiptera,Cicadellidae
"Maiestas subviridis (Metcalf, 1946)",Ulithi,"Linnavuori, R. (1960) Insects of Micronesia - Homoptera: Cicadellidae",Hemiptera,Cicadellidae
"Matsumurasca (Matsumurasca) cinqosa (Webb, 1980)",Aldabra,"Webb, M.D. (1980) The Cicadellidae from Aldabra, Astove and Cosmoledo atolls collected by the Royal Society Expedition 1967-68 (Hemiptera, Homoptera)",Hemiptera,Cicadellidae
"Matsumurina aphila (Webb, 1980)",Aldabra,"Webb, M.D. (1980) The Cicadellidae from Aldabra, Astove and Cosmoledo atolls collected by the Royal Society Expedition 1967-68 (Hemiptera, Homoptera)",Hemiptera,Cicadellidae
"Matsumursca (Solanasca) solana (DeLong, 1911)",Kure,"Beardsley, J.W. (1966) Insects and other terrestrial arthropods from the Leeward Hawaiian Islands",Hemiptera,Cicadellidae
"Matsumursca (Solanasca) solana (DeLong, 1911)",Midway,"Nishida, G.M. & Beardsley, J.W. (2002) A review of the insects and related arthropods of Midway atoll",Hemiptera,Cicadellidae
"Naevus subparallelus (Knight, 1970)",Aldabra,"Webb, M.D. (1980) The Cicadellidae from Aldabra, Astove and Cosmoledo atolls collected by the Royal Society Expedition 1967-68 (Hemiptera, Homoptera)",Hemiptera,Cicadellidae
Nesophyla sp.,Takapoto,"Rivière, F. (1979) La vie animale terrestre à Takapoto",Hemiptera,Cicadellidae
"Optya (Nkima) asidia (Webb, 1980)",Aldabra,"Webb, M.D. (1980) The Cicadellidae from Aldabra, Astove and Cosmoledo atolls collected by the Royal Society Expedition 1967-68 (Hemiptera, Homoptera)",Hemiptera,Cicadellidae
"Orosius argentatus (Evans, 1938)",Abariringa,"van Zwaluwenburg, R.H. (1942) The insects of Canton Island",Hemiptera,Cicadellidae
"Orosius argentatus (Evans, 1938)",Eniwetok,"Samuelson, G.A., & Nishida, G.M. (1987) Insects and allies (arthropods) of Enewetak atoll",Hemiptera,Cicadellidae
"Orosius argentatus (Evans, 1938)",Pokak,"Linnavuori, R. (1960) Insects of Micronesia - Homoptera: Cicadellidae",Hemiptera,Cicadellidae
"Orosius argentatus (Evans, 1938)",Ulithi,"Linnavuori, R. (1960) Insects of Micronesia - Homoptera: Cicadellidae",Hemiptera,Cicadellidae
"Orosius argentatus (Evans, 1938)",Wake,"Linnavuori, R. (1960) Insects of Micronesia - Homoptera: Cicadellidae",Hemiptera,Cicadellidae
"Orosius lotophagorum (Kirkaldy, 1907)",Wake,"Linnavuori, R. (1975) Insects of Micronesia - Homoptera: Cicadellidae, supplement",Hemiptera,Cicadellidae
"Orosius ryukyuensis (Ishihara, 1965)",Ulithi,"Linnavuori, R. (1975) Insects of Micronesia - Homoptera: Cicadellidae, supplement",Hemiptera,Cicadellidae
Orosius sp.,Astove,"Webb, M.D. (1980) The Cicadellidae from Aldabra, Astove and Cosmoledo atolls collected by the Royal Society Expedition 1967-68 (Hemiptera, Homoptera)",Hemiptera,Cicadellidae
"Penthimiola bella (Stal, 1855)",Aldabra,"Webb, M.D. (1980) The Cicadellidae from Aldabra, Astove and Cosmoledo atolls collected by the Royal Society Expedition 1967-68 (Hemiptera, Homoptera)",Hemiptera,Cicadellidae
"Penthimiola bella (Stal, 1855)",Astove,"Webb, M.D. (1980) The Cicadellidae from Aldabra, Astove and Cosmoledo atolls collected by the Royal Society Expedition 1967-68 (Hemiptera, Homoptera)",Hemiptera,Cicadellidae
"Remoya aldabraensis (Webb, 1976)",Aldabra,"Webb, M.D. (1980) The Cicadellidae from Aldabra, Astove and Cosmoledo atolls collected by the Royal Society Expedition 1967-68 (Hemiptera, Homoptera)",Hemiptera,Cicadellidae
"Tartessus fieberi (Stal, 1865)",Ngcheangel,"Linnavuori, R. (1960) Insects of Micronesia - Homoptera: Cicadellidae",Hemiptera,Cicadellidae
"Thamnotettix hopponis (Matsumura, 1914)",Eniwetok,"Linnavuori, R. (1975) Insects of Micronesia - Homoptera: Cicadellidae, supplement",Hemiptera,Cicadellidae
"Thamnotettix hopponis (Matsumura, 1914)",Jaluit,"Linnavuori, R. (1975) Insects of Micronesia - Homoptera: Cicadellidae, supplement",Hemiptera,Cicadellidae
"Thamnotettix hopponis (Matsumura, 1914)",Kwajalein,"Linnavuori, R. (1975) Insects of Micronesia - Homoptera: Cicadellidae, supplement",Hemiptera,Cicadellidae
"Thamnotettix hopponis (Matsumura, 1914)",Ulithi,"Linnavuori, R. (1975) Insects of Micronesia - Homoptera: Cicadellidae, supplement",Hemiptera,Cicadellidae
"Tharra flavomaculata (Metcalf, 1950)",Ngcheangel,"Linnavuori, R. (1960) Insects of Micronesia - Homoptera: Cicadellidae",Hemiptera,Cicadellidae
"Thomsonia gressitti (Linnavuori, 1960)",Ngcheangel,"Linnavuori, R. (1960) Insects of Micronesia - Homoptera: Cicadellidae",Hemiptera,Cicadellidae
"Thomsonia gressitti (Linnavuori, 1960)",Ulithi,"Linnavuori, R. (1960) Insects of Micronesia - Homoptera: Cicadellidae",Hemiptera,Cicadellidae
Vulturnus sp.,Aldabra,"Frith, D.W. (1979) A list of insects caught in light traps on West Island, Aldabra Atoll, Indian Ocean",Hemiptera,Cicadellidae
Xestocephalus sp.,Aldabra,"Frith, D.W. (1979) A list of insects caught in light traps on West Island, Aldabra Atoll, Indian Ocean",Hemiptera,Cicadellidae
"Hamza ciliaris (L., 1758)",Ngcheangel,"Esaki, T., & Miyamoto, S. (1975) Insects of Micronesia - Homoptera: Cicadidae",Hemiptera,Cicadidae
"Orientafroinsularis pulverulenta (Distant, 1905)",Aldabra,"Distant, L. (1916) The Percy Sladen Expedition No. VII.-Rhynchota. Part II: Suborder Homoptera",Hemiptera,Cicadidae
"Afrius (Subafrius) flavirostrum (Signoret, 1861)",Aldabra,"Distant, W.L. (1913) No. IX - Rhynchota - Part I: suborder Heteroptera",Hemiptera,Cimicidae
"Cimex hemipterus (Fabricius, 1803)",Aldabra,"Distant, W.L. (1913) No. IX - Rhynchota - Part I: suborder Heteroptera",Hemiptera,Cimicidae
"Cimex hemipterus (Fabricius, 1803)",Kwajalein,"Usinger, R.L., & Ferris, G.F. (1960) Insects of Micronesia - Heteroptera: Cimicidae",Hemiptera,Cimicidae
"Cimex lectularius (L., 1758)",Takapoto,"Rivière, F. (1979) La vie animale terrestre à Takapoto",Hemiptera,Cimicidae
"Achaemenes major (Jacobi, 1917)",Aldabra,"Webb, M.D. (1975) Fulgoroidea from Aldabra, Astove, and Cosmoledo atolls, collected by the Royal Society Expedition 1967-68 (Hemiptera-Homoptera)",Hemiptera,Cixiidae
"Brixia stellata (Distant, 1917)",Aldabra,"Webb, M.D. (1975) Fulgoroidea from Aldabra, Astove, and Cosmoledo atolls, collected by the Royal Society Expedition 1967-68 (Hemiptera-Homoptera)",Hemiptera,Cixiidae
"Myndus apicalis (Metcalf, 1954)",Jaluit,"Fennah, R.G. (1956) Insects of Micronesia - Homoptera: Fulgoroidea",Hemiptera,Cixiidae
"Myndus oxalme (Fennah, 1956)",Nomwin,"Fennah, R.G. (1956) Insects of Micronesia - Homoptera: Fulgoroidea",Hemiptera,Cixiidae
"Myndus praecanus (Fennah, 1956)",Jaluit,"Fennah, R.G. (1956) Insects of Micronesia - Homoptera: Fulgoroidea",Hemiptera,Cixiidae
"Oliarus nosibeanus (Jacobi, 1917)",Aldabra,"Webb, M.D. (1975) Fulgoroidea from Aldabra, Astove, and Cosmoledo atolls, collected by the Royal Society Expedition 1967-68 (Hemiptera-Homoptera)",Hemiptera,Cixiidae
"Oliarus nosibeanus (Jacobi, 1917)",Glorioso,"Paulian, R. (1989) Les insectes des Îles Glorieuses",Hemiptera,Cixiidae
Oliarus sp.,Astove,"Webb, M.D. (1975) Fulgoroidea from Aldabra, Astove, and Cosmoledo atolls, collected by the Royal Society Expedition 1967-68 (Hemiptera-Homoptera)",Hemiptera,Cixiidae
"Romabenna praetor (Fennah, 1965)",Ulithi,"Fennah, R.G. (1956) Insects of Micronesia - Homoptera: Fulgoroidea",Hemiptera,Cixiidae
"Ceroplastes cirripediformis (Comstock, 1881)",Eniwetok,"Beardsley, J.W. (1966) Insects of Micronesia - Homoptera: Coccoidea",Hemiptera,Coccidae
"Ceroplastes cirripediformis (Comstock, 1881)",Kwajalein,"Beardsley, J.W. (1966) Insects of Micronesia - Homoptera: Coccoidea",Hemiptera,Coccidae
"Ceroplastes cirripediformis (Comstock, 1881)",Wake,"Beardsley, J.W. (1966) Insects of Micronesia - Homoptera: Coccoidea",Hemiptera,Coccidae
"Ceroplastes rubens (Maskell, 1893)",South Keeling,"Bellis, G.A., et al. (2004) Records of insect pests on Christmas Island and the Cocos (Keeling) Islands, Indian Ocean",Hemiptera,Coccidae
"Ceroplastes rubens (Maskell, 1893)",Kwajalein,"Sugerman, B.B. (1972) Insects and other arthropods from Kwajalein atoll (Marshall Islands)",Hemiptera,Coccidae
"Ceroplastes rubens (Maskell, 1893)",Likiep,"Nafus, D. (1991) Movement of new insects into the Carolines and Marshalls in recent years",Hemiptera,Coccidae
"Ceroplastes rubens (Maskell, 1893)",Majuro,"Nafus, D. (1991) Movement of new insects into the Carolines and Marshalls in recent years",Hemiptera,Coccidae
"Ceroplastes rubens (Maskell, 1893)",Ngcheangel,"Beardsley, J.W. (1966) Insects of Micronesia - Homoptera: Coccoidea",Hemiptera,Coccidae
"Ceroplastes rubens (Maskell, 1893)",Rangiroa,"Cocherau, P. (1966) Compte rendu d'une mission d'inventaire faunistique aux îles Gambier et Tuamotu (Avril - Mai 1966)",Hemiptera,Coccidae
"Ceroplastes rusci (L., 1758)",Aldabra,"Green, E.E. (1907) No. XII - Notes on the Coccidae collected by the Percy Sladen trust expedition to the Indian Ocean - supplemented by a collection received from Mr. R. Dupont",Hemiptera,Coccidae
"Coccus hesperidum (L., 1758)",Abariringa,"van Zwaluwenburg, R.H. (1955) The insects and certain other arthropods of Canton Island",Hemiptera,Coccidae
"Coccus hesperidum (L., 1758)",Aldabra,"Green, E.E. (1907) No. XII - Notes on the Coccidae collected by the Percy Sladen trust expedition to the Indian Ocean - supplemented by a collection received from Mr. R. Dupont",Hemiptera,Coccidae
"Coccus hesperidum (L., 1758)",Eniwetok,"Beardsley, J.W. (1966) Insects of Micronesia - Homoptera: Coccoidea",Hemiptera,Coccidae
"Coccus hesperidum (L., 1758)",Jaluit,"Nafus, D. (1991) Movement of new insects into the Carolines and Marshalls in recent years",Hemiptera,Coccidae
"Coccus hesperidum (L., 1758)",Johnston,"Binion Amerson, A., & Shelton, P.C. (1976) The natural history of Johnston atoll, Central Pacific Ocean",Hemiptera,Coccidae
"Coccus hesperidum (L., 1758)",Kwajalein,"Sugerman, B.B. (1972) Insects and other arthropods from Kwajalein atoll (Marshall Islands)",Hemiptera,Coccidae
"Coccus hesperidum (L., 1758)",Majuro,"Beardsley, J.W. (1966) Insects of Micronesia - Homoptera: Coccoidea",Hemiptera,Coccidae
"Coccus hesperidum (L., 1758)",Nukunonu,"Hickley, A.D. (1969) Ecology of terrestrial arthropods of the Tokelau atolls",Hemiptera,Coccidae
"Coccus hesperidum (L., 1758)",Rongelap,"Beardsley, J.W. (1966) Insects of Micronesia - Homoptera: Coccoidea",Hemiptera,Coccidae
"Coccus hesperidum (L., 1758)",Swains,"Kami, K.S., & Miller, S.E. (1998) Samoan insects and related arthropods: checklist and bibliography",Hemiptera,Coccidae
"Coccus hesperidum (L., 1758)",Ujelang,"Beardsley, J.W. (1966) Insects of Micronesia - Homoptera: Coccoidea",Hemiptera,Coccidae
"Coccus hesperidum (L., 1758)",Wotho,"Beardsley, J.W. (1966) Insects of Micronesia - Homoptera: Coccoidea",Hemiptera,Coccidae
"Coccus longulus (Douglas, 1887)",Kwajalein,"Sugerman, B.B. (1972) Insects and other arthropods from Kwajalein atoll (Marshall Islands)",Hemiptera,Coccidae
"Coccus longulus (Douglas, 1887)",Majuro,"Beardsley, J.W. (1966) Insects of Micronesia - Homoptera: Coccoidea",Hemiptera,Coccidae
"Coccus viridis (Green, 1889)",Midway,"Suehiro, A. (1960) Insects and other arthropods from Midway atoll",Hemiptera,Coccidae
Coccus sp.,Rangiroa,"Cocherau, P. (1966) Compte rendu d'une mission d'inventaire faunistique aux îles Gambier et Tuamotu (Avril - Mai 1966)",Hemiptera,Coccidae
"Eucalymnatus tessellatus (Signoret, 1873)",Farquhar,"Green, E.E. (1907) No. XII - Notes on the Coccidae collected by the Percy Sladen trust expedition to the Indian Ocean - supplemented by a collection received from Mr. R. Dupont",Hemiptera,Coccidae
"Eucalymnatus tessellatus (Signoret, 1873)",Jaluit,"Nafus, D. (1991) Movement of new insects into the Carolines and Marshalls in recent years",Hemiptera,Coccidae
"Kilifia acuminata (Signoret, 1873)",Midway,"Suehiro, A. (1960) Insects and other arthropods from Midway atoll",Hemiptera,Coccidae
"Paralecanium carolinensis (Beardsley, 1966)",Losap,"Beardsley, J.W. (1966) Insects of Micronesia - Homoptera: Coccoidea",Hemiptera,Coccidae
"Paralecanium carolinensis (Beardsley, 1966)",Nomwin,"Beardsley, J.W. (1966) Insects of Micronesia - Homoptera: Coccoidea",Hemiptera,Coccidae
"Parasaissetia nigra (Nietner, 1861)",Johnston,"Binion Amerson, A., & Shelton, P.C. (1976) The natural history of Johnston atoll, Central Pacific Ocean",Hemiptera,Coccidae
"Parasaissetia nigra (Nietner, 1861)",Kwajalein,"Sugerman, B.B. (1972) Insects and other arthropods from Kwajalein atoll (Marshall Islands)",Hemiptera,Coccidae
"Parasaissetia nigra (Nietner, 1861)",Laysan,"Butler, G.D. (1961) Insects and other arthropods from Laysan Island",Hemiptera,Coccidae
"Parasaissetia nigra (Nietner, 1861)",Midway,"Suehiro, A. (1960) Insects and other arthropods from Midway atoll",Hemiptera,Coccidae
"Parasaissetia nigra (Nietner, 1861)",Swains,"Kami, K.S., & Miller, S.E. (1998) Samoan insects and related arthropods: checklist and bibliography",Hemiptera,Coccidae
"Pulvinaria floccifera (Westwood, 1870)",Farquhar,"Green, E.E. (1907) No. XII - Notes on the Coccidae collected by the Percy Sladen trust expedition to the Indian Ocean - supplemented by a collection received from Mr. R. Dupont",Hemiptera,Coccidae
"Pulvinaria grabhami (Cockerell, 1903)",Diego Garcia,"Hutson, A.M. (1981) A preliminary list of insects of Diego Garcia Atoll, Chagos Archipelago",Hemiptera,Coccidae
"Pulvinaria psidii (Maskell, 1893)",Astove,"Green, E.E. (1907) No. XII - Notes on the Coccidae collected by the Percy Sladen trust expedition to the Indian Ocean - supplemented by a collection received from Mr. R. Dupont",Hemiptera,Coccidae
"Pulvinaria psidii (Maskell, 1893)",Farquhar,"Green, E.E. (1907) No. XII - Notes on the Coccidae collected by the Percy Sladen trust expedition to the Indian Ocean - supplemented by a collection received from Mr. R. Dupont",Hemiptera,Coccidae
"Pulvinaria psidii (Maskell, 1893)",Jaluit,"Beardsley, J.W. (1966) Insects of Micronesia - Homoptera: Coccoidea",Hemiptera,Coccidae
"Pulvinaria psidii (Maskell, 1893)",Majuro,"Nafus, D. (1991) Movement of new insects into the Carolines and Marshalls in recent years",Hemiptera,Coccidae
"Pulvinaria psidii (Maskell, 1893)",Rangiroa,"Cocherau, P. (1966) Compte rendu d'une mission d'inventaire faunistique aux îles Gambier et Tuamotu (Avril - Mai 1966)",Hemiptera,Coccidae
"Pulvinaria urbicola (Cockerell, 1893)",Jaluit,"Nafus, D. (1991) Movement of new insects into the Carolines and Marshalls in recent years",Hemiptera,Coccidae
"Pulvinaria urbicola (Cockerell, 1893)",Majuro,"Nafus, D. (1991) Movement of new insects into the Carolines and Marshalls in recent years",Hemiptera,Coccidae
"Pulvinaria urbicola (Cockerell, 1893)",Palmyra,"Handler, A.T., et al. (2007) Arthropod surveys on Palmyra Atoll, Line Islands, and insights into the decline of the native tree Pisonia grandis (Nycatginaceae)",Hemiptera,Coccidae
"Pulvinaria urbicola (Cockerell, 1893)",Rose,"Peck, R.W., et al. (2014) Arthropods of Rose atoll with special reference to ants and Pulvianaria urbicola scales (Hemiptera: Coccidae) on Pisonia grandis trees",Hemiptera,Coccidae
"Pulvinaria urbicola (Cockerell, 1893)",Sorol,"Beardsley, J.W. (1966) Insects of Micronesia - Homoptera: Coccoidea",Hemiptera,Coccidae
"Saissetia coffeae (Walker, 1852)",Abariringa,"van Zwaluwenburg, R.H. (1955) The insects and certain other arthropods of Canton Island",Hemiptera,Coccidae
"Saissetia coffeae (Walker, 1852)",Eniwetok,"Beardsley, J.W. (1966) Insects of Micronesia - Homoptera: Coccoidea",Hemiptera,Coccidae
"Saissetia coffeae (Walker, 1852)",Kwajalein,"Sugerman, B.B. (1972) Insects and other arthropods from Kwajalein atoll (Marshall Islands)",Hemiptera,Coccidae
"Saissetia coffeae (Walker, 1852)",Majuro,"Beardsley, J.W. (1966) Insects of Micronesia - Homoptera: Coccoidea",Hemiptera,Coccidae
"Saissetia coffeae (Walker, 1852)",Rangiroa,"Cocherau, P. (1966) Compte rendu d'une mission d'inventaire faunistique aux îles Gambier et Tuamotu (Avril - Mai 1966)",Hemiptera,Coccidae
"Saissetia miranda (Cockerell & Parrott, 1899)",Midway,"Nishida, G.M. & Beardsley, J.W. (2002) A review of the insects and related arthropods of Midway atoll",Hemiptera,Coccidae
"Saissetia oleae (Olivier, 1791)",Aldabra,"Green, E.E. (1907) No. XII - Notes on the Coccidae collected by the Percy Sladen trust expedition to the Indian Ocean - supplemented by a collection received from Mr. R. Dupont",Hemiptera,Coccidae
"Saissetia oleae (Olivier, 1791)",French Frigate Shoals,"Beardsley, J.W. (1966) Insects and other terrestrial arthropods from the Leeward Hawaiian Islands",Hemiptera,Coccidae
"Saissetia oleae (Olivier, 1791)",Johnston,"Binion Amerson, A., & Shelton, P.C. (1976) The natural history of Johnston atoll, Central Pacific Ocean",Hemiptera,Coccidae
"Saissetia oleae (Olivier, 1791)",Rangiroa,"Cocherau, P. (1966) Compte rendu d'une mission d'inventaire faunistique aux îles Gambier et Tuamotu (Avril - Mai 1966)",Hemiptera,Coccidae
"Saissetia oleae (Olivier, 1791)",Ujelang,"Beardsley, J.W. (1966) Insects of Micronesia - Homoptera: Coccoidea",Hemiptera,Coccidae
"Anoplocnemis curvipes (Fabricius, 1781)",Aldabra,"Distant, W.L. (1913) No. IX - Rhynchota - Part I: suborder Heteroptera",Hemiptera,Coreidae
"Anoplocnemis curvipes (Fabricius, 1781)",Astove,"Bayne, C.J., et al. (1970) Geography and ecology of Astove",Hemiptera,Coreidae
"Anoplocnemis curvipes (Fabricius, 1781)",Cosmoledo,"Distant, W.L. (1913) No. IX - Rhynchota - Part I: suborder Heteroptera",Hemiptera,Coreidae
"Arbela nitidula (Stal, 1865)",Ngcheangel,"Gross, F.R. (1963) Insects of Micronesia - Coreidae (Alydini by J.C. Schaffner), Neididae, and Nabidae",Hemiptera,Coreidae
"Cletus clavatus (Signoret, 1861)",Aldabra,"Distant, W.L. (1913) No. IX - Rhynchota - Part I: suborder Heteroptera",Hemiptera,Coreidae
"Plinachtus aldabrensis (Brailovsky & Barrera, 2006)",Aldabra,"Brailovsky, H. & Barrera, E. (2006) Two new species of Plinachtus Stal (Hemiptera: Heteroptera: Coreidae: Coreinae: Gonocerini) from Aldabra Atoll and Madagascar",Hemiptera,Coreidae
"Fromundus pygmaeus (Dallas, 1851)",Abariringa,"van Zwaluwenburg, R.H. (1955) The insects and certain other arthropods of Canton Island",Hemiptera,Cydnidae
"Fromundus pygmaeus (Dallas, 1851)",South Keeling,"Gibson-Hill, C.A. (1950) Hemiptera collected on the Cocos-Keeling Islands, January-October, 1941",Hemiptera,Cydnidae
"Fromundus pygmaeus (Dallas, 1851)",Eniwetok,"Ruckes, H. (1963) Insects of Micronesia - Heteroptera: Pentatomoidea",Hemiptera,Cydnidae
"Fromundus pygmaeus (Dallas, 1851)",Jaluit,"Ruckes, H. (1963) Insects of Micronesia - Heteroptera: Pentatomoidea",Hemiptera,Cydnidae
"Fromundus pygmaeus (Dallas, 1851)",Kwajalein,"Sugerman, B.B. (1972) Insects and other arthropods from Kwajalein atoll (Marshall Islands)",Hemiptera,Cydnidae
"Fromundus pygmaeus (Dallas, 1851)",Laysan,"Butler, G.D. (1961) Insects and other arthropods from Laysan Island",Hemiptera,Cydnidae
"Fromundus pygmaeus (Dallas, 1851)",Midway,"Suehiro, A. (1960) Insects and other arthropods from Midway atoll",Hemiptera,Cydnidae
"Fromundus pygmaeus (Dallas, 1851)",Ngcheangel,"Ruckes, H. (1963) Insects of Micronesia - Heteroptera: Pentatomoidea",Hemiptera,Cydnidae
"Fromundus pygmaeus (Dallas, 1851)",Palmyra,"Handler, A.T., et al. (2007) Arthropod surveys on Palmyra Atoll, Line Islands, and insights into the decline of the native tree Pisonia grandis (Nycatginaceae)",Hemiptera,Cydnidae
"Fromundus pygmaeus (Dallas, 1851)",Pearl and Hermes,"Beardsley, J.W. (1966) Insects and other terrestrial arthropods from the Leeward Hawaiian Islands",Hemiptera,Cydnidae
"Fromundus pygmaeus (Dallas, 1851)",Takapoto,"Rivière, F. (1979) La vie animale terrestre à Takapoto",Hemiptera,Cydnidae
"Macroscytus fryeri (Distant, 1913)",Aldabra,"Distant, W.L. (1913) No. IX - Rhynchota - Part I: suborder Heteroptera",Hemiptera,Cydnidae
"Rhytidoporus indentatus (Uhler, 1877)",Midway,"Nishida, G.M. & Beardsley, J.W. (2002) A review of the insects and related arthropods of Midway atoll",Hemiptera,Cydnidae
"Cemus granulinervis (Stal, 1854)",Ngcheangel,"Fennah, R.G. (1971) Insects of Micronesia - Homoptera: Fulgoroidea, supplement",Hemiptera,Delphacidae
"Cemus granulinervis (Stal, 1854)",Ulithi,"Fennah, R.G. (1971) Insects of Micronesia - Homoptera: Fulgoroidea, supplement",Hemiptera,Delphacidae
"Cemus nigromaculosus (Muir, 1917)",Ulithi,"Fennah, R.G. (1956) Insects of Micronesia - Homoptera: Fulgoroidea",Hemiptera,Delphacidae
"Coronacella sinhalana (Kirkaldy, 1906)",Jaluit,"Fennah, R.G. (1971) Insects of Micronesia - Homoptera: Fulgoroidea, supplement",Hemiptera,Delphacidae
"Coronacella sinhalana (Kirkaldy, 1906)",Majuro,"Fennah, R.G. (1956) Insects of Micronesia - Homoptera: Fulgoroidea",Hemiptera,Delphacidae
"Dicranotropis ibadanensis (Muir, 1920)",Aldabra,"Webb, M.D. (1975) Fulgoroidea from Aldabra, Astove, and Cosmoledo atolls, collected by the Royal Society Expedition 1967-68 (Hemiptera-Homoptera)",Hemiptera,Delphacidae
"Eripison cf. illex (Fennah, 1969)",Aldabra,"Webb, M.D. (1975) Fulgoroidea from Aldabra, Astove, and Cosmoledo atolls, collected by the Royal Society Expedition 1967-68 (Hemiptera-Homoptera)",Hemiptera,Delphacidae
"Euidellana carolinensis (Metcalf, 1950)",Ulithi,"Fennah, R.G. (1956) Insects of Micronesia - Homoptera: Fulgoroidea",Hemiptera,Delphacidae
Falcotoya sp.,Cosmoledo,"Webb, M.D. (1975) Fulgoroidea from Aldabra, Astove, and Cosmoledo atolls, collected by the Royal Society Expedition 1967-68 (Hemiptera-Homoptera)",Hemiptera,Delphacidae
"Laodelphax striatellus (Fallén, 1826)",Majuro,"Fennah, R.G. (1956) Insects of Micronesia - Homoptera: Fulgoroidea",Hemiptera,Delphacidae
"Liburnia krugeri (Muir, 1929)",Aldabra,"Webb, M.D. (1975) Fulgoroidea from Aldabra, Astove, and Cosmoledo atolls, collected by the Royal Society Expedition 1967-68 (Hemiptera-Homoptera)",Hemiptera,Delphacidae
"Liburnia paludum (Muir & Giffard, 1924)",Kiritimati,"Krauss, N.L.H. (1953) Insects and other invertebrates from Palmyra atoll and Christmas Island",Hemiptera,Delphacidae
"Liburnia paludum (Muir & Giffard, 1924)",Laysan,"Butler, G.D. (1961) Insects and other arthropods from Laysan Island",Hemiptera,Delphacidae
Matutinus sp.,Aldabra,"Webb, M.D. (1975) Fulgoroidea from Aldabra, Astove, and Cosmoledo atolls, collected by the Royal Society Expedition 1967-68 (Hemiptera-Homoptera)",Hemiptera,Delphacidae
"Metadelphax propinquus (Fieber, 1866)",Aldabra,"Webb, M.D. (1975) Fulgoroidea from Aldabra, Astove, and Cosmoledo atolls, collected by the Royal Society Expedition 1967-68 (Hemiptera-Homoptera)",Hemiptera,Delphacidae
"Metadelphax propinquus (Fieber, 1866)",Cosmoledo,"Webb, M.D. (1975) Fulgoroidea from Aldabra, Astove, and Cosmoledo atolls, collected by the Royal Society Expedition 1967-68 (Hemiptera-Homoptera)",Hemiptera,Delphacidae
"Nilaparvata maeander (Fennah, 1958)",Aldabra,"Webb, M.D. (1975) Fulgoroidea from Aldabra, Astove, and Cosmoledo atolls, collected by the Royal Society Expedition 1967-68 (Hemiptera-Homoptera)",Hemiptera,Delphacidae
"Opiconsiva dodona (Fennah, 1965)",Nukunonu,"Hickley, A.D. (1969) Ecology of terrestrial arthropods of the Tokelau atolls",Hemiptera,Delphacidae
"Opiconsiva guamensis (Metcalf, 1946)",Jaluit,"Fennah, R.G. (1971) Insects of Micronesia - Homoptera: Fulgoroidea, supplement",Hemiptera,Delphacidae
"Opiconsiva guamensis (Metcalf, 1946)",Kapingamarangi,"Fennah, R.G. (1971) Insects of Micronesia - Homoptera: Fulgoroidea, supplement",Hemiptera,Delphacidae
"Opiconsiva guamensis (Metcalf, 1946)",Kwajalein,"Fennah, R.G. (1971) Insects of Micronesia - Homoptera: Fulgoroidea, supplement",Hemiptera,Delphacidae
"Opiconsiva messalina (Fennah, 1971)",Wake,"Fennah, R.G. (1971) Insects of Micronesia - Homoptera: Fulgoroidea, supplement",Hemiptera,Delphacidae
"Opiconsiva paludum (Kirkaldy, 1910)",Arno,"Fennah, R.G. (1956) Insects of Micronesia - Homoptera: Fulgoroidea",Hemiptera,Delphacidae
"Opiconsiva paludum (Kirkaldy, 1910)",Jaluit,"Fennah, R.G. (1956) Insects of Micronesia - Homoptera: Fulgoroidea",Hemiptera,Delphacidae
"Opiconsiva paludum (Kirkaldy, 1910)",Kapingamarangi,"Fennah, R.G. (1956) Insects of Micronesia - Homoptera: Fulgoroidea",Hemiptera,Delphacidae
"Opiconsiva paludum (Kirkaldy, 1910)",Kure,"Butler, G.D., & Usinger, R.L. (1963) Insects and other arthropods from Kure Island",Hemiptera,Delphacidae
"Opiconsiva paludum (Kirkaldy, 1910)",Kwajalein,"Sugerman, B.B. (1972) Insects and other arthropods from Kwajalein atoll (Marshall Islands)",Hemiptera,Delphacidae
"Opiconsiva paludum (Kirkaldy, 1910)",Lae,"Fennah, R.G. (1956) Insects of Micronesia - Homoptera: Fulgoroidea",Hemiptera,Delphacidae
"Opiconsiva paludum (Kirkaldy, 1910)",Laysan,"Butler, G.D., & Usinger, R.L. (1963) Insects and other invertebrates from Laysan Island",Hemiptera,Delphacidae
"Opiconsiva paludum (Kirkaldy, 1910)",Losap,"Fennah, R.G. (1956) Insects of Micronesia - Homoptera: Fulgoroidea",Hemiptera,Delphacidae
"Opiconsiva paludum (Kirkaldy, 1910)",Majuro,"Fennah, R.G. (1956) Insects of Micronesia - Homoptera: Fulgoroidea",Hemiptera,Delphacidae
"Opiconsiva paludum (Kirkaldy, 1910)",Midway,"Suehiro, A. (1960) Insects and other arthropods from Midway atoll",Hemiptera,Delphacidae
"Opiconsiva paludum (Kirkaldy, 1910)",Pearl and Hermes,"Beardsley, J.W. (1966) Insects and other terrestrial arthropods from the Leeward Hawaiian Islands",Hemiptera,Delphacidae
"Opiconsiva paludum (Kirkaldy, 1910)",Pingelap,"Fennah, R.G. (1956) Insects of Micronesia - Homoptera: Fulgoroidea",Hemiptera,Delphacidae
"Opiconsiva paludum (Kirkaldy, 1910)",Satawan,"Fennah, R.G. (1956) Insects of Micronesia - Homoptera: Fulgoroidea",Hemiptera,Delphacidae
"Opiconsiva paludum (Kirkaldy, 1910)",Ujae,"Fennah, R.G. (1956) Insects of Micronesia - Homoptera: Fulgoroidea",Hemiptera,Delphacidae
"Sardia rostrata (Melichar, 1903)",South Keeling,"Gibson-Hill, C.A. (1950) Hemiptera collected on the Cocos-Keeling Islands, January-October, 1941",Hemiptera,Delphacidae
"Sardia rostrata (Melichar, 1903)",Jaluit,"Fennah, R.G. (1971) Insects of Micronesia - Homoptera: Fulgoroidea, supplement",Hemiptera,Delphacidae
"Sogatella eupompe (Kirkaldy, 1907)",Swains,"Fennah, R.G. (1958) Fulgoroidea of South-Eastern Polynesia",Hemiptera,Delphacidae
"Sogatella furcifera (Horváth, 1899)",Glorioso,"Paulian, R. (1989) Les insectes des Îles Glorieuses",Hemiptera,Delphacidae
"Sogatella furcifera (Horváth, 1899)",Jaluit,"Fennah, R.G. (1956) Insects of Micronesia - Homoptera: Fulgoroidea",Hemiptera,Delphacidae
"Sogatella furcifera (Horváth, 1899)",Kwajalein,"Sugerman, B.B. (1972) Insects and other arthropods from Kwajalein atoll (Marshall Islands)",Hemiptera,Delphacidae
"Sogatella furcifera (Horváth, 1899)",Majuro,"Fennah, R.G. (1956) Insects of Micronesia - Homoptera: Fulgoroidea",Hemiptera,Delphacidae
"Sogatella geranor (Kirkaldy, 1907)",Ngcheangel,"Fennah, R.G. (1971) Insects of Micronesia - Homoptera: Fulgoroidea, supplement",Hemiptera,Delphacidae
"Sogatella kolophon (Kirkaldy, 1907)",Aldabra,"Webb, M.D. (1975) Fulgoroidea from Aldabra, Astove, and Cosmoledo atolls, collected by the Royal Society Expedition 1967-68 (Hemiptera-Homoptera)",Hemiptera,Delphacidae
"Sogatella kolophon (Kirkaldy, 1907)",Eniwetok,"Samuelson, G.A., & Nishida, G.M. (1987) Insects and allies (arthropods) of Enewetak atoll",Hemiptera,Delphacidae
"Sogatella kolophon (Kirkaldy, 1907)",Kwajalein,"Sugerman, B.B. (1972) Insects and other arthropods from Kwajalein atoll (Marshall Islands)",Hemiptera,Delphacidae
"Sogatella kolophon (Kirkaldy, 1907)",Majuro,"Fennah, R.G. (1956) Insects of Micronesia - Homoptera: Fulgoroidea",Hemiptera,Delphacidae
"Sogatella kolophon (Kirkaldy, 1907)",Ujae,"Fennah, R.G. (1956) Insects of Micronesia - Homoptera: Fulgoroidea",Hemiptera,Delphacidae
"Sogatella kolophon (Kirkaldy, 1907)",Ujelang,"Fennah, R.G. (1956) Insects of Micronesia - Homoptera: Fulgoroidea",Hemiptera,Delphacidae
"Sogatella kolophon (Kirkaldy, 1907)",Ulithi,"Fennah, R.G. (1956) Insects of Micronesia - Homoptera: Fulgoroidea",Hemiptera,Delphacidae
"Sogatella kolophon (Kirkaldy, 1907)",Wotho,"Fennah, R.G. (1956) Insects of Micronesia - Homoptera: Fulgoroidea",Hemiptera,Delphacidae
"Sogatella nigeriensis (Muir, 1920)",Aldabra,"Webb, M.D. (1975) Fulgoroidea from Aldabra",Hemiptera,Delphacidae
Sogatella sp.,Cosmoledo,"Webb, M.D. (1975) Fulgoroidea from Aldabra, Astove, and Cosmoledo atolls, collected by the Royal Society Expedition 1967-68 (Hemiptera-Homoptera)",Hemiptera,Delphacidae
"Tagosodes cubanus (Crawford, 1914)",Aldabra,"Webb, M.D. (1975) Fulgoroidea from Aldabra, Astove, and Cosmoledo atolls, collected by the Royal Society Expedition 1967-68 (Hemiptera-Homoptera)",Hemiptera,Delphacidae
"Tagosodes cubanus (Crawford, 1914)",Cosmoledo,"Webb, M.D. (1975) Fulgoroidea from Aldabra, Astove, and Cosmoledo atolls, collected by the Royal Society Expedition 1967-68 (Hemiptera-Homoptera)",Hemiptera,Delphacidae
"Tarophagus proserpina (Kirkaldy, 1907)",Kwajalein,"Sugerman, B.B. (1972) Insects and other arthropods from Kwajalein atoll (Marshall Islands)",Hemiptera,Delphacidae
"Tarophagus proserpina (Kirkaldy, 1907)",Majuro,"Fennah, R.G. (1956) Insects of Micronesia - Homoptera: Fulgoroidea",Hemiptera,Delphacidae
"Tarophagus proserpina (Kirkaldy, 1907)",Satawan,"Fennah, R.G. (1956) Insects of Micronesia - Homoptera: Fulgoroidea",Hemiptera,Delphacidae
Thriambus sp.,Aldabra,"Webb, M.D. (1975) Fulgoroidea from Aldabra, Astove, and Cosmoledo atolls, collected by the Royal Society Expedition 1967-68 (Hemiptera-Homoptera)",Hemiptera,Delphacidae
"Toya ceresensis (Muir, 1929)",Aldabra,"Webb, M.D. (1975) Fulgoroidea from Aldabra, Astove, and Cosmoledo atolls, collected by the Royal Society Expedition 1967-68 (Hemiptera-Homoptera)",Hemiptera,Delphacidae
"Toya dryope (Kirkaldy, 1907)",Midway,"Nishida, G.M. & Beardsley, J.W. (2002) A review of the insects and related arthropods of Midway atoll",Hemiptera,Delphacidae
"Toya lyraeformis (Matsumura, 1900)",Ulithi,"Fennah, R.G. (1971) Insects of Micronesia - Homoptera: Fulgoroidea, supplement",Hemiptera,Delphacidae
"Toya thomasseti (Muir, 1925)",Aldabra,"Webb, M.D. (1975) Fulgoroidea from Aldabra, Astove, and Cosmoledo atolls, collected by the Royal Society Expedition 1967-68 (Hemiptera-Homoptera)",Hemiptera,Delphacidae
Toya sp.,Aldabra,"Webb, M.D. (1975) Fulgoroidea from Aldabra, Astove, and Cosmoledo atolls, collected by the Royal Society Expedition 1967-68 (Hemiptera-Homoptera)",Hemiptera,Delphacidae
Toya sp.,Cosmoledo,"Webb, M.D. (1975) Fulgoroidea from Aldabra, Astove, and Cosmoledo atolls, collected by the Royal Society Expedition 1967-68 (Hemiptera-Homoptera)",Hemiptera,Delphacidae
"Ugyops ariadne (Fennah, 1956)",Ulithi,"Fennah, R.G. (1956) Insects of Micronesia - Homoptera: Fulgoroidea",Hemiptera,Delphacidae
"Ugyops eos (Fennah, 1956)",Kapingamarangi,"Fennah, R.G. (1956) Insects of Micronesia - Homoptera: Fulgoroidea",Hemiptera,Delphacidae
"Ugyops facialis (Distant, 1917)",Aldabra,"Webb, M.D. (1975) Fulgoroidea from Aldabra",Hemiptera,Delphacidae
"Ugyops kinbergi (Stal, 1859)",Arno,"Fennah, R.G. (1956) Insects of Micronesia - Homoptera: Fulgoroidea",Hemiptera,Delphacidae
"Ugyops kinbergi (Stal, 1859)",Etal,"Fennah, R.G. (1956) Insects of Micronesia - Homoptera: Fulgoroidea",Hemiptera,Delphacidae
"Ugyops kinbergi (Stal, 1859)",Jaluit,"Fennah, R.G. (1956) Insects of Micronesia - Homoptera: Fulgoroidea",Hemiptera,Delphacidae
"Ugyops kinbergi (Stal, 1859)",Losap,"Fennah, R.G. (1956) Insects of Micronesia - Homoptera: Fulgoroidea",Hemiptera,Delphacidae
"Ugyops kinbergi (Stal, 1859)",Ngcheangel,"Fennah, R.G. (1956) Insects of Micronesia - Homoptera: Fulgoroidea",Hemiptera,Delphacidae
"Ugyops kinbergi (Stal, 1859)",Nomwin,"Fennah, R.G. (1956) Insects of Micronesia - Homoptera: Fulgoroidea",Hemiptera,Delphacidae
"Ugyops kinbergi (Stal, 1859)",Satawan,"Fennah, R.G. (1956) Insects of Micronesia - Homoptera: Fulgoroidea",Hemiptera,Delphacidae
"Ugyops kinbergi (Stal, 1859)",Sorol,"Fennah, R.G. (1956) Insects of Micronesia - Homoptera: Fulgoroidea",Hemiptera,Delphacidae
"Ugyops kinbergi (Stal, 1859)",Ulithi,"Fennah, R.G. (1956) Insects of Micronesia - Homoptera: Fulgoroidea",Hemiptera,Delphacidae
"Ugyops oromedon (Fennah, 1958)",Nukunonu,"Hickley, A.D. (1969) Ecology of terrestrial arthropods of the Tokelau atolls",Hemiptera,Delphacidae
"Ugyops oromedon (Fennah, 1958)",Swains,"Fennah, R.G. (1958) Fulgoroidea of South-Eastern Polynesia",Hemiptera,Delphacidae
"Ugyops superciliatus (Fennah, 1956)",Arno,"Fennah, R.G. (1956) Insects of Micronesia - Homoptera: Fulgoroidea",Hemiptera,Delphacidae
"Ugyops superciliatus (Fennah, 1956)",Jaluit,"Fennah, R.G. (1956) Insects of Micronesia - Homoptera: Fulgoroidea",Hemiptera,Delphacidae
"Ugyops superciliatus (Fennah, 1956)",Kwajalein,"Sugerman, B.B. (1972) Insects and other arthropods from Kwajalein atoll (Marshall Islands)",Hemiptera,Delphacidae
"Ugyops superciliatus (Fennah, 1956)",Majuro,"Fennah, R.G. (1956) Insects of Micronesia - Homoptera: Fulgoroidea",Hemiptera,Delphacidae
"Ugyops superciliatus (Fennah, 1956)",Mokil,"Fennah, R.G. (1956) Insects of Micronesia - Homoptera: Fulgoroidea",Hemiptera,Delphacidae
"Ugyops superciliatus (Fennah, 1956)",Pingelap,"Fennah, R.G. (1956) Insects of Micronesia - Homoptera: Fulgoroidea",Hemiptera,Delphacidae
Ugyops sp.,Kwajalein,"Sugerman, B.B. (1972) Insects and other arthropods from Kwajalein atoll (Marshall Islands)",Hemiptera,Delphacidae
"Flaccia dione (Fennah, 1956)",Arno,"Fennah, R.G. (1956) Insects of Micronesia - Homoptera: Fulgoroidea",Hemiptera,Derbidae
"Flaccia dione (Fennah, 1956)",Jaluit,"Fennah, R.G. (1956) Insects of Micronesia - Homoptera: Fulgoroidea",Hemiptera,Derbidae
"Flaccia dione (Fennah, 1956)",Majuro,"Fennah, R.G. (1956) Insects of Micronesia - Homoptera: Fulgoroidea",Hemiptera,Derbidae
"Flaccia dione (Fennah, 1956)",Mokil,"Fennah, R.G. (1956) Insects of Micronesia - Homoptera: Fulgoroidea",Hemiptera,Derbidae
"Flaccia dione (Fennah, 1956)",Pingelap,"Fennah, R.G. (1956) Insects of Micronesia - Homoptera: Fulgoroidea",Hemiptera,Derbidae
"Kamendaka lar (Fennah, 1956)",Sorol,"Fennah, R.G. (1956) Insects of Micronesia - Homoptera: Fulgoroidea",Hemiptera,Derbidae
"Kamendaka lar (Fennah, 1956)",Ulithi,"Fennah, R.G. (1956) Insects of Micronesia - Homoptera: Fulgoroidea",Hemiptera,Derbidae
"Lamenia caliginea (Stal, 1854)",Arno,"Fennah, R.G. (1956) Insects of Micronesia - Homoptera: Fulgoroidea",Hemiptera,Derbidae
"Lamenia caliginea (Stal, 1854)",Eniwetok,"Fennah, R.G. (1956) Insects of Micronesia - Homoptera: Fulgoroidea",Hemiptera,Derbidae
"Lamenia caliginea (Stal, 1854)",Jaluit,"Fennah, R.G. (1956) Insects of Micronesia - Homoptera: Fulgoroidea",Hemiptera,Derbidae
"Lamenia caliginea (Stal, 1854)",Kapingamarangi,"Fennah, R.G. (1956) Insects of Micronesia - Homoptera: Fulgoroidea",Hemiptera,Derbidae
"Lamenia caliginea (Stal, 1854)",Kwajalein,"Sugerman, B.B. (1972) Insects and other arthropods from Kwajalein atoll (Marshall Islands)",Hemiptera,Derbidae
"Lamenia caliginea (Stal, 1854)",Lae,"Fennah, R.G. (1956) Insects of Micronesia - Homoptera: Fulgoroidea",Hemiptera,Derbidae
"Lamenia caliginea (Stal, 1854)",Likiep,"Fennah, R.G. (1956) Insects of Micronesia - Homoptera: Fulgoroidea",Hemiptera,Derbidae
"Lamenia caliginea (Stal, 1854)",Losap,"Fennah, R.G. (1956) Insects of Micronesia - Homoptera: Fulgoroidea",Hemiptera,Derbidae
"Lamenia caliginea (Stal, 1854)",Majuro,"Fennah, R.G. (1956) Insects of Micronesia - Homoptera: Fulgoroidea",Hemiptera,Derbidae
"Lamenia caliginea (Stal, 1854)",Mokil,"Fennah, R.G. (1956) Insects of Micronesia - Homoptera: Fulgoroidea",Hemiptera,Derbidae
"Lamenia caliginea (Stal, 1854)",Nomwin,"Fennah, R.G. (1956) Insects of Micronesia - Homoptera: Fulgoroidea",Hemiptera,Derbidae
"Lamenia caliginea (Stal, 1854)",Nukunonu,"Hickley, A.D. (1969) Ecology of terrestrial arthropods of the Tokelau atolls",Hemiptera,Derbidae
"Lamenia caliginea (Stal, 1854)",Pingelap,"Fennah, R.G. (1956) Insects of Micronesia - Homoptera: Fulgoroidea",Hemiptera,Derbidae
"Lamenia caliginea (Stal, 1854)",Satawan,"Fennah, R.G. (1956) Insects of Micronesia - Homoptera: Fulgoroidea",Hemiptera,Derbidae
"Lamenia caliginea (Stal, 1854)",Sorol,"Fennah, R.G. (1956) Insects of Micronesia - Homoptera: Fulgoroidea",Hemiptera,Derbidae
"Lamenia caliginea (Stal, 1854)",Swains,"Fennah, R.G. (1958) Fulgoroidea of South-Eastern Polynesia",Hemiptera,Derbidae
"Lamenia caliginea (Stal, 1854)",Ujelang,"Fennah, R.G. (1956) Insects of Micronesia - Homoptera: Fulgoroidea",Hemiptera,Derbidae
"Lamenia caliginea (Stal, 1854)",Ulithi,"Fennah, R.G. (1956) Insects of Micronesia - Homoptera: Fulgoroidea",Hemiptera,Derbidae
"Lamenia candida (Fennah, 1956)",Ngcheangel,"Fennah, R.G. (1956) Insects of Micronesia - Homoptera: Fulgoroidea",Hemiptera,Derbidae
"Lamenia numitor (Fennah, 1956)",Kapingamarangi,"Fennah, R.G. (1956) Insects of Micronesia - Homoptera: Fulgoroidea",Hemiptera,Derbidae
"Lamenia numitor (Fennah, 1956)",Ngcheangel,"Fennah, R.G. (1971) Insects of Micronesia - Homoptera: Fulgoroidea, supplement",Hemiptera,Derbidae
"Phaciocephalus carolinensis (Metcalf, 1954)",Ngcheangel,"Fennah, R.G. (1956) Insects of Micronesia - Homoptera: Fulgoroidea",Hemiptera,Derbidae
"Phaciocephalus carolinensis (Metcalf, 1954)",Nomwin,"Fennah, R.G. (1956) Insects of Micronesia - Homoptera: Fulgoroidea",Hemiptera,Derbidae
"Phaciocephalus phaedra (Fennah, 1956)",Nomwin,"Fennah, R.G. (1956) Insects of Micronesia - Homoptera: Fulgoroidea",Hemiptera,Derbidae
"Phaciocephalus phaedra (Fennah, 1956)",Satawan,"Fennah, R.G. (1956) Insects of Micronesia - Homoptera: Fulgoroidea",Hemiptera,Derbidae
"Proutista moesta (Westwood, 1851)",Losap,"Fennah, R.G. (1956) Insects of Micronesia - Homoptera: Fulgoroidea",Hemiptera,Derbidae
"Proutista moesta (Westwood, 1851)",Nomwin,"Fennah, R.G. (1956) Insects of Micronesia - Homoptera: Fulgoroidea",Hemiptera,Derbidae
"Pyrrhoneura saccharicida (Kirkaldy, 1906)",Swains,"Fennah, R.G. (1958) Fulgoroidea of South-Eastern Polynesia",Hemiptera,Derbidae
"Swezeyia maurellei (Muir, 1927)",Swains,"Fennah, R.G. (1958) Fulgoroidea of South-Eastern Polynesia",Hemiptera,Derbidae
"Swezeyia lyricen (Kirkaldy, 1906)",Nukunonu,"Hickley, A.D. (1969) Ecology of terrestrial arthropods of the Tokelau atolls",Hemiptera,Derbidae
"Swezeyia pero (Fennah, 1971)",Onotoa,"Fennah, R.G. (1971) Insects of Micronesia - Homoptera: Fulgoroidea, supplement",Hemiptera,Derbidae
"Swezeyia polyxo (Fennah, 1956)",Ulithi,"Fennah, R.G. (1956) Insects of Micronesia - Homoptera: Fulgoroidea",Hemiptera,Derbidae
"Swezeyia zephyra (Fennah, 1956)",Arno,"Fennah, R.G. (1956) Insects of Micronesia - Homoptera: Fulgoroidea",Hemiptera,Derbidae
"Swezeyia zephyra (Fennah, 1956)",Etal,"Fennah, R.G. (1956) Insects of Micronesia - Homoptera: Fulgoroidea",Hemiptera,Derbidae
"Swezeyia zephyra (Fennah, 1956)",Jaluit,"Fennah, R.G. (1956) Insects of Micronesia - Homoptera: Fulgoroidea",Hemiptera,Derbidae
"Swezeyia zephyra (Fennah, 1956)",Kapingamarangi,"Fennah, R.G. (1956) Insects of Micronesia - Homoptera: Fulgoroidea",Hemiptera,Derbidae
"Swezeyia zephyra (Fennah, 1956)",Kwajalein,"Sugerman, B.B. (1972) Insects and other arthropods from Kwajalein atoll (Marshall Islands)",Hemiptera,Derbidae
"Swezeyia zephyra (Fennah, 1956)",Losap,"Fennah, R.G. (1956) Insects of Micronesia - Homoptera: Fulgoroidea",Hemiptera,Derbidae
"Swezeyia zephyra (Fennah, 1956)",Majuro,"Fennah, R.G. (1956) Insects of Micronesia - Homoptera: Fulgoroidea",Hemiptera,Derbidae
"Swezeyia zephyra (Fennah, 1956)",Mokil,"Fennah, R.G. (1956) Insects of Micronesia - Homoptera: Fulgoroidea",Hemiptera,Derbidae
"Swezeyia zephyra (Fennah, 1956)",Nomwin,"Fennah, R.G. (1971) Insects of Micronesia - Homoptera: Fulgoroidea, supplement",Hemiptera,Derbidae
"Swezeyia zephyra (Fennah, 1956)",Onotoa,"Fennah, R.G. (1956) Insects of Micronesia - Homoptera: Fulgoroidea",Hemiptera,Derbidae
"Swezeyia zephyra (Fennah, 1956)",Pingelap,"Fennah, R.G. (1956) Insects of Micronesia - Homoptera: Fulgoroidea",Hemiptera,Derbidae
"Swezeyia zephyra (Fennah, 1956)",Ujae,"Fennah, R.G. (1956) Insects of Micronesia - Homoptera: Fulgoroidea",Hemiptera,Derbidae
"Swezeyia zephyra (Fennah, 1956)",Ulithi,"Fennah, R.G. (1956) Insects of Micronesia - Homoptera: Fulgoroidea",Hemiptera,Derbidae
Swezeyia sp.,Kwajalein,"Sugerman, B.B. (1972) Insects and other arthropods from Kwajalein atoll (Marshall Islands)",Hemiptera,Derbidae
"Abgrallaspis cyanophylli (Signoret, 1869)",Kwajalein,"Sugerman, B.B. (1972) Insects and other arthropods from Kwajalein atoll (Marshall Islands)",Hemiptera,Diaspididae
"Aonidiella aurantii (Maskell, 1879)",Bikini,"Beardsley, J.W. (1966) Insects of Micronesia - Homoptera: Coccoidea",Hemiptera,Diaspididae
"Aonidiella comperei (McKenzie, 1937)",Jaluit,"Beardsley, J.W. (1966) Insects of Micronesia - Homoptera: Coccoidea",Hemiptera,Diaspididae
"Aonidiella comperei (McKenzie, 1937)",Ulithi,"Beardsley, J.W. (1966) Insects of Micronesia - Homoptera: Coccoidea",Hemiptera,Diaspididae
"Aonidiella inornata (McKenzie, 1938)",Jaluit,"Beardsley, J.W. (1966) Insects of Micronesia - Homoptera: Coccoidea",Hemiptera,Diaspididae
"Aonidiella inornata (McKenzie, 1938)",Kwajalein,"Nafus, D. (1996) An insect survey of the Marshall Islands",Hemiptera,Diaspididae
"Aonidiella inornata (McKenzie, 1938)",Majuro,"Beardsley, J.W. (1966) Insects of Micronesia - Homoptera: Coccoidea",Hemiptera,Diaspididae
"Aonidiella inornata (McKenzie, 1938)",Midway,"Nishida, G.M. & Beardsley, J.W. (2002) A review of the insects and related arthropods of Midway atoll",Hemiptera,Diaspididae
"Aonidiella inornata (McKenzie, 1938)",Wake,"Beardsley, J.W. (1966) Insects of Micronesia - Homoptera: Coccoidea",Hemiptera,Diaspididae
"Aspidiella sacchari (Cockerell, 1893)",Kwajalein,"Sugerman, B.B. (1972) Insects and other arthropods from Kwajalein atoll (Marshall Islands)",Hemiptera,Diaspididae
"Aspidiotus destructor (Cockerell, 1903)",Majuro,"Nafus, D. (1991) Movement of new insects into the Carolines and Marshalls in recent years",Hemiptera,Diaspididae
"Aspidiotus destructor (Cockerell, 1903)",Rangiroa,"Cocherau, P. (1966) Compte rendu d'une mission d'inventaire faunistique aux îles Gambier et Tuamotu (Avril - Mai 1966)",Hemiptera,Diaspididae
"Aspidiotus destructor (Cockerell, 1903)",Takapoto,"Rivière, F. (1979) La vie animale terrestre à Takapoto",Hemiptera,Diaspididae
"Aspidiotus excisus (Green, 1896)",Ulithi,"Beardsley, J.W. (1966) Insects of Micronesia - Homoptera: Coccoidea",Hemiptera,Diaspididae
"Chrysomphalus aonidum (L., 1758)",Abariringa,"van Zwaluwenburg, R.H. (1955) The insects and certain other arthropods of Canton Island",Hemiptera,Diaspididae
"Chrysomphalus aonidum (L., 1758)",Midway,"Suehiro, A. (1960) Insects and other arthropods from Midway atoll",Hemiptera,Diaspididae
"Chrysomphalus dictyospermi (Morgan, 1889)",Johnston,"Binion Amerson, A., & Shelton, P.C. (1976) The natural history of Johnston atoll, Central Pacific Ocean",Hemiptera,Diaspididae
"Chrysomphalus dictyospermi (Morgan, 1889)",Majuro,"Beardsley, J.W. (1966) Insects of Micronesia - Homoptera: Coccoidea",Hemiptera,Diaspididae
"Chrysomphalus dictyospermi (Morgan, 1889)",Midway,"Nishida, G.M. & Beardsley, J.W. (2002) A review of the insects and related arthropods of Midway atoll",Hemiptera,Diaspididae
"Chrysomphalus dictyospermi (Morgan, 1889)",Rangiroa,"Cocherau, P. (1966) Compte rendu d'une mission d'inventaire faunistique aux îles Gambier et Tuamotu (Avril - Mai 1966)",Hemiptera,Diaspididae
"Clavaspis herculeana (Doane & Hadden, 1909)",Midway,"Nishida, G.M. & Beardsley, J.W. (2002) A review of the insects and related arthropods of Midway atoll",Hemiptera,Diaspididae
"Duponchelia fovealis (Zeller, 1847)",Midway,"Nishida, G.M. & Beardsley, J.W. (2002) A review of the insects and related arthropods of Midway atoll",Hemiptera,Diaspididae
"Furcaspis oceanica (Lindinger, 1909)",Arno,"Beardsley, J.W. (1966) Insects of Micronesia - Homoptera: Coccoidea",Hemiptera,Diaspididae
"Furcaspis oceanica (Lindinger, 1909)",Jaluit,"Beardsley, J.W. (1966) Insects of Micronesia - Homoptera: Coccoidea",Hemiptera,Diaspididae
"Furcaspis oceanica (Lindinger, 1909)",Kwajalein,"Sugerman, B.B. (1972) Insects and other arthropods from Kwajalein atoll (Marshall Islands)",Hemiptera,Diaspididae
"Furcaspis oceanica (Lindinger, 1909)",Likiep,"Beardsley, J.W. (1966) Insects of Micronesia - Homoptera: Coccoidea",Hemiptera,Diaspididae
"Furcaspis oceanica (Lindinger, 1909)",Losap,"Beardsley, J.W. (1966) Insects of Micronesia - Homoptera: Coccoidea",Hemiptera,Diaspididae
"Furcaspis oceanica (Lindinger, 1909)",Majuro,"Beardsley, J.W. (1966) Insects of Micronesia - Homoptera: Coccoidea",Hemiptera,Diaspididae
"Furcaspis oceanica (Lindinger, 1909)",Mokil,"Beardsley, J.W. (1966) Insects of Micronesia - Homoptera: Coccoidea",Hemiptera,Diaspididae
"Furcaspis oceanica (Lindinger, 1909)",Nomwin,"Beardsley, J.W. (1966) Insects of Micronesia - Homoptera: Coccoidea",Hemiptera,Diaspididae
"Furcaspis oceanica (Lindinger, 1909)",Pingelap,"Beardsley, J.W. (1966) Insects of Micronesia - Homoptera: Coccoidea",Hemiptera,Diaspididae
"Furcaspis oceanica (Lindinger, 1909)",Ulithi,"Beardsley, J.W. (1966) Insects of Micronesia - Homoptera: Coccoidea",Hemiptera,Diaspididae
"Hemiberlesia lataniae (Signoret, 1869)",Diego Garcia,"Hutson, A.M. (1981) A preliminary list of insects of Diego Garcia Atoll, Chagos Archipelago",Hemiptera,Diaspididae
"Hemiberlesia lataniae (Signoret, 1869)",French Frigate Shoals,"Beardsley, J.W. (1966) Insects and other terrestrial arthropods from the Leeward Hawaiian Islands",Hemiptera,Diaspididae
"Hemiberlesia lataniae (Signoret, 1869)",Johnston,"Binion Amerson, A., & Shelton, P.C. (1976) The natural history of Johnston atoll, Central Pacific Ocean",Hemiptera,Diaspididae
"Hemiberlesia lataniae (Signoret, 1869)",Kure,"Beardsley, J.W. (1966) Insects and other terrestrial arthropods from the Leeward Hawaiian Islands",Hemiptera,Diaspididae
"Hemiberlesia lataniae (Signoret, 1869)",Kwajalein,"Sugerman, B.B. (1972) Insects and other arthropods from Kwajalein atoll (Marshall Islands)",Hemiptera,Diaspididae
"Hemiberlesia lataniae (Signoret, 1869)",Laysan,"Butler, G.D. (1961) Insects and other arthropods from Laysan Island",Hemiptera,Diaspididae
"Hemiberlesia lataniae (Signoret, 1869)",Majuro,"Beardsley, J.W. (1966) Insects of Micronesia - Homoptera: Coccoidea",Hemiptera,Diaspididae
"Hemiberlesia lataniae (Signoret, 1869)",Midway,"Nishida, G.M. & Beardsley, J.W. (2002) A review of the insects and related arthropods of Midway atoll",Hemiptera,Diaspididae
"Hemiberlesia lataniae (Signoret, 1869)",Wake,"Beardsley, J.W. (1966) Insects of Micronesia - Homoptera: Coccoidea",Hemiptera,Diaspididae
"Lepidosaphes beckii (Newman, 1869)",Kwajalein,"Sugerman, B.B. (1972) Insects and other arthropods from Kwajalein atoll (Marshall Islands)",Hemiptera,Diaspididae
"Lepidosaphes beckii (Newman, 1869)",Majuro,"Nafus, D. (1991) Movement of new insects into the Carolines and Marshalls in recent years",Hemiptera,Diaspididae
"Lepidosaphes beckii (Newman, 1869)",Rangiroa,"Cocherau, P. (1966) Compte rendu d'une mission d'inventaire faunistique aux îles Gambier et Tuamotu (Avril - Mai 1966)",Hemiptera,Diaspididae
"Lepidosaphes esakii (Takahasi, 1939)",Eniwetok,"Beardsley, J.W. (1966) Insects of Micronesia - Homoptera: Coccoidea",Hemiptera,Diaspididae
"Lepidosaphes esakii (Takahasi, 1939)",Jaluit,"Beardsley, J.W. (1966) Insects of Micronesia - Homoptera: Coccoidea",Hemiptera,Diaspididae
"Lepidosaphes esakii (Takahasi, 1939)",Kwajalein,"Sugerman, B.B. (1972) Insects and other arthropods from Kwajalein atoll (Marshall Islands)",Hemiptera,Diaspididae
"Lepidosaphes esakii (Takahasi, 1939)",Likiep,"Beardsley, J.W. (1966) Insects of Micronesia - Homoptera: Coccoidea",Hemiptera,Diaspididae
"Lepidosaphes esakii (Takahasi, 1939)",Majuro,"Beardsley, J.W. (1966) Insects of Micronesia - Homoptera: Coccoidea",Hemiptera,Diaspididae
"Lepidosaphes esakii (Takahasi, 1939)",Ujelang,"Beardsley, J.W. (1966) Insects of Micronesia - Homoptera: Coccoidea",Hemiptera,Diaspididae
"Lepidosaphes laterochitinosa (Green, 1925)",Wake,"Beardsley, J.W. (1966) Insects of Micronesia - Homoptera: Coccoidea",Hemiptera,Diaspididae
"Lepidosaphes cf. laterochitinosa (Green, 1925)",Midway,"Nishida, G.M. & Beardsley, J.W. (2002) A review of the insects and related arthropods of Midway atoll",Hemiptera,Diaspididae
"Lepidosaphes tokionis (Kuwana, 1902)",Midway,"Nishida, G.M. & Beardsley, J.W. (2002) A review of the insects and related arthropods of Midway atoll",Hemiptera,Diaspididae
"Morganella longispina (Morgan, 1889)",Rangiroa,"Cocherau, P. (1966) Compte rendu d'une mission d'inventaire faunistique aux îles Gambier et Tuamotu (Avril - Mai 1966)",Hemiptera,Diaspididae
"Odonaspis ruthae (Kotinsky, 1915)",French Frigate Shoals,"Beardsley, J.W. (1966) Insects and other terrestrial arthropods from the Leeward Hawaiian Islands",Hemiptera,Diaspididae
"Odonaspis ruthae (Kotinsky, 1915)",Kure,"Beardsley, J.W. (1966) Insects and other terrestrial arthropods from the Leeward Hawaiian Islands",Hemiptera,Diaspididae
"Odonaspis ruthae (Kotinsky, 1915)",Midway,"Nishida, G.M. & Beardsley, J.W. (2002) A review of the insects and related arthropods of Midway atoll",Hemiptera,Diaspididae
"Odonaspis ruthae (Kotinsky, 1915)",Pearl and Hermes,"Beardsley, J.W. (1966) Insects and other terrestrial arthropods from the Leeward Hawaiian Islands",Hemiptera,Diaspididae
"Parlatoria crotonis (Douglas, 1887)",Kwajalein,"Sugerman, B.B. (1979) Additions to the list of insects and other arthropods from Kwajalein atoll (Marshall Islands)",Hemiptera,Diaspididae
"Pinnaspis aspidistrae (Signoret, 1869)",Rangiroa,"Cocherau, P. (1966) Compte rendu d'une mission d'inventaire faunistique aux îles Gambier et Tuamotu (Avril - Mai 1966)",Hemiptera,Diaspididae
"Pinnaspis dysoxyli (Maskell, 1885)",Abariringa,"van Zwaluwenburg, R.H. (1942) The insects of Canton Island",Hemiptera,Diaspididae
"Pinnaspis strachani (Cooley, 1899)",Abariringa,"Degener, O., & Gillaspy, E. (1955) Canton Island, South Pacific",Hemiptera,Diaspididae
"Pinnaspis strachani (Cooley, 1899)",Johnston,"Binion Amerson, A., & Shelton, P.C. (1976) The natural history of Johnston atoll, Central Pacific Ocean",Hemiptera,Diaspididae
"Pinnaspis strachani (Cooley, 1899)",Kwajalein,"Beardsley, J.W. (1966) Insects of Micronesia - Homoptera: Coccoidea",Hemiptera,Diaspididae
"Pinnaspis strachani (Cooley, 1899)",Majuro,"Nafus, D. (1991) Movement of new insects into the Carolines and Marshalls in recent years",Hemiptera,Diaspididae
"Pinnaspis strachani (Cooley, 1899)",Midway,"Suehiro, A. (1960) Insects and other arthropods from Midway atoll",Hemiptera,Diaspididae
"Pinnaspis strachani (Cooley, 1899)",Nukunonu,"Hickley, A.D. (1969) Ecology of terrestrial arthropods of the Tokelau atolls",Hemiptera,Diaspididae
"Pinnaspis strachani (Cooley, 1899)",Onotoa,"Beardsley, J.W. (1966) Insects of Micronesia - Homoptera: Coccoidea",Hemiptera,Diaspididae
"Pinnaspis strachani (Cooley, 1899)",Pingelap,"Beardsley, J.W. (1966) Insects of Micronesia - Homoptera: Coccoidea",Hemiptera,Diaspididae
"Pinnaspis strachani (Cooley, 1899)",Swains,"Kami, K.S., & Miller, S.E. (1998) Samoan insects and related arthropods: checklist and bibliography",Hemiptera,Diaspididae
"Pinnaspis strachani (Cooley, 1899)",Wake,"Beardsley, J.W. (1966) Insects of Micronesia - Homoptera: Coccoidea",Hemiptera,Diaspididae
Pinnaspis sp.,Rangiroa,"Cocherau, P. (1966) Compte rendu d'une mission d'inventaire faunistique aux îles Gambier et Tuamotu (Avril - Mai 1966)",Hemiptera,Diaspididae
"Pseudaulacaspis cockerelli (Cooley, 1897)",Midway,"Nishida, G.M. & Beardsley, J.W. (2002) A review of the insects and related arthropods of Midway atoll",Hemiptera,Diaspididae
"Pseudaulacaspis pentagona (Targioni Tozzetti, 1886)",Jaluit,"Nafus, D. (1991) Movement of new insects into the Carolines and Marshalls in recent years",Hemiptera,Diaspididae
"Pseudaulacaspis pentagona (Targioni Tozzetti, 1886)",Majuro,"Nafus, D. (1991) Movement of new insects into the Carolines and Marshalls in recent years",Hemiptera,Diaspididae
"Eriococcus araucariae (Maskell, 1879)",Midway,"Nishida, G.M. & Beardsley, J.W. (2002) A review of the insects and related arthropods of Midway atoll",Hemiptera,Eriococcidae
"Chaetormenis madagascariensis (Signoret, 1860)",Aldabra,"Webb, M.D. (1975) Fulgoroidea from Aldabra, Astove, and Cosmoledo atolls, collected by the Royal Society Expedition 1967-68 (Hemiptera-Homoptera)",Hemiptera,Flatidae
"Chaetormenis madagascariensis (Signoret, 1860)",Cosmoledo,"Webb, M.D. (1975) Fulgoroidea from Aldabra, Astove, and Cosmoledo atolls, collected by the Royal Society Expedition 1967-68 (Hemiptera-Homoptera)",Hemiptera,Flatidae
"Melormenis basalis (Walker, 1851)",Midway,"Nishida, G.M. & Beardsley, J.W. (2002) A review of the insects and related arthropods of Midway atoll",Hemiptera,Flatidae
"Ulundia madagascariensis (Signoret, 1860)",Aldabra,"Distant, L. (1916) The Percy Sladen Expedition No. VII.-Rhynchota. Part II: Suborder Homoptera",Hemiptera,Flatidae
"Ulundia madagascariensis (Signoret, 1860)",Glorioso,"Paulian, R. (1989) Les insectes des Îles Glorieuses",Hemiptera,Flatidae
"Geocoris pallens (Stal, 1854)",Midway,"Nishida, G.M. & Beardsley, J.W. (2002) A review of the insects and related arthropods of Midway atoll",Hemiptera,Geocoridae
"Geocoris punctipes (Say, 1832)",Johnston,"Binion Amerson, A., & Shelton, P.C. (1976) The natural history of Johnston atoll, Central Pacific Ocean",Hemiptera,Geocoridae
"Halobates alluaudi (Bergroth, 1893)",Aldabra,"Distant, W.L. (1913) No. IX - Rhynchota - Part I: suborder Heteroptera",Hemiptera,Gerridae
"Halobates alluaudi (Bergroth, 1893)",Cosmoledo,"Polhemus, D.A. (1990) Heteroptera of Aldabra atoll and nearby islands, Western Indian Ocean, Part 1: Marine Heteroptera (Insecta)",Hemiptera,Gerridae
"Halobates alluaudi (Bergroth, 1893)",Diego Garcia,"Hutson, A.M. (1981) A preliminary list of insects of Diego Garcia Atoll, Chagos Archipelago",Hemiptera,Gerridae
"Halobates flaviventris (Eschscholtz, 1822)",Aldabra,"Polhemus, D.A. (1990) Heteroptera of Aldabra atoll and nearby islands, Western Indian Ocean, Part 1: Marine Heteroptera (Insecta)",Hemiptera,Gerridae
"Halobates flaviventris (Eschscholtz, 1822)",Cosmoledo,"Polhemus, D.A. (1990) Heteroptera of Aldabra atoll and nearby islands, Western Indian Ocean, Part 1: Marine Heteroptera (Insecta)",Hemiptera,Gerridae
"Halobates formidabilis (Distant, 1910)",Addu,"Andersen, N.M., & Foster, W.A. (1992) Sea skaters of India, Sri Lanka, and the Maldives, with a new species and a revised key to Indian Ocean species",Hemiptera,Gerridae
"Halobates germanus (White, 1883)",Aldabra,"Polhemus, D.A. (1990) Heteroptera of Aldabra atoll and nearby islands, Western Indian Ocean, Part 1: Marine Heteroptera (Insecta)",Hemiptera,Gerridae
"Halobates germanus (White, 1883)",Cosmoledo,"Polhemus, D.A. (1990) Heteroptera of Aldabra atoll and nearby islands, Western Indian Ocean, Part 1: Marine Heteroptera (Insecta)",Hemiptera,Gerridae
"Halobates kelleni (Herring, 1961)",Nukunonu,"Hickley, A.D. (1969) Ecology of terrestrial arthropods of the Tokelau atolls",Hemiptera,Gerridae
"Halobates mariannarum (Esaki, 1937)",Arno,"Usinger, R.L., & la Rivers, I. (1953) The insect life of Arno",Hemiptera,Gerridae
"Halobates mariannarum (Esaki, 1937)",Majuro,"Usinger, R.L. (1951) Heteroptera of the Marshall Islands",Hemiptera,Gerridae
"Halobates micans (Eschscholtz, 1822)",Abariringa,"van Zwaluwenburg, R.H. (1955) The insects and certain other arthropods of Canton Island",Hemiptera,Gerridae
"Halobates micans (Eschscholtz, 1822)",Aldabra,"Polhemus, D.A. (1990) Heteroptera of Aldabra atoll and nearby islands, Western Indian Ocean, Part 1: Marine Heteroptera (Insecta)",Hemiptera,Gerridae
"Halobates micans (Eschscholtz, 1822)",Arno,"Usinger, R.L., & la Rivers, I. (1953) The insect life of Arno",Hemiptera,Gerridae
"Halobates micans (Eschscholtz, 1822)",Clipperton,"Garrouste, R., & Hervé, C. (2009) La faune des insectes (Insecta s.l.) de l'atoll de Clipperton",Hemiptera,Gerridae
"Halobates micans (Eschscholtz, 1822)",Cosmoledo,"Polhemus, D.A. (1990) Heteroptera of Aldabra atoll and nearby islands, Western Indian Ocean, Part 1: Marine Heteroptera (Insecta)",Hemiptera,Gerridae
"Halobates micans (Eschscholtz, 1822)",Eniwetok,"Cheng, L. (1981) Halobates (Heteroptera - Gerridae) from Micronesia with notes on a laboratory population of H. mariannarum",Hemiptera,Gerridae
"Halobates micans (Eschscholtz, 1822)",Kwajalein,"Usinger, R.L. (1951) Heteroptera of the Marshall Islands",Hemiptera,Gerridae
"Halobates micans (Eschscholtz, 1822)",Palmyra,"Handler, A.T., et al. (2007) Arthropod surveys on Palmyra Atoll, Line Islands, and insights into the decline of the native tree Pisonia grandis (Nycatginaceae)",Hemiptera,Gerridae
"Halobates poseidon (Herring, 1961)",Aldabra,"Polhemus, D.A. (1990) Heteroptera of Aldabra atoll and nearby islands, Western Indian Ocean, Part 1: Marine Heteroptera (Insecta)",Hemiptera,Gerridae
"Halobates poseidon (Herring, 1961)",Cosmoledo,"Polhemus, D.A. (1990) Heteroptera of Aldabra atoll and nearby islands, Western Indian Ocean, Part 1: Marine Heteroptera (Insecta)",Hemiptera,Gerridae
"Halobates sericeus (Eschscholtz, 1822)",Johnston,"Binion Amerson, A., & Shelton, P.C. (1976) The natural history of Johnston atoll, Central Pacific Ocean",Hemiptera,Gerridae
"Halobates sobrinus (White, 1883)",Clipperton,"Garrouste, R., & Hervé, C. (2009) La faune des insectes (Insecta s.l.) de l'atoll de Clipperton",Hemiptera,Gerridae
Halobates sp.,Funafuti,"Hedley, C. (1900) The atoll of Funafuti, Ellice Group - its zoology, botany, ethnology, and general structure",Hemiptera,Gerridae
Halobates sp.,Onotoa,"Moul, E.T. (1954) Preliminary report on land animals at Onotoa atoll, Gilbert Islands",Hemiptera,Gerridae
"Limnogonus cereiventris (Signoret, 1862)",Aldabra,"Polhemus, D.A. (1993) The Heteroptera of Aldabra atoll and nearby islands, Western Indian Ocean, Part 2: Freshwater Heteroptera",Hemiptera,Gerridae
"Hermatobates djiboutensis (Coutière & Martin, 1901)",Aldabra,"Polhemus, D.A. (1990) Heteroptera of Aldabra atoll and nearby islands, Western Indian Ocean, Part 1: Marine Heteroptera (Insecta)",Hemiptera,Hermatobatidae
"Hermatobates djiboutensis (Coutière & Martin, 1901)",Cosmoledo,"Polhemus, D.A. (1990) Heteroptera of Aldabra atoll and nearby islands, Western Indian Ocean, Part 1: Marine Heteroptera (Insecta)",Hemiptera,Hermatobatidae
Hermatobates sp.,Eniwetok,"Samuelson, G.A., & Nishida, G.M. (1987) Insects and allies (arthropods) of Enewetak atoll",Hemiptera,Hermatobatidae
"Nysius caledoniae (Distant, 1920)",South Keeling,"Gibson-Hill, C.A. (1950) Hemiptera collected on the Cocos-Keeling Islands, January-October, 1941",Hemiptera,Lygaeidae
"Nysius caledoniae (Distant, 1920)",Kwajalein,"Sugerman, B.B. (1972) Insects and other arthropods from Kwajalein atoll (Marshall Islands)",Hemiptera,Lygaeidae
"Nysius caledoniae (Distant, 1920)",Ulithi,"Barber, H.G. (1958) Insects of Micronesia - Heteroptera: Lygaeidae",Hemiptera,Lygaeidae
"Nysius coenosulus (Stal, 1859)",French Frigate Shoals,"Beardsley, J.W. (1966) Insects and other terrestrial arthropods from the Leeward Hawaiian Islands",Hemiptera,Lygaeidae
"Nysius frigatensis (Usinger, 1942)",French Frigate Shoals,"Beardsley, J.W. (1966) Insects and other terrestrial arthropods from the Leeward Hawaiian Islands",Hemiptera,Lygaeidae
"Nysius fullawayi (Usinger, 1942)",Kure,"Butler, G.D., & Usinger, R.L. (1963) Insects and other arthropods from Kure Island",Hemiptera,Lygaeidae
"Nysius fullawayi (Usinger, 1942)",Laysan,"Butler, G.D. (1961) Insects and other arthropods from Laysan Island",Hemiptera,Lygaeidae
"Nysius fullawayi (Usinger, 1942)",Midway,"Suehiro, A. (1960) Insects and other arthropods from Midway atoll",Hemiptera,Lygaeidae
"Nysius fullawayi (Usinger, 1942)",Pearl and Hermes,"Beardsley, J.W. (1966) Insects and other terrestrial arthropods from the Leeward Hawaiian Islands",Hemiptera,Lygaeidae
"Nysius kinbergi (Usinger, 1959)",Midway,"Suehiro, A. (1960) Insects and other arthropods from Midway atoll",Hemiptera,Lygaeidae
"Nysius palor (Ashlock, 1963)",Kure,"Butler, G.D., & Usinger, R.L. (1963) Insects and other arthropods from Kure Island",Hemiptera,Lygaeidae
"Nysius palor (Ashlock, 1963)",Pearl and Hermes,"Beardsley, J.W. (1966) Insects and other terrestrial arthropods from the Leeward Hawaiian Islands",Hemiptera,Lygaeidae
"Nysius picipes (Usinger, 1937)",Arno,"Usinger, R.L., & la Rivers, I. (1953) The insect life of Arno",Hemiptera,Lygaeidae
"Nysius picipes (Usinger, 1937)",Bikar,"Barber, H.G. (1958) Insects of Micronesia - Heteroptera: Lygaeidae",Hemiptera,Lygaeidae
"Nysius picipes (Usinger, 1937)",Bikini,"Barber, H.G. (1958) Insects of Micronesia - Heteroptera: Lygaeidae",Hemiptera,Lygaeidae
"Nysius picipes (Usinger, 1937)",Eniwetok,"Barber, H.G. (1958) Insects of Micronesia - Heteroptera: Lygaeidae",Hemiptera,Lygaeidae
"Nysius picipes (Usinger, 1937)",Likiep,"Barber, H.G. (1958) Insects of Micronesia - Heteroptera: Lygaeidae",Hemiptera,Lygaeidae
"Nysius picipes (Usinger, 1937)",Onotoa,"Barber, H.G. (1958) Insects of Micronesia - Heteroptera: Lygaeidae",Hemiptera,Lygaeidae
"Nysius picipes (Usinger, 1937)",Pokak,"Barber, H.G. (1958) Insects of Micronesia - Heteroptera: Lygaeidae",Hemiptera,Lygaeidae
"Nysius picipes (Usinger, 1937)",Rongelap,"Barber, H.G. (1958) Insects of Micronesia - Heteroptera: Lygaeidae",Hemiptera,Lygaeidae
"Nysius picipes (Usinger, 1937)",Taka,"Barber, H.G. (1958) Insects of Micronesia - Heteroptera: Lygaeidae",Hemiptera,Lygaeidae
"Nysius picipes (Usinger, 1937)",Wake,"Barber, H.G. (1958) Insects of Micronesia - Heteroptera: Lygaeidae",Hemiptera,Lygaeidae
"Nysius picipes (Usinger, 1937)",Wotho,"Barber, H.G. (1958) Insects of Micronesia - Heteroptera: Lygaeidae",Hemiptera,Lygaeidae
"Nysius plebeius (Distant, 1883)",Midway,"Suehiro, A. (1960) Insects and other arthropods from Midway atoll",Hemiptera,Lygaeidae
"Nysius pulchellus (Stal, 1859)",Eniwetok,"Barber, H.G. (1958) Insects of Micronesia - Heteroptera: Lygaeidae",Hemiptera,Lygaeidae
"Nysius pulchellus (Stal, 1859)",Jaluit,"Gressitt, J.L. (1961) Terrestrial fauna",Hemiptera,Lygaeidae
"Nysius pulchellus (Stal, 1859)",Kwajalein,"Sugerman, B.B. (1972) Insects and other arthropods from Kwajalein atoll (Marshall Islands)",Hemiptera,Lygaeidae
"Nysius pulchellus (Stal, 1859)",Majuro,"Barber, H.G. (1958) Insects of Micronesia - Heteroptera: Lygaeidae",Hemiptera,Lygaeidae
"Nysius pulchellus (Stal, 1859)",Nomwin,"Barber, H.G. (1958) Insects of Micronesia - Heteroptera: Lygaeidae",Hemiptera,Lygaeidae
"Nysius pulchellus (Stal, 1859)",Ujelang,"Barber, H.G. (1958) Insects of Micronesia - Heteroptera: Lygaeidae",Hemiptera,Lygaeidae
"Nysius pulchellus (Stal, 1859)",Ulithi,"Barber, H.G. (1958) Insects of Micronesia - Heteroptera: Lygaeidae",Hemiptera,Lygaeidae
"Nysius terrestris (Usinger, 1942)",Johnston,"Binion Amerson, A., & Shelton, P.C. (1976) The natural history of Johnston atoll, Central Pacific Ocean",Hemiptera,Lygaeidae
"Nysius terrestris (Usinger, 1942)",Midway,"Suehiro, A. (1960) Insects and other arthropods from Midway atoll",Hemiptera,Lygaeidae
"Nysius vinitor (Bergroth, 1891)",South Keeling,"Gibson-Hill, C.A. (1950) Hemiptera collected on the Cocos-Keeling Islands, January-October, 1941",Hemiptera,Lygaeidae
Nysius sp.,Laysan,"Bryan, E.H. (1926) Insects of Hawaii, Johnston Island and Wake Island",Hemiptera,Lygaeidae
Nysius sp.,Wake,"Bryan, E.H. (1926) Insects of Hawaii, Johnston Island and Wake Island",Hemiptera,Lygaeidae
"Drosicha littorea (Beardsley, 1966)",Ngcheangel,"Beardsley, J.W. (1966) Insects of Micronesia - Homoptera: Coccoidea",Hemiptera,Margarodidae
"Drosicha littorea (Beardsley, 1966)",Sorol,"Beardsley, J.W. (1966) Insects of Micronesia - Homoptera: Coccoidea",Hemiptera,Margarodidae
"Drosicha littorea (Beardsley, 1966)",Ulithi,"Beardsley, J.W. (1966) Insects of Micronesia - Homoptera: Coccoidea",Hemiptera,Margarodidae
"Icerya aegyptiaca (Douglas, 1890)",Jaluit,"Beardsley, J.W. (1966) Insects of Micronesia - Homoptera: Coccoidea",Hemiptera,Margarodidae
"Icerya aegyptiaca (Douglas, 1890)",Kwajalein,"Sugerman, B.B. (1972) Insects and other arthropods from Kwajalein atoll (Marshall Islands)",Hemiptera,Margarodidae
"Icerya aegyptiaca (Douglas, 1890)",Lae,"Beardsley, J.W. (1966) Insects of Micronesia - Homoptera: Coccoidea",Hemiptera,Margarodidae
"Icerya aegyptiaca (Douglas, 1890)",Likiep,"Beardsley, J.W. (1966) Insects of Micronesia - Homoptera: Coccoidea",Hemiptera,Margarodidae
"Icerya aegyptiaca (Douglas, 1890)",Majuro,"Beardsley, J.W. (1966) Insects of Micronesia - Homoptera: Coccoidea",Hemiptera,Margarodidae
"Icerya aegyptiaca (Douglas, 1890)",Nomwin,"Beardsley, J.W. (1966) Insects of Micronesia - Homoptera: Coccoidea",Hemiptera,Margarodidae
"Icerya aegyptiaca (Douglas, 1890)",Ulithi,"Beardsley, J.W. (1966) Insects of Micronesia - Homoptera: Coccoidea",Hemiptera,Margarodidae
"Icerya aegyptiaca (Douglas, 1890)",Wake,"Beardsley, J.W. (1966) Insects of Micronesia - Homoptera: Coccoidea",Hemiptera,Margarodidae
"Icerya purchasi (Maskell, 1879)",Eniwetok,"Beardsley, J.W. (1966) Insects of Micronesia - Homoptera: Coccoidea",Hemiptera,Margarodidae
"Icerya purchasi (Maskell, 1879)",Johnston,"Binion Amerson, A., & Shelton, P.C. (1976) The natural history of Johnston atoll, Central Pacific Ocean",Hemiptera,Margarodidae
"Icerya purchasi (Maskell, 1879)",Kure,"Butler, G.D., & Usinger, R.L. (1963) Insects and other arthropods from Kure Island",Hemiptera,Margarodidae
"Icerya purchasi (Maskell, 1879)",Kwajalein,"Sugerman, B.B. (1972) Insects and other arthropods from Kwajalein atoll (Marshall Islands)",Hemiptera,Margarodidae
"Icerya purchasi (Maskell, 1879)",Majuro,"Beardsley, J.W. (1966) Insects of Micronesia - Homoptera: Coccoidea",Hemiptera,Margarodidae
"Icerya purchasi (Maskell, 1879)",Midway,"Suehiro, A. (1960) Insects and other arthropods from Midway atoll",Hemiptera,Margarodidae
"Icerya purchasi (Maskell, 1879)",Palmyra,"Handler, A.T., et al. (2007) Arthropod surveys on Palmyra Atoll, Line Islands, and insights into the decline of the native tree Pisonia grandis (Nycatginaceae)",Hemiptera,Margarodidae
"Icerya seychellarum (Westwood, 1855)",Rangiroa,"Cocherau, P. (1966) Compte rendu d'une mission d'inventaire faunistique aux îles Gambier et Tuamotu (Avril - Mai 1966)",Hemiptera,Margarodidae
"Icerya seychellarum (Westwood, 1855)",Ulithi,"Beardsley, J.W. (1966) Insects of Micronesia - Homoptera: Coccoidea",Hemiptera,Margarodidae
Icerya sp.,South Keeling,"Bellis, G.A., et al. (2004) Records of insect pests on Christmas Island and the Cocos (Keeling) Islands, Indian Ocean",Hemiptera,Margarodidae
"Nisia atrovenosa (Lethierry, 1888)",Aldabra,"Webb, M.D. (1975) Fulgoroidea from Aldabra, Astove, and Cosmoledo atolls, collected by the Royal Society Expedition 1967-68 (Hemiptera-Homoptera)",Hemiptera,Meenoplidae
"Spissistilus festina (Say, 1830)",Midway,"Suehiro, A. (1960) Insects and other arthropods from Midway atoll",Hemiptera,Membracidae
"Tricentrus dubius (Kato, 1916)",Ngcheangel,"Kato, M. (1960) Insects of Micronesia - Homoptera: Membracidae",Hemiptera,Membracidae
"Vanduzea segmentata (Fowler, 1895)",Midway,"Suehiro, A. (1960) Insects and other arthropods from Midway atoll",Hemiptera,Membracidae
"Mesovelia vittigera (Horváth, 1895)",Aldabra,"Polhemus, D.A. (1993) The Heteroptera of Aldabra atoll and nearby islands, Western Indian Ocean, Part 2: Freshwater Heteroptera",Hemiptera,Mesoveliidae
"Micronecta praetermissa (Poisson, 1938)",Aldabra,"Polhemus, D.A. (1993) The Heteroptera of Aldabra atoll and nearby islands, Western Indian Ocean, Part 2: Freshwater Heteroptera",Hemiptera,Micronectidae
"Campylomma eniwetok (Schuh, 1984)",Eniwetok,"Samuelson, G.A., & Nishida, G.M. (1987) Insects and allies (arthropods) of Enewetak atoll",Hemiptera,Miridae
"Campylomma cf. hawaiiensis (Steyskal, 1973)",Abariringa,"van Zwaluwenburg, R.H. (1955) The insects and certain other arthropods of Canton Island",Hemiptera,Miridae
"Campylomma lividicornis (Reuter, 1912)",Kwajalein,"Sugerman, B.B. (1972) Insects and other arthropods from Kwajalein atoll (Marshall Islands)",Hemiptera,Miridae
"Campylomma lividicornis (Reuter, 1912)",Majuro,"Carvalho, J.C.M. (1956) Insects of Micronesia - Heteroptera: Miridae",Hemiptera,Miridae
"Campylomma lividicornis (Reuter, 1912)",Wake,"Carvalho, J.C.M. (1956) Insects of Micronesia - Heteroptera: Miridae",Hemiptera,Miridae
"Campylomma marshallensis (Usinger, 1952)",Eniwetok,"Samuelson, G.A., & Nishida, G.M. (1987) Insects and allies (arthropods) of Enewetak atoll",Hemiptera,Miridae
"Campylomma ulithiensis (Carvalho, 1956)",Ulithi,"Carvalho, J.C.M. (1956) Insects of Micronesia - Heteroptera: Miridae",Hemiptera,Miridae
Campylomma sp.,Arno,"Usinger, R.L., & la Rivers, I. (1953) The insect life of Arno",Hemiptera,Miridae
"Creontiades pacificus (Stal, 1859)",Ulithi,"Carvalho, J.C.M. (1956) Insects of Micronesia - Heteroptera: Miridae",Hemiptera,Miridae
"Engytatus modestus (Distant, 1893)",Kure,"Butler, G.D., & Usinger, R.L. (1963) Insects and other arthropods from Kure Island",Hemiptera,Miridae
"Engytatus modestus (Distant, 1893)",Laysan,"Butler, G.D. (1961) Insects and other arthropods from Laysan Island",Hemiptera,Miridae
"Engytatus modestus (Distant, 1893)",Pearl and Hermes,"Beardsley, J.W. (1966) Insects and other terrestrial arthropods from the Leeward Hawaiian Islands",Hemiptera,Miridae
"Engytatus nicotianae (Koningsberger, 1903)",Ulithi,"Carvalho, J.C.M. (1956) Insects of Micronesia - Heteroptera: Miridae",Hemiptera,Miridae
"Halticus tibialis (Reuter, 1891)",Arno,"Carvalho, J.C.M. (1956) Insects of Micronesia - Heteroptera: Miridae",Hemiptera,Miridae
"Halticus tibialis (Reuter, 1891)",Jaluit,"Carvalho, J.C.M. (1956) Insects of Micronesia - Heteroptera: Miridae",Hemiptera,Miridae
"Halticus tibialis (Reuter, 1891)",Kwajalein,"Sugerman, B.B. (1972) Insects and other arthropods from Kwajalein atoll (Marshall Islands)",Hemiptera,Miridae
"Halticus tibialis (Reuter, 1891)",Majuro,"Carvalho, J.C.M. (1956) Insects of Micronesia - Heteroptera: Miridae",Hemiptera,Miridae
"Halticus tibialis (Reuter, 1891)",Namoluk,"Carvalho, J.C.M. (1956) Insects of Micronesia - Heteroptera: Miridae",Hemiptera,Miridae
"Halticus tibialis (Reuter, 1891)",Nomwin,"Carvalho, J.C.M. (1956) Insects of Micronesia - Heteroptera: Miridae",Hemiptera,Miridae
"Halticus tibialis (Reuter, 1891)",Ulithi,"Carvalho, J.C.M. (1956) Insects of Micronesia - Heteroptera: Miridae",Hemiptera,Miridae
"Nesidiocoris tenuis (Reuter, 1895)",South Keeling,"Gibson-Hill, C.A. (1950) Hemiptera collected on the Cocos-Keeling Islands, January-October, 1941",Hemiptera,Miridae
"Opuna hawaiiensis (Kirkaldy, 1902)",Wake,"Bryan, E.H. (1926) Insects of Hawaii, Johnston Island and Wake Island",Hemiptera,Miridae
Orthotylus sp.,Arno,"Usinger, R.L., & la Rivers, I. (1953) The insect life of Arno",Hemiptera,Miridae
"Sthenaridea piceonigra (Motschulsky, 1863)",Arno,"Carvalho, J.C.M. (1956) Insects of Micronesia - Heteroptera: Miridae",Hemiptera,Miridae
"Trigonotylus brevipes (Jakovlev, 1880)",Abariringa,"van Zwaluwenburg, R.H. (1955) The insects and certain other arthropods of Canton Island",Hemiptera,Miridae
"Trigonotylus brevipes (Jakovlev, 1880)",Kiritimati,"Krauss, N.L.H. (1953) Insects and other invertebrates from Palmyra atoll and Christmas Island",Hemiptera,Miridae
"Trigonotylus brevipes (Jakovlev, 1880)",Palmyra,"Handler, A.T., et al. (2007) Arthropod surveys on Palmyra Atoll, Line Islands, and insights into the decline of the native tree Pisonia grandis (Nycatginaceae)",Hemiptera,Miridae
"Trigonotylus hawaiiensis (Kirkaldy, 1902)",Laysan,"Butler, G.D. (1961) Insects and other arthropods from Laysan Island",Hemiptera,Miridae
"Trigonotylus tenuis (Reuter, 1893)",Arno,"Carvalho, J.C.M. (1956) Insects of Micronesia - Heteroptera: Miridae",Hemiptera,Miridae
"Trigonotylus tenuis (Reuter, 1893)",South Keeling,"Gibson-Hill, C.A. (1950) Hemiptera collected on the Cocos-Keeling Islands, January-October, 1941",Hemiptera,Miridae
"Trigonotylus tenuis (Reuter, 1893)",Eniwetok,"Carvalho, J.C.M. (1956) Insects of Micronesia - Heteroptera: Miridae",Hemiptera,Miridae
"Trigonotylus tenuis (Reuter, 1893)",Jaluit,"Carvalho, J.C.M. (1956) Insects of Micronesia - Heteroptera: Miridae",Hemiptera,Miridae
"Trigonotylus tenuis (Reuter, 1893)",Kwajalein,"Sugerman, B.B. (1979) Additions to the list of insects and other arthropods from Kwajalein atoll (Marshall Islands)",Hemiptera,Miridae
"Trigonotylus tenuis (Reuter, 1893)",Lukunor,"Carvalho, J.C.M. (1956) Insects of Micronesia - Heteroptera: Miridae",Hemiptera,Miridae
"Trigonotylus tenuis (Reuter, 1893)",Mokil,"Carvalho, J.C.M. (1956) Insects of Micronesia - Heteroptera: Miridae",Hemiptera,Miridae
"Trigonotylus tenuis (Reuter, 1893)",Namoluk,"Carvalho, J.C.M. (1956) Insects of Micronesia - Heteroptera: Miridae",Hemiptera,Miridae
"Trigonotylus tenuis (Reuter, 1893)",Nukunonu,"Hickley, A.D. (1969) Ecology of terrestrial arthropods of the Tokelau atolls",Hemiptera,Miridae
"Trigonotylus tenuis (Reuter, 1893)",Pingelap,"Carvalho, J.C.M. (1956) Insects of Micronesia - Heteroptera: Miridae",Hemiptera,Miridae
"Trigonotylus tenuis (Reuter, 1893)",Ujae,"Carvalho, J.C.M. (1956) Insects of Micronesia - Heteroptera: Miridae",Hemiptera,Miridae
"Trigonotylus tenuis (Reuter, 1893)",Ujelang,"Carvalho, J.C.M. (1956) Insects of Micronesia - Heteroptera: Miridae",Hemiptera,Miridae
"Trigonotylus tenuis (Reuter, 1893)",Ulithi,"Carvalho, J.C.M. (1956) Insects of Micronesia - Heteroptera: Miridae",Hemiptera,Miridae
"Tytthus chinensis (Stal, 1859)",Swains,"Kami, K.S., & Miller, S.E. (1998) Samoan insects and related arthropods: checklist and bibliography",Hemiptera,Miridae
"Tytthus zwaluwenburgi (Usinger, 1944)",Abariringa,"van Zwaluwenburg, R.H. (1955) The insects and certain other arthropods of Canton Island",Hemiptera,Miridae
"Nabis blackburni (White, 1978)",Laysan,"Butler, G.D. (1961) Insects and other arthropods from Laysan Island",Hemiptera,Nabidae
"Nabis capsiformis (Germar, 1838)",Abariringa,"van Zwaluwenburg, R.H. (1955) The insects and certain other arthropods of Canton Island",Hemiptera,Nabidae
"Nabis capsiformis (Germar, 1838)",Arno,"Usinger, R.L., & la Rivers, I. (1953) The insect life of Arno",Hemiptera,Nabidae
"Nabis capsiformis (Germar, 1838)",Clipperton,"Garrouste, R., & Hervé, C. (2009) La faune des insectes (Insecta s.l.) de l'atoll de Clipperton",Hemiptera,Nabidae
"Nabis capsiformis (Germar, 1838)",South Keeling,"Gibson-Hill, C.A. (1950) Hemiptera collected on the Cocos-Keeling Islands, January-October, 1941",Hemiptera,Nabidae
"Nabis capsiformis (Germar, 1838)",Eniwetok,"Gross, F.R. (1963) Insects of Micronesia - Coreidae (Alydini by J.C. Schaffner), Neididae, and Nabidae",Hemiptera,Nabidae
"Nabis capsiformis (Germar, 1838)",French Frigate Shoals,"Beardsley, J.W. (1966) Insects and other terrestrial arthropods from the Leeward Hawaiian Islands",Hemiptera,Nabidae
"Nabis capsiformis (Germar, 1838)",Jaluit,"Gross, F.R. (1963) Insects of Micronesia - Coreidae (Alydini by J.C. Schaffner), Neididae, and Nabidae",Hemiptera,Nabidae
"Nabis capsiformis (Germar, 1838)",Johnston,"Binion Amerson, A., & Shelton, P.C. (1976) The natural history of Johnston atoll, Central Pacific Ocean",Hemiptera,Nabidae
"Nabis capsiformis (Germar, 1838)",Kure,"Butler, G.D., & Usinger, R.L. (1963) Insects and other arthropods from Kure Island",Hemiptera,Nabidae
"Nabis capsiformis (Germar, 1838)",Kwajalein,"Sugerman, B.B. (1972) Insects and other arthropods from Kwajalein atoll (Marshall Islands)",Hemiptera,Nabidae
"Nabis capsiformis (Germar, 1838)",Lae,"Gross, F.R. (1963) Insects of Micronesia - Coreidae (Alydini by J.C. Schaffner), Neididae, and Nabidae",Hemiptera,Nabidae
"Nabis capsiformis (Germar, 1838)",Laysan,"Butler, G.D., & Usinger, R.L. (1963) Insects and other invertebrates from Laysan Island",Hemiptera,Nabidae
"Nabis capsiformis (Germar, 1838)",Midway,"Suehiro, A. (1960) Insects and other arthropods from Midway atoll",Hemiptera,Nabidae
"Nabis capsiformis (Germar, 1838)",Mokil,"Gross, F.R. (1963) Insects of Micronesia - Coreidae (Alydini by J.C. Schaffner), Neididae, and Nabidae",Hemiptera,Nabidae
"Nabis capsiformis (Germar, 1838)",Pearl and Hermes,"Beardsley, J.W. (1966) Insects and other terrestrial arthropods from the Leeward Hawaiian Islands",Hemiptera,Nabidae
"Nabis capsiformis (Germar, 1838)",Satawan,"Gross, F.R. (1963) Insects of Micronesia - Coreidae (Alydini by J.C. Schaffner), Neididae, and Nabidae",Hemiptera,Nabidae
"Nabis capsiformis (Germar, 1838)",Ujae,"Gross, F.R. (1963) Insects of Micronesia - Coreidae (Alydini by J.C. Schaffner), Neididae, and Nabidae",Hemiptera,Nabidae
"Nabis capsiformis (Germar, 1838)",Ulithi,"Gross, F.R. (1963) Insects of Micronesia - Coreidae (Alydini by J.C. Schaffner), Neididae, and Nabidae",Hemiptera,Nabidae
"Nabis capsiformis (Germar, 1838)",Wake,"Gross, F.R. (1963) Insects of Micronesia - Coreidae (Alydini by J.C. Schaffner), Neididae, and Nabidae",Hemiptera,Nabidae
"Nabis capsiformis (Germar, 1838)",Wotho,"Gross, F.R. (1963) Insects of Micronesia - Coreidae (Alydini by J.C. Schaffner), Neididae, and Nabidae",Hemiptera,Nabidae
"Nabis kavahalu (Kirkaldy, 1907)",Wake,"Bryan, E.H. (1926) Insects of Hawaii, Johnston Island and Wake Island",Hemiptera,Nabidae
Nabis sp.,Takapoto,"Rivière, F. (1979) La vie animale terrestre à Takapoto",Hemiptera,Nabidae
"Ninus insignis (Stal, 1860)",Arno,"Barber, H.G. (1958) Insects of Micronesia - Heteroptera: Lygaeidae",Hemiptera,Ninidae
"Ninus insignis (Stal, 1860)",Etal,"Barber, H.G. (1958) Insects of Micronesia - Heteroptera: Lygaeidae",Hemiptera,Ninidae
"Ninus insignis (Stal, 1860)",Lukunor,"Barber, H.G. (1958) Insects of Micronesia - Heteroptera: Lygaeidae",Hemiptera,Ninidae
"Miriza bohemani (Stal, 1859)",South Keeling,"Wood-Jones, F. (1909) The fauna of the Cocos-Keeling Atoll, collected by F. Wood-Jones",Hemiptera,Nogodinidae
"Anisops aldabrana (Distant, 1913)",Aldabra,"Distant, W.L. (1913) No. IX - Rhynchota - Part I: suborder Heteroptera",Hemiptera,Notonectidae
"Anisops vitrea (Signoret, 1860)",Aldabra,"Polhemus, D.A. (1993) The Heteroptera of Aldabra atoll and nearby islands, Western Indian Ocean, Part 2: Freshwater Heteroptera",Hemiptera,Notonectidae
"Corallocoris aldabrae (Cobben, 1987)",Aldabra,"Polhemus, D.A. (1990) Heteroptera of Aldabra atoll and nearby islands, Western Indian Ocean, Part 1: Marine Heteroptera (Insecta)",Hemiptera,Omaniidae
"Oxycarenus fumigatus (Distant, 1913)",Cosmoledo,"Distant, W.L. (1913) No. IX - Rhynchota - Part I: suborder Heteroptera",Hemiptera,Oxycarenidae
"Acrosternum heegeri (Fieber, 1861)",Aldabra,"Frith, D.W. (1979) A list of insects caught in light traps on West Island, Aldabra Atoll, Indian Ocean",Hemiptera,Pentatomidae
"Brochymena quadripustulata (Fabricius, 1775)",Johnston,"Rash, R. (2020) Checklist and images documenting the biodiversity of Johnston Atoll National Wildlife Refuge",Hemiptera,Pentatomidae
"Brochymena quadripustulata (Fabricius, 1775)",Midway,"Nishida, G.M. & Beardsley, J.W. (2002) A review of the insects and related arthropods of Midway atoll",Hemiptera,Pentatomidae
"Carbula limpoponus (Stal, 1864)",Aldabra,"Distant, W.L. (1913) No. IX - Rhynchota - Part I: suborder Heteroptera",Hemiptera,Pentatomidae
"Carbula limpoponus (Stal, 1864)",Cosmoledo,"Distant, W.L. (1913) No. IX - Rhynchota - Part I: suborder Heteroptera",Hemiptera,Pentatomidae
Coleotichus sp.,Takapoto,"Rivière, F. (1979) La vie animale terrestre à Takapoto",Hemiptera,Pentatomidae
"Eysarcoris imperator (Distant, 1913)",Aldabra,"Distant, W.L. (1913) No. IX - Rhynchota - Part I: suborder Heteroptera",Hemiptera,Pentatomidae
Glaucias sp.,Nukunonu,"Hickley, A.D. (1969) Ecology of terrestrial arthropods of the Tokelau atolls",Hemiptera,Pentatomidae
"Menida distanti (Horvath, 1893)",Aldabra,"Distant, W.L. (1913) No. IX - Rhynchota - Part I: suborder Heteroptera",Hemiptera,Pentatomidae
"Montrouzieriellus falleni (Guérin-Méneville, 1831)",Eniwetok,"Ruckes, H. (1963) Insects of Micronesia - Heteroptera: Pentatomoidea",Hemiptera,Pentatomidae
"Montrouzieriellus falleni (Guérin-Méneville, 1831)",Kwajalein,"Sugerman, B.B. (1972) Insects and other arthropods from Kwajalein atoll (Marshall Islands)",Hemiptera,Pentatomidae
"Nezara viridula (L., 1758)",Aldabra,"Frith, D.W. (1979) A list of insects caught in light traps on West Island, Aldabra Atoll, Indian Ocean",Hemiptera,Pentatomidae
"Nezara viridula (L., 1758)",South Keeling,"Bellis, G.A., et al. (2004) Records of insect pests on Christmas Island and the Cocos (Keeling) Islands, Indian Ocean",Hemiptera,Pentatomidae
"Nezara viridula (L., 1758)",Johnston,"Rash, R. (2020) Checklist and images documenting the biodiversity of Johnston Atoll National Wildlife Refuge",Hemiptera,Pentatomidae
"Nezara viridula (L., 1758)",Rangiroa,"Cocherau, P. (1966) Compte rendu d'une mission d'inventaire faunistique aux îles Gambier et Tuamotu (Avril - Mai 1966)",Hemiptera,Pentatomidae
"Oechalia schellenbergii (Guérin-Méneville, 1831)",Abariringa,"Degener, O., & Gillaspy, E. (1955) Canton Island, South Pacific",Hemiptera,Pentatomidae
"Oechalia schellenbergii (Guérin-Méneville, 1831)",Bikini,"Ruckes, H. (1963) Insects of Micronesia - Heteroptera: Pentatomoidea",Hemiptera,Pentatomidae
"Oechalia schellenbergii (Guérin-Méneville, 1831)",South Keeling,"Gibson-Hill, C.A. (1950) Hemiptera collected on the Cocos-Keeling Islands, January-October, 1941",Hemiptera,Pentatomidae
"Oechalia schellenbergii (Guérin-Méneville, 1831)",Ducie,"Usinger, R.L. (1941) The genus Oechalia (Pentatomidae, Hemiptera)",Hemiptera,Pentatomidae
"Oechalia schellenbergii (Guérin-Méneville, 1831)",Eniwetok,"Ruckes, H. (1963) Insects of Micronesia - Heteroptera: Pentatomoidea",Hemiptera,Pentatomidae
"Oechalia schellenbergii (Guérin-Méneville, 1831)",Kiritimati,"Usinger, R.L. (1941) The genus Oechalia (Pentatomidae, Hemiptera)",Hemiptera,Pentatomidae
"Oechalia schellenbergii (Guérin-Méneville, 1831)",Kwajalein,"Sugerman, B.B. (1972) Insects and other arthropods from Kwajalein atoll (Marshall Islands)",Hemiptera,Pentatomidae
"Oechalia schellenbergii (Guérin-Méneville, 1831)",Majuro,"Usinger, R.L. (1951) Heteroptera of the Marshall Islands",Hemiptera,Pentatomidae
"Oechalia schellenbergii (Guérin-Méneville, 1831)",Rose,"Peck, R.W., et al. (2014) Arthropods of Rose atoll with special reference to ants and Pulvianaria urbicola scales (Hemiptera: Coccidae) on Pisonia grandis trees",Hemiptera,Pentatomidae
"Oechalia schellenbergii (Guérin-Méneville, 1831)",Tabuaeran,"Usinger, R.L. (1941) The genus Oechalia (Pentatomidae, Hemiptera)",Hemiptera,Pentatomidae
"Oechalia schellenbergii (Guérin-Méneville, 1831)",Wake,"Usinger, R.L. (1941) The genus Oechalia (Pentatomidae, Hemiptera)",Hemiptera,Pentatomidae
"Oechalia schellenbergii (Guérin-Méneville, 1831)",Wotho,"Ruckes, H. (1963) Insects of Micronesia - Heteroptera: Pentatomoidea",Hemiptera,Pentatomidae
"Pegala biguttula (Haglund, 1868)",Nukunonu,"Hickley, A.D. (1969) Ecology of terrestrial arthropods of the Tokelau atolls",Hemiptera,Pentatomidae
"Stenozygum aldabranum (Distant, 1913)",Aldabra,"Distant, W.L. (1913) No. IX - Rhynchota - Part I: suborder Heteroptera",Hemiptera,Pentatomidae
"Stenozygum insularum (Distant, 1913)",Cosmoledo,"Distant, W.L. (1913) No. IX - Rhynchota - Part I: suborder Heteroptera",Hemiptera,Pentatomidae
"Brachyplatys pacificus (Dallas, 1851)",Jaluit,"Nafus, D. (1991) Movement of new insects into the Carolines and Marshalls in recent years",Hemiptera,Platyspidae
"Brachyplatys pacificus (Dallas, 1851)",Majuro,"Nafus, D. (1991) Movement of new insects into the Carolines and Marshalls in recent years",Hemiptera,Platyspidae
"Antonina graminis (Maskell, 1897)",Kure,"Beardsley, J.W. (1966) Insects and other terrestrial arthropods from the Leeward Hawaiian Islands",Hemiptera,Pseudococcidae
"Antonina graminis (Maskell, 1897)",Kwajalein,"Sugerman, B.B. (1972) Insects and other arthropods from Kwajalein atoll (Marshall Islands)",Hemiptera,Pseudococcidae
"Antonina graminis (Maskell, 1897)",Laysan,"Butler, G.D. (1961) Insects and other arthropods from Laysan Island",Hemiptera,Pseudococcidae
"Antonina graminis (Maskell, 1897)",Midway,"Nishida, G.M. & Beardsley, J.W. (2002) A review of the insects and related arthropods of Midway atoll",Hemiptera,Pseudococcidae
"Antonina graminis (Maskell, 1897)",Pearl and Hermes,"Beardsley, J.W. (1966) Insects and other terrestrial arthropods from the Leeward Hawaiian Islands",Hemiptera,Pseudococcidae
"Antonina graminis (Maskell, 1897)",Rangiroa,"Cocherau, P. (1966) Compte rendu d'une mission d'inventaire faunistique aux îles Gambier et Tuamotu (Avril - Mai 1966)",Hemiptera,Pseudococcidae
"Antonina graminis (Maskell, 1897)",Wake,"Beardsley, J.W. (1966) Insects of Micronesia - Homoptera: Coccoidea",Hemiptera,Pseudococcidae
"Chorizococcus rostellum (Lobdell, 1930)",Midway,"Nishida, G.M. & Beardsley, J.W. (2002) A review of the insects and related arthropods of Midway atoll",Hemiptera,Pseudococcidae
"Dysmicoccus brevipes (Cockerell, 1893)",Jaluit,"Beardsley, J.W. (1966) Insects of Micronesia - Homoptera: Coccoidea",Hemiptera,Pseudococcidae
"Dysmicoccus brevipes (Cockerell, 1893)",Kwajalein,"Beardsley, J.W. (1966) Insects of Micronesia - Homoptera: Coccoidea, supplement",Hemiptera,Pseudococcidae
"Dysmicoccus brevipes (Cockerell, 1893)",Majuro,"Beardsley, J.W. (1966) Insects of Micronesia - Homoptera: Coccoidea",Hemiptera,Pseudococcidae
"Dysmicoccus brevipes (Cockerell, 1893)",Palmyra,"Handler, A.T., et al. (2007) Arthropod surveys on Palmyra Atoll, Line Islands, and insights into the decline of the native tree Pisonia grandis (Nycatginaceae)",Hemiptera,Pseudococcidae
"Dysmicoccus brevipes (Cockerell, 1893)",Pearl and Hermes,"Beardsley, J.W. (1966) Insects and other terrestrial arthropods from the Leeward Hawaiian Islands",Hemiptera,Pseudococcidae
"Dysmicoccus cocotis (Maskell, 1890)",Jaluit,"Beardsley, J.W. (1966) Insects of Micronesia - Homoptera: Coccoidea",Hemiptera,Pseudococcidae
"Dysmicoccus cocotis (Maskell, 1890)",Lae,"Beardsley, J.W. (1966) Insects of Micronesia - Homoptera: Coccoidea",Hemiptera,Pseudococcidae
"Dysmicoccus cocotis (Maskell, 1890)",Majuro,"Beardsley, J.W. (1966) Insects of Micronesia - Homoptera: Coccoidea",Hemiptera,Pseudococcidae
"Dysmicoccus cocotis (Maskell, 1890)",Nomwin,"Beardsley, J.W. (1966) Insects of Micronesia - Homoptera: Coccoidea",Hemiptera,Pseudococcidae
"Dysmicoccus neobrevipes (Beardsley, 1959)",Kwajalein,"Sugerman, B.B. (1972) Insects and other arthropods from Kwajalein atoll (Marshall Islands)",Hemiptera,Pseudococcidae
"Dysmicoccus neobrevipes (Beardsley, 1959)",Midway,"Nishida, G.M. & Beardsley, J.W. (2002) A review of the insects and related arthropods of Midway atoll",Hemiptera,Pseudococcidae
"Dysmicoccus neobrevipes (Beardsley, 1959)",Palmyra,"Handler, A.T., et al. (2007) Arthropod surveys on Palmyra Atoll, Line Islands, and insights into the decline of the native tree Pisonia grandis (Nycatginaceae)",Hemiptera,Pseudococcidae
"Ferrisia malvastra (McDaniel, 1962)",Midway,"Nishida, G.M. & Beardsley, J.W. (2002) A review of the insects and related arthropods of Midway atoll",Hemiptera,Pseudococcidae
"Ferrisia virgata (Cockerell, 1893)",Aldabra,"Green, E.E. (1907) No. XII - Notes on the Coccidae collected by the Percy Sladen trust expedition to the Indian Ocean - supplemented by a collection received from Mr. R. Dupont",Hemiptera,Pseudococcidae
"Ferrisia virgata (Cockerell, 1893)",South Keeling,"Bellis, G.A., et al. (2004) Records of insect pests on Christmas Island and the Cocos (Keeling) Islands, Indian Ocean",Hemiptera,Pseudococcidae
"Ferrisia virgata (Cockerell, 1893)",Farquhar,"Green, E.E. (1907) No. XII - Notes on the Coccidae collected by the Percy Sladen trust expedition to the Indian Ocean - supplemented by a collection received from Mr. R. Dupont",Hemiptera,Pseudococcidae
"Ferrisia virgata (Cockerell, 1893)",French Frigate Shoals,"Beardsley, J.W. (1966) Insects and other terrestrial arthropods from the Leeward Hawaiian Islands",Hemiptera,Pseudococcidae
"Ferrisia virgata (Cockerell, 1893)",Jaluit,"Nafus, D. (1991) Movement of new insects into the Carolines and Marshalls in recent years",Hemiptera,Pseudococcidae
"Ferrisia virgata (Cockerell, 1893)",Johnston,"Binion Amerson, A., & Shelton, P.C. (1976) The natural history of Johnston atoll, Central Pacific Ocean",Hemiptera,Pseudococcidae
"Ferrisia virgata (Cockerell, 1893)",Kure,"Butler, G.D., & Usinger, R.L. (1963) Insects and other arthropods from Kure Island",Hemiptera,Pseudococcidae
"Ferrisia virgata (Cockerell, 1893)",Kwajalein,"Sugerman, B.B. (1972) Insects and other arthropods from Kwajalein atoll (Marshall Islands)",Hemiptera,Pseudococcidae
"Ferrisia virgata (Cockerell, 1893)",Laysan,"Butler, G.D. (1961) Insects and other arthropods from Laysan Island",Hemiptera,Pseudococcidae
"Ferrisia virgata (Cockerell, 1893)",Majuro,"Beardsley, J.W. (1966) Insects of Micronesia - Homoptera: Coccoidea",Hemiptera,Pseudococcidae
"Ferrisia virgata (Cockerell, 1893)",Palmyra,"Handler, A.T., et al. (2007) Arthropod surveys on Palmyra Atoll, Line Islands, and insights into the decline of the native tree Pisonia grandis (Nycatginaceae)",Hemiptera,Pseudococcidae
"Ferrisia virgata (Cockerell, 1893)",Rangiroa,"Cocherau, P. (1966) Compte rendu d'une mission d'inventaire faunistique aux îles Gambier et Tuamotu (Avril - Mai 1966)",Hemiptera,Pseudococcidae
"Ferrisia virgata (Cockerell, 1893)",Rongelap,"Beardsley, J.W. (1966) Insects of Micronesia - Homoptera: Coccoidea",Hemiptera,Pseudococcidae
"Ferrisia virgata (Cockerell, 1893)",Ujelang,"Beardsley, J.W. (1966) Insects of Micronesia - Homoptera: Coccoidea",Hemiptera,Pseudococcidae
"Ferrisia virgata (Cockerell, 1893)",Wake,"Beardsley, J.W. (1966) Insects of Micronesia - Homoptera: Coccoidea",Hemiptera,Pseudococcidae
"Laminicoccus pandani (Cockerell, 1895)",Kapingamarangi,"Beardsley, J.W. (1966) Insects of Micronesia - Homoptera: Coccoidea",Hemiptera,Pseudococcidae
"Laminicoccus pandani (Cockerell, 1895)",Kwajalein,"Sugerman, B.B. (1972) Insects and other arthropods from Kwajalein atoll (Marshall Islands)",Hemiptera,Pseudococcidae
"Laminicoccus pandani (Cockerell, 1895)",Likiep,"Beardsley, J.W. (1966) Insects of Micronesia - Homoptera: Coccoidea",Hemiptera,Pseudococcidae
"Laminicoccus pandani (Cockerell, 1895)",Midway,"Nishida, G.M. & Beardsley, J.W. (2002) A review of the insects and related arthropods of Midway atoll",Hemiptera,Pseudococcidae
"Laminicoccus pandani (Cockerell, 1895)",Nomwin,"Beardsley, J.W. (1966) Insects of Micronesia - Homoptera: Coccoidea",Hemiptera,Pseudococcidae
"Laminicoccus pandani (Cockerell, 1895)",Ujelang,"Beardsley, J.W. (1966) Insects of Micronesia - Homoptera: Coccoidea",Hemiptera,Pseudococcidae
"Palmicultor palmarum (Ehrhorn, 1916)",Abariringa,"Beardsley, J.W. (1966) Insects of Micronesia - Homoptera: Coccoidea",Hemiptera,Pseudococcidae
"Palmicultor palmarum (Ehrhorn, 1916)",Kapingamarangi,"Beardsley, J.W. (1966) Insects of Micronesia - Homoptera: Coccoidea",Hemiptera,Pseudococcidae
"Palmicultor palmarum (Ehrhorn, 1916)",Kwajalein,"Sugerman, B.B. (1972) Insects and other arthropods from Kwajalein atoll (Marshall Islands)",Hemiptera,Pseudococcidae
"Palmicultor palmarum (Ehrhorn, 1916)",Likiep,"Beardsley, J.W. (1966) Insects of Micronesia - Homoptera: Coccoidea",Hemiptera,Pseudococcidae
"Palmicultor palmarum (Ehrhorn, 1916)",Midway,"Suehiro, A. (1960) Insects and other arthropods from Midway atoll",Hemiptera,Pseudococcidae
"Palmicultor palmarum (Ehrhorn, 1916)",Nomwin,"Beardsley, J.W. (1966) Insects of Micronesia - Homoptera: Coccoidea",Hemiptera,Pseudococcidae
"Palmicultor palmarum (Ehrhorn, 1916)",Rangiroa,"Cocherau, P. (1966) Compte rendu d'une mission d'inventaire faunistique aux îles Gambier et Tuamotu (Avril - Mai 1966)",Hemiptera,Pseudococcidae
"Palmicultor palmarum (Ehrhorn, 1916)",Ulithi,"Beardsley, J.W. (1966) Insects of Micronesia - Homoptera: Coccoidea",Hemiptera,Pseudococcidae
"Planococcus citri (Risso, 1813)",Aldabra,"Green, E.E. (1907) No. XII - Notes on the Coccidae collected by the Percy Sladen trust expedition to the Indian Ocean - supplemented by a collection received from Mr. R. Dupont",Hemiptera,Pseudococcidae
"Planococcus citri (Risso, 1813)",Diego Garcia,"Green, E.E. (1907) No. XII - Notes on the Coccidae collected by the Percy Sladen trust expedition to the Indian Ocean - supplemented by a collection received from Mr. R. Dupont",Hemiptera,Pseudococcidae
"Planococcus citri (Risso, 1813)",Farquhar,"Green, E.E. (1907) No. XII - Notes on the Coccidae collected by the Percy Sladen trust expedition to the Indian Ocean - supplemented by a collection received from Mr. R. Dupont",Hemiptera,Pseudococcidae
"Planococcus citri (Risso, 1813)",Johnston,"Binion Amerson, A., & Shelton, P.C. (1976) The natural history of Johnston atoll, Central Pacific Ocean",Hemiptera,Pseudococcidae
"Planococcus citri (Risso, 1813)",Kwajalein,"Sugerman, B.B. (1972) Insects and other arthropods from Kwajalein atoll (Marshall Islands)",Hemiptera,Pseudococcidae
"Planococcus citri (Risso, 1813)",Laysan,"Butler, G.D. (1961) Insects and other arthropods from Laysan Island",Hemiptera,Pseudococcidae
"Planococcus citri (Risso, 1813)",Midway,"Suehiro, A. (1960) Insects and other arthropods from Midway atoll",Hemiptera,Pseudococcidae
"Planococcus citri (Risso, 1813)",Nukunonu,"Hickley, A.D. (1969) Ecology of terrestrial arthropods of the Tokelau atolls",Hemiptera,Pseudococcidae
"Planococcus citri (Risso, 1813)",Palmyra,"Handler, A.T., et al. (2007) Arthropod surveys on Palmyra Atoll, Line Islands, and insights into the decline of the native tree Pisonia grandis (Nycatginaceae)",Hemiptera,Pseudococcidae
"Planococcus citri (Risso, 1813)",Rangiroa,"Cocherau, P. (1966) Compte rendu d'une mission d'inventaire faunistique aux îles Gambier et Tuamotu (Avril - Mai 1966)",Hemiptera,Pseudococcidae
Planococcus sp.,Majuro,"Nafus, D. (1991) Movement of new insects into the Carolines and Marshalls in recent years",Hemiptera,Pseudococcidae
"Phenacoccus madeirensis (Green, 1923)",Majuro,"Nafus, D. (1991) Movement of new insects into the Carolines and Marshalls in recent years",Hemiptera,Pseudococcidae
"Phenacoccus madeirensis (Green, 1923)",Midway,"Suehiro, A. (1960) Insects and other arthropods from Midway atoll",Hemiptera,Pseudococcidae
"Phenacoccus solani (Ferris, 1918)",Eniwetok,"Beardsley, J.W. (1966) Insects of Micronesia - Homoptera: Coccoidea",Hemiptera,Pseudococcidae
"Phenacoccus solani (Ferris, 1918)",Kwajalein,"Sugerman, B.B. (1972) Insects and other arthropods from Kwajalein atoll (Marshall Islands)",Hemiptera,Pseudococcidae
"Phenacoccus solani (Ferris, 1918)",Midway,"Nishida, G.M. & Beardsley, J.W. (2002) A review of the insects and related arthropods of Midway atoll",Hemiptera,Pseudococcidae
"Pseudococcus cryptus (Hempel, 1918)",Diego Garcia,"Hutson, A.M. (1981) A preliminary list of insects of Diego Garcia Atoll, Chagos Archipelago",Hemiptera,Pseudococcidae
"Pseudococcus insularis (Morrison, 1924)",Laysan,"Asquith, A. (1994) The arthropod fauna of Laysan Island",Hemiptera,Pseudococcidae
"Pseudococcus longispinus (Targioni Tozzetti, 1867)",Abariringa,"Degener, O., & Gillaspy, E. (1955) Canton Island, South Pacific",Hemiptera,Pseudococcidae
"Pseudococcus longispinus (Targioni Tozzetti, 1867)",Rangiroa,"Cocherau, P. (1966) Compte rendu d'une mission d'inventaire faunistique aux îles Gambier et Tuamotu (Avril - Mai 1966)",Hemiptera,Pseudococcidae
"Pseudococcus marshallensis (Beardsley, 1966)",Jaluit,"Beardsley, J.W. (1966) Insects of Micronesia - Homoptera: Coccoidea",Hemiptera,Pseudococcidae
"Pseudococcus microadonidum (Beardsley, 1966)",Arno,"Beardsley, J.W. (1966) Insects of Micronesia - Homoptera: Coccoidea",Hemiptera,Pseudococcidae
"Pseudococcus microadonidum (Beardsley, 1966)",Eniwetok,"Beardsley, J.W. (1966) Insects of Micronesia - Homoptera: Coccoidea",Hemiptera,Pseudococcidae
"Pseudococcus microadonidum (Beardsley, 1966)",Jaluit,"Beardsley, J.W. (1966) Insects of Micronesia - Homoptera: Coccoidea",Hemiptera,Pseudococcidae
"Pseudococcus microadonidum (Beardsley, 1966)",Kwajalein,"Sugerman, B.B. (1972) Insects and other arthropods from Kwajalein atoll (Marshall Islands)",Hemiptera,Pseudococcidae
"Pseudococcus microadonidum (Beardsley, 1966)",Likiep,"Beardsley, J.W. (1966) Insects of Micronesia - Homoptera: Coccoidea",Hemiptera,Pseudococcidae
"Pseudococcus microadonidum (Beardsley, 1966)",Majuro,"Beardsley, J.W. (1966) Insects of Micronesia - Homoptera: Coccoidea",Hemiptera,Pseudococcidae
"Pseudococcus microadonidum (Beardsley, 1966)",Wotho,"Beardsley, J.W. (1966) Insects of Micronesia - Homoptera: Coccoidea",Hemiptera,Pseudococcidae
"Pseudococcus neomaritimus (Beardsley, 1966)",Majuro,"Beardsley, J.W. (1966) Insects of Micronesia - Homoptera: Coccoidea, supplement",Hemiptera,Pseudococcidae
"Pseudococcus orchidicola (Takahashi, 1939)",Ailuk,"Beardsley, J.W. (1966) Insects of Micronesia - Homoptera: Coccoidea",Hemiptera,Pseudococcidae
"Pseudococcus orchidicola (Takahashi, 1939)",Arno,"Beardsley, J.W. (1966) Insects of Micronesia - Homoptera: Coccoidea",Hemiptera,Pseudococcidae
"Pseudococcus orchidicola (Takahashi, 1939)",Jaluit,"Beardsley, J.W. (1966) Insects of Micronesia - Homoptera: Coccoidea",Hemiptera,Pseudococcidae
"Pseudococcus orchidicola (Takahashi, 1939)",Kwajalein,"Sugerman, B.B. (1972) Insects and other arthropods from Kwajalein atoll (Marshall Islands)",Hemiptera,Pseudococcidae
"Pseudococcus orchidicola (Takahashi, 1939)",Likiep,"Beardsley, J.W. (1966) Insects of Micronesia - Homoptera: Coccoidea",Hemiptera,Pseudococcidae
"Pseudococcus orchidicola (Takahashi, 1939)",Majuro,"Beardsley, J.W. (1966) Insects of Micronesia - Homoptera: Coccoidea",Hemiptera,Pseudococcidae
"Pseudococcus orchidicola (Takahashi, 1939)",Ujae,"Beardsley, J.W. (1966) Insects of Micronesia - Homoptera: Coccoidea",Hemiptera,Pseudococcidae
"Pseudococcus orchidicola (Takahashi, 1939)",Utirik,"Beardsley, J.W. (1966) Insects of Micronesia - Homoptera: Coccoidea",Hemiptera,Pseudococcidae
"Pseudococcus orchidicola (Takahashi, 1939)",Wotho,"Beardsley, J.W. (1966) Insects of Micronesia - Homoptera: Coccoidea",Hemiptera,Pseudococcidae
Pseudococcus sp.,Laysan,"Butler, G.D. (1961) Insects and other arthropods from Laysan Island",Hemiptera,Pseudococcidae
Pseudococcus sp.,Nukunonu,"Hickley, A.D. (1969) Ecology of terrestrial arthropods of the Tokelau atolls",Hemiptera,Pseudococcidae
"Saccharicoccus sacchari (Cockerell, 1895)",South Keeling,"Bellis, G.A., et al. (2004) Records of insect pests on Christmas Island and the Cocos (Keeling) Islands, Indian Ocean",Hemiptera,Pseudococcidae
"Saccharicoccus sacchari (Cockerell, 1895)",Rangiroa,"Cocherau, P. (1966) Compte rendu d'une mission d'inventaire faunistique aux îles Gambier et Tuamotu (Avril - Mai 1966)",Hemiptera,Pseudococcidae
"Saccharicoccus sacchari (Cockerell, 1895)",Ulithi,"Beardsley, J.W. (1966) Insects of Micronesia - Homoptera: Coccoidea",Hemiptera,Pseudococcidae
"Trionymus insularis (Ehrhorn, 1916)",Laysan,"Butler, G.D. (1961) Insects and other arthropods from Laysan Island",Hemiptera,Pseudococcidae
"Trionymus insularis (Ehrhorn, 1916)",Pearl and Hermes,"Beardsley, J.W. (1966) Insects and other terrestrial arthropods from the Leeward Hawaiian Islands",Hemiptera,Pseudococcidae
"Heteropsylla cubana (Crawford, 1914)",Johnston,"Rash, R. (2020) Checklist and images documenting the biodiversity of Johnston Atoll National Wildlife Refuge",Hemiptera,Psyllidae
Heteropsylla sp.,Midway,"Nishida, G.M. & Beardsley, J.W. (2002) A review of the insects and related arthropods of Midway atoll",Hemiptera,Psyllidae
"Insnesia glabrascuta (Caldwell, 1942)",Ulithi,"Tuthill, L.D. (1964) Insects of Micronesia - Homoptera: Psyllidae",Hemiptera,Psyllidae
"Dysdercus fasciatus (Signoret, 1861)",Aldabra,"Distant, W.L. (1913) No. IX - Rhynchota - Part I: suborder Heteroptera",Hemiptera,Pyrrhocoridae
"Dysdercus fasciatus (Signoret, 1861)",Cosmoledo,"Distant, W.L. (1913) No. IX - Rhynchota - Part I: suborder Heteroptera",Hemiptera,Pyrrhocoridae
"Scantius forsteri (Fabricius, 1781)",Astove,"Distant, W.L. (1913) No. IX - Rhynchota - Part I: suborder Heteroptera",Hemiptera,Pyrrhocoridae
"Scantius forsteri (Fabricius, 1781)",Cosmoledo,"Distant, W.L. (1913) No. IX - Rhynchota - Part I: suborder Heteroptera",Hemiptera,Pyrrhocoridae
"Scantius forsteri (Fabricius, 1781)",Farquhar,"Distant, W.L. (1913) No. IX - Rhynchota - Part I: suborder Heteroptera",Hemiptera,Pyrrhocoridae
"Empicoris rubromaculatus (Blackburn, 1888)",Laysan,"Butler, G.D. (1961) Insects and other arthropods from Laysan Island",Hemiptera,Reduviidae
"Empicoris rubromaculatus (Blackburn, 1888)",Midway,"Suehiro, A. (1960) Insects and other arthropods from Midway atoll",Hemiptera,Reduviidae
"Empicoris cf. whitei (Blackburn, 1881)",Midway,"Suehiro, A. (1960) Insects and other arthropods from Midway atoll",Hemiptera,Reduviidae
Harpactor sp.,Aldabra,"Linell, M.L. (1897) On the insects collected by Doctor Abbott on the Seycelles, Aldabra, Glorioso and Providence Islands",Hemiptera,Reduviidae
"Physoderes insulanus (Miller, 1940)",South Keeling,"Gibson-Hill, C.A. (1950) Hemiptera collected on the Cocos-Keeling Islands, January-October, 1941",Hemiptera,Reduviidae
"Ploiaria insolida (White, 1877)",Arno,"Wygodzinsky, P., & Usinger, R.L. (1960) Insects of Micronesia - Heteroptera: Reduviidae",Hemiptera,Reduviidae
Ploiaria sp.,Takapoto,"Rivière, F. (1979) La vie animale terrestre à Takapoto",Hemiptera,Reduviidae
"Zelus renardii (Kolenati, 1857)",Johnston,"Binion Amerson, A., & Shelton, P.C. (1976) The natural history of Johnston atoll, Central Pacific Ocean",Hemiptera,Reduviidae
"Zelus renardii (Kolenati, 1857)",Midway,"Suehiro, A. (1960) Insects and other arthropods from Midway atoll",Hemiptera,Reduviidae
"Leptocoris hexophthalmus (Thunberg, 1784)",Aldabra,"Distant, W.L. (1913) No. IX - Rhynchota - Part I: suborder Heteroptera",Hemiptera,Rhopalidae
"Leptocoris hexophthalmus (Thunberg, 1784)",Cosmoledo,"Distant, W.L. (1913) No. IX - Rhynchota - Part I: suborder Heteroptera",Hemiptera,Rhopalidae
"Leptocoris isolata (Distant, 1914)",Arno,"Gross, F.R. (1963) Insects of Micronesia - Coreidae (Alydini by J.C. Schaffner), Neididae, and Nabidae",Hemiptera,Rhopalidae
"Leptocoris isolata (Distant, 1914)",Jaluit,"Gross, F.R. (1963) Insects of Micronesia - Coreidae (Alydini by J.C. Schaffner), Neididae, and Nabidae",Hemiptera,Rhopalidae
"Leptocoris isolata (Distant, 1914)",Kwajalein,"Sugerman, B.B. (1972) Insects and other arthropods from Kwajalein atoll (Marshall Islands)",Hemiptera,Rhopalidae
"Leptocoris isolata (Distant, 1914)",Majuro,"Gross, F.R. (1963) Insects of Micronesia - Coreidae (Alydini by J.C. Schaffner), Neididae, and Nabidae",Hemiptera,Rhopalidae
"Leptocoris vicinus (Dallas, 1852)",Ngcheangel,"Gross, F.R. (1963) Insects of Micronesia - Coreidae (Alydini by J.C. Schaffner), Neididae, and Nabidae",Hemiptera,Rhopalidae
"Leptocoris vicinus (Dallas, 1852)",Ulithi,"Gross, F.R. (1963) Insects of Micronesia - Coreidae (Alydini by J.C. Schaffner), Neididae, and Nabidae",Hemiptera,Rhopalidae
Leptocoris sp.,Kwajalein,"Sugerman, B.B. (1972) Insects and other arthropods from Kwajalein atoll (Marshall Islands)",Hemiptera,Rhopalidae
"Liorhyssus hyalinus (Fabricius, 1794)",Clipperton,"Garrouste, R., & Hervé, C. (2009) La faune des insectes (Insecta s.l.) de l'atoll de Clipperton",Hemiptera,Rhopalidae
"Liorhyssus hyalinus (Fabricius, 1794)",Eniwetok,"Gross, F.R. (1963) Insects of Micronesia - Coreidae (Alydini by J.C. Schaffner), Neididae, and Nabidae",Hemiptera,Rhopalidae
"Liorhyssus hyalinus (Fabricius, 1794)",Midway,"Suehiro, A. (1960) Insects and other arthropods from Midway atoll",Hemiptera,Rhopalidae
"Liorhyssus hyalinus (Fabricius, 1794)",Ulithi,"Gross, F.R. (1963) Insects of Micronesia - Coreidae (Alydini by J.C. Schaffner), Neididae, and Nabidae",Hemiptera,Rhopalidae
Liorhyssus sp.,Takapoto,"Rivière, F. (1979) La vie animale terrestre à Takapoto",Hemiptera,Rhopalidae
"Clerada apicicornis (Signoret, 1863)",South Keeling,"Gibson-Hill, C.A. (1950) Hemiptera collected on the Cocos-Keeling Islands, January-October, 1941",Hemiptera,Rhyparochromidae
"Dieuches annulatus (Signoret, 1860)",Farquhar,"Distant, W.L. (1913) No. IX - Rhynchota - Part I: suborder Heteroptera",Hemiptera,Rhyparochromidae
"Dieuches placidus (Stal, 1865)",Aldabra,"Distant, W.L. (1913) No. IX - Rhynchota - Part I: suborder Heteroptera",Hemiptera,Rhyparochromidae
"Elasmolomus v-album (Stal, 1859)",South Keeling,"Gibson-Hill, C.A. (1950) Hemiptera collected on the Cocos-Keeling Islands, January-October, 1941",Hemiptera,Rhyparochromidae
"Lachnophorus guttulatus (Reuter, 1887)",Aldabra,"Distant, W.L. (1913) No. IX - Rhynchota - Part I: suborder Heteroptera",Hemiptera,Rhyparochromidae
"Lethaeus stellatus (Distant, 1913)",Aldabra,"Distant, W.L. (1913) No. IX - Rhynchota - Part I: suborder Heteroptera",Hemiptera,Rhyparochromidae
"Lethaeus stellatus (Distant, 1913)",Cosmoledo,"Distant, W.L. (1913) No. IX - Rhynchota - Part I: suborder Heteroptera",Hemiptera,Rhyparochromidae
"Pamerarma ventralis (China, 1930)",Kapingamarangi,"Niering, W. A. (1963) Terrestrial ecology of Kapingamarangi atoll, Caroline Islands",Hemiptera,Rhyparochromidae
"Pseudopachybrachius guttus (Dallas, 1852)",Arno,"Usinger, R.L., & la Rivers, I. (1953) The insect life of Arno",Hemiptera,Rhyparochromidae
"Pseudopachybrachius guttus (Dallas, 1852)",Lukunor,"Barber, H.G. (1958) Insects of Micronesia - Heteroptera: Lygaeidae",Hemiptera,Rhyparochromidae
"Pseudopachybrachius guttus (Dallas, 1852)",Majuro,"Usinger, R.L. (1951) Heteroptera of the Marshall Islands",Hemiptera,Rhyparochromidae
"Pseudopachybrachius guttus (Dallas, 1852)",Namoluk,"Barber, H.G. (1958) Insects of Micronesia - Heteroptera: Lygaeidae",Hemiptera,Rhyparochromidae
"Pseudopachybrachius guttus (Dallas, 1852)",Ngcheangel,"Barber, H.G. (1958) Insects of Micronesia - Heteroptera: Lygaeidae",Hemiptera,Rhyparochromidae
"Pseudopachybrachius guttus (Dallas, 1852)",Nukunonu,"Hickley, A.D. (1969) Ecology of terrestrial arthropods of the Tokelau atolls",Hemiptera,Rhyparochromidae
"Pseudopachybrachius guttus (Dallas, 1852)",Ulithi,"Barber, H.G. (1958) Insects of Micronesia - Heteroptera: Lygaeidae",Hemiptera,Rhyparochromidae
"Remaudiereana nigriceps (Dallas, 1852)",Arno,"Usinger, R.L., & la Rivers, I. (1953) The insect life of Arno",Hemiptera,Rhyparochromidae
"Remaudiereana nigriceps (Dallas, 1852)",South Keeling,"Gibson-Hill, C.A. (1950) Hemiptera collected on the Cocos-Keeling Islands, January-October, 1941",Hemiptera,Rhyparochromidae
"Remaudiereana nigriceps (Dallas, 1852)",Eniwetok,"Barber, H.G. (1958) Insects of Micronesia - Heteroptera: Lygaeidae",Hemiptera,Rhyparochromidae
"Remaudiereana nigriceps (Dallas, 1852)",Jaluit,"Barber, H.G. (1958) Insects of Micronesia - Heteroptera: Lygaeidae",Hemiptera,Rhyparochromidae
"Remaudiereana nigriceps (Dallas, 1852)",Kwajalein,"Sugerman, B.B. (1972) Insects and other arthropods from Kwajalein atoll (Marshall Islands)",Hemiptera,Rhyparochromidae
"Remaudiereana nigriceps (Dallas, 1852)",Likiep,"Barber, H.G. (1958) Insects of Micronesia - Heteroptera: Lygaeidae",Hemiptera,Rhyparochromidae
"Remaudiereana nigriceps (Dallas, 1852)",Majuro,"Barber, H.G. (1958) Insects of Micronesia - Heteroptera: Lygaeidae",Hemiptera,Rhyparochromidae
"Remaudiereana nigriceps (Dallas, 1852)",Ulithi,"Barber, H.G. (1958) Insects of Micronesia - Heteroptera: Lygaeidae",Hemiptera,Rhyparochromidae
"Armacia clara (Stal, 1859)",Lukunor,"Fennah, R.G. (1956) Insects of Micronesia - Homoptera: Fulgoroidea",Hemiptera,Ricaniidae
"Armacia clara (Stal, 1859)",Nomwin,"Fennah, R.G. (1956) Insects of Micronesia - Homoptera: Fulgoroidea",Hemiptera,Ricaniidae
"Armacia clara (Stal, 1859)",Satawan,"Fennah, R.G. (1956) Insects of Micronesia - Homoptera: Fulgoroidea",Hemiptera,Ricaniidae
"Armacia simaethis (Fennah, 1956)",Ngcheangel,"Fennah, R.G. (1956) Insects of Micronesia - Homoptera: Fulgoroidea",Hemiptera,Ricaniidae
"Deferundata aldabrana (Distant, 1917)",Aldabra,"Frith, D.W. (1979) A list of insects caught in light traps on West Island, Aldabra Atoll, Indian Ocean",Hemiptera,Ricaniidae
"Neoprivesa fuscovaria (Distant, 1917)",Aldabra,"Webb, M.D. (1975) Fulgoroidea from Aldabra, Astove, and Cosmoledo atolls, collected by the Royal Society Expedition 1967-68 (Hemiptera-Homoptera)",Hemiptera,Ricaniidae
"Neoprivesa fuscovaria (Distant, 1917)",Cosmoledo,"Webb, M.D. (1975) Fulgoroidea from Aldabra, Astove, and Cosmoledo atolls, collected by the Royal Society Expedition 1967-68 (Hemiptera-Homoptera)",Hemiptera,Ricaniidae
"Osaka hyalina (Distant, 1909)",Aldabra,"Webb, M.D. (1975) Fulgoroidea from Aldabra, Astove, and Cosmoledo atolls, collected by the Royal Society Expedition 1967-68 (Hemiptera-Homoptera)",Hemiptera,Ricaniidae
"Osaka hyalina (Distant, 1909)",Astove,"Webb, M.D. (1975) Fulgoroidea from Aldabra, Astove, and Cosmoledo atolls, collected by the Royal Society Expedition 1967-68 (Hemiptera-Homoptera)",Hemiptera,Ricaniidae
"Osaka hyalina (Distant, 1909)",Cosmoledo,"Webb, M.D. (1975) Fulgoroidea from Aldabra, Astove, and Cosmoledo atolls, collected by the Royal Society Expedition 1967-68 (Hemiptera-Homoptera)",Hemiptera,Ricaniidae
"Osaka relata (Distant, 1909)",Aldabra,"Webb, M.D. (1975) Fulgoroidea from Aldabra",Hemiptera,Ricaniidae
"Pochazoides tibialis (Signoret, 1860)",Glorioso,"Paulian, R. (1989) Les insectes des Îles Glorieuses",Hemiptera,Ricaniidae
"Privesa fryeri (Distant, 1917)",Aldabra,"Frith, D.W. (1979) A list of insects caught in light traps on West Island, Aldabra Atoll, Indian Ocean",Hemiptera,Ricaniidae
"Privesa punctifrons (Signoret, 1860)",Aldabra,"Webb, M.D. (1975) Fulgoroidea from Aldabra, Astove, and Cosmoledo atolls, collected by the Royal Society Expedition 1967-68 (Hemiptera-Homoptera)",Hemiptera,Ricaniidae
"Privesa punctifrons (Signoret, 1860)",Astove,"Webb, M.D. (1975) Fulgoroidea from Aldabra, Astove, and Cosmoledo atolls, collected by the Royal Society Expedition 1967-68 (Hemiptera-Homoptera)",Hemiptera,Ricaniidae
"Privesa punctifrons (Signoret, 1860)",Cosmoledo,"Webb, M.D. (1975) Fulgoroidea from Aldabra, Astove, and Cosmoledo atolls, collected by the Royal Society Expedition 1967-68 (Hemiptera-Homoptera)",Hemiptera,Ricaniidae
"Salduncula seychellensis (Brown, 1954)",Aldabra,"Polhemus, D.A. (1990) Heteroptera of Aldabra atoll and nearby islands, Western Indian Ocean, Part 1: Marine Heteroptera (Insecta)",Hemiptera,Saldidae
"Salduncula seychellensis (Brown, 1954)",Cosmoledo,"Polhemus, D.A. (1990) Heteroptera of Aldabra atoll and nearby islands, Western Indian Ocean, Part 1: Marine Heteroptera (Insecta)",Hemiptera,Saldidae
"Dicranocephalus punctipes (Stal, 1873)",Aldabra,"Frith, D.W. (1979) A list of insects caught in light traps on West Island, Aldabra Atoll, Indian Ocean",Hemiptera,Stenocephalidae
"Corythucha morrilli (Osborn & Drake, 1917)",Midway,"Nishida, G.M. & Beardsley, J.W. (2002) A review of the insects and related arthropods of Midway atoll",Hemiptera,Tingidae
"Leptynoptera sulfurea (Crawford, 1919)",South Keeling,"Neville, P.J., Burckhardt, D., & Yen, A.L. (2015) First record of the psyllid Leptynoptera sulfurea Crawford (Hemiptera: Psylloidea: Triozidae) from the Cocos (Keeling) Islands",Hemiptera,Triozidae
"Leptynoptera sulfurea (Crawford, 1919)",Diego Garcia,"Hutson, A.M. (1981) A preliminary list of insects of Diego Garcia Atoll, Chagos Archipelago",Hemiptera,Triozidae
"Leptynoptera sulfurea (Crawford, 1919)",Ngcheangel,"Tuthill, L.D. (1964) Insects of Micronesia - Homoptera: Psyllidae",Hemiptera,Triozidae
"Leptovanua telamon (Fennah, 1956)",Ngcheangel,"Fennah, R.G. (1956) Insects of Micronesia - Homoptera: Fulgoroidea",Hemiptera,Tropiduchidae
"Numicia dorsalis (Jacobi, 1917)",Glorioso,"Paulian, R. (1989) Les insectes des Îles Glorieuses",Hemiptera,Tropiduchidae
"Numicia punctula (Melichar, 1914)",Aldabra,"Webb, M.D. (1975) Fulgoroidea from Aldabra, Astove, and Cosmoledo atolls, collected by the Royal Society Expedition 1967-68 (Hemiptera-Homoptera)",Hemiptera,Tropiduchidae
"Swezeyaria viridana (Metcalf, 1946)",Nomwin,"Fennah, R.G. (1971) Insects of Micronesia - Homoptera: Fulgoroidea, supplement",Hemiptera,Tropiduchidae
"Trienopa typica (Distant, 1911)",Aldabra,"Webb, M.D. (1975) Fulgoroidea from Aldabra, Astove, and Cosmoledo atolls, collected by the Royal Society Expedition 1967-68 (Hemiptera-Homoptera)",Hemiptera,Tropiduchidae
"Trienopa typica (Distant, 1911)",Astove,"Webb, M.D. (1975) Fulgoroidea from Aldabra, Astove, and Cosmoledo atolls, collected by the Royal Society Expedition 1967-68 (Hemiptera-Homoptera)",Hemiptera,Tropiduchidae
"Trienopa typica (Distant, 1911)",Cosmoledo,"Webb, M.D. (1975) Fulgoroidea from Aldabra, Astove, and Cosmoledo atolls, collected by the Royal Society Expedition 1967-68 (Hemiptera-Homoptera)",Hemiptera,Tropiduchidae
"Halovelia bergrothi (Esaki, 1926)",Majuro,"Usinger, R.L. (1951) Heteroptera of the Marshall Islands",Hemiptera,Veliidae
"Halovelia seychellensis (Anderson, 1989)",Aldabra,"Polhemus, D.A. (1990) Heteroptera of Aldabra atoll and nearby islands, Western Indian Ocean, Part 1: Marine Heteroptera (Insecta)",Hemiptera,Veliidae
"Halovelia seychellensis (Anderson, 1989)",Cosmoledo,"Polhemus, D.A. (1990) Heteroptera of Aldabra atoll and nearby islands, Western Indian Ocean, Part 1: Marine Heteroptera (Insecta)",Hemiptera,Veliidae
Halovelia sp.,Arno,"Usinger, R.L., & la Rivers, I. (1953) The insect life of Arno",Hemiptera,Veliidae
"Microvelia leveillei (Lethierry, 1877)",Aldabra,"Polhemus, D.A. (1993) The Heteroptera of Aldabra atoll and nearby islands, Western Indian Ocean, Part 2: Freshwater Heteroptera",Hemiptera,Veliidae
"Microvelia leveillei (Lethierry, 1877)",Cosmoledo,"Polhemus, D.A. (1993) The Heteroptera of Aldabra atoll and nearby islands, Western Indian Ocean, Part 2: Freshwater Heteroptera",Hemiptera,Veliidae
"Stenocaecilius analis (Banks, 1931)",Arno,"Thornton, I.W.B., Lee, S.S., & Chui, W.D. (1972) Insects of Micronesia - Psocoptera",Psocodea,Caeciliusidae
"Stenocaecilius analis (Banks, 1931)",Lae,"Thornton, I.W.B., Lee, S.S., & Chui, W.D. (1972) Insects of Micronesia - Psocoptera",Psocodea,Caeciliusidae
"Stenocaecilius casarum (Badonnel, 1931)",Eniwetok,"Thornton, I.W.B., Lee, S.S., & Chui, W.D. (1972) Insects of Micronesia - Psocoptera",Psocodea,Caeciliusidae
"Stenocaecilius casarum (Badonnel, 1931)",Kwajalein,"Sugerman, B.B. (1979) Additions to the list of insects and other arthropods from Kwajalein atoll (Marshall Islands)",Psocodea,Caeciliusidae
"Stenocaecilius casarum (Badonnel, 1931)",Majuro,"Thornton, I.W.B., Lee, S.S., & Chui, W.D. (1972) Insects of Micronesia - Psocoptera",Psocodea,Caeciliusidae
"Stenocaecilius casarum (Badonnel, 1931)",Ulithi,"Thornton, I.W.B., Lee, S.S., & Chui, W.D. (1972) Insects of Micronesia - Psocoptera",Psocodea,Caeciliusidae
"Stenocaecilius turneri (New, 1977)",Aldabra,"New, T.R. (1977) Psocoptera from Aldabra and the Chagos archipelago",Psocodea,Caeciliusidae
"Stenocaecilius turneri (New, 1977)",Astove,"New, T.R. (1977) Psocoptera from Aldabra and the Chagos archipelago",Psocodea,Caeciliusidae
"Stenocaecilius turneri (New, 1977)",Diego Garcia,"New, T.R. (1977) Psocoptera from Aldabra and the Chagos archipelago",Psocodea,Caeciliusidae
"Valenzuela astovensis (New, 1977)",Astove,"New, T.R. (1977) Psocoptera from Aldabra and the Chagos archipelago",Psocodea,Caeciliusidae
"Valenzuela kraussi (Thornton, Lee & Chui, 1972)",Ulithi,"Thornton, I.W.B., Lee, S.S., & Chui, W.D. (1972) Insects of Micronesia - Psocoptera",Psocodea,Caeciliusidae
"Ectopsocopsis cryptomeriae (Enderlein, 1907)",Diego Garcia,"New, T.R. (1977) Psocoptera from Aldabra and the Chagos archipelago",Psocodea,Ectopsocidae
"Ectopsocus fullawayi (Enderlein, 1913)",Laysan,"Butler, G.D. (1961) Insects and other arthropods from Laysan Island",Psocodea,Ectopsocidae
"Ectopsocus fullawayi (Enderlein, 1913)",Oeno,"Thornton, I.W.B., Lee, S.S., & Chui, W.D. (1972) Insects of Micronesia - Psocoptera",Psocodea,Ectopsocidae
"Ectopsocus fullawayi (Enderlein, 1913)",Wake,"Thornton, I.W.B., Lee, S.S., & Chui, W.D. (1972) Insects of Micronesia - Psocoptera",Psocodea,Ectopsocidae
"Ectopsocus hirsutus (Thornton, 1962)",Aldabra,"New, T.R. (1977) Psocoptera from Aldabra and the Chagos archipelago",Psocodea,Ectopsocidae
"Ectopsocus hirsutus (Thornton, 1962)",Diego Garcia,"New, T.R. (1977) Psocoptera from Aldabra and the Chagos archipelago",Psocodea,Ectopsocidae
"Ectopsocus maculatus (Smithers, 1964)",Aldabra,"New, T.R. (1977) Psocoptera from Aldabra and the Chagos archipelago",Psocodea,Ectopsocidae
"Ectopsocus maindroni (Badonnel, 1935)",Aldabra,"New, T.R. (1977) Psocoptera from Aldabra and the Chagos archipelago",Psocodea,Ectopsocidae
"Ectopsocus maindroni (Badonnel, 1935)",Eniwetok,"Thornton, I.W.B., Lee, S.S., & Chui, W.D. (1972) Insects of Micronesia - Psocoptera",Psocodea,Ectopsocidae
"Ectopsocus maindroni (Badonnel, 1935)",Kwajalein,"Thornton, I.W.B., Lee, S.S., & Chui, W.D. (1972) Insects of Micronesia - Psocoptera",Psocodea,Ectopsocidae
"Ectopsocus maindroni (Badonnel, 1935)",Ujae,"Thornton, I.W.B., Lee, S.S., & Chui, W.D. (1972) Insects of Micronesia - Psocoptera",Psocodea,Ectopsocidae
"Ectopsocus ornatoides (Thornton & Wong, 1968)",Jaluit,"Thornton, I.W.B., Lee, S.S., & Chui, W.D. (1972) Insects of Micronesia - Psocoptera",Psocodea,Ectopsocidae
"Ectopsocus perkinsi (Banks, 1931)",Abariringa,"van Zwaluwenburg, R.H. (1955) The insects and certain other arthropods of Canton Island",Psocodea,Ectopsocidae
"Ectopsocus perkinsi (Banks, 1931)",Kure,"Butler, G.D., & Usinger, R.L. (1963) Insects and other arthropods from Kure Island",Psocodea,Ectopsocidae
"Ectopsocus perkinsi (Banks, 1931)",Midway,"Suehiro, A. (1960) Insects and other arthropods from Midway atoll",Psocodea,Ectopsocidae
"Ectopsocus spilotus (Thornton & Wong, 1968)",Arno,"Thornton, I.W.B., Lee, S.S., & Chui, W.D. (1972) Insects of Micronesia - Psocoptera",Psocodea,Ectopsocidae
"Ectopsocus spilotus (Thornton & Wong, 1968)",Majuro,"Thornton, I.W.B., Lee, S.S., & Chui, W.D. (1972) Insects of Micronesia - Psocoptera",Psocodea,Ectopsocidae
"Ectopsocus villosus (Thornton & Wong, 1968)",Jaluit,"Thornton, I.W.B., Lee, S.S., & Chui, W.D. (1972) Insects of Micronesia - Psocoptera",Psocodea,Ectopsocidae
Ectopsocus sp.,Glorioso,"Paulian, R. (1989) Les insectes des Îles Glorieuses",Psocodea,Ectopsocidae
Ectopsocus sp.,Nukunonu,"Hickley, A.D. (1969) Ecology of terrestrial arthropods of the Tokelau atolls",Psocodea,Ectopsocidae
Kilauella sp.,Laysan,"Butler, G.D. (1961) Insects and other arthropods from Laysan Island",Psocodea,Elipsocidae
"Hemipsocus africanus (Enderlein, 1907)",Aldabra,"New, T.R. (1977) Psocoptera from Aldabra and the Chagos archipelago",Psocodea,Hemipsocidae
"Hemipsocus chloroticus (Hagen, 1858)",Arno,"Thornton, I.W.B., Lee, S.S., & Chui, W.D. (1972) Insects of Micronesia - Psocoptera",Psocodea,Hemipsocidae
"Hemipsocus chloroticus (Hagen, 1858)",Ulithi,"Thornton, I.W.B., Lee, S.S., & Chui, W.D. (1972) Insects of Micronesia - Psocoptera",Psocodea,Hemipsocidae
"Cyptophania hirsuta (Banks, 1931)",Laysan,"Butler, G.D. (1961) Insects and other arthropods from Laysan Island",Psocodea,Lepidopsocidae
"Cyptophania marginata (Thornton, Lee & Chui, 1972)",Eniwetok,"Thornton, I.W.B., Lee, S.S., & Chui, W.D. (1972) Insects of Micronesia - Psocoptera",Psocodea,Lepidopsocidae
"Cyptophania marginata (Thornton, Lee & Chui, 1972)",Jaluit,"Thornton, I.W.B., Lee, S.S., & Chui, W.D. (1972) Insects of Micronesia - Psocoptera",Psocodea,Lepidopsocidae
"Cyptophania marginata (Thornton, Lee & Chui, 1972)",Tabuaeran,"Thornton, I.W.B., Lee, S.S., & Chui, W.D. (1972) Insects of Micronesia - Psocoptera",Psocodea,Lepidopsocidae
"Echmepteryx chagosensis (New, 1977)",Diego Garcia,"New, T.R. (1977) Psocoptera from Aldabra and the Chagos archipelago",Psocodea,Lepidopsocidae
"Echmepteryx falco (Badonnel, 1949)",Glorioso,"Paulian, R. (1989) Les insectes des Îles Glorieuses",Psocodea,Lepidopsocidae
"Echmepteryx humphreysi (New, 1977)",Aldabra,"New, T.R. (1977) Psocoptera from Aldabra and the Chagos archipelago",Psocodea,Lepidopsocidae
"Echmepteryx lunulata (Thornton, Lee & Chui, 1972)",Arno,"Thornton, I.W.B., Lee, S.S., & Chui, W.D. (1972) Insects of Micronesia - Psocoptera",Psocodea,Lepidopsocidae
"Echmepteryx lunulata (Thornton, Lee & Chui, 1972)",Diego Garcia,"New, T.R. (1977) Psocoptera from Aldabra and the Chagos archipelago",Psocodea,Lepidopsocidae
"Echmepteryx madagascariensis (Kolbe, 1855)",Diego Garcia,"New, T.R. (1977) Psocoptera from Aldabra and the Chagos archipelago",Psocodea,Lepidopsocidae
"Echmepteryx madagascariensis (Kolbe, 1855)",Glorioso,"Paulian, R. (1989) Les insectes des Îles Glorieuses",Psocodea,Lepidopsocidae
"Lepidopsocus pretiosus (Banks, 1942)",Arno,"Thornton, I.W.B., Lee, S.S., & Chui, W.D. (1972) Insects of Micronesia - Psocoptera",Psocodea,Lepidopsocidae
"Lepidopsocus pretiosus (Banks, 1942)",Jaluit,"Thornton, I.W.B., Lee, S.S., & Chui, W.D. (1972) Insects of Micronesia - Psocoptera",Psocodea,Lepidopsocidae
"Lepidopsocus pretiosus (Banks, 1942)",Pingelap,"Thornton, I.W.B., Lee, S.S., & Chui, W.D. (1972) Insects of Micronesia - Psocoptera",Psocodea,Lepidopsocidae
"Lepolepis cf. bicolor (Broadhead, 1955)",Glorioso,"Paulian, R. (1989) Les insectes des Îles Glorieuses",Psocodea,Lepidopsocidae
"Lepolepis pateriformis (New, 1977)",Aldabra,"New, T.R. (1977) Psocoptera from Aldabra and the Chagos archipelago",Psocodea,Lepidopsocidae
Nepticulomima sp.,Palmyra,"Krauss, N.L.H. (1953) Insects and other invertebrates from Palmyra atoll and Christmas Island",Psocodea,Lepidopsocidae
"Perientomum griseifrons (New, 1977)",Aldabra,"New, T.R. (1977) Psocoptera from Aldabra and the Chagos archipelago",Psocodea,Lepidopsocidae
"Perientomum notatum (New, 1977)",Diego Garcia,"New, T.R. (1977) Psocoptera from Aldabra and the Chagos archipelago",Psocodea,Lepidopsocidae
"Proentomum scottiana (Enderlein, 1931)",Diego Garcia,"New, T.R. (1977) Psocoptera from Aldabra and the Chagos archipelago",Psocodea,Lepidopsocidae
"Soa enderleini (New, 1977)",Diego Garcia,"New, T.R. (1977) Psocoptera from Aldabra and the Chagos archipelago",Psocodea,Lepidopsocidae
"Thylacella madagascariensis (Smithers, 1964)",Glorioso,"Paulian, R. (1989) Les insectes des Îles Glorieuses",Psocodea,Lepidopsocidae
"Myopsocus aldabrensis (New, 1977)",Aldabra,"New, T.R. (1977) Psocoptera from Aldabra and the Chagos archipelago",Psocodea,Myopsocidae
"Myopsocus punctatus (Thornton, Lee & Chui, 1972)",Jaluit,"Thornton, I.W.B., Lee, S.S., & Chui, W.D. (1972) Insects of Micronesia - Psocoptera",Psocodea,Myopsocidae
"Peripsocus ferrugineus (Thornton & Wong, 1968)",Kapingamarangi,"Thornton, I.W.B., Lee, S.S., & Chui, W.D. (1972) Insects of Micronesia - Psocoptera",Psocodea,Peripsocidae
"Peripsocus hutsoni (New, 1977)",Diego Garcia,"New, T.R. (1977) Psocoptera from Aldabra and the Chagos archipelago",Psocodea,Peripsocidae
"Peripsocus pauliani (Badonnel, 1949)",Kwajalein,"Thornton, I.W.B., Lee, S.S., & Chui, W.D. (1972) Insects of Micronesia - Psocoptera",Psocodea,Peripsocidae
"Peripsocus uncinatus (New, 1977)",Aldabra,"New, T.R. (1977) Psocoptera from Aldabra and the Chagos archipelago",Psocodea,Peripsocidae
"Peripsocus uncinatus (New, 1977)",Diego Garcia,"New, T.R. (1977) Psocoptera from Aldabra and the Chagos archipelago",Psocodea,Peripsocidae
"Haplophallus fenestristigma (Enderlein, 1931)",Aldabra,"New, T.R. (1977) Psocoptera from Aldabra and the Chagos archipelago",Psocodea,Philotarsidae
"Lobocaecilius fennecus (Lee & Thornton, 1967)",Satawan,"Thornton, I.W.B., Lee, S.S., & Chui, W.D. (1972) Insects of Micronesia - Psocoptera",Psocodea,Pseudocaeciliidae
"Lobocaecilius fennecus (Lee & Thornton, 1967)",Sorol,"Thornton, I.W.B., Lee, S.S., & Chui, W.D. (1972) Insects of Micronesia - Psocoptera",Psocodea,Pseudocaeciliidae
"Lobocaecilius fennecus (Lee & Thornton, 1967)",Ulithi,"Thornton, I.W.B., Lee, S.S., & Chui, W.D. (1972) Insects of Micronesia - Psocoptera",Psocodea,Pseudocaeciliidae
"Neocaecilius campanula (Lee & Thornton, 1967)",Kapingamarangi,"Thornton, I.W.B., Lee, S.S., & Chui, W.D. (1972) Insects of Micronesia - Psocoptera",Psocodea,Pseudocaeciliidae
"Neocaecilius campanula (Lee & Thornton, 1967)",Majuro,"Thornton, I.W.B., Lee, S.S., & Chui, W.D. (1972) Insects of Micronesia - Psocoptera",Psocodea,Pseudocaeciliidae
"Ptycta angulata (Thornton, Lee & Chui, 1972)",Eniwetok,"Thornton, I.W.B., Lee, S.S., & Chui, W.D. (1972) Insects of Micronesia - Psocoptera",Psocodea,Psocidae
"Ptycta angulata (Thornton, Lee & Chui, 1972)",Jaluit,"Thornton, I.W.B., Lee, S.S., & Chui, W.D. (1972) Insects of Micronesia - Psocoptera",Psocodea,Psocidae
"Ptycta angulata (Thornton, Lee & Chui, 1972)",Kwajalein,"Sugerman, B.B. (1972) Insects and other arthropods from Kwajalein atoll (Marshall Islands)",Psocodea,Psocidae
"Ptycta angulata (Thornton, Lee & Chui, 1972)",Majuro,"Thornton, I.W.B., Lee, S.S., & Chui, W.D. (1972) Insects of Micronesia - Psocoptera",Psocodea,Psocidae
"Ptycta angulata (Thornton, Lee & Chui, 1972)",Taka,"Thornton, I.W.B., Lee, S.S., & Chui, W.D. (1972) Insects of Micronesia - Psocoptera",Psocodea,Psocidae
"Ptycta angulata (Thornton, Lee & Chui, 1972)",Ujae,"Thornton, I.W.B., Lee, S.S., & Chui, W.D. (1972) Insects of Micronesia - Psocoptera",Psocodea,Psocidae
"Ptycta cogani (New, 1977)",Aldabra,"New, T.R. (1977) Psocoptera from Aldabra and the Chagos archipelago",Psocodea,Psocidae
"Ptycta oceanica (New, 1977)",Aldabra,"New, T.R. (1977) Psocoptera from Aldabra and the Chagos archipelago",Psocodea,Psocidae
"Eosilla denervosa (Enderlein, 1912)",Aldabra,"New, T.R. (1977) Psocoptera from Aldabra and the Chagos archipelago",Psocodea,Psoquillidae
"Psocathropos pilipennis (Enderlein, 1931)",Aldabra,"New, T.R. (1977) Psocoptera from Aldabra and the Chagos archipelago",Psocodea,Psyllipsocidae
Cerobasis sp.,Laysan,"Butler, G.D., & Usinger, R.L. (1963) Insects and other invertebrates from Laysan Island",Psocodea,Trogiidae
"Allotriozoon heterandromorphum (Grandi, 1916)",Aldabra,"Wiebes, J.T. (1975) The fig insects from Aldabra (Hymenoptera, Chalcidoidea)",Hymenoptera,Agaonidae
"Elisabethiella reflexa (Wiebes, 1975)",Aldabra,"Wiebes, J.T. (1975) The fig insects from Aldabra (Hymenoptera, Chalcidoidea)",Hymenoptera,Agaonidae
"Lachaisea orientalis (Wiebes, 1975)",Aldabra,"Wiebes, J.T. (1975) The fig insects from Aldabra (Hymenoptera, Chalcidoidea)",Hymenoptera,Agaonidae
"Nigeriella avicola (Wiebes, 1975)",Aldabra,"Wiebes, J.T. (1975) The fig insects from Aldabra (Hymenoptera, Chalcidoidea)",Hymenoptera,Agaonidae
"Philocaenus cf. silvestrii (Grandi, 1916)",Aldabra,"Wiebes, J.T. (1975) The fig insects from Aldabra (Hymenoptera, Chalcidoidea)",Hymenoptera,Agaonidae
"Pleistodontes froggatti (Mayr, 1906)",Midway,"Nishida, G.M. & Beardsley, J.W. (2002) A review of the insects and related arthropods of Midway atoll",Hymenoptera,Agaonidae
"Sycosapter caelebs (Wiebes, 1975)",Aldabra,"Wiebes, J.T. (1975) The fig insects from Aldabra (Hymenoptera, Chalcidoidea)",Hymenoptera,Agaonidae
"Ampulex compressa (Fabricius, 1781)",Diego Garcia,"Barnett, L.K., & Emms, C. (1996) An annotated checklist of the Chagos archipelago terrestrial fauna (omitting birds) recorded during the 1996 'Friends of the Chagos' expedition",Hymenoptera,Ampulicidae
"Ampulex compressa (Fabricius, 1781)",Midway,"Suehiro, A. (1960) Insects and other arthropods from Midway atoll",Hymenoptera,Ampulicidae
Ampulex sp.,Onotoa,"Moul, E.T. (1954) Preliminary report on land animals at Onotoa atoll, Gilbert Islands",Hymenoptera,Ampulicidae
"Dolichurus stantoni (Ashmead, 1904)",Kiritimati,"Krauss, N.L.H. (1953) Insects and other invertebrates from Palmyra atoll and Christmas Island",Hymenoptera,Ampulicidae
"Dolichurus stantoni (Ashmead, 1904)",Midway,"Suehiro, A. (1960) Insects and other arthropods from Midway atoll",Hymenoptera,Ampulicidae
"Amegilla antimena (Saussure, 1890)",Aldabra,"Cockerell, T.D.A. (1912) No. II - Hymenoptera, Apoidea",Hymenoptera,Apidae
"Apis mellifera (L., 1758)",Cosmoledo,"Cockerell, T.D.A. (1912) No. II - Hymenoptera, Apoidea",Hymenoptera,Apidae
"Apis mellifera (L., 1758)",Diego Garcia,"Barnett, L.K., & Emms, C. (1996) An annotated checklist of the Chagos archipelago terrestrial fauna (omitting birds) recorded during the 1996 'Friends of the Chagos' expedition",Hymenoptera,Apidae
"Ceratina arizonensis (Cockerell, 1898)",Midway,"Nishida, G.M. & Beardsley, J.W. (2002) A review of the insects and related arthropods of Midway atoll",Hymenoptera,Apidae
"Ceratina nyassensis (Strand, 1912)",Aldabra,"Cockerell, T.D.A. (1912) No. II - Hymenoptera, Apoidea",Hymenoptera,Apidae
"Ceratina palauensis (Yasumatsu, 1939)",Ulithi,"Krombein, K.V. (1950) The Aculeate Hymenoptera of Micronesia - II. Colletidae, Halictidae, Megachilidae and Apidae",Hymenoptera,Apidae
"Xylocopa sonorina (Smith, 1874)",Eniwetok,"Samuelson, G.A., & Nishida, G.M. (1987) Insects and allies (arthropods) of Enewetak atoll",Hymenoptera,Apidae
"Xylocopa sonorina (Smith, 1874)",Johnston,"Rash, R. (2020) Checklist and images documenting the biodiversity of Johnston Atoll National Wildlife Refuge",Hymenoptera,Apidae
"Xylocopa varipuncta (Patton, 1879)",Midway,"Suehiro, A. (1960) Insects and other arthropods from Midway atoll",Hymenoptera,Apidae
Xylocopa sp.,Diego Garcia,"Barnett, L.K., & Emms, C. (1996) An annotated checklist of the Chagos archipelago terrestrial fauna (omitting birds) recorded during the 1996 'Friends of the Chagos' expedition",Hymenoptera,Apidae
Epyris sp.,Midway,"Suehiro, A. (1960) Insects and other arthropods from Midway atoll",Hymenoptera,Bethylidae
Sclerodermus sp.,Kwajalein,"Sugerman, B.B. (1972) Insects and other arthropods from Kwajalein atoll (Marshall Islands)",Hymenoptera,Bethylidae
Sierola sp.,Midway,"Nishida, G.M. & Beardsley, J.W. (2002) A review of the insects and related arthropods of Midway atoll",Hymenoptera,Bethylidae
"Apanteles carpatus (Say, 1836)",Midway,"Suehiro, A. (1960) Insects and other arthropods from Midway atoll",Hymenoptera,Braconidae
Apanteles sp.,Pearl and Hermes,"Beardsley, J.W. (1966) Insects and other terrestrial arthropods from the Leeward Hawaiian Islands",Hymenoptera,Braconidae
Apanteles sp.,Rangiroa,"Cocherau, P. (1966) Compte rendu d'une mission d'inventaire faunistique aux îles Gambier et Tuamotu (Avril - Mai 1966)",Hymenoptera,Braconidae
"Chelonus blackburni (Cameron, 1886)",Kure,"Butler, G.D., & Usinger, R.L. (1963) Insects and other arthropods from Kure Island",Hymenoptera,Braconidae
"Chelonus blackburni (Cameron, 1886)",Laysan,"Butler, G.D. (1961) Insects and other arthropods from Laysan Island",Hymenoptera,Braconidae
"Chelonus blackburni (Cameron, 1886)",Midway,"Suehiro, A. (1960) Insects and other arthropods from Midway atoll",Hymenoptera,Braconidae
"Chelonus blackburni (Cameron, 1886)",Pearl and Hermes,"Beardsley, J.W. (1966) Insects and other terrestrial arthropods from the Leeward Hawaiian Islands",Hymenoptera,Braconidae
Chelonus sp.,Kwajalein,"Sugerman, B.B. (1979) Additions to the list of insects and other arthropods from Kwajalein atoll (Marshall Islands)",Hymenoptera,Braconidae
Chelonus sp.,Wake,"Bryan, E.H. (1926) Insects of Hawaii, Johnston Island and Wake Island",Hymenoptera,Braconidae
"Cotesia marginiventris (Cresson, 1865)",Kure,"Butler, G.D., & Usinger, R.L. (1963) Insects and other arthropods from Kure Island",Hymenoptera,Braconidae
"Cotesia marginiventris (Cresson, 1865)",Laysan,"Butler, G.D. (1961) Insects and other arthropods from Laysan Island",Hymenoptera,Braconidae
"Cotesia marginiventris (Cresson, 1865)",Midway,"Nishida, G.M. & Beardsley, J.W. (2002) A review of the insects and related arthropods of Midway atoll",Hymenoptera,Braconidae
"Cotesia vestalis (Haliday, 1834)",Midway,"Nishida, G.M. & Beardsley, J.W. (2002) A review of the insects and related arthropods of Midway atoll",Hymenoptera,Braconidae
"Lysiphlebus testaceipes (Cresson, 1880)",Midway,"Nishida, G.M. & Beardsley, J.W. (2002) A review of the insects and related arthropods of Midway atoll",Hymenoptera,Braconidae
Microplitis sp.,Kwajalein,"Sugerman, B.B. (1972) Insects and other arthropods from Kwajalein atoll (Marshall Islands)",Hymenoptera,Braconidae
"Parallorhogas pallidiceps (Perkins, 1910)",Midway,"Nishida, G.M. & Beardsley, J.W. (2002) A review of the insects and related arthropods of Midway atoll",Hymenoptera,Braconidae
"Phanerotomella hawaiiensis (Ashmead, 1901)",Midway,"Suehiro, A. (1960) Insects and other arthropods from Midway atoll",Hymenoptera,Braconidae
Phanerotoma sp.,Aldabra,"Frith, D.W. (1979) A list of insects caught in light traps on West Island, Aldabra Atoll, Indian Ocean",Hymenoptera,Braconidae
"Rhaconotus vagrans (Bridwell, 1920)",Midway,"Nishida, G.M. & Beardsley, J.W. (2002) A review of the insects and related arthropods of Midway atoll",Hymenoptera,Braconidae
Spathius sp.,Diego Garcia,"Hutson, A.M. (1981) A preliminary list of insects of Diego Garcia Atoll, Chagos Archipelago",Hymenoptera,Braconidae
"Urosigalphus bruchi (Crawford, 1907)",Midway,"Suehiro, A. (1960) Insects and other arthropods from Midway atoll",Hymenoptera,Braconidae
Zele sp.,Eniwetok,"Samuelson, G.A., & Nishida, G.M. (1987) Insects and allies (arthropods) of Enewetak atoll",Hymenoptera,Braconidae
Aphanogmus sp.,Midway,"Nishida, G.M. & Beardsley, J.W. (2002) A review of the insects and related arthropods of Midway atoll",Hymenoptera,Ceraphronidae
"Ceraphron plebeius (Perkins, 1910)",Midway,"Nishida, G.M. & Beardsley, J.W. (2002) A review of the insects and related arthropods of Midway atoll",Hymenoptera,Ceraphronidae
Ceraphron sp.,Midway,"Nishida, G.M. & Beardsley, J.W. (2002) A review of the insects and related arthropods of Midway atoll",Hymenoptera,Ceraphronidae
"Antrocephalus dividens (Walker, 1860)",Midway,"Nishida, G.M. & Beardsley, J.W. (2002) A review of the insects and related arthropods of Midway atoll",Hymenoptera,Chalcididae
Antrocephalus sp.,South Keeling,"Gibson-Hill, C.A. (1950) Notes on the insects taken on the Cocos-Keeling Islands",Hymenoptera,Chalcididae
Brachymeria sp.,Nukunonu,"Hickley, A.D. (1969) Ecology of terrestrial arthropods of the Tokelau atolls",Hymenoptera,Chalcididae
"Dirhinus himalayanus (Westwood, 1836)",South Keeling,"Gibson-Hill, C.A. (1950) Notes on the insects taken on the Cocos-Keeling Islands",Hymenoptera,Chalcididae
"Hockeria pertorva (Girault, 1917)",Midway,"Suehiro, A. (1960) Insects and other arthropods from Midway atoll",Hymenoptera,Chalcididae
Proconura sp.,Midway,"Nishida, G.M. & Beardsley, J.W. (2002) A review of the insects and related arthropods of Midway atoll",Hymenoptera,Chalcididae
"Hylaeus tuamotuensis (Michener, 1965)",Anaa,"Michener, C.D. (1965) A classification of the bees of the Australasian and South Pacific regions",Hymenoptera,Colletidae
"Bembix madecassa (de Saussure, 1890)",Aldabra,"Turner, R.E. (1911) No. XVI - Fossorial Hymenoptera from the Seychelles and other islands in the Indian Ocean",Hymenoptera,Crabronidae
"Bembix madecassa (de Saussure, 1890)",Cosmoledo,"Turner, R.E. (1911) No. XVI - Fossorial Hymenoptera from the Seychelles and other islands in the Indian Ocean",Hymenoptera,Crabronidae
"Bembix madecassa (de Saussure, 1890)",Glorioso,"Parnaudeau, R., & Madl, M. (2009) Liste des Hyménoptères des îlots coralliens francais et mauricien de l'océan Indien occidental",Hymenoptera,Crabronidae
"Bembecinus proximus (Handlirsch, 1892)",South Keeling,"Gibson-Hill, C.A. (1950) Notes on the insects taken on the Cocos-Keeling Islands",Hymenoptera,Crabronidae
"Cerceris nenicra (de Saussure, 1887)",Aldabra,"Turner, R.E. (1911) No. XVI - Fossorial Hymenoptera from the Seychelles and other islands in the Indian Ocean",Hymenoptera,Crabronidae
"Liris aurulentus (Fabricius, 1787)",Kwajalein,"Sugerman, B.B. (1979) Additions to the list of insects and other arthropods from Kwajalein atoll (Marshall Islands)",Hymenoptera,Crabronidae
"Liris subtessellatus (F.Smith, 1856)",South Keeling,"Gibson-Hill, C.A. (1950) Notes on the insects taken on the Cocos-Keeling Islands",Hymenoptera,Crabronidae
"Liris subtessellatus (F.Smith, 1856)",Kwajalein,"Krombein, K.V. (1948) The Aculeate Hymenoptera of Micronesia - I. Scoliidae, Mutillidae, Pompilidae and Sphecidae",Hymenoptera,Crabronidae
"Nitela pendleburyi (R.Turner, 1926)",South Keeling,"Gibson-Hill, C.A. (1950) Notes on the insects taken on the Cocos-Keeling Islands",Hymenoptera,Crabronidae
"Pison argentatum (Shuckard, 1838)",Aldabra,"Turner, R.E. (1911) No. XVI - Fossorial Hymenoptera from the Seychelles and other islands in the Indian Ocean",Hymenoptera,Crabronidae
"Pison hospes (F.Smith, 1879)",South Keeling,"Gibson-Hill, C.A. (1950) Notes on the insects taken on the Cocos-Keeling Islands",Hymenoptera,Crabronidae
"Pison hospes (F.Smith, 1879)",Jaluit,"Krombein, K.V. (1948) The Aculeate Hymenoptera of Micronesia - I. Scoliidae, Mutillidae, Pompilidae and Sphecidae",Hymenoptera,Crabronidae
"Pison hospes (F.Smith, 1879)",Nukunonu,"Hickley, A.D. (1969) Ecology of terrestrial arthropods of the Tokelau atolls",Hymenoptera,Crabronidae
"Pison iridipenne (F.Smith, 1879)",Nukunonu,"Hickley, A.D. (1969) Ecology of terrestrial arthropods of the Tokelau atolls",Hymenoptera,Crabronidae
"Pison punctifrons (Shuckard, 1838)",Eniwetok,"Krombein, K.V. (1948) The Aculeate Hymenoptera of Micronesia - I. Scoliidae, Mutillidae, Pompilidae and Sphecidae",Hymenoptera,Crabronidae
"Pison punctifrons (Shuckard, 1838)",Kapingamarangi,"Krombein, K.V. (1948) The Aculeate Hymenoptera of Micronesia - I. Scoliidae, Mutillidae, Pompilidae and Sphecidae",Hymenoptera,Crabronidae
Pison sp.,Diego Garcia,"Barnett, L.K., & Emms, C. (1996) An annotated checklist of the Chagos archipelago terrestrial fauna (omitting birds) recorded during the 1996 'Friends of the Chagos' expedition",Hymenoptera,Crabronidae
"Solierella peckhami (Ashmead, 1897)",Eniwetok,"Samuelson, G.A., & Nishida, G.M. (1987) Insects and allies (arthropods) of Enewetak atoll",Hymenoptera,Crabronidae
"Tachysphex bengalensis (Cameron, 1889)",Eniwetok,"Samuelson, G.A., & Nishida, G.M. (1987) Insects and allies (arthropods) of Enewetak atoll",Hymenoptera,Crabronidae
"Tachysphex fanuiensis (Cheesman, 1928)",Takapoto,"Rivière, F. (1979) La vie animale terrestre à Takapoto",Hymenoptera,Crabronidae
"Tachysphex fugax (Radoszkowski, 1877)",Astove,"Turner, R.E. (1911) No. XVI - Fossorial Hymenoptera from the Seychelles and other islands in the Indian Ocean",Hymenoptera,Crabronidae
"Tachysphex morosus (F.Smith, 1858)",Kwajalein,"Sugerman, B.B. (1979) Additions to the list of insects and other arthropods from Kwajalein atoll (Marshall Islands)",Hymenoptera,Crabronidae
Tachysphex sp.,South Keeling,"Gibson-Hill, C.A. (1950) Notes on the insects taken on the Cocos-Keeling Islands",Hymenoptera,Crabronidae
"Trypoxylon errans (De Saussure, 1867)",South Keeling,"Gibson-Hill, C.A. (1950) Notes on the insects taken on the Cocos-Keeling Islands",Hymenoptera,Crabronidae
"Trypoxylon scutifrons (De Saussure, 1892)",Astove,"Turner, R.E. (1911) No. XVI - Fossorial Hymenoptera from the Seychelles and other islands in the Indian Ocean",Hymenoptera,Crabronidae
Trypoxylon sp.,Diego Garcia,"Hutson, A.M. (1981) A preliminary list of insects of Diego Garcia Atoll, Chagos Archipelago",Hymenoptera,Crabronidae
Trichopria sp.,Midway,"Nishida, G.M. & Beardsley, J.W. (2002) A review of the insects and related arthropods of Midway atoll",Hymenoptera,Diapriidae
Trichopria sp.,Palmyra,"Handler, A.T., et al. (2007) Arthropod surveys on Palmyra Atoll, Line Islands, and insights into the decline of the native tree Pisonia grandis (Nycatginaceae)",Hymenoptera,Diapriidae
"Adelencyrtus odonaspidis (Fullaway, 1913)",Midway,"Nishida, G.M. & Beardsley, J.W. (2002) A review of the insects and related arthropods of Midway atoll",Hymenoptera,Encyrtidae
"Aenasius advena (Compere, 1937)",Johnston,"Binion Amerson, A., & Shelton, P.C. (1976) The natural history of Johnston atoll, Central Pacific Ocean",Hymenoptera,Encyrtidae
"Aeptencyrtus bruchi (De Santis, 1957)",Midway,"Nishida, G.M. & Beardsley, J.W. (2002) A review of the insects and related arthropods of Midway atoll",Hymenoptera,Encyrtidae
"Anagyrus swezeyi (Timberlake, 1919)",Kure,"Beardsley, J.W. (1966) Insects and other terrestrial arthropods from the Leeward Hawaiian Islands",Hymenoptera,Encyrtidae
"Anagyrus swezeyi (Timberlake, 1919)",Midway,"Suehiro, A. (1960) Insects and other arthropods from Midway atoll",Hymenoptera,Encyrtidae
"Blepyrus insularis (Cameron, 1886)",Kure,"Beardsley, J.W. (1966) Insects and other terrestrial arthropods from the Leeward Hawaiian Islands",Hymenoptera,Encyrtidae
"Blepyrus insularis (Cameron, 1886)",Midway,"Nishida, G.M. & Beardsley, J.W. (2002) A review of the insects and related arthropods of Midway atoll",Hymenoptera,Encyrtidae
Cheiloneurus sp.,Midway,"Nishida, G.M. & Beardsley, J.W. (2002) A review of the insects and related arthropods of Midway atoll",Hymenoptera,Encyrtidae
"Coccidoxenoides perminutus (Girault, 1915)",Midway,"Suehiro, A. (1960) Insects and other arthropods from Midway atoll",Hymenoptera,Encyrtidae
"Dicarnosis ripariensis (Kerrich, 1978)",Midway,"Nishida, G.M. & Beardsley, J.W. (2002) A review of the insects and related arthropods of Midway atoll",Hymenoptera,Encyrtidae
"Diversinervus elegans (Silvestri, 1915)",Midway,"Nishida, G.M. & Beardsley, J.W. (2002) A review of the insects and related arthropods of Midway atoll",Hymenoptera,Encyrtidae
Ectroma sp.,Laysan,"Butler, G.D. (1961) Insects and other arthropods from Laysan Island",Hymenoptera,Encyrtidae
"Encyrtus infelix (Embleton, 1902)",Midway,"Nishida, G.M. & Beardsley, J.W. (2002) A review of the insects and related arthropods of Midway atoll",Hymenoptera,Encyrtidae
"Gyranusoidea phenacocci (Beardsley, 1969)",Midway,"Nishida, G.M. & Beardsley, J.W. (2002) A review of the insects and related arthropods of Midway atoll",Hymenoptera,Encyrtidae
Homalotylus sp.,Diego Garcia,"Hutson, A.M. (1981) A preliminary list of insects of Diego Garcia Atoll, Chagos Archipelago",Hymenoptera,Encyrtidae
"Leptomastidea abnormis (Girault, 1915)",Midway,"Nishida, G.M. & Beardsley, J.W. (2002) A review of the insects and related arthropods of Midway atoll",Hymenoptera,Encyrtidae
"Leptomastix dactylopii (Howard, 1885)",Johnston,"Binion Amerson, A., & Shelton, P.C. (1976) The natural history of Johnston atoll, Central Pacific Ocean",Hymenoptera,Encyrtidae
"Metaphycus flavus (Timberlake, 1927)",Midway,"Nishida, G.M. & Beardsley, J.W. (2002) A review of the insects and related arthropods of Midway atoll",Hymenoptera,Encyrtidae
"Metaphycus flavus (Timberlake, 1927)",Palmyra,"Handler, A.T., et al. (2007) Arthropod surveys on Palmyra Atoll, Line Islands, and insights into the decline of the native tree Pisonia grandis (Nycatginaceae)",Hymenoptera,Encyrtidae
"Neodusmetia sangwani (Subba Rao, 1957)",Midway,"Nishida, G.M. & Beardsley, J.W. (2002) A review of the insects and related arthropods of Midway atoll",Hymenoptera,Encyrtidae
"Neodusmetia sangwani (Subba Rao, 1957)",Pearl and Hermes,"Beardsley, J.W. (1966) Insects and other terrestrial arthropods from the Leeward Hawaiian Islands",Hymenoptera,Encyrtidae
Plagiomerus sp.,Midway,"Nishida, G.M. & Beardsley, J.W. (2002) A review of the insects and related arthropods of Midway atoll",Hymenoptera,Encyrtidae
"Rhopus laysanensis (Timberlake, 1919)",Laysan,"Asquith, A. (1994) The arthropod fauna of Laysan Island",Hymenoptera,Encyrtidae
"Chalcura maculata (Watanabe, 1958)",Kwajalein,"Sugerman, B.B. (1972) Insects and other arthropods from Kwajalein atoll (Marshall Islands)",Hymenoptera,Eucharitidae
"Chalcura maculata (Watanabe, 1958)",Mokil,"Watanabe, C. (1958) Insects of Micronesia - Hymenoptera: Eucharidae",Hymenoptera,Eucharitidae
"Chalcura maculata (Watanabe, 1958)",Nomwin,"Watanabe, C. (1958) Insects of Micronesia - Hymenoptera: Eucharidae",Hymenoptera,Eucharitidae
"Chalcura upeensis (Fullaway, 1913)",Pingelap,"Watanabe, C. (1958) Insects of Micronesia - Hymenoptera: Eucharidae",Hymenoptera,Eucharitidae
"Schizaspidia ponapensis (Ishii, 1941)",Lukunor,"Watanabe, C. (1958) Insects of Micronesia - Hymenoptera: Eucharidae",Hymenoptera,Eucharitidae
"Schizaspidia ponapensis (Ishii, 1941)",Ngcheangel,"Watanabe, C. (1958) Insects of Micronesia - Hymenoptera: Eucharidae",Hymenoptera,Eucharitidae
"Schizaspidia ponapensis (Ishii, 1941)",Nomwin,"Watanabe, C. (1958) Insects of Micronesia - Hymenoptera: Eucharidae",Hymenoptera,Eucharitidae
"Schizaspidia ponapensis (Ishii, 1941)",Ulithi,"Watanabe, C. (1958) Insects of Micronesia - Hymenoptera: Eucharidae",Hymenoptera,Eucharitidae
"Aprostocetus formosoanus (Timberlake, 1921)",Pingelap,"Yoshimoto, C.M., & Ishii, T. (1965) Insects of Micronesia - Hymenoptera: Chalcidoidea: Eulophidae, Encyrtidae (part), Pteromalidae",Hymenoptera,Eulophidae
"Aprostocetus hagenowii (Ratzeburg, 1852)",Midway,"Nishida, G.M. & Beardsley, J.W. (2002) A review of the insects and related arthropods of Midway atoll",Hymenoptera,Eulophidae
"Aprostocetus hagenowii (Ratzeburg, 1852)",Palmyra,"Handler, A.T., et al. (2007) Arthropod surveys on Palmyra Atoll, Line Islands, and insights into the decline of the native tree Pisonia grandis (Nycatginaceae)",Hymenoptera,Eulophidae
Aprostocetus sp.,Midway,"Nishida, G.M. & Beardsley, J.W. (2002) A review of the insects and related arthropods of Midway atoll",Hymenoptera,Eulophidae
"Closterocerus formosus (Westwood, 1833)",Midway,"Nishida, G.M. & Beardsley, J.W. (2002) A review of the insects and related arthropods of Midway atoll",Hymenoptera,Eulophidae
"Elachertus advena (Timberlake, 1926)",Midway,"Suehiro, A. (1960) Insects and other arthropods from Midway atoll",Hymenoptera,Eulophidae
"Elachertus guamensis (Fullaway, 1913)",Nomwin,"Yoshimoto, C.M., & Ishii, T. (1965) Insects of Micronesia - Hymenoptera: Chalcidoidea: Eulophidae, Encyrtidae (part), Pteromalidae",Hymenoptera,Eulophidae
"Elachertus kraussi (Yoshimoto & Ishii, 1965)",Pingelap,"Yoshimoto, C.M., & Ishii, T. (1965) Insects of Micronesia - Hymenoptera: Chalcidoidea: Eulophidae, Encyrtidae (part), Pteromalidae",Hymenoptera,Eulophidae
"Elachertus kraussi (Yoshimoto & Ishii, 1965)",Ujae,"Yoshimoto, C.M., & Ishii, T. (1965) Insects of Micronesia - Hymenoptera: Chalcidoidea: Eulophidae, Encyrtidae (part), Pteromalidae",Hymenoptera,Eulophidae
"Euderus metallicus (Ashmead, 1901)",Kure,"Beardsley, J.W. (1966) Insects and other terrestrial arthropods from the Leeward Hawaiian Islands",Hymenoptera,Eulophidae
"Euderus metallicus (Ashmead, 1901)",Laysan,"Butler, G.D. (1961) Insects and other arthropods from Laysan Island",Hymenoptera,Eulophidae
"Euplectrus platyhypenae (Howard, 1885)",Abariringa,"van Zwaluwenburg, R.H. (1942) The insects of Canton Island",Hymenoptera,Eulophidae
"Hemiptarsenus carolinensis (Yoshimoto & Ishii, 1965)",Ulithi,"Yoshimoto, C.M., & Ishii, T. (1965) Insects of Micronesia - Hymenoptera: Chalcidoidea: Eulophidae, Encyrtidae (part), Pteromalidae",Hymenoptera,Eulophidae
"Hemiptarsenus varicornis (Girault, 1913)",Eniwetok,"Yoshimoto, C.M., & Ishii, T. (1965) Insects of Micronesia - Hymenoptera: Chalcidoidea: Eulophidae, Encyrtidae (part), Pteromalidae",Hymenoptera,Eulophidae
"Hemiptarsenus varicornis (Girault, 1913)",French Frigate Shoals,"Beardsley, J.W. (1966) Insects and other terrestrial arthropods from the Leeward Hawaiian Islands",Hymenoptera,Eulophidae
"Hemiptarsenus varicornis (Girault, 1913)",Midway,"Nishida, G.M. & Beardsley, J.W. (2002) A review of the insects and related arthropods of Midway atoll",Hymenoptera,Eulophidae
"Hemiptarsenus varicornis (Girault, 1913)",Palmyra,"Handler, A.T., et al. (2007) Arthropod surveys on Palmyra Atoll, Line Islands, and insights into the decline of the native tree Pisonia grandis (Nycatginaceae)",Hymenoptera,Eulophidae
"Hemiptarsenus varicornis (Girault, 1913)",Ulithi,"Yoshimoto, C.M., & Ishii, T. (1965) Insects of Micronesia - Hymenoptera: Chalcidoidea: Eulophidae, Encyrtidae (part), Pteromalidae",Hymenoptera,Eulophidae
Hemiptarsenus sp.,Nukunonu,"Hickley, A.D. (1969) Ecology of terrestrial arthropods of the Tokelau atolls",Hymenoptera,Eulophidae
"Melittobia hawaiiensis (Perkins, 1907)",Wake,"Yoshimoto, C.M., & Ishii, T. (1965) Insects of Micronesia - Hymenoptera: Chalcidoidea: Eulophidae, Encyrtidae (part), Pteromalidae",Hymenoptera,Eulophidae
"Neotrichoporoides viridimaculata (Fullaway, 1955)",Midway,"Nishida, G.M. & Beardsley, J.W. (2002) A review of the insects and related arthropods of Midway atoll",Hymenoptera,Eulophidae
"Pnigalio externa (Timberlake, 1927)",Abariringa,"van Zwaluwenburg, R.H. (1942) The insects of Canton Island",Hymenoptera,Eulophidae
Stenomesius sp.,Nukunonu,"Hickley, A.D. (1969) Ecology of terrestrial arthropods of the Tokelau atolls",Hymenoptera,Eulophidae
"Sympiesis swezeyi (Yoshimoto & Ishii, 1965)",Kwajalein,"Sugerman, B.B. (1972) Insects and other arthropods from Kwajalein atoll (Marshall Islands)",Hymenoptera,Eulophidae
"Tetrastichus burrus (Yoshimoto & Ishii, 1965)",Ngcheangel,"Yoshimoto, C.M., & Ishii, T. (1965) Insects of Micronesia - Hymenoptera: Chalcidoidea: Eulophidae, Encyrtidae (part), Pteromalidae",Hymenoptera,Eulophidae
"Tetrastichus gressitti (Yoshimoto & Ishii, 1965)",Pingelap,"Yoshimoto, C.M., & Ishii, T. (1965) Insects of Micronesia - Hymenoptera: Chalcidoidea: Eulophidae, Encyrtidae (part), Pteromalidae",Hymenoptera,Eulophidae
"Tetrastichus gressitti (Yoshimoto & Ishii, 1965)",Satawan,"Yoshimoto, C.M., & Ishii, T. (1965) Insects of Micronesia - Hymenoptera: Chalcidoidea: Eulophidae, Encyrtidae (part), Pteromalidae",Hymenoptera,Eulophidae
Tetrastichus sp.,Midway,"Suehiro, A. (1960) Insects and other arthropods from Midway atoll",Hymenoptera,Eulophidae
"Delta emarginatum (L., 1758)",Aldabra,"Carpenter, J.M., & Madl, M. (2009) A catalogue of the Vespidae of the Malagasy subregion (Insecta, Hymenoptera) ",Hymenoptera,Eumenidae
"Delta emarginatum (L., 1758)",Astove,"Parnaudeau, R., & Madl, M. (2009) Liste des Hyménoptères des îlots coralliens francais et mauriciens de l'océan Indien occidental",Hymenoptera,Eumenidae
"Delta emarginatum (L., 1758)",Cosmoledo,"Carpenter, J.M., & Madl, M. (2009) A catalogue of the Vespidae of the Malagasy subregion (Insecta, Hymenoptera) ",Hymenoptera,Eumenidae
"Delta emarginatum (L., 1758)",Glorioso,"Parnaudeau, R., & Madl, M. (2009) Liste des Hyménoptères des îlots coralliens francais et mauricien de l'océan Indien occidental",Hymenoptera,Eumenidae
"Delta esuriens (Fabricius, 1787)",Aldabra,"Carpenter, J.M., & Madl, M. (2009) A catalogue of the Vespidae of the Malagasy subregion (Insecta, Hymenoptera) ",Hymenoptera,Eumenidae
"Euodynerus trilobus (Fabricius, 1787)",Diego Garcia,"Hutson, A.M. (1981) A preliminary list of insects of Diego Garcia Atoll, Chagos Archipelago",Hymenoptera,Eumenidae
"Knemodynerus farquharensis (Cameron, 1907)",Aldabra,"Carpenter, J.M., & Madl, M. (2009) A catalogue of the Vespidae of the Malagasy subregion (Insecta, Hymenoptera) ",Hymenoptera,Eumenidae
"Knemodynerus farquharensis (Cameron, 1907)",Cosmoledo,"Carpenter, J.M., & Madl, M. (2009) A catalogue of the Vespidae of the Malagasy subregion (Insecta, Hymenoptera) ",Hymenoptera,Eumenidae
"Knemodynerus farquharensis (Cameron, 1907)",Farquhar,"Carpenter, J.M., & Madl, M. (2009) A catalogue of the Vespidae of the Malagasy subregion (Insecta, Hymenoptera) ",Hymenoptera,Eumenidae
Odynerus sp.,Eniwetok,"Samuelson, G.A., & Nishida, G.M. (1987) Insects and allies (arthropods) of Enewetak atoll",Hymenoptera,Eumenidae
"Pachodynerus nasidens (Latreille, 1812)",Abariringa,"van Zwaluwenburg, R.H. (1955) The insects and certain other arthropods of Canton Island",Hymenoptera,Eumenidae
"Pachodynerus nasidens (Latreille, 1812)",Eniwetok,"Krombein, K.V. (1948) The Aculeate Hymenoptera of Micronesia - I. Scoliidae, Mutillidae, Pompilidae and Sphecidae",Hymenoptera,Eumenidae
"Pachodynerus nasidens (Latreille, 1812)",Kiritimati,"Krauss, N.L.H. (1953) Insects and other invertebrates from Palmyra atoll and Christmas Island",Hymenoptera,Eumenidae
"Pachodynerus nasidens (Latreille, 1812)",Kwajalein,"Sugerman, B.B. (1972) Insects and other arthropods from Kwajalein atoll (Marshall Islands)",Hymenoptera,Eumenidae
"Pachodynerus nasidens (Latreille, 1812)",Majuro,"Krombein, K.V. (1948) The Aculeate Hymenoptera of Micronesia - I. Scoliidae, Mutillidae, Pompilidae and Sphecidae",Hymenoptera,Eumenidae
"Pachodynerus nasidens (Latreille, 1812)",Midway,"Suehiro, A. (1960) Insects and other arthropods from Midway atoll",Hymenoptera,Eumenidae
"Pachodynerus nasidens (Latreille, 1812)",Palmyra,"Handler, A.T., et al. (2007) Arthropod surveys on Palmyra Atoll, Line Islands, and insights into the decline of the native tree Pisonia grandis (Nycatginaceae)",Hymenoptera,Eumenidae
"Parancistrocerus fulvipes (De Saussure, 1856)",Midway,"Nishida, G.M. & Beardsley, J.W. (2002) A review of the insects and related arthropods of Midway atoll",Hymenoptera,Eumenidae
"Parodynerus bicinctus (Fabricius, 1781)",Nukunonu,"Hickley, A.D. (1969) Ecology of terrestrial arthropods of the Tokelau atolls",Hymenoptera,Eumenidae
"Polistes aurifer (de Saussure, 1853)",Johnston,"Binion Amerson, A., & Shelton, P.C. (1976) The natural history of Johnston atoll, Central Pacific Ocean",Hymenoptera,Eumenidae
"Polistes aurifer (de Saussure, 1853)",Kiritimati,"Krauss, N.L.H. (1953) Insects and other invertebrates from Palmyra atoll and Christmas Island",Hymenoptera,Eumenidae
"Polistes aurifer (de Saussure, 1853)",Kure,"Butler, G.D., & Usinger, R.L. (1963) Insects and other arthropods from Kure Island",Hymenoptera,Eumenidae
"Polistes aurifer (de Saussure, 1853)",Kwajalein,"Sugerman, B.B. (1972) Insects and other arthropods from Kwajalein atoll (Marshall Islands)",Hymenoptera,Eumenidae
"Polistes aurifer (de Saussure, 1853)",Midway,"Suehiro, A. (1960) Insects and other arthropods from Midway atoll",Hymenoptera,Eumenidae
"Polistes aurifer (de Saussure, 1853)",Palmyra,"Handler, A.T., et al. (2007) Arthropod surveys on Palmyra Atoll, Line Islands, and insights into the decline of the native tree Pisonia grandis (Nycatginaceae)",Hymenoptera,Eumenidae
"Polistes balder (Kirby, 1888)",South Keeling,"Richards, O.W. (1978) The Australian social wasps (Hymenoptera: Vespidae)",Hymenoptera,Eumenidae
"Polistes exclamans (Viereck, 1906)",Midway,"Nishida, G.M. & Beardsley, J.W. (2002) A review of the insects and related arthropods of Midway atoll",Hymenoptera,Eumenidae
"Polistes fuscatus (Fabricius, 1793)",Eniwetok,"Samuelson, G.A., & Nishida, G.M. (1987) Insects and allies (arthropods) of Enewetak atoll",Hymenoptera,Eumenidae
"Polistes jokohamae (Radoszkowski, 1887)",Midway,"Nishida, G.M. & Beardsley, J.W. (2002) A review of the insects and related arthropods of Midway atoll",Hymenoptera,Eumenidae
"Polistes olivaceus (Deg., 1773)",Diego Garcia,"Cameron, P. (1907) No. IV - Hymenoptera",Hymenoptera,Eumenidae
"Polistes olivaceus (Deg., 1773)",Takapoto,"Rivière, F. (1979) La vie animale terrestre à Takapoto",Hymenoptera,Eumenidae
"Subancistrocerus sichelii (De Saussure, 1856)",Diego Garcia,"Hutson, A.M. (1981) A preliminary list of insects of Diego Garcia Atoll, Chagos Archipelago",Hymenoptera,Eumenidae
"Anastatus koebelei (Ashmead, 1901)",Midway,"Nishida, G.M. & Beardsley, J.W. (2002) A review of the insects and related arthropods of Midway atoll",Hymenoptera,Eupelmidae
Bruchocida sp.,Laysan,"Butler, G.D., & Usinger, R.L. (1963) Insects and other invertebrates from Laysan Island",Hymenoptera,Eupelmidae
"Eupelmus pacificus (Timberlake, 1926)",Wake,"Bryan, E.H. (1926) Insects of Hawaii, Johnston Island and Wake Island",Hymenoptera,Eupelmidae
Eupelmus sp.,Laysan,"Butler, G.D. (1961) Insects and other arthropods from Laysan Island",Hymenoptera,Eupelmidae
Zaischnopsis sp.,Laysan,"Asquith, A. (1994) The arthropod fauna of Laysan Island",Hymenoptera,Eupelmidae
Eudecatoma sp.,Nukunonu,"Hickley, A.D. (1969) Ecology of terrestrial arthropods of the Tokelau atolls",Hymenoptera,Eurytomidae
Tetramesa sp.,Midway,"Nishida, G.M. & Beardsley, J.W. (2002) A review of the insects and related arthropods of Midway atoll",Hymenoptera,Eurytomidae
"Evania appendigaster (L., 1758)",Abariringa,"van Zwaluwenburg, R.H. (1955) The insects and certain other arthropods of Canton Island",Hymenoptera,Evaniidae
"Evania appendigaster (L., 1758)",Arno,"Townes, H. (1958) Insects of Microneisa - Hymenoptera: Ichneumonidae, Stephanidae, and Evaniidae",Hymenoptera,Evaniidae
"Evania appendigaster (L., 1758)",South Keeling,"Gibson-Hill, C.A. (1950) Notes on the insects taken on the Cocos-Keeling Islands",Hymenoptera,Evaniidae
"Evania appendigaster (L., 1758)",Diego Garcia,"Hutson, A.M. (1981) A preliminary list of insects of Diego Garcia Atoll, Chagos Archipelago",Hymenoptera,Evaniidae
"Evania appendigaster (L., 1758)",Jaluit,"Kevan, D.K.Mc.E., & Vickery, V.R. (1997) An annotated provisional list of non-saltatorial orthopteroid insects of Micronesia",Hymenoptera,Evaniidae
"Evania appendigaster (L., 1758)",Kiritimati,"Krauss, N.L.H. (1953) Insects and other invertebrates from Palmyra atoll and Christmas Island",Hymenoptera,Evaniidae
"Evania appendigaster (L., 1758)",Kwajalein,"Sugerman, B.B. (1972) Insects and other arthropods from Kwajalein atoll (Marshall Islands)",Hymenoptera,Evaniidae
"Evania appendigaster (L., 1758)",Likiep,"Townes, H. (1958) Insects of Microneisa - Hymenoptera: Ichneumonidae, Stephanidae, and Evaniidae",Hymenoptera,Evaniidae
"Evania appendigaster (L., 1758)",Majuro,"Townes, H. (1958) Insects of Microneisa - Hymenoptera: Ichneumonidae, Stephanidae, and Evaniidae",Hymenoptera,Evaniidae
"Evania appendigaster (L., 1758)",Midway,"Suehiro, A. (1960) Insects and other arthropods from Midway atoll",Hymenoptera,Evaniidae
"Evania appendigaster (L., 1758)",Onotoa,"Moul, E.T. (1954) Preliminary report on land animals at Onotoa atoll, Gilbert Islands",Hymenoptera,Evaniidae
"Evania appendigaster (L., 1758)",Palmyra,"Handler, A.T., et al. (2007) Arthropod surveys on Palmyra Atoll, Line Islands, and insights into the decline of the native tree Pisonia grandis (Nycatginaceae)",Hymenoptera,Evaniidae
"Evania appendigaster (L., 1758)",Takapoto,"Rivière, F. (1979) La vie animale terrestre à Takapoto",Hymenoptera,Evaniidae
"Evania appendigaster (L., 1758)",Wake,"Townes, H. (1958) Insects of Microneisa - Hymenoptera: Ichneumonidae, Stephanidae, and Evaniidae",Hymenoptera,Evaniidae
"Szepligetella punctaticeps (Kieffer, 1911)",Nukunonu,"Hickley, A.D. (1969) Ecology of terrestrial arthropods of the Tokelau atolls",Hymenoptera,Evaniidae
"Szepligetella sericea (Cameron, 1883)",Bikini,"Townes, H. (1958) Insects of Microneisa - Hymenoptera: Ichneumonidae, Stephanidae, and Evaniidae",Hymenoptera,Evaniidae
"Szepligetella sericea (Cameron, 1883)",Eniwetok,"Samuelson, G.A., & Nishida, G.M. (1987) Insects and allies (arthropods) of Enewetak atoll",Hymenoptera,Evaniidae
"Szepligetella sericea (Cameron, 1883)",Kapingamarangi,"Townes, H. (1958) Insects of Microneisa - Hymenoptera: Ichneumonidae, Stephanidae, and Evaniidae",Hymenoptera,Evaniidae
"Szepligetella sericea (Cameron, 1883)",Kiritimati,"Krauss, N.L.H. (1953) Insects and other invertebrates from Palmyra atoll and Christmas Island",Hymenoptera,Evaniidae
"Szepligetella sericea (Cameron, 1883)",Onotoa,"Townes, H. (1958) Insects of Microneisa - Hymenoptera: Ichneumonidae, Stephanidae, and Evaniidae",Hymenoptera,Evaniidae
"Szepligetella sericea (Cameron, 1883)",Wotho,"Townes, H. (1958) Insects of Microneisa - Hymenoptera: Ichneumonidae, Stephanidae, and Evaniidae",Hymenoptera,Evaniidae
"Anochetus graeffei (Mayr, 1870)",Nukunonu,"Abbott, K.L., Sarty, M., & Lester, P.J. (2006) The ants of Tokelau",Hymenoptera,Formicidae
"Anochetus graeffei (Mayr, 1870)",Ulithi,"Clouse, R.M. (2007) The ants of Micronesia (Hymenoptera: Formicidae)",Hymenoptera,Formicidae
"Anochetus pattersoni (Fisher, 2008)",Aldabra,"Fisher, B.L., & Smith, B.A. (2008) A revision of the Malagasy species of Anochetus Mayr and Odonotomachus Latreille (Hymenoptera: Formicidae)",Hymenoptera,Formicidae
"Anoplolepis gracilipes (Smith, 1857)",Anaa,"Cocherau, P. (1966) Compte rendu d'une mission d'inventaire faunistique aux îles Gambier et Tuamotu (Avril - Mai 1966)",Hymenoptera,Formicidae
"Anoplolepis gracilipes (Smith, 1857)",Ant,"Clouse, R.M. (2007) The ants of Micronesia (Hymenoptera: Formicidae)",Hymenoptera,Formicidae
"Anoplolepis gracilipes (Smith, 1857)",Arno,"Clouse, R.M. (2007) The ants of Micronesia (Hymenoptera: Formicidae)",Hymenoptera,Formicidae
"Anoplolepis gracilipes (Smith, 1857)",South Keeling,"Bellis, G.A., et al. (2004) Records of insect pests on Christmas Island and the Cocos (Keeling) Islands, Indian Ocean",Hymenoptera,Formicidae
"Anoplolepis gracilipes (Smith, 1857)",Eniwetok,"Clouse, R.M. (2007) The ants of Micronesia (Hymenoptera: Formicidae)",Hymenoptera,Formicidae
"Anoplolepis gracilipes (Smith, 1857)",Funafuti,"Vaqalo, M., et al. (2014) Yellow crazy ants and fruit fly surveys in Tuvalu",Hymenoptera,Formicidae
"Anoplolepis gracilipes (Smith, 1857)",Jaluit,"Clouse, R.M. (2007) The ants of Micronesia (Hymenoptera: Formicidae)",Hymenoptera,Formicidae
"Anoplolepis gracilipes (Smith, 1857)",Kwajalein,"Sugerman, B.B. (1979) Additions to the list of insects and other arthropods from Kwajalein atoll (Marshall Islands)",Hymenoptera,Formicidae
"Anoplolepis gracilipes (Smith, 1857)",Majuro,"Clouse, R.M. (2007) The ants of Micronesia (Hymenoptera: Formicidae)",Hymenoptera,Formicidae
"Anoplolepis gracilipes (Smith, 1857)",Mokil,"Clouse, R.M. (2007) The ants of Micronesia (Hymenoptera: Formicidae)",Hymenoptera,Formicidae
"Anoplolepis gracilipes (Smith, 1857)",Ngcheangel,"Clouse, R.M. (2007) The ants of Micronesia (Hymenoptera: Formicidae)",Hymenoptera,Formicidae
"Anoplolepis gracilipes (Smith, 1857)",Niau,"Ramage, T. (2014) Les fourmis de Polynésie francaise",Hymenoptera,Formicidae
"Anoplolepis gracilipes (Smith, 1857)",Nukunonu,"Hickley, A.D. (1969) Ecology of terrestrial arthropods of the Tokelau atolls",Hymenoptera,Formicidae
"Anoplolepis gracilipes (Smith, 1857)",Pingelap,"Clouse, R.M. (2007) The ants of Micronesia (Hymenoptera: Formicidae)",Hymenoptera,Formicidae
"Anoplolepis gracilipes (Smith, 1857)",Sorol,"Clouse, R.M. (2007) The ants of Micronesia (Hymenoptera: Formicidae)",Hymenoptera,Formicidae
"Anoplolepis gracilipes (Smith, 1857)",Ulithi,"Clouse, R.M. (2007) The ants of Micronesia (Hymenoptera: Formicidae)",Hymenoptera,Formicidae
Brachymyrmex sp.,Funafuti,"Vaqalo, M., et al. (2014) Yellow crazy ants and fruit fly surveys in Tuvalu",Hymenoptera,Formicidae
"Camponotus auropubens (Forel, 1894)",Aldabra,"Voeltzkow, A., & Forel, A. (1897) Ameisen aus Nossi-Bé, Majunga, Juan de Nova (Madagaskar), den Aldabra-Inseln und Sansibar",Hymenoptera,Formicidae
"Camponotus chloroticus (Emery, 1897)",Ant,"Clouse, R.M. (2007) The ants of Micronesia (Hymenoptera: Formicidae)",Hymenoptera,Formicidae
"Camponotus chloroticus (Emery, 1897)",Bikini,"Clouse, R.M. (2007) The ants of Micronesia (Hymenoptera: Formicidae)",Hymenoptera,Formicidae
"Camponotus chloroticus (Emery, 1897)",Eniwetok,"Clouse, R.M. (2007) The ants of Micronesia (Hymenoptera: Formicidae)",Hymenoptera,Formicidae
"Camponotus chloroticus (Emery, 1897)",Jaluit,"Clouse, R.M. (2007) The ants of Micronesia (Hymenoptera: Formicidae)",Hymenoptera,Formicidae
"Camponotus chloroticus (Emery, 1897)",Kapingamarangi,"Clouse, R.M. (2007) The ants of Micronesia (Hymenoptera: Formicidae)",Hymenoptera,Formicidae
"Camponotus chloroticus (Emery, 1897)",Kwajalein,"Sugerman, B.B. (1979) Additions to the list of insects and other arthropods from Kwajalein atoll (Marshall Islands)",Hymenoptera,Formicidae
"Camponotus chloroticus (Emery, 1897)",Nukunonu,"Hickley, A.D. (1969) Ecology of terrestrial arthropods of the Tokelau atolls",Hymenoptera,Formicidae
"Camponotus chloroticus (Emery, 1897)",Ulithi,"Clouse, R.M. (2007) The ants of Micronesia (Hymenoptera: Formicidae)",Hymenoptera,Formicidae
"Camponotus foraminosus (Forel, 1879)",Aldabra,"Forel, A. (1912) No. XI - Fourmis des Seychelles et des Aldabras, recues de M. Hugh Scott",Hymenoptera,Formicidae
"Camponotus grandidieri (Forel, 1886)",Aldabra,"Voeltzkow, A., & Forel, A. (1897) Ameisen aus Nossi-Bé, Majunga, Juan de Nova (Madagaskar), den Aldabra-Inseln und Sansibar",Hymenoptera,Formicidae
"Camponotus grandidieri (Forel, 1886)",Farquhar,"Parnaudeau, R., & Madl, M. (2009) Liste des Hyménoptères des îlots coralliens francais et mauriciens de l'océan Indien occidental",Hymenoptera,Formicidae
"Camponotus hova (Forel, 1891)",Aldabra,"Parnaudeau, R., & Madl, M. (2009) Liste des Hyménoptères des îlots coralliens francais et mauriciens de l'océan Indien occidental",Hymenoptera,Formicidae
"Camponotus maculatus (Fabricius, 1782)",Aldabra,"Forel, A. (1912) No. XI - Fourmis des Seychelles et des Aldabras, recues de M. Hugh Scott",Hymenoptera,Formicidae
"Camponotus maculatus (Fabricius, 1782)",Diego Garcia,"Barnett, L.K., & Emms, C. (1996) An annotated checklist of the Chagos archipelago terrestrial fauna (omitting birds) recorded during the 1996 'Friends of the Chagos' expedition",Hymenoptera,Formicidae
"Camponotus mixtellus (Dalla Torre, 1893)",Aldabra,"Voeltzkow, A., & Forel, A. (1897) Ameisen aus Nossi-Bé, Majunga, Juan de Nova (Madagaskar), den Aldabra-Inseln und Sansibar",Hymenoptera,Formicidae
"Camponotus novaehollandiae (Mayr, 1870)",Funafuti,"Hedley, C. (1900) The atoll of Funafuti, Ellice Group - its zoology, botany, ethnology, and general structure",Hymenoptera,Formicidae
"Camponotus reticulatus (Roger, 1863)",Ant,"Clouse, R.M. (2007) The ants of Micronesia (Hymenoptera: Formicidae)",Hymenoptera,Formicidae
"Camponotus reticulatus (Roger, 1863)",Eniwetok,"Clouse, R.M. (2007) The ants of Micronesia (Hymenoptera: Formicidae)",Hymenoptera,Formicidae
"Camponotus reticulatus (Roger, 1863)",Jaluit,"Clouse, R.M. (2007) The ants of Micronesia (Hymenoptera: Formicidae)",Hymenoptera,Formicidae
"Camponotus reticulatus (Roger, 1863)",Kwajalein,"Sugerman, B.B. (1979) Additions to the list of insects and other arthropods from Kwajalein atoll (Marshall Islands)",Hymenoptera,Formicidae
"Camponotus reticulatus (Roger, 1863)",Majuro,"Clouse, R.M. (2007) The ants of Micronesia (Hymenoptera: Formicidae)",Hymenoptera,Formicidae
"Camponotus reticulatus (Roger, 1863)",Ngcheangel,"Clouse, R.M. (2007) The ants of Micronesia (Hymenoptera: Formicidae)",Hymenoptera,Formicidae
"Camponotus reticulatus (Roger, 1863)",Pingelap,"Clouse, R.M. (2007) The ants of Micronesia (Hymenoptera: Formicidae)",Hymenoptera,Formicidae
"Camponotus strangulatus (Santschi, 1911)",Aldabra,"Voeltzkow, A., & Forel, A. (1897) Ameisen aus Nossi-Bé, Majunga, Juan de Nova (Madagaskar), den Aldabra-Inseln und Sansibar",Hymenoptera,Formicidae
"Camponotus variegatus (Smith, 1858)",Abariringa,"van Zwaluwenburg, R.H. (1955) The insects and certain other arthropods of Canton Island",Hymenoptera,Formicidae
"Camponotus variegatus (Smith, 1858)",Kwajalein,"Sugerman, B.B. (1972) Insects and other arthropods from Kwajalein atoll (Marshall Islands)",Hymenoptera,Formicidae
"Camponotus variegatus (Smith, 1858)",Laysan,"Butler, G.D., & Usinger, R.L. (1963) Insects and other invertebrates from Laysan Island",Hymenoptera,Formicidae
"Camponotus variegatus (Smith, 1858)",Midway,"Suehiro, A. (1960) Insects and other arthropods from Midway atoll",Hymenoptera,Formicidae
Camponotus sp.,South Keeling,"Neville, P.J., O'Dowd, D.J., & Yen, A.L. (2008) Issues and implications for research on disturbed oceanic islands illustrated through an ant survey of the Cocos (Keeling) Islands",Hymenoptera,Formicidae
Camponotus sp.,Kwajalein,"Sugerman, B.B. (1972) Insects and other arthropods from Kwajalein atoll (Marshall Islands)",Hymenoptera,Formicidae
"Cardiocondyla emeryi (Forel, 1881)",Anaa,"Ramage, T. (2014) Les fourmis de Polynésie francaise",Hymenoptera,Formicidae
"Cardiocondyla emeryi (Forel, 1881)",Midway,"Nishida, G.M. & Beardsley, J.W. (2002) A review of the insects and related arthropods of Midway atoll",Hymenoptera,Formicidae
"Cardiocondyla emeryi (Forel, 1881)",Palmyra,"Handler, A.T., et al. (2007) Arthropod surveys on Palmyra Atoll, Line Islands, and insights into the decline of the native tree Pisonia grandis (Nycatginaceae)",Hymenoptera,Formicidae
"Cardiocondyla kagutsuchi (Terayama, 1999)",Rose,"Peck, R.W., et al. (2014) Arthropods of Rose atoll with special reference to ants and Pulvianaria urbicola scales (Hemiptera: Coccidae) on Pisonia grandis trees",Hymenoptera,Formicidae
"Cardiocondyla minutior (Forel, 1899)",Aldabra,"Voeltzkow, A., & Forel, A. (1897) Ameisen aus Nossi-Bé, Majunga, Juan de Nova (Madagaskar), den Aldabra-Inseln und Sansibar",Hymenoptera,Formicidae
"Cardiocondyla minutior (Forel, 1899)",Laysan,"McClelland, G.T.W., & Jones, I.L. (2009) The invasive ant fauna (Hymenoptera, Formicidae) of Laysan Island, Hawaiian Islands National Wildlife Refuge",Hymenoptera,Formicidae
"Cardiocondyla minutior (Forel, 1899)",Niau,"Ramage, T. (2014) Les fourmis de Polynésie francaise",Hymenoptera,Formicidae
"Cardiocondyla minutior (Forel, 1899)",Palmyra,"Handler, A.T., et al. (2007) Arthropod surveys on Palmyra Atoll, Line Islands, and insights into the decline of the native tree Pisonia grandis (Nycatginaceae)",Hymenoptera,Formicidae
"Cardiocondyla nuda (Mayr, 1866)",Anaa,"Cocherau, P. (1966) Compte rendu d'une mission d'inventaire faunistique aux îles Gambier et Tuamotu (Avril - Mai 1966)",Hymenoptera,Formicidae
"Cardiocondyla nuda (Mayr, 1866)",South Keeling,"Neville, P.J., O'Dowd, D.J., & Yen, A.L. (2008) Issues and implications for research on disturbed oceanic islands illustrated through an ant survey of the Cocos (Keeling) Islands",Hymenoptera,Formicidae
"Cardiocondyla nuda (Mayr, 1866)",French Frigate Shoals,"Beardsley, J.W. (1966) Insects and other terrestrial arthropods from the Leeward Hawaiian Islands",Hymenoptera,Formicidae
"Cardiocondyla nuda (Mayr, 1866)",Kure,"Butler, G.D., & Usinger, R.L. (1963) Insects and other arthropods from Kure Island",Hymenoptera,Formicidae
"Cardiocondyla nuda (Mayr, 1866)",Laysan,"Asquith, A. (1994) The arthropod fauna of Laysan Island",Hymenoptera,Formicidae
"Cardiocondyla nuda (Mayr, 1866)",Midway,"Suehiro, A. (1960) Insects and other arthropods from Midway atoll",Hymenoptera,Formicidae
"Cardiocondyla nuda (Mayr, 1866)",Nukunonu,"Abbott, K.L., Sarty, M., & Lester, P.J. (2006) The ants of Tokelau",Hymenoptera,Formicidae
"Cardiocondyla nuda (Mayr, 1866)",Pearl and Hermes,"Beardsley, J.W. (1966) Insects and other terrestrial arthropods from the Leeward Hawaiian Islands",Hymenoptera,Formicidae
"Cardiocondyla nuda (Mayr, 1866)",Ulithi,"Clouse, R.M. (2007) The ants of Micronesia (Hymenoptera: Formicidae)",Hymenoptera,Formicidae
"Cardiocondyla nuda (Mayr, 1866)",Wake,"Clouse, R.M. (2007) The ants of Micronesia (Hymenoptera: Formicidae)",Hymenoptera,Formicidae
"Cardiocondyla tjibodana (Karavaiev, 1935)",Jaluit,"Clouse, R.M. (2007) The ants of Micronesia (Hymenoptera: Formicidae)",Hymenoptera,Formicidae
"Cardiocondyla tjibodana (Karavaiev, 1935)",Ulithi,"Clouse, R.M. (2007) The ants of Micronesia (Hymenoptera: Formicidae)",Hymenoptera,Formicidae
Cardiocondyla sp.,Diego Garcia,"Hutson, A.M. (1981) A preliminary list of insects of Diego Garcia Atoll, Chagos Archipelago",Hymenoptera,Formicidae
Cardiocondyla sp.,Johnston,"Binion Amerson, A., & Shelton, P.C. (1976) The natural history of Johnston atoll, Central Pacific Ocean",Hymenoptera,Formicidae
Cardiocondyla sp.,Nukunonu,"Hickley, A.D. (1969) Ecology of terrestrial arthropods of the Tokelau atolls",Hymenoptera,Formicidae
"Crematogaster biroi (Mayr, 1897)",Nomwin,"Clouse, R.M. (2007) The ants of Micronesia (Hymenoptera: Formicidae)",Hymenoptera,Formicidae
"Crematogaster emeryi (Forel, 1907)",Arno,"Clouse, R.M. (2007) The ants of Micronesia (Hymenoptera: Formicidae)",Hymenoptera,Formicidae
"Crematogaster fritzi (Emery, 1901)",Ant,"Clouse, R.M. (2007) The ants of Micronesia (Hymenoptera: Formicidae)",Hymenoptera,Formicidae
"Hypoponera confinis (Roger, 1860)",Ant,"Clouse, R.M. (2007) The ants of Micronesia (Hymenoptera: Formicidae)",Hymenoptera,Formicidae
"Hypoponera gleadowi (Forel, 1895)",Kure,"Butler, G.D., & Usinger, R.L. (1963) Insects and other arthropods from Kure Island",Hymenoptera,Formicidae
"Hypoponera punctatissima (Roger, 1859)",French Frigate Shoals,"Beardsley, J.W. (1966) Insects and other terrestrial arthropods from the Leeward Hawaiian Islands",Hymenoptera,Formicidae
"Hypoponera punctatissima (Roger, 1859)",Jaluit,"Clouse, R.M. (2007) The ants of Micronesia (Hymenoptera: Formicidae)",Hymenoptera,Formicidae
"Hypoponera punctatissima (Roger, 1859)",Laysan,"McClelland, G.T.W., & Jones, I.L. (2009) The invasive ant fauna (Hymenoptera, Formicidae) of Laysan Island, Hawaiian Islands National Wildlife Refuge",Hymenoptera,Formicidae
"Hypoponera punctatissima (Roger, 1859)",Palmyra,"Handler, A.T., et al. (2007) Arthropod surveys on Palmyra Atoll, Line Islands, and insights into the decline of the native tree Pisonia grandis (Nycatginaceae)",Hymenoptera,Formicidae
"Hypoponera punctatissima (Roger, 1859)",Rose,"Peck, R.W., et al. (2014) Arthropods of Rose atoll with special reference to ants and Pulvianaria urbicola scales (Hemiptera: Coccidae) on Pisonia grandis trees",Hymenoptera,Formicidae
Hypoponera sp.,South Keeling,"Neville, P.J., O'Dowd, D.J., & Yen, A.L. (2008) Issues and implications for research on disturbed oceanic islands illustrated through an ant survey of the Cocos (Keeling) Islands",Hymenoptera,Formicidae
"Iridomyrmex anceps (Roger, 1863)",Arno,"Clouse, R.M. (2007) The ants of Micronesia (Hymenoptera: Formicidae)",Hymenoptera,Formicidae
"Iridomyrmex anceps (Roger, 1863)",Kwajalein,"Sugerman, B.B. (1972) Insects and other arthropods from Kwajalein atoll (Marshall Islands)",Hymenoptera,Formicidae
"Iridomyrmex anceps (Roger, 1863)",Majuro,"Clouse, R.M. (2007) The ants of Micronesia (Hymenoptera: Formicidae)",Hymenoptera,Formicidae
"Iridomyrmex anceps (Roger, 1863)",Mokil,"Clouse, R.M. (2007) The ants of Micronesia (Hymenoptera: Formicidae)",Hymenoptera,Formicidae
"Iridomyrmex anceps (Roger, 1863)",Nomwin,"Clouse, R.M. (2007) The ants of Micronesia (Hymenoptera: Formicidae)",Hymenoptera,Formicidae
"Iridomyrmex anceps (Roger, 1863)",Nukunonu,"Lester, P.J., & Tavite, A. (2004) Long-legged ants, Anoplolepis gracilipes (Hymenoptera: Formicidae), have invaded Tokelau, changing composition and dynamics of ant and invertebrate communities",Hymenoptera,Formicidae
"Iridomyrmex anceps (Roger, 1863)",Pingelap,"Clouse, R.M. (2007) The ants of Micronesia (Hymenoptera: Formicidae)",Hymenoptera,Formicidae
"Iridomyrmex anceps (Roger, 1863)",Satawan,"Clouse, R.M. (2007) The ants of Micronesia (Hymenoptera: Formicidae)",Hymenoptera,Formicidae
"Iridomyrmex anceps (Roger, 1863)",Ulithi,"Clouse, R.M. (2007) The ants of Micronesia (Hymenoptera: Formicidae)",Hymenoptera,Formicidae
"Leptogenys falcigera (Roger, 1861)",Ngcheangel,"Clouse, R.M. (2007) The ants of Micronesia (Hymenoptera: Formicidae)",Hymenoptera,Formicidae
"Leptogenys maxillosa (Smith, 1858)",Aldabra,"Frith, D.W. (1979) A list of insects caught in light traps on West Island, Aldabra Atoll, Indian Ocean",Hymenoptera,Formicidae
"Meranoplus oceanicus (Smith, 1862)",Funafuti,"Hedley, C. (1900) The atoll of Funafuti, Ellice Group - its zoology, botany, ethnology, and general structure",Hymenoptera,Formicidae
"Meranoplus pubescens (Smith, 1853)",Funafuti,"Hedley, C. (1900) The atoll of Funafuti, Ellice Group - its zoology, botany, ethnology, and general structure",Hymenoptera,Formicidae
"Monomorium chinense (Santschi, 1925)",Kapingamarangi,"Clouse, R.M. (2007) The ants of Micronesia (Hymenoptera: Formicidae)",Hymenoptera,Formicidae
"Monomorium destructor (Jerdon, 1851)",Bikini,"Clouse, R.M. (2007) The ants of Micronesia (Hymenoptera: Formicidae)",Hymenoptera,Formicidae
"Monomorium destructor (Jerdon, 1851)",Funafuti,"Vaqalo, M., et al. (2014) Yellow crazy ants and fruit fly surveys in Tuvalu",Hymenoptera,Formicidae
"Monomorium destructor (Jerdon, 1851)",Johnston,"Rash, R. (2020) Checklist and images documenting the biodiversity of Johnston Atoll National Wildlife Refuge",Hymenoptera,Formicidae
"Monomorium destructor (Jerdon, 1851)",Lae,"Clouse, R.M. (2007) The ants of Micronesia (Hymenoptera: Formicidae)",Hymenoptera,Formicidae
"Monomorium destructor (Jerdon, 1851)",Laysan,"Butler, G.D. (1961) Insects and other arthropods from Laysan Island",Hymenoptera,Formicidae
"Monomorium destructor (Jerdon, 1851)",Onotoa,"Clouse, R.M. (2007) The ants of Micronesia (Hymenoptera: Formicidae)",Hymenoptera,Formicidae
"Monomorium destructor (Jerdon, 1851)",Wake,"Clouse, R.M. (2007) The ants of Micronesia (Hymenoptera: Formicidae)",Hymenoptera,Formicidae
"Monomorium ebeninum (Forel, 1891)",Funafuti,"Vaqalo, M., et al. (2014) Yellow crazy ants and fruit fly surveys in Tuvalu",Hymenoptera,Formicidae
"Monomorium floricola (Jerdon, 1851)",Aldabra,"Voeltzkow, A., & Forel, A. (1897) Ameisen aus Nossi-Bé, Majunga, Juan de Nova (Madagaskar), den Aldabra-Inseln und Sansibar",Hymenoptera,Formicidae
"Monomorium floricola (Jerdon, 1851)",Ducie,"Morrison, L.W. (1997) Polynesian ant (Hymenoptera: Formicidae) species richness and distribution: a regional survey",Hymenoptera,Formicidae
"Monomorium floricola (Jerdon, 1851)",Eniwetok,"Clouse, R.M. (2007) The ants of Micronesia (Hymenoptera: Formicidae)",Hymenoptera,Formicidae
"Monomorium floricola (Jerdon, 1851)",French Frigate Shoals,"Beardsley, J.W. (1966) Insects and other terrestrial arthropods from the Leeward Hawaiian Islands",Hymenoptera,Formicidae
"Monomorium floricola (Jerdon, 1851)",Jaluit,"Clouse, R.M. (2007) The ants of Micronesia (Hymenoptera: Formicidae)",Hymenoptera,Formicidae
"Monomorium floricola (Jerdon, 1851)",Johnston,"Rash, R. (2020) Checklist and images documenting the biodiversity of Johnston Atoll National Wildlife Refuge",Hymenoptera,Formicidae
"Monomorium floricola (Jerdon, 1851)",Kapingamarangi,"Clouse, R.M. (2007) The ants of Micronesia (Hymenoptera: Formicidae)",Hymenoptera,Formicidae
"Monomorium floricola (Jerdon, 1851)",Kwajalein,"Sugerman, B.B. (1972) Insects and other arthropods from Kwajalein atoll (Marshall Islands)",Hymenoptera,Formicidae
"Monomorium floricola (Jerdon, 1851)",Laysan,"Butler, G.D. (1961) Insects and other arthropods from Laysan Island",Hymenoptera,Formicidae
"Monomorium floricola (Jerdon, 1851)",Midway,"Nishida, G.M. & Beardsley, J.W. (2002) A review of the insects and related arthropods of Midway atoll",Hymenoptera,Formicidae
"Monomorium floricola (Jerdon, 1851)",Mokil,"Clouse, R.M. (2007) The ants of Micronesia (Hymenoptera: Formicidae)",Hymenoptera,Formicidae
"Monomorium floricola (Jerdon, 1851)",Niau,"Ramage, T. (2014) Les fourmis de Polynésie francaise",Hymenoptera,Formicidae
"Monomorium floricola (Jerdon, 1851)",Nukunonu,"Lester, P.J., & Tavite, A. (2004) Long-legged ants, Anoplolepis gracilipes (Hymenoptera: Formicidae), have invaded Tokelau, changing composition and dynamics of ant and invertebrate communities",Hymenoptera,Formicidae
"Monomorium floricola (Jerdon, 1851)",Palmyra,"Handler, A.T., et al. (2007) Arthropod surveys on Palmyra Atoll, Line Islands, and insights into the decline of the native tree Pisonia grandis (Nycatginaceae)",Hymenoptera,Formicidae
"Monomorium floricola (Jerdon, 1851)",Ulithi,"Clouse, R.M. (2007) The ants of Micronesia (Hymenoptera: Formicidae)",Hymenoptera,Formicidae
"Monomorium floricola (Jerdon, 1851)",Wake,"Clouse, R.M. (2007) The ants of Micronesia (Hymenoptera: Formicidae)",Hymenoptera,Formicidae
"Monomorium indicum (Forel, 1902)",Johnston,"Rash, R. (2020) Checklist and images documenting the biodiversity of Johnston Atoll National Wildlife Refuge",Hymenoptera,Formicidae
"Monomorium latinode (Mayr, 1872)",South Keeling,"Neville, P.J., O'Dowd, D.J., & Yen, A.L. (2008) Issues and implications for research on disturbed oceanic islands illustrated through an ant survey of the Cocos (Keeling) Islands",Hymenoptera,Formicidae
"Monomorium liliuokalanii (Forel, 1899)",Laysan,"McClelland, G.T.W., & Jones, I.L. (2009) The invasive ant fauna (Hymenoptera, Formicidae) of Laysan Island, Hawaiian Islands National Wildlife Refuge",Hymenoptera,Formicidae
"Monomorium liliuokalanii (Forel, 1899)",Nukunonu,"Abbott, K.L., Sarty, M., & Lester, P.J. (2006) The ants of Tokelau",Hymenoptera,Formicidae
"Monomorium mayri (Forel, 1902)",Kavaratti,"Tak, N., & Sanyal, A.K. (2013) First record of ants (Insecta: Hymenoptera: Formicidae) from Lakshadweep Islands, India",Hymenoptera,Formicidae
"Monomorium monomorium (Bolton, 1987)",Laysan,"Morin, M., & Conant, S. (1998) Laysan Island Ecosystem Restoration Plan",Hymenoptera,Formicidae
"Monomorium monomorium (Bolton, 1987)",Midway,"Suehiro, A. (1960) Insects and other arthropods from Midway atoll",Hymenoptera,Formicidae
"Monomorium minimum (Buckley, 1867)",Laysan,"Butler, G.D. (1961) Insects and other arthropods from Laysan Island",Hymenoptera,Formicidae
"Monomorium pharaonis (L., 1758)",Eniwetok,"Clouse, R.M. (2007) The ants of Micronesia (Hymenoptera: Formicidae)",Hymenoptera,Formicidae
"Monomorium pharaonis (L., 1758)",Farquhar,"Parnaudeau, R., & Madl, M. (2009) Liste des Hyménoptères des îlots coralliens francais et mauriciens de l'océan Indien occidental",Hymenoptera,Formicidae
"Monomorium pharaonis (L., 1758)",French Frigate Shoals,"Beardsley, J.W. (1966) Insects and other terrestrial arthropods from the Leeward Hawaiian Islands",Hymenoptera,Formicidae
"Monomorium pharaonis (L., 1758)",Johnston,"Binion Amerson, A., & Shelton, P.C. (1976) The natural history of Johnston atoll, Central Pacific Ocean",Hymenoptera,Formicidae
"Monomorium pharaonis (L., 1758)",Laysan,"McClelland, G.T.W., & Jones, I.L. (2009) The invasive ant fauna (Hymenoptera, Formicidae) of Laysan Island, Hawaiian Islands National Wildlife Refuge",Hymenoptera,Formicidae
"Monomorium pharaonis (L., 1758)",Midway,"Nishida, G.M. & Beardsley, J.W. (2002) A review of the insects and related arthropods of Midway atoll",Hymenoptera,Formicidae
"Monomorium pharaonis (L., 1758)",Mokil,"Clouse, R.M. (2007) The ants of Micronesia (Hymenoptera: Formicidae)",Hymenoptera,Formicidae
"Monomorium pharaonis (L., 1758)",Niau,"Ramage, T. (2014) Les fourmis de Polynésie francaise",Hymenoptera,Formicidae
"Monomorium pharaonis (L., 1758)",Nukunonu,"Abbott, K.L., Sarty, M., & Lester, P.J. (2006) The ants of Tokelau",Hymenoptera,Formicidae
"Monomorium pharaonis (L., 1758)",Palmyra,"Wetterer, J.K. (2010) Worldwide spread of the pharaoh ant, Monomorium pharaonis (Hymenoptera - Formicidae)",Hymenoptera,Formicidae
"Monomorium pharaonis (L., 1758)",Pingelap,"Clouse, R.M. (2007) The ants of Micronesia (Hymenoptera: Formicidae)",Hymenoptera,Formicidae
"Monomorium pharaonis (L., 1758)",Rose,"Peck, R.W., et al. (2014) Arthropods of Rose atoll with special reference to ants and Pulvianaria urbicola scales (Hemiptera: Coccidae) on Pisonia grandis trees",Hymenoptera,Formicidae
"Monomorium pharaonis (L., 1758)",Wake,"Bryan, E.H. (1926) Insects of Hawaii, Johnston Island and Wake Island",Hymenoptera,Formicidae
"Monomorium sechellense (Emery, 1894)",Johnston,"Rash, R. (2020) Checklist and images documenting the biodiversity of Johnston Atoll National Wildlife Refuge",Hymenoptera,Formicidae
"Monomorium talpa (Emery, 1911)",South Keeling,"Neville, P.J., O'Dowd, D.J., & Yen, A.L. (2008) Issues and implications for research on disturbed oceanic islands illustrated through an ant survey of the Cocos (Keeling) Islands",Hymenoptera,Formicidae
"Nylanderia bourbonica (Forel, 1886)",Abariringa,"van Zwaluwenburg, R.H. (1955) The insects and certain other arthropods of Canton Island",Hymenoptera,Formicidae
"Nylanderia bourbonica (Forel, 1886)",Ant,"Clouse, R.M. (2007) The ants of Micronesia (Hymenoptera: Formicidae)",Hymenoptera,Formicidae
"Nylanderia bourbonica (Forel, 1886)",Arno,"Clouse, R.M. (2007) The ants of Micronesia (Hymenoptera: Formicidae)",Hymenoptera,Formicidae
"Nylanderia bourbonica (Forel, 1886)",South Keeling,"Neville, P.J., O'Dowd, D.J., & Yen, A.L. (2008) Issues and implications for research on disturbed oceanic islands illustrated through an ant survey of the Cocos (Keeling) Islands",Hymenoptera,Formicidae
"Nylanderia bourbonica (Forel, 1886)",Diego Garcia,"Barnett, L.K., & Emms, C. (1996) An annotated checklist of the Chagos archipelago terrestrial fauna (omitting birds) recorded during the 1996 'Friends of the Chagos' expedition",Hymenoptera,Formicidae
"Nylanderia bourbonica (Forel, 1886)",Eniwetok,"Clouse, R.M. (2007) The ants of Micronesia (Hymenoptera: Formicidae)",Hymenoptera,Formicidae
"Nylanderia bourbonica (Forel, 1886)",Farquhar,"Forel, A. (1907) No. VI - Fourmis des Seychelles, Amirantes, Farquhar et Chagos",Hymenoptera,Formicidae
"Nylanderia bourbonica (Forel, 1886)",Funafuti,"Vaqalo, M., et al. (2014) Yellow crazy ants and fruit fly surveys in Tuvalu",Hymenoptera,Formicidae
"Nylanderia bourbonica (Forel, 1886)",Kapingamarangi,"Clouse, R.M. (2007) The ants of Micronesia (Hymenoptera: Formicidae)",Hymenoptera,Formicidae
"Nylanderia bourbonica (Forel, 1886)",Kwajalein,"Sugerman, B.B. (1972) Insects and other arthropods from Kwajalein atoll (Marshall Islands)",Hymenoptera,Formicidae
"Nylanderia bourbonica (Forel, 1886)",Midway,"Suehiro, A. (1960) Insects and other arthropods from Midway atoll",Hymenoptera,Formicidae
"Nylanderia bourbonica (Forel, 1886)",Niau,"Ramage, T. (2014) Les fourmis de Polynésie francaise",Hymenoptera,Formicidae
"Nylanderia bourbonica (Forel, 1886)",Nomwin,"Clouse, R.M. (2007) The ants of Micronesia (Hymenoptera: Formicidae)",Hymenoptera,Formicidae
"Nylanderia bourbonica (Forel, 1886)",Nukunonu,"Hickley, A.D. (1969) Ecology of terrestrial arthropods of the Tokelau atolls",Hymenoptera,Formicidae
"Nylanderia bourbonica (Forel, 1886)",Palmyra,"Handler, A.T., et al. (2007) Arthropod surveys on Palmyra Atoll, Line Islands, and insights into the decline of the native tree Pisonia grandis (Nycatginaceae)",Hymenoptera,Formicidae
"Nylanderia bourbonica (Forel, 1886)",Rangiroa,"Ramage, T. (2014) Les fourmis de Polynésie francaise",Hymenoptera,Formicidae
"Nylanderia bourbonica (Forel, 1886)",Wake,"Clouse, R.M. (2007) The ants of Micronesia (Hymenoptera: Formicidae)",Hymenoptera,Formicidae
"Nylanderia steinheili (Forel, 1893)",Aldabra,"Forel, A. (1912) No. XI - Fourmis des Seychelles et des Aldabras, recues de M. Hugh Scott",Hymenoptera,Formicidae
Nylanderia sp.,Kwajalein,"Sugerman, B.B. (1972) Insects and other arthropods from Kwajalein atoll (Marshall Islands)",Hymenoptera,Formicidae
"Ochetellus glaber (Mayr, 1862)",South Keeling,"Neville, P.J., O'Dowd, D.J., & Yen, A.L. (2008) Issues and implications for research on disturbed oceanic islands illustrated through an ant survey of the Cocos (Keeling) Islands",Hymenoptera,Formicidae
"Ochetellus glaber (Mayr, 1862)",Johnston,"Rash, R. (2020) Checklist and images documenting the biodiversity of Johnston Atoll National Wildlife Refuge",Hymenoptera,Formicidae
"Odontomachus bauri (Emery, 1892)",Clipperton,"Garrouste, R., & Hervé, C. (2009) La faune des insectes (Insecta s.l.) de l'atoll de Clipperton",Hymenoptera,Formicidae
"Odontomachus haematodus (L., 1758)",South Keeling,"Gibson-Hill, C.A. (1950) Notes on the insects taken on the Cocos-Keeling Islands",Hymenoptera,Formicidae
"Odontomachus haematodus (L., 1758)",Onotoa,"Moul, E.T. (1954) Preliminary report on land animals at Onotoa atoll, Gilbert Islands",Hymenoptera,Formicidae
"Odontomachus simillimus (Smith, 1858)",Ant,"Clouse, R.M. (2007) The ants of Micronesia (Hymenoptera: Formicidae)",Hymenoptera,Formicidae
"Odontomachus simillimus (Smith, 1858)",Arno,"Clouse, R.M. (2007) The ants of Micronesia (Hymenoptera: Formicidae)",Hymenoptera,Formicidae
"Odontomachus simillimus (Smith, 1858)",Bikini,"Clouse, R.M. (2007) The ants of Micronesia (Hymenoptera: Formicidae)",Hymenoptera,Formicidae
"Odontomachus simillimus (Smith, 1858)",South Keeling,"Neville, P.J., O'Dowd, D.J., & Yen, A.L. (2008) Issues and implications for research on disturbed oceanic islands illustrated through an ant survey of the Cocos (Keeling) Islands",Hymenoptera,Formicidae
"Odontomachus simillimus (Smith, 1858)",Eniwetok,"Clouse, R.M. (2007) The ants of Micronesia (Hymenoptera: Formicidae)",Hymenoptera,Formicidae
"Odontomachus simillimus (Smith, 1858)",Jaluit,"Clouse, R.M. (2007) The ants of Micronesia (Hymenoptera: Formicidae)",Hymenoptera,Formicidae
"Odontomachus simillimus (Smith, 1858)",Kapingamarangi,"Clouse, R.M. (2007) The ants of Micronesia (Hymenoptera: Formicidae)",Hymenoptera,Formicidae
"Odontomachus simillimus (Smith, 1858)",Kwajalein,"Sugerman, B.B. (1972) Insects and other arthropods from Kwajalein atoll (Marshall Islands)",Hymenoptera,Formicidae
"Odontomachus simillimus (Smith, 1858)",Majuro,"Clouse, R.M. (2007) The ants of Micronesia (Hymenoptera: Formicidae)",Hymenoptera,Formicidae
"Odontomachus simillimus (Smith, 1858)",Ngcheangel,"Clouse, R.M. (2007) The ants of Micronesia (Hymenoptera: Formicidae)",Hymenoptera,Formicidae
"Odontomachus simillimus (Smith, 1858)",Nukunonu,"Hickley, A.D. (1969) Ecology of terrestrial arthropods of the Tokelau atolls",Hymenoptera,Formicidae
"Odontomachus simillimus (Smith, 1858)",Pingelap,"Clouse, R.M. (2007) The ants of Micronesia (Hymenoptera: Formicidae)",Hymenoptera,Formicidae
"Odontomachus simillimus (Smith, 1858)",Sorol,"Clouse, R.M. (2007) The ants of Micronesia (Hymenoptera: Formicidae)",Hymenoptera,Formicidae
"Odontomachus simillimus (Smith, 1858)",Ulithi,"Clouse, R.M. (2007) The ants of Micronesia (Hymenoptera: Formicidae)",Hymenoptera,Formicidae
"Rogeria stigmatica (Emery, 1897)",Ant,"Clouse, R.M. (2007) The ants of Micronesia (Hymenoptera: Formicidae)",Hymenoptera,Formicidae
"Rogeria stigmatica (Emery, 1897)",Nukunonu,"Lester, P.J., & Tavite, A. (2004) Long-legged ants, Anoplolepis gracilipes (Hymenoptera: Formicidae), have invaded Tokelau, changing composition and dynamics of ant and invertebrate communities",Hymenoptera,Formicidae
"Paratrechina clandestina (Mayr, 1870)",Ant,"Clouse, R.M. (2007) The ants of Micronesia (Hymenoptera: Formicidae)",Hymenoptera,Formicidae
"Paratrechina longicornis (Latreille, 1802)",Abariringa,"van Zwaluwenburg, R.H. (1955) The insects and certain other arthropods of Canton Island",Hymenoptera,Formicidae
"Paratrechina longicornis (Latreille, 1802)",Aldabra,"Voeltzkow, A., & Forel, A. (1897) Ameisen aus Nossi-Bé, Majunga, Juan de Nova (Madagaskar), den Aldabra-Inseln und Sansibar",Hymenoptera,Formicidae
"Paratrechina longicornis (Latreille, 1802)",Ant,"Clouse, R.M. (2007) The ants of Micronesia (Hymenoptera: Formicidae)",Hymenoptera,Formicidae
"Paratrechina longicornis (Latreille, 1802)",Arno,"Clouse, R.M. (2007) The ants of Micronesia (Hymenoptera: Formicidae)",Hymenoptera,Formicidae
"Paratrechina longicornis (Latreille, 1802)",South Keeling,"Bellis, G.A., et al. (2004) Records of insect pests on Christmas Island and the Cocos (Keeling) Islands, Indian Ocean",Hymenoptera,Formicidae
"Paratrechina longicornis (Latreille, 1802)",French Frigate Shoals,"Beardsley, J.W. (1966) Insects and other terrestrial arthropods from the Leeward Hawaiian Islands",Hymenoptera,Formicidae
"Paratrechina longicornis (Latreille, 1802)",Funafuti,"Vaqalo, M., et al. (2014) Yellow crazy ants and fruit fly surveys in Tuvalu",Hymenoptera,Formicidae
"Paratrechina longicornis (Latreille, 1802)",Jaluit,"Clouse, R.M. (2007) The ants of Micronesia (Hymenoptera: Formicidae)",Hymenoptera,Formicidae
"Paratrechina longicornis (Latreille, 1802)",Johnston,"Binion Amerson, A., & Shelton, P.C. (1976) The natural history of Johnston atoll, Central Pacific Ocean",Hymenoptera,Formicidae
"Paratrechina longicornis (Latreille, 1802)",Kapingamarangi,"Clouse, R.M. (2007) The ants of Micronesia (Hymenoptera: Formicidae)",Hymenoptera,Formicidae
"Paratrechina longicornis (Latreille, 1802)",Kavaratti,"Tak, N., & Sanyal, A.K. (2013) First record of ants (Insecta: Hymenoptera: Formicidae) from Lakshadweep Islands, India",Hymenoptera,Formicidae
"Paratrechina longicornis (Latreille, 1802)",Kwajalein,"Sugerman, B.B. (1972) Insects and other arthropods from Kwajalein atoll (Marshall Islands)",Hymenoptera,Formicidae
"Paratrechina longicornis (Latreille, 1802)",Midway,"Suehiro, A. (1960) Insects and other arthropods from Midway atoll",Hymenoptera,Formicidae
"Paratrechina longicornis (Latreille, 1802)",Niau,"Ramage, T. (2014) Les fourmis de Polynésie francaise",Hymenoptera,Formicidae
"Paratrechina longicornis (Latreille, 1802)",Nomwin,"Clouse, R.M. (2007) The ants of Micronesia (Hymenoptera: Formicidae)",Hymenoptera,Formicidae
"Paratrechina longicornis (Latreille, 1802)",Nukunonu,"Lester, P.J., & Tavite, A. (2004) Long-legged ants, Anoplolepis gracilipes (Hymenoptera: Formicidae), have invaded Tokelau, changing composition and dynamics of ant and invertebrate communities",Hymenoptera,Formicidae
"Paratrechina longicornis (Latreille, 1802)",Palmyra,"Handler, A.T., et al. (2007) Arthropod surveys on Palmyra Atoll, Line Islands, and insights into the decline of the native tree Pisonia grandis (Nycatginaceae)",Hymenoptera,Formicidae
"Paratrechina longicornis (Latreille, 1802)",Pingelap,"Clouse, R.M. (2007) The ants of Micronesia (Hymenoptera: Formicidae)",Hymenoptera,Formicidae
"Paratrechina longicornis (Latreille, 1802)",Ulithi,"Clouse, R.M. (2007) The ants of Micronesia (Hymenoptera: Formicidae)",Hymenoptera,Formicidae
"Paratrechina longicornis (Latreille, 1802)",Wake,"Clouse, R.M. (2007) The ants of Micronesia (Hymenoptera: Formicidae)",Hymenoptera,Formicidae
"Paratrechina minutula (Forel, 1901)",Rose,"Peck, R.W., et al. (2014) Arthropods of Rose atoll with special reference to ants and Pulvianaria urbicola scales (Hemiptera: Coccidae) on Pisonia grandis trees",Hymenoptera,Formicidae
"Paratrechina vaga (Forel, 1901)",Ant,"Clouse, R.M. (2007) The ants of Micronesia (Hymenoptera: Formicidae)",Hymenoptera,Formicidae
"Paratrechina vaga (Forel, 1901)",Arno,"Clouse, R.M. (2007) The ants of Micronesia (Hymenoptera: Formicidae)",Hymenoptera,Formicidae
"Paratrechina vaga (Forel, 1901)",Funafuti,"Vaqalo, M., et al. (2014) Yellow crazy ants and fruit fly surveys in Tuvalu",Hymenoptera,Formicidae
"Paratrechina vaga (Forel, 1901)",Kapingamarangi,"Clouse, R.M. (2007) The ants of Micronesia (Hymenoptera: Formicidae)",Hymenoptera,Formicidae
"Paratrechina vaga (Forel, 1901)",Majuro,"Clouse, R.M. (2007) The ants of Micronesia (Hymenoptera: Formicidae)",Hymenoptera,Formicidae
"Paratrechina vaga (Forel, 1901)",Mokil,"Clouse, R.M. (2007) The ants of Micronesia (Hymenoptera: Formicidae)",Hymenoptera,Formicidae
"Paratrechina vaga (Forel, 1901)",Niau,"Ramage, T. (2014) Les fourmis de Polynésie francaise",Hymenoptera,Formicidae
"Paratrechina vaga (Forel, 1901)",Nomwin,"Clouse, R.M. (2007) The ants of Micronesia (Hymenoptera: Formicidae)",Hymenoptera,Formicidae
"Paratrechina vaga (Forel, 1901)",Nukunonu,"Lester, P.J., & Tavite, A. (2004) Long-legged ants, Anoplolepis gracilipes (Hymenoptera: Formicidae), have invaded Tokelau, changing composition and dynamics of ant and invertebrate communities",Hymenoptera,Formicidae
"Paratrechina vaga (Forel, 1901)",Palmyra,"Handler, A.T., et al. (2007) Arthropod surveys on Palmyra Atoll, Line Islands, and insights into the decline of the native tree Pisonia grandis (Nycatginaceae)",Hymenoptera,Formicidae
"Paratrechina vaga (Forel, 1901)",Pingelap,"Clouse, R.M. (2007) The ants of Micronesia (Hymenoptera: Formicidae)",Hymenoptera,Formicidae
"Paratrechina vaga (Forel, 1901)",Sorol,"Clouse, R.M. (2007) The ants of Micronesia (Hymenoptera: Formicidae)",Hymenoptera,Formicidae
"Pheidole fervens (Smith, 1858)",Ant,"Clouse, R.M. (2007) The ants of Micronesia (Hymenoptera: Formicidae)",Hymenoptera,Formicidae
"Pheidole fervens (Smith, 1858)",Funafuti,"Vaqalo, M., et al. (2014) Yellow crazy ants and fruit fly surveys in Tuvalu",Hymenoptera,Formicidae
"Pheidole fervens (Smith, 1858)",Kapingamarangi,"Clouse, R.M. (2007) The ants of Micronesia (Hymenoptera: Formicidae)",Hymenoptera,Formicidae
"Pheidole fervens (Smith, 1858)",Niau,"Ramage, T. (2014) Les fourmis de Polynésie francaise",Hymenoptera,Formicidae
"Pheidole fervens (Smith, 1858)",Nukunonu,"Abbott, K.L., Sarty, M., & Lester, P.J. (2006) The ants of Tokelau",Hymenoptera,Formicidae
"Pheidole flavens (Roger, 1863)",Farquhar,"Forel, A. (1907) No. VI - Fourmis des Seychelles, Amirantes, Farquhar et Chagos",Hymenoptera,Formicidae
"Pheidole megacephala (Fabricius, 1793)",South Keeling,"Neville, P.J., O'Dowd, D.J., & Yen, A.L. (2008) Issues and implications for research on disturbed oceanic islands illustrated through an ant survey of the Cocos (Keeling) Islands",Hymenoptera,Formicidae
"Pheidole megacephala (Fabricius, 1793)",Eniwetok,"Clouse, R.M. (2007) The ants of Micronesia (Hymenoptera: Formicidae)",Hymenoptera,Formicidae
"Pheidole megacephala (Fabricius, 1793)",Farquhar,"Forel, A. (1907) No. VI - Fourmis des Seychelles, Amirantes, Farquhar et Chagos",Hymenoptera,Formicidae
"Pheidole megacephala (Fabricius, 1793)",Funafuti,"Vaqalo, M., et al. (2014) Yellow crazy ants and fruit fly surveys in Tuvalu",Hymenoptera,Formicidae
"Pheidole megacephala (Fabricius, 1793)",Jaluit,"Clouse, R.M. (2007) The ants of Micronesia (Hymenoptera: Formicidae)",Hymenoptera,Formicidae
"Pheidole megacephala (Fabricius, 1793)",Kapingamarangi,"Clouse, R.M. (2007) The ants of Micronesia (Hymenoptera: Formicidae)",Hymenoptera,Formicidae
"Pheidole megacephala (Fabricius, 1793)",Kwajalein,"Sugerman, B.B. (1972) Insects and other arthropods from Kwajalein atoll (Marshall Islands)",Hymenoptera,Formicidae
"Pheidole megacephala (Fabricius, 1793)",Laysan,"Butler, G.D. (1961) Insects and other arthropods from Laysan Island",Hymenoptera,Formicidae
"Pheidole megacephala (Fabricius, 1793)",Majuro,"Clouse, R.M. (2007) The ants of Micronesia (Hymenoptera: Formicidae)",Hymenoptera,Formicidae
"Pheidole megacephala (Fabricius, 1793)",Midway,"Suehiro, A. (1960) Insects and other arthropods from Midway atoll",Hymenoptera,Formicidae
"Pheidole megacephala (Fabricius, 1793)",Nukunonu,"Hickley, A.D. (1969) Ecology of terrestrial arthropods of the Tokelau atolls",Hymenoptera,Formicidae
"Pheidole megacephala (Fabricius, 1793)",Palmyra,"Handler, A.T., et al. (2007) Arthropod surveys on Palmyra Atoll, Line Islands, and insights into the decline of the native tree Pisonia grandis (Nycatginaceae)",Hymenoptera,Formicidae
"Pheidole megacephala (Fabricius, 1793)",Pearl and Hermes,"Beardsley, J.W. (1966) Insects and other terrestrial arthropods from the Leeward Hawaiian Islands",Hymenoptera,Formicidae
"Pheidole oceanica (Mayr, 1866)",Ant,"Clouse, R.M. (2007) The ants of Micronesia (Hymenoptera: Formicidae)",Hymenoptera,Formicidae
"Pheidole oceanica (Mayr, 1866)",Arno,"Clouse, R.M. (2007) The ants of Micronesia (Hymenoptera: Formicidae)",Hymenoptera,Formicidae
"Pheidole oceanica (Mayr, 1866)",Funafuti,"Hedley, C. (1900) The atoll of Funafuti, Ellice Group - its zoology, botany, ethnology, and general structure",Hymenoptera,Formicidae
"Pheidole oceanica (Mayr, 1866)",Kapingamarangi,"Clouse, R.M. (2007) The ants of Micronesia (Hymenoptera: Formicidae)",Hymenoptera,Formicidae
"Pheidole oceanica (Mayr, 1866)",Nomwin,"Clouse, R.M. (2007) The ants of Micronesia (Hymenoptera: Formicidae)",Hymenoptera,Formicidae
"Pheidole oceanica (Mayr, 1866)",Nukunonu,"Lester, P.J., & Tavite, A. (2004) Long-legged ants, Anoplolepis gracilipes (Hymenoptera: Formicidae), have invaded Tokelau, changing composition and dynamics of ant and invertebrate communities",Hymenoptera,Formicidae
"Pheidole oceanica (Mayr, 1866)",Pingelap,"Clouse, R.M. (2007) The ants of Micronesia (Hymenoptera: Formicidae)",Hymenoptera,Formicidae
"Pheidole oceanica (Mayr, 1866)",Rose,"Peck, R.W., et al. (2014) Arthropods of Rose atoll with special reference to ants and Pulvianaria urbicola scales (Hemiptera: Coccidae) on Pisonia grandis trees",Hymenoptera,Formicidae
"Pheidole oceanica (Mayr, 1866)",Takapoto,"Rivière, F. (1979) La vie animale terrestre à Takapoto",Hymenoptera,Formicidae
"Pheidole picata (Forel, 1891)",Aldabra,"Voeltzkow, A., & Forel, A. (1897) Ameisen aus Nossi-Bé, Majunga, Juan de Nova (Madagaskar), den Aldabra-Inseln und Sansibar",Hymenoptera,Formicidae
"Pheidole punctulata (Mayr, 1866)",Aldabra,"Voeltzkow, A., & Forel, A. (1897) Ameisen aus Nossi-Bé, Majunga, Juan de Nova (Madagaskar), den Aldabra-Inseln und Sansibar",Hymenoptera,Formicidae
"Pheidole punctulata (Mayr, 1866)",Farquhar,"Forel, A. (1907) No. VI - Fourmis des Seychelles, Amirantes, Farquhar et Chagos",Hymenoptera,Formicidae
"Pheidole sexspinosa (Mayr, 1870)",Ant,"Clouse, R.M. (2007) The ants of Micronesia (Hymenoptera: Formicidae)",Hymenoptera,Formicidae
"Pheidole sexspinosa (Mayr, 1870)",Arno,"Clouse, R.M. (2007) The ants of Micronesia (Hymenoptera: Formicidae)",Hymenoptera,Formicidae
"Pheidole sexspinosa (Mayr, 1870)",Funafuti,"Hedley, C. (1900) The atoll of Funafuti, Ellice Group - its zoology, botany, ethnology, and general structure",Hymenoptera,Formicidae
"Pheidole sexspinosa (Mayr, 1870)",Nukunonu,"Abbott, K.L., Sarty, M., & Lester, P.J. (2006) The ants of Tokelau",Hymenoptera,Formicidae
"Pheidole sexspinosa (Mayr, 1870)",Pingelap,"Clouse, R.M. (2007) The ants of Micronesia (Hymenoptera: Formicidae)",Hymenoptera,Formicidae
"Pheidole umbonata (Mayr, 1870)",Ant,"Clouse, R.M. (2007) The ants of Micronesia (Hymenoptera: Formicidae)",Hymenoptera,Formicidae
"Pheidole umbonata (Mayr, 1870)",Arno,"Clouse, R.M. (2007) The ants of Micronesia (Hymenoptera: Formicidae)",Hymenoptera,Formicidae
"Pheidole umbonata (Mayr, 1870)",Jaluit,"Clouse, R.M. (2007) The ants of Micronesia (Hymenoptera: Formicidae)",Hymenoptera,Formicidae
"Pheidole umbonata (Mayr, 1870)",Kapingamarangi,"Clouse, R.M. (2007) The ants of Micronesia (Hymenoptera: Formicidae)",Hymenoptera,Formicidae
"Pheidole umbonata (Mayr, 1870)",Kwajalein,"Clouse, R.M. (2007) The ants of Micronesia (Hymenoptera: Formicidae)",Hymenoptera,Formicidae
"Pheidole umbonata (Mayr, 1870)",Majuro,"Clouse, R.M. (2007) The ants of Micronesia (Hymenoptera: Formicidae)",Hymenoptera,Formicidae
"Pheidole umbonata (Mayr, 1870)",Mokil,"Clouse, R.M. (2007) The ants of Micronesia (Hymenoptera: Formicidae)",Hymenoptera,Formicidae
"Pheidole umbonata (Mayr, 1870)",Nukunonu,"Lester, P.J., & Tavite, A. (2004) Long-legged ants, Anoplolepis gracilipes (Hymenoptera: Formicidae), have invaded Tokelau, changing composition and dynamics of ant and invertebrate communities",Hymenoptera,Formicidae
"Pheidole umbonata (Mayr, 1870)",Pingelap,"Clouse, R.M. (2007) The ants of Micronesia (Hymenoptera: Formicidae)",Hymenoptera,Formicidae
"Pheidole umbonata (Mayr, 1870)",Ulithi,"Clouse, R.M. (2007) The ants of Micronesia (Hymenoptera: Formicidae)",Hymenoptera,Formicidae
"Pheidole voeltzkowii (Forel, 1894)",Aldabra,"Voeltzkow, A., & Forel, A. (1897) Ameisen aus Nossi-Bé, Majunga, Juan de Nova (Madagaskar), den Aldabra-Inseln und Sansibar",Hymenoptera,Formicidae
Pheidole sp.,South Keeling,"Neville, P.J., O'Dowd, D.J., & Yen, A.L. (2008) Issues and implications for research on disturbed oceanic islands illustrated through an ant survey of the Cocos (Keeling) Islands",Hymenoptera,Formicidae
"Plagiolepis alluaudi (Emery, 1894)",Farquhar,"Forel, A. (1907) No. VI - Fourmis des Seychelles, Amirantes, Farquhar et Chagos",Hymenoptera,Formicidae
"Plagiolepis alluaudi (Emery, 1894)",Johnston,"Rash, R. (2020) Checklist and images documenting the biodiversity of Johnston Atoll National Wildlife Refuge",Hymenoptera,Formicidae
"Plagiolepis alluaudi (Emery, 1894)",Laysan,"Butler, G.D. (1961) Insects and other arthropods from Laysan Island",Hymenoptera,Formicidae
"Plagiolepis alluaudi (Emery, 1894)",Midway,"Suehiro, A. (1960) Insects and other arthropods from Midway atoll",Hymenoptera,Formicidae
"Plagiolepis madecassa (Forel, 1892)",Aldabra,"Voeltzkow, A., & Forel, A. (1897) Ameisen aus Nossi-Bé, Majunga, Juan de Nova (Madagaskar), den Aldabra-Inseln und Sansibar",Hymenoptera,Formicidae
"Platythyrea parallela (Smith, 1859)",South Keeling,"Neville, P.J., O'Dowd, D.J., & Yen, A.L. (2008) Issues and implications for research on disturbed oceanic islands illustrated through an ant survey of the Cocos (Keeling) Islands",Hymenoptera,Formicidae
"Ponera swezeyi (Wheeler, 1933)",Rose,"Peck, R.W., et al. (2014) Arthropods of Rose atoll with special reference to ants and Pulvianaria urbicola scales (Hemiptera: Coccidae) on Pisonia grandis trees",Hymenoptera,Formicidae
Ponera sp.,Takapoto,"Rivière, F. (1979) La vie animale terrestre à Takapoto",Hymenoptera,Formicidae
"Prenolepis vividula (Nylander, 1846)",Funafuti,"Hedley, C. (1900) The atoll of Funafuti, Ellice Group - its zoology, botany, ethnology, and general structure",Hymenoptera,Formicidae
"Pristomyrmex minusculus (Wang, 2003)",Ant,"Clouse, R.M. (2007) The ants of Micronesia (Hymenoptera: Formicidae)",Hymenoptera,Formicidae
"Pyramica emmae (Emery, 1890)",South Keeling,"Neville, P.J., O'Dowd, D.J., & Yen, A.L. (2008) Issues and implications for research on disturbed oceanic islands illustrated through an ant survey of the Cocos (Keeling) Islands",Hymenoptera,Formicidae
"Solenopsis geminata (Fabricius, 1804)",Anaa,"Ramage, T. (2014) Les fourmis de Polynésie francaise",Hymenoptera,Formicidae
"Solenopsis geminata (Fabricius, 1804)",South Keeling,"Bellis, G.A., et al. (2004) Records of insect pests on Christmas Island and the Cocos (Keeling) Islands, Indian Ocean",Hymenoptera,Formicidae
"Solenopsis geminata (Fabricius, 1804)",Funafuti,"Vaqalo, M., et al. (2014) Yellow crazy ants and fruit fly surveys in Tuvalu",Hymenoptera,Formicidae
"Solenopsis geminata (Fabricius, 1804)",Johnston,"Binion Amerson, A., & Shelton, P.C. (1976) The natural history of Johnston atoll, Central Pacific Ocean",Hymenoptera,Formicidae
"Solenopsis geminata (Fabricius, 1804)",Kwajalein,"Sugerman, B.B. (1972) Insects and other arthropods from Kwajalein atoll (Marshall Islands)",Hymenoptera,Formicidae
"Solenopsis geminata (Fabricius, 1804)",Majuro,"Clouse, R.M. (2007) The ants of Micronesia (Hymenoptera: Formicidae)",Hymenoptera,Formicidae
"Solenopsis geminata (Fabricius, 1804)",Midway,"Suehiro, A. (1960) Insects and other arthropods from Midway atoll",Hymenoptera,Formicidae
"Solenopsis geminata (Fabricius, 1804)",Niau,"Ramage, T. (2014) Les fourmis de Polynésie francaise",Hymenoptera,Formicidae
"Solenopsis geminata (Fabricius, 1804)",Rangiroa,"Ramage, T. (2014) Les fourmis de Polynésie francaise",Hymenoptera,Formicidae
"Solenopsis geminata (Fabricius, 1804)",Takapoto,"Rivière, F. (1979) La vie animale terrestre à Takapoto",Hymenoptera,Formicidae
"Solenopsis geminata (Fabricius, 1804)",Wake,"Clouse, R.M. (2007) The ants of Micronesia (Hymenoptera: Formicidae)",Hymenoptera,Formicidae
"Strumigenys godeffroyi (Mayr, 1866)",Arno,"Clouse, R.M. (2007) The ants of Micronesia (Hymenoptera: Formicidae)",Hymenoptera,Formicidae
"Strumigenys godeffroyi (Mayr, 1866)",South Keeling,"Neville, P.J., O'Dowd, D.J., & Yen, A.L. (2008) Issues and implications for research on disturbed oceanic islands illustrated through an ant survey of the Cocos (Keeling) Islands",Hymenoptera,Formicidae
"Strumigenys godeffroyi (Mayr, 1866)",Nukunonu,"Abbott, K.L., Sarty, M., & Lester, P.J. (2006) The ants of Tokelau",Hymenoptera,Formicidae
"Strumigenys rogeri (Emery, 1890)",Palmyra,"Clouse, R.M. (2007) The ants of Micronesia (Hymenoptera: Formicidae)",Hymenoptera,Formicidae
"Strumigenys rogeri (Emery, 1890)",Rose,"Peck, R.W., et al. (2014) Arthropods of Rose atoll with special reference to ants and Pulvianaria urbicola scales (Hemiptera: Coccidae) on Pisonia grandis trees",Hymenoptera,Formicidae
"Tapinoma melanocephalum (Fabricius, 1793)",Abariringa,"van Zwaluwenburg, R.H. (1955) The insects and certain other arthropods of Canton Island",Hymenoptera,Formicidae
"Tapinoma melanocephalum (Fabricius, 1793)",Arno,"Clouse, R.M. (2007) The ants of Micronesia (Hymenoptera: Formicidae)",Hymenoptera,Formicidae
"Tapinoma melanocephalum (Fabricius, 1793)",Clipperton,"Garrouste, R., & Hervé, C. (2009) La faune des insectes (Insecta s.l.) de l'atoll de Clipperton",Hymenoptera,Formicidae
"Tapinoma melanocephalum (Fabricius, 1793)",South Keeling,"Neville, P.J., O'Dowd, D.J., & Yen, A.L. (2008) Issues and implications for research on disturbed oceanic islands illustrated through an ant survey of the Cocos (Keeling) Islands",Hymenoptera,Formicidae
"Tapinoma melanocephalum (Fabricius, 1793)",Eniwetok,"Clouse, R.M. (2007) The ants of Micronesia (Hymenoptera: Formicidae)",Hymenoptera,Formicidae
"Tapinoma melanocephalum (Fabricius, 1793)",Johnston,"Rash, R. (2020) Checklist and images documenting the biodiversity of Johnston Atoll National Wildlife Refuge",Hymenoptera,Formicidae
"Tapinoma melanocephalum (Fabricius, 1793)",Kapingamarangi,"Clouse, R.M. (2007) The ants of Micronesia (Hymenoptera: Formicidae)",Hymenoptera,Formicidae
"Tapinoma melanocephalum (Fabricius, 1793)",Kavaratti,"Tak, N., & Sanyal, A.K. (2013) First record of ants (Insecta: Hymenoptera: Formicidae) from Lakshadweep Islands, India",Hymenoptera,Formicidae
"Tapinoma melanocephalum (Fabricius, 1793)",Kure,"Butler, G.D., & Usinger, R.L. (1963) Insects and other arthropods from Kure Island",Hymenoptera,Formicidae
"Tapinoma melanocephalum (Fabricius, 1793)",Kwajalein,"Sugerman, B.B. (1972) Insects and other arthropods from Kwajalein atoll (Marshall Islands)",Hymenoptera,Formicidae
"Tapinoma melanocephalum (Fabricius, 1793)",Laysan,"Butler, G.D. (1961) Insects and other arthropods from Laysan Island",Hymenoptera,Formicidae
"Tapinoma melanocephalum (Fabricius, 1793)",Midway,"Suehiro, A. (1960) Insects and other arthropods from Midway atoll",Hymenoptera,Formicidae
"Tapinoma melanocephalum (Fabricius, 1793)",Niau,"Ramage, T. (2014) Les fourmis de Polynésie francaise",Hymenoptera,Formicidae
"Tapinoma melanocephalum (Fabricius, 1793)",Nukunonu,"Hickley, A.D. (1969) Ecology of terrestrial arthropods of the Tokelau atolls",Hymenoptera,Formicidae
"Tapinoma melanocephalum (Fabricius, 1793)",Palmyra,"Handler, A.T., et al. (2007) Arthropod surveys on Palmyra Atoll, Line Islands, and insights into the decline of the native tree Pisonia grandis (Nycatginaceae)",Hymenoptera,Formicidae
"Tapinoma melanocephalum (Fabricius, 1793)",Pingelap,"Clouse, R.M. (2007) The ants of Micronesia (Hymenoptera: Formicidae)",Hymenoptera,Formicidae
"Tapinoma melanocephalum (Fabricius, 1793)",Wake,"Clouse, R.M. (2007) The ants of Micronesia (Hymenoptera: Formicidae)",Hymenoptera,Formicidae
"Tapinoma minutum (Mayr, 1862)",Arno,"Clouse, R.M. (2007) The ants of Micronesia (Hymenoptera: Formicidae)",Hymenoptera,Formicidae
"Tapinoma minutum (Mayr, 1862)",Jaluit,"Clouse, R.M. (2007) The ants of Micronesia (Hymenoptera: Formicidae)",Hymenoptera,Formicidae
"Tapinoma minutum (Mayr, 1862)",Kwajalein,"Clouse, R.M. (2007) The ants of Micronesia (Hymenoptera: Formicidae)",Hymenoptera,Formicidae
"Tapinoma minutum (Mayr, 1862)",Majuro,"Clouse, R.M. (2007) The ants of Micronesia (Hymenoptera: Formicidae)",Hymenoptera,Formicidae
"Tapinoma minutum (Mayr, 1862)",Mokil,"Clouse, R.M. (2007) The ants of Micronesia (Hymenoptera: Formicidae)",Hymenoptera,Formicidae
"Tapinoma minutum (Mayr, 1862)",Ngcheangel,"Clouse, R.M. (2007) The ants of Micronesia (Hymenoptera: Formicidae)",Hymenoptera,Formicidae
"Tapinoma minutum (Mayr, 1862)",Nukunonu,"Abbott, K.L., Sarty, M., & Lester, P.J. (2006) The ants of Tokelau",Hymenoptera,Formicidae
"Tapinoma minutum (Mayr, 1862)",Pingelap,"Clouse, R.M. (2007) The ants of Micronesia (Hymenoptera: Formicidae)",Hymenoptera,Formicidae
"Tapinoma minutum (Mayr, 1862)",Sorol,"Clouse, R.M. (2007) The ants of Micronesia (Hymenoptera: Formicidae)",Hymenoptera,Formicidae
"Tapinoma minutum (Mayr, 1862)",Ulithi,"Clouse, R.M. (2007) The ants of Micronesia (Hymenoptera: Formicidae)",Hymenoptera,Formicidae
Tapinoma sp.,Diego Garcia,"Hutson, A.M. (1981) A preliminary list of insects of Diego Garcia Atoll, Chagos Archipelago",Hymenoptera,Formicidae
Tapinoma sp.,Ngcheangel,"Clouse, R.M. (2007) The ants of Micronesia (Hymenoptera: Formicidae)",Hymenoptera,Formicidae
"Technomyrmex kraepelini (Forel, 1905)",Ngcheangel,"Clouse, R.M. (2007) The ants of Micronesia (Hymenoptera: Formicidae)",Hymenoptera,Formicidae
"Technomyrmex vitiensis (Mann, 1921)",South Keeling,"Neville, P.J., O'Dowd, D.J., & Yen, A.L. (2008) Issues and implications for research on disturbed oceanic islands illustrated through an ant survey of the Cocos (Keeling) Islands",Hymenoptera,Formicidae
"Technomyrmex vitiensis (Mann, 1921)",Diego Garcia,"Barnett, L.K., & Emms, C. (1996) An annotated checklist of the Chagos archipelago terrestrial fauna (omitting birds) recorded during the 1996 'Friends of the Chagos' expedition",Hymenoptera,Formicidae
"Technomyrmex vitiensis (Mann, 1921)",Farquhar,"Forel, A. (1907) No. VI - Fourmis des Seychelles, Amirantes, Farquhar et Chagos",Hymenoptera,Formicidae
"Technomyrmex vitiensis (Mann, 1921)",Ngcheangel,"Clouse, R.M. (2007) The ants of Micronesia (Hymenoptera: Formicidae)",Hymenoptera,Formicidae
"Technomyrmex vitiensis (Mann, 1921)",Nomwin,"Clouse, R.M. (2007) The ants of Micronesia (Hymenoptera: Formicidae)",Hymenoptera,Formicidae
"Technomyrmex vitiensis (Mann, 1921)",Takapoto,"Rivière, F. (1979) La vie animale terrestre à Takapoto",Hymenoptera,Formicidae
"Technomyrmex vitiensis (Mann, 1921)",Ulithi,"Clouse, R.M. (2007) The ants of Micronesia (Hymenoptera: Formicidae)",Hymenoptera,Formicidae
"Tetramorium bicarinatum (Nylander, 1846)",Abariringa,"Clouse, R.M. (2007) The ants of Micronesia (Hymenoptera: Formicidae)",Hymenoptera,Formicidae
"Tetramorium bicarinatum (Nylander, 1846)",Arno,"Clouse, R.M. (2007) The ants of Micronesia (Hymenoptera: Formicidae)",Hymenoptera,Formicidae
"Tetramorium bicarinatum (Nylander, 1846)",South Keeling,"Neville, P.J., O'Dowd, D.J., & Yen, A.L. (2008) Issues and implications for research on disturbed oceanic islands illustrated through an ant survey of the Cocos (Keeling) Islands",Hymenoptera,Formicidae
"Tetramorium bicarinatum (Nylander, 1846)",Cosmoledo,"Parnaudeau, R., & Madl, M. (2009) Liste des Hyménoptères des îlots coralliens francais et mauriciens de l'océan Indien occidental",Hymenoptera,Formicidae
"Tetramorium bicarinatum (Nylander, 1846)",Funafuti,"Vaqalo, M., et al. (2014) Yellow crazy ants and fruit fly surveys in Tuvalu",Hymenoptera,Formicidae
"Tetramorium bicarinatum (Nylander, 1846)",Jaluit,"Clouse, R.M. (2007) The ants of Micronesia (Hymenoptera: Formicidae)",Hymenoptera,Formicidae
"Tetramorium bicarinatum (Nylander, 1846)",Johnston,"Rash, R. (2020) Checklist and images documenting the biodiversity of Johnston Atoll National Wildlife Refuge",Hymenoptera,Formicidae
"Tetramorium bicarinatum (Nylander, 1846)",Kapingamarangi,"Clouse, R.M. (2007) The ants of Micronesia (Hymenoptera: Formicidae)",Hymenoptera,Formicidae
"Tetramorium bicarinatum (Nylander, 1846)",Kwajalein,"Clouse, R.M. (2007) The ants of Micronesia (Hymenoptera: Formicidae)",Hymenoptera,Formicidae
"Tetramorium bicarinatum (Nylander, 1846)",Laysan,"McClelland, G.T.W., & Jones, I.L. (2009) The invasive ant fauna (Hymenoptera, Formicidae) of Laysan Island, Hawaiian Islands National Wildlife Refuge",Hymenoptera,Formicidae
"Tetramorium bicarinatum (Nylander, 1846)",Majuro,"Clouse, R.M. (2007) The ants of Micronesia (Hymenoptera: Formicidae)",Hymenoptera,Formicidae
"Tetramorium bicarinatum (Nylander, 1846)",Midway,"Suehiro, A. (1960) Insects and other arthropods from Midway atoll",Hymenoptera,Formicidae
"Tetramorium bicarinatum (Nylander, 1846)",Ngcheangel,"Clouse, R.M. (2007) The ants of Micronesia (Hymenoptera: Formicidae)",Hymenoptera,Formicidae
"Tetramorium bicarinatum (Nylander, 1846)",Niau,"Ramage, T. (2014) Les fourmis de Polynésie francaise",Hymenoptera,Formicidae
"Tetramorium bicarinatum (Nylander, 1846)",Nomwin,"Clouse, R.M. (2007) The ants of Micronesia (Hymenoptera: Formicidae)",Hymenoptera,Formicidae
"Tetramorium bicarinatum (Nylander, 1846)",Nukunonu,"Lester, P.J., & Tavite, A. (2004) Long-legged ants, Anoplolepis gracilipes (Hymenoptera: Formicidae), have invaded Tokelau, changing composition and dynamics of ant and invertebrate communities",Hymenoptera,Formicidae
"Tetramorium bicarinatum (Nylander, 1846)",Palmyra,"Handler, A.T., et al. (2007) Arthropod surveys on Palmyra Atoll, Line Islands, and insights into the decline of the native tree Pisonia grandis (Nycatginaceae)",Hymenoptera,Formicidae
"Tetramorium bicarinatum (Nylander, 1846)",Pingelap,"Clouse, R.M. (2007) The ants of Micronesia (Hymenoptera: Formicidae)",Hymenoptera,Formicidae
"Tetramorium bicarinatum (Nylander, 1846)",Rose,"Peck, R.W., et al. (2014) Arthropods of Rose atoll with special reference to ants and Pulvianaria urbicola scales (Hemiptera: Coccidae) on Pisonia grandis trees",Hymenoptera,Formicidae
"Tetramorium bicarinatum (Nylander, 1846)",Ujelang,"Clouse, R.M. (2007) The ants of Micronesia (Hymenoptera: Formicidae)",Hymenoptera,Formicidae
"Tetramorium bicarinatum (Nylander, 1846)",Ulithi,"Clouse, R.M. (2007) The ants of Micronesia (Hymenoptera: Formicidae)",Hymenoptera,Formicidae
"Tetramorium bicarinatum (Nylander, 1846)",Wake,"Clouse, R.M. (2007) The ants of Micronesia (Hymenoptera: Formicidae)",Hymenoptera,Formicidae
"Tetramorium caldarium (Roger, 1857)",Clipperton,"Garrouste, R., & Hervé, C. (2009) La faune des insectes (Insecta s.l.) de l'atoll de Clipperton",Hymenoptera,Formicidae
"Tetramorium caldarium (Roger, 1857)",Funafuti,"Vaqalo, M., et al. (2014) Yellow crazy ants and fruit fly surveys in Tuvalu",Hymenoptera,Formicidae
"Tetramorium lanuginosum (Mayr, 1870)",Clipperton,"Garrouste, R., & Hervé, C. (2009) La faune des insectes (Insecta s.l.) de l'atoll de Clipperton",Hymenoptera,Formicidae
"Tetramorium lanuginosum (Mayr, 1870)",South Keeling,"Neville, P.J., O'Dowd, D.J., & Yen, A.L. (2008) Issues and implications for research on disturbed oceanic islands illustrated through an ant survey of the Cocos (Keeling) Islands",Hymenoptera,Formicidae
"Tetramorium lanuginosum (Mayr, 1870)",Nukunonu,"Lester, P.J., & Tavite, A. (2004) Long-legged ants, Anoplolepis gracilipes (Hymenoptera: Formicidae), have invaded Tokelau, changing composition and dynamics of ant and invertebrate communities",Hymenoptera,Formicidae
"Tetramorium lanuginosum (Mayr, 1870)",Tabuaeran,"Clouse, R.M. (2007) The ants of Micronesia (Hymenoptera: Formicidae)",Hymenoptera,Formicidae
"Tetramorium lanuginosum (Mayr, 1870)",Ulithi,"Clouse, R.M. (2007) The ants of Micronesia (Hymenoptera: Formicidae)",Hymenoptera,Formicidae
"Tetramorium guineense (Bernard, 1953)",Abariringa,"van Zwaluwenburg, R.H. (1955) The insects and certain other arthropods of Canton Island",Hymenoptera,Formicidae
"Tetramorium guineense (Bernard, 1953)",French Frigate Shoals,"Beardsley, J.W. (1966) Insects and other terrestrial arthropods from the Leeward Hawaiian Islands",Hymenoptera,Formicidae
"Tetramorium guineense (Bernard, 1953)",Johnston,"Binion Amerson, A., & Shelton, P.C. (1976) The natural history of Johnston atoll, Central Pacific Ocean",Hymenoptera,Formicidae
"Tetramorium guineense (Bernard, 1953)",Kure,"Butler, G.D., & Usinger, R.L. (1963) Insects and other arthropods from Kure Island",Hymenoptera,Formicidae
"Tetramorium guineense (Bernard, 1953)",Kwajalein,"Sugerman, B.B. (1972) Insects and other arthropods from Kwajalein atoll (Marshall Islands)",Hymenoptera,Formicidae
"Tetramorium guineense (Bernard, 1953)",Pearl and Hermes,"Beardsley, J.W. (1966) Insects and other terrestrial arthropods from the Leeward Hawaiian Islands",Hymenoptera,Formicidae
"Tetramorium pacificum (Mayr, 1870)",Ant,"Clouse, R.M. (2007) The ants of Micronesia (Hymenoptera: Formicidae)",Hymenoptera,Formicidae
"Tetramorium quadrispinosum (Emery, 1886)",Aldabra,"Parnaudeau, R., & Madl, M. (2009) Liste des Hyménoptères des îlots coralliens francais et mauriciens de l'océan Indien occidental",Hymenoptera,Formicidae
"Tetramorium quadrispinosum (Emery, 1886)",Cosmoledo,"Parnaudeau, R., & Madl, M. (2009) Liste des Hyménoptères des îlots coralliens francais et mauriciens de l'océan Indien occidental",Hymenoptera,Formicidae
"Tetramorium simillimum (Smith, 1851)",Abariringa,"van Zwaluwenburg, R.H. (1955) The insects and certain other arthropods of Canton Island",Hymenoptera,Formicidae
"Tetramorium simillimum (Smith, 1851)",Aldabra,"Frith, D.W. (1979) A list of insects caught in light traps on West Island, Aldabra Atoll, Indian Ocean",Hymenoptera,Formicidae
"Tetramorium simillimum (Smith, 1851)",Ant,"Clouse, R.M. (2007) The ants of Micronesia (Hymenoptera: Formicidae)",Hymenoptera,Formicidae
"Tetramorium simillimum (Smith, 1851)",Clipperton,"Garrouste, R., & Hervé, C. (2009) La faune des insectes (Insecta s.l.) de l'atoll de Clipperton",Hymenoptera,Formicidae
"Tetramorium simillimum (Smith, 1851)",South Keeling,"Neville, P.J., O'Dowd, D.J., & Yen, A.L. (2008) Issues and implications for research on disturbed oceanic islands illustrated through an ant survey of the Cocos (Keeling) Islands",Hymenoptera,Formicidae
"Tetramorium simillimum (Smith, 1851)",Funafuti,"Vaqalo, M., et al. (2014) Yellow crazy ants and fruit fly surveys in Tuvalu",Hymenoptera,Formicidae
"Tetramorium simillimum (Smith, 1851)",Jaluit,"Clouse, R.M. (2007) The ants of Micronesia (Hymenoptera: Formicidae)",Hymenoptera,Formicidae
"Tetramorium simillimum (Smith, 1851)",Johnston,"Rash, R. (2020) Checklist and images documenting the biodiversity of Johnston Atoll National Wildlife Refuge",Hymenoptera,Formicidae
"Tetramorium simillimum (Smith, 1851)",Kwajalein,"Clouse, R.M. (2007) The ants of Micronesia (Hymenoptera: Formicidae)",Hymenoptera,Formicidae
"Tetramorium simillimum (Smith, 1851)",Laysan,"McClelland, G.T.W., & Jones, I.L. (2009) The invasive ant fauna (Hymenoptera, Formicidae) of Laysan Island, Hawaiian Islands National Wildlife Refuge",Hymenoptera,Formicidae
"Tetramorium simillimum (Smith, 1851)",Midway,"Nishida, G.M. & Beardsley, J.W. (2002) A review of the insects and related arthropods of Midway atoll",Hymenoptera,Formicidae
"Tetramorium simillimum (Smith, 1851)",Nukunonu,"Lester, P.J., & Tavite, A. (2004) Long-legged ants, Anoplolepis gracilipes (Hymenoptera: Formicidae), have invaded Tokelau, changing composition and dynamics of ant and invertebrate communities",Hymenoptera,Formicidae
"Tetramorium simillimum (Smith, 1851)",Rose,"Peck, R.W., et al. (2014) Arthropods of Rose atoll with special reference to ants and Pulvianaria urbicola scales (Hemiptera: Coccidae) on Pisonia grandis trees",Hymenoptera,Formicidae
"Tetramorium smithi (Mayr, 1879)",Clipperton,"Garrouste, R., & Hervé, C. (2009) La faune des insectes (Insecta s.l.) de l'atoll de Clipperton",Hymenoptera,Formicidae
"Tetramorium smithi (Mayr, 1879)",Jaluit,"Clouse, R.M. (2007) The ants of Micronesia (Hymenoptera: Formicidae)",Hymenoptera,Formicidae
"Tetramorium tonganum (Mayr, 1870)",Ant,"Clouse, R.M. (2007) The ants of Micronesia (Hymenoptera: Formicidae)",Hymenoptera,Formicidae
"Tetramorium tonganum (Mayr, 1870)",French Frigate Shoals,"Beardsley, J.W. (1966) Insects and other terrestrial arthropods from the Leeward Hawaiian Islands",Hymenoptera,Formicidae
"Tetramorium tonganum (Mayr, 1870)",Kure,"Butler, G.D., & Usinger, R.L. (1963) Insects and other arthropods from Kure Island",Hymenoptera,Formicidae
"Tetramorium tonganum (Mayr, 1870)",Nukunonu,"Abbott, K.L., Sarty, M., & Lester, P.J. (2006) The ants of Tokelau",Hymenoptera,Formicidae
"Tetramorium tonganum (Mayr, 1870)",Ulithi,"Clouse, R.M. (2007) The ants of Micronesia (Hymenoptera: Formicidae)",Hymenoptera,Formicidae
"Vollenhovia oblonga (Smith, 1860)",Arno,"Clouse, R.M. (2007) The ants of Micronesia (Hymenoptera: Formicidae)",Hymenoptera,Formicidae
"Vollenhovia oblonga (Smith, 1860)",Jaluit,"Clouse, R.M. (2007) The ants of Micronesia (Hymenoptera: Formicidae)",Hymenoptera,Formicidae
"Vollenhovia oblonga (Smith, 1860)",Kapingamarangi,"Clouse, R.M. (2007) The ants of Micronesia (Hymenoptera: Formicidae)",Hymenoptera,Formicidae
"Cothonaspis pacifica (Yoshimoto, 1962)",Kure,"Butler, G.D., & Usinger, R.L. (1963) Insects and other arthropods from Kure Island",Hymenoptera,Figitidae
"Cothonaspis pacifica (Yoshimoto, 1962)",Wake,"Yoshimoto, C.M. (1962) Insects of Micronesia - Hymenoptera: Eucoilinae (Cynipoidea)",Hymenoptera,Figitidae
"Eucoilidea micromorpha (Perkins, 1910)",Midway,"Nishida, G.M. & Beardsley, J.W. (2002) A review of the insects and related arthropods of Midway atoll",Hymenoptera,Figitidae
"Ganaspis xanthopoda (Ashmead, 1896)",Arno,"Beardsley, J.W. (1989) Hawaiian Eucoilidae (Hymenoptera: Cynipoidea), key to genera and taxonomic notes on apparently non-endemic species",Hymenoptera,Figitidae
Kleidotoma sp.,Palmyra,"Handler, A.T., et al. (2007) Arthropod surveys on Palmyra Atoll, Line Islands, and insights into the decline of the native tree Pisonia grandis (Nycatginaceae)",Hymenoptera,Figitidae
"Leptopilina rugipunctata (Yoshimoto, 1962)",Jaluit,"Beardsley, J.W. (1989) Hawaiian Eucoilidae (Hymenoptera: Cynipoidea), key to genera and taxonomic notes on apparently non-endemic species",Hymenoptera,Figitidae
"Leptopilina rugipunctata (Yoshimoto, 1962)",Wake,"Yoshimoto, C.M. (1962) Insects of Micronesia - Hymenoptera: Eucoilinae (Cynipoidea)",Hymenoptera,Figitidae
"Pseudeucoila aequorea (Yoshimoto, 1962)",Arno,"Yoshimoto, C.M. (1962) Insects of Micronesia - Hymenoptera: Eucoilinae (Cynipoidea)",Hymenoptera,Figitidae
"Pseudeucoila gressitti (Yoshimoto, 1962)",Jaluit,"Yoshimoto, C.M. (1962) Insects of Micronesia - Hymenoptera: Eucoilinae (Cynipoidea)",Hymenoptera,Figitidae
Pseudeucoila hydrophila (Perkins),Laysan,"Butler, G.D., & Usinger, R.L. (1963) Insects and other invertebrates from Laysan Island",Hymenoptera,Figitidae
"Ceylalictus aldabranus (Cockerell, 1912)",Aldabra,"Cockerell, T.D.A. (1912) No. II - Hymenoptera, Apoidea",Hymenoptera,Halictidae
"Ceylalictus muiri (Cockerell, 1909)",Glorioso,"Parnaudeau, R., & Madl, M. (2009) Liste des Hyménoptères des îlots coralliens francais et mauricien de l'océan Indien occidental",Hymenoptera,Halictidae
"Lasioglossum emirnense (Benoist, 1955)",Glorioso,"Parnaudeau, R., & Madl, M. (2009) Liste des Hyménoptères des îlots coralliens francais et mauricien de l'océan Indien occidental",Hymenoptera,Halictidae
"Lasioglossum europense (Benoist, 1950)",Aldabra,"Parnaudeau, R., & Madl, M. (2009) Liste des Hyménoptères des îlots coralliens francais et mauriciens de l'océan Indien occidental",Hymenoptera,Halictidae
"Lasioglossum europense (Benoist, 1950)",Glorioso,"Parnaudeau, R., & Madl, M. (2009) Liste des Hyménoptères des îlots coralliens francais et mauricien de l'océan Indien occidental",Hymenoptera,Halictidae
"Lasioglossum nicolli (Cockerell, 1912)",Aldabra,"Cockerell, T.D.A. (1912) No. II - Hymenoptera, Apoidea",Hymenoptera,Halictidae
"Lasioglossum nicolli (Cockerell, 1912)",Cosmoledo,"Parnaudeau, R., & Madl, M. (2009) Liste des Hyménoptères des îlots coralliens francais et mauriciens de l'océan Indien occidental",Hymenoptera,Halictidae
"Lasioglossum nicolli (Cockerell, 1912)",Glorioso,"Parnaudeau, R., & Madl, M. (2009) Liste des Hyménoptères des îlots coralliens francais et mauricien de l'océan Indien occidental",Hymenoptera,Halictidae
"Lasioglossum yapense (Cockerell, 1939)",Ulithi,"Krombein, K.V. (1950) The Aculeate Hymenoptera of Micronesia - II. Colletidae, Halictidae, Megachilidae and Apidae",Hymenoptera,Halictidae
"Anomalon californicum (Cresson, 1879)",Midway,"Nishida, G.M. & Beardsley, J.W. (2002) A review of the insects and related arthropods of Midway atoll",Hymenoptera,Ichneumonidae
"Casinaria infesta (Cresson, 1872)",Midway,"Nishida, G.M. & Beardsley, J.W. (2002) A review of the insects and related arthropods of Midway atoll",Hymenoptera,Ichneumonidae
"Diplazon laetatorius (Fabricius, 1781)",Kure,"Butler, G.D., & Usinger, R.L. (1963) Insects and other arthropods from Kure Island",Hymenoptera,Ichneumonidae
"Diplazon laetatorius (Fabricius, 1781)",Midway,"Suehiro, A. (1960) Insects and other arthropods from Midway atoll",Hymenoptera,Ichneumonidae
"Echthromorpha agrestoria (Swederus, 1787)",Eniwetok,"Townes, H. (1958) Insects of Microneisa - Hymenoptera: Ichneumonidae, Stephanidae, and Evaniidae",Hymenoptera,Ichneumonidae
"Echthromorpha agrestoria (Swederus, 1787)",Jaluit,"Townes, H. (1958) Insects of Microneisa - Hymenoptera: Ichneumonidae, Stephanidae, and Evaniidae",Hymenoptera,Ichneumonidae
"Echthromorpha agrestoria (Swederus, 1787)",Ngcheangel,"Townes, H. (1958) Insects of Microneisa - Hymenoptera: Ichneumonidae, Stephanidae, and Evaniidae",Hymenoptera,Ichneumonidae
"Echthromorpha agrestoria (Swederus, 1787)",Onotoa,"Townes, H. (1958) Insects of Microneisa - Hymenoptera: Ichneumonidae, Stephanidae, and Evaniidae",Hymenoptera,Ichneumonidae
"Echthromorpha agrestoria (Swederus, 1787)",Wotho,"Townes, H. (1958) Insects of Microneisa - Hymenoptera: Ichneumonidae, Stephanidae, and Evaniidae",Hymenoptera,Ichneumonidae
Enicospilus sp.,Aldabra,"Frith, D.W. (1979) A list of insects caught in light traps on West Island, Aldabra Atoll, Indian Ocean",Hymenoptera,Ichneumonidae
Enicospilus sp.,Diego Garcia,"Hutson, A.M. (1981) A preliminary list of insects of Diego Garcia Atoll, Chagos Archipelago",Hymenoptera,Ichneumonidae
"Netelia latro (Holmgren, 1868)",Ulithi,"Townes, H. (1958) Insects of Microneisa - Hymenoptera: Ichneumonidae, Stephanidae, and Evaniidae",Hymenoptera,Ichneumonidae
"Trathala flavoorbitalis (Cameron, 1907)",Ulithi,"Townes, H. (1958) Insects of Microneisa - Hymenoptera: Ichneumonidae, Stephanidae, and Evaniidae",Hymenoptera,Ichneumonidae
"Venturia canescens (Gravenhorst, 1829)",Midway,"Suehiro, A. (1960) Insects and other arthropods from Midway atoll",Hymenoptera,Ichneumonidae
Venturia sp.,Kure,"Butler, G.D., & Usinger, R.L. (1963) Insects and other arthropods from Kure Island",Hymenoptera,Ichneumonidae
"Chrysis angolensis (Radoszkowski, 1881)",Johnston,"Rash, R. (2020) Checklist and images documenting the biodiversity of Johnston Atoll National Wildlife Refuge",Hymenoptera,Masaridae
Chalicodoma sp.,Diego Garcia,"Barnett, L.K., & Emms, C. (1996) An annotated checklist of the Chagos archipelago terrestrial fauna (omitting birds) recorded during the 1996 'Friends of the Chagos' expedition",Hymenoptera,Megachilidae
"Heriades aldabranus (Cockerell, 1912)",Aldabra,"Cockerell, T.D.A. (1912) No. II - Hymenoptera, Apoidea",Hymenoptera,Megachilidae
"Megachile diligens (Smith, 1879)",Bikini,"Krombein, K.V. (1950) The Aculeate Hymenoptera of Micronesia - II. Colletidae, Halictidae, Megachilidae and Apidae",Hymenoptera,Megachilidae
"Megachile diligens (Smith, 1879)",Eniwetok,"Krombein, K.V. (1950) The Aculeate Hymenoptera of Micronesia - II. Colletidae, Halictidae, Megachilidae and Apidae",Hymenoptera,Megachilidae
"Megachile diligens (Smith, 1879)",Funafuti,"Hedley, C. (1900) The atoll of Funafuti, Ellice Group - its zoology, botany, ethnology, and general structure",Hymenoptera,Megachilidae
"Megachile diligens (Smith, 1879)",Kwajalein,"Sugerman, B.B. (1972) Insects and other arthropods from Kwajalein atoll (Marshall Islands)",Hymenoptera,Megachilidae
"Megachile diligens (Smith, 1879)",Nukunonu,"Hickley, A.D. (1969) Ecology of terrestrial arthropods of the Tokelau atolls",Hymenoptera,Megachilidae
"Megachile fullawayi (Cockerell, 1914)",Eniwetok,"Tadauchi, O. (1994) Bees of the Mariana Islands, Micronesia, collected by the expedition of the Natural History Museum & Institute, Chi ba (Hymenoptera, Apoidea)",Hymenoptera,Megachilidae
"Megachile fullawayi (Cockerell, 1914)",Jaluit,"Tadauchi, O. (1994) Bees of the Mariana Islands, Micronesia, collected by the expedition of the Natural History Museum & Institute, Chi ba (Hymenoptera, Apoidea)",Hymenoptera,Megachilidae
"Megachile fullawayi (Cockerell, 1914)",Johnston,"Binion Amerson, A., & Shelton, P.C. (1976) The natural history of Johnston atoll, Central Pacific Ocean",Hymenoptera,Megachilidae
"Megachile fullawayi (Cockerell, 1914)",Kapingamarangi,"Tadauchi, O. (1994) Bees of the Mariana Islands, Micronesia, collected by the expedition of the Natural History Museum & Institute, Chi ba (Hymenoptera, Apoidea)",Hymenoptera,Megachilidae
"Megachile fullawayi (Cockerell, 1914)",Kiritimati,"Krauss, N.L.H. (1953) Insects and other invertebrates from Palmyra atoll and Christmas Island",Hymenoptera,Megachilidae
"Megachile fullawayi (Cockerell, 1914)",Kwajalein,"Sugerman, B.B. (1972) Insects and other arthropods from Kwajalein atoll (Marshall Islands)",Hymenoptera,Megachilidae
"Megachile fullawayi (Cockerell, 1914)",Majuro,"Tadauchi, O. (1994) Bees of the Mariana Islands, Micronesia, collected by the expedition of the Natural History Museum & Institute, Chi ba (Hymenoptera, Apoidea)",Hymenoptera,Megachilidae
"Megachile fullawayi (Cockerell, 1914)",Midway,"Nishida, G.M. & Beardsley, J.W. (2002) A review of the insects and related arthropods of Midway atoll",Hymenoptera,Megachilidae
"Megachile fullawayi (Cockerell, 1914)",Palmyra,"Handler, A.T., et al. (2007) Arthropod surveys on Palmyra Atoll, Line Islands, and insights into the decline of the native tree Pisonia grandis (Nycatginaceae)",Hymenoptera,Megachilidae
"Megachile seychellensis (Cameron, 1907)",Aldabra,"Cockerell, T.D.A. (1912) No. II - Hymenoptera, Apoidea",Hymenoptera,Megachilidae
"Megachile seychellensis (Cameron, 1907)",Farquhar,"Cockerell, T.D.A. (1912) No. II - Hymenoptera, Apoidea",Hymenoptera,Megachilidae
"Megachile timberlakei (Cockerell, 1920)",Midway,"Nishida, G.M. & Beardsley, J.W. (2002) A review of the insects and related arthropods of Midway atoll",Hymenoptera,Megachilidae
"Megachile umbripennis (Smith, 1853)",Kwajalein,"Sugerman, B.B. (1979) Additions to the list of insects and other arthropods from Kwajalein atoll (Marshall Islands)",Hymenoptera,Megachilidae
"Megachile umbripennis (Smith, 1853)",Midway,"Suehiro, A. (1960) Insects and other arthropods from Midway atoll",Hymenoptera,Megachilidae
Megachile sp.,Arno,"Usinger, R.L., & la Rivers, I. (1953) The insect life of Arno",Hymenoptera,Megachilidae
Megachile sp.,Diego Garcia,"Hutson, A.M. (1981) A preliminary list of insects of Diego Garcia Atoll, Chagos Archipelago",Hymenoptera,Megachilidae
Megachile sp.,Palmyra,"Handler, A.T., et al. (2007) Arthropod surveys on Palmyra Atoll, Line Islands, and insights into the decline of the native tree Pisonia grandis (Nycatginaceae)",Hymenoptera,Megachilidae
Megachile sp.,Rangiroa,"Cocherau, P. (1966) Compte rendu d'une mission d'inventaire faunistique aux îles Gambier et Tuamotu (Avril - Mai 1966)",Hymenoptera,Megachilidae
"Anagrus frequens (Perkins, 1905)",Midway,"Nishida, G.M. & Beardsley, J.W. (2002) A review of the insects and related arthropods of Midway atoll",Hymenoptera,Mymaridae
"Anagrus nigriventris (Girault, 1911)",Midway,"Nishida, G.M. & Beardsley, J.W. (2002) A review of the insects and related arthropods of Midway atoll",Hymenoptera,Mymaridae
"Anaphes calendrae (Gahan, 1927)",Midway,"Nishida, G.M. & Beardsley, J.W. (2002) A review of the insects and related arthropods of Midway atoll",Hymenoptera,Mymaridae
Camptoptera sp.,Midway,"Nishida, G.M. & Beardsley, J.W. (2002) A review of the insects and related arthropods of Midway atoll",Hymenoptera,Mymaridae
"Gonatocerus ornatus (Gahan, 1918)",Midway,"Nishida, G.M. & Beardsley, J.W. (2002) A review of the insects and related arthropods of Midway atoll",Hymenoptera,Mymaridae
"Gonatocerus cf. litoralis (Haliday, 1833)",Midway,"Nishida, G.M. & Beardsley, J.W. (2002) A review of the insects and related arthropods of Midway atoll",Hymenoptera,Mymaridae
"Gonatocerus cf. membraciphagus (Ogloblin, 1935)",Midway,"Nishida, G.M. & Beardsley, J.W. (2002) A review of the insects and related arthropods of Midway atoll",Hymenoptera,Mymaridae
"Stephanodes reduvioli (Perkins, 1905)",Kure,"Beardsley, J.W. (1966) Insects and other terrestrial arthropods from the Leeward Hawaiian Islands",Hymenoptera,Mymaridae
"Stephanodes reduvioli (Perkins, 1905)",Laysan,"Butler, G.D., & Usinger, R.L. (1963) Insects and other invertebrates from Laysan Island",Hymenoptera,Mymaridae
"Stephanodes reduvioli (Perkins, 1905)",Midway,"Suehiro, A. (1960) Insects and other arthropods from Midway atoll",Hymenoptera,Mymaridae
"Stephanodes cf. similis (Förster, 1847)",Kure,"Butler, G.D., & Usinger, R.L. (1963) Insects and other arthropods from Kure Island",Hymenoptera,Mymaridae
Fidiobia sp.,Midway,"Nishida, G.M. & Beardsley, J.W. (2002) A review of the insects and related arthropods of Midway atoll",Hymenoptera,Platygastridae
"Chlorocytus polichna (Walker, 1848)",Midway,"Nishida, G.M. & Beardsley, J.W. (2002) A review of the insects and related arthropods of Midway atoll",Hymenoptera,Pteromalidae
"Halticoptera circulus (Walker, 1833)",Midway,"Nishida, G.M. & Beardsley, J.W. (2002) A review of the insects and related arthropods of Midway atoll",Hymenoptera,Pteromalidae
Heteroschema sp.,Midway,"Nishida, G.M. & Beardsley, J.W. (2002) A review of the insects and related arthropods of Midway atoll",Hymenoptera,Pteromalidae
"Lariophagus texanus (Crawford, 1909)",Midway,"Suehiro, A. (1960) Insects and other arthropods from Midway atoll",Hymenoptera,Pteromalidae
"Moranila californica (Howard, 1881)",Kwajalein,"Yoshimoto, C.M., & Ishii, T. (1965) Insects of Micronesia - Hymenoptera: Chalcidoidea: Eulophidae, Encyrtidae (part), Pteromalidae",Hymenoptera,Pteromalidae
"Moranila californica (Howard, 1881)",Wake,"Yoshimoto, C.M., & Ishii, T. (1965) Insects of Micronesia - Hymenoptera: Chalcidoidea: Eulophidae, Encyrtidae (part), Pteromalidae",Hymenoptera,Pteromalidae
"Spalangia cameroni (Perkins, 1910)",Midway,"Nishida, G.M. & Beardsley, J.W. (2002) A review of the insects and related arthropods of Midway atoll",Hymenoptera,Pteromalidae
"Spalangia drosophilae (Ashmead, 1887)",Laysan,"Beardsley, J.W. (1966) Insects and other terrestrial arthropods from the Leeward Hawaiian Islands",Hymenoptera,Pteromalidae
"Theocolax elegans (Westwood, 1874)",South Keeling,"Gibson-Hill, C.A. (1950) Notes on the insects taken on the Cocos-Keeling Islands",Hymenoptera,Pteromalidae
"Anteromorpha dubiosa (Perkins, 1910)",Midway,"Nishida, G.M. & Beardsley, J.W. (2002) A review of the insects and related arthropods of Midway atoll",Hymenoptera,Scelionidae
Encyrtoscelio sp.,Midway,"Nishida, G.M. & Beardsley, J.W. (2002) A review of the insects and related arthropods of Midway atoll",Hymenoptera,Scelionidae
"Idris peregrinus (Perkins, 1910)",Midway,"Nishida, G.M. & Beardsley, J.W. (2002) A review of the insects and related arthropods of Midway atoll",Hymenoptera,Scelionidae
Macroteleia sp.,Nukunonu,"Hickley, A.D. (1969) Ecology of terrestrial arthropods of the Tokelau atolls",Hymenoptera,Scelionidae
"Telenomus nawai (Ashmead, 1904)",Abariringa,"van Zwaluwenburg, R.H. (1955) The insects and certain other arthropods of Canton Island",Hymenoptera,Scelionidae
"Telenomus nawai (Ashmead, 1904)",Midway,"Nishida, G.M. & Beardsley, J.W. (2002) A review of the insects and related arthropods of Midway atoll",Hymenoptera,Scelionidae
"Telenomus vulcanus (Perkins, 1910)",Laysan,"Asquith, A. (1994) The arthropod fauna of Laysan Island",Hymenoptera,Scelionidae
"Telenomus vulcanus (Perkins, 1910)",Midway,"Nishida, G.M. & Beardsley, J.W. (2002) A review of the insects and related arthropods of Midway atoll",Hymenoptera,Scelionidae
Telenomus sp.,Kwajalein,"Sugerman, B.B. (1979) Additions to the list of insects and other arthropods from Kwajalein atoll (Marshall Islands)",Hymenoptera,Scelionidae
Telenomus sp.,Midway,"Nishida, G.M. & Beardsley, J.W. (2002) A review of the insects and related arthropods of Midway atoll",Hymenoptera,Scelionidae
"Campsomeriella caelebs (Sichel, 1864)",Astove,"Turner, R.E. (1911) No. XVI - Fossorial Hymenoptera from the Seychelles and other islands in the Indian Ocean",Hymenoptera,Scoliidae
"Campsomeriella caelebs (Sichel, 1864)",Glorioso,"Parnaudeau, R., & Madl, M. (2009) Liste des Hyménoptères des îlots coralliens francais et mauricien de l'océan Indien occidental",Hymenoptera,Scoliidae
"Micromeriella pilosella (Saussure, 1890)",Astove,"Turner, R.E. (1911) No. XVI - Fossorial Hymenoptera from the Seychelles and other islands in the Indian Ocean",Hymenoptera,Scoliidae
"Scolia carnifex (Coquerel, 1855)",Aldabra,"Turner, R.E. (1911) No. XVI - Fossorial Hymenoptera from the Seychelles and other islands in the Indian Ocean",Hymenoptera,Scoliidae
"Scolia carnifex (Coquerel, 1855)",Astove,"Turner, R.E. (1911) No. XVI - Fossorial Hymenoptera from the Seychelles and other islands in the Indian Ocean",Hymenoptera,Scoliidae
"Scolia carnifex (Coquerel, 1855)",Cosmoledo,"Turner, R.E. (1911) No. XVI - Fossorial Hymenoptera from the Seychelles and other islands in the Indian Ocean",Hymenoptera,Scoliidae
"Scolia ruficornis (Fabricius, 1793)",Diego Garcia,"Hutson, A.M. (1981) A preliminary list of insects of Diego Garcia Atoll, Chagos Archipelago",Hymenoptera,Scoliidae
Signiphora sp.,Midway,"Nishida, G.M. & Beardsley, J.W. (2002) A review of the insects and related arthropods of Midway atoll",Hymenoptera,Signiphoridae
"Chalybion bengalense (Dahlbom, 1845)",Eniwetok,"Samuelson, G.A., & Nishida, G.M. (1987) Insects and allies (arthropods) of Enewetak atoll",Hymenoptera,Sphecidae
"Chalybion bengalense (Dahlbom, 1845)",Johnston,"Binion Amerson, A., & Shelton, P.C. (1976) The natural history of Johnston atoll, Central Pacific Ocean",Hymenoptera,Sphecidae
"Chalybion bengalense (Dahlbom, 1845)",Kwajalein,"Sugerman, B.B. (1972) Insects and other arthropods from Kwajalein atoll (Marshall Islands)",Hymenoptera,Sphecidae
"Chalybion bengalense (Dahlbom, 1845)",Midway,"Nishida, G.M. & Beardsley, J.W. (2002) A review of the insects and related arthropods of Midway atoll",Hymenoptera,Sphecidae
Chalybion sp.,Diego Garcia,"Hutson, A.M. (1981) A preliminary list of insects of Diego Garcia Atoll, Chagos Archipelago",Hymenoptera,Sphecidae
"Isodontia apicalis (F.Smith, 1856)",Midway,"Suehiro, A. (1960) Insects and other arthropods from Midway atoll",Hymenoptera,Sphecidae
"Isodontia mexicana (De Saussure, 1867)",Midway,"Nishida, G.M. & Beardsley, J.W. (2002) A review of the insects and related arthropods of Midway atoll",Hymenoptera,Sphecidae
"Podalonia canescens (Dahlbom, 1843)",Aldabra,"Parnaudeau, R., & Madl, M. (2009) Liste des Hyménoptères des îlots coralliens francais et mauriciens de l'océan Indien occidental",Hymenoptera,Sphecidae
"Podalonia canescens (Dahlbom, 1843)",Astove,"Parnaudeau, R., & Madl, M. (2009) Liste des Hyménoptères des îlots coralliens francais et mauriciens de l'océan Indien occidental",Hymenoptera,Sphecidae
"Podalonia canescens (Dahlbom, 1843)",Cosmoledo,"Parnaudeau, R., & Madl, M. (2009) Liste des Hyménoptères des îlots coralliens francais et mauriciens de l'océan Indien occidental",Hymenoptera,Sphecidae
"Podalonia capensis (Dahlbom, 1843)",Cosmoledo,"Turner, R.E. (1911) No. XVI - Fossorial Hymenoptera from the Seychelles and other islands in the Indian Ocean",Hymenoptera,Sphecidae
"Prionyx crudelis (F.Smith, 1856)",Astove,"Turner, R.E. (1911) No. XVI - Fossorial Hymenoptera from the Seychelles and other islands in the Indian Ocean",Hymenoptera,Sphecidae
"Sceliphron caementarium (Drury, 1773)",Abariringa,"van Zwaluwenburg, R.H. (1955) The insects and certain other arthropods of Canton Island",Hymenoptera,Sphecidae
"Sceliphron caementarium (Drury, 1773)",Kiritimati,"Krauss, N.L.H. (1953) Insects and other invertebrates from Palmyra atoll and Christmas Island",Hymenoptera,Sphecidae
"Sceliphron caementarium (Drury, 1773)",Kwajalein,"Krombein, K.V. (1948) The Aculeate Hymenoptera of Micronesia - I. Scoliidae, Mutillidae, Pompilidae and Sphecidae",Hymenoptera,Sphecidae
"Sceliphron caementarium (Drury, 1773)",Midway,"Suehiro, A. (1960) Insects and other arthropods from Midway atoll",Hymenoptera,Sphecidae
"Sceliphron caementarium (Drury, 1773)",Palmyra,"Handler, A.T., et al. (2007) Arthropod surveys on Palmyra Atoll, Line Islands, and insights into the decline of the native tree Pisonia grandis (Nycatginaceae)",Hymenoptera,Sphecidae
"Sceliphron caementarium (Drury, 1773)",Takapoto,"Rivière, F. (1979) La vie animale terrestre à Takapoto",Hymenoptera,Sphecidae
"Sphex sericeus (Fabricius, 1804)",Diego Garcia,"Barnett, L.K., & Emms, C. (1996) An annotated checklist of the Chagos archipelago terrestrial fauna (omitting birds) recorded during the 1996 'Friends of the Chagos' expedition",Hymenoptera,Sphecidae
"Sphex torridus (F.Smith, 1873)",Aldabra,"Parnaudeau, R., & Madl, M. (2009) Liste des Hyménoptères des îlots coralliens francais et mauriciens de l'océan Indien occidental",Hymenoptera,Sphecidae
"Sphex torridus (F.Smith, 1873)",Astove,"Parnaudeau, R., & Madl, M. (2009) Liste des Hyménoptères des îlots coralliens francais et mauriciens de l'océan Indien occidental",Hymenoptera,Sphecidae
"Sphex torridus (F.Smith, 1873)",Cosmoledo,"Parnaudeau, R., & Madl, M. (2009) Liste des Hyménoptères des îlots coralliens francais et mauriciens de l'océan Indien occidental",Hymenoptera,Sphecidae
"Sphex torridus (F.Smith, 1873)",Glorioso,"Parnaudeau, R., & Madl, M. (2009) Liste des Hyménoptères des îlots coralliens francais et mauricien de l'océan Indien occidental",Hymenoptera,Sphecidae
"Mesa hova (Turner, 1901)",Glorioso,"Parnaudeau, R., & Madl, M. (2009) Liste des Hyménoptères des îlots coralliens francais et mauricien de l'océan Indien occidental",Hymenoptera,Tiphiidae
"Aphelinoidea oceanica (Timberlake, 1926)",Wake,"Doutt, R.L. (1955) Insects of Micronesia - Hymenoptera: Trichogrammatidae and Mymaridae",Hymenoptera,Trichogrammatidae
"Oligosita hilaris (Perkins, 1910)",Ulithi,"Doutt, R.L. (1955) Insects of Micronesia - Hymenoptera: Trichogrammatidae and Mymaridae",Hymenoptera,Trichogrammatidae
Oligosita sp.,Midway,"Nishida, G.M. & Beardsley, J.W. (2002) A review of the insects and related arthropods of Midway atoll",Hymenoptera,Trichogrammatidae
Trichogramma sp.,Midway,"Nishida, G.M. & Beardsley, J.W. (2002) A review of the insects and related arthropods of Midway atoll",Hymenoptera,Trichogrammatidae
Uscana sp.,Midway,"Nishida, G.M. & Beardsley, J.W. (2002) A review of the insects and related arthropods of Midway atoll",Hymenoptera,Trichogrammatidae
"Eumenes alluaudi (Perez, 1895)",Glorioso,"Parnaudeau, R., & Madl, M. (2009) Liste des Hyménoptères des îlots coralliens francais et mauricien de l'océan Indien occidental",Hymenoptera,Vespidae
"Ropalidia marginata (Lepeletier, 1836)",Eniwetok,"Samuelson, G.A., & Nishida, G.M. (1987) Insects and allies (arthropods) of Enewetak atoll",Hymenoptera,Vespidae
"Ropalidia marginata (Lepeletier, 1836)",Kwajalein,"Sugerman, B.B. (1972) Insects and other arthropods from Kwajalein atoll (Marshall Islands)",Hymenoptera,Vespidae
"Ropalidia marginata (Lepeletier, 1836)",Midway,"Suehiro, A. (1960) Insects and other arthropods from Midway atoll",Hymenoptera,Vespidae
Ropalidia sp.,Diego Garcia,"Barnett, L.K., & Emms, C. (1996) An annotated checklist of the Chagos archipelago terrestrial fauna (omitting birds) recorded during the 1996 'Friends of the Chagos' expedition",Hymenoptera,Vespidae
Acroberotha sp.,Glorioso,"Paulian, R. (1989) Les insectes des Îles Glorieuses",Neuroptera,Berothidae
Chrysopa sp.,Glorioso,"Paulian, R. (1989) Les insectes des Îles Glorieuses",Neuroptera,Chrysopidae
Chrysopa sp.,Kure,"Butler, G.D., & Usinger, R.L. (1963) Insects and other arthropods from Kure Island",Neuroptera,Chrysopidae
"Chrysoperla carnea (Stephens, 1836)",Kure,"Butler, G.D., & Usinger, R.L. (1963) Insects and other arthropods from Kure Island",Neuroptera,Chrysopidae
"Chrysoperla carnea (Stephens, 1836)",Laysan,"Butler, G.D., & Usinger, R.L. (1963) Insects and other invertebrates from Laysan Island",Neuroptera,Chrysopidae
"Chrysoperla carnea (Stephens, 1836)",Pearl and Hermes,"Beardsley, J.W. (1966) Insects and other terrestrial arthropods from the Leeward Hawaiian Islands",Neuroptera,Chrysopidae
"Chrysoperla comanche (Banks, 1938)",Midway,"Suehiro, A. (1960) Insects and other arthropods from Midway atoll",Neuroptera,Chrysopidae
"Mallada basalis (Walker, 1853)",Nukunonu,"Hickley, A.D. (1969) Ecology of terrestrial arthropods of the Tokelau atolls",Neuroptera,Chrysopidae
"Mallada basalis (Walker, 1853)",Onotoa,"Adams, P.A. (1959) Insects of Micronesia - Neuroptera: Myrmeleontidae and Chrysopidae",Neuroptera,Chrysopidae
"Mallada boninensis (Navás, 1911)",Diego Garcia,"Hutson, A.M. (1981) A preliminary list of insects of Diego Garcia Atoll, Chagos Archipelago",Neuroptera,Chrysopidae
"Plesiochrysa remota (Walker, 1853)",Sorol,"Adams, P.A. (1959) Insects of Micronesia - Neuroptera: Myrmeleontidae and Chrysopidae",Neuroptera,Chrysopidae
"Plesiochrysa ramburi (Schneider, 1851)",Eniwetok,"Adams, P.A. (1959) Insects of Micronesia - Neuroptera: Myrmeleontidae and Chrysopidae",Neuroptera,Chrysopidae
"Plesiochrysa ramburi (Schneider, 1851)",Jaluit,"Adams, P.A. (1959) Insects of Micronesia - Neuroptera: Myrmeleontidae and Chrysopidae",Neuroptera,Chrysopidae
"Plesiochrysa ramburi (Schneider, 1851)",Kapingamarangi,"Niering, W. A. (1963) Terrestrial ecology of Kapingamarangi atoll, Caroline Islands",Neuroptera,Chrysopidae
"Plesiochrysa ramburi (Schneider, 1851)",Kwajalein,"Sugerman, B.B. (1972) Insects and other arthropods from Kwajalein atoll (Marshall Islands)",Neuroptera,Chrysopidae
"Plesiochrysa ramburi (Schneider, 1851)",Lae,"Adams, P.A. (1959) Insects of Micronesia - Neuroptera: Myrmeleontidae and Chrysopidae",Neuroptera,Chrysopidae
"Plesiochrysa ramburi (Schneider, 1851)",Likiep,"Adams, P.A. (1959) Insects of Micronesia - Neuroptera: Myrmeleontidae and Chrysopidae",Neuroptera,Chrysopidae
"Plesiochrysa ramburi (Schneider, 1851)",Nomwin,"Adams, P.A. (1959) Insects of Micronesia - Neuroptera: Myrmeleontidae and Chrysopidae",Neuroptera,Chrysopidae
"Plesiochrysa ramburi (Schneider, 1851)",Onotoa,"Adams, P.A. (1959) Insects of Micronesia - Neuroptera: Myrmeleontidae and Chrysopidae",Neuroptera,Chrysopidae
"Plesiochrysa ramburi (Schneider, 1851)",Ulithi,"Adams, P.A. (1959) Insects of Micronesia - Neuroptera: Myrmeleontidae and Chrysopidae",Neuroptera,Chrysopidae
"Nimboa pauliani (Kimmins, 1960)",Glorioso,"Paulian, R. (1989) Les insectes des Îles Glorieuses",Neuroptera,Coniopterygidae
Hemerobius sp.,South Keeling,"Wood-Jones, F. (1909) The fauna of the Cocos-Keeling Atoll, collected by F. Wood-Jones",Neuroptera,Hemerobiidae
"Micromus timidus (Hagen, 1853)",Pingelap,"Carpenter, F.M. (1961) Insects of Micronesia - Neuroptera: Hemerobiidae",Neuroptera,Hemerobiidae
"Micromus timidus (Hagen, 1853)",Ulithi,"Carpenter, F.M. (1961) Insects of Micronesia - Neuroptera: Hemerobiidae",Neuroptera,Hemerobiidae
"Sympherobius barberi (Banks, 1903)",Johnston,"Binion Amerson, A., & Shelton, P.C. (1976) The natural history of Johnston atoll, Central Pacific Ocean",Neuroptera,Hemerobiidae
"Sympherobius barberi (Banks, 1903)",Kiritimati,"Krauss, N.L.H. (1953) Insects and other invertebrates from Palmyra atoll and Christmas Island",Neuroptera,Hemerobiidae
"Sympherobius barberi (Banks, 1903)",Kure,"Butler, G.D., & Usinger, R.L. (1963) Insects and other arthropods from Kure Island",Neuroptera,Hemerobiidae
"Sympherobius barberi (Banks, 1903)",Midway,"Suehiro, A. (1960) Insects and other arthropods from Midway atoll",Neuroptera,Hemerobiidae
"Creoleon mortifer (Walker, 1853)",Aldabra,"Needham, J.G. (1913) No. XII - Neuroptera, Myrmeleonidae from the Indian Ocean",Neuroptera,Myrmeleontidae
"Myrmeleon obscurus (Rambur, 1842)",Aldabra,"Needham, J.G. (1913) No. XII - Neuroptera, Myrmeleonidae from the Indian Ocean",Neuroptera,Myrmeleontidae
"Myrmeleon obscurus (Rambur, 1842)",Farquhar,"Needham, J.G. (1913) No. XII - Neuroptera, Myrmeleonidae from the Indian Ocean",Neuroptera,Myrmeleontidae
"Syngenes maritimus (Needham, 1913)",Aldabra,"Needham, J.G. (1913) No. XII - Neuroptera, Myrmeleonidae from the Indian Ocean",Neuroptera,Myrmeleontidae
Aderus sp.,Diego Garcia,"Hutson, A.M. (1981) A preliminary list of insects of Diego Garcia Atoll, Chagos Archipelago",Coleoptera,Aderidae
"Lasioderma serricorne (Fabricius, 1792)",Johnston,"Binion Amerson, A., & Shelton, P.C. (1976) The natural history of Johnston atoll, Central Pacific Ocean",Coleoptera,Anobiidae
"Lasioderma serricorne (Fabricius, 1792)",Kwajalein,"Sugerman, B.B. (1972) Insects and other arthropods from Kwajalein atoll (Marshall Islands)",Coleoptera,Anobiidae
"Lasioderma serricorne (Fabricius, 1792)",Midway,"Nishida, G.M. & Beardsley, J.W. (2002) A review of the insects and related arthropods of Midway atoll",Coleoptera,Anobiidae
"Lasioderma serricorne (Fabricius, 1792)",Wake,"Ford, E.J. (1959) Insects of Micronesia - Coleoptera: Anobiidae",Coleoptera,Anobiidae
"Anthicus insularis (Werner, 1965)",Majuro,"Werner, F.G. (1965) Insects of Micronesia - Coleoptera: Anthicidae",Coleoptera,Anthicidae
"Anthicus vexator (Werner, 1965)",Abariringa,"Werner, F.G. (1965) Insects of Micronesia - Coleoptera: Anthicidae",Coleoptera,Anthicidae
"Anthicus vexator (Werner, 1965)",Bikar,"Werner, F.G. (1965) Insects of Micronesia - Coleoptera: Anthicidae",Coleoptera,Anthicidae
"Anthicus vexator (Werner, 1965)",Eniwetok,"Werner, F.G. (1965) Insects of Micronesia - Coleoptera: Anthicidae",Coleoptera,Anthicidae
"Anthicus vexator (Werner, 1965)",Kwajalein,"Werner, F.G. (1965) Insects of Micronesia - Coleoptera: Anthicidae",Coleoptera,Anthicidae
"Anthicus vexator (Werner, 1965)",Majuro,"Werner, F.G. (1965) Insects of Micronesia - Coleoptera: Anthicidae",Coleoptera,Anthicidae
"Anthicus vexator (Werner, 1965)",Onotoa,"Werner, F.G. (1965) Insects of Micronesia - Coleoptera: Anthicidae",Coleoptera,Anthicidae
"Anthicus vexator (Werner, 1965)",Pokak,"Werner, F.G. (1965) Insects of Micronesia - Coleoptera: Anthicidae",Coleoptera,Anthicidae
"Anthicus vexator (Werner, 1965)",Wake,"Werner, F.G. (1965) Insects of Micronesia - Coleoptera: Anthicidae",Coleoptera,Anthicidae
"Anthicus vexator (Werner, 1965)",Wotho,"Werner, F.G. (1965) Insects of Micronesia - Coleoptera: Anthicidae",Coleoptera,Anthicidae
Anthicus sp.,Diego Garcia,"Hutson, A.M. (1981) A preliminary list of insects of Diego Garcia Atoll, Chagos Archipelago",Coleoptera,Anthicidae
"Mirosternus gressitti (Ford, 1958)",Ngcheangel,"Ford, E.J. (1959) Insects of Micronesia - Coleoptera: Anobiidae",Coleoptera,Anthicidae
"Mirosternus gressitti (Ford, 1958)",Nomwin,"Ford, E.J. (1959) Insects of Micronesia - Coleoptera: Anobiidae",Coleoptera,Anthicidae
Notoxus sp.,Kavaratti,"Ghosh, A.K. (1991) Fauna of Lakshadweep",Coleoptera,Anthicidae
"Sapintus oceanicus (La Ferté-Sénectère, 1849)",Abariringa,"van Zwaluwenburg, R.H. (1955) The insects and certain other arthropods of Canton Island",Coleoptera,Anthicidae
"Sapintus oceanicus (La Ferté-Sénectère, 1849)",Arno,"Werner, F.G. (1965) Insects of Micronesia - Coleoptera: Anthicidae",Coleoptera,Anthicidae
"Sapintus oceanicus (La Ferté-Sénectère, 1849)",South Keeling,"Werner, F.G. (1965) Insects of Micronesia - Coleoptera: Anthicidae",Coleoptera,Anthicidae
"Sapintus oceanicus (La Ferté-Sénectère, 1849)",Jaluit,"Werner, F.G. (1965) Insects of Micronesia - Coleoptera: Anthicidae",Coleoptera,Anthicidae
"Sapintus oceanicus (La Ferté-Sénectère, 1849)",Kwajalein,"Sugerman, B.B. (1972) Insects and other arthropods from Kwajalein atoll (Marshall Islands)",Coleoptera,Anthicidae
"Sapintus oceanicus (La Ferté-Sénectère, 1849)",Onotoa,"Werner, F.G. (1965) Insects of Micronesia - Coleoptera: Anthicidae",Coleoptera,Anthicidae
"Sapintus oceanicus (La Ferté-Sénectère, 1849)",Ulithi,"Werner, F.G. (1965) Insects of Micronesia - Coleoptera: Anthicidae",Coleoptera,Anthicidae
"Sapintus oceanicus (La Ferté-Sénectère, 1849)",Utirik,"Werner, F.G. (1965) Insects of Micronesia - Coleoptera: Anthicidae",Coleoptera,Anthicidae
"Sapintus oceanicus (La Ferté-Sénectère, 1849)",Wotho,"Werner, F.G. (1965) Insects of Micronesia - Coleoptera: Anthicidae",Coleoptera,Anthicidae
"Stricticollis tobias (De Marseul, 1879)",Midway,"Nishida, G.M. & Beardsley, J.W. (2002) A review of the insects and related arthropods of Midway atoll",Coleoptera,Anthicidae
"Araecerus fasciculatus (C.DeGeer, 1775)",South Keeling,"Gibson-Hill, C.A. (1950) Notes on the insects taken on the Cocos-Keeling Islands",Coleoptera,Anthribidae
"Araecerus fasciculatus (C.DeGeer, 1775)",Kure,"Butler, G.D., & Usinger, R.L. (1963) Insects and other arthropods from Kure Island",Coleoptera,Anthribidae
"Araecerus fasciculatus (C.DeGeer, 1775)",Laysan,"Butler, G.D. (1961) Insects and other arthropods from Laysan Island",Coleoptera,Anthribidae
"Araecerus fasciculatus (C.DeGeer, 1775)",Midway,"Nishida, G.M. & Beardsley, J.W. (2002) A review of the insects and related arthropods of Midway atoll",Coleoptera,Anthribidae
"Araecerus fasciculatus (C.DeGeer, 1775)",Pearl and Hermes,"Beardsley, J.W. (1966) Insects and other terrestrial arthropods from the Leeward Hawaiian Islands",Coleoptera,Anthribidae
"Araecerus levipennis (Jordan, 1924)",Midway,"Suehiro, A. (1960) Insects and other arthropods from Midway atoll",Coleoptera,Anthribidae
"Araecerus vieillardi (Montrouzier, 1860)",Abariringa,"van Zwaluwenburg, R.H. (1955) The insects and certain other arthropods of Canton Island",Coleoptera,Anthribidae
"Araecerus vieillardi (Montrouzier, 1860)",Oeno,"Zimmerman, E.C. (1938) Anthribidae of Southeastern Polynesia (Coleoptera)",Coleoptera,Anthribidae
"Araecerus vieillardi (Montrouzier, 1860)",Palmyra,"Handler, A.T., et al. (2007) Arthropod surveys on Palmyra Atoll, Line Islands, and insights into the decline of the native tree Pisonia grandis (Nycatginaceae)",Coleoptera,Anthribidae
Araecerus sp.,South Keeling,"Gibson-Hill, C.A. (1950) Notes on the insects taken on the Cocos-Keeling Islands",Coleoptera,Anthribidae
Araecerus sp.,Kwajalein,"Sugerman, B.B. (1972) Insects and other arthropods from Kwajalein atoll (Marshall Islands)",Coleoptera,Anthribidae
"Exillis lepidus (Jordan, 1922)",Midway,"Suehiro, A. (1960) Insects and other arthropods from Midway atoll",Coleoptera,Anthribidae
"Mauia subnotata (Boheman, 1859)",Palmyra,"Handler, A.T., et al. (2007) Arthropod surveys on Palmyra Atoll, Line Islands, and insights into the decline of the native tree Pisonia grandis (Nycatginaceae)",Coleoptera,Anthribidae
"Mauia subnotata (Boheman, 1859)",Takapoto,"Rivière, F. (1979) La vie animale terrestre à Takapoto",Coleoptera,Anthribidae
"Phloeobius pustulosus (Gerstaecker, 1871)",Aldabra,"Jordan, K. (1914) No. XIII - Coleoptera - Anthribidae",Coleoptera,Anthribidae
"Airapus interstitialis (Fairmaire, 1883)",Arno,"Cartwright, O.L., & Gordon, R.D. (1971) Insects of Micronesia - Coleoptera: Sarabaeidae",Coleoptera,Aphodiidae
"Ataenius liogaster (Bates, 1887)",Arno,"Cartwright, O.L., & Gordon, R.D. (1971) Insects of Micronesia - Coleoptera: Sarabaeidae",Coleoptera,Aphodiidae
"Ataenius peregrinator (Harold, 1877)",Arno,"Cartwright, O.L., & Gordon, R.D. (1971) Insects of Micronesia - Coleoptera: Sarabaeidae",Coleoptera,Aphodiidae
"Neotrichiorhyssemus esakii (Nomura, 1943)",Kwajalein,"Sugerman, B.B. (1972) Insects and other arthropods from Kwajalein atoll (Marshall Islands)",Coleoptera,Aphodiidae
"Platytomus micros (Bates, 1887)",Kure,"Butler, G.D., & Usinger, R.L. (1963) Insects and other arthropods from Kure Island",Coleoptera,Aphodiidae
"Platytomus parvulus (Chevrolat, 1864)",Laysan,"Bryan, E.H. (1926) Insects of Hawaii, Johnston Island and Wake Island",Coleoptera,Aphodiidae
Platytomus sp.,Clipperton,"Garrouste, R., & Hervé, C. (2009) La faune des insectes (Insecta s.l.) de l'atoll de Clipperton",Coleoptera,Aphodiidae
"Pleurophorus parvulus (Chevrolat, 1864)",Abariringa,"van Zwaluwenburg, R.H. (1955) The insects and certain other arthropods of Canton Island",Coleoptera,Aphodiidae
"Pleurophorus parvulus (Chevrolat, 1864)",Laysan,"Butler, G.D. (1961) Insects and other arthropods from Laysan Island",Coleoptera,Aphodiidae
"Pleurophorus parvulus (Chevrolat, 1864)",Midway,"Nishida, G.M. & Beardsley, J.W. (2002) A review of the insects and related arthropods of Midway atoll",Coleoptera,Aphodiidae
"Rhyssemus insictus (Walker, 1858)",South Keeling,"Gibson-Hill, C.A. (1950) Notes on the insects taken on the Cocos-Keeling Islands",Coleoptera,Aphodiidae
Rhyssemus sp.,Kwajalein,"Sugerman, B.B. (1979) Additions to the list of insects and other arthropods from Kwajalein atoll (Marshall Islands)",Coleoptera,Aphodiidae
"Saprosites pygmaeus (Harold, 1877)",Abariringa,"van Zwaluwenburg, R.H. (1955) The insects and certain other arthropods of Canton Island",Coleoptera,Aphodiidae
"Saprosites pygmaeus (Harold, 1877)",Arno,"Cartwright, O.L., & Gordon, R.D. (1971) Insects of Micronesia - Coleoptera: Sarabaeidae",Coleoptera,Aphodiidae
"Saprosites pygmaeus (Harold, 1877)",Kure,"Butler, G.D., & Usinger, R.L. (1963) Insects and other arthropods from Kure Island",Coleoptera,Aphodiidae
"Saprosites pygmaeus (Harold, 1877)",Palmyra,"Handler, A.T., et al. (2007) Arthropod surveys on Palmyra Atoll, Line Islands, and insights into the decline of the native tree Pisonia grandis (Nycatginaceae)",Coleoptera,Aphodiidae
"Saprosites pygmaeus (Harold, 1877)",Ulithi,"Cartwright, O.L., & Gordon, R.D. (1971) Insects of Micronesia - Coleoptera: Sarabaeidae",Coleoptera,Aphodiidae
Saprosites sp.,Kure,"Butler, G.D., & Usinger, R.L. (1963) Insects and other arthropods from Kure Island",Coleoptera,Aphodiidae
Trichiorhyssemus sp.,Kwajalein,"Sugerman, B.B. (1972) Insects and other arthropods from Kwajalein atoll (Marshall Islands)",Coleoptera,Aphodiidae
"Amphicerus cornutus (Pallas, 1772)",Johnston,"Rash, R. (2020) Checklist and images documenting the biodiversity of Johnston Atoll National Wildlife Refuge",Coleoptera,Bostrichidae
"Amphicerus cornutus (Pallas, 1772)",Wake,"Chûjô, M. (1958) Insects of Micronesia - Coleoptera - Bostrychidae",Coleoptera,Bostrichidae
"Apate congener (Gerstäcker, 1855)",Aldabra,"Frith, D.W. (1979) A list of insects caught in light traps on West Island, Aldabra Atoll, Indian Ocean",Coleoptera,Bostrichidae
"Dinoderus bifoveolatus (Wollaston, 1858)",Kwajalein,"Sugerman, B.B. (1972) Insects and other arthropods from Kwajalein atoll (Marshall Islands)",Coleoptera,Bostrichidae
"Dinoderus minutus (Fabricius, 1775)",Ngcheangel,"Chûjô, M. (1958) Insects of Micronesia - Coleoptera - Bostrychidae",Coleoptera,Bostrichidae
"Heterobostrychus aequalis (Waterhouse, 1884)",Midway,"Suehiro, A. (1960) Insects and other arthropods from Midway atoll",Coleoptera,Bostrichidae
"Lyctus brunneus (Stephens, 1830)",Diego Garcia,"Hutson, A.M. (1981) A preliminary list of insects of Diego Garcia Atoll, Chagos Archipelago",Coleoptera,Bostrichidae
"Lyctus brunneus (Stephens, 1830)",Midway,"Suehiro, A. (1960) Insects and other arthropods from Midway atoll",Coleoptera,Bostrichidae
"Lyctus brunneus (Stephens, 1830)",Takapoto,"Rivière, F. (1979) La vie animale terrestre à Takapoto",Coleoptera,Bostrichidae
"Minthea rugicollis (Walker, 1858)",South Keeling,"Gibson-Hill, C.A. (1950) Notes on the insects taken on the Cocos-Keeling Islands",Coleoptera,Bostrichidae
"Rhyzopertha dominica (Fabricius, 1792)",South Keeling,"Gibson-Hill, C.A. (1950) Notes on the insects taken on the Cocos-Keeling Islands",Coleoptera,Bostrichidae
"Sinoxylon unidentatum (Fabricius, 1801)",Aldabra,"Gerlach, J. (2009) The Coleoptera of the Seychelles islands",Coleoptera,Bostrichidae
"Xylothrips religiosus (Boisduval, 1835)",Ant,"Chûjô, M. (1958) Insects of Micronesia - Coleoptera - Bostrychidae",Coleoptera,Bostrichidae
"Xylothrips religiosus (Boisduval, 1835)",Takapoto,"Rivière, F. (1979) La vie animale terrestre à Takapoto",Coleoptera,Bostrichidae
"Bothrideres fryeri (Grouvelle, 1918)",Aldabra,"Gerlach, J. (2009) The Coleoptera of the Seychelles islands",Coleoptera,Bothrideridae
"Cylas formicarius (Fabricius, 1798)",South Keeling,"Gibson-Hill, C.A. (1950) Notes on the insects taken on the Cocos-Keeling Islands",Coleoptera,Brentidae
"Cylas formicarius (Fabricius, 1798)",Diego Garcia,"Hutson, A.M. (1981) A preliminary list of insects of Diego Garcia Atoll, Chagos Archipelago",Coleoptera,Brentidae
"Cylas formicarius (Fabricius, 1798)",Majuro,"Nafus, D. (1991) Movement of new insects into the Carolines and Marshalls in recent years",Coleoptera,Brentidae
"Agrilus occipitalis (Eschscholtz, 1822)",South Keeling,"Bellis, G.A., et al. (2004) Records of insect pests on Christmas Island and the Cocos (Keeling) Islands, Indian Ocean",Coleoptera,Buprestidae
"Aldabrica fryeri (Kerremans, 1914)",Aldabra,"Kerremans, C. (1914) No. XVII - Coleoptera - Buprestidae",Coleoptera,Buprestidae
"Chrysodema simplex (Waterhouse, 1887)",South Keeling,"Gibson-Hill, C.A. (1950) Notes on the insects taken on the Cocos-Keeling Islands",Coleoptera,Buprestidae
"Sponsor pilosellus (Kerremans, 1914)",Aldabra,"Kerremans, C. (1914) No. XVII - Coleoptera - Buprestidae",Coleoptera,Buprestidae
"Caccodes marquesanus (Blair, 1932)",Kapingamarangi,"Niering, W. A. (1963) Terrestrial ecology of Kapingamarangi atoll, Caroline Islands",Coleoptera,Cantharidae
"Abacetus (Caricus) gondati (Chaudoir, 1870)",Aldabra,"Gerlach, J. (2009) The Coleoptera of the Seychelles islands",Coleoptera,Carabidae
"Acupalpus (Stenolophidius) alluaudi (Jeannel, 1948)",Aldabra,"Gerlach, J. (2009) The Coleoptera of the Seychelles islands",Coleoptera,Carabidae
"Chlaenius allacteus (Alluaud, 1919)",Aldabra,"Frith, D.W. (1979) A list of insects caught in light traps on West Island, Aldabra Atoll, Indian Ocean",Coleoptera,Carabidae
"Chlaenius bisignatus (Desjean, 1826)",Aldabra,"Frith, D.W. (1979) A list of insects caught in light traps on West Island, Aldabra Atoll, Indian Ocean",Coleoptera,Carabidae
"Cicindela trifasciata (Fabricius, 1781)",Clipperton,"Garrouste, R., & Hervé, C. (2009) La faune des insectes (Insecta s.l.) de l'atoll de Clipperton",Coleoptera,Carabidae
"Elaphropus ascendens (Alluaud, 1917)",Aldabra,"Gerlach, J. (2009) The Coleoptera of the Seychelles islands",Coleoptera,Carabidae
"Elaphropus bibulus (Coquerel, 1866)",Aldabra,"Scott, H. (1912) No. XV - Coleoptera, Lamellicornia and Adephaga",Coleoptera,Carabidae
"Elaphropus ceylanicus (Nietner, 1858)",Abariringa,"van Zwaluwenburg, R.H. (1955) The insects and certain other arthropods of Canton Island",Coleoptera,Carabidae
"Elaphropus yunax (Darlington, 1939)",Arno,"Darlington, P.J. (1970) Insects of Micronesia - Coleoptera: Carabidae, including Cicindelinae",Coleoptera,Carabidae
"Elaphropus yunax (Darlington, 1939)",Jaluit,"Darlington, P.J. (1970) Insects of Micronesia - Coleoptera: Carabidae, including Cicindelinae",Coleoptera,Carabidae
"Elaphropus yunax (Darlington, 1939)",Onotoa,"Darlington, P.J. (1970) Insects of Micronesia - Coleoptera: Carabidae, including Cicindelinae",Coleoptera,Carabidae
"Endynomena pradieri (Fairmaire, 1849)",Ulithi,"Darlington, P.J. (1970) Insects of Micronesia - Coleoptera: Carabidae, including Cicindelinae",Coleoptera,Carabidae
"Liagonum fulvipes (Laferté-Senectère, 1853)",Aldabra,"Gerlach, J. (2009) The Coleoptera of the Seychelles islands",Coleoptera,Carabidae
"Myriochila perplexa (Dejean, 1825)",Aldabra,"Frith, D.W. (1979) A list of insects caught in light traps on West Island, Aldabra Atoll, Indian Ocean",Coleoptera,Carabidae
"Myriochila trilunaris (Klug, 1833)",Aldabra,"Scott, H. (1912) No. XV - Coleoptera, Lamellicornia and Adephaga",Coleoptera,Carabidae
"Myriochila trilunaris (Klug, 1833)",Farquhar,"Scott, H. (1912) No. XV - Coleoptera, Lamellicornia and Adephaga",Coleoptera,Carabidae
"Pachycallida rufoplagiata (Jeannel, 1949)",Aldabra,"Gerlach, J. (2009) The Coleoptera of the Seychelles islands",Coleoptera,Carabidae
"Perigona nigriceps (Dejean, 1831)",Kapingamarangi,"Darlington, P.J. (1970) Insects of Micronesia - Coleoptera: Carabidae, including Cicindelinae",Coleoptera,Carabidae
"Pheropsophus (Stenaptinus) humeralis (Chaudoir, 1843)",Aldabra,"Scott, H. (1912) No. XV - Coleoptera, Lamellicornia and Adephaga",Coleoptera,Carabidae
"Platymetopus interpunctatus (Desjean, 1829)",Aldabra,"Scott, H. (1912) No. XV - Coleoptera, Lamellicornia and Adephaga",Coleoptera,Carabidae
"Platymetopus interpunctatus (Desjean, 1829)",Cosmoledo,"Scott, H. (1912) No. XV - Coleoptera, Lamellicornia and Adephaga",Coleoptera,Carabidae
"Rhyzodiastes polinosus (R.T. & J.R. Bell, 1981)",Ulithi,"Bell, R.T., & Bell, J.R. (1981) Insects of Micronesia - Coleoptera: Rhysodidae",Coleoptera,Carabidae
Selenophorus sp.,Kwajalein,"Sugerman, B.B. (1979) Additions to the list of insects and other arthropods from Kwajalein atoll (Marshall Islands)",Coleoptera,Carabidae
"Siopelus (Aulacoryssus) pavoninus (Gerstaecker, 1867)",Aldabra,"Frith, D.W. (1979) A list of insects caught in light traps on West Island, Aldabra Atoll, Indian Ocean",Coleoptera,Carabidae
"Siopelus (Aulacoryssus) pavoninus (Gerstaecker, 1867)",Farquhar,"Gerlach, J. (2009) The Coleoptera of the Seychelles islands",Coleoptera,Carabidae
"Siopelus (Aulacoryssus) pulchellus (Dejean, 1829)",Aldabra,"Alluaud, C. (1916) Coléoptères des Iles Mascareignes et Séchelles",Coleoptera,Carabidae
"Siopelus (Aulacoryssus) pulchellus (Dejean, 1829)",Cosmoledo,"Alluaud, C. (1916) Coléoptères des Iles Mascareignes et Séchelles",Coleoptera,Carabidae
"Siopelus (Aulacoryssus) pulchellus (Dejean, 1829)",Farquhar,"Alluaud, C. (1916) Coléoptères des Iles Mascareignes et Séchelles",Coleoptera,Carabidae
"Stenolophus (Egadroma) laticollis (Jeannel, 1948)",Aldabra,"Frith, D.W. (1979) A list of insects caught in light traps on West Island, Aldabra Atoll, Indian Ocean",Coleoptera,Carabidae
"Stenolophus smaragdulus (Fabricius, 1798)",Arno,"Darlington, P.J. (1970) Insects of Micronesia - Coleoptera: Carabidae, including Cicindelinae",Coleoptera,Carabidae
"Stenolophus smaragdulus (Fabricius, 1798)",Eniwetok,"Darlington, P.J. (1970) Insects of Micronesia - Coleoptera: Carabidae, including Cicindelinae",Coleoptera,Carabidae
"Stenolophus smaragdulus (Fabricius, 1798)",Jaluit,"Darlington, P.J. (1970) Insects of Micronesia - Coleoptera: Carabidae, including Cicindelinae",Coleoptera,Carabidae
"Stenolophus smaragdulus (Fabricius, 1798)",Kwajalein,"Sugerman, B.B. (1972) Insects and other arthropods from Kwajalein atoll (Marshall Islands)",Coleoptera,Carabidae
"Stenolophus smaragdulus (Fabricius, 1798)",Majuro,"Darlington, P.J. (1970) Insects of Micronesia - Coleoptera: Carabidae, including Cicindelinae",Coleoptera,Carabidae
"Stenolophus smaragdulus (Fabricius, 1798)",Ulithi,"Darlington, P.J. (1970) Insects of Micronesia - Coleoptera: Carabidae, including Cicindelinae",Coleoptera,Carabidae
"Stenolophus (Egadroma) trivittis (Fairmaire, 1869)",Aldabra,"Frith, D.W. (1979) A list of insects caught in light traps on West Island, Aldabra Atoll, Indian Ocean",Coleoptera,Carabidae
"Tachys (Polyderis) brevicornis (Chaudoir, 1846)",Aldabra,"Gerlach, J. (2009) The Coleoptera of the Seychelles islands",Coleoptera,Carabidae
"Tachys oahuensis (Blackburn, 1878)",Laysan,"Butler, G.D., & Usinger, R.L. (1963) Insects and other invertebrates from Laysan Island",Coleoptera,Carabidae
"Tachys sexguttatus (Fairmaire, 1849)",Arno,"Darlington, P.J. (1970) Insects of Micronesia - Coleoptera: Carabidae, including Cicindelinae",Coleoptera,Carabidae
Tachys sp.,Abariringa,"van Zwaluwenburg, R.H. (1955) The insects and certain other arthropods of Canton Island",Coleoptera,Carabidae
"Tetragonoderus bilunatus (Klug, 1833)",Aldabra,"Scott, H. (1912) No. XV - Coleoptera, Lamellicornia and Adephaga",Coleoptera,Carabidae
"Tetragonoderus bilunatus (Klug, 1833)",Farquhar,"Scott, H. (1912) No. XV - Coleoptera, Lamellicornia and Adephaga",Coleoptera,Carabidae
"Acalolepta acanthocinoides (Thomson, 1864)",Ngcheangel,"Gressitt, J.L. (1956) Insects of Micronesia - Coleoptera: Cerambycidae",Coleoptera,Cerambycidae
"Acalolepta fasciata (Montrouzier, 1855)",Kapingamarangi,"Niering, W. A. (1963) Terrestrial ecology of Kapingamarangi atoll, Caroline Islands",Coleoptera,Cerambycidae
"Acalolepta fasciata (Montrouzier, 1855)",Nukunonu,"Hickley, A.D. (1969) Ecology of terrestrial arthropods of the Tokelau atolls",Coleoptera,Cerambycidae
"Acalolepta nativitatis (Gahan, 1888)",South Keeling,"Gibson-Hill, C.A. (1950) Notes on the insects taken on the Cocos-Keeling Islands",Coleoptera,Cerambycidae
"Caroliniella aenescens (Blair, 1940)",Nomwin,"Gressitt, J.L. (1956) Insects of Micronesia - Coleoptera: Cerambycidae",Coleoptera,Cerambycidae
"Ceresium adamsi (Gressitt, 1956)",Kwajalein,"Sugerman, B.B. (1972) Insects and other arthropods from Kwajalein atoll (Marshall Islands)",Coleoptera,Cerambycidae
"Ceresium flavipes (Fabricius, 1793)",South Keeling,"Wood-Jones, F. (1909) The fauna of the Cocos-Keeling Atoll, collected by F. Wood-Jones",Coleoptera,Cerambycidae
"Ceresium robustum (Gressitt, 1956)",Arno,"Gressitt, J.L. (1956) Insects of Micronesia - Coleoptera: Cerambycidae",Coleoptera,Cerambycidae
"Ceresium unicolor (Fabricius, 1787)",Funafuti,"Hedley, C. (1900) The atoll of Funafuti, Ellice Group - its zoology, botany, ethnology, and general structure",Coleoptera,Cerambycidae
"Ceresium unicolor (Fabricius, 1787)",Johnston,"Rash, R. (2020) Checklist and images documenting the biodiversity of Johnston Atoll National Wildlife Refuge",Coleoptera,Cerambycidae
"Ceresium unicolor (Fabricius, 1787)",Majuro,"Gressitt, J.L. (1956) Insects of Micronesia - Coleoptera: Cerambycidae",Coleoptera,Cerambycidae
"Ceresium unicolor (Fabricius, 1787)",Midway,"Suehiro, A. (1960) Insects and other arthropods from Midway atoll",Coleoptera,Cerambycidae
"Ceresium unicolor (Fabricius, 1787)",Takapoto,"Rivière, F. (1979) La vie animale terrestre à Takapoto",Coleoptera,Cerambycidae
"Ceresium unicolor (Fabricius, 1787)",Ulithi,"Gressitt, J.L. (1956) Insects of Micronesia - Coleoptera: Cerambycidae",Coleoptera,Cerambycidae
"Chlorophorus annularis (Fabricius, 1787)",South Keeling,"Wood-Jones, F. (1909) The fauna of the Cocos-Keeling Atoll, collected by F. Wood-Jones",Coleoptera,Cerambycidae
"Coptops aedificator (Fabricius, 1793)",Aldabra,"Gerlach, J. (2009) The Coleoptera of the Seychelles islands",Coleoptera,Cerambycidae
"Coptops aedificator (Fabricius, 1793)",Diego Garcia,"Hutson, A.M. (1981) A preliminary list of insects of Diego Garcia Atoll, Chagos Archipelago",Coleoptera,Cerambycidae
"Idobrium femoratum (Aurivillius, 1922)",Aldabra,"Gerlach, J. (2009) The Coleoptera of the Seychelles islands",Coleoptera,Cerambycidae
"Idobrium voeltzkowi (Kolbe, 1902)",Aldabra,"Gerlach, J. (2009) The Coleoptera of the Seychelles islands",Coleoptera,Cerambycidae
"Iresioides aldabrensis (Linell, 1897)",Aldabra,"Linell, M.L. (1897) On the insects collected by Doctor Abbott on the Seycelles, Aldabra, Glorioso and Providence Islands",Coleoptera,Cerambycidae
"Longipalpus guamensis (Gressitt, 1951)",Ailuk,"Gressitt, J.L. (1956) Insects of Micronesia - Coleoptera: Cerambycidae",Coleoptera,Cerambycidae
"Longipalpus gynandropsidis (Fairmaire, 1850)",Takapoto,"Rivière, F. (1979) La vie animale terrestre à Takapoto",Coleoptera,Cerambycidae
"Miaenia argentipleura (Gressitt, 1956)",Kapingamarangi,"Gressitt, J.L. (1956) Insects of Micronesia - Coleoptera: Cerambycidae",Coleoptera,Cerambycidae
"Miaenia atollorum (Gressitt, 1956)",Ulithi,"Gressitt, J.L. (1956) Insects of Micronesia - Coleoptera: Cerambycidae",Coleoptera,Cerambycidae
"Miaenia aureopleura (Gressitt, 1956)",Etal,"Gressitt, J.L. (1956) Insects of Micronesia - Coleoptera: Cerambycidae",Coleoptera,Cerambycidae
"Mycerinopsis alternans (Wiedemann, 1823)",Kwajalein,"Sugerman, B.B. (1972) Insects and other arthropods from Kwajalein atoll (Marshall Islands)",Coleoptera,Cerambycidae
"Mycerinopsis alternans (Wiedemann, 1823)",Midway,"Suehiro, A. (1960) Insects and other arthropods from Midway atoll",Coleoptera,Cerambycidae
"Mycerinopsis alternans (Wiedemann, 1823)",Ngcheangel,"Gressitt, J.L. (1956) Insects of Micronesia - Coleoptera: Cerambycidae",Coleoptera,Cerambycidae
"Mycerinopsis alternans (Wiedemann, 1823)",Rose,"Peck, R.W., et al. (2014) Arthropods of Rose atoll with special reference to ants and Pulvianaria urbicola scales (Hemiptera: Coccidae) on Pisonia grandis trees",Coleoptera,Cerambycidae
"Mycerinopsis alternans (Wiedemann, 1823)",Ulithi,"Gressitt, J.L. (1956) Insects of Micronesia - Coleoptera: Cerambycidae",Coleoptera,Cerambycidae
"Mycerinopsis ponapensis (Blair, 1940)",Kwajalein,"Sugerman, B.B. (1979) Additions to the list of insects and other arthropods from Kwajalein atoll (Marshall Islands)",Coleoptera,Cerambycidae
"Olenecamptus bilobus (Fabricius, 1801)",Glorioso,"Paulian, R. (1989) Les insectes des Îles Glorieuses",Coleoptera,Cerambycidae
"Oopsis marshallensis (Gressitt, 1956)",Arno,"Gressitt, J.L. (1956) Insects of Micronesia - Coleoptera: Cerambycidae",Coleoptera,Cerambycidae
"Oopsis marshallensis (Gressitt, 1956)",Jaluit,"Gressitt, J.L. (1956) Insects of Micronesia - Coleoptera: Cerambycidae",Coleoptera,Cerambycidae
"Oopsis marshallensis (Gressitt, 1956)",Majuro,"Gressitt, J.L. (1956) Insects of Micronesia - Coleoptera: Cerambycidae",Coleoptera,Cerambycidae
"Oopsis nutator (Fabricius, 1787)",Nukunonu,"Hickley, A.D. (1969) Ecology of terrestrial arthropods of the Tokelau atolls",Coleoptera,Cerambycidae
"Paremeopedus minimus (Blair, 1940)",Arno,"Gressitt, J.L. (1956) Insects of Micronesia - Coleoptera: Cerambycidae",Coleoptera,Cerambycidae
"Paremeopedus minimus (Blair, 1940)",Ngcheangel,"Gressitt, J.L. (1956) Insects of Micronesia - Coleoptera: Cerambycidae",Coleoptera,Cerambycidae
"Paremeopedus minimus (Blair, 1940)",Pingelap,"Gressitt, J.L. (1956) Insects of Micronesia - Coleoptera: Cerambycidae",Coleoptera,Cerambycidae
"Paremeopedus wakensis (Gressitt, 1956)",Wake,"Gressitt, J.L. (1956) Insects of Micronesia - Coleoptera: Cerambycidae",Coleoptera,Cerambycidae
"Placosternus crinicornis (Chevrolat, 1860)",Laysan,"Butler, G.D. (1961) Insects and other arthropods from Laysan Island",Coleoptera,Cerambycidae
"Rhytiphora atlantica (Breuning, 1938)",Eniwetok,"Gressitt, J.L. (1956) Insects of Micronesia - Coleoptera: Cerambycidae",Coleoptera,Cerambycidae
"Rhytiphora atlantica (Breuning, 1938)",Kwajalein,"Sugerman, B.B. (1972) Insects and other arthropods from Kwajalein atoll (Marshall Islands)",Coleoptera,Cerambycidae
"Rhytiphora atlantica (Breuning, 1938)",Ujelang,"Gressitt, J.L. (1956) Insects of Micronesia - Coleoptera: Cerambycidae",Coleoptera,Cerambycidae
"Rhytiphora dentata (Olivier, 1792)",Aldabra,"Gerlach, J. (2009) The Coleoptera of the Seychelles islands",Coleoptera,Cerambycidae
"Rhytiphora major (Gressitt, 1956)",Arno,"Gressitt, J.L. (1956) Insects of Micronesia - Coleoptera: Cerambycidae",Coleoptera,Cerambycidae
"Rhytiphora hibisci (Gressitt, 1956)",Kwajalein,"Sugerman, B.B. (1972) Insects and other arthropods from Kwajalein atoll (Marshall Islands)",Coleoptera,Cerambycidae
"Rhytiphora hibisci (Gressitt, 1956)",Majuro,"Gressitt, J.L. (1956) Insects of Micronesia - Coleoptera: Cerambycidae",Coleoptera,Cerambycidae
"Rhytiphora hibisci (Gressitt, 1956)",Utirik,"Gressitt, J.L. (1956) Insects of Micronesia - Coleoptera: Cerambycidae",Coleoptera,Cerambycidae
"Rhytiphora xyalopus (Karsch, 1881)",Jaluit,"Gressitt, J.L. (1956) Insects of Micronesia - Coleoptera: Cerambycidae",Coleoptera,Cerambycidae
"Ropica squamulosa (Breuning, 1939)",Ulithi,"Gressitt, J.L. (1956) Insects of Micronesia - Coleoptera: Cerambycidae",Coleoptera,Cerambycidae
"Xystrocera globosa (Olivier, 1795)",Takapoto,"Rivière, F. (1979) La vie animale terrestre à Takapoto",Coleoptera,Cerambycidae
"Acanthoscelides macrophthalmus (Schaeffer, 1907)",Midway,"Nishida, G.M. & Beardsley, J.W. (2002) A review of the insects and related arthropods of Midway atoll",Coleoptera,Chrysomelidae
"Aphthona scutellata (Baly, 1877)",Eniwetok,"Samuelson, G.A., & Nishida, G.M. (1987) Insects and allies (arthropods) of Enewetak atoll",Coleoptera,Chrysomelidae
"Aphthona scutellata (Baly, 1877)",Ulithi,"Gressitt, J.L. (1965) Insects of Micronesia - Coleoptera: Chrysomelidae",Coleoptera,Chrysomelidae
"Aphthona nanyoensis (Chujo, 1943)",Sorol,"Gressitt, J.L. (1965) Insects of Micronesia - Coleoptera: Chrysomelidae",Coleoptera,Chrysomelidae
"Aspidimorpha apicalis (Klug, 1833)",Aldabra,"Frith, D.W. (1979) A list of insects caught in light traps on West Island, Aldabra Atoll, Indian Ocean",Coleoptera,Chrysomelidae
"Aulacophora cincta (Fabricius, 1775)",Kavaratti,"Ghosh, A.K. (1991) Fauna of Lakshadweep",Coleoptera,Chrysomelidae
"Aulacophora indica (Gmelin, 1790)",Ngcheangel,"Gressitt, J.L. (1965) Insects of Micronesia - Coleoptera: Chrysomelidae",Coleoptera,Chrysomelidae
"Aulacophora marginalis (Chapuis, 1876)",Ngcheangel,"Gressitt, J.L. (1965) Insects of Micronesia - Coleoptera: Chrysomelidae",Coleoptera,Chrysomelidae
"Bikasha tenuipunctata (Maulik, 1931)",Aldabra,"Maulik, S. (1931) No. IX - Coleoptera, Chrysomelidae - Eumolpinae, Galerucinae and Halticinae",Coleoptera,Chrysomelidae
"Brontispa chalybeipennis (Zacher, 1913)",Arno,"Gressitt, J.L. (1965) Insects of Micronesia - Coleoptera: Chrysomelidae",Coleoptera,Chrysomelidae
"Brontispa chalybeipennis (Zacher, 1913)",Jaluit,"Gressitt, J.L. (1965) Insects of Micronesia - Coleoptera: Chrysomelidae",Coleoptera,Chrysomelidae
"Brontispa chalybeipennis (Zacher, 1913)",Kwajalein,"Gressitt, J.L. (1965) Insects of Micronesia - Coleoptera: Chrysomelidae",Coleoptera,Chrysomelidae
"Brontispa chalybeipennis (Zacher, 1913)",Likiep,"Gressitt, J.L. (1965) Insects of Micronesia - Coleoptera: Chrysomelidae",Coleoptera,Chrysomelidae
"Brontispa chalybeipennis (Zacher, 1913)",Majuro,"Gressitt, J.L. (1965) Insects of Micronesia - Coleoptera: Chrysomelidae",Coleoptera,Chrysomelidae
"Brontispa mariana (Spaeth, 1937)",Losap,"Gressitt, J.L. (1965) Insects of Micronesia - Coleoptera: Chrysomelidae",Coleoptera,Chrysomelidae
"Brontispa mariana (Spaeth, 1937)",Nomwin,"Gressitt, J.L. (1965) Insects of Micronesia - Coleoptera: Chrysomelidae",Coleoptera,Chrysomelidae
"Brontispa mariana (Spaeth, 1937)",Ulithi,"Gressitt, J.L. (1965) Insects of Micronesia - Coleoptera: Chrysomelidae",Coleoptera,Chrysomelidae
"Callosobruchus analis (Fabricius, 1781)",South Keeling,"Gibson-Hill, C.A. (1950) Notes on the insects taken on the Cocos-Keeling Islands",Coleoptera,Chrysomelidae
"Cassida circumdata (Herbst, 1799)",Majuro,"Nafus, D. (1991) Movement of new insects into the Carolines and Marshalls in recent years",Coleoptera,Chrysomelidae
"Chaetocnema confinis (Crotch, 1873)",Majuro,"Nafus, D. (1991) Movement of new insects into the Carolines and Marshalls in recent years",Coleoptera,Chrysomelidae
"Coenobius glochidionis (Gressitt, 1965)",Ngcheangel,"Gressitt, J.L. (1965) Insects of Micronesia - Coleoptera: Chrysomelidae",Coleoptera,Chrysomelidae
"Coenobius macarangae (Gressitt, 1965)",Ngcheangel,"Gressitt, J.L. (1965) Insects of Micronesia - Coleoptera: Chrysomelidae",Coleoptera,Chrysomelidae
"Colasposoma distinctum (Baly, 1867)",Diego Garcia,"Barnett, L.K., & Emms, C. (1996) An annotated checklist of the Chagos archipelago terrestrial fauna (omitting birds) recorded during the 1996 'Friends of the Chagos' expedition",Coleoptera,Chrysomelidae
"Diachus auratus (Fabricius, 1801)",Midway,"Suehiro, A. (1960) Insects and other arthropods from Midway atoll",Coleoptera,Chrysomelidae
"Keeta aldabrana (Maulik, 1931)",Aldabra,"Maulik, S. (1931) No. IX - Coleoptera, Chrysomelidae - Eumolpinae, Galerucinae and Halticinae",Coleoptera,Chrysomelidae
"Keeta fryeri (Maulik, 1931)",Aldabra,"Maulik, S. (1931) No. IX - Coleoptera, Chrysomelidae - Eumolpinae, Galerucinae and Halticinae",Coleoptera,Chrysomelidae
"Mimosestes nubigens (Motschulsky, 1874)",Midway,"Suehiro, A. (1960) Insects and other arthropods from Midway atoll",Coleoptera,Chrysomelidae
"Pagria signata (Motschulsky, 1858)",Kwajalein,"Sugerman, B.B. (1972) Insects and other arthropods from Kwajalein atoll (Marshall Islands)",Coleoptera,Chrysomelidae
"Rhyparidula insularis (Maulik, 1931)",Aldabra,"Maulik, S. (1931) No. IX - Coleoptera, Chrysomelidae - Eumolpinae, Galerucinae and Halticinae",Coleoptera,Chrysomelidae
"Spermophagus convolvuli (Thunberg, 1816)",Aldabra,"Gerlach, J. (2009) The Coleoptera of the Seychelles islands",Coleoptera,Chrysomelidae
"Sphaeroderma wedeliae (Gressitt, 1965)",Nomwin,"Gressitt, J.L. (1965) Insects of Micronesia - Coleoptera: Chrysomelidae",Coleoptera,Chrysomelidae
"Sphaeroderma wedeliae (Gressitt, 1965)",Satawan,"Gressitt, J.L. (1965) Insects of Micronesia - Coleoptera: Chrysomelidae",Coleoptera,Chrysomelidae
"Stator pruininus (Horn, 1873)",Midway,"Suehiro, A. (1960) Insects and other arthropods from Midway atoll",Coleoptera,Chrysomelidae
"Cis aldabranus (Scott, 1926)",Aldabra,"Scott, H. (1926) No. I - Coleoptera, Ciidae",Coleoptera,Ciidae
Cis sp.,Midway,"Nishida, G.M. & Beardsley, J.W. (2002) A review of the insects and related arthropods of Midway atoll",Coleoptera,Ciidae
Cis sp.,Takapoto,"Rivière, F. (1979) La vie animale terrestre à Takapoto",Coleoptera,Ciidae
"Ceracis cucullatus (Mellié, 1849)",Aldabra,"Scott, H. (1926) No. I - Coleoptera, Ciidae",Coleoptera,Ciidae
"Necrobia rufipes (Fabricius, 1781)",Abariringa,"van Zwaluwenburg, R.H. (1955) The insects and certain other arthropods of Canton Island",Coleoptera,Cleridae
"Necrobia rufipes (Fabricius, 1781)",Aldabra,"Schenkling, S. (1922) No. VI - Coleoptera: Cleridae",Coleoptera,Cleridae
"Necrobia rufipes (Fabricius, 1781)",Astove,"Gerlach, J. (2009) The Coleoptera of the Seychelles islands",Coleoptera,Cleridae
"Necrobia rufipes (Fabricius, 1781)",South Keeling,"Gibson-Hill, C.A. (1950) Notes on the insects taken on the Cocos-Keeling Islands",Coleoptera,Cleridae
"Necrobia rufipes (Fabricius, 1781)",Cosmoledo,"Schenkling, S. (1922) No. VI - Coleoptera: Cleridae",Coleoptera,Cleridae
"Necrobia rufipes (Fabricius, 1781)",Diego Garcia,"Hutson, A.M. (1981) A preliminary list of insects of Diego Garcia Atoll, Chagos Archipelago",Coleoptera,Cleridae
"Necrobia rufipes (Fabricius, 1781)",Laysan,"Beardsley, J.W. (1966) Insects and other terrestrial arthropods from the Leeward Hawaiian Islands",Coleoptera,Cleridae
"Necrobia rufipes (Fabricius, 1781)",Midway,"Suehiro, A. (1960) Insects and other arthropods from Midway atoll",Coleoptera,Cleridae
"Necrobia rufipes (Fabricius, 1781)",Pearl and Hermes,"Beardsley, J.W. (1966) Insects and other terrestrial arthropods from the Leeward Hawaiian Islands",Coleoptera,Cleridae
"Necrobia rufipes (Fabricius, 1781)",Takapoto,"Rivière, F. (1979) La vie animale terrestre à Takapoto",Coleoptera,Cleridae
"Platyclerus planatus (Laporte de Castelnau, 1836)",Aldabra,"Schenkling, S. (1922) No. VI - Coleoptera: Cleridae",Coleoptera,Cleridae
"Brumoides suturalis (Fabricius, 1798)",Cosmoledo,"Gerlach, J. (2009) The Coleoptera of the Seychelles islands",Coleoptera,Coccinellidae
"Cheilomenes sexmaculata (Fabricius, 1781)",Diego Garcia,"Sicard, D. (1912) No. XXI - Coleoptera, Coccinellidae",Coleoptera,Coccinellidae
"Cheilomenes sulphurea (Olivier, 1791)",Aldabra,"Sicard, D. (1912) No. XXI - Coleoptera, Coccinellidae",Coleoptera,Coccinellidae
"Cheilomenes sulphurea (Olivier, 1791)",Cosmoledo,"Sicard, D. (1912) No. XXI - Coleoptera, Coccinellidae",Coleoptera,Coccinellidae
"Chilocorus nigritus (Fabricius, 1798)",Aldabra,"Gerlach, J. (2009) The Coleoptera of the Seychelles islands",Coleoptera,Coccinellidae
"Chilocorus nigritus (Fabricius, 1798)",Diego Garcia,"Hutson, A.M. (1981) A preliminary list of insects of Diego Garcia Atoll, Chagos Archipelago",Coleoptera,Coccinellidae
"Chilocorus subindicus (Booth, 1998)",Kavaratti,"Jadhav, S.S., & Sharma, R.M. (2012) Fauna of Maharashtra, State Fauna Series - Insecta: Coleoptera: Coccinellidae",Coleoptera,Coccinellidae
"Coccinella repanda (Thunberg, 1781)",Arno,"Chapin, E.A. (1965) Insects of Micronesia - Coleoptera: Coccinellidae",Coleoptera,Coccinellidae
"Coccinella repanda (Thunberg, 1781)",Diego Garcia,"Hutson, A.M. (1981) A preliminary list of insects of Diego Garcia Atoll, Chagos Archipelago",Coleoptera,Coccinellidae
"Coccinella repanda (Thunberg, 1781)",Kwajalein,"Sugerman, B.B. (1972) Insects and other arthropods from Kwajalein atoll (Marshall Islands)",Coleoptera,Coccinellidae
"Coccinella repanda (Thunberg, 1781)",Likiep,"Chapin, E.A. (1965) Insects of Micronesia - Coleoptera: Coccinellidae",Coleoptera,Coccinellidae
"Coccinella repanda (Thunberg, 1781)",Majuro,"Chapin, E.A. (1965) Insects of Micronesia - Coleoptera: Coccinellidae",Coleoptera,Coccinellidae
"Coccinella repanda (Thunberg, 1781)",Onotoa,"Chapin, E.A. (1965) Insects of Micronesia - Coleoptera: Coccinellidae",Coleoptera,Coccinellidae
"Coccinella repanda (Thunberg, 1781)",Ulithi,"Chapin, E.A. (1965) Insects of Micronesia - Coleoptera: Coccinellidae",Coleoptera,Coccinellidae
"Coccinella transversalis (Fabricius, 1781)",South Keeling,"Gibson-Hill, C.A. (1950) Notes on the insects taken on the Cocos-Keeling Islands",Coleoptera,Coccinellidae
"Coccinella transversalis (Fabricius, 1781)",Diego Garcia,"Barnett, L.K., & Emms, C. (1996) An annotated checklist of the Chagos archipelago terrestrial fauna (omitting birds) recorded during the 1996 'Friends of the Chagos' expedition",Coleoptera,Coccinellidae
"Coelophora inaequalis (Fabricius, 1775)",Ailuk,"Chapin, E.A. (1965) Insects of Micronesia - Coleoptera: Coccinellidae",Coleoptera,Coccinellidae
"Coelophora inaequalis (Fabricius, 1775)",Arno,"Chapin, E.A. (1965) Insects of Micronesia - Coleoptera: Coccinellidae",Coleoptera,Coccinellidae
"Coelophora inaequalis (Fabricius, 1775)",Eniwetok,"Chapin, E.A. (1965) Insects of Micronesia - Coleoptera: Coccinellidae",Coleoptera,Coccinellidae
"Coelophora inaequalis (Fabricius, 1775)",Jaluit,"Chapin, E.A. (1965) Insects of Micronesia - Coleoptera: Coccinellidae",Coleoptera,Coccinellidae
"Coelophora inaequalis (Fabricius, 1775)",Johnston,"Binion Amerson, A., & Shelton, P.C. (1976) The natural history of Johnston atoll, Central Pacific Ocean",Coleoptera,Coccinellidae
"Coelophora inaequalis (Fabricius, 1775)",Kure,"Butler, G.D., & Usinger, R.L. (1963) Insects and other arthropods from Kure Island",Coleoptera,Coccinellidae
"Coelophora inaequalis (Fabricius, 1775)",Kwajalein,"Sugerman, B.B. (1972) Insects and other arthropods from Kwajalein atoll (Marshall Islands)",Coleoptera,Coccinellidae
"Coelophora inaequalis (Fabricius, 1775)",Lae,"Chapin, E.A. (1965) Insects of Micronesia - Coleoptera: Coccinellidae",Coleoptera,Coccinellidae
"Coelophora inaequalis (Fabricius, 1775)",Majuro,"Chapin, E.A. (1965) Insects of Micronesia - Coleoptera: Coccinellidae",Coleoptera,Coccinellidae
"Coelophora inaequalis (Fabricius, 1775)",Midway,"Suehiro, A. (1960) Insects and other arthropods from Midway atoll",Coleoptera,Coccinellidae
"Coelophora inaequalis (Fabricius, 1775)",Nukunonu,"Hickley, A.D. (1969) Ecology of terrestrial arthropods of the Tokelau atolls",Coleoptera,Coccinellidae
"Coelophora inaequalis (Fabricius, 1775)",Palmyra,"Handler, A.T., et al. (2007) Arthropod surveys on Palmyra Atoll, Line Islands, and insights into the decline of the native tree Pisonia grandis (Nycatginaceae)",Coleoptera,Coccinellidae
"Coelophora inaequalis (Fabricius, 1775)",Ujae,"Chapin, E.A. (1965) Insects of Micronesia - Coleoptera: Coccinellidae",Coleoptera,Coccinellidae
"Coelophora inaequalis (Fabricius, 1775)",Ujelang,"Chapin, E.A. (1965) Insects of Micronesia - Coleoptera: Coccinellidae",Coleoptera,Coccinellidae
"Coelophora inaequalis (Fabricius, 1775)",Ulithi,"Chapin, E.A. (1965) Insects of Micronesia - Coleoptera: Coccinellidae",Coleoptera,Coccinellidae
"Coelophora inaequalis (Fabricius, 1775)",Wake,"Chapin, E.A. (1965) Insects of Micronesia - Coleoptera: Coccinellidae",Coleoptera,Coccinellidae
"Cryptolaemus montrouzieri (Mulsant, 1853)",Midway,"Nishida, G.M. & Beardsley, J.W. (2002) A review of the insects and related arthropods of Midway atoll",Coleoptera,Coccinellidae
"Curinus coeruleus (Mulsant, 1850)",Midway,"Nishida, G.M. & Beardsley, J.W. (2002) A review of the insects and related arthropods of Midway atoll",Coleoptera,Coccinellidae
"Diomus debilis (LeConte, 1852)",Laysan,"Butler, G.D. (1961) Insects and other arthropods from Laysan Island",Coleoptera,Coccinellidae
"Diomus debilis (LeConte, 1852)",Midway,"Nishida, G.M. & Beardsley, J.W. (2002) A review of the insects and related arthropods of Midway atoll",Coleoptera,Coccinellidae
"Exochomus flavipes (Thunberg, 1781)",Aldabra,"Gerlach, J. (2009) The Coleoptera of the Seychelles islands",Coleoptera,Coccinellidae
"Exochomus flavipes (Thunberg, 1781)",Cosmoledo,"Gerlach, J. (2009) The Coleoptera of the Seychelles islands",Coleoptera,Coccinellidae
"Exochomus laeviusculus (Weise, 1909)",Aldabra,"Sicard, D. (1912) No. XXI - Coleoptera, Coccinellidae",Coleoptera,Coccinellidae
"Harmonia octomaculata (Fabricius, 1787)",Abariringa,"van Zwaluwenburg, R.H. (1955) The insects and certain other arthropods of Canton Island",Coleoptera,Coccinellidae
"Harmonia octomaculata (Fabricius, 1787)",Arno,"Chapin, E.A. (1965) Insects of Micronesia - Coleoptera: Coccinellidae",Coleoptera,Coccinellidae
"Harmonia octomaculata (Fabricius, 1787)",Bikar,"Chapin, E.A. (1965) Insects of Micronesia - Coleoptera: Coccinellidae",Coleoptera,Coccinellidae
"Harmonia octomaculata (Fabricius, 1787)",Bikini,"Chapin, E.A. (1965) Insects of Micronesia - Coleoptera: Coccinellidae",Coleoptera,Coccinellidae
"Harmonia octomaculata (Fabricius, 1787)",Eniwetok,"Chapin, E.A. (1965) Insects of Micronesia - Coleoptera: Coccinellidae",Coleoptera,Coccinellidae
"Harmonia octomaculata (Fabricius, 1787)",Jaluit,"Chapin, E.A. (1965) Insects of Micronesia - Coleoptera: Coccinellidae",Coleoptera,Coccinellidae
"Harmonia octomaculata (Fabricius, 1787)",Kwajalein,"Sugerman, B.B. (1972) Insects and other arthropods from Kwajalein atoll (Marshall Islands)",Coleoptera,Coccinellidae
"Harmonia octomaculata (Fabricius, 1787)",Majuro,"Chapin, E.A. (1965) Insects of Micronesia - Coleoptera: Coccinellidae",Coleoptera,Coccinellidae
"Harmonia octomaculata (Fabricius, 1787)",Pokak,"Chapin, E.A. (1965) Insects of Micronesia - Coleoptera: Coccinellidae",Coleoptera,Coccinellidae
"Harmonia octomaculata (Fabricius, 1787)",Rongelap,"Chapin, E.A. (1965) Insects of Micronesia - Coleoptera: Coccinellidae",Coleoptera,Coccinellidae
"Harmonia octomaculata (Fabricius, 1787)",Taka,"Chapin, E.A. (1965) Insects of Micronesia - Coleoptera: Coccinellidae",Coleoptera,Coccinellidae
"Harmonia octomaculata (Fabricius, 1787)",Ujae,"Chapin, E.A. (1965) Insects of Micronesia - Coleoptera: Coccinellidae",Coleoptera,Coccinellidae
"Harmonia octomaculata (Fabricius, 1787)",Ujelang,"Chapin, E.A. (1965) Insects of Micronesia - Coleoptera: Coccinellidae",Coleoptera,Coccinellidae
"Harmonia octomaculata (Fabricius, 1787)",Wotho,"Chapin, E.A. (1965) Insects of Micronesia - Coleoptera: Coccinellidae",Coleoptera,Coccinellidae
"Hippodamia convergens (Guérin-Méneville, 1842)",Clipperton,"Garrouste, R., & Hervé, C. (2009) La faune des insectes (Insecta s.l.) de l'atoll de Clipperton",Coleoptera,Coccinellidae
"Nephus bipunctatus (Kugelann, 1794)",Midway,"Nishida, G.M. & Beardsley, J.W. (2002) A review of the insects and related arthropods of Midway atoll",Coleoptera,Coccinellidae
"Nephus roepkei (Fluiter, 1938)",Eniwetok,"Chapin, E.A. (1965) Insects of Micronesia - Coleoptera: Coccinellidae",Coleoptera,Coccinellidae
"Nephus roepkei (Fluiter, 1938)",Jaluit,"Chapin, E.A. (1965) Insects of Micronesia - Coleoptera: Coccinellidae",Coleoptera,Coccinellidae
"Nephus roepkei (Fluiter, 1938)",Kwajalein,"Sugerman, B.B. (1972) Insects and other arthropods from Kwajalein atoll (Marshall Islands)",Coleoptera,Coccinellidae
"Nephus roepkei (Fluiter, 1938)",Majuro,"Chapin, E.A. (1965) Insects of Micronesia - Coleoptera: Coccinellidae",Coleoptera,Coccinellidae
"Nephus roepkei (Fluiter, 1938)",Wake,"Chapin, E.A. (1965) Insects of Micronesia - Coleoptera: Coccinellidae",Coleoptera,Coccinellidae
"Novius breviusculus (Weise, 1892)",Majuro,"Chapin, E.A. (1965) Insects of Micronesia - Coleoptera: Coccinellidae",Coleoptera,Coccinellidae
"Olla v-nigrum (Mulsant, 1866)",Johnston,"Rash, R. (2020) Checklist and images documenting the biodiversity of Johnston Atoll National Wildlife Refuge",Coleoptera,Coccinellidae
"Olla v-nigrum (Mulsant, 1866)",Midway,"Suehiro, A. (1960) Insects and other arthropods from Midway atoll",Coleoptera,Coccinellidae
"Platynaspis capicola (Crotch, 1874)",Diego Garcia,"Barnett, L.K., & Emms, C. (1996) An annotated checklist of the Chagos archipelago terrestrial fauna (omitting birds) recorded during the 1996 'Friends of the Chagos' expedition",Coleoptera,Coccinellidae
"Pullus arrowi (Sicard, 1912)",South Keeling,"Gibson-Hill, C.A. (1950) Notes on the insects taken on the Cocos-Keeling Islands",Coleoptera,Coccinellidae
"Rhyzobius forestieri (Mulsant, 1853)",Midway,"Suehiro, A. (1960) Insects and other arthropods from Midway atoll",Coleoptera,Coccinellidae
"Rhyzobius lophantae (Blaisdell, 1892)",South Keeling,"Gibson-Hill, C.A. (1950) Notes on the insects taken on the Cocos-Keeling Islands",Coleoptera,Coccinellidae
"Rhyzobius lophantae (Blaisdell, 1892)",Midway,"Nishida, G.M. & Beardsley, J.W. (2002) A review of the insects and related arthropods of Midway atoll",Coleoptera,Coccinellidae
"Rhyzobius lophantae (Blaisdell, 1892)",Palmyra,"Krauss, N.L.H. (1953) Insects and other invertebrates from Palmyra atoll and Christmas Island",Coleoptera,Coccinellidae
"Rhyzobius lophantae (Blaisdell, 1892)",Rangiroa,"Cocherau, P. (1966) Compte rendu d'une mission d'inventaire faunistique aux îles Gambier et Tuamotu (Avril - Mai 1966)",Coleoptera,Coccinellidae
"Rodolia cardinalis (Mulsant, 1850)",Kwajalein,"Muniappan, R., & Nandwani, D. (2002) Survey of arthropod pests and invasive weeds in the Republic of Marshall Islands",Coleoptera,Coccinellidae
"Rodolia cardinalis (Mulsant, 1850)",Midway,"Suehiro, A. (1960) Insects and other arthropods from Midway atoll",Coleoptera,Coccinellidae
"Rodolia pumila (Weise, 1892)",Kwajalein,"Sugerman, B.B. (1972) Insects and other arthropods from Kwajalein atoll (Marshall Islands)",Coleoptera,Coccinellidae
"Rodolia pumila (Weise, 1892)",Ngcheangel,"Chapin, E.A. (1965) Insects of Micronesia - Coleoptera: Coccinellidae",Coleoptera,Coccinellidae
"Rodolia pumila (Weise, 1892)",Nomwin,"Chapin, E.A. (1965) Insects of Micronesia - Coleoptera: Coccinellidae",Coleoptera,Coccinellidae
"Scymnobius bilucernarius (Mulsant, 1850)",Midway,"Nishida, G.M. & Beardsley, J.W. (2002) A review of the insects and related arthropods of Midway atoll",Coleoptera,Coccinellidae
"Scymnodes lividigaster (Mulsant, 1853)",Midway,"Nishida, G.M. & Beardsley, J.W. (2002) A review of the insects and related arthropods of Midway atoll",Coleoptera,Coccinellidae
"Scymnus kinbergi (Boheman, 1859)",Laysan,"Butler, G.D. (1961) Insects and other arthropods from Laysan Island",Coleoptera,Coccinellidae
"Scymnus loewii (Mulsant, 1850)",French Frigate Shoals,"Beardsley, J.W. (1966) Insects and other terrestrial arthropods from the Leeward Hawaiian Islands",Coleoptera,Coccinellidae
"Scymnus loewii (Mulsant, 1850)",Johnston,"Binion Amerson, A., & Shelton, P.C. (1976) The natural history of Johnston atoll, Central Pacific Ocean",Coleoptera,Coccinellidae
"Scymnus loewii (Mulsant, 1850)",Kure,"Butler, G.D., & Usinger, R.L. (1963) Insects and other arthropods from Kure Island",Coleoptera,Coccinellidae
"Scymnus loewii (Mulsant, 1850)",Laysan,"Butler, G.D. (1961) Insects and other arthropods from Laysan Island",Coleoptera,Coccinellidae
"Scymnus loewii (Mulsant, 1850)",Pearl and Hermes,"Beardsley, J.W. (1966) Insects and other terrestrial arthropods from the Leeward Hawaiian Islands",Coleoptera,Coccinellidae
"Scymnus loewii (Mulsant, 1850)",Wake,"Chapin, E.A. (1965) Insects of Micronesia - Coleoptera: Coccinellidae",Coleoptera,Coccinellidae
"Scymnus notescens (Blackburn, 1889)",Johnston,"Binion Amerson, A., & Shelton, P.C. (1976) The natural history of Johnston atoll, Central Pacific Ocean",Coleoptera,Coccinellidae
"Scymnus notescens (Blackburn, 1889)",Kure,"Beardsley, J.W. (1966) Insects and other terrestrial arthropods from the Leeward Hawaiian Islands",Coleoptera,Coccinellidae
"Scymnus notescens (Blackburn, 1889)",Midway,"Suehiro, A. (1960) Insects and other arthropods from Midway atoll",Coleoptera,Coccinellidae
"Scymnus notescens (Blackburn, 1889)",Palmyra,"Handler, A.T., et al. (2007) Arthropod surveys on Palmyra Atoll, Line Islands, and insights into the decline of the native tree Pisonia grandis (Nycatginaceae)",Coleoptera,Coccinellidae
"Scymnus nubilus (Mulsant, 1850)",Eniwetok,"Samuelson, G.A., & Nishida, G.M. (1987) Insects and allies (arthropods) of Enewetak atoll",Coleoptera,Coccinellidae
"Scymnus nubilus (Mulsant, 1850)",Kavaratti,"Jadhav, S.S., & Sharma, R.M. (2012) Fauna of Maharashtra, State Fauna Series - Insecta: Coleoptera: Coccinellidae",Coleoptera,Coccinellidae
"Scymnus nubilus (Mulsant, 1850)",Kwajalein,"Sugerman, B.B. (1972) Insects and other arthropods from Kwajalein atoll (Marshall Islands)",Coleoptera,Coccinellidae
"Scymnus nubilus (Mulsant, 1850)",Wake,"Chapin, E.A. (1965) Insects of Micronesia - Coleoptera: Coccinellidae",Coleoptera,Coccinellidae
"Scymnus trukensis (Chapin, 1965)",Nomwin,"Chapin, E.A. (1965) Insects of Micronesia - Coleoptera: Coccinellidae",Coleoptera,Coccinellidae
"Scymnus uncinus (Chapin, 1965)",Jaluit,"Chapin, E.A. (1965) Insects of Micronesia - Coleoptera: Coccinellidae",Coleoptera,Coccinellidae
Scymnus sp.,Diego Garcia,"Hutson, A.M. (1981) A preliminary list of insects of Diego Garcia Atoll, Chagos Archipelago",Coleoptera,Coccinellidae
Scymnus sp.,Kwajalein,"Sugerman, B.B. (1979) Additions to the list of insects and other arthropods from Kwajalein atoll (Marshall Islands)",Coleoptera,Coccinellidae
"Serangium parcesetosum (Sicard, 1929)",Kavaratti,"Jadhav, S.S., & Sharma, R.M. (2012) Fauna of Maharashtra, State Fauna Series - Insecta: Coleoptera: Coccinellidae",Coleoptera,Coccinellidae
"Sticholotis rugicollis (Korschefsky, 1934)",South Keeling,"Gibson-Hill, C.A. (1950) Notes on the insects taken on the Cocos-Keeling Islands",Coleoptera,Coccinellidae
"Telsimia nitida (Chapin, 1926)",Kwajalein,"Sugerman, B.B. (1972) Insects and other arthropods from Kwajalein atoll (Marshall Islands)",Coleoptera,Coccinellidae
"Telsimia nitida (Chapin, 1926)",Midway,"Nishida, G.M. & Beardsley, J.W. (2002) A review of the insects and related arthropods of Midway atoll",Coleoptera,Coccinellidae
"Sericoderus minutus (Matthews, 1894)",Kure,"Butler, G.D., & Usinger, R.L. (1963) Insects and other arthropods from Kure Island",Coleoptera,Corylophidae
"Sericoderus minutus (Matthews, 1894)",Laysan,"Butler, G.D., & Usinger, R.L. (1963) Insects and other invertebrates from Laysan Island",Coleoptera,Corylophidae
Sericoderus sp.,Midway,"Nishida, G.M. & Beardsley, J.W. (2002) A review of the insects and related arthropods of Midway atoll",Coleoptera,Corylophidae
Paramecosoma sp.,South Keeling,"Gibson-Hill, C.A. (1950) Notes on the insects taken on the Cocos-Keeling Islands",Coleoptera,Cryptophagidae
"Acalles wilkesi (Perkins, 1926)",Wake,"Bryan, E.H. (1926) Insects of Hawaii, Johnston Island and Wake Island",Coleoptera,Curculionidae
Acalles sp.,South Keeling,"Gibson-Hill, C.A. (1950) Notes on the insects taken on the Cocos-Keeling Islands",Coleoptera,Curculionidae
"Barianus litoralis (Champion, 1914)",Aldabra,"Champion, G.C. (1914) No. XIX - Coleoptera: Curculionidae",Coleoptera,Curculionidae
"Barianus litoralis (Champion, 1914)",Cosmoledo,"Champion, G.C. (1914) No. XIX - Coleoptera: Curculionidae",Coleoptera,Curculionidae
"Barianus litoralis (Champion, 1914)",Farquhar,"Champion, G.C. (1914) No. XIX - Coleoptera: Curculionidae",Coleoptera,Curculionidae
"Baridius cf. aterrimus (C.O.Waterhouse, 1874)",Midway,"Nishida, G.M. & Beardsley, J.W. (2002) A review of the insects and related arthropods of Midway atoll",Coleoptera,Curculionidae
"Bostrichus areccae (Horn, 1842)",Jaluit,"Wood, S.L. (1960) Insects of Micronesia - Coleoptera: Platypodidae and Scolytidae",Coleoptera,Curculionidae
"Brachycyrtus minor (Champion, 1914)",Aldabra,"Champion, G.C. (1914) No. XIX - Coleoptera: Curculionidae",Coleoptera,Curculionidae
"Cratopus adspersus (Waterhouse, 1884)",Aldabra,"Champion, G.C. (1914) No. XIX - Coleoptera: Curculionidae",Coleoptera,Curculionidae
"Cratopus adspersus (Waterhouse, 1884)",Astove,"Gerlach, J. (2009) The Coleoptera of the Seychelles islands",Coleoptera,Curculionidae
"Cratopus adspersus (Waterhouse, 1884)",Cosmoledo,"Champion, G.C. (1914) No. XIX - Coleoptera: Curculionidae",Coleoptera,Curculionidae
"Cratopus adspersus (Waterhouse, 1884)",Diego Garcia,"Barnett, L.K., & Emms, C. (1996) An annotated checklist of the Chagos archipelago terrestrial fauna (omitting birds) recorded during the 1996 'Friends of the Chagos' expedition",Coleoptera,Curculionidae
"Cratopus adspersus (Waterhouse, 1884)",Farquhar,"Champion, G.C. (1914) No. XIX - Coleoptera: Curculionidae",Coleoptera,Curculionidae
"Cratopus gloriosus (Richard, 1959)",Glorioso,"Paulian, R. (1989) Les insectes des Îles Glorieuses",Coleoptera,Curculionidae
"Cratopus viridisparsus (Fairmaire, 1896)",Aldabra,"Frith, D.W. (1979) A list of insects caught in light traps on West Island, Aldabra Atoll, Indian Ocean",Coleoptera,Curculionidae
"Cryphalomorphus nubilus (Wood, 1960)",Arno,"Wood, S.L. (1960) Insects of Micronesia - Coleoptera: Platypodidae and Scolytidae",Coleoptera,Curculionidae
"Cryphalomorphus nubilus (Wood, 1960)",Eniwetok,"Wood, S.L. (1960) Insects of Micronesia - Coleoptera: Platypodidae and Scolytidae",Coleoptera,Curculionidae
"Cryphalomorphus nubilus (Wood, 1960)",Kapingamarangi,"Wood, S.L. (1960) Insects of Micronesia - Coleoptera: Platypodidae and Scolytidae",Coleoptera,Curculionidae
"Cryphalomorphus nubilus (Wood, 1960)",Likiep,"Wood, S.L. (1960) Insects of Micronesia - Coleoptera: Platypodidae and Scolytidae",Coleoptera,Curculionidae
"Cryptorrhynchus erratus (Champion, 1914)",Aldabra,"Champion, G.C. (1914) No. XIX - Coleoptera: Curculionidae",Coleoptera,Curculionidae
Darianus uniformis (Fairmaire),Glorioso,"Paulian, R. (1989) Les insectes des Îles Glorieuses",Coleoptera,Curculionidae
"Dryotribus mimeticus (G.H.Horn, 1873)",Abariringa,"van Zwaluwenburg, R.H. (1955) The insects and certain other arthropods of Canton Island",Coleoptera,Curculionidae
"Dryotribus mimeticus (G.H.Horn, 1873)",French Frigate Shoals,"Beardsley, J.W. (1966) Insects and other terrestrial arthropods from the Leeward Hawaiian Islands",Coleoptera,Curculionidae
"Dryotribus mimeticus (G.H.Horn, 1873)",Johnston,"Binion Amerson, A., & Shelton, P.C. (1976) The natural history of Johnston atoll, Central Pacific Ocean",Coleoptera,Curculionidae
"Dryotribus mimeticus (G.H.Horn, 1873)",Laysan,"Butler, G.D. (1961) Insects and other arthropods from Laysan Island",Coleoptera,Curculionidae
"Dryotribus mimeticus (G.H.Horn, 1873)",Wake,"Bryan, E.H. (1926) Insects of Hawaii, Johnston Island and Wake Island",Coleoptera,Curculionidae
"Dryotribus wilderi (Perkins, 1916)",French Frigate Shoals,"Beardsley, J.W. (1966) Insects and other terrestrial arthropods from the Leeward Hawaiian Islands",Coleoptera,Curculionidae
"Dryotribus wilderi (Perkins, 1916)",Kure,"Butler, G.D., & Usinger, R.L. (1963) Insects and other arthropods from Kure Island",Coleoptera,Curculionidae
"Dryotribus wilderi (Perkins, 1916)",Laysan,"Butler, G.D. (1961) Insects and other arthropods from Laysan Island",Coleoptera,Curculionidae
"Dryotribus wilderi (Perkins, 1916)",Midway,"Suehiro, A. (1960) Insects and other arthropods from Midway atoll",Coleoptera,Curculionidae
"Endaeopsis anthonomoides (Champion, 1914)",Aldabra,"Gerlach, J. (2009) The Coleoptera of the Seychelles islands",Coleoptera,Curculionidae
"Endaeopsis curvimanus (Champion, 1914)",Aldabra,"Gerlach, J. (2009) The Coleoptera of the Seychelles islands",Coleoptera,Curculionidae
"Euwallacea similis (Ferrari, 1867)",Arno,"Wood, S.L. (1960) Insects of Micronesia - Coleoptera: Platypodidae and Scolytidae",Coleoptera,Curculionidae
"Euwallacea similis (Ferrari, 1867)",Kapingamarangi,"Wood, S.L. (1960) Insects of Micronesia - Coleoptera: Platypodidae and Scolytidae",Coleoptera,Curculionidae
"Hylesinus subcostatus (Eggers, 1923)",Nomwin,"Wood, S.L. (1960) Insects of Micronesia - Coleoptera: Platypodidae and Scolytidae",Coleoptera,Curculionidae
"Hylesinus subcostatus (Eggers, 1923)",Wotho,"Wood, S.L. (1960) Insects of Micronesia - Coleoptera: Platypodidae and Scolytidae",Coleoptera,Curculionidae
"Hypothenemus eruditus (Westwood, 1834)",Eniwetok,"Wood, S.L. (1960) Insects of Micronesia - Coleoptera: Platypodidae and Scolytidae",Coleoptera,Curculionidae
"Hypothenemus eruditus (Westwood, 1834)",Kure,"Butler, G.D., & Usinger, R.L. (1963) Insects and other arthropods from Kure Island",Coleoptera,Curculionidae
"Hypothenemus eruditus (Westwood, 1834)",Laysan,"Butler, G.D., & Usinger, R.L. (1963) Insects and other invertebrates from Laysan Island",Coleoptera,Curculionidae
"Hypothenemus eruditus (Westwood, 1834)",Ulithi,"Wood, S.L. (1960) Insects of Micronesia - Coleoptera: Platypodidae and Scolytidae",Coleoptera,Curculionidae
Hypothenemus sp.,Diego Garcia,"Hutson, A.M. (1981) A preliminary list of insects of Diego Garcia Atoll, Chagos Archipelago",Coleoptera,Curculionidae
Hypothenemus sp.,Midway,"Suehiro, A. (1960) Insects and other arthropods from Midway atoll",Coleoptera,Curculionidae
"Macrancylus immigrans (E.Csiki, 1936)",Johnston,"Binion Amerson, A., & Shelton, P.C. (1976) The natural history of Johnston atoll, Central Pacific Ocean",Coleoptera,Curculionidae
"Macrancylus immigrans (E.Csiki, 1936)",Laysan,"Butler, G.D. (1961) Insects and other arthropods from Laysan Island",Coleoptera,Curculionidae
"Macrancylus linearis (J.L.LeConte, 1876)",Laysan,"Butler, G.D. (1961) Insects and other arthropods from Laysan Island",Coleoptera,Curculionidae
Microtrupis sp.,Diego Garcia,"Hutson, A.M. (1981) A preliminary list of insects of Diego Garcia Atoll, Chagos Archipelago",Coleoptera,Curculionidae
"Myllocerus dentifer (Fabricius, 1792)",Diego Garcia,"Hutson, A.M. (1981) A preliminary list of insects of Diego Garcia Atoll, Chagos Archipelago",Coleoptera,Curculionidae
"Naupactus cervinus (Boheman, 1840)",Midway,"Suehiro, A. (1960) Insects and other arthropods from Midway atoll",Coleoptera,Curculionidae
"Oodemas erro (Perkins, 1926)",Laysan,"Asquith, A. (1994) The arthropod fauna of Laysan Island",Coleoptera,Curculionidae
"Oodemas laysanensis (Fullaway, 1914)",Laysan,"Butler, G.D. (1961) Insects and other arthropods from Laysan Island",Coleoptera,Curculionidae
"Oodemas laysanensis (Fullaway, 1914)",Midway,"Suehiro, A. (1960) Insects and other arthropods from Midway atoll",Coleoptera,Curculionidae
Orthotemnus sp.,Glorioso,"Paulian, R. (1989) Les insectes des Îles Glorieuses",Coleoptera,Curculionidae
"Oxydema fusiforme (Wollaston, 1873)",Cosmoledo,"Gerlach, J. (2009) The Coleoptera of the Seychelles islands",Coleoptera,Curculionidae
"Oxydema fusiforme (Wollaston, 1873)",Midway,"Suehiro, A. (1960) Insects and other arthropods from Midway atoll",Coleoptera,Curculionidae
"Oxydema longulum (Zimmerman, 1940)",Midway,"Suehiro, A. (1960) Insects and other arthropods from Midway atoll",Coleoptera,Curculionidae
"Oxydema subcaudatus (Marshall, 1952)",South Keeling,"Gibson-Hill, C.A. (1950) Notes on the insects taken on the Cocos-Keeling Islands",Coleoptera,Curculionidae
"Pelicerus brevior (Eggers, 1927)",Jaluit,"Wood, S.L. (1960) Insects of Micronesia - Coleoptera: Platypodidae and Scolytidae",Coleoptera,Curculionidae
"Pentarthrum blackburni (D.Sharp, 1878)",Laysan,"Butler, G.D. (1961) Insects and other arthropods from Laysan Island",Coleoptera,Curculionidae
"Pentarthrum halodorum (Perkins, 1926)",Kure,"Butler, G.D., & Usinger, R.L. (1963) Insects and other arthropods from Kure Island",Coleoptera,Curculionidae
"Pentarthrum halodorum (Perkins, 1926)",Midway,"Suehiro, A. (1960) Insects and other arthropods from Midway atoll",Coleoptera,Curculionidae
"Pentarthrum obscurum (D.Sharp, 1878)",Midway,"Nishida, G.M. & Beardsley, J.W. (2002) A review of the insects and related arthropods of Midway atoll",Coleoptera,Curculionidae
"Pentarthrum cf. obscurum (D.Sharp, 1878)",Rose,"Peck, R.W., et al. (2014) Arthropods of Rose atoll with special reference to ants and Pulvianaria urbicola scales (Hemiptera: Coccidae) on Pisonia grandis trees",Coleoptera,Curculionidae
Pentarthrum sp.,Diego Garcia,"Hutson, A.M. (1981) A preliminary list of insects of Diego Garcia Atoll, Chagos Archipelago",Coleoptera,Curculionidae
"Phloeophagosoma aldabranum (Champion, 1914)",Aldabra,"Champion, G.C. (1914) No. XIX - Coleoptera: Curculionidae",Coleoptera,Curculionidae
"Phloeophagosoma subcaudatum (A.Hustache, 1924)",Glorioso,"Paulian, R. (1989) Les insectes des Îles Glorieuses",Coleoptera,Curculionidae
"Platysimus insularis (Boheman, 1843)",Funafuti,"Hedley, C. (1900) The atoll of Funafuti, Ellice Group - its zoology, botany, ethnology, and general structure",Coleoptera,Curculionidae
"Proeces depressus (Wollaston, 1873)",Diego Garcia,"Hutson, A.M. (1981) A preliminary list of insects of Diego Garcia Atoll, Chagos Archipelago",Coleoptera,Curculionidae
"Ptilopodius pacificus (Schedl, 1941)",Arno,"Wood, S.L. (1960) Insects of Micronesia - Coleoptera: Platypodidae and Scolytidae",Coleoptera,Curculionidae
"Rhynchaenus spissus (Champion, 1914)",Aldabra,"Gerlach, J. (2009) The Coleoptera of the Seychelles islands",Coleoptera,Curculionidae
"Rhyncogonus butaudi (Ramage & Duhamel, 2015)",Anaa,"Ramage, T., & Duhamel, A. (2015) Une novelle espèce de Rhyncogonus Sharp, 1885, de Polynésie francaise et un nouveau statut pour Psomeles luctuosus Guérin-Méneville, 1838 (Coleoptera, Curculionidae, Entiminae)",Coleoptera,Curculionidae
"Rhyncogonus fallax (Perkins, 1926)",Wake,"Bryan, E.H. (1926) Insects of Hawaii, Johnston Island and Wake Island",Coleoptera,Curculionidae
"Rhyncogonus fosbergi (van Dyke, 1937)",Kiritimati,"Samuelson, G.A. (2003) Review of Rhyncogonus of the Hawaiian Islands (Coleoptera: Curculionidae)",Coleoptera,Curculionidae
"Rhyncogonus vagus (van Dyke, 1937)",Tabuaeran,"Samuelson, G.A. (2003) Review of Rhyncogonus of the Hawaiian Islands (Coleoptera: Curculionidae)",Coleoptera,Curculionidae
"Scytha aldabrana (Champion, 1914)",Aldabra,"Champion, G.C. (1914) No. XIX - Coleoptera: Curculionidae",Coleoptera,Curculionidae
"Sphaerorhinus pallescens (Perkins, 1926)",Wake,"Bryan, E.H. (1926) Insects of Hawaii, Johnston Island and Wake Island",Coleoptera,Curculionidae
"Sphaerorhinus sordidus (Perkins, 1926)",Wake,"Bryan, E.H. (1926) Insects of Hawaii, Johnston Island and Wake Island",Coleoptera,Curculionidae
"Stenoscelis crassifrons (Wollaston, 1873)",Aldabra,"Champion, G.C. (1914) No. XIX - Coleoptera: Curculionidae",Coleoptera,Curculionidae
Stenotrupis sp.,Diego Garcia,"Hutson, A.M. (1981) A preliminary list of insects of Diego Garcia Atoll, Chagos Archipelago",Coleoptera,Curculionidae
Stephanoderes sp.,Laysan,"Butler, G.D. (1961) Insects and other arthropods from Laysan Island",Coleoptera,Curculionidae
"Trigonops hirsuta (Zimmerman, 1942)",Kwajalein,"Sugerman, B.B. (1972) Insects and other arthropods from Kwajalein atoll (Marshall Islands)",Coleoptera,Curculionidae
"Xyleborus affinis (Eichhoff, 1868)",Nukunonu,"Hickley, A.D. (1969) Ecology of terrestrial arthropods of the Tokelau atolls",Coleoptera,Curculionidae
"Xyleborus perforans (Wollaston, 1857)",Arno,"Wood, S.L. (1960) Insects of Micronesia - Coleoptera: Platypodidae and Scolytidae",Coleoptera,Curculionidae
"Xyleborus perforans (Wollaston, 1857)",South Keeling,"Gibson-Hill, C.A. (1950) Notes on the insects taken on the Cocos-Keeling Islands",Coleoptera,Curculionidae
"Xyleborus perforans (Wollaston, 1857)",Diego Garcia,"Hutson, A.M. (1981) A preliminary list of insects of Diego Garcia Atoll, Chagos Archipelago",Coleoptera,Curculionidae
"Xyleborus perforans (Wollaston, 1857)",Midway,"Nishida, G.M. & Beardsley, J.W. (2002) A review of the insects and related arthropods of Midway atoll",Coleoptera,Curculionidae
"Xyleborus perforans (Wollaston, 1857)",Palmyra,"Handler, A.T., et al. (2007) Arthropod surveys on Palmyra Atoll, Line Islands, and insights into the decline of the native tree Pisonia grandis (Nycatginaceae)",Coleoptera,Curculionidae
Cybocephalus sp.,Diego Garcia,"Hutson, A.M. (1981) A preliminary list of insects of Diego Garcia Atoll, Chagos Archipelago",Coleoptera,Cybocephalidae
"Pacicephalus gressitti (Endrödy-Younga, 1971)",Satawan,"Endrödy-Younga, S. (1971) Insects of Micronesia - Coleoptera - Cybocephalidae",Coleoptera,Cybocephalidae
"Attagenus fasciatus (Thunberg, 1795)",South Keeling,"Gibson-Hill, C.A. (1950) Notes on the insects taken on the Cocos-Keeling Islands",Coleoptera,Dermestidae
"Attagenus fasciatus (Thunberg, 1795)",Midway,"Suehiro, A. (1960) Insects and other arthropods from Midway atoll",Coleoptera,Dermestidae
"Attagenus plebeius (Blackburn & Sharp, 1885)",Laysan,"Butler, G.D. (1961) Insects and other arthropods from Laysan Island",Coleoptera,Dermestidae
"Attagenus undulatus (Motschulsky, 1858)",South Keeling,"Gibson-Hill, C.A. (1950) Notes on the insects taken on the Cocos-Keeling Islands",Coleoptera,Dermestidae
"Dermestes ater (DeGeer, 1774)",Abariringa,"van Zwaluwenburg, R.H. (1955) The insects and certain other arthropods of Canton Island",Coleoptera,Dermestidae
"Dermestes ater (DeGeer, 1774)",Aldabra,"Scott, H. (1926) No. VII - Coleoptera from the Seychelles and adjacent islands - Carabidae (supplement), Cryptophagidae (supplement), Dermestidae, Lymexylonidae, Rhipiceridae, Sphindidae, Throscidae, Brenthidae",Coleoptera,Dermestidae
"Dermestes ater (DeGeer, 1774)",South Keeling,"Bellis, G.A., et al. (2004) Records of insect pests on Christmas Island and the Cocos (Keeling) Islands, Indian Ocean",Coleoptera,Dermestidae
"Dermestes ater (DeGeer, 1774)",Eniwetok,"Beal, R.S. (1961) Insects of Micronesia - Coleoptera: Dermestidae",Coleoptera,Dermestidae
"Dermestes ater (DeGeer, 1774)",French Frigate Shoals,"Beardsley, J.W. (1966) Insects and other terrestrial arthropods from the Leeward Hawaiian Islands",Coleoptera,Dermestidae
"Dermestes ater (DeGeer, 1774)",Jaluit,"Beal, R.S. (1961) Insects of Micronesia - Coleoptera: Dermestidae",Coleoptera,Dermestidae
"Dermestes ater (DeGeer, 1774)",Johnston,"Binion Amerson, A., & Shelton, P.C. (1976) The natural history of Johnston atoll, Central Pacific Ocean",Coleoptera,Dermestidae
"Dermestes ater (DeGeer, 1774)",Kure,"Butler, G.D., & Usinger, R.L. (1963) Insects and other arthropods from Kure Island",Coleoptera,Dermestidae
"Dermestes ater (DeGeer, 1774)",Kwajalein,"Sugerman, B.B. (1972) Insects and other arthropods from Kwajalein atoll (Marshall Islands)",Coleoptera,Dermestidae
"Dermestes ater (DeGeer, 1774)",Laysan,"Butler, G.D. (1961) Insects and other arthropods from Laysan Island",Coleoptera,Dermestidae
"Dermestes ater (DeGeer, 1774)",Midway,"Suehiro, A. (1960) Insects and other arthropods from Midway atoll",Coleoptera,Dermestidae
"Dermestes ater (DeGeer, 1774)",Onotoa,"Beal, R.S. (1961) Insects of Micronesia - Coleoptera: Dermestidae",Coleoptera,Dermestidae
"Dermestes ater (DeGeer, 1774)",Pearl and Hermes,"Beardsley, J.W. (1966) Insects and other terrestrial arthropods from the Leeward Hawaiian Islands",Coleoptera,Dermestidae
"Dermestes ater (DeGeer, 1774)",Pokak,"Beal, R.S. (1961) Insects of Micronesia - Coleoptera: Dermestidae",Coleoptera,Dermestidae
"Dermestes ater (DeGeer, 1774)",Rose,"Peck, R.W., et al. (2014) Arthropods of Rose atoll with special reference to ants and Pulvianaria urbicola scales (Hemiptera: Coccidae) on Pisonia grandis trees",Coleoptera,Dermestidae
"Dermestes ater (DeGeer, 1774)",Ulithi,"Beal, R.S. (1961) Insects of Micronesia - Coleoptera: Dermestidae",Coleoptera,Dermestidae
"Dermestes ater (DeGeer, 1774)",Wake,"Beal, R.S. (1961) Insects of Micronesia - Coleoptera: Dermestidae",Coleoptera,Dermestidae
"Dermestes maculatus (DeGeer, 1774)",Aldabra,"Scott, H. (1926) No. VII - Coleoptera from the Seychelles and adjacent islands - Carabidae (supplement), Cryptophagidae (supplement), Dermestidae, Lymexylonidae, Rhipiceridae, Sphindidae, Throscidae, Brenthidae",Coleoptera,Dermestidae
"Dermestes maculatus (DeGeer, 1774)",Cosmoledo,"Scott, H. (1926) No. VII - Coleoptera from the Seychelles and adjacent islands - Carabidae (supplement), Cryptophagidae (supplement), Dermestidae, Lymexylonidae, Rhipiceridae, Sphindidae, Throscidae, Brenthidae",Coleoptera,Dermestidae
"Dermestes maculatus (DeGeer, 1774)",Kure,"Butler, G.D., & Usinger, R.L. (1963) Insects and other arthropods from Kure Island",Coleoptera,Dermestidae
"Dermestes maculatus (DeGeer, 1774)",Midway,"Suehiro, A. (1960) Insects and other arthropods from Midway atoll",Coleoptera,Dermestidae
"Dermestes maculatus (DeGeer, 1774)",Pearl and Hermes,"Beardsley, J.W. (1966) Insects and other terrestrial arthropods from the Leeward Hawaiian Islands",Coleoptera,Dermestidae
"Orphinus defectus (Walker, 1858)",South Keeling,"Gibson-Hill, C.A. (1950) Notes on the insects taken on the Cocos-Keeling Islands",Coleoptera,Dermestidae
"Orphinus fulvipes (Guérin-Méneville, 1836)",Jaluit,"Beal, R.S. (1961) Insects of Micronesia - Coleoptera: Dermestidae",Coleoptera,Dermestidae
"Orphinus terminalis (Sharp, 1885)",Kwajalein,"Sugerman, B.B. (1979) Additions to the list of insects and other arthropods from Kwajalein atoll (Marshall Islands)",Coleoptera,Dermestidae
"Trogoderma anthrenoides (Sharp, 1902)",Kwajalein,"Sugerman, B.B. (1972) Insects and other arthropods from Kwajalein atoll (Marshall Islands)",Coleoptera,Dermestidae
"Trogoderma anthrenoides (Sharp, 1902)",Midway,"Suehiro, A. (1960) Insects and other arthropods from Midway atoll",Coleoptera,Dermestidae
"Cosmopolites sordidus (E.F.Germar, 1823)",South Keeling,"Bellis, G.A., et al. (2004) Records of insect pests on Christmas Island and the Cocos (Keeling) Islands, Indian Ocean",Coleoptera,Dryophthoridae
"Diocalandra frumenti (Fabricius, 1802)",South Keeling,"Bellis, G.A., et al. (2004) Records of insect pests on Christmas Island and the Cocos (Keeling) Islands, Indian Ocean",Coleoptera,Dryophthoridae
"Diocalandra taitensis (E.Csiki, 1936)",Rangiroa,"Cocherau, P. (1966) Compte rendu d'une mission d'inventaire faunistique aux îles Gambier et Tuamotu (Avril - Mai 1966)",Coleoptera,Dryophthoridae
"Diocalandra taitensis (E.Csiki, 1936)",Takapoto,"Rivière, F. (1979) La vie animale terrestre à Takapoto",Coleoptera,Dryophthoridae
"Dryophthorus distinguendus (Perkins, 1900)",Kure,"Butler, G.D., & Usinger, R.L. (1963) Insects and other arthropods from Kure Island",Coleoptera,Dryophthoridae
"Dryophthorus distinguendus (Perkins, 1900)",Laysan,"Butler, G.D. (1961) Insects and other arthropods from Laysan Island",Coleoptera,Dryophthoridae
"Dryophthorus distinguendus (Perkins, 1900)",Midway,"Suehiro, A. (1960) Insects and other arthropods from Midway atoll",Coleoptera,Dryophthoridae
"Dryophthorus squalidus (D.Sharp, 1878)",Midway,"Nishida, G.M. & Beardsley, J.W. (2002) A review of the insects and related arthropods of Midway atoll",Coleoptera,Dryophthoridae
"Rhabdoscelus obscurus (Boisduval, 1835)",Funafuti,"Hedley, C. (1900) The atoll of Funafuti, Ellice Group - its zoology, botany, ethnology, and general structure",Coleoptera,Dryophthoridae
"Rhabdoscelus obscurus (Boisduval, 1835)",Takapoto,"Rivière, F. (1979) La vie animale terrestre à Takapoto",Coleoptera,Dryophthoridae
"Sitophilus oryzae (A.Hustache, 1930)",Abariringa,"van Zwaluwenburg, R.H. (1955) The insects and certain other arthropods of Canton Island",Coleoptera,Dryophthoridae
"Sitophilus oryzae (A.Hustache, 1930)",Aldabra,"Champion, G.C. (1914) No. XIX - Coleoptera: Curculionidae",Coleoptera,Dryophthoridae
"Sitophilus oryzae (A.Hustache, 1930)",South Keeling,"Gibson-Hill, C.A. (1950) Notes on the insects taken on the Cocos-Keeling Islands",Coleoptera,Dryophthoridae
"Sitophilus oryzae (A.Hustache, 1930)",Laysan,"Bryan, E.H. (1926) Insects of Hawaii, Johnston Island and Wake Island",Coleoptera,Dryophthoridae
Sitophilus sp.,Kwajalein,"Sugerman, B.B. (1979) Additions to the list of insects and other arthropods from Kwajalein atoll (Marshall Islands)",Coleoptera,Dryophthoridae
"Sphenophorus venatus (Say & T., 1832)",Midway,"Nishida, G.M. & Beardsley, J.W. (2002) A review of the insects and related arthropods of Midway atoll",Coleoptera,Dryophthoridae
"Oryctes rhinoceros (L., 1758)",South Keeling,"Bellis, G.A., et al. (2004) Records of insect pests on Christmas Island and the Cocos (Keeling) Islands, Indian Ocean",Coleoptera,Dynastidae
"Oryctes rhinoceros (L., 1758)",Diego Garcia,"Barnett, L.K., & Emms, C. (1996) An annotated checklist of the Chagos archipelago terrestrial fauna (omitting birds) recorded during the 1996 'Friends of the Chagos' expedition",Coleoptera,Dynastidae
"Oryctes rhinoceros (L., 1758)",Kavaratti,"Ghosh, A.K. (1991) Fauna of Lakshadweep",Coleoptera,Dynastidae
"Oryctes rhinoceros (L., 1758)",Nukunonu,"Hickley, A.D. (1969) Ecology of terrestrial arthropods of the Tokelau atolls",Coleoptera,Dynastidae
"Copelatus marginipennis (Laporte, 1835)",Aldabra,"Gerlach, J. (2009) The Coleoptera of the Seychelles islands",Coleoptera,Dytiscidae
"Eretes griseus (Fabricius, 1781)",Aldabra,"Linell, M.L. (1897) On the insects collected by Doctor Abbott on the Seycelles, Aldabra, Glorioso and Providence Islands",Coleoptera,Dytiscidae
"Eretes griseus (Fabricius, 1781)",Kavaratti,"Ghosh, A.K. (1991) Fauna of Lakshadweep",Coleoptera,Dytiscidae
"Hydroglyphus capitatus (Régimbart, 1895)",Aldabra,"Scott, H. (1912) No. XV - Coleoptera, Lamellicornia and Adephaga",Coleoptera,Dytiscidae
"Hydroglyphus farquharensis (Scott, 1912)",Farquhar,"Gerlach, J. (2009) The Coleoptera of the Seychelles islands",Coleoptera,Dytiscidae
"Hydroglyphus signatellus (Klug, 1834)",Diego Garcia,"Hutson, A.M. (1981) A preliminary list of insects of Diego Garcia Atoll, Chagos Archipelago",Coleoptera,Dytiscidae
"Hydrovatus acuminatus (Motschulsky, 1859)",Aldabra,"Scott, H. (1912) No. XV - Coleoptera, Lamellicornia and Adephaga",Coleoptera,Dytiscidae
"Hyphydrus impressus (Klug, 1833)",Aldabra,"Scott, H. (1912) No. XV - Coleoptera, Lamellicornia and Adephaga",Coleoptera,Dytiscidae
"Laccophilus addendus (Sharp, 1882)",Aldabra,"Scott, H. (1912) No. XV - Coleoptera, Lamellicornia and Adephaga",Coleoptera,Dytiscidae
"Laccophilus posticus (Aubé, 1838)",Aldabra,"Scott, H. (1912) No. XV - Coleoptera, Lamellicornia and Adephaga",Coleoptera,Dytiscidae
"Uvarus rivulorum (Régimbart, 1895)",Aldabra,"Gerlach, J. (2009) The Coleoptera of the Seychelles islands",Coleoptera,Dytiscidae
"Aeoloides senex (Candèze, 1895)",Aldabra,"Gerlach, J. (2009) The Coleoptera of the Seychelles islands",Coleoptera,Elateridae
"Aeoloides senex (Candèze, 1895)",Farquhar,"Gerlach, J. (2009) The Coleoptera of the Seychelles islands",Coleoptera,Elateridae
Ampedus sp.,Kwajalein,"Sugerman, B.B. (1979) Additions to the list of insects and other arthropods from Kwajalein atoll (Marshall Islands)",Coleoptera,Elateridae
"Anchastus dybasi (Van Zwaluwenburg, 1957)",Ngcheangel,"van Zwaluwenburg, R.H. (1957) Insects of Micronesia - Coleoptera: Elateridae",Coleoptera,Elateridae
Anchastus sp.,Kwajalein,"Sugerman, B.B. (1972) Insects and other arthropods from Kwajalein atoll (Marshall Islands)",Coleoptera,Elateridae
"Cardiophorus lutosus (Candèze, 1896)",Aldabra,"Frith, D.W. (1979) A list of insects caught in light traps on West Island, Aldabra Atoll, Indian Ocean",Coleoptera,Elateridae
"Cardiophorus lutosus (Candèze, 1896)",Farquhar,"Gerlach, J. (2009) The Coleoptera of the Seychelles islands",Coleoptera,Elateridae
Cardiophorus sp.,Midway,"Nishida, G.M. & Beardsley, J.W. (2002) A review of the insects and related arthropods of Midway atoll",Coleoptera,Elateridae
"Cardiotarsus gardineri (Fleutiaux, 1923)",Aldabra,"Gerlach, J. (2009) The Coleoptera of the Seychelles islands",Coleoptera,Elateridae
"Cardiotarsus gardineri (Fleutiaux, 1923)",Farquhar,"Gerlach, J. (2009) The Coleoptera of the Seychelles islands",Coleoptera,Elateridae
"Cardiotarsus vitellinus (Klug, 1833)",Aldabra,"Gerlach, J. (2009) The Coleoptera of the Seychelles islands",Coleoptera,Elateridae
"Conoderus amplicollis (Gyllenhal, 1833)",Midway,"Nishida, G.M. & Beardsley, J.W. (2002) A review of the insects and related arthropods of Midway atoll",Coleoptera,Elateridae
"Conoderus exsul (Sharp, 1877)",Midway,"Suehiro, A. (1960) Insects and other arthropods from Midway atoll",Coleoptera,Elateridae
"Conoderus pallipes (Eschscholtz, 1829)",Abariringa,"van Zwaluwenburg, R.H. (1955) The insects and certain other arthropods of Canton Island",Coleoptera,Elateridae
"Conoderus pallipes (Eschscholtz, 1829)",Arno,"van Zwaluwenburg, R.H. (1957) Insects of Micronesia - Coleoptera: Elateridae",Coleoptera,Elateridae
"Conoderus pallipes (Eschscholtz, 1829)",Eniwetok,"van Zwaluwenburg, R.H. (1957) Insects of Micronesia - Coleoptera: Elateridae",Coleoptera,Elateridae
"Conoderus pallipes (Eschscholtz, 1829)",Jaluit,"van Zwaluwenburg, R.H. (1932) Check list of the Elateridae of Oceania",Coleoptera,Elateridae
"Conoderus pallipes (Eschscholtz, 1829)",Kure,"Butler, G.D., & Usinger, R.L. (1963) Insects and other arthropods from Kure Island",Coleoptera,Elateridae
"Conoderus pallipes (Eschscholtz, 1829)",Kwajalein,"Sugerman, B.B. (1972) Insects and other arthropods from Kwajalein atoll (Marshall Islands)",Coleoptera,Elateridae
"Conoderus pallipes (Eschscholtz, 1829)",Majuro,"van Zwaluwenburg, R.H. (1957) Insects of Micronesia - Coleoptera: Elateridae",Coleoptera,Elateridae
"Conoderus pallipes (Eschscholtz, 1829)",Midway,"Suehiro, A. (1960) Insects and other arthropods from Midway atoll",Coleoptera,Elateridae
"Conoderus pallipes (Eschscholtz, 1829)",Onotoa,"Moul, E.T. (1954) Preliminary report on land animals at Onotoa atoll, Gilbert Islands",Coleoptera,Elateridae
"Conoderus pallipes (Eschscholtz, 1829)",Palmyra,"Handler, A.T., et al. (2007) Arthropod surveys on Palmyra Atoll, Line Islands, and insights into the decline of the native tree Pisonia grandis (Nycatginaceae)",Coleoptera,Elateridae
"Conoderus pallipes (Eschscholtz, 1829)",Tabuaeran,"van Zwaluwenburg, R.H. (1932) Check list of the Elateridae of Oceania",Coleoptera,Elateridae
"Conoderus pallipes (Eschscholtz, 1829)",Teraina,"van Zwaluwenburg, R.H. (1932) Check list of the Elateridae of Oceania",Coleoptera,Elateridae
"Conoderus pallipes (Eschscholtz, 1829)",Ujelang,"van Zwaluwenburg, R.H. (1957) Insects of Micronesia - Coleoptera: Elateridae",Coleoptera,Elateridae
"Conoderus pallipes (Eschscholtz, 1829)",Wake,"van Zwaluwenburg, R.H. (1957) Insects of Micronesia - Coleoptera: Elateridae",Coleoptera,Elateridae
"Conoderus pallipes (Eschscholtz, 1829)",Wotho,"van Zwaluwenburg, R.H. (1957) Insects of Micronesia - Coleoptera: Elateridae",Coleoptera,Elateridae
"Conoderus umbraculatus (Candeze, 1865)",Funafuti,"Hedley, C. (1900) The atoll of Funafuti, Ellice Group - its zoology, botany, ethnology, and general structure",Coleoptera,Elateridae
"Conoderus variabilis (Montrouzier, 1855)",Funafuti,"Hedley, C. (1900) The atoll of Funafuti, Ellice Group - its zoology, botany, ethnology, and general structure",Coleoptera,Elateridae
Conoderus sp.,Kwajalein,"Sugerman, B.B. (1972) Insects and other arthropods from Kwajalein atoll (Marshall Islands)",Coleoptera,Elateridae
"Elastrus aldabrensis (Fleutiaux, 1923)",Aldabra,"Frith, D.W. (1979) A list of insects caught in light traps on West Island, Aldabra Atoll, Indian Ocean",Coleoptera,Elateridae
"Heteroderes triangularis (Eschscholtz, 1822)",South Keeling,"Gibson-Hill, C.A. (1950) Notes on the insects taken on the Cocos-Keeling Islands",Coleoptera,Elateridae
"Lacon modestus (Boisduval, 1835)",Diego Garcia,"Hutson, A.M. (1981) A preliminary list of insects of Diego Garcia Atoll, Chagos Archipelago",Coleoptera,Elateridae
"Lacon modestus (Boisduval, 1835)",Tabuaeran,"van Zwaluwenburg, R.H. (1932) Check list of the Elateridae of Oceania",Coleoptera,Elateridae
"Lacon modestus (Boisduval, 1835)",Takapoto,"Rivière, F. (1979) La vie animale terrestre à Takapoto",Coleoptera,Elateridae
"Megapenthes difformis (Fleutiaux, 1923)",Aldabra,"Frith, D.W. (1979) A list of insects caught in light traps on West Island, Aldabra Atoll, Indian Ocean",Coleoptera,Elateridae
"Melanoxanthus comptus (van Zwaluwenburg, 1928)",Arno,"van Zwaluwenburg, R.H. (1957) Insects of Micronesia - Coleoptera: Elateridae",Coleoptera,Elateridae
"Melanoxanthus comptus (van Zwaluwenburg, 1928)",Bikar,"van Zwaluwenburg, R.H. (1957) Insects of Micronesia - Coleoptera: Elateridae",Coleoptera,Elateridae
"Melanoxanthus comptus (van Zwaluwenburg, 1928)",Kapingamarangi,"Niering, W. A. (1963) Terrestrial ecology of Kapingamarangi atoll, Caroline Islands",Coleoptera,Elateridae
"Melanoxanthus comptus (van Zwaluwenburg, 1928)",Losap,"van Zwaluwenburg, R.H. (1957) Insects of Micronesia - Coleoptera: Elateridae",Coleoptera,Elateridae
"Melanoxanthus comptus (van Zwaluwenburg, 1928)",Ujelang,"van Zwaluwenburg, R.H. (1957) Insects of Micronesia - Coleoptera: Elateridae",Coleoptera,Elateridae
"Melanoxanthus comptus (van Zwaluwenburg, 1928)",Ulithi,"van Zwaluwenburg, R.H. (1957) Insects of Micronesia - Coleoptera: Elateridae",Coleoptera,Elateridae
"Melanoxanthus lariversi (van Zwaluwenburg, 1957)",Arno,"van Zwaluwenburg, R.H. (1957) Insects of Micronesia - Coleoptera: Elateridae",Coleoptera,Elateridae
"Melanoxanthus melanocephalus (Fabricius, 1781)",South Keeling,"Gibson-Hill, C.A. (1950) Notes on the insects taken on the Cocos-Keeling Islands",Coleoptera,Elateridae
"Melanoxanthus melanocephalus (Fabricius, 1781)",Palmyra,"Handler, A.T., et al. (2007) Arthropod surveys on Palmyra Atoll, Line Islands, and insights into the decline of the native tree Pisonia grandis (Nycatginaceae)",Coleoptera,Elateridae
"Melanoxanthus puerulus (Candèze, 1898)",Diego Garcia,"Barnett, L.K., & Emms, C. (1996) An annotated checklist of the Chagos archipelago terrestrial fauna (omitting birds) recorded during the 1996 'Friends of the Chagos' expedition",Coleoptera,Elateridae
"Melanoxanthus cf. alluaudi (Fleutiaux, 1933)",South Keeling,"Gibson-Hill, C.A. (1950) Notes on the insects taken on the Cocos-Keeling Islands",Coleoptera,Elateridae
"Meristhus oceanicus (van Zwaluwenburg, 1945)",Rose,"Peck, R.W., et al. (2014) Arthropods of Rose atoll with special reference to ants and Pulvianaria urbicola scales (Hemiptera: Coccidae) on Pisonia grandis trees",Coleoptera,Elateridae
"Priopus exilis (van Zwaluwenburg, 1940)",Ulithi,"van Zwaluwenburg, R.H. (1957) Insects of Micronesia - Coleoptera: Elateridae",Coleoptera,Elateridae
"Procraerus variegatus (Candeze, 1878)",Etal,"van Zwaluwenburg, R.H. (1957) Insects of Micronesia - Coleoptera: Elateridae",Coleoptera,Elateridae
"Procraerus variegatus (Candeze, 1878)",Lukunor,"van Zwaluwenburg, R.H. (1957) Insects of Micronesia - Coleoptera: Elateridae",Coleoptera,Elateridae
"Procraerus variegatus (Candeze, 1878)",Ulithi,"van Zwaluwenburg, R.H. (1957) Insects of Micronesia - Coleoptera: Elateridae",Coleoptera,Elateridae
"Procraerus variegatus (Candeze, 1878)",Wake,"van Zwaluwenburg, R.H. (1957) Insects of Micronesia - Coleoptera: Elateridae",Coleoptera,Elateridae
"Prodrasterius collaris (Candeze, 1859)",Midway,"Nishida, G.M. & Beardsley, J.W. (2002) A review of the insects and related arthropods of Midway atoll",Coleoptera,Elateridae
"Propsephus tongaensis (Candèze, 1878)",Rose,"Peck, R.W., et al. (2014) Arthropods of Rose atoll with special reference to ants and Pulvianaria urbicola scales (Hemiptera: Coccidae) on Pisonia grandis trees",Coleoptera,Elateridae
"Simodactylus cinnamomeus (Boisduval, 1835)",Jaluit,"van Zwaluwenburg, R.H. (1957) Insects of Micronesia - Coleoptera: Elateridae",Coleoptera,Elateridae
"Simodactylus cinnamomeus (Boisduval, 1835)",Rangiroa,"Ramage, T., & Lagarde, M. (2021) Les Simodactylus Candèze, 1859 de Polynésie francaise (Coleoptera, Elateridae)",Coleoptera,Elateridae
"Simodactylus fasciolatus (Fairmaire, 1863)",Eniwetok,"van Zwaluwenburg, R.H. (1957) Insects of Micronesia - Coleoptera: Elateridae",Coleoptera,Elateridae
"Simodactylus fasciolatus (Fairmaire, 1863)",Jaluit,"van Zwaluwenburg, R.H. (1957) Insects of Micronesia - Coleoptera: Elateridae",Coleoptera,Elateridae
"Simodactylus fasciolatus (Fairmaire, 1863)",Kapingamarangi,"Niering, W. A. (1963) Terrestrial ecology of Kapingamarangi atoll, Caroline Islands",Coleoptera,Elateridae
"Simodactylus fasciolatus (Fairmaire, 1863)",Kwajalein,"Sugerman, B.B. (1972) Insects and other arthropods from Kwajalein atoll (Marshall Islands)",Coleoptera,Elateridae
"Simodactylus fasciolatus (Fairmaire, 1863)",Majuro,"van Zwaluwenburg, R.H. (1957) Insects of Micronesia - Coleoptera: Elateridae",Coleoptera,Elateridae
"Simodactylus fasciolatus (Fairmaire, 1863)",Ujelang,"van Zwaluwenburg, R.H. (1957) Insects of Micronesia - Coleoptera: Elateridae",Coleoptera,Elateridae
"Simodactylus gressitti (Van Zwaluwenburg, 1957)",Ngcheangel,"van Zwaluwenburg, R.H. (1957) Insects of Micronesia - Coleoptera: Elateridae",Coleoptera,Elateridae
"Simodactylus pallidus (Fleutiaux, 1934)",Ngcheangel,"van Zwaluwenburg, R.H. (1957) Insects of Micronesia - Coleoptera: Elateridae",Coleoptera,Elateridae
"Simodactylus remotus (Van Zwaluwenburg, 1957)",Ulithi,"van Zwaluwenburg, R.H. (1957) Insects of Micronesia - Coleoptera: Elateridae",Coleoptera,Elateridae
"Simodactylus tasmani (Candèze, 1893)",Bikini,"van Zwaluwenburg, R.H. (1957) Insects of Micronesia - Coleoptera: Elateridae",Coleoptera,Elateridae
"Simodactylus tasmani (Candèze, 1893)",Kwajalein,"Sugerman, B.B. (1972) Insects and other arthropods from Kwajalein atoll (Marshall Islands)",Coleoptera,Elateridae
"Simodactylus tastui (Le Guillou, 1844)",Onotoa,"van Zwaluwenburg, R.H. (1957) Insects of Micronesia - Coleoptera: Elateridae",Coleoptera,Elateridae
"Trochoideus desjardinsi (Guérin-Méneville, 1857)",South Keeling,"Gibson-Hill, C.A. (1950) Notes on the insects taken on the Cocos-Keeling Islands",Coleoptera,Endomychidae
"Trochoideus desjardinsi (Guérin-Méneville, 1857)",Diego Garcia,"Hutson, A.M. (1981) A preliminary list of insects of Diego Garcia Atoll, Chagos Archipelago",Coleoptera,Endomychidae
"Trochoideus desjardinsi (Guérin-Méneville, 1857)",Farquhar,"Gerlach, J. (2009) The Coleoptera of the Seychelles islands",Coleoptera,Endomychidae
"Hapalips samoensis (Arrow, 1927)",Ulithi,"Chûjô, M. (1965) Insects of Micronesia - Coleoptera - Cryptophagidae and Mycetophagidae",Coleoptera,Erotylidae
"Toramus taprobanae (Grouvelle, 1919)",Ulithi,"Chûjô, M. (1965) Insects of Micronesia - Coleoptera - Cryptophagidae and Mycetophagidae",Coleoptera,Erotylidae
Toramus sp.,Palmyra,"Handler, A.T., et al. (2007) Arthropod surveys on Palmyra Atoll, Line Islands, and insights into the decline of the native tree Pisonia grandis (Nycatginaceae)",Coleoptera,Erotylidae
"Eidoreus minutus (Sharp, 1885)",Laysan,"Butler, G.D., & Usinger, R.L. (1963) Insects and other invertebrates from Laysan Island",Coleoptera,Eupsilobiidae
"Euxestus erithacus (Chevrolat, 1863)",Midway,"Suehiro, A. (1960) Insects and other arthropods from Midway atoll",Coleoptera,Euxestidae
"Bacanius ambiguus (Schmidt, 1893)",Glorioso,"Paulian, R. (1989) Les insectes des Îles Glorieuses",Coleoptera,Histeridae
"Carcinops pumilio (Erichson, 1834)",Abariringa,"van Zwaluwenburg, R.H. (1955) The insects and certain other arthropods of Canton Island",Coleoptera,Histeridae
"Carcinops pumilio (Erichson, 1834)",Johnston,"Binion Amerson, A., & Shelton, P.C. (1976) The natural history of Johnston atoll, Central Pacific Ocean",Coleoptera,Histeridae
Diaphorus pauliani (Thérond),Glorioso,"Paulian, R. (1989) Les insectes des Îles Glorieuses",Coleoptera,Histeridae
"Hypocaccus disjunctus (Marseul, 1855)",Glorioso,"Paulian, R. (1989) Les insectes des Îles Glorieuses",Coleoptera,Histeridae
"Platylomalus gardineri (Scott, 1913)",South Keeling,"Gibson-Hill, C.A. (1950) Notes on the insects taken on the Cocos-Keeling Islands",Coleoptera,Histeridae
"Saprinus lugens (Erichson, 1834)",Midway,"Suehiro, A. (1960) Insects and other arthropods from Midway atoll",Coleoptera,Histeridae
"Kuijtenosus laeviceps (Fairmaire, 1893)",Aldabra,"Gerlach, J. (2009) The Coleoptera of the Seychelles islands",Coleoptera,Hybosoridae
"Kuijtenosus laeviceps (Fairmaire, 1893)",Glorioso,"Paulian, R. (1989) Les insectes des Îles Glorieuses",Coleoptera,Hybosoridae
"Berosus bidenticulatus (Mulsant & Rey, 1858)",Aldabra,"Scott, H. (1913) No. X - Coleoptera - Hydrophilidae, Histeridae",Coleoptera,Hydrophilidae
"Berosus cuspidatus (Erichson, 1843)",Aldabra,"Scott, H. (1913) No. X - Coleoptera - Hydrophilidae, Histeridae",Coleoptera,Hydrophilidae
"Berosus bergrothi (Régimbart, 1900)",Aldabra,"Scott, H. (1913) No. X - Coleoptera - Hydrophilidae, Histeridae",Coleoptera,Hydrophilidae
"Berosus bergrothi (Régimbart, 1900)",Astove,"Gerlach, J. (2009) The Coleoptera of the Seychelles islands",Coleoptera,Hydrophilidae
"Berosus inermis (Fairmaire, 1896)",Aldabra,"Gerlach, J. (2009) The Coleoptera of the Seychelles islands",Coleoptera,Hydrophilidae
"Berosus nudicollis (Schödl, 1994)",Aldabra,"Gerlach, J. (2009) The Coleoptera of the Seychelles islands",Coleoptera,Hydrophilidae
"Chasmogenus mollis (Régimbart, 1903)",Aldabra,"Scott, H. (1913) No. X - Coleoptera - Hydrophilidae, Histeridae",Coleoptera,Hydrophilidae
"Coelostoma rusticum (Orchymont, 1936)",Aldabra,"Scott, H. (1913) No. X - Coleoptera - Hydrophilidae, Histeridae",Coleoptera,Hydrophilidae
"Dactylosternum abdominale (Fabricius, 1792)",Aldabra,"Scott, H. (1913) No. X - Coleoptera - Hydrophilidae, Histeridae",Coleoptera,Hydrophilidae
"Dactylosternum abdominale (Fabricius, 1792)",South Keeling,"Gibson-Hill, C.A. (1950) Notes on the insects taken on the Cocos-Keeling Islands",Coleoptera,Hydrophilidae
"Dactylosternum abdominale (Fabricius, 1792)",Kwajalein,"Sugerman, B.B. (1972) Insects and other arthropods from Kwajalein atoll (Marshall Islands)",Coleoptera,Hydrophilidae
"Dactylosternum abdominale (Fabricius, 1792)",Palmyra,"Handler, A.T., et al. (2007) Arthropod surveys on Palmyra Atoll, Line Islands, and insights into the decline of the native tree Pisonia grandis (Nycatginaceae)",Coleoptera,Hydrophilidae
"Enochrus natalensis (Gemminger & Harold, 1868)",Aldabra,"Scott, H. (1913) No. X - Coleoptera - Hydrophilidae, Histeridae",Coleoptera,Hydrophilidae
"Helochares nigrifrons (Bancsik, 1893)",Aldabra,"Scott, H. (1913) No. X - Coleoptera - Hydrophilidae, Histeridae",Coleoptera,Hydrophilidae
"Paromicrus atomus (Scott, 1913)",Diego Garcia,"Hutson, A.M. (1981) A preliminary list of insects of Diego Garcia Atoll, Chagos Archipelago",Coleoptera,Hydrophilidae
"Regimbartia inflata (Brullé, 1835)",Aldabra,"Scott, H. (1913) No. X - Coleoptera - Hydrophilidae, Histeridae",Coleoptera,Hydrophilidae
"Propalticus insularis (John, 1960)",Arno,"John, H. (1971) Insects of Micronesia - Coleoptera: Propalticidae",Coleoptera,Laemophloeidae
"Propalticus insularis (John, 1960)",Eniwetok,"John, H. (1971) Insects of Micronesia - Coleoptera: Propalticidae",Coleoptera,Laemophloeidae
"Propalticus insularis (John, 1960)",Jaluit,"John, H. (1971) Insects of Micronesia - Coleoptera: Propalticidae",Coleoptera,Laemophloeidae
"Propalticus insularis (John, 1960)",Ulithi,"John, H. (1971) Insects of Micronesia - Coleoptera: Propalticidae",Coleoptera,Laemophloeidae
Corticaria sp.,South Keeling,"Gibson-Hill, C.A. (1950) Notes on the insects taken on the Cocos-Keeling Islands",Coleoptera,Latridiidae
"Hyphalus crowsoni (Hernando & Ribera, 2000)",Aldabra,"Hernando, C. & Ribera, I. (2000) The first species of the intertidal genus Hyphalus Britton from the Indian Ocean (Coleoptera: Limnichidae: Hyphalinae)",Coleoptera,Limnichidae
"Figulus rossi (Gahan, 1900)",South Keeling,"Gibson-Hill, C.A. (1950) Notes on the insects taken on the Cocos-Keeling Islands",Coleoptera,Lucanidae
"Figulus striatus (Olivier, 1789)",Aldabra,"Scott, H. (1912) No. XV - Coleoptera, Lamellicornia and Adephaga",Coleoptera,Lucanidae
"Intybia palauensis (Wittmer, 1970)",Ngcheangel,"Wittmer, W. (1970) Insects of Micronesia - Coleoptera: Malachiidae, supplement",Coleoptera,Malachiidae
"Comaserica granulipennis (Fairmaire, 1897)",Aldabra,"Scott, H. (1912) No. XV - Coleoptera, Lamellicornia and Adephaga",Coleoptera,Melolonthidae
"Perissosoma aenescens (Waterhouse, 1875)",Aldabra,"Gerlach, J. (2009) The Coleoptera of the Seychelles islands",Coleoptera,Melolonthidae
"Perissosoma aenescens (Waterhouse, 1875)",Cosmoledo,"Gerlach, J. (2009) The Coleoptera of the Seychelles islands",Coleoptera,Melolonthidae
"Perissosoma aenescens (Waterhouse, 1875)",Glorioso,"Gerlach, J. (2009) The Coleoptera of the Seychelles islands",Coleoptera,Melolonthidae
"Pachyebaeus aldabrensis (Wittmer, 1991)",Aldabra,"Gerlach, J. (2009) The Coleoptera of the Seychelles islands",Coleoptera,Melyridae
"Pelochrus takamakaensis (Wittmer, 1991)",Aldabra,"Gerlach, J. (2009) The Coleoptera of the Seychelles islands",Coleoptera,Melyridae
"Monotoma madagascariensis (Grouvelle, 1906)",Diego Garcia,"Hutson, A.M. (1981) A preliminary list of insects of Diego Garcia Atoll, Chagos Archipelago",Coleoptera,Monotomidae
Murmidius sp.,Midway,"Nishida, G.M. & Beardsley, J.W. (2002) A review of the insects and related arthropods of Midway atoll",Coleoptera,Murmidiidae
"Litargus vestitus (Sharp, 1879)",Arno,"Chûjô, M. (1965) Insects of Micronesia - Coleoptera - Cryptophagidae and Mycetophagidae",Coleoptera,Mycetophagidae
"Litargus vestitus (Sharp, 1879)",Ducie,"Benton, T.G. (1995) Biodiversity and biogeography of Henderson Island's insects",Coleoptera,Mycetophagidae
"Litargus vestitus (Sharp, 1879)",Jaluit,"Chûjô, M. (1965) Insects of Micronesia - Coleoptera - Cryptophagidae and Mycetophagidae",Coleoptera,Mycetophagidae
"Litargus vestitus (Sharp, 1879)",Ulithi,"Chûjô, M. (1965) Insects of Micronesia - Coleoptera - Cryptophagidae and Mycetophagidae",Coleoptera,Mycetophagidae
"Typhaea stercorea (L., 1758)",Eniwetok,"Chûjô, M. (1965) Insects of Micronesia - Coleoptera - Cryptophagidae and Mycetophagidae",Coleoptera,Mycetophagidae
"Typhaea stercorea (L., 1758)",Midway,"Suehiro, A. (1960) Insects and other arthropods from Midway atoll",Coleoptera,Mycetophagidae
"Aethina (Idaethina) orientalis (Nietner, 1856)",Kavaratti,"Ghosh, A.K. (1991) Fauna of Lakshadweep",Coleoptera,Nitidulidae
"Carpophilus angustatus (Murray, 1864)",Farquhar,"Grouvelle, A. (1913) No. VII - Coleoptera: Nitidulidae, Heteroceridae",Coleoptera,Nitidulidae
"Carpophilus davidsoni (Dobson, 1952)",Arno,"Gillogly, L.R. (1962) Insects of Micronesia - Coleoptera: Nitidulidae",Coleoptera,Nitidulidae
"Carpophilus davidsoni (Dobson, 1952)",Eniwetok,"Gillogly, L.R. (1962) Insects of Micronesia - Coleoptera: Nitidulidae",Coleoptera,Nitidulidae
"Carpophilus davidsoni (Dobson, 1952)",Etal,"Gillogly, L.R. (1962) Insects of Micronesia - Coleoptera: Nitidulidae",Coleoptera,Nitidulidae
"Carpophilus davidsoni (Dobson, 1952)",Jaluit,"Gillogly, L.R. (1962) Insects of Micronesia - Coleoptera: Nitidulidae",Coleoptera,Nitidulidae
"Carpophilus davidsoni (Dobson, 1952)",Kapingamarangi,"Gillogly, L.R. (1962) Insects of Micronesia - Coleoptera: Nitidulidae",Coleoptera,Nitidulidae
"Carpophilus davidsoni (Dobson, 1952)",Kwajalein,"Gillogly, L.R. (1962) Insects of Micronesia - Coleoptera: Nitidulidae",Coleoptera,Nitidulidae
"Carpophilus davidsoni (Dobson, 1952)",Lae,"Gillogly, L.R. (1962) Insects of Micronesia - Coleoptera: Nitidulidae",Coleoptera,Nitidulidae
"Carpophilus davidsoni (Dobson, 1952)",Likiep,"Gillogly, L.R. (1962) Insects of Micronesia - Coleoptera: Nitidulidae",Coleoptera,Nitidulidae
"Carpophilus davidsoni (Dobson, 1952)",Nomwin,"Gillogly, L.R. (1962) Insects of Micronesia - Coleoptera: Nitidulidae",Coleoptera,Nitidulidae
"Carpophilus davidsoni (Dobson, 1952)",Onotoa,"Gillogly, L.R. (1962) Insects of Micronesia - Coleoptera: Nitidulidae",Coleoptera,Nitidulidae
"Carpophilus davidsoni (Dobson, 1952)",Sorol,"Gillogly, L.R. (1962) Insects of Micronesia - Coleoptera: Nitidulidae",Coleoptera,Nitidulidae
"Carpophilus davidsoni (Dobson, 1952)",Ulithi,"Gillogly, L.R. (1962) Insects of Micronesia - Coleoptera: Nitidulidae",Coleoptera,Nitidulidae
"Carpophilus davidsoni (Dobson, 1952)",Wotho,"Gillogly, L.R. (1962) Insects of Micronesia - Coleoptera: Nitidulidae",Coleoptera,Nitidulidae
"Carpophilus dimidiatus (Fabricius, 1792)",Arno,"Gillogly, L.R. (1962) Insects of Micronesia - Coleoptera: Nitidulidae",Coleoptera,Nitidulidae
"Carpophilus dimidiatus (Fabricius, 1792)",South Keeling,"Gibson-Hill, C.A. (1950) Notes on the insects taken on the Cocos-Keeling Islands",Coleoptera,Nitidulidae
"Carpophilus dimidiatus (Fabricius, 1792)",Farquhar,"Grouvelle, A. (1913) No. VII - Coleoptera: Nitidulidae, Heteroceridae",Coleoptera,Nitidulidae
"Carpophilus dimidiatus (Fabricius, 1792)",Jaluit,"Gillogly, L.R. (1962) Insects of Micronesia - Coleoptera: Nitidulidae",Coleoptera,Nitidulidae
"Carpophilus dimidiatus (Fabricius, 1792)",Kwajalein,"Sugerman, B.B. (1972) Insects and other arthropods from Kwajalein atoll (Marshall Islands)",Coleoptera,Nitidulidae
"Carpophilus dimidiatus (Fabricius, 1792)",Laysan,"Butler, G.D., & Usinger, R.L. (1963) Insects and other invertebrates from Laysan Island",Coleoptera,Nitidulidae
"Carpophilus dimidiatus (Fabricius, 1792)",Midway,"Suehiro, A. (1960) Insects and other arthropods from Midway atoll",Coleoptera,Nitidulidae
"Carpophilus dimidiatus (Fabricius, 1792)",Wake,"Gillogly, L.R. (1962) Insects of Micronesia - Coleoptera: Nitidulidae",Coleoptera,Nitidulidae
"Carpophilus hemipterus (L., 1758)",Abariringa,"van Zwaluwenburg, R.H. (1955) The insects and certain other arthropods of Canton Island",Coleoptera,Nitidulidae
"Carpophilus hemipterus (L., 1758)",Diego Garcia,"Hutson, A.M. (1981) A preliminary list of insects of Diego Garcia Atoll, Chagos Archipelago",Coleoptera,Nitidulidae
"Carpophilus hemipterus (L., 1758)",Eniwetok,"Gillogly, L.R. (1962) Insects of Micronesia - Coleoptera: Nitidulidae",Coleoptera,Nitidulidae
"Carpophilus hemipterus (L., 1758)",Farquhar,"Grouvelle, A. (1913) No. VII - Coleoptera: Nitidulidae, Heteroceridae",Coleoptera,Nitidulidae
"Carpophilus maculatus (Murray, 1864)",Arno,"Gillogly, L.R. (1962) Insects of Micronesia - Coleoptera: Nitidulidae",Coleoptera,Nitidulidae
"Carpophilus maculatus (Murray, 1864)",Jaluit,"Gillogly, L.R. (1962) Insects of Micronesia - Coleoptera: Nitidulidae",Coleoptera,Nitidulidae
"Carpophilus maculatus (Murray, 1864)",Kapingamarangi,"Gillogly, L.R. (1962) Insects of Micronesia - Coleoptera: Nitidulidae",Coleoptera,Nitidulidae
"Carpophilus maculatus (Murray, 1864)",Kwajalein,"Sugerman, B.B. (1972) Insects and other arthropods from Kwajalein atoll (Marshall Islands)",Coleoptera,Nitidulidae
"Carpophilus maculatus (Murray, 1864)",Lae,"Gillogly, L.R. (1962) Insects of Micronesia - Coleoptera: Nitidulidae",Coleoptera,Nitidulidae
"Carpophilus maculatus (Murray, 1864)",Likiep,"Gillogly, L.R. (1962) Insects of Micronesia - Coleoptera: Nitidulidae",Coleoptera,Nitidulidae
"Carpophilus maculatus (Murray, 1864)",Losap,"Gillogly, L.R. (1962) Insects of Micronesia - Coleoptera: Nitidulidae",Coleoptera,Nitidulidae
"Carpophilus maculatus (Murray, 1864)",Midway,"Nishida, G.M. & Beardsley, J.W. (2002) A review of the insects and related arthropods of Midway atoll",Coleoptera,Nitidulidae
"Carpophilus maculatus (Murray, 1864)",Onotoa,"Gillogly, L.R. (1962) Insects of Micronesia - Coleoptera: Nitidulidae",Coleoptera,Nitidulidae
"Carpophilus maculatus (Murray, 1864)",Sorol,"Gillogly, L.R. (1962) Insects of Micronesia - Coleoptera: Nitidulidae",Coleoptera,Nitidulidae
"Carpophilus maculatus (Murray, 1864)",Ulithi,"Gillogly, L.R. (1962) Insects of Micronesia - Coleoptera: Nitidulidae",Coleoptera,Nitidulidae
"Carpophilus maculatus (Murray, 1864)",Wotho,"Gillogly, L.R. (1962) Insects of Micronesia - Coleoptera: Nitidulidae",Coleoptera,Nitidulidae
"Carpophilus marginellus (Motschulsky, 1858)",Eniwetok,"Gillogly, L.R. (1962) Insects of Micronesia - Coleoptera: Nitidulidae",Coleoptera,Nitidulidae
"Carpophilus mutilatus (Erichson, 1843)",Eniwetok,"Gillogly, L.R. (1962) Insects of Micronesia - Coleoptera: Nitidulidae",Coleoptera,Nitidulidae
"Carpophilus nitidus (Murray, 1864)",South Keeling,"Gibson-Hill, C.A. (1950) Notes on the insects taken on the Cocos-Keeling Islands",Coleoptera,Nitidulidae
"Carpophilus oculatus (Murray, 1864)",Likiep,"Gillogly, L.R. (1962) Insects of Micronesia - Coleoptera: Nitidulidae",Coleoptera,Nitidulidae
"Carpophilus pilosellus (Motschulsky, 1858)",Eniwetok,"Gillogly, L.R. (1962) Insects of Micronesia - Coleoptera: Nitidulidae",Coleoptera,Nitidulidae
"Carpophilus pilosellus (Motschulsky, 1858)",Jaluit,"Gillogly, L.R. (1962) Insects of Micronesia - Coleoptera: Nitidulidae",Coleoptera,Nitidulidae
"Carpophilus pilosellus (Motschulsky, 1858)",Kapingamarangi,"Gillogly, L.R. (1962) Insects of Micronesia - Coleoptera: Nitidulidae",Coleoptera,Nitidulidae
"Carpophilus pilosellus (Motschulsky, 1858)",Ngcheangel,"Gillogly, L.R. (1962) Insects of Micronesia - Coleoptera: Nitidulidae",Coleoptera,Nitidulidae
"Carpophilus pilosellus (Motschulsky, 1858)",Onotoa,"Gillogly, L.R. (1962) Insects of Micronesia - Coleoptera: Nitidulidae",Coleoptera,Nitidulidae
"Cillaeus rastrus (Gillogly, 1962)",Eniwetok,"Gillogly, L.R. (1962) Insects of Micronesia - Coleoptera: Nitidulidae",Coleoptera,Nitidulidae
"Cillaeus rastrus (Gillogly, 1962)",Ulithi,"Gillogly, L.R. (1962) Insects of Micronesia - Coleoptera: Nitidulidae",Coleoptera,Nitidulidae
"Conotelus mexicanus (Murray, 1864)",Midway,"Nishida, G.M. & Beardsley, J.W. (2002) A review of the insects and related arthropods of Midway atoll",Coleoptera,Nitidulidae
"Epuraea concolor (Murray, 1864)",Arno,"Gillogly, L.R. (1962) Insects of Micronesia - Coleoptera: Nitidulidae",Coleoptera,Nitidulidae
"Epuraea concolor (Murray, 1864)",Lae,"Gillogly, L.R. (1962) Insects of Micronesia - Coleoptera: Nitidulidae",Coleoptera,Nitidulidae
"Epuraea concolor (Murray, 1864)",Likiep,"Gillogly, L.R. (1962) Insects of Micronesia - Coleoptera: Nitidulidae",Coleoptera,Nitidulidae
"Epuraea concolor (Murray, 1864)",Onotoa,"Gillogly, L.R. (1962) Insects of Micronesia - Coleoptera: Nitidulidae",Coleoptera,Nitidulidae
"Epuraea concolor (Murray, 1864)",Ulithi,"Gillogly, L.R. (1962) Insects of Micronesia - Coleoptera: Nitidulidae",Coleoptera,Nitidulidae
"Epuraea concolor (Murray, 1864)",Wotho,"Gillogly, L.R. (1962) Insects of Micronesia - Coleoptera: Nitidulidae",Coleoptera,Nitidulidae
"Epuraea fallax (Grouvelle, 1897)",Ulithi,"Gillogly, L.R. (1962) Insects of Micronesia - Coleoptera: Nitidulidae",Coleoptera,Nitidulidae
"Epuraea fallax (Grouvelle, 1897)",Wotho,"Gillogly, L.R. (1962) Insects of Micronesia - Coleoptera: Nitidulidae",Coleoptera,Nitidulidae
"Epuraea ocularis (Fairmaire, 1849)",Arno,"Gillogly, L.R. (1962) Insects of Micronesia - Coleoptera: Nitidulidae",Coleoptera,Nitidulidae
"Epuraea ocularis (Fairmaire, 1849)",Ulithi,"Gillogly, L.R. (1962) Insects of Micronesia - Coleoptera: Nitidulidae",Coleoptera,Nitidulidae
"Haptoncus attenuatus (Gillogly, 1962)",Kapingamarangi,"Gillogly, L.R. (1962) Insects of Micronesia - Coleoptera: Nitidulidae",Coleoptera,Nitidulidae
"Haptoncus luteolus (Erichson, 1843)",Arno,"Gillogly, L.R. (1962) Insects of Micronesia - Coleoptera: Nitidulidae",Coleoptera,Nitidulidae
"Haptoncus luteolus (Erichson, 1843)",Onotoa,"Gillogly, L.R. (1962) Insects of Micronesia - Coleoptera: Nitidulidae",Coleoptera,Nitidulidae
"Haptoncus luteolus (Erichson, 1843)",Ulithi,"Gillogly, L.R. (1962) Insects of Micronesia - Coleoptera: Nitidulidae",Coleoptera,Nitidulidae
"Haptoncus sordidus (Grouvelle, 1905)",Arno,"Gillogly, L.R. (1962) Insects of Micronesia - Coleoptera: Nitidulidae",Coleoptera,Nitidulidae
"Haptoncus sordidus (Grouvelle, 1905)",Lae,"Gillogly, L.R. (1962) Insects of Micronesia - Coleoptera: Nitidulidae",Coleoptera,Nitidulidae
"Haptoncus sordidus (Grouvelle, 1905)",Wotho,"Gillogly, L.R. (1962) Insects of Micronesia - Coleoptera: Nitidulidae",Coleoptera,Nitidulidae
"Urophorus humeralis (Fabricius, 1798)",South Keeling,"Gibson-Hill, C.A. (1950) Notes on the insects taken on the Cocos-Keeling Islands",Coleoptera,Nitidulidae
"Urophorus humeralis (Fabricius, 1798)",Eniwetok,"Samuelson, G.A., & Nishida, G.M. (1987) Insects and allies (arthropods) of Enewetak atoll",Coleoptera,Nitidulidae
"Urophorus humeralis (Fabricius, 1798)",Farquhar,"Grouvelle, A. (1913) No. VII - Coleoptera: Nitidulidae, Heteroceridae",Coleoptera,Nitidulidae
"Urophorus humeralis (Fabricius, 1798)",Kwajalein,"Sugerman, B.B. (1972) Insects and other arthropods from Kwajalein atoll (Marshall Islands)",Coleoptera,Nitidulidae
"Urophorus humeralis (Fabricius, 1798)",Palmyra,"Handler, A.T., et al. (2007) Arthropod surveys on Palmyra Atoll, Line Islands, and insights into the decline of the native tree Pisonia grandis (Nycatginaceae)",Coleoptera,Nitidulidae
"Canthydrus notula (Erichson, 1843)",Aldabra,"Scott, H. (1912) No. XV - Coleoptera, Lamellicornia and Adephaga",Coleoptera,Noteridae
"Ananca aldabrana (Champion, 1917)",Aldabra,"Frith, D.W. (1979) A list of insects caught in light traps on West Island, Aldabra Atoll, Indian Ocean",Coleoptera,Oedemeridae
"Ananca aldabrana (Champion, 1917)",Diego Garcia,"Barnett, L.K., & Emms, C. (1996) An annotated checklist of the Chagos archipelago terrestrial fauna (omitting birds) recorded during the 1996 'Friends of the Chagos' expedition",Coleoptera,Oedemeridae
"Ananca bicolor (Fairmaire, 1849)",Midway,"Suehiro, A. (1960) Insects and other arthropods from Midway atoll",Coleoptera,Oedemeridae
"Ananca bicolor (Fairmaire, 1849)",Nukunonu,"Hickley, A.D. (1969) Ecology of terrestrial arthropods of the Tokelau atolls",Coleoptera,Oedemeridae
"Ananca bicolor (Fairmaire, 1849)",Palmyra,"Krauss, N.L.H. (1953) Insects and other invertebrates from Palmyra atoll and Christmas Island",Coleoptera,Oedemeridae
"Ananca bicolor (Fairmaire, 1849)",Rangiroa,"Cocherau, P. (1966) Compte rendu d'une mission d'inventaire faunistique aux îles Gambier et Tuamotu (Avril - Mai 1966)",Coleoptera,Oedemeridae
"Ananca bicolor (Fairmaire, 1849)",Takapoto,"Rivière, F. (1979) La vie animale terrestre à Takapoto",Coleoptera,Oedemeridae
"Ananca kanack (Fairmaire, 1849)",Eniwetok,"Samuelson, G.A., & Nishida, G.M. (1987) Insects and allies (arthropods) of Enewetak atoll",Coleoptera,Oedemeridae
"Ananca kanack (Fairmaire, 1849)",Palmyra,"Handler, A.T., et al. (2007) Arthropod surveys on Palmyra Atoll, Line Islands, and insights into the decline of the native tree Pisonia grandis (Nycatginaceae)",Coleoptera,Oedemeridae
"Ananca sacbripennis (Champion, 1917)",Diego Garcia,"Hutson, A.M. (1981) A preliminary list of insects of Diego Garcia Atoll, Chagos Archipelago",Coleoptera,Oedemeridae
"Ananca sinensis (Gemminger, 1870)",Palmyra,"Handler, A.T., et al. (2007) Arthropod surveys on Palmyra Atoll, Line Islands, and insights into the decline of the native tree Pisonia grandis (Nycatginaceae)",Coleoptera,Oedemeridae
"Ananca submarginata (Champion, 1917)",Aldabra,"Champion, G.C. (1917) XII. - Coleoptera, heteromera (excluding Tenebrionidae) from the Seychelles Islands and Aldabra",Coleoptera,Oedemeridae
Ananca sp.,South Keeling,"Gibson-Hill, C.A. (1950) Notes on the insects taken on the Cocos-Keeling Islands",Coleoptera,Oedemeridae
"Eobia decolor (Fairmaire, 1849)",Midway,"Suehiro, A. (1960) Insects and other arthropods from Midway atoll",Coleoptera,Oedemeridae
"Eobia decolor (Fairmaire, 1849)",Nukunonu,"Hickley, A.D. (1969) Ecology of terrestrial arthropods of the Tokelau atolls",Coleoptera,Oedemeridae
"Eobia decolor (Fairmaire, 1849)",Palmyra,"Krauss, N.L.H. (1953) Insects and other invertebrates from Palmyra atoll and Christmas Island",Coleoptera,Oedemeridae
Eobia sp.,Eniwetok,"Samuelson, G.A., & Nishida, G.M. (1987) Insects and allies (arthropods) of Enewetak atoll",Coleoptera,Oedemeridae
Eobia sp.,Kwajalein,"Sugerman, B.B. (1972) Insects and other arthropods from Kwajalein atoll (Marshall Islands)",Coleoptera,Oedemeridae
"Nacerdes transmarina (Rainbow, 1900)",Funafuti,"Hedley, C. (1900) The atoll of Funafuti, Ellice Group - its zoology, botany, ethnology, and general structure",Coleoptera,Oedemeridae
"Oxacis striola (Fairmaire, 1895)",Aldabra,"Champion, G.C. (1917) XII. - Coleoptera, heteromera (excluding Tenebrionidae) from the Seychelles Islands and Aldabra",Coleoptera,Oedemeridae
Pseudohypasclera sp.,Kwajalein,"Sugerman, B.B. (1972) Insects and other arthropods from Kwajalein atoll (Marshall Islands)",Coleoptera,Oedemeridae
"Sessinia canella (Blair, 1940)",South Keeling,"Gibson-Hill, C.A. (1950) Notes on the insects taken on the Cocos-Keeling Islands",Coleoptera,Oedemeridae
"Sessinia livida (Fabricius, 1775)",Kiritimati,"Krauss, N.L.H. (1953) Insects and other invertebrates from Palmyra atoll and Christmas Island",Coleoptera,Oedemeridae
"Sessinia livida (Fabricius, 1775)",Kwajalein,"Sugerman, B.B. (1972) Insects and other arthropods from Kwajalein atoll (Marshall Islands)",Coleoptera,Oedemeridae
"Sessinia livida (Fabricius, 1775)",Nukunonu,"Hickley, A.D. (1969) Ecology of terrestrial arthropods of the Tokelau atolls",Coleoptera,Oedemeridae
"Sessinia livida (Fabricius, 1775)",Palmyra,"Handler, A.T., et al. (2007) Arthropod surveys on Palmyra Atoll, Line Islands, and insights into the decline of the native tree Pisonia grandis (Nycatginaceae)",Coleoptera,Oedemeridae
"Sessinia livida (Fabricius, 1775)",Rangiroa,"Cocherau, P. (1966) Compte rendu d'une mission d'inventaire faunistique aux îles Gambier et Tuamotu (Avril - Mai 1966)",Coleoptera,Oedemeridae
"Sessinia livida (Fabricius, 1775)",Takapoto,"Rivière, F. (1979) La vie animale terrestre à Takapoto",Coleoptera,Oedemeridae
"Thelyphassa apicata (Fairmaire, 1881)",Eniwetok,"Samuelson, G.A., & Nishida, G.M. (1987) Insects and allies (arthropods) of Enewetak atoll",Coleoptera,Oedemeridae
"Thelyphassa apicata (Fairmaire, 1881)",Kwajalein,"Sugerman, B.B. (1972) Insects and other arthropods from Kwajalein atoll (Marshall Islands)",Coleoptera,Oedemeridae
"Thelyphassa lateritia (Fairmaire, 1849)",Nukunonu,"Hickley, A.D. (1969) Ecology of terrestrial arthropods of the Tokelau atolls",Coleoptera,Oedemeridae
"Ptinellodes aldabricus (Johnson, 1895)",Aldabra,"Gerlach, J. (2009) The Coleoptera of the Seychelles islands",Coleoptera,Ptiliidae
"Adoretus versutus (Harold, 1869)",Diego Garcia,"Hutson, A.M. (1981) A preliminary list of insects of Diego Garcia Atoll, Chagos Archipelago",Coleoptera,Rutelidae
"Anomala dimidiata (Hope, 1831)",South Keeling,"Gibson-Hill, C.A. (1950) Notes on the insects taken on the Cocos-Keeling Islands",Coleoptera,Rutelidae
"Anomala sulcatula (Burmeister, 1844)",Midway,"Suehiro, A. (1960) Insects and other arthropods from Midway atoll",Coleoptera,Rutelidae
Anomala sp.,South Keeling,"Gibson-Hill, C.A. (1950) Notes on the insects taken on the Cocos-Keeling Islands",Coleoptera,Rutelidae
"Lepadoretus sinicus (Burmeister, 1855)",Midway,"Suehiro, A. (1960) Insects and other arthropods from Midway atoll",Coleoptera,Rutelidae
Inopeplus sp.,Diego Garcia,"Hutson, A.M. (1981) A preliminary list of insects of Diego Garcia Atoll, Chagos Archipelago",Coleoptera,Salpingidae
Ocholissa sp.,Diego Garcia,"Hutson, A.M. (1981) A preliminary list of insects of Diego Garcia Atoll, Chagos Archipelago",Coleoptera,Salpingidae
"Szekessya flavipennis (Kulzer, 1957)",Arno,"Kulzer, H. (1957) Insects of Micronesia - Coleoptera: Tenebrionidae",Coleoptera,Salpingidae
"Szekessya flavipennis (Kulzer, 1957)",Ulithi,"Kulzer, H. (1957) Insects of Micronesia - Coleoptera: Tenebrionidae",Coleoptera,Salpingidae
"Aphodius lividus (Olivier, 1789)",South Keeling,"Gibson-Hill, C.A. (1950) Notes on the insects taken on the Cocos-Keeling Islands",Coleoptera,Scarabaeidae
"Aphodius lividus (Olivier, 1789)",Kavaratti,"Ghosh, A.K. (1991) Fauna of Lakshadweep",Coleoptera,Scarabaeidae
"Gametis versicolor (Fabricius, 1775)",Farquhar,"Scott, H. (1912) No. XV - Coleoptera, Lamellicornia and Adephaga",Coleoptera,Scarabaeidae
"Leucocelis abbotti (Linell, 1897)",Glorioso,"Paulian, R. (1989) Les insectes des Îles Glorieuses",Coleoptera,Scarabaeidae
"Lonchotus astovensis (Arrow, 1911)",Astove,"Gerlach, J. (2009) The Coleoptera of the Seychelles islands",Coleoptera,Scarabaeidae
"Mausoleopsis aldabrensis (Linell, 1897)",Aldabra,"Gerlach, J. (2009) The Coleoptera of the Seychelles islands",Coleoptera,Scarabaeidae
"Mausoleopsis aldabrensis (Linell, 1897)",Astove,"Gerlach, J. (2009) The Coleoptera of the Seychelles islands",Coleoptera,Scarabaeidae
"Mausoleopsis aldabrensis (Linell, 1897)",Cosmoledo,"Gerlach, J. (2009) The Coleoptera of the Seychelles islands",Coleoptera,Scarabaeidae
"Onthophagus ceylonicus (Harold, 1859)",Kavaratti,"Ghosh, A.K. (1991) Fauna of Lakshadweep",Coleoptera,Scarabaeidae
"Onthophagus lilliputanus (Lansberge, 1883)",South Keeling,"Gibson-Hill, C.A. (1950) Notes on the insects taken on the Cocos-Keeling Islands",Coleoptera,Scarabaeidae
"Onthophagus (Paraphanaeomorphus) trituber (Wiedemann, 1823)",South Keeling,"Gibson-Hill, C.A. (1950) Notes on the insects taken on the Cocos-Keeling Islands",Coleoptera,Scarabaeidae
"Protaetia (Miksicus) acuminata (Fabricius, 1775)",South Keeling,"Wood-Jones, F. (1909) The fauna of the Cocos-Keeling Atoll, collected by F. Wood-Jones",Coleoptera,Scarabaeidae
"Protaetia fusca (Herbst, 1790)",Diego Garcia,"Hutson, A.M. (1981) A preliminary list of insects of Diego Garcia Atoll, Chagos Archipelago",Coleoptera,Scarabaeidae
"Protaetia fusca (Herbst, 1790)",Johnston,"Rash, R. (2020) Checklist and images documenting the biodiversity of Johnston Atoll National Wildlife Refuge",Coleoptera,Scarabaeidae
"Protaetia fusca (Herbst, 1790)",Midway,"Nishida, G.M. & Beardsley, J.W. (2002) A review of the insects and related arthropods of Midway atoll",Coleoptera,Scarabaeidae
"Protaetia pryeri (Janson, 1888)",Midway,"Nishida, G.M. & Beardsley, J.W. (2002) A review of the insects and related arthropods of Midway atoll",Coleoptera,Scarabaeidae
"Cryptamorpha desjardinsi (Guérin-Méneville, 1844)",Kure,"Butler, G.D., & Usinger, R.L. (1963) Insects and other arthropods from Kure Island",Coleoptera,Silvanidae
"Cryptamorpha desjardinsi (Guérin-Méneville, 1844)",Laysan,"Butler, G.D. (1961) Insects and other arthropods from Laysan Island",Coleoptera,Silvanidae
"Monanus concinnulus (Walker, 1858)",South Keeling,"Gibson-Hill, C.A. (1950) Notes on the insects taken on the Cocos-Keeling Islands",Coleoptera,Silvanidae
"Oryzaephilus mercator (Fauvel, 1889)",Kavaratti,"Ghosh, A.K. (1991) Fauna of Lakshadweep",Coleoptera,Silvanidae
"Oryzaephilus mercator (Fauvel, 1889)",Nukunonu,"Hickley, A.D. (1969) Ecology of terrestrial arthropods of the Tokelau atolls",Coleoptera,Silvanidae
"Oryzaephilus surinamensis (L., 1758)",Aldabra,"Cogan, B.H., & Hutson, A.M. (1971) Preliminary observations on the affinities and composition of the insect fauna of Aldabra",Coleoptera,Silvanidae
"Oryzaephilus surinamensis (L., 1758)",Kwajalein,"Sugerman, B.B. (1972) Insects and other arthropods from Kwajalein atoll (Marshall Islands)",Coleoptera,Silvanidae
"Oryzaephilus surinamensis (L., 1758)",Laysan,"Butler, G.D. (1961) Insects and other arthropods from Laysan Island",Coleoptera,Silvanidae
"Oryzaephilus surinamensis (L., 1758)",Midway,"Nishida, G.M. & Beardsley, J.W. (2002) A review of the insects and related arthropods of Midway atoll",Coleoptera,Silvanidae
"Psammoecus insularis (Sharp, 1885)",Palmyra,"Handler, A.T., et al. (2007) Arthropod surveys on Palmyra Atoll, Line Islands, and insights into the decline of the native tree Pisonia grandis (Nycatginaceae)",Coleoptera,Silvanidae
Psammoecus sp.,Diego Garcia,"Hutson, A.M. (1981) A preliminary list of insects of Diego Garcia Atoll, Chagos Archipelago",Coleoptera,Silvanidae
"Acanthoglossa brachycera (Kraatz, 1859)",Diego Garcia,"Hutson, A.M. (1981) A preliminary list of insects of Diego Garcia Atoll, Chagos Archipelago",Coleoptera,Staphylinidae
"Aleochara puberula (Klug, 1833)",Diego Garcia,"Hutson, A.M. (1981) A preliminary list of insects of Diego Garcia Atoll, Chagos Archipelago",Coleoptera,Staphylinidae
Aleochara sp.,South Keeling,"Wood-Jones, F. (1909) The fauna of the Cocos-Keeling Atoll, collected by F. Wood-Jones",Coleoptera,Staphylinidae
Aleochara sp.,Diego Garcia,"Hutson, A.M. (1981) A preliminary list of insects of Diego Garcia Atoll, Chagos Archipelago",Coleoptera,Staphylinidae
"Bledius marinus (Bernhauer, 1922)",Aldabra,"Bernhauer, M. (1922) No. II - Coleoptera, Staphylinidae",Coleoptera,Staphylinidae
Bledius sp.,Diego Garcia,"Hutson, A.M. (1981) A preliminary list of insects of Diego Garcia Atoll, Chagos Archipelago",Coleoptera,Staphylinidae
"Carpelimus (Bucephalinus) chagosanus (Bernhauer, 1922)",Diego Garcia,"Hutson, A.M. (1981) A preliminary list of insects of Diego Garcia Atoll, Chagos Archipelago",Coleoptera,Staphylinidae
"Carpelimus fulvipes (Erichson, 1840)",Midway,"Nishida, G.M. & Beardsley, J.W. (2002) A review of the insects and related arthropods of Midway atoll",Coleoptera,Staphylinidae
Carpelimus sp.,Aldabra,"Spaull, V.W. (1979) Distribution of soil and litter arthropods on Aldabra atoll",Coleoptera,Staphylinidae
Carpelimus sp.,Laysan,"Butler, G.D., & Usinger, R.L. (1963) Insects and other invertebrates from Laysan Island",Coleoptera,Staphylinidae
"Coenonica puncticollis (Kraatz, 1857)",Diego Garcia,"Hutson, A.M. (1981) A preliminary list of insects of Diego Garcia Atoll, Chagos Archipelago",Coleoptera,Staphylinidae
Coproporus sp.,Diego Garcia,"Hutson, A.M. (1981) A preliminary list of insects of Diego Garcia Atoll, Chagos Archipelago",Coleoptera,Staphylinidae
"Dalotia coriaria (Kraatz, 1856)",Midway,"Nishida, G.M. & Beardsley, J.W. (2002) A review of the insects and related arthropods of Midway atoll",Coleoptera,Staphylinidae
"Hypomedon debilicornis (Wollaston, 1857)",Kure,"Butler, G.D., & Usinger, R.L. (1963) Insects and other arthropods from Kure Island",Coleoptera,Staphylinidae
"Lithocharis nigriceps (Kraatz, 1859)",Diego Garcia,"Hutson, A.M. (1981) A preliminary list of insects of Diego Garcia Atoll, Chagos Archipelago",Coleoptera,Staphylinidae
Lithocharis sp.,Diego Garcia,"Hutson, A.M. (1981) A preliminary list of insects of Diego Garcia Atoll, Chagos Archipelago",Coleoptera,Staphylinidae
Medon sp.,South Keeling,"Gibson-Hill, C.A. (1950) Notes on the insects taken on the Cocos-Keeling Islands",Coleoptera,Staphylinidae
Medon sp.,Kwajalein,"Sugerman, B.B. (1972) Insects and other arthropods from Kwajalein atoll (Marshall Islands)",Coleoptera,Staphylinidae
"Nacaeus impressicollis (Motschulsky, 1858)",Kwajalein,"Sugerman, B.B. (1972) Insects and other arthropods from Kwajalein atoll (Marshall Islands)",Coleoptera,Staphylinidae
Ochthephilum sp.,Clipperton,"Garrouste, R., & Hervé, C. (2009) La faune des insectes (Insecta s.l.) de l'atoll de Clipperton",Coleoptera,Staphylinidae
Osorius sp.,Diego Garcia,"Hutson, A.M. (1981) A preliminary list of insects of Diego Garcia Atoll, Chagos Archipelago",Coleoptera,Staphylinidae
"Paederus fuscipes (Curtis, 1826)",Kavaratti,"Ghosh, A.K. (1991) Fauna of Lakshadweep",Coleoptera,Staphylinidae
"Philonthus discoideus (Gravenhorst, 1802)",Palmyra,"Handler, A.T., et al. (2007) Arthropod surveys on Palmyra Atoll, Line Islands, and insights into the decline of the native tree Pisonia grandis (Nycatginaceae)",Coleoptera,Staphylinidae
"Philonthus longicornis (Stephens, 1832)",Takapoto,"Rivière, F. (1979) La vie animale terrestre à Takapoto",Coleoptera,Staphylinidae
"Philonthus ovithorax (Bernhauer & K.Schubert, 1914)",Aldabra,"Bernhauer, M. (1922) No. II - Coleoptera, Staphylinidae",Coleoptera,Staphylinidae
Philonthus sp.,South Keeling,"Gibson-Hill, C.A. (1950) Notes on the insects taken on the Cocos-Keeling Islands",Coleoptera,Staphylinidae
Philonthus sp.,Diego Garcia,"Hutson, A.M. (1981) A preliminary list of insects of Diego Garcia Atoll, Chagos Archipelago",Coleoptera,Staphylinidae
Philonthus sp.,Midway,"Suehiro, A. (1960) Insects and other arthropods from Midway atoll",Coleoptera,Staphylinidae
Platystethus sp.,Midway,"Nishida, G.M. & Beardsley, J.W. (2002) A review of the insects and related arthropods of Midway atoll",Coleoptera,Staphylinidae
"Schistogenia crenicollis (Kraatz, 1857)",Diego Garcia,"Hutson, A.M. (1981) A preliminary list of insects of Diego Garcia Atoll, Chagos Archipelago",Coleoptera,Staphylinidae
Scopaeus sp.,Diego Garcia,"Hutson, A.M. (1981) A preliminary list of insects of Diego Garcia Atoll, Chagos Archipelago",Coleoptera,Staphylinidae
Scopaeus sp.,Midway,"Nishida, G.M. & Beardsley, J.W. (2002) A review of the insects and related arthropods of Midway atoll",Coleoptera,Staphylinidae
"Scydmaenus (Cholerus) pauliani (Lhoste, 1961)",Glorioso,"Paulian, R. (1989) Les insectes des Îles Glorieuses",Coleoptera,Staphylinidae
Scymbalium sp.,South Keeling,"Gibson-Hill, C.A. (1950) Notes on the insects taken on the Cocos-Keeling Islands",Coleoptera,Staphylinidae
"Stenus irroreus (Fauvel, 1904)",Aldabra,"Bernhauer, M. (1922) No. II - Coleoptera, Staphylinidae",Coleoptera,Staphylinidae
"Alphitobius crenatus (Klug, 1833)",Aldabra,"Spaull, V.W. (1979) Distribution of soil and litter arthropods on Aldabra atoll",Coleoptera,Tenebrionidae
"Alphitobius crenatus (Klug, 1833)",Astove,"Gerlach, J. (2009) The Coleoptera of the Seychelles islands",Coleoptera,Tenebrionidae
"Alphitobius crenatus (Klug, 1833)",Farquhar,"Gebien, H. (1922) No. V - Coleoptera, Heteromera: Tenebrionidae",Coleoptera,Tenebrionidae
"Alphitobius diaperinus (Panzer, 1797)",Aldabra,"Frith, D.W. (1979) A list of insects caught in light traps on West Island, Aldabra Atoll, Indian Ocean",Coleoptera,Tenebrionidae
"Alphitobius diaperinus (Panzer, 1797)",Johnston,"Binion Amerson, A., & Shelton, P.C. (1976) The natural history of Johnston atoll, Central Pacific Ocean",Coleoptera,Tenebrionidae
"Alphitobius diaperinus (Panzer, 1797)",Kwajalein,"Sugerman, B.B. (1972) Insects and other arthropods from Kwajalein atoll (Marshall Islands)",Coleoptera,Tenebrionidae
"Alphitobius diaperinus (Panzer, 1797)",Laysan,"Butler, G.D. (1961) Insects and other arthropods from Laysan Island",Coleoptera,Tenebrionidae
"Alphitobius diaperinus (Panzer, 1797)",Midway,"Nishida, G.M. & Beardsley, J.W. (2002) A review of the insects and related arthropods of Midway atoll",Coleoptera,Tenebrionidae
"Alphitobius diaperinus (Panzer, 1797)",Wake,"Kulzer, H. (1957) Insects of Micronesia - Coleoptera: Tenebrionidae",Coleoptera,Tenebrionidae
"Alphitobius laevigatus (Fabricius, 1781)",Abariringa,"van Zwaluwenburg, R.H. (1942) The insects of Canton Island",Coleoptera,Tenebrionidae
"Alphitobius laevigatus (Fabricius, 1781)",South Keeling,"Gibson-Hill, C.A. (1950) Notes on the insects taken on the Cocos-Keeling Islands",Coleoptera,Tenebrionidae
"Alphitobius laevigatus (Fabricius, 1781)",French Frigate Shoals,"Beardsley, J.W. (1966) Insects and other terrestrial arthropods from the Leeward Hawaiian Islands",Coleoptera,Tenebrionidae
"Alphitobius laevigatus (Fabricius, 1781)",Laysan,"Butler, G.D., & Usinger, R.L. (1963) Insects and other invertebrates from Laysan Island",Coleoptera,Tenebrionidae
"Alphitobius laevigatus (Fabricius, 1781)",Midway,"Nishida, G.M. & Beardsley, J.W. (2002) A review of the insects and related arthropods of Midway atoll",Coleoptera,Tenebrionidae
"Alphitobius laevigatus (Fabricius, 1781)",Pearl and Hermes,"Beardsley, J.W. (1966) Insects and other terrestrial arthropods from the Leeward Hawaiian Islands",Coleoptera,Tenebrionidae
"Alphitobius laevigatus (Fabricius, 1781)",Takapoto,"Rivière, F. (1979) La vie animale terrestre à Takapoto",Coleoptera,Tenebrionidae
"Amarygmus hydrophiloides (Fairmaire, 1849)",Arno,"Kulzer, H. (1957) Insects of Micronesia - Coleoptera: Tenebrionidae",Coleoptera,Tenebrionidae
"Amarygmus hydrophiloides (Fairmaire, 1849)",Kwajalein,"Sugerman, B.B. (1972) Insects and other arthropods from Kwajalein atoll (Marshall Islands)",Coleoptera,Tenebrionidae
"Amarygmus hydrophiloides (Fairmaire, 1849)",Nukunonu,"Hickley, A.D. (1969) Ecology of terrestrial arthropods of the Tokelau atolls",Coleoptera,Tenebrionidae
"Amarygmus hydrophiloides (Fairmaire, 1849)",Ulithi,"Kulzer, H. (1957) Insects of Micronesia - Coleoptera: Tenebrionidae",Coleoptera,Tenebrionidae
"Blapstinus dilatatus (LeConte, 1851)",Midway,"Suehiro, A. (1960) Insects and other arthropods from Midway atoll",Coleoptera,Tenebrionidae
Blapstinus sp.,Laysan,"Butler, G.D. (1961) Insects and other arthropods from Laysan Island",Coleoptera,Tenebrionidae
"Bradymerus acuticostis (Gebien, 1864)",Ulithi,"Kulzer, H. (1957) Insects of Micronesia - Coleoptera: Tenebrionidae",Coleoptera,Tenebrionidae
"Bradymerus aspericollis (Fairmaire, 1868)",Aldabra,"Gebien, H. (1922) No. V - Coleoptera, Heteromera: Tenebrionidae",Coleoptera,Tenebrionidae
"Cacoplesia viriditincta (Champion, 1917)",Aldabra,"Champion, G.C. (1917) XII. - Coleoptera, heteromera (excluding Tenebrionidae) from the Seychelles Islands and Aldabra",Coleoptera,Tenebrionidae
"Camarothelops scotti (Gebien, 1922)",Aldabra,"Gerlach, J. (2009) The Coleoptera of the Seychelles islands",Coleoptera,Tenebrionidae
"Ceropria induta (Wiedemann, 1819)",South Keeling,"Gibson-Hill, C.A. (1950) Notes on the insects taken on the Cocos-Keeling Islands",Coleoptera,Tenebrionidae
"Chariotheca costata (Kulzer, 1957)",Arno,"Kulzer, H. (1957) Insects of Micronesia - Coleoptera: Tenebrionidae",Coleoptera,Tenebrionidae
"Chariotheca costata (Kulzer, 1957)",Kwajalein,"Sugerman, B.B. (1972) Insects and other arthropods from Kwajalein atoll (Marshall Islands)",Coleoptera,Tenebrionidae
"Diphyrrhynchus effeminatus (Gebien, 1922)",Aldabra,"Gebien, H. (1922) No. V - Coleoptera, Heteromera: Tenebrionidae",Coleoptera,Tenebrionidae
"Diphyrrhynchus fryeri (Gebien, 1922)",Aldabra,"Gebien, H. (1922) No. V - Coleoptera, Heteromera: Tenebrionidae",Coleoptera,Tenebrionidae
"Gebieniella carinata (Eschscholtz, 1831)",Eniwetok,"Kulzer, H. (1957) Insects of Micronesia - Coleoptera: Tenebrionidae",Coleoptera,Tenebrionidae
"Gonocephalum adpressiforme (Kaszab, 1951)",Abariringa,"van Zwaluwenburg, R.H. (1955) The insects and certain other arthropods of Canton Island",Coleoptera,Tenebrionidae
"Gonocephalum adpressiforme (Kaszab, 1951)",Eniwetok,"Samuelson, G.A., & Nishida, G.M. (1987) Insects and allies (arthropods) of Enewetak atoll",Coleoptera,Tenebrionidae
"Gonocephalum adpressiforme (Kaszab, 1951)",Kure,"Butler, G.D., & Usinger, R.L. (1963) Insects and other arthropods from Kure Island",Coleoptera,Tenebrionidae
"Gonocephalum adpressiforme (Kaszab, 1951)",Kwajalein,"Sugerman, B.B. (1972) Insects and other arthropods from Kwajalein atoll (Marshall Islands)",Coleoptera,Tenebrionidae
"Gonocephalum adpressiforme (Kaszab, 1951)",Midway,"Suehiro, A. (1960) Insects and other arthropods from Midway atoll",Coleoptera,Tenebrionidae
"Gonocephalum adpressiforme (Kaszab, 1951)",Wake,"Kulzer, H. (1957) Insects of Micronesia - Coleoptera: Tenebrionidae",Coleoptera,Tenebrionidae
Gonocephalum (Opatropis) blairi (Gebien 1922),Astove,"Gerlach, J. (2009) The Coleoptera of the Seychelles islands",Coleoptera,Tenebrionidae
"Gonocephalum micantipenne (Fairmaire, 1893)",Aldabra,"Gebien, H. (1922) No. V - Coleoptera, Heteromera: Tenebrionidae",Coleoptera,Tenebrionidae
"Gonocephalum peregrinum (Kolbe, 1902)",Aldabra,"Gerlach, J. (2009) The Coleoptera of the Seychelles islands",Coleoptera,Tenebrionidae
"Gonocephalum pottsi (Kulzer, 1957)",Bikini,"Kulzer, H. (1957) Insects of Micronesia - Coleoptera: Tenebrionidae",Coleoptera,Tenebrionidae
"Gonocephalum pottsi (Kulzer, 1957)",Ujae,"Kulzer, H. (1957) Insects of Micronesia - Coleoptera: Tenebrionidae",Coleoptera,Tenebrionidae
"Gonocephalum pottsi (Kulzer, 1957)",Ulithi,"Kulzer, H. (1957) Insects of Micronesia - Coleoptera: Tenebrionidae",Coleoptera,Tenebrionidae
"Gonocephalum pottsi (Kulzer, 1957)",Wotho,"Kulzer, H. (1957) Insects of Micronesia - Coleoptera: Tenebrionidae",Coleoptera,Tenebrionidae
"Gonocephalum seriatum (Boisduval, 1835)",Ailuk,"Kulzer, H. (1957) Insects of Micronesia - Coleoptera: Tenebrionidae",Coleoptera,Tenebrionidae
"Gonocephalum seriatum (Boisduval, 1835)",Arno,"Kulzer, H. (1957) Insects of Micronesia - Coleoptera: Tenebrionidae",Coleoptera,Tenebrionidae
"Gonocephalum seriatum (Boisduval, 1835)",Bikar,"Kulzer, H. (1957) Insects of Micronesia - Coleoptera: Tenebrionidae",Coleoptera,Tenebrionidae
"Gonocephalum seriatum (Boisduval, 1835)",Likiep,"Kulzer, H. (1957) Insects of Micronesia - Coleoptera: Tenebrionidae",Coleoptera,Tenebrionidae
"Gonocephalum seriatum (Boisduval, 1835)",Majuro,"Kulzer, H. (1957) Insects of Micronesia - Coleoptera: Tenebrionidae",Coleoptera,Tenebrionidae
"Gonocephalum seriatum (Boisduval, 1835)",Taka,"Kulzer, H. (1957) Insects of Micronesia - Coleoptera: Tenebrionidae",Coleoptera,Tenebrionidae
"Gonocephalum seriatum (Boisduval, 1835)",Utirik,"Kulzer, H. (1957) Insects of Micronesia - Coleoptera: Tenebrionidae",Coleoptera,Tenebrionidae
"Gonocephalum simplex (Fabricius, 1801)",Aldabra,"Gebien, H. (1922) No. V - Coleoptera, Heteromera: Tenebrionidae",Coleoptera,Tenebrionidae
"Gonocephalum simplex (Fabricius, 1801)",Astove,"Gerlach, J. (2009) The Coleoptera of the Seychelles islands",Coleoptera,Tenebrionidae
"Gonocephalum simplex (Fabricius, 1801)",Cosmoledo,"Gebien, H. (1922) No. V - Coleoptera, Heteromera: Tenebrionidae",Coleoptera,Tenebrionidae
"Gonocephalum simplex (Fabricius, 1801)",Farquhar,"Gebien, H. (1922) No. V - Coleoptera, Heteromera: Tenebrionidae",Coleoptera,Tenebrionidae
"Gonocephalum cf. simplex (Fabricius, 1801)",South Keeling,"Wood-Jones, F. (1909) The fauna of the Cocos-Keeling Atoll, collected by F. Wood-Jones",Coleoptera,Tenebrionidae
Gonocephalum sp.,Diego Garcia,"Hutson, A.M. (1981) A preliminary list of insects of Diego Garcia Atoll, Chagos Archipelago",Coleoptera,Tenebrionidae
Gonocephalum sp.,Kwajalein,"Sugerman, B.B. (1972) Insects and other arthropods from Kwajalein atoll (Marshall Islands)",Coleoptera,Tenebrionidae
"Leichenum canaliculatum (Fabricius, 1798)",Aldabra,"Frith, D.W. (1979) A list of insects caught in light traps on West Island, Aldabra Atoll, Indian Ocean",Coleoptera,Tenebrionidae
"Microcrypticus variegatus (Klug, 1833)",Aldabra,"Gebien, H. (1922) No. V - Coleoptera, Heteromera: Tenebrionidae",Coleoptera,Tenebrionidae
"Palorus austrinus (Champion, 1896)",Takapoto,"Rivière, F. (1979) La vie animale terrestre à Takapoto",Coleoptera,Tenebrionidae
"Phaleria pallida (Lewis, 1894)",Aldabra,"Spaull, V.W. (1979) Distribution of soil and litter arthropods on Aldabra atoll",Coleoptera,Tenebrionidae
"Platydema subfascia (Walker, 1858)",Midway,"Suehiro, A. (1960) Insects and other arthropods from Midway atoll",Coleoptera,Tenebrionidae
Platydema sp.,South Keeling,"Gibson-Hill, C.A. (1950) Notes on the insects taken on the Cocos-Keeling Islands",Coleoptera,Tenebrionidae
"Plesioderes madagascariensis (Mulsant, 1859)",Aldabra,"Gebien, H. (1922) No. V - Coleoptera, Heteromera: Tenebrionidae",Coleoptera,Tenebrionidae
"Rhipidandrus speculifrons (Gebien, 1922)",Arno,"Kulzer, H. (1957) Insects of Micronesia - Coleoptera: Tenebrionidae",Coleoptera,Tenebrionidae
"Sciophagus pandanicola (Boisduval, 1835)",Arno,"Kulzer, H. (1957) Insects of Micronesia - Coleoptera: Tenebrionidae",Coleoptera,Tenebrionidae
"Sciophagus pandanicola (Boisduval, 1835)",Ulithi,"Kulzer, H. (1957) Insects of Micronesia - Coleoptera: Tenebrionidae",Coleoptera,Tenebrionidae
"Tagalus angustus (Kulzer, 1957)",Arno,"Kulzer, H. (1957) Insects of Micronesia - Coleoptera: Tenebrionidae",Coleoptera,Tenebrionidae
"Toxicum quadricorne (Fabricius, 1801)",Jaluit,"Kulzer, H. (1957) Insects of Micronesia - Coleoptera: Tenebrionidae",Coleoptera,Tenebrionidae
"Toxicum quadricorne (Fabricius, 1801)",Ulithi,"Kulzer, H. (1957) Insects of Micronesia - Coleoptera: Tenebrionidae",Coleoptera,Tenebrionidae
"Tribolium castaneum (Herbst, 1797)",Arno,"Kulzer, H. (1957) Insects of Micronesia - Coleoptera: Tenebrionidae",Coleoptera,Tenebrionidae
"Tribolium castaneum (Herbst, 1797)",South Keeling,"Gibson-Hill, C.A. (1950) Notes on the insects taken on the Cocos-Keeling Islands",Coleoptera,Tenebrionidae
"Tribolium castaneum (Herbst, 1797)",Kwajalein,"Sugerman, B.B. (1972) Insects and other arthropods from Kwajalein atoll (Marshall Islands)",Coleoptera,Tenebrionidae
"Tribolium castaneum (Herbst, 1797)",Midway,"Suehiro, A. (1960) Insects and other arthropods from Midway atoll",Coleoptera,Tenebrionidae
"Tribolium castaneum (Herbst, 1797)",Nukunonu,"Hickley, A.D. (1969) Ecology of terrestrial arthropods of the Tokelau atolls",Coleoptera,Tenebrionidae
"Tribolium castaneum (Herbst, 1797)",Wake,"Kulzer, H. (1957) Insects of Micronesia - Coleoptera: Tenebrionidae",Coleoptera,Tenebrionidae
"Tribolium confusum (Jaquelin Du Val, 1868)",Kwajalein,"Sugerman, B.B. (1972) Insects and other arthropods from Kwajalein atoll (Marshall Islands)",Coleoptera,Tenebrionidae
"Tribolium ferrugineum (Fabricius, 1781)",Abariringa,"van Zwaluwenburg, R.H. (1942) The insects of Canton Island",Coleoptera,Tenebrionidae
"Tribolium ferrugineum (Fabricius, 1781)",Laysan,"Butler, G.D. (1961) Insects and other arthropods from Laysan Island",Coleoptera,Tenebrionidae
Uloma cavicollis (Fairmaire),Funafuti,"Hedley, C. (1900) The atoll of Funafuti, Ellice Group - its zoology, botany, ethnology, and general structure",Coleoptera,Tenebrionidae
"Uloma insularis (Guérin-Méneville, 1841)",Funafuti,"Hedley, C. (1900) The atoll of Funafuti, Ellice Group - its zoology, botany, ethnology, and general structure",Coleoptera,Tenebrionidae
"Uloma picicornis (Fairmaire, 1882)",Ulithi,"Kulzer, H. (1957) Insects of Micronesia - Coleoptera: Tenebrionidae",Coleoptera,Tenebrionidae
"Zidalus attenuatus (Klug, 1833)",Aldabra,"Spaull, V.W. (1979) Distribution of soil and litter arthropods on Aldabra atoll",Coleoptera,Tenebrionidae
"Zidalus attenuatus (Klug, 1833)",Cosmoledo,"Gebien, H. (1922) No. V - Coleoptera, Heteromera: Tenebrionidae",Coleoptera,Tenebrionidae
"Zidalus insularis (Mulsant & Rey, 1853)",Aldabra,"Linell, M.L. (1897) On the insects collected by Doctor Abbott on the Seycelles, Aldabra, Glorioso and Providence Islands",Coleoptera,Tenebrionidae
"Alindria costulata (Grouvelle, 1918)",Aldabra,"Gerlach, J. (2009) The Coleoptera of the Seychelles islands",Coleoptera,Trogossitidae
"Bitoma parallela (Sharp, 1885)",South Keeling,"Gibson-Hill, C.A. (1950) Notes on the insects taken on the Cocos-Keeling Islands",Coleoptera,Zopheridae
"Colobicus cf. specialis (Grouvelle, 1905)",Diego Garcia,"Hutson, A.M. (1981) A preliminary list of insects of Diego Garcia Atoll, Chagos Archipelago",Coleoptera,Zopheridae
"Monomma pruinosum (Champion, 1917)",Aldabra,"Frith, D.W. (1979) A list of insects caught in light traps on West Island, Aldabra Atoll, Indian Ocean",Coleoptera,Zopheridae
Trachypholis sp.,Diego Garcia,"Hutson, A.M. (1981) A preliminary list of insects of Diego Garcia Atoll, Chagos Archipelago",Coleoptera,Zopheridae
"Agonoxena argaula (Meyrick, 1921)",Nukunonu,"Hickley, A.D. (1969) Ecology of terrestrial arthropods of the Tokelau atolls",Lepidoptera,Agonoxenidae
"Agonoxena argaula (Meyrick, 1921)",Palmyra,"Handler, A.T., et al. (2007) Arthropod surveys on Palmyra Atoll, Line Islands, and insights into the decline of the native tree Pisonia grandis (Nycatginaceae)",Lepidoptera,Agonoxenidae
"Amerila aldabrensis (Fryer, 1912)",Aldabra,"Fryer, J.C.F. (1912) No. I - The Lepidoptera of Seychelles and Aldabra, exclusive of the Orneodidae and Pterophoridae and of the Torticina and Tineina",Lepidoptera,Arctiidae
"Siccia punctipennis (Wallengren, 1860)",Aldabra,"Legrand, H. (1965) Lépidoptères des Îles Seychelles et d'Aldabra",Lepidoptera,Arctiidae
"Spatulosia legrandi (de Toulgoet, 1965)",Aldabra,"Legrand, H. (1965) Lépidoptères des Îles Seychelles et d'Aldabra",Lepidoptera,Arctiidae
"Batrachedra arenosella (Walker, 1864)",Nukunonu,"Hickley, A.D. (1969) Ecology of terrestrial arthropods of the Tokelau atolls",Lepidoptera,Batrachedridae
"Meridarchis caementaria (Meyrick, 1911)",Aldabra,"Legrand, H. (1965) Lépidoptères des Îles Seychelles et d'Aldabra",Lepidoptera,Carposinidae
"Anthophila quincyella (Legrand, 1965)",Cosmoledo,"Legrand, H. (1965) Lépidoptères des Îles Seychelles et d'Aldabra",Lepidoptera,Choreutidae
"Copromorpha cryptochlora (Meyrick, 1930)",Aldabra,"Legrand, H. (1965) Lépidoptères des Îles Seychelles et d'Aldabra",Lepidoptera,Copromorphidae
"Copromorpha cryptochlora (Meyrick, 1930)",Cosmoledo,"Legrand, H. (1965) Lépidoptères des Îles Seychelles et d'Aldabra",Lepidoptera,Copromorphidae
"Anatrachyntis incertulella (Walker, 1864)",Palmyra,"Handler, A.T., et al. (2007) Arthropod surveys on Palmyra Atoll, Line Islands, and insights into the decline of the native tree Pisonia grandis (Nycatginaceae)",Lepidoptera,Cosmopterigidae
Aphthonetus sp.,Abariringa,"van Zwaluwenburg, R.H. (1955) The insects and certain other arthropods of Canton Island",Lepidoptera,Cosmopterigidae
"Ascalenia bialbipunctella (Legrand, 1965)",Aldabra,"Legrand, H. (1965) Lépidoptères des Îles Seychelles et d'Aldabra",Lepidoptera,Cosmopterigidae
Asymphorodes sp.,Midway,"Nishida, G.M. & Beardsley, J.W. (2002) A review of the insects and related arthropods of Midway atoll",Lepidoptera,Cosmopterigidae
"Bifascioides sindonia (Meyrick, 1911)",Aldabra,"Legrand, H. (1965) Lépidoptères des Îles Seychelles et d'Aldabra",Lepidoptera,Cosmopterigidae
"Cosmopterix attenuatella (Walker, 1864)",Aldabra,"Legrand, H. (1965) Lépidoptères des Îles Seychelles et d'Aldabra",Lepidoptera,Cosmopterigidae
"Cosmopterix attenuatella (Walker, 1864)",Cosmoledo,"Legrand, H. (1965) Lépidoptères des Îles Seychelles et d'Aldabra",Lepidoptera,Cosmopterigidae
"Hyposmocoma neckerensis (Swezey, 1926)",Midway,"Nishida, G.M. & Beardsley, J.W. (2002) A review of the insects and related arthropods of Midway atoll",Lepidoptera,Cosmopterigidae
"Hyposmocoma notabilis (Walsingham, 1907)",Laysan,"Butler, G.D. (1961) Insects and other arthropods from Laysan Island",Lepidoptera,Cosmopterigidae
"Hyposmocoma rubescens (Walsingham, 1907)",Midway,"Nishida, G.M. & Beardsley, J.W. (2002) A review of the insects and related arthropods of Midway atoll",Lepidoptera,Cosmopterigidae
Labdia sp.,Nukunonu,"Hickley, A.D. (1969) Ecology of terrestrial arthropods of the Tokelau atolls",Lepidoptera,Cosmopterigidae
"Limnaecia subharpalea (Legrand, 1965)",Aldabra,"Legrand, H. (1965) Lépidoptères des Îles Seychelles et d'Aldabra",Lepidoptera,Cosmopterigidae
"Limnaecia superharpalea (Legrand, 1965)",Aldabra,"Legrand, H. (1965) Lépidoptères des Îles Seychelles et d'Aldabra",Lepidoptera,Cosmopterigidae
"Limnaecia superharpalea (Legrand, 1965)",Cosmoledo,"Legrand, H. (1965) Lépidoptères des Îles Seychelles et d'Aldabra",Lepidoptera,Cosmopterigidae
"Pyroderces longalitella (Legrand, 1965)",Aldabra,"Legrand, H. (1965) Lépidoptères des Îles Seychelles et d'Aldabra",Lepidoptera,Cosmopterigidae
"Pyroderces longalitella (Legrand, 1965)",Cosmoledo,"Legrand, H. (1965) Lépidoptères des Îles Seychelles et d'Aldabra",Lepidoptera,Cosmopterigidae
"Pyroderces paroditis (Meyrick, 1928)",Nukunonu,"Hickley, A.D. (1969) Ecology of terrestrial arthropods of the Tokelau atolls",Lepidoptera,Cosmopterigidae
"Pyroderces repandatella (Legrand, 1965)",Aldabra,"Legrand, H. (1965) Lépidoptères des Îles Seychelles et d'Aldabra",Lepidoptera,Cosmopterigidae
"Pyroderces repandatella (Legrand, 1965)",Cosmoledo,"Legrand, H. (1965) Lépidoptères des Îles Seychelles et d'Aldabra",Lepidoptera,Cosmopterigidae
"Pyroderces rileyi (Walsingham, 1882)",Laysan,"Butler, G.D. (1961) Insects and other arthropods from Laysan Island",Lepidoptera,Cosmopterigidae
"Pyroderces rileyi (Walsingham, 1882)",Midway,"Suehiro, A. (1960) Insects and other arthropods from Midway atoll",Lepidoptera,Cosmopterigidae
"Trissodoris honorariella (Walsingham, 1907)",Nukunonu,"Hickley, A.D. (1969) Ecology of terrestrial arthropods of the Tokelau atolls",Lepidoptera,Cosmopterigidae
"Achyra coelatalis (Walker, 1859)",Aldabra,"Shaffer, J.C., & Munroe, E. (2007) Crambidae of Aldabra Atoll (Lepidoptera: Pyraloidea)",Lepidoptera,Crambidae
"Achyra coelatalis (Walker, 1859)",Cosmoledo,"Shaffer, J.C., & Munroe, E. (2007) Crambidae of Aldabra Atoll (Lepidoptera: Pyraloidea)",Lepidoptera,Crambidae
"Achyra coelatalis (Walker, 1859)",Diego Garcia,"Hutson, A.M. (1981) A preliminary list of insects of Diego Garcia Atoll, Chagos Archipelago",Lepidoptera,Crambidae
"Aethaloessa calidalis (Guenée, 1854)",Diego Garcia,"Hutson, A.M. (1981) A preliminary list of insects of Diego Garcia Atoll, Chagos Archipelago",Lepidoptera,Crambidae
"Alytana aldabralis (Viette, 1958)",Aldabra,"Shaffer, J.C., & Munroe, E. (2007) Crambidae of Aldabra Atoll (Lepidoptera: Pyraloidea)",Lepidoptera,Crambidae
"Autocharis barbieri (Legrand, 1965)",Aldabra,"Shaffer, J.C., & Munroe, E. (2007) Crambidae of Aldabra Atoll (Lepidoptera: Pyraloidea)",Lepidoptera,Crambidae
"Autocharis discalis (Shaffer J.C. & Munroe, 2007)",Aldabra,"Shaffer, J.C., & Munroe, E. (2007) Crambidae of Aldabra Atoll (Lepidoptera: Pyraloidea)",Lepidoptera,Crambidae
"Autocharis linealis (SchafferJ.C. & Munroe, 2007)",Aldabra,"Shaffer, J.C., & Munroe, E. (2007) Crambidae of Aldabra Atoll (Lepidoptera: Pyraloidea)",Lepidoptera,Crambidae
"Bocchoris inspersalis (Zeller, 1852)",Aldabra,"Shaffer, J.C., & Munroe, E. (2007) Crambidae of Aldabra Atoll (Lepidoptera: Pyraloidea)",Lepidoptera,Crambidae
"Bocchoris putrisalis (Viette, 1958)",Aldabra,"Shaffer, J.C., & Munroe, E. (2007) Crambidae of Aldabra Atoll (Lepidoptera: Pyraloidea)",Lepidoptera,Crambidae
"Bocchoris putrisalis (Viette, 1958)",Cosmoledo,"Legrand, H. (1965) Lépidoptères des Îles Seychelles et d'Aldabra",Lepidoptera,Crambidae
"Bradina admixtalis (Walker, 1859)",Kavaratti,"Ghosh, A.K. (1991) Fauna of Lakshadweep",Lepidoptera,Crambidae
"Bradina liralis (Legrand, 1965)",Aldabra,"Shaffer, J.C., & Munroe, E. (2007) Crambidae of Aldabra Atoll (Lepidoptera: Pyraloidea)",Lepidoptera,Crambidae
"Bradina modestalis (Lederer, 1863)",Funafuti,"Hedley, C. (1900) The atoll of Funafuti, Ellice Group - its zoology, botany, ethnology, and general structure",Lepidoptera,Crambidae
"Chrysocatharylla agraphellus (Hampson, 1919)",Aldabra,"Shaffer, J.C., & Munroe, E. (2007) Crambidae of Aldabra Atoll (Lepidoptera: Pyraloidea)",Lepidoptera,Crambidae
"Cirrhochrista oxylalis (Viette, 1961)",Aldabra,"Shaffer, J.C., & Munroe, E. (2007) Crambidae of Aldabra Atoll (Lepidoptera: Pyraloidea)",Lepidoptera,Crambidae
"Cnaphalocrocis poeyalis (Boisduval, 1833)",Aldabra,"Shaffer, J.C., & Munroe, E. (2007) Crambidae of Aldabra Atoll (Lepidoptera: Pyraloidea)",Lepidoptera,Crambidae
"Cnaphalocrocis poeyalis (Boisduval, 1833)",South Keeling,"Wood-Jones, F. (1909) The fauna of the Cocos-Keeling Atoll, collected by F. Wood-Jones",Lepidoptera,Crambidae
"Cnaphalocrocis poeyalis (Boisduval, 1833)",Diego Garcia,"Hutson, A.M. (1981) A preliminary list of insects of Diego Garcia Atoll, Chagos Archipelago",Lepidoptera,Crambidae
"Cnaphalocrocis trapezalis (Guenée, 1854)",Kwajalein,"Sugerman, B.B. (1979) Additions to the list of insects and other arthropods from Kwajalein atoll (Marshall Islands)",Lepidoptera,Crambidae
"Crocidolomia binotalis (Zeller, 1852)",South Keeling,"Wood-Jones, F. (1909) The fauna of the Cocos-Keeling Atoll, collected by F. Wood-Jones",Lepidoptera,Crambidae
"Crocidolomia pavonina (Fabricius, 1794)",Aldabra,"Shaffer, J.C., & Munroe, E. (2007) Crambidae of Aldabra Atoll (Lepidoptera: Pyraloidea)",Lepidoptera,Crambidae
"Culladia admigratella (Walker, 1863)",Diego Garcia,"Fletcher, T.B. (1909) Lepidoptera, exclusive of the Tortricidae and Tineidae, with some remarks on their distribution and means of dispersal",Lepidoptera,Crambidae
"Diaphana indica (Saunders, 1851)",Aldabra,"Shaffer, J.C., & Munroe, E. (2007) Crambidae of Aldabra Atoll (Lepidoptera: Pyraloidea)",Lepidoptera,Crambidae
"Diaphana indica (Saunders, 1851)",South Keeling,"Wood-Jones, F. (1909) The fauna of the Cocos-Keeling Atoll, collected by F. Wood-Jones",Lepidoptera,Crambidae
"Diaphana indica (Saunders, 1851)",Diego Garcia,"Barnett, L.K., & Emms, C. (1996) An annotated checklist of the Chagos archipelago terrestrial fauna (omitting birds) recorded during the 1996 'Friends of the Chagos' expedition",Lepidoptera,Crambidae
"Diaphana indica (Saunders, 1851)",Kavaratti,"Ghosh, A.K. (1991) Fauna of Lakshadweep",Lepidoptera,Crambidae
Diaphana sp.,Kwajalein,"Sugerman, B.B. (1972) Insects and other arthropods from Kwajalein atoll (Marshall Islands)",Lepidoptera,Crambidae
"Diasemiopsis ramburialis (Duponchel, 1834)",Aldabra,"Shaffer, J.C., & Munroe, E. (2007) Crambidae of Aldabra Atoll (Lepidoptera: Pyraloidea)",Lepidoptera,Crambidae
"Diastictis savyalis (Legrand, 1965)",Aldabra,"Shaffer, J.C., & Munroe, E. (2007) Crambidae of Aldabra Atoll (Lepidoptera: Pyraloidea)",Lepidoptera,Crambidae
"Duponchelia fovealis (Zeller, 1847)",Aldabra,"Shaffer, J.C., & Munroe, E. (2007) Crambidae of Aldabra Atoll (Lepidoptera: Pyraloidea)",Lepidoptera,Crambidae
"Duponchelia fovealis (Zeller, 1847)",Cosmoledo,"Legrand, H. (1965) Lépidoptères des Îles Seychelles et d'Aldabra",Lepidoptera,Crambidae
"Epipagis olesialis (Walker, 1859)",Aldabra,"Shaffer, J.C., & Munroe, E. (2007) Crambidae of Aldabra Atoll (Lepidoptera: Pyraloidea)",Lepidoptera,Crambidae
"Eurrhyparodes tricoloralis (Zeller, 1852)",Aldabra,"Shaffer, J.C., & Munroe, E. (2007) Crambidae of Aldabra Atoll (Lepidoptera: Pyraloidea)",Lepidoptera,Crambidae
"Eurrhyparodes tricoloralis (Zeller, 1852)",Diego Garcia,"Hutson, A.M. (1981) A preliminary list of insects of Diego Garcia Atoll, Chagos Archipelago",Lepidoptera,Crambidae
"Eurrhyparodes tricoloralis (Zeller, 1852)",Kavaratti,"Ghosh, A.K. (1991) Fauna of Lakshadweep",Lepidoptera,Crambidae
"Hellula phidilealis (Walker, 1859)",Kure,"Butler, G.D., & Usinger, R.L. (1963) Insects and other arthropods from Kure Island",Lepidoptera,Crambidae
"Hellula undalis (Fabricius, 1781)",Aldabra,"Shaffer, J.C., & Munroe, E. (2007) Crambidae of Aldabra Atoll (Lepidoptera: Pyraloidea)",Lepidoptera,Crambidae
"Hellula undalis (Fabricius, 1781)",Midway,"Suehiro, A. (1960) Insects and other arthropods from Midway atoll",Lepidoptera,Crambidae
"Herpetogramma continualis (Shaffer J.C. & Munroe, 2007)",Aldabra,"Shaffer, J.C., & Munroe, E. (2007) Crambidae of Aldabra Atoll (Lepidoptera: Pyraloidea)",Lepidoptera,Crambidae
"Herpetogramma juba (Shaffer J.C. & Munroe, 2007)",Aldabra,"Shaffer, J.C., & Munroe, E. (2007) Crambidae of Aldabra Atoll (Lepidoptera: Pyraloidea)",Lepidoptera,Crambidae
"Herpetogramma licarsisalis (Walker, 1859)",Aldabra,"Shaffer, J.C., & Munroe, E. (2007) Crambidae of Aldabra Atoll (Lepidoptera: Pyraloidea)",Lepidoptera,Crambidae
"Herpetogramma licarsisalis (Walker, 1859)",South Keeling,"Wood-Jones, F. (1909) The fauna of the Cocos-Keeling Atoll, collected by F. Wood-Jones",Lepidoptera,Crambidae
"Herpetogramma licarsisalis (Walker, 1859)",Diego Garcia,"Barnett, L.K., & Emms, C. (1996) An annotated checklist of the Chagos archipelago terrestrial fauna (omitting birds) recorded during the 1996 'Friends of the Chagos' expedition",Lepidoptera,Crambidae
"Herpetogramma licarsisalis (Walker, 1859)",Kwajalein,"Sugerman, B.B. (1972) Insects and other arthropods from Kwajalein atoll (Marshall Islands)",Lepidoptera,Crambidae
"Herpetogramma licarsisalis (Walker, 1859)",Midway,"Nishida, G.M. & Beardsley, J.W. (2002) A review of the insects and related arthropods of Midway atoll",Lepidoptera,Crambidae
"Herpetogramma licarsisalis (Walker, 1859)",Swains,"Kami, K.S., & Miller, S.E. (1998) Samoan insects and related arthropods: checklist and bibliography",Lepidoptera,Crambidae
"Hodebertia testalis (Fabricius, 1794)",Aldabra,"Shaffer, J.C., & Munroe, E. (2007) Crambidae of Aldabra Atoll (Lepidoptera: Pyraloidea)",Lepidoptera,Crambidae
"Hyalobathra retinalis (Saalmüller, 1879)",Aldabra,"Shaffer, J.C., & Munroe, E. (2007) Crambidae of Aldabra Atoll (Lepidoptera: Pyraloidea)",Lepidoptera,Crambidae
"Hydriris ornatalis (Duponchel, 1832)",Diego Garcia,"Hutson, A.M. (1981) A preliminary list of insects of Diego Garcia Atoll, Chagos Archipelago",Lepidoptera,Crambidae
"Hydriris ornatalis (Duponchel, 1832)",Farquhar,"Fletcher, T.B. (1909) Lepidoptera, exclusive of the Tortricidae and Tineidae, with some remarks on their distribution and means of dispersal",Lepidoptera,Crambidae
"Hydriris ornatalis (Duponchel, 1832)",Kavaratti,"Ghosh, A.K. (1991) Fauna of Lakshadweep",Lepidoptera,Crambidae
"Hymenia perspectalis (Hübner, 1796)",Aldabra,"Shaffer, J.C., & Munroe, E. (2007) Crambidae of Aldabra Atoll (Lepidoptera: Pyraloidea)",Lepidoptera,Crambidae
"Hymenoptychis sordida (Zeller, 1852)",Aldabra,"Shaffer, J.C., & Munroe, E. (2007) Crambidae of Aldabra Atoll (Lepidoptera: Pyraloidea)",Lepidoptera,Crambidae
"Ischnurges gratiosalis (Walker, 1859)",Kavaratti,"Ghosh, A.K. (1991) Fauna of Lakshadweep",Lepidoptera,Crambidae
"Ischnurges lancinalis (Guenée, 1854)",Aldabra,"Shaffer, J.C., & Munroe, E. (2007) Crambidae of Aldabra Atoll (Lepidoptera: Pyraloidea)",Lepidoptera,Crambidae
"Lamprosema niphealis (Walker, 1859)",Kavaratti,"Ghosh, A.K. (1991) Fauna of Lakshadweep",Lepidoptera,Crambidae
"Lamprosema poeonalis (Walker, 1859)",Diego Garcia,"Barnett, L.K., & Emms, C. (1996) An annotated checklist of the Chagos archipelago terrestrial fauna (omitting birds) recorded during the 1996 'Friends of the Chagos' expedition",Lepidoptera,Crambidae
"Lamprosema salomonalis (Fletcher, 1911)",Diego Garcia,"Hutson, A.M. (1981) A preliminary list of insects of Diego Garcia Atoll, Chagos Archipelago",Lepidoptera,Crambidae
"Leucinodes orbonalis (Guenée, 1854)",Kavaratti,"Ghosh, A.K. (1991) Fauna of Lakshadweep",Lepidoptera,Crambidae
"Mimudea ablactalis (Walker, 1859)",Aldabra,"Shaffer, J.C., & Munroe, E. (2007) Crambidae of Aldabra Atoll (Lepidoptera: Pyraloidea)",Lepidoptera,Crambidae
"Mimudea holoxuthalis (Hampson, 1908)",Glorioso,"Paulian, R. (1989) Les insectes des Îles Glorieuses",Lepidoptera,Crambidae
"Nausinoe aphrospila (Meyrick, 1936)",Aldabra,"Shaffer, J.C., & Munroe, E. (2007) Crambidae of Aldabra Atoll (Lepidoptera: Pyraloidea)",Lepidoptera,Crambidae
"Nausinoe capensis (Walker, 1866)",Aldabra,"Fryer, J.C.F. (1912) No. I - The Lepidoptera of Seychelles and Aldabra, exclusive of the Orneodidae and Pterophoridae and of the Torticina and Tineina",Lepidoptera,Crambidae
"Noorda blitealis (Walker, 1859)",Aldabra,"Shaffer, J.C., & Munroe, E. (2007) Crambidae of Aldabra Atoll (Lepidoptera: Pyraloidea)",Lepidoptera,Crambidae
"Notarcha digitalis (Shaffer J.C. & Munroe, 2007)",Aldabra,"Shaffer, J.C., & Munroe, E. (2007) Crambidae of Aldabra Atoll (Lepidoptera: Pyraloidea)",Lepidoptera,Crambidae
"Omiodes diemenalis (Guenée, 1854)",Jaluit,"Nafus, D. (1991) Movement of new insects into the Carolines and Marshalls in recent years",Lepidoptera,Crambidae
"Omiodes diemenalis (Guenée, 1854)",Kwajalein,"Sugerman, B.B. (1979) Additions to the list of insects and other arthropods from Kwajalein atoll (Marshall Islands)",Lepidoptera,Crambidae
"Omiodes diemenalis (Guenée, 1854)",Majuro,"Nafus, D. (1991) Movement of new insects into the Carolines and Marshalls in recent years",Lepidoptera,Crambidae
"Omiodes indicata (Fabricius, 1775)",Aldabra,"Shaffer, J.C., & Munroe, E. (2007) Crambidae of Aldabra Atoll (Lepidoptera: Pyraloidea)",Lepidoptera,Crambidae
"Omiodes laysanensis (Swezey, 1914)",Laysan,"Butler, G.D. (1961) Insects and other arthropods from Laysan Island",Lepidoptera,Crambidae
"Ommatobotys aldabralis (Viette, 1958)",Aldabra,"Shaffer, J.C., & Munroe, E. (2007) Crambidae of Aldabra Atoll (Lepidoptera: Pyraloidea)",Lepidoptera,Crambidae
"Pagyda sounanalis (Legrand, 1965)",Aldabra,"Shaffer, J.C., & Munroe, E. (2007) Crambidae of Aldabra Atoll (Lepidoptera: Pyraloidea)",Lepidoptera,Crambidae
"Pagyda sounanalis (Legrand, 1965)",Cosmoledo,"Legrand, H. (1965) Lépidoptères des Îles Seychelles et d'Aldabra",Lepidoptera,Crambidae
"Palpita vitrealis (Rossi, 1794)",Aldabra,"Shaffer, J.C., & Munroe, E. (2007) Crambidae of Aldabra Atoll (Lepidoptera: Pyraloidea)",Lepidoptera,Crambidae
"Parapoynx fluctuosalis (Zeller, 1852)",Aldabra,"Shaffer, J.C., & Munroe, E. (2007) Crambidae of Aldabra Atoll (Lepidoptera: Pyraloidea)",Lepidoptera,Crambidae
"Pardomima zanclophora (Martin, 1955)",Aldabra,"Shaffer, J.C., & Munroe, E. (2007) Crambidae of Aldabra Atoll (Lepidoptera: Pyraloidea)",Lepidoptera,Crambidae
"Parotis suralis (Lederer, 1863)",Diego Garcia,"Hutson, A.M. (1981) A preliminary list of insects of Diego Garcia Atoll, Chagos Archipelago",Lepidoptera,Crambidae
"Parotis suralis (Lederer, 1863)",Funafuti,"Hedley, C. (1900) The atoll of Funafuti, Ellice Group - its zoology, botany, ethnology, and general structure",Lepidoptera,Crambidae
"Parotis suralis (Lederer, 1863)",Kavaratti,"Ghosh, A.K. (1991) Fauna of Lakshadweep",Lepidoptera,Crambidae
"Pessocosma prolalis (Viette & Legrand, 1958)",Aldabra,"Shaffer, J.C., & Munroe, E. (2007) Crambidae of Aldabra Atoll (Lepidoptera: Pyraloidea)",Lepidoptera,Crambidae
"Pessocosma prolalis (Viette & Legrand, 1958)",Cosmoledo,"Shaffer, J.C., & Munroe, E. (2007) Crambidae of Aldabra Atoll (Lepidoptera: Pyraloidea)",Lepidoptera,Crambidae
"Piletocera fluctualis (Fabricius, 1787)",Funafuti,"Hedley, C. (1900) The atoll of Funafuti, Ellice Group - its zoology, botany, ethnology, and general structure",Lepidoptera,Crambidae
"Piletocera signiferalis (Wallengren, 1860)",Kwajalein,"Sugerman, B.B. (1979) Additions to the list of insects and other arthropods from Kwajalein atoll (Marshall Islands)",Lepidoptera,Crambidae
"Piletocera signiferalis (Wallengren, 1860)",Nukunonu,"Hickley, A.D. (1969) Ecology of terrestrial arthropods of the Tokelau atolls",Lepidoptera,Crambidae
"Piletocera signiferalis (Wallengren, 1860)",Palmyra,"Handler, A.T., et al. (2007) Arthropod surveys on Palmyra Atoll, Line Islands, and insights into the decline of the native tree Pisonia grandis (Nycatginaceae)",Lepidoptera,Crambidae
"Psara acrospila (Meyrick, 1886)",Kavaratti,"Ghosh, A.K. (1991) Fauna of Lakshadweep",Lepidoptera,Crambidae
"Psara stultalis (Walker, 1859)",South Keeling,"Wood-Jones, F. (1909) The fauna of the Cocos-Keeling Atoll, collected by F. Wood-Jones",Lepidoptera,Crambidae
"Pyrausta dryadopa (Meyrick, 1899)",Laysan,"Bryan, E.H. (1926) Insects of Hawaii, Johnston Island and Wake Island",Lepidoptera,Crambidae
"Pyrausta fuscolarosalis (Legrand, 1965)",Aldabra,"Shaffer, J.C., & Munroe, E. (2007) Crambidae of Aldabra Atoll (Lepidoptera: Pyraloidea)",Lepidoptera,Crambidae
"Pyrausta perfervidalis (Hampson, 1913)",Aldabra,"Shaffer, J.C., & Munroe, E. (2007) Crambidae of Aldabra Atoll (Lepidoptera: Pyraloidea)",Lepidoptera,Crambidae
"Pyrausta prostygialis (Hampson, 1913)",Aldabra,"Frith, D.W. (1979) A list of insects caught in light traps on West Island, Aldabra Atoll, Indian Ocean",Lepidoptera,Crambidae
"Pyrausta zyphalis (Viette, 1958)",Aldabra,"Shaffer, J.C., & Munroe, E. (2007) Crambidae of Aldabra Atoll (Lepidoptera: Pyraloidea)",Lepidoptera,Crambidae
"Sameodes cancellalis (Zeller, 1852)",Diego Garcia,"Barnett, L.K., & Emms, C. (1996) An annotated checklist of the Chagos archipelago terrestrial fauna (omitting birds) recorded during the 1996 'Friends of the Chagos' expedition",Lepidoptera,Crambidae
"Scirpophaga occidentella (Walker, 1863)",Aldabra,"Shaffer, J.C., & Munroe, E. (2007) Crambidae of Aldabra Atoll (Lepidoptera: Pyraloidea)",Lepidoptera,Crambidae
"Spoladea recurvalis (Fabricius, 1775)",Abariringa,"van Zwaluwenburg, R.H. (1955) The insects and certain other arthropods of Canton Island",Lepidoptera,Crambidae
"Spoladea recurvalis (Fabricius, 1775)",Aldabra,"Shaffer, J.C., & Munroe, E. (2007) Crambidae of Aldabra Atoll (Lepidoptera: Pyraloidea)",Lepidoptera,Crambidae
"Spoladea recurvalis (Fabricius, 1775)",Clipperton,"Garrouste, R., & Hervé, C. (2009) La faune des insectes (Insecta s.l.) de l'atoll de Clipperton",Lepidoptera,Crambidae
"Spoladea recurvalis (Fabricius, 1775)",South Keeling,"Wood-Jones, F. (1909) The fauna of the Cocos-Keeling Atoll, collected by F. Wood-Jones",Lepidoptera,Crambidae
"Spoladea recurvalis (Fabricius, 1775)",Cosmoledo,"Legrand, H. (1965) Lépidoptères des Îles Seychelles et d'Aldabra",Lepidoptera,Crambidae
"Spoladea recurvalis (Fabricius, 1775)",Diego Garcia,"Hutson, A.M. (1981) A preliminary list of insects of Diego Garcia Atoll, Chagos Archipelago",Lepidoptera,Crambidae
"Spoladea recurvalis (Fabricius, 1775)",Farquhar,"Legrand, H. (1965) Lépidoptères des Îles Seychelles et d'Aldabra",Lepidoptera,Crambidae
"Spoladea recurvalis (Fabricius, 1775)",French Frigate Shoals,"Beardsley, J.W. (1966) Insects and other terrestrial arthropods from the Leeward Hawaiian Islands",Lepidoptera,Crambidae
"Spoladea recurvalis (Fabricius, 1775)",Glorioso,"Paulian, R. (1989) Les insectes des Îles Glorieuses",Lepidoptera,Crambidae
"Spoladea recurvalis (Fabricius, 1775)",Kavaratti,"Ghosh, A.K. (1991) Fauna of Lakshadweep",Lepidoptera,Crambidae
"Spoladea recurvalis (Fabricius, 1775)",Kwajalein,"Sugerman, B.B. (1972) Insects and other arthropods from Kwajalein atoll (Marshall Islands)",Lepidoptera,Crambidae
"Spoladea recurvalis (Fabricius, 1775)",Laysan,"Butler, G.D. (1961) Insects and other arthropods from Laysan Island",Lepidoptera,Crambidae
"Spoladea recurvalis (Fabricius, 1775)",Midway,"Suehiro, A. (1960) Insects and other arthropods from Midway atoll",Lepidoptera,Crambidae
"Spoladea recurvalis (Fabricius, 1775)",Pearl and Hermes,"Beardsley, J.W. (1966) Insects and other terrestrial arthropods from the Leeward Hawaiian Islands",Lepidoptera,Crambidae
"Stemorrhages sericea (Drury, 1773)",Aldabra,"Shaffer, J.C., & Munroe, E. (2007) Crambidae of Aldabra Atoll (Lepidoptera: Pyraloidea)",Lepidoptera,Crambidae
"Stenia laportei (Legrand, 1965)",Aldabra,"Shaffer, J.C., & Munroe, E. (2007) Crambidae of Aldabra Atoll (Lepidoptera: Pyraloidea)",Lepidoptera,Crambidae
"Sufetula minimalis (Fletcher, 1911)",Diego Garcia,"Hutson, A.M. (1981) A preliminary list of insects of Diego Garcia Atoll, Chagos Archipelago",Lepidoptera,Crambidae
"Syllepte penthodes (Meyrick, 1902)",Kavaratti,"Ghosh, A.K. (1991) Fauna of Lakshadweep",Lepidoptera,Crambidae
"Syllepte straminea (Butler, 1875)",Farquhar,"Fletcher, T.B. (1909) Lepidoptera, exclusive of the Tortricidae and Tineidae, with some remarks on their distribution and means of dispersal",Lepidoptera,Crambidae
"Synclera seychellensis (Shaffer J.C. & Munroe, 2007)",Aldabra,"Shaffer, J.C., & Munroe, E. (2007) Crambidae of Aldabra Atoll (Lepidoptera: Pyraloidea)",Lepidoptera,Crambidae
"Synclera traducalis (Zeller, 1852)",Aldabra,"Shaffer, J.C., & Munroe, E. (2007) Crambidae of Aldabra Atoll (Lepidoptera: Pyraloidea)",Lepidoptera,Crambidae
"Syngamia abruptalis (Walker, 1859)",Aldabra,"Shaffer, J.C., & Munroe, E. (2007) Crambidae of Aldabra Atoll (Lepidoptera: Pyraloidea)",Lepidoptera,Crambidae
"Syngamia floridalis (Zeller, 1852)",Kwajalein,"Sugerman, B.B. (1979) Additions to the list of insects and other arthropods from Kwajalein atoll (Marshall Islands)",Lepidoptera,Crambidae
"Thyridiphora furia (Swinhoe, 1884)",Aldabra,"Shaffer, J.C., & Munroe, E. (2007) Crambidae of Aldabra Atoll (Lepidoptera: Pyraloidea)",Lepidoptera,Crambidae
"Udea dryadopa (Meyrick, 1899)",Laysan,"Butler, G.D. (1961) Insects and other arthropods from Laysan Island",Lepidoptera,Crambidae
"Ethmia nigroapicella (Saalmüller, 1880)",Aldabra,"Frith, D.W. (1979) A list of insects caught in light traps on West Island, Aldabra Atoll, Indian Ocean",Lepidoptera,Elachistidae
"Ethmia nigroapicella (Saalmüller, 1880)",Cosmoledo,"Legrand, H. (1965) Lépidoptères des Îles Seychelles et d'Aldabra",Lepidoptera,Elachistidae
"Petrochroa dimorpha (Busck, 1914)",Abariringa,"van Zwaluwenburg, R.H. (1955) The insects and certain other arthropods of Canton Island",Lepidoptera,Elachistidae
"Petrochroa dimorpha (Busck, 1914)",Kure,"Butler, G.D., & Usinger, R.L. (1963) Insects and other arthropods from Kure Island",Lepidoptera,Elachistidae
"Petrochroa dimorpha (Busck, 1914)",Laysan,"Butler, G.D. (1961) Insects and other arthropods from Laysan Island",Lepidoptera,Elachistidae
"Petrochroa dimorpha (Busck, 1914)",Pearl and Hermes,"Beardsley, J.W. (1966) Insects and other terrestrial arthropods from the Leeward Hawaiian Islands",Lepidoptera,Elachistidae
"Petrochroa dimorpha (Busck, 1914)",Wake,"Bryan, E.H. (1926) Insects of Hawaii, Johnston Island and Wake Island",Lepidoptera,Elachistidae
"Achaea catella (Guenée, 1852)",Aldabra,"Frith, D.W. (1979) A list of insects caught in light traps on West Island, Aldabra Atoll, Indian Ocean",Lepidoptera,Erebidae
"Achaea janata (L., 1758)",Abariringa,"Degener, O., & Gillaspy, E. (1955) Canton Island, South Pacific",Lepidoptera,Erebidae
"Achaea janata (L., 1758)",South Keeling,"Bellis, G.A., et al. (2004) Records of insect pests on Christmas Island and the Cocos (Keeling) Islands, Indian Ocean",Lepidoptera,Erebidae
"Achaea janata (L., 1758)",Funafuti,"Hedley, C. (1900) The atoll of Funafuti, Ellice Group - its zoology, botany, ethnology, and general structure",Lepidoptera,Erebidae
"Achaea janata (L., 1758)",Johnston,"Binion Amerson, A., & Shelton, P.C. (1976) The natural history of Johnston atoll, Central Pacific Ocean",Lepidoptera,Erebidae
"Achaea janata (L., 1758)",Kwajalein,"Sugerman, B.B. (1972) Insects and other arthropods from Kwajalein atoll (Marshall Islands)",Lepidoptera,Erebidae
"Achaea janata (L., 1758)",Midway,"Suehiro, A. (1960) Insects and other arthropods from Midway atoll",Lepidoptera,Erebidae
"Achaea janata (L., 1758)",Nukunonu,"Hickley, A.D. (1969) Ecology of terrestrial arthropods of the Tokelau atolls",Lepidoptera,Erebidae
"Achaea janata (L., 1758)",Onotoa,"Moul, E.T. (1954) Preliminary report on land animals at Onotoa atoll, Gilbert Islands",Lepidoptera,Erebidae
"Achaea janata (L., 1758)",Rose,"Peck, R.W., et al. (2014) Arthropods of Rose atoll with special reference to ants and Pulvianaria urbicola scales (Hemiptera: Coccidae) on Pisonia grandis trees",Lepidoptera,Erebidae
"Achaea janata (L., 1758)",Wake,"Bryan, E.H. (1926) Insects of Hawaii, Johnston Island and Wake Island",Lepidoptera,Erebidae
"Achaea mercatoria (Fabricius, 1775)",Aldabra,"Legrand, H. (1965) Lépidoptères des Îles Seychelles et d'Aldabra",Lepidoptera,Erebidae
"Achaea mercatoria (Fabricius, 1775)",Cosmoledo,"Legrand, H. (1965) Lépidoptères des Îles Seychelles et d'Aldabra",Lepidoptera,Erebidae
"Achaea violaceofascia (Saalmüller, 1891)",Aldabra,"Frith, D.W. (1979) A list of insects caught in light traps on West Island, Aldabra Atoll, Indian Ocean",Lepidoptera,Erebidae
Achaea sp.,Arno,"Usinger, R.L., & la Rivers, I. (1953) The insect life of Arno",Lepidoptera,Erebidae
Achaea sp.,Kwajalein,"Sugerman, B.B. (1972) Insects and other arthropods from Kwajalein atoll (Marshall Islands)",Lepidoptera,Erebidae
"Anomis sabulifera (Guenée, 1852)",Diego Garcia,"Barnett, L.K., & Emms, C. (1996) An annotated checklist of the Chagos archipelago terrestrial fauna (omitting birds) recorded during the 1996 'Friends of the Chagos' expedition",Lepidoptera,Erebidae
"Anomis samoana (Butler, 1886)",Nukunonu,"Hickley, A.D. (1969) Ecology of terrestrial arthropods of the Tokelau atolls",Lepidoptera,Erebidae
"Autoba costimacula (Saalmüller, 1880)",Aldabra,"Fryer, J.C.F. (1912) No. I - The Lepidoptera of Seychelles and Aldabra, exclusive of the Orneodidae and Pterophoridae and of the Torticina and Tineina",Lepidoptera,Erebidae
"Catephia squamosa (Wallengren, 1856)",Aldabra,"Legrand, H. (1965) Lépidoptères des Îles Seychelles et d'Aldabra",Lepidoptera,Erebidae
Catephia sp.,South Keeling,"Wood-Jones, F. (1909) The fauna of the Cocos-Keeling Atoll, collected by F. Wood-Jones",Lepidoptera,Erebidae
"Cyligramma latona (Cramer, 1779)",Glorioso,"Paulian, R. (1989) Les insectes des Îles Glorieuses",Lepidoptera,Erebidae
"Dysgonia algira (L., 1767)",Aldabra,"Fryer, J.C.F. (1912) No. I - The Lepidoptera of Seychelles and Aldabra, exclusive of the Orneodidae and Pterophoridae and of the Torticina and Tineina",Lepidoptera,Erebidae
"Dysgonia torrida (Guenee, 1852)",Aldabra,"Legrand, H. (1965) Lépidoptères des Îles Seychelles et d'Aldabra",Lepidoptera,Erebidae
"Dysgonia torrida (Guenee, 1852)",Cosmoledo,"Legrand, H. (1965) Lépidoptères des Îles Seychelles et d'Aldabra",Lepidoptera,Erebidae
"Dysgonia torrida (Guenee, 1852)",Glorioso,"Paulian, R. (1989) Les insectes des Îles Glorieuses",Lepidoptera,Erebidae
"Eilema aldabrensis (Hampson, 1914)",Aldabra,"Legrand, H. (1965) Lépidoptères des Îles Seychelles et d'Aldabra",Lepidoptera,Erebidae
"Eilema antica (Walker, 1854)",Diego Garcia,"Barnett, L.K., & Emms, C. (1996) An annotated checklist of the Chagos archipelago terrestrial fauna (omitting birds) recorded during the 1996 'Friends of the Chagos' expedition",Lepidoptera,Erebidae
"Eublemma cochylioides (Guenée, 1852)",Diego Garcia,"Barnett, L.K., Emms, C., & Holloway, J.D. (2010) The moths of the Chagos Archipelago with notes on their biogeography",Lepidoptera,Erebidae
"Eublemma costimacula (Saalmüller, 1880)",Aldabra,"Legrand, H. (1965) Lépidoptères des Îles Seychelles et d'Aldabra",Lepidoptera,Erebidae
"Eublemma rivula (Moore, 1882)",Diego Garcia,"Fletcher, T.B. (1909) Lepidoptera, exclusive of the Tortricidae and Tineidae, with some remarks on their distribution and means of dispersal",Lepidoptera,Erebidae
"Eublemma rivula (Moore, 1882)",Farquhar,"Legrand, H. (1965) Lépidoptères des Îles Seychelles et d'Aldabra",Lepidoptera,Erebidae
"Euproctis varians (Walker, 1855)",Kavaratti,"Ghosh, A.K. (1991) Fauna of Lakshadweep",Lepidoptera,Erebidae
"Grammodes bifasciata (Petagna, 1787)",Farquhar,"Legrand, H. (1965) Lépidoptères des Îles Seychelles et d'Aldabra",Lepidoptera,Erebidae
"Grammodes stolida (Fabricius, 1775)",Aldabra,"Fryer, J.C.F. (1912) No. I - The Lepidoptera of Seychelles and Aldabra, exclusive of the Orneodidae and Pterophoridae and of the Torticina and Tineina",Lepidoptera,Erebidae
"Hypena indicatalis (Walker, 1859)",Kavaratti,"Ghosh, A.K. (1991) Fauna of Lakshadweep",Lepidoptera,Erebidae
"Hypena lacteratalis (Walker, 1859)",Midway,"Nishida, G.M. & Beardsley, J.W. (2002) A review of the insects and related arthropods of Midway atoll",Lepidoptera,Erebidae
"Hypena laysanensis (Swezey, 1914)",Laysan,"Butler, G.D. (1961) Insects and other arthropods from Laysan Island",Lepidoptera,Erebidae
"Hypena minualis (Guenée, 1854)",Clipperton,"Garrouste, R., & Hervé, C. (2009) La faune des insectes (Insecta s.l.) de l'atoll de Clipperton",Lepidoptera,Erebidae
"Hypena strigatus (Fabricius, 1798)",South Keeling,"Wood-Jones, F. (1909) The fauna of the Cocos-Keeling Atoll, collected by F. Wood-Jones",Lepidoptera,Erebidae
"Mocis frugalis (Fabricius, 1775)",Diego Garcia,"Barnett, L.K., & Emms, C. (1996) An annotated checklist of the Chagos archipelago terrestrial fauna (omitting birds) recorded during the 1996 'Friends of the Chagos' expedition",Lepidoptera,Erebidae
"Mocis frugalis (Fabricius, 1775)",Farquhar,"Legrand, H. (1965) Lépidoptères des Îles Seychelles et d'Aldabra",Lepidoptera,Erebidae
"Mocis frugalis (Fabricius, 1775)",Funafuti,"Hedley, C. (1900) The atoll of Funafuti, Ellice Group - its zoology, botany, ethnology, and general structure",Lepidoptera,Erebidae
"Mocis frugalis (Fabricius, 1775)",Kwajalein,"Sugerman, B.B. (1979) Additions to the list of insects and other arthropods from Kwajalein atoll (Marshall Islands)",Lepidoptera,Erebidae
"Mocis frugalis (Fabricius, 1775)",Swains,"Kami, K.S., & Miller, S.E. (1998) Samoan insects and related arthropods: checklist and bibliography",Lepidoptera,Erebidae
"Nodaria externalis (Guenée, 1854)",Aldabra,"Fryer, J.C.F. (1912) No. I - The Lepidoptera of Seychelles and Aldabra, exclusive of the Orneodidae and Pterophoridae and of the Torticina and Tineina",Lepidoptera,Erebidae
"Ophiusa coronata (Fabricius, 1775)",South Keeling,"Wood-Jones, F. (1909) The fauna of the Cocos-Keeling Atoll, collected by F. Wood-Jones",Lepidoptera,Erebidae
"Ophiusa legendrei (Viette, 1966)",Aldabra,"Frith, D.W. (1979) A list of insects caught in light traps on West Island, Aldabra Atoll, Indian Ocean",Lepidoptera,Erebidae
"Rivula bicolorana (Legrand, 1965)",Aldabra,"Legrand, H. (1965) Lépidoptères des Îles Seychelles et d'Aldabra",Lepidoptera,Erebidae
"Rivula bicolorana (Legrand, 1965)",Cosmoledo,"Legrand, H. (1965) Lépidoptères des Îles Seychelles et d'Aldabra",Lepidoptera,Erebidae
"Simplicia robustalis (Guenée, 1854)",Kavaratti,"Ghosh, A.K. (1991) Fauna of Lakshadweep",Lepidoptera,Erebidae
"Sphingomorpha chlorea (Cramer, 1777)",Glorioso,"Paulian, R. (1989) Les insectes des Îles Glorieuses",Lepidoptera,Erebidae
"Utetheisa lactea (Butler, 1884)",Aldabra,"Fletcher, T.B. (1909) Lepidoptera, exclusive of the Tortricidae and Tineidae, with some remarks on their distribution and means of dispersal",Lepidoptera,Erebidae
"Utetheisa lactea (Butler, 1884)",Cosmoledo,"Fryer, J.C.F. (1912) No. I - The Lepidoptera of Seychelles and Aldabra, exclusive of the Orneodidae and Pterophoridae and of the Torticina and Tineina",Lepidoptera,Erebidae
"Utetheisa lactea (Butler, 1884)",Farquhar,"Fletcher, T.B. (1909) Lepidoptera, exclusive of the Tortricidae and Tineidae, with some remarks on their distribution and means of dispersal",Lepidoptera,Erebidae
"Utetheisa lactea (Butler, 1884)",Glorioso,"Paulian, R. (1989) Les insectes des Îles Glorieuses",Lepidoptera,Erebidae
"Utetheisa pulchella (L., 1758)",Aldabra,"Cocherau, P. (1966) Compte rendu d'une mission d'inventaire faunistique aux îles Gambier et Tuamotu (Avril - Mai 1966)",Lepidoptera,Erebidae
"Utetheisa pulchella (L., 1758)",Cosmoledo,"Legrand, H. (1965) Lépidoptères des Îles Seychelles et d'Aldabra",Lepidoptera,Erebidae
"Utetheisa pulchella (L., 1758)",Glorioso,"Paulian, R. (1989) Les insectes des Îles Glorieuses",Lepidoptera,Erebidae
"Utetheisa pulchella (L., 1758)",Kavaratti,"Ghosh, A.K. (1991) Fauna of Lakshadweep",Lepidoptera,Erebidae
"Utetheisa pulchelloides (Hampson, 1907)",Abariringa,"Degener, O., & Gillaspy, E. (1955) Canton Island, South Pacific",Lepidoptera,Erebidae
"Utetheisa pulchelloides (Hampson, 1907)",Aldabra,"Fryer, J.C.F. (1912) No. I - The Lepidoptera of Seychelles and Aldabra, exclusive of the Orneodidae and Pterophoridae and of the Torticina and Tineina",Lepidoptera,Erebidae
"Utetheisa pulchelloides (Hampson, 1907)",Arno,"Usinger, R.L., & la Rivers, I. (1953) The insect life of Arno",Lepidoptera,Erebidae
"Utetheisa pulchelloides (Hampson, 1907)",South Keeling,"Wood-Jones, F. (1909) The fauna of the Cocos-Keeling Atoll, collected by F. Wood-Jones",Lepidoptera,Erebidae
"Utetheisa pulchelloides (Hampson, 1907)",Diego Garcia,"Barnett, L.K., & Emms, C. (1996) An annotated checklist of the Chagos archipelago terrestrial fauna (omitting birds) recorded during the 1996 'Friends of the Chagos' expedition",Lepidoptera,Erebidae
"Utetheisa pulchelloides (Hampson, 1907)",Ducie,"Benton, T.G. (1995) Biodiversity and biogeography of Henderson Island's insects",Lepidoptera,Erebidae
"Utetheisa pulchelloides (Hampson, 1907)",Eniwetok,"Samuelson, G.A., & Nishida, G.M. (1987) Insects and allies (arthropods) of Enewetak atoll",Lepidoptera,Erebidae
"Utetheisa pulchelloides (Hampson, 1907)",Jaluit,"Gressitt, J.L. (1961) Terrestrial fauna",Lepidoptera,Erebidae
"Utetheisa pulchelloides (Hampson, 1907)",Kwajalein,"Sugerman, B.B. (1972) Insects and other arthropods from Kwajalein atoll (Marshall Islands)",Lepidoptera,Erebidae
"Utetheisa pulchelloides (Hampson, 1907)",Midway,"Nishida, G.M. & Beardsley, J.W. (2002) A review of the insects and related arthropods of Midway atoll",Lepidoptera,Erebidae
"Utetheisa pulchelloides (Hampson, 1907)",Nukunonu,"Hickley, A.D. (1969) Ecology of terrestrial arthropods of the Tokelau atolls",Lepidoptera,Erebidae
"Utetheisa pulchelloides (Hampson, 1907)",Onotoa,"Moul, E.T. (1954) Preliminary report on land animals at Onotoa atoll, Gilbert Islands",Lepidoptera,Erebidae
"Utetheisa pulchelloides (Hampson, 1907)",Rose,"Peck, R.W., et al. (2014) Arthropods of Rose atoll with special reference to ants and Pulvianaria urbicola scales (Hemiptera: Coccidae) on Pisonia grandis trees",Lepidoptera,Erebidae
"Utetheisa pulchelloides (Hampson, 1907)",Swains,"Kami, K.S., & Miller, S.E. (1998) Samoan insects and related arthropods: checklist and bibliography",Lepidoptera,Erebidae
"Utetheisa pulchelloides (Hampson, 1907)",Wake,"Bryan, E.H. (1926) Insects of Hawaii, Johnston Island and Wake Island",Lepidoptera,Erebidae
"Atacira mima (Prout A.E., 1925)",Aldabra,"Bippus, M. (2020) Records of Lepidoptera from the Malagasy region with description of new species",Lepidoptera,Euteliidae
"Eutelia blandiatrix (Guenée, 1852)",Aldabra,"Frith, D.W. (1979) A list of insects caught in light traps on West Island, Aldabra Atoll, Indian Ocean",Lepidoptera,Euteliidae
"Anarsia crassipalpella (Legrand, 1965)",Aldabra,"Legrand, H. (1965) Lépidoptères des Îles Seychelles et d'Aldabra",Lepidoptera,Gelechiidae
"Dichomeris seminata (Meyrick, 1911)",Aldabra,"Legrand, H. (1965) Lépidoptères des Îles Seychelles et d'Aldabra",Lepidoptera,Gelechiidae
"Hypatima procax (Meyrick, 1911)",Aldabra,"Legrand, H. (1965) Lépidoptères des Îles Seychelles et d'Aldabra",Lepidoptera,Gelechiidae
"Pectinophora gossypiella (Saunders, 1844)",Aldabra,"Legrand, H. (1965) Lépidoptères des Îles Seychelles et d'Aldabra",Lepidoptera,Gelechiidae
"Pectinophora gossypiella (Saunders, 1844)",Cosmoledo,"Legrand, H. (1965) Lépidoptères des Îles Seychelles et d'Aldabra",Lepidoptera,Gelechiidae
"Polyhymno colorata (Legrand, 1965)",Aldabra,"Legrand, H. (1965) Lépidoptères des Îles Seychelles et d'Aldabra",Lepidoptera,Gelechiidae
"Polyhymno colorata (Legrand, 1965)",Cosmoledo,"Legrand, H. (1965) Lépidoptères des Îles Seychelles et d'Aldabra",Lepidoptera,Gelechiidae
"Thiotricha tenuis (Walsingham, 1891)",Aldabra,"Bippus, M. (2016) Notes on Lepidoptera from the Seychelles",Lepidoptera,Gelechiidae
"Thiotricha tenuis (Walsingham, 1891)",Cosmoledo,"Bippus, M. (2016) Notes on Lepidoptera from the Seychelles",Lepidoptera,Gelechiidae
"Chlorissa stibolepida (Butler, 1879)",Aldabra,"Legrand, H. (1965) Lépidoptères des Îles Seychelles et d'Aldabra",Lepidoptera,Geometridae
"Chlorissa stibolepida (Butler, 1879)",Cosmoledo,"Legrand, H. (1965) Lépidoptères des Îles Seychelles et d'Aldabra",Lepidoptera,Geometridae
"Chlorissa stibolepida (Butler, 1879)",Farquhar,"Legrand, H. (1965) Lépidoptères des Îles Seychelles et d'Aldabra",Lepidoptera,Geometridae
"Chloroclystis immixtaria (Walker, 1862)",Diego Garcia,"Hutson, A.M. (1981) A preliminary list of insects of Diego Garcia Atoll, Chagos Archipelago",Lepidoptera,Geometridae
"Chloroclystis nigella (Joannis, 1906)",Aldabra,"Legrand, H. (1965) Lépidoptères des Îles Seychelles et d'Aldabra",Lepidoptera,Geometridae
"Chloroclystis nigella (Joannis, 1906)",Cosmoledo,"Legrand, H. (1965) Lépidoptères des Îles Seychelles et d'Aldabra",Lepidoptera,Geometridae
"Chloroclystis oceanica (Herbulot, 1962)",Aldabra,"Legrand, H. (1965) Lépidoptères des Îles Seychelles et d'Aldabra",Lepidoptera,Geometridae
"Chloroclystis oceanica (Herbulot, 1962)",Cosmoledo,"Legrand, H. (1965) Lépidoptères des Îles Seychelles et d'Aldabra",Lepidoptera,Geometridae
Chloroclystis sp.,South Keeling,"Wood-Jones, F. (1909) The fauna of the Cocos-Keeling Atoll, collected by F. Wood-Jones",Lepidoptera,Geometridae
"Colocleora acharis (Herbulot, 1962)",Aldabra,"Legrand, H. (1965) Lépidoptères des Îles Seychelles et d'Aldabra",Lepidoptera,Geometridae
"Comostolopsis simplex (Warren, 1902)",Aldabra,"Fryer, J.C.F. (1912) No. I - The Lepidoptera of Seychelles and Aldabra, exclusive of the Orneodidae and Pterophoridae and of the Torticina and Tineina",Lepidoptera,Geometridae
"Comostolopsis stillata (Felder, 1875)",Aldabra,"Legrand, H. (1965) Lépidoptères des Îles Seychelles et d'Aldabra",Lepidoptera,Geometridae
"Cosmethis woodfordii (Butler, 1887)",Nukunonu,"Hickley, A.D. (1969) Ecology of terrestrial arthropods of the Tokelau atolls",Lepidoptera,Geometridae
"Erastria madecassaria (Boisduval, 1833)",Aldabra,"Legrand, H. (1965) Lépidoptères des Îles Seychelles et d'Aldabra",Lepidoptera,Geometridae
"Erastria madecassaria (Boisduval, 1833)",Cosmoledo,"Legrand, H. (1965) Lépidoptères des Îles Seychelles et d'Aldabra",Lepidoptera,Geometridae
Gymnoscelis sp.,Takapoto,"Rivière, F. (1979) La vie animale terrestre à Takapoto",Lepidoptera,Geometridae
"Idaea poecilocrossa (Prout, 1933)",Aldabra,"Legrand, H. (1965) Lépidoptères des Îles Seychelles et d'Aldabra",Lepidoptera,Geometridae
"Idaea poecilocrossa (Prout, 1933)",Cosmoledo,"Legrand, H. (1965) Lépidoptères des Îles Seychelles et d'Aldabra",Lepidoptera,Geometridae
"Idaea pulveraria (Snellen, 1872)",Aldabra,"Legrand, H. (1965) Lépidoptères des Îles Seychelles et d'Aldabra",Lepidoptera,Geometridae
"Isturgia pulinda (Walker, 1860)",Aldabra,"Frith, D.W. (1979) A list of insects caught in light traps on West Island, Aldabra Atoll, Indian Ocean",Lepidoptera,Geometridae
"Problepsis deducta (Herbulot, 1962)",Aldabra,"Legrand, H. (1965) Lépidoptères des Îles Seychelles et d'Aldabra",Lepidoptera,Geometridae
"Psamatodes abydata (Guenée, 1858)",Johnston,"Rash, R. (2020) Checklist and images documenting the biodiversity of Johnston Atoll National Wildlife Refuge",Lepidoptera,Geometridae
"Pyrrhorachis pyrrhogona (Walker, 1866)",Diego Garcia,"Barnett, L.K., & Emms, C. (1996) An annotated checklist of the Chagos archipelago terrestrial fauna (omitting birds) recorded during the 1996 'Friends of the Chagos' expedition",Lepidoptera,Geometridae
"Racotis boarmiaria (Guenée, 1858)",Kavaratti,"Ghosh, A.K. (1991) Fauna of Lakshadweep",Lepidoptera,Geometridae
"Scardamia maculata (Warren, 1897)",Aldabra,"Legrand, H. (1965) Lépidoptères des Îles Seychelles et d'Aldabra",Lepidoptera,Geometridae
"Scopula actuaria (Walker, 1861)",Diego Garcia,"Barnett, L.K., Emms, C., & Holloway, J.D. (2010) The moths of the Chagos Archipelago with notes on their biogeography",Lepidoptera,Geometridae
"Scopula addictaria (Walker, 1861)",Kavaratti,"Ghosh, A.K. (1991) Fauna of Lakshadweep",Lepidoptera,Geometridae
"Scopula aspiciens (Prout, 1926)",Aldabra,"Legrand, H. (1965) Lépidoptères des Îles Seychelles et d'Aldabra",Lepidoptera,Geometridae
"Scopula aspilataria (Walker, 1861)",Kavaratti,"Ghosh, A.K. (1991) Fauna of Lakshadweep",Lepidoptera,Geometridae
"Scopula minorata (Boisduval, 1833)",Aldabra,"Legrand, H. (1965) Lépidoptères des Îles Seychelles et d'Aldabra",Lepidoptera,Geometridae
"Scopula minorata (Boisduval, 1833)",Cosmoledo,"Legrand, H. (1965) Lépidoptères des Îles Seychelles et d'Aldabra",Lepidoptera,Geometridae
"Scopula minorata (Boisduval, 1833)",Farquhar,"Legrand, H. (1965) Lépidoptères des Îles Seychelles et d'Aldabra",Lepidoptera,Geometridae
"Scopula sparsipunctata (Mabille, 1900)",Aldabra,"Legrand, H. (1965) Lépidoptères des Îles Seychelles et d'Aldabra",Lepidoptera,Geometridae
"Scopula sparsipunctata (Mabille, 1900)",Cosmoledo,"Legrand, H. (1965) Lépidoptères des Îles Seychelles et d'Aldabra",Lepidoptera,Geometridae
"Thalassodes quadraria (Guenée, 1857)",Aldabra,"Legrand, H. (1965) Lépidoptères des Îles Seychelles et d'Aldabra",Lepidoptera,Geometridae
"Xenimpia trizonata (Saalmüller, 1891)",Aldabra,"Legrand, H. (1965) Lépidoptères des Îles Seychelles et d'Aldabra",Lepidoptera,Geometridae
"Acrocercops largoplaga (Legrand, 1966)",Aldabra,"Legrand, H. (1965) Lépidoptères des Îles Seychelles et d'Aldabra",Lepidoptera,Gracillariidae
"Caloptilia tirantella (Legrand, 1965)",Cosmoledo,"Legrand, H. (1965) Lépidoptères des Îles Seychelles et d'Aldabra",Lepidoptera,Gracillariidae
"Badamia exclamationis (Fabricius, 1775)",Bikini,"Buden, D.W., & Tennent, W.J. (2017) Butterflies (Lepidoptera) of the Republic of the Marshall Islands",Lepidoptera,Hesperiidae
"Badamia exclamationis (Fabricius, 1775)",Eniwetok,"Tennent, W.J. (2006) A checklist of the butterflies of Melanesia, Micronesia, Polynesia, and some adjacent areas",Lepidoptera,Hesperiidae
"Badamia exclamationis (Fabricius, 1775)",Jaluit,"Buden, D.W., & Tennent, W.J. (2017) Butterflies (Lepidoptera) of the Republic of the Marshall Islands",Lepidoptera,Hesperiidae
"Badamia exclamationis (Fabricius, 1775)",Kwajalein,"Sugerman, B.B. (1972) Insects and other arthropods from Kwajalein atoll (Marshall Islands)",Lepidoptera,Hesperiidae
"Badamia exclamationis (Fabricius, 1775)",Likiep,"Tennent, W.J. (2006) A checklist of the butterflies of Melanesia, Micronesia, Polynesia, and some adjacent areas",Lepidoptera,Hesperiidae
"Badamia exclamationis (Fabricius, 1775)",Majuro,"Tennent, W.J. (2006) A checklist of the butterflies of Melanesia, Micronesia, Polynesia, and some adjacent areas",Lepidoptera,Hesperiidae
"Badamia exclamationis (Fabricius, 1775)",Rongelap,"Buden, D.W., & Tennent, W.J. (2017) Butterflies (Lepidoptera) of the Republic of the Marshall Islands",Lepidoptera,Hesperiidae
"Borbo borbonica (Boisduval, 1833)",Aldabra,"Legrand, H. (1965) Lépidoptères des Îles Seychelles et d'Aldabra",Lepidoptera,Hesperiidae
"Borbo cinnara (Wallace, 1866)",Kavaratti,"Ghosh, A.K. (1991) Fauna of Lakshadweep",Lepidoptera,Hesperiidae
"Borbo gemella (Mabille, 1884)",Aldabra,"Legrand, H. (1965) Lépidoptères des Îles Seychelles et d'Aldabra",Lepidoptera,Hesperiidae
"Coeliades forestan (Stoll, 1782)",Aldabra,"Lawrence, J.M. (2010) A short note on the striped Policemen butterfly, Coeliades forestan (Lepidoptera: Hesperiidae) in Seychelles",Lepidoptera,Hesperiidae
"Coeliades forestan (Stoll, 1782)",Cosmoledo,"Lawrence, J.M. (2010) A short note on the striped Policemen butterfly, Coeliades forestan (Lepidoptera: Hesperiidae) in Seychelles",Lepidoptera,Hesperiidae
"Eagris sabadius (Grey, 1832)",Aldabra,"Legrand, H. (1965) Lépidoptères des Îles Seychelles et d'Aldabra",Lepidoptera,Hesperiidae
"Pelopidas mathias (Fabricius, 1798)",Astove,"Cogan, B.H., & Hutson, A.M. (1971) Preliminary observations on the affinities and composition of the insect fauna of Aldabra",Lepidoptera,Hesperiidae
"Hyblaea puera (Cramer, 1777)",Aldabra,"Frith, D.W. (1979) A list of insects caught in light traps on West Island, Aldabra Atoll, Indian Ocean",Lepidoptera,Hyblaeidae
"Hyblaea puera (Cramer, 1777)",Cosmoledo,"Legrand, H. (1965) Lépidoptères des Îles Seychelles et d'Aldabra",Lepidoptera,Hyblaeidae
"Hyblaea xanthia (Hampson, 1910)",Aldabra,"Fryer, J.C.F. (1912) No. I - The Lepidoptera of Seychelles and Aldabra, exclusive of the Orneodidae and Pterophoridae and of the Torticina and Tineina",Lepidoptera,Hyblaeidae
"Imma francenella (Legrand, 1965)",Aldabra,"Legrand, H. (1965) Lépidoptères des Îles Seychelles et d'Aldabra",Lepidoptera,Immidae
"Imma quaestoria (Meyrick, 1911)",Aldabra,"Legrand, H. (1965) Lépidoptères des Îles Seychelles et d'Aldabra",Lepidoptera,Immidae
"Odites arenella (Legrand, 1965)",Aldabra,"Legrand, H. (1965) Lépidoptères des Îles Seychelles et d'Aldabra",Lepidoptera,Lecithoceridae
"Catochrysops panormus (Felder, 1860)",Ant,"Buden, D.W., Sands, D.P., & Tennent, W.J. (2005) New records of butterflies (Lepidoptera) from the Eastern Caroline Islands, Micronesia",Lepidoptera,Lycaenidae
"Catochrysops panormus (Felder, 1860)",Nomwin,"Buden, D.W., & Tennent, W.J. (2017) New records of butterflies (Lepidoptera) from the Federates States of Micronesia with remarks on geographic variation in Hypolimnas bolina (Linnaeus)",Lepidoptera,Lycaenidae
"Euchrysops cnejus (Fabricius, 1798)",Diego Garcia,"Barnett, L.K., & Emms, C. (1996) An annotated checklist of the Chagos archipelago terrestrial fauna (omitting birds) recorded during the 1996 'Friends of the Chagos' expedition",Lepidoptera,Lycaenidae
"Euchrysops osiris (Hopffer, 1855)",Aldabra,"Legrand, H. (1965) Lépidoptères des Îles Seychelles et d'Aldabra",Lepidoptera,Lycaenidae
"Hypolycaena philippus (Fabricius, 1793)",Aldabra,"Legrand, H. (1965) Lépidoptères des Îles Seychelles et d'Aldabra",Lepidoptera,Lycaenidae
"Hypolycaena philippus (Fabricius, 1793)",Cosmoledo,"Legrand, H. (1965) Lépidoptères des Îles Seychelles et d'Aldabra",Lepidoptera,Lycaenidae
"Jamides bochus (Stoll, 1782)",Lukunor,"Buden, D.W., & Tennent, W.J. (2017) New records of butterflies (Lepidoptera) from the Federates States of Micronesia with remarks on geographic variation in Hypolimnas bolina (Linnaeus)",Lepidoptera,Lycaenidae
"Jamides bochus (Stoll, 1782)",Satawan,"Buden, D.W., Sands, D.P., & Tennent, W.J. (2005) New records of butterflies (Lepidoptera) from the Eastern Caroline Islands, Micronesia",Lepidoptera,Lycaenidae
"Lampides boeticus (L., 1767)",Aldabra,"Cogan, B.H., & Hutson, A.M. (1971) Preliminary observations on the affinities and composition of the insect fauna of Aldabra",Lepidoptera,Lycaenidae
"Lampides boeticus (L., 1767)",Cosmoledo,"Legrand, H. (1965) Lépidoptères des Îles Seychelles et d'Aldabra",Lepidoptera,Lycaenidae
"Lampides boeticus (L., 1767)",Kwajalein,"Buden, D.W., & Tennent, W.J. (2017) Butterflies (Lepidoptera) of the Republic of the Marshall Islands",Lepidoptera,Lycaenidae
"Lampides boeticus (L., 1767)",Nomwin,"Buden, D.W., & Tennent, W.J. (2017) New records of butterflies (Lepidoptera) from the Federates States of Micronesia with remarks on geographic variation in Hypolimnas bolina (Linnaeus)",Lepidoptera,Lycaenidae
"Lampides boeticus (L., 1767)",Satawan,"Buden, D.W., Sands, D.P., & Tennent, W.J. (2005) New records of butterflies (Lepidoptera) from the Eastern Caroline Islands, Micronesia",Lepidoptera,Lycaenidae
"Lampides boeticus (L., 1767)",Sorol,"Buden, D.W., & Tennent, W.J. (2017) New records of butterflies (Lepidoptera) from the Federates States of Micronesia with remarks on geographic variation in Hypolimnas bolina (Linnaeus)",Lepidoptera,Lycaenidae
"Leptotes pirithous (L., 1767)",Aldabra,"Legrand, H. (1965) Lépidoptères des Îles Seychelles et d'Aldabra",Lepidoptera,Lycaenidae
"Leptotes pirithous (L., 1767)",Astove,"Cogan, B.H., & Hutson, A.M. (1971) Preliminary observations on the affinities and composition of the insect fauna of Aldabra",Lepidoptera,Lycaenidae
"Leptotes pirithous (L., 1767)",Cosmoledo,"Legrand, H. (1965) Lépidoptères des Îles Seychelles et d'Aldabra",Lepidoptera,Lycaenidae
"Nacaduba biocellata (Felder & Felder, 1865)",South Keeling,"Lachlan, R.B. (2006) Notes on the haw moths and butterflies (Lepidoptera) of the Cocos (Keeling) Islands, Indian Ocean",Lepidoptera,Lycaenidae
"Petrelaea dana (De Nicéville, 1884)",Diego Garcia,"Barnett, L.K., & Emms, C. (1996) An annotated checklist of the Chagos archipelago terrestrial fauna (omitting birds) recorded during the 1996 'Friends of the Chagos' expedition",Lepidoptera,Lycaenidae
"Spalgis epeus (Westwood, 1851)",Kavaratti,"Ghosh, A.K. (1991) Fauna of Lakshadweep",Lepidoptera,Lycaenidae
"Zizeeria knysna (Trimen, 1862)",Aldabra,"Legrand, H. (1965) Lépidoptères des Îles Seychelles et d'Aldabra",Lepidoptera,Lycaenidae
"Zizeeria knysna (Trimen, 1862)",Farquhar,"Legrand, H. (1965) Lépidoptères des Îles Seychelles et d'Aldabra",Lepidoptera,Lycaenidae
"Zizula hylax (Fabricius, 1775)",Aldabra,"Legrand, H. (1965) Lépidoptères des Îles Seychelles et d'Aldabra",Lepidoptera,Lycaenidae
"Zizula hylax (Fabricius, 1775)",Kavaratti,"Ghosh, A.K. (1991) Fauna of Lakshadweep",Lepidoptera,Lycaenidae
"Zizula hylax (Fabricius, 1775)",Satawan,"Buden, D.W., Sands, D.P., & Tennent, W.J. (2005) New records of butterflies (Lepidoptera) from the Eastern Caroline Islands, Micronesia",Lepidoptera,Lycaenidae
"Leucoptera aldabrana (Legrand, 1965)",Aldabra,"Legrand, H. (1965) Lépidoptères des Îles Seychelles et d'Aldabra",Lepidoptera,Lyonetiidae
"Metachanda aldabrella (Legrand, 1965)",Aldabra,"Legrand, H. (1965) Lépidoptères des Îles Seychelles et d'Aldabra",Lepidoptera,Metachandidae
"Stigmella tropicatella (Legrand, 1965)",Aldabra,"Legrand, H. (1965) Lépidoptères des Îles Seychelles et d'Aldabra",Lepidoptera,Nepticulidae
"Stigmella tropicatella (Legrand, 1965)",Cosmoledo,"Legrand, H. (1965) Lépidoptères des Îles Seychelles et d'Aldabra",Lepidoptera,Nepticulidae
"Acontia malgassica (Mabille, 1881)",Aldabra,"Fryer, J.C.F. (1912) No. I - The Lepidoptera of Seychelles and Aldabra, exclusive of the Orneodidae and Pterophoridae and of the Torticina and Tineina",Lepidoptera,Noctuidae
"Acontia malgassica (Mabille, 1881)",Astove,"Fryer, J.C.F. (1912) No. I - The Lepidoptera of Seychelles and Aldabra, exclusive of the Orneodidae and Pterophoridae and of the Torticina and Tineina",Lepidoptera,Noctuidae
"Acontia malgassica (Mabille, 1881)",Cosmoledo,"Legrand, H. (1965) Lépidoptères des Îles Seychelles et d'Aldabra",Lepidoptera,Noctuidae
"Acontia rachiastris (Hampson, 1908)",Aldabra,"Fryer, J.C.F. (1912) No. I - The Lepidoptera of Seychelles and Aldabra, exclusive of the Orneodidae and Pterophoridae and of the Torticina and Tineina",Lepidoptera,Noctuidae
"Acontia rachiastris (Hampson, 1908)",Cosmoledo,"Legrand, H. (1965) Lépidoptères des Îles Seychelles et d'Aldabra",Lepidoptera,Noctuidae
"Acontia zelleri (Wallengreen, 1856)",Farquhar,"Fletcher, T.B. (1909) Lepidoptera, exclusive of the Tortricidae and Tineidae, with some remarks on their distribution and means of dispersal",Lepidoptera,Noctuidae
"Agrotis consentanea (Mabille, 1880)",Cosmoledo,"Legrand, H. (1965) Lépidoptères des Îles Seychelles et d'Aldabra",Lepidoptera,Noctuidae
"Agrotis crinigera (Butler, 1881)",Laysan,"Asquith, A. (1994) The arthropod fauna of Laysan Island",Lepidoptera,Noctuidae
"Agrotis dislocata (Walker, 1856)",Laysan,"Butler, G.D. (1961) Insects and other arthropods from Laysan Island",Lepidoptera,Noctuidae
"Agrotis eremioides (Meyrick, 1900)",Laysan,"Bryan, E.H. (1926) Insects of Hawaii, Johnston Island and Wake Island",Lepidoptera,Noctuidae
"Agrotis evanescens (Rothschild, 1894)",Laysan,"Butler, G.D. (1961) Insects and other arthropods from Laysan Island",Lepidoptera,Noctuidae
"Agrotis fasciata (Rothschild, 1894)",Laysan,"Butler, G.D. (1961) Insects and other arthropods from Laysan Island",Lepidoptera,Noctuidae
"Agrotis fasciata (Rothschild, 1894)",Midway,"Suehiro, A. (1960) Insects and other arthropods from Midway atoll",Lepidoptera,Noctuidae
"Agrotis ipsilon (Hufnagel, 1766)",Kure,"Butler, G.D., & Usinger, R.L. (1963) Insects and other arthropods from Kure Island",Lepidoptera,Noctuidae
"Agrotis ipsilon (Hufnagel, 1766)",Midway,"Nishida, G.M. & Beardsley, J.W. (2002) A review of the insects and related arthropods of Midway atoll",Lepidoptera,Noctuidae
"Agrotis kerri (Swezey, 1920)",French Frigate Shoals,"Beardsley, J.W. (1966) Insects and other terrestrial arthropods from the Leeward Hawaiian Islands",Lepidoptera,Noctuidae
"Agrotis laysanensis (Rothschild, 1894)",Laysan,"Butler, G.D. (1961) Insects and other arthropods from Laysan Island",Lepidoptera,Noctuidae
"Agrotis procellaris (Meyrick, 1900)",Laysan,"Butler, G.D. (1961) Insects and other arthropods from Laysan Island",Lepidoptera,Noctuidae
"Aletia languida (Walker, 1858)",Kavaratti,"Ghosh, A.K. (1991) Fauna of Lakshadweep",Lepidoptera,Noctuidae
"Amyna axis (Guenée, 1852)",Diego Garcia,"Barnett, L.K., Emms, C., & Holloway, J.D. (2010) The moths of the Chagos Archipelago with notes on their biogeography",Lepidoptera,Noctuidae
"Amyna octo (Guenée, 1852)",Abariringa,"van Zwaluwenburg, R.H. (1955) The insects and certain other arthropods of Canton Island",Lepidoptera,Noctuidae
"Amyna octo (Guenée, 1852)",Aldabra,"Legrand, H. (1965) Lépidoptères des Îles Seychelles et d'Aldabra",Lepidoptera,Noctuidae
"Amyna octo (Guenée, 1852)",Cosmoledo,"Legrand, H. (1965) Lépidoptères des Îles Seychelles et d'Aldabra",Lepidoptera,Noctuidae
"Amyna octo (Guenée, 1852)",Funafuti,"Hedley, C. (1900) The atoll of Funafuti, Ellice Group - its zoology, botany, ethnology, and general structure",Lepidoptera,Noctuidae
"Anua coronata (Fabricius, 1775)",Kavaratti,"Ghosh, A.K. (1991) Fauna of Lakshadweep",Lepidoptera,Noctuidae
"Anua coronata (Fabricius, 1775)",Kwajalein,"Sugerman, B.B. (1979) Additions to the list of insects and other arthropods from Kwajalein atoll (Marshall Islands)",Lepidoptera,Noctuidae
"Ascalapha odorata (L., 1758)",Johnston,"Rash, R. (2020) Checklist and images documenting the biodiversity of Johnston Atoll National Wildlife Refuge",Lepidoptera,Noctuidae
"Attatha gaetana (Oberthür, 1923)",Aldabra,"Legrand, H. (1965) Lépidoptères des Îles Seychelles et d'Aldabra",Lepidoptera,Noctuidae
"Athetis obtusa (Hampson, 1891)",Kavaratti,"Ghosh, A.K. (1991) Fauna of Lakshadweep",Lepidoptera,Noctuidae
"Aulotarache decoripennis (Mabille, 1900)",Aldabra,"Legrand, H. (1965) Lépidoptères des Îles Seychelles et d'Aldabra",Lepidoptera,Noctuidae
"Avatha extranea (Berio, 1962)",Aldabra,"Frith, D.W. (1979) A list of insects caught in light traps on West Island, Aldabra Atoll, Indian Ocean",Lepidoptera,Noctuidae
"Azazia rubricans (Boisduval, 1833)",Kwajalein,"Sugerman, B.B. (1972) Insects and other arthropods from Kwajalein atoll (Marshall Islands)",Lepidoptera,Noctuidae
"Berresa natalis (Walker, 1858)",Diego Garcia,"Barnett, L.K., Emms, C., & Holloway, J.D. (2010) The moths of the Chagos Archipelago with notes on their biogeography",Lepidoptera,Noctuidae
"Bocana manifestalis (Walker, 1859)",Kwajalein,"Sugerman, B.B. (1972) Insects and other arthropods from Kwajalein atoll (Marshall Islands)",Lepidoptera,Noctuidae
"Callopistria maillardi (Guenée, 1862)",Diego Garcia,"Barnett, L.K., & Emms, C. (1996) An annotated checklist of the Chagos archipelago terrestrial fauna (omitting birds) recorded during the 1996 'Friends of the Chagos' expedition",Lepidoptera,Noctuidae
"Callopistria maillardi (Guenée, 1862)",Nukunonu,"Hickley, A.D. (1969) Ecology of terrestrial arthropods of the Tokelau atolls",Lepidoptera,Noctuidae
"Callopistria maillardi (Guenée, 1862)",Swains,"Kami, K.S., & Miller, S.E. (1998) Samoan insects and related arthropods: checklist and bibliography",Lepidoptera,Noctuidae
"Chalciope delta (Boisduval, 1833)",Aldabra,"Legrand, H. (1965) Lépidoptères des Îles Seychelles et d'Aldabra",Lepidoptera,Noctuidae
"Chalciope mygdon (Cramer, 1777)",Kavaratti,"Ghosh, A.K. (1991) Fauna of Lakshadweep",Lepidoptera,Noctuidae
"Chasmina candida (Walker, 1865)",South Keeling,"Fletcher, T.B. (1909) Lepidoptera, exclusive of the Tortricidae and Tineidae, with some remarks on their distribution and means of dispersal",Lepidoptera,Noctuidae
"Chasmina candida (Walker, 1865)",Diego Garcia,"Barnett, L.K., & Emms, C. (1996) An annotated checklist of the Chagos archipelago terrestrial fauna (omitting birds) recorded during the 1996 'Friends of the Chagos' expedition",Lepidoptera,Noctuidae
"Chasmina candida (Walker, 1865)",Kavaratti,"Ghosh, A.K. (1991) Fauna of Lakshadweep",Lepidoptera,Noctuidae
"Chasmina tibialis (Fabricius, 1775)",Diego Garcia,"Hutson, A.M. (1981) A preliminary list of insects of Diego Garcia Atoll, Chagos Archipelago",Lepidoptera,Noctuidae
"Chasmina tibialis (Fabricius, 1775)",Kavaratti,"Ghosh, A.K. (1991) Fauna of Lakshadweep",Lepidoptera,Noctuidae
"Chrysodeixis chalcites (Esper, 1789)",Aldabra,"Bippus, M. (2016) Notes on Lepidoptera from the Seychelles",Lepidoptera,Noctuidae
"Chrysodeixis chalcites (Esper, 1789)",South Keeling,"Wood-Jones, F. (1909) The fauna of the Cocos-Keeling Atoll, collected by F. Wood-Jones",Lepidoptera,Noctuidae
"Chrysodeixis chalcites (Esper, 1789)",Farquhar,"Fletcher, T.B. (1909) Lepidoptera, exclusive of the Tortricidae and Tineidae, with some remarks on their distribution and means of dispersal",Lepidoptera,Noctuidae
"Chrysodeixis chalcites (Esper, 1789)",French Frigate Shoals,"Beardsley, J.W. (1966) Insects and other terrestrial arthropods from the Leeward Hawaiian Islands",Lepidoptera,Noctuidae
"Chrysodeixis chalcites (Esper, 1789)",Kure,"Butler, G.D., & Usinger, R.L. (1963) Insects and other arthropods from Kure Island",Lepidoptera,Noctuidae
"Chrysodeixis chalcites (Esper, 1789)",Kwajalein,"Sugerman, B.B. (1972) Insects and other arthropods from Kwajalein atoll (Marshall Islands)",Lepidoptera,Noctuidae
"Chrysodeixis chalcites (Esper, 1789)",Laysan,"Butler, G.D., & Usinger, R.L. (1963) Insects and other invertebrates from Laysan Island",Lepidoptera,Noctuidae
"Chrysodeixis chalcites (Esper, 1789)",Midway,"Suehiro, A. (1960) Insects and other arthropods from Midway atoll",Lepidoptera,Noctuidae
"Chrysodeixis chalcites (Esper, 1789)",Palmyra,"Krauss, N.L.H. (1953) Insects and other invertebrates from Palmyra atoll and Christmas Island",Lepidoptera,Noctuidae
"Chrysodeixis eriosoma (Doubleday, 1843)",South Keeling,"Bellis, G.A., et al. (2004) Records of insect pests on Christmas Island and the Cocos (Keeling) Islands, Indian Ocean",Lepidoptera,Noctuidae
"Chrysodeixis eriosoma (Doubleday, 1843)",Midway,"Nishida, G.M. & Beardsley, J.W. (2002) A review of the insects and related arthropods of Midway atoll",Lepidoptera,Noctuidae
"Chrysodeixis eriosoma (Doubleday, 1843)",Palmyra,"Handler, A.T., et al. (2007) Arthropod surveys on Palmyra Atoll, Line Islands, and insights into the decline of the native tree Pisonia grandis (Nycatginaceae)",Lepidoptera,Noctuidae
"Chrysodeixis includens (Walker, 1857)",Clipperton,"Garrouste, R., & Hervé, C. (2009) La faune des insectes (Insecta s.l.) de l'atoll de Clipperton",Lepidoptera,Noctuidae
"Chrysodeixis permissa (Walker, 1858)",Kavaratti,"Ghosh, A.K. (1991) Fauna of Lakshadweep",Lepidoptera,Noctuidae
"Condica conducta (Walker, 1857)",Diego Garcia,"Barnett, L.K., Emms, C., & Holloway, J.D. (2010) The moths of the Chagos Archipelago with notes on their biogeography",Lepidoptera,Noctuidae
"Condica cf. capensis (Guenée, 1852)",Kwajalein,"Sugerman, B.B. (1972) Insects and other arthropods from Kwajalein atoll (Marshall Islands)",Lepidoptera,Noctuidae
"Conochuza lineola (Berio, 1962)",Aldabra,"Legrand, H. (1965) Lépidoptères des Îles Seychelles et d'Aldabra",Lepidoptera,Noctuidae
"Elaphria nucicolora (Guenée, 1852)",Laysan,"Butler, G.D., & Usinger, R.L. (1963) Insects and other invertebrates from Laysan Island",Lepidoptera,Noctuidae
"Ericeia inangulata (Guenée, 1852)",Aldabra,"Legrand, H. (1965) Lépidoptères des Îles Seychelles et d'Aldabra",Lepidoptera,Noctuidae
"Ericeia inangulata (Guenée, 1852)",Cosmoledo,"Legrand, H. (1965) Lépidoptères des Îles Seychelles et d'Aldabra",Lepidoptera,Noctuidae
"Eulocastra neoexcisa (Berio, 1954)",Aldabra,"Legrand, H. (1965) Lépidoptères des Îles Seychelles et d'Aldabra",Lepidoptera,Noctuidae
"Helicoverpa armigera (Hübner, 1808)",Abariringa,"van Zwaluwenburg, R.H. (1955) The insects and certain other arthropods of Canton Island",Lepidoptera,Noctuidae
"Helicoverpa armigera (Hübner, 1808)",Aldabra,"Legrand, H. (1965) Lépidoptères des Îles Seychelles et d'Aldabra",Lepidoptera,Noctuidae
"Helicoverpa armigera (Hübner, 1808)",South Keeling,"Wood-Jones, F. (1909) The fauna of the Cocos-Keeling Atoll, collected by F. Wood-Jones",Lepidoptera,Noctuidae
"Helicoverpa armigera (Hübner, 1808)",Cosmoledo,"Legrand, H. (1965) Lépidoptères des Îles Seychelles et d'Aldabra",Lepidoptera,Noctuidae
"Helicoverpa assulta (Guenée, 1852)",Aldabra,"Frith, D.W. (1979) A list of insects caught in light traps on West Island, Aldabra Atoll, Indian Ocean",Lepidoptera,Noctuidae
"Helicoverpa assulta (Guenée, 1852)",South Keeling,"Wood-Jones, F. (1909) The fauna of the Cocos-Keeling Atoll, collected by F. Wood-Jones",Lepidoptera,Noctuidae
"Helicoverpa zea (Boddie, 1850)",Kure,"Butler, G.D., & Usinger, R.L. (1963) Insects and other arthropods from Kure Island",Lepidoptera,Noctuidae
"Helicoverpa zea (Boddie, 1850)",Midway,"Nishida, G.M. & Beardsley, J.W. (2002) A review of the insects and related arthropods of Midway atoll",Lepidoptera,Noctuidae
"Helicoverpa zea (Boddie, 1850)",Pearl and Hermes,"Beardsley, J.W. (1966) Insects and other terrestrial arthropods from the Leeward Hawaiian Islands",Lepidoptera,Noctuidae
Heliothis sp.,Laysan,"Butler, G.D., & Usinger, R.L. (1963) Insects and other invertebrates from Laysan Island",Lepidoptera,Noctuidae
"Hydrillodes lentalis (Guenée, 1854)",Kavaratti,"Ghosh, A.K. (1991) Fauna of Lakshadweep",Lepidoptera,Noctuidae
"Hypendalia microscopica (Berio, 1962)",Aldabra,"Legrand, H. (1965) Lépidoptères des Îles Seychelles et d'Aldabra",Lepidoptera,Noctuidae
"Ilattia octo (Guenée, 1852)",Diego Garcia,"Hutson, A.M. (1981) A preliminary list of insects of Diego Garcia Atoll, Chagos Archipelago",Lepidoptera,Noctuidae
"Leucania loreyi (Duponchel, 1827)",Aldabra,"Fryer, J.C.F. (1912) No. I - The Lepidoptera of Seychelles and Aldabra, exclusive of the Orneodidae and Pterophoridae and of the Torticina and Tineina",Lepidoptera,Noctuidae
"Leucania loreyi (Duponchel, 1827)",South Keeling,"Wood-Jones, F. (1909) The fauna of the Cocos-Keeling Atoll, collected by F. Wood-Jones",Lepidoptera,Noctuidae
"Leucania loreyimima (Rungs, 1953)",Midway,"Nishida, G.M. & Beardsley, J.W. (2002) A review of the insects and related arthropods of Midway atoll",Lepidoptera,Noctuidae
"Lycophotia porphyrea (Denis & Schiffermüller, 1775)",Laysan,"Butler, G.D. (1961) Insects and other arthropods from Laysan Island",Lepidoptera,Noctuidae
"Maliattha signifera (Walker, 1857)",Kavaratti,"Ghosh, A.K. (1991) Fauna of Lakshadweep",Lepidoptera,Noctuidae
"Mythimna madensis (Berio, 1956)",Aldabra,"Legrand, H. (1965) Lépidoptères des Îles Seychelles et d'Aldabra",Lepidoptera,Noctuidae
"Mythimna unipuncta (Haworth, 1809)",Laysan,"Bryan, E.H. (1926) Insects of Hawaii, Johnston Island and Wake Island",Lepidoptera,Noctuidae
"Neogalea sunia (Guenée, 1852)",Clipperton,"Barbut, J., et al. (2006) Inventaire et diversité des Lépidoptères de l'atoll de Clipperton",Lepidoptera,Noctuidae
"Oedebasis ovipennis (Hampson, 1902)",Aldabra,"Legrand, H. (1965) Lépidoptères des Îles Seychelles et d'Aldabra",Lepidoptera,Noctuidae
"Oediplexia citrophila (Berio, 1962)",Aldabra,"Legrand, H. (1965) Lépidoptères des Îles Seychelles et d'Aldabra",Lepidoptera,Noctuidae
"Oglasa calimanii (Berio, 1939)",Aldabra,"Legrand, H. (1965) Lépidoptères des Îles Seychelles et d'Aldabra",Lepidoptera,Noctuidae
"Oxygonitis sericeata (Hampson, 1893)",South Keeling,"Wood-Jones, F. (1909) The fauna of the Cocos-Keeling Atoll, collected by F. Wood-Jones",Lepidoptera,Noctuidae
"Ozarba aldabrae (Berio, 1959)",Aldabra,"Legrand, H. (1965) Lépidoptères des Îles Seychelles et d'Aldabra",Lepidoptera,Noctuidae
"Ozarba aldabrae (Berio, 1959)",Cosmoledo,"Legrand, H. (1965) Lépidoptères des Îles Seychelles et d'Aldabra",Lepidoptera,Noctuidae
"Pantydia metaspila (Walker, 1857)",Kavaratti,"Ghosh, A.K. (1991) Fauna of Lakshadweep",Lepidoptera,Noctuidae
"Parafodina aldabrana (Fryer, 1912)",Aldabra,"Fryer, J.C.F. (1912) No. I - The Lepidoptera of Seychelles and Aldabra, exclusive of the Orneodidae and Pterophoridae and of the Torticina and Tineina",Lepidoptera,Noctuidae
"Peridroma chersotoides (Butler, 1881)",Laysan,"Asquith, A. (1994) The arthropod fauna of Laysan Island",Lepidoptera,Noctuidae
"Peridroma evanescens (Rothschild, 1894)",Laysan,"Bryan, E.H. (1926) Insects of Hawaii, Johnston Island and Wake Island",Lepidoptera,Noctuidae
"Perigea aldabrae (Berio, 1962)",Aldabra,"Legrand, H. (1965) Lépidoptères des Îles Seychelles et d'Aldabra",Lepidoptera,Noctuidae
"Polydesma umbricola (Boisduval, 1833)",Aldabra,"Legrand, H. (1965) Lépidoptères des Îles Seychelles et d'Aldabra",Lepidoptera,Noctuidae
"Polytela gloriosae (Fabricius, 1781)",Kavaratti,"Ghosh, A.K. (1991) Fauna of Lakshadweep",Lepidoptera,Noctuidae
"Porphyrinia cochylioides (Guenée, 1852)",Diego Garcia,"Hutson, A.M. (1981) A preliminary list of insects of Diego Garcia Atoll, Chagos Archipelago",Lepidoptera,Noctuidae
"Prodenia laysanensis (Rothschild, 1894)",Laysan,"Bryan, E.H. (1926) Insects of Hawaii, Johnston Island and Wake Island",Lepidoptera,Noctuidae
"Prospalta capensis (Guenée, 1852)",Diego Garcia,"Hutson, A.M. (1981) A preliminary list of insects of Diego Garcia Atoll, Chagos Archipelago",Lepidoptera,Noctuidae
"Pseudaletia unipuncta (Haworth, 1809)",Laysan,"Butler, G.D. (1961) Insects and other arthropods from Laysan Island",Lepidoptera,Noctuidae
"Pseudaletia unipuncta (Haworth, 1809)",Midway,"Suehiro, A. (1960) Insects and other arthropods from Midway atoll",Lepidoptera,Noctuidae
"Remigia frugalis (Fabricius, 1775)",South Keeling,"Wood-Jones, F. (1909) The fauna of the Cocos-Keeling Atoll, collected by F. Wood-Jones",Lepidoptera,Noctuidae
"Remigia frugalis (Fabricius, 1775)",Diego Garcia,"Fletcher, T.B. (1909) Lepidoptera, exclusive of the Tortricidae and Tineidae, with some remarks on their distribution and means of dispersal",Lepidoptera,Noctuidae
"Remigia frugalis (Fabricius, 1775)",Farquhar,"Fletcher, T.B. (1909) Lepidoptera, exclusive of the Tortricidae and Tineidae, with some remarks on their distribution and means of dispersal",Lepidoptera,Noctuidae
"Spodoptera albula (Walker, 1857)",Clipperton,"Garrouste, R., & Hervé, C. (2009) La faune des insectes (Insecta s.l.) de l'atoll de Clipperton",Lepidoptera,Noctuidae
"Spodoptera exempta (Walker, 1856)",Abariringa,"van Zwaluwenburg, R.H. (1955) The insects and certain other arthropods of Canton Island",Lepidoptera,Noctuidae
"Spodoptera exempta (Walker, 1856)",Eniwetok,"Samuelson, G.A., & Nishida, G.M. (1987) Insects and allies (arthropods) of Enewetak atoll",Lepidoptera,Noctuidae
"Spodoptera exempta (Walker, 1856)",French Frigate Shoals,"Beardsley, J.W. (1966) Insects and other terrestrial arthropods from the Leeward Hawaiian Islands",Lepidoptera,Noctuidae
"Spodoptera exempta (Walker, 1856)",Johnston,"Binion Amerson, A., & Shelton, P.C. (1976) The natural history of Johnston atoll, Central Pacific Ocean",Lepidoptera,Noctuidae
"Spodoptera exempta (Walker, 1856)",Kwajalein,"Sugerman, B.B. (1979) Additions to the list of insects and other arthropods from Kwajalein atoll (Marshall Islands)",Lepidoptera,Noctuidae
"Spodoptera exempta (Walker, 1856)",Midway,"Nishida, G.M. & Beardsley, J.W. (2002) A review of the insects and related arthropods of Midway atoll",Lepidoptera,Noctuidae
"Spodoptera exigua (Hübner, 1808)",Clipperton,"Garrouste, R., & Hervé, C. (2009) La faune des insectes (Insecta s.l.) de l'atoll de Clipperton",Lepidoptera,Noctuidae
"Spodoptera exigua (Hübner, 1808)",Laysan,"Butler, G.D., & Usinger, R.L. (1963) Insects and other invertebrates from Laysan Island",Lepidoptera,Noctuidae
"Spodoptera littoralis (Boisduval, 1833)",Aldabra,"Legrand, H. (1965) Lépidoptères des Îles Seychelles et d'Aldabra",Lepidoptera,Noctuidae
"Spodoptera littoralis (Boisduval, 1833)",South Keeling,"Wood-Jones, F. (1909) The fauna of the Cocos-Keeling Atoll, collected by F. Wood-Jones",Lepidoptera,Noctuidae
"Spodoptera littoralis (Boisduval, 1833)",Diego Garcia,"Fletcher, T.B. (1909) Lepidoptera, exclusive of the Tortricidae and Tineidae, with some remarks on their distribution and means of dispersal",Lepidoptera,Noctuidae
"Spodoptera litura (Fabricius, 1775)",Abariringa,"van Zwaluwenburg, R.H. (1955) The insects and certain other arthropods of Canton Island",Lepidoptera,Noctuidae
"Spodoptera litura (Fabricius, 1775)",South Keeling,"Bellis, G.A., et al. (2004) Records of insect pests on Christmas Island and the Cocos (Keeling) Islands, Indian Ocean",Lepidoptera,Noctuidae
"Spodoptera litura (Fabricius, 1775)",Diego Garcia,"Barnett, L.K., Emms, C., & Holloway, J.D. (2010) The moths of the Chagos Archipelago with notes on their biogeography",Lepidoptera,Noctuidae
"Spodoptera litura (Fabricius, 1775)",Eniwetok,"Samuelson, G.A., & Nishida, G.M. (1987) Insects and allies (arthropods) of Enewetak atoll",Lepidoptera,Noctuidae
"Spodoptera litura (Fabricius, 1775)",Kiritimati,"Holloway, J.D. (1990) The Lepidoptera of Easter, Pitcairn and Henderson Islands",Lepidoptera,Noctuidae
"Spodoptera litura (Fabricius, 1775)",Kwajalein,"Sugerman, B.B. (1972) Insects and other arthropods from Kwajalein atoll (Marshall Islands)",Lepidoptera,Noctuidae
"Spodoptera litura (Fabricius, 1775)",Midway,"Nishida, G.M. & Beardsley, J.W. (2002) A review of the insects and related arthropods of Midway atoll",Lepidoptera,Noctuidae
"Spodoptera litura (Fabricius, 1775)",Palmyra,"Handler, A.T., et al. (2007) Arthropod surveys on Palmyra Atoll, Line Islands, and insights into the decline of the native tree Pisonia grandis (Nycatginaceae)",Lepidoptera,Noctuidae
"Spodoptera litura (Fabricius, 1775)",Pearl and Hermes,"Beardsley, J.W. (1966) Insects and other terrestrial arthropods from the Leeward Hawaiian Islands",Lepidoptera,Noctuidae
"Spodoptera litura (Fabricius, 1775)",Rose,"Peck, R.W., et al. (2014) Arthropods of Rose atoll with special reference to ants and Pulvianaria urbicola scales (Hemiptera: Coccidae) on Pisonia grandis trees",Lepidoptera,Noctuidae
"Spodoptera mauritia (Boisduval, 1833)",South Keeling,"Bellis, G.A., et al. (2004) Records of insect pests on Christmas Island and the Cocos (Keeling) Islands, Indian Ocean",Lepidoptera,Noctuidae
"Spodoptera mauritia (Boisduval, 1833)",Diego Garcia,"Barnett, L.K., & Emms, C. (1996) An annotated checklist of the Chagos archipelago terrestrial fauna (omitting birds) recorded during the 1996 'Friends of the Chagos' expedition",Lepidoptera,Noctuidae
"Spodoptera mauritia (Boisduval, 1833)",Kavaratti,"Ghosh, A.K. (1991) Fauna of Lakshadweep",Lepidoptera,Noctuidae
"Spodoptera mauritia (Boisduval, 1833)",Kure,"Beardsley, J.W. (1966) Insects and other terrestrial arthropods from the Leeward Hawaiian Islands",Lepidoptera,Noctuidae
"Spodoptera mauritia (Boisduval, 1833)",Kwajalein,"Sugerman, B.B. (1972) Insects and other arthropods from Kwajalein atoll (Marshall Islands)",Lepidoptera,Noctuidae
"Spodoptera mauritia (Boisduval, 1833)",Midway,"Suehiro, A. (1960) Insects and other arthropods from Midway atoll",Lepidoptera,Noctuidae
"Spodoptera mauritia (Boisduval, 1833)",Nukunonu,"Hickley, A.D. (1969) Ecology of terrestrial arthropods of the Tokelau atolls",Lepidoptera,Noctuidae
"Spodoptera picta (Guérin-Meneville, 1830)",Kwajalein,"Sugerman, B.B. (1979) Additions to the list of insects and other arthropods from Kwajalein atoll (Marshall Islands)",Lepidoptera,Noctuidae
Spodoptera sp.,Kure,"Butler, G.D., & Usinger, R.L. (1963) Insects and other arthropods from Kure Island",Lepidoptera,Noctuidae
Spodoptera sp.,Midway,"Suehiro, A. (1960) Insects and other arthropods from Midway atoll",Lepidoptera,Noctuidae
"Stictoptera hironsi (Barnett, Emms & Holloway, 1998)",Diego Garcia,"Barnett, L.K., & Emms, C. (1996) An annotated checklist of the Chagos archipelago terrestrial fauna (omitting birds) recorded during the 1996 'Friends of the Chagos' expedition",Lepidoptera,Noctuidae
"Tephrialia glyptalis (Mabille, 1880)",Aldabra,"Legrand, H. (1965) Lépidoptères des Îles Seychelles et d'Aldabra",Lepidoptera,Noctuidae
"Trichoplusia ni (Hübner, 1803)",Laysan,"Butler, G.D., & Usinger, R.L. (1963) Insects and other invertebrates from Laysan Island",Lepidoptera,Noctuidae
"Trigonodes hyppasia (Cramer, 1779)",Aldabra,"Legrand, H. (1965) Lépidoptères des Îles Seychelles et d'Aldabra",Lepidoptera,Noctuidae
"Trigonodes hyppasia (Cramer, 1779)",Glorioso,"Paulian, R. (1989) Les insectes des Îles Glorieuses",Lepidoptera,Noctuidae
"Zeuxinia aeschrina (Legrand, 1965)",Aldabra,"Legrand, H. (1965) Lépidoptères des Îles Seychelles et d'Aldabra",Lepidoptera,Noctuidae
"Bryophilopsis griseoplaga (Legrand, 1965)",Aldabra,"Legrand, H. (1965) Lépidoptères des Îles Seychelles et d'Aldabra",Lepidoptera,Nolidae
"Bryophilopsis griseoplaga (Legrand, 1965)",Cosmoledo,"Legrand, H. (1965) Lépidoptères des Îles Seychelles et d'Aldabra",Lepidoptera,Nolidae
"Bryophilopsis lunifera (Hampson, 1912)",Aldabra,"Legrand, H. (1965) Lépidoptères des Îles Seychelles et d'Aldabra",Lepidoptera,Nolidae
"Bryophilopsis nesta (Bainbridge-Fletcher, 1910)",Aldabra,"Legrand, H. (1965) Lépidoptères des Îles Seychelles et d'Aldabra",Lepidoptera,Nolidae
"Bryophilopsis nesta (Bainbridge-Fletcher, 1910)",Astove,"Lionnet, J.F.G. (1970) Note on the Lepidoptera of Astove atoll",Lepidoptera,Nolidae
"Bryophilopsis roederi (Standfuss, 1892)",Aldabra,"Fryer, J.C.F. (1912) No. I - The Lepidoptera of Seychelles and Aldabra, exclusive of the Orneodidae and Pterophoridae and of the Torticina and Tineina",Lepidoptera,Nolidae
"Bryophilopsis tarachoides (Mabille, 1899)",Aldabra,"Legrand, H. (1965) Lépidoptères des Îles Seychelles et d'Aldabra",Lepidoptera,Nolidae
"Celama squalida (Staudinger, 1870)",Aldabra,"Fryer, J.C.F. (1912) No. I - The Lepidoptera of Seychelles and Aldabra, exclusive of the Orneodidae and Pterophoridae and of the Torticina and Tineina",Lepidoptera,Nolidae
"Celama squalida (Staudinger, 1870)",Kavaratti,"Ghosh, A.K. (1991) Fauna of Lakshadweep",Lepidoptera,Nolidae
"Celama tarzanae (Legrand, 1965)",Cosmoledo,"Legrand, H. (1965) Lépidoptères des Îles Seychelles et d'Aldabra",Lepidoptera,Nolidae
"Celama vidoti (Legrand, 1965)",Aldabra,"Legrand, H. (1965) Lépidoptères des Îles Seychelles et d'Aldabra",Lepidoptera,Nolidae
"Celama vidoti (Legrand, 1965)",Cosmoledo,"Legrand, H. (1965) Lépidoptères des Îles Seychelles et d'Aldabra",Lepidoptera,Nolidae
"Characoma nilotica (Rogenhofer, 1882)",Diego Garcia,"Barnett, L.K., Emms, C., & Holloway, J.D. (2010) The moths of the Chagos Archipelago with notes on their biogeography",Lepidoptera,Nolidae
"Earias insulana (Boisduval, 1833)",Aldabra,"Legrand, H. (1965) Lépidoptères des Îles Seychelles et d'Aldabra",Lepidoptera,Nolidae
"Xanthodes albago (Fabricius, 1794)",Glorioso,"Paulian, R. (1989) Les insectes des Îles Glorieuses",Lepidoptera,Nolidae
"Iridoplitis malgassica (Kiriakoff, 1960)",Aldabra,"Legrand, H. (1965) Lépidoptères des Îles Seychelles et d'Aldabra",Lepidoptera,Notodontidae
"Acraea ranavalona (Boisduval, 1833)",Aldabra,"Legrand, H. (1965) Lépidoptères des Îles Seychelles et d'Aldabra",Lepidoptera,Nymphalidae
"Acraea ranavalona (Boisduval, 1833)",Astove,"Bayne, C.J., et al. (1970) Geography and ecology of Astove",Lepidoptera,Nymphalidae
"Acraea terpsicore (L., 1758)",Aldabra,"Legrand, H. (1965) Lépidoptères des Îles Seychelles et d'Aldabra",Lepidoptera,Nymphalidae
"Acraea terpsicore (L., 1758)",Astove,"Cogan, B.H., & Hutson, A.M. (1971) Preliminary observations on the affinities and composition of the insect fauna of Aldabra",Lepidoptera,Nymphalidae
"Acraea terpsicore (L., 1758)",Cosmoledo,"Legrand, H. (1965) Lépidoptères des Îles Seychelles et d'Aldabra",Lepidoptera,Nymphalidae
"Acraea violae (Fabricius, 1775)",Kavaratti,"Ghosh, A.K. (1991) Fauna of Lakshadweep",Lepidoptera,Nymphalidae
"Danaus chrysippus (L., 1758)",Aldabra,"Legrand, H. (1965) Lépidoptères des Îles Seychelles et d'Aldabra",Lepidoptera,Nymphalidae
"Danaus chrysippus (L., 1758)",Astove,"Cogan, B.H., & Hutson, A.M. (1971) Preliminary observations on the affinities and composition of the insect fauna of Aldabra",Lepidoptera,Nymphalidae
"Danaus chrysippus (L., 1758)",South Keeling,"Lachlan, R.B. (2006) Notes on the haw moths and butterflies (Lepidoptera) of the Cocos (Keeling) Islands, Indian Ocean",Lepidoptera,Nymphalidae
"Danaus chrysippus (L., 1758)",Cosmoledo,"Legrand, H. (1965) Lépidoptères des Îles Seychelles et d'Aldabra",Lepidoptera,Nymphalidae
"Danaus chrysippus (L., 1758)",Glorioso,"Paulian, R. (1989) Les insectes des Îles Glorieuses",Lepidoptera,Nymphalidae
"Danaus limniace (Cramer, 1775)",Kavaratti,"Ghosh, A.K. (1991) Fauna of Lakshadweep",Lepidoptera,Nymphalidae
"Danaus plexippus (L., 1758)",Abariringa,"Tennent, W.J. (2006) A checklist of the butterflies of Melanesia, Micronesia, Polynesia, and some adjacent areas",Lepidoptera,Nymphalidae
"Danaus plexippus (L., 1758)",Arno,"Buden, D.W., & Tennent, W.J. (2017) Butterflies (Lepidoptera) of the Republic of the Marshall Islands",Lepidoptera,Nymphalidae
"Danaus plexippus (L., 1758)",South Keeling,"Gibson-Hill, C.A. (1950) Notes on the insects taken on the Cocos-Keeling Islands",Lepidoptera,Nymphalidae
"Danaus plexippus (L., 1758)",Jaluit,"Buden, D.W., & Tennent, W.J. (2017) Butterflies (Lepidoptera) of the Republic of the Marshall Islands",Lepidoptera,Nymphalidae
"Danaus plexippus (L., 1758)",Likiep,"Buden, D.W., & Tennent, W.J. (2017) Butterflies (Lepidoptera) of the Republic of the Marshall Islands",Lepidoptera,Nymphalidae
"Danaus plexippus (L., 1758)",Lukunor,"Buden, D.W., & Tennent, W.J. (2017) New records of butterflies (Lepidoptera) from the Federates States of Micronesia with remarks on geographic variation in Hypolimnas bolina (Linnaeus)",Lepidoptera,Nymphalidae
"Danaus plexippus (L., 1758)",Majuro,"Tennent, W.J. (2006) A checklist of the butterflies of Melanesia, Micronesia, Polynesia, and some adjacent areas",Lepidoptera,Nymphalidae
"Danaus plexippus (L., 1758)",Nomwin,"Buden, D.W., & Tennent, W.J. (2017) New records of butterflies (Lepidoptera) from the Federates States of Micronesia with remarks on geographic variation in Hypolimnas bolina (Linnaeus)",Lepidoptera,Nymphalidae
"Danaus plexippus (L., 1758)",Pingelap,"Buden, D.W., Sands, D.P., & Tennent, W.J. (2005) New records of butterflies (Lepidoptera) from the Eastern Caroline Islands, Micronesia",Lepidoptera,Nymphalidae
"Danaus plexippus (L., 1758)",Swains,"Tennent, W.J. (2006) A checklist of the butterflies of Melanesia, Micronesia, Polynesia, and some adjacent areas",Lepidoptera,Nymphalidae
"Danaus plexippus (L., 1758)",Tabuaeran,"Tennent, W.J. (2006) A checklist of the butterflies of Melanesia, Micronesia, Polynesia, and some adjacent areas",Lepidoptera,Nymphalidae
"Euploea algea (Godart, 1819)",Funafuti,"Hedley, C. (1900) The atoll of Funafuti, Ellice Group - its zoology, botany, ethnology, and general structure",Lepidoptera,Nymphalidae
"Euploea core (Cramer, 1780)",South Keeling,"Lachlan, R.B. (2006) Notes on the haw moths and butterflies (Lepidoptera) of the Cocos (Keeling) Islands, Indian Ocean",Lepidoptera,Nymphalidae
"Euploea core (Cramer, 1780)",Kavaratti,"Ghosh, A.K. (1991) Fauna of Lakshadweep",Lepidoptera,Nymphalidae
"Euploea lewinii (Felder & Felder, 1865)",Funafuti,"Hedley, C. (1900) The atoll of Funafuti, Ellice Group - its zoology, botany, ethnology, and general structure",Lepidoptera,Nymphalidae
"Euploea lewinii (Felder & Felder, 1865)",Nukunonu,"Hickley, A.D. (1969) Ecology of terrestrial arthropods of the Tokelau atolls",Lepidoptera,Nymphalidae
"Euploea lewinii (Felder & Felder, 1865)",Swains,"Tennent, W.J. (2006) A checklist of the butterflies of Melanesia, Micronesia, Polynesia, and some adjacent areas",Lepidoptera,Nymphalidae
"Euploea mitra (Moore, 1857)",Aldabra,"Fletcher, T.B. (1909) Lepidoptera, exclusive of the Tortricidae and Tineidae, with some remarks on their distribution and means of dispersal",Lepidoptera,Nymphalidae
"Hypolimnas bolina (L., 1758)",Abariringa,"van Zwaluwenburg, R.H. (1955) The insects and certain other arthropods of Canton Island",Lepidoptera,Nymphalidae
"Hypolimnas bolina (L., 1758)",Ant,"Buden, D.W., Sands, D.P., & Tennent, W.J. (2005) New records of butterflies (Lepidoptera) from the Eastern Caroline Islands, Micronesia",Lepidoptera,Nymphalidae
"Hypolimnas bolina (L., 1758)",Arno,"Buden, D.W., & Tennent, W.J. (2017) Butterflies (Lepidoptera) of the Republic of the Marshall Islands",Lepidoptera,Nymphalidae
"Hypolimnas bolina (L., 1758)",Bikini,"Buden, D.W., & Tennent, W.J. (2017) Butterflies (Lepidoptera) of the Republic of the Marshall Islands",Lepidoptera,Nymphalidae
"Hypolimnas bolina (L., 1758)",South Keeling,"Gibson-Hill, C.A. (1950) Notes on the insects taken on the Cocos-Keeling Islands",Lepidoptera,Nymphalidae
"Hypolimnas bolina (L., 1758)",Diego Garcia,"Fletcher, T.B. (1909) Lepidoptera, exclusive of the Tortricidae and Tineidae, with some remarks on their distribution and means of dispersal",Lepidoptera,Nymphalidae
"Hypolimnas bolina (L., 1758)",Eniwetok,"Tennent, W.J. (2006) A checklist of the butterflies of Melanesia, Micronesia, Polynesia, and some adjacent areas",Lepidoptera,Nymphalidae
"Hypolimnas bolina (L., 1758)",Funafuti,"Hedley, C. (1900) The atoll of Funafuti, Ellice Group - its zoology, botany, ethnology, and general structure",Lepidoptera,Nymphalidae
"Hypolimnas bolina (L., 1758)",Jaluit,"Gressitt, J.L. (1961) Terrestrial fauna",Lepidoptera,Nymphalidae
"Hypolimnas bolina (L., 1758)",Kapingamarangi,"Buden, D.W., Sands, D.P., & Tennent, W.J. (2005) New records of butterflies (Lepidoptera) from the Eastern Caroline Islands, Micronesia",Lepidoptera,Nymphalidae
"Hypolimnas bolina (L., 1758)",Kiritimati,"Tennent, W.J. (2006) A checklist of the butterflies of Melanesia, Micronesia, Polynesia, and some adjacent areas",Lepidoptera,Nymphalidae
"Hypolimnas bolina (L., 1758)",Kwajalein,"Sugerman, B.B. (1972) Insects and other arthropods from Kwajalein atoll (Marshall Islands)",Lepidoptera,Nymphalidae
"Hypolimnas bolina (L., 1758)",Likiep,"Buden, D.W., & Tennent, W.J. (2017) Butterflies (Lepidoptera) of the Republic of the Marshall Islands",Lepidoptera,Nymphalidae
"Hypolimnas bolina (L., 1758)",Majuro,"Tennent, W.J. (2006) A checklist of the butterflies of Melanesia, Micronesia, Polynesia, and some adjacent areas",Lepidoptera,Nymphalidae
"Hypolimnas bolina (L., 1758)",Mokil,"Buden, D.W., Sands, D.P., & Tennent, W.J. (2005) New records of butterflies (Lepidoptera) from the Eastern Caroline Islands, Micronesia",Lepidoptera,Nymphalidae
"Hypolimnas bolina (L., 1758)",Murilo,"Buden, D.W., & Tennent, W.J. (2017) New records of butterflies (Lepidoptera) from the Federates States of Micronesia with remarks on geographic variation in Hypolimnas bolina (Linnaeus)",Lepidoptera,Nymphalidae
"Hypolimnas bolina (L., 1758)",Nomwin,"Buden, D.W., & Tennent, W.J. (2017) New records of butterflies (Lepidoptera) from the Federates States of Micronesia with remarks on geographic variation in Hypolimnas bolina (Linnaeus)",Lepidoptera,Nymphalidae
"Hypolimnas bolina (L., 1758)",Nui,"Tennent, W.J. (2006) A checklist of the butterflies of Melanesia, Micronesia, Polynesia, and some adjacent areas",Lepidoptera,Nymphalidae
"Hypolimnas bolina (L., 1758)",Nukunonu,"Hickley, A.D. (1969) Ecology of terrestrial arthropods of the Tokelau atolls",Lepidoptera,Nymphalidae
"Hypolimnas bolina (L., 1758)",Onotoa,"Moul, E.T. (1954) Preliminary report on land animals at Onotoa atoll, Gilbert Islands",Lepidoptera,Nymphalidae
"Hypolimnas bolina (L., 1758)",Palmyra,"Handler, A.T., et al. (2007) Arthropod surveys on Palmyra Atoll, Line Islands, and insights into the decline of the native tree Pisonia grandis (Nycatginaceae)",Lepidoptera,Nymphalidae
"Hypolimnas bolina (L., 1758)",Pingelap,"Buden, D.W., Sands, D.P., & Tennent, W.J. (2005) New records of butterflies (Lepidoptera) from the Eastern Caroline Islands, Micronesia",Lepidoptera,Nymphalidae
"Hypolimnas bolina (L., 1758)",Rongelap,"Buden, D.W., & Tennent, W.J. (2017) Butterflies (Lepidoptera) of the Republic of the Marshall Islands",Lepidoptera,Nymphalidae
"Hypolimnas bolina (L., 1758)",Satawan,"Buden, D.W., Sands, D.P., & Tennent, W.J. (2005) New records of butterflies (Lepidoptera) from the Eastern Caroline Islands, Micronesia",Lepidoptera,Nymphalidae
"Hypolimnas bolina (L., 1758)",Sorol,"Buden, D.W., & Tennent, W.J. (2017) New records of butterflies (Lepidoptera) from the Federates States of Micronesia with remarks on geographic variation in Hypolimnas bolina (Linnaeus)",Lepidoptera,Nymphalidae
"Hypolimnas bolina (L., 1758)",Swains,"Tennent, W.J. (2006) A checklist of the butterflies of Melanesia, Micronesia, Polynesia, and some adjacent areas",Lepidoptera,Nymphalidae
"Hypolimnas bolina (L., 1758)",Tabuaeran,"Tennent, W.J. (2006) A checklist of the butterflies of Melanesia, Micronesia, Polynesia, and some adjacent areas",Lepidoptera,Nymphalidae
"Hypolimnas bolina (L., 1758)",Ujelang,"Tennent, W.J. (2006) A checklist of the butterflies of Melanesia, Micronesia, Polynesia, and some adjacent areas",Lepidoptera,Nymphalidae
"Hypolimnas bolina (L., 1758)",Ulithi,"Tennent, W.J. (2006) A checklist of the butterflies of Melanesia, Micronesia, Polynesia, and some adjacent areas",Lepidoptera,Nymphalidae
"Hypolimnas bolina (L., 1758)",Utirik,"Buden, D.W., & Tennent, W.J. (2017) Butterflies (Lepidoptera) of the Republic of the Marshall Islands",Lepidoptera,Nymphalidae
"Hypolimnas bolina (L., 1758)",Wake,"Tennent, W.J. (2006) A checklist of the butterflies of Melanesia, Micronesia, Polynesia, and some adjacent areas",Lepidoptera,Nymphalidae
"Hypolimnas misippus (L., 1764)",Aldabra,"Legrand, H. (1965) Lépidoptères des Îles Seychelles et d'Aldabra",Lepidoptera,Nymphalidae
"Hypolimnas misippus (L., 1764)",South Keeling,"Lachlan, R.B. (2006) Notes on the haw moths and butterflies (Lepidoptera) of the Cocos (Keeling) Islands, Indian Ocean",Lepidoptera,Nymphalidae
"Hypolimnas misippus (L., 1764)",Cosmoledo,"Legrand, H. (1965) Lépidoptères des Îles Seychelles et d'Aldabra",Lepidoptera,Nymphalidae
"Hypolimnas misippus (L., 1764)",Glorioso,"Paulian, R. (1989) Les insectes des Îles Glorieuses",Lepidoptera,Nymphalidae
"Hypolimnas misippus (L., 1764)",Ulithi,"Tennent, W.J. (2006) A checklist of the butterflies of Melanesia, Micronesia, Polynesia, and some adjacent areas",Lepidoptera,Nymphalidae
Hypolimnas sp.,Arno,"Usinger, R.L., & la Rivers, I. (1953) The insect life of Arno",Lepidoptera,Nymphalidae
"Junonia oenone (L., 1764)",Aldabra,"Cogan, B.H., & Hutson, A.M. (1971) Preliminary observations on the affinities and composition of the insect fauna of Aldabra",Lepidoptera,Nymphalidae
"Junonia oenone (L., 1764)",Astove,"Fryer, J.C.F. (1912) No. I - The Lepidoptera of Seychelles and Aldabra, exclusive of the Orneodidae and Pterophoridae and of the Torticina and Tineina",Lepidoptera,Nymphalidae
"Junonia orithya (L., 1764)",Aldabra,"Legrand, H. (1965) Lépidoptères des Îles Seychelles et d'Aldabra",Lepidoptera,Nymphalidae
"Junonia orithya (L., 1764)",Cosmoledo,"Legrand, H. (1965) Lépidoptères des Îles Seychelles et d'Aldabra",Lepidoptera,Nymphalidae
"Junonia rhadama (Boisduval, 1833)",Aldabra,"Cogan, B.H., & Hutson, A.M. (1971) Preliminary observations on the affinities and composition of the insect fauna of Aldabra",Lepidoptera,Nymphalidae
"Junonia rhadama (Boisduval, 1833)",Astove,"Fryer, J.C.F. (1912) No. I - The Lepidoptera of Seychelles and Aldabra, exclusive of the Orneodidae and Pterophoridae and of the Torticina and Tineina",Lepidoptera,Nymphalidae
"Junonia villida (Fabricius, 1787)",Bikini,"Tennent, W.J. (2006) A checklist of the butterflies of Melanesia, Micronesia, Polynesia, and some adjacent areas",Lepidoptera,Nymphalidae
"Junonia villida (Fabricius, 1787)",South Keeling,"Gibson-Hill, C.A. (1950) Notes on the insects taken on the Cocos-Keeling Islands",Lepidoptera,Nymphalidae
"Junonia villida (Fabricius, 1787)",Diego Garcia,"Fletcher, T.B. (1909) Lepidoptera, exclusive of the Tortricidae and Tineidae, with some remarks on their distribution and means of dispersal",Lepidoptera,Nymphalidae
"Junonia villida (Fabricius, 1787)",Eniwetok,"Tennent, W.J. (2006) A checklist of the butterflies of Melanesia, Micronesia, Polynesia, and some adjacent areas",Lepidoptera,Nymphalidae
"Junonia villida (Fabricius, 1787)",Funafuti,"Hedley, C. (1900) The atoll of Funafuti, Ellice Group - its zoology, botany, ethnology, and general structure",Lepidoptera,Nymphalidae
"Junonia villida (Fabricius, 1787)",Jaluit,"Buden, D.W., & Tennent, W.J. (2017) Butterflies (Lepidoptera) of the Republic of the Marshall Islands",Lepidoptera,Nymphalidae
"Junonia villida (Fabricius, 1787)",Nui,"Tennent, W.J. (2006) A checklist of the butterflies of Melanesia, Micronesia, Polynesia, and some adjacent areas",Lepidoptera,Nymphalidae
"Junonia villida (Fabricius, 1787)",Nukunonu,"Hickley, A.D. (1969) Ecology of terrestrial arthropods of the Tokelau atolls",Lepidoptera,Nymphalidae
"Junonia villida (Fabricius, 1787)",Onotoa,"Moul, E.T. (1954) Preliminary report on land animals at Onotoa atoll, Gilbert Islands",Lepidoptera,Nymphalidae
"Junonia villida (Fabricius, 1787)",Swains,"Kami, K.S., & Miller, S.E. (1998) Samoan insects and related arthropods: checklist and bibliography",Lepidoptera,Nymphalidae
"Melanitis leda (L., 1758)",Aldabra,"Legrand, H. (1965) Lépidoptères des Îles Seychelles et d'Aldabra",Lepidoptera,Nymphalidae
"Melanitis leda (L., 1758)",Cosmoledo,"Legrand, H. (1965) Lépidoptères des Îles Seychelles et d'Aldabra",Lepidoptera,Nymphalidae
"Melanitis leda (L., 1758)",Kavaratti,"Ghosh, A.K. (1991) Fauna of Lakshadweep",Lepidoptera,Nymphalidae
"Mycalesis mineus (L., 1858)",Kavaratti,"Ghosh, A.K. (1991) Fauna of Lakshadweep",Lepidoptera,Nymphalidae
"Parantica aglea (Cramer, 1781)",Kavaratti,"Ghosh, A.K. (1991) Fauna of Lakshadweep",Lepidoptera,Nymphalidae
"Phalanta phalantha (Drury, 1773)",Aldabra,"Fletcher, T.B. (1909) Lepidoptera, exclusive of the Tortricidae and Tineidae, with some remarks on their distribution and means of dispersal",Lepidoptera,Nymphalidae
"Phalanta phalantha (Drury, 1773)",Astove,"Lionnet, J.F.G. (1970) Note on the Lepidoptera of Astove atoll",Lepidoptera,Nymphalidae
"Phalanta phalantha (Drury, 1773)",Glorioso,"Paulian, R. (1989) Les insectes des Îles Glorieuses",Lepidoptera,Nymphalidae
"Phalanta philiberti (Joannis, 1893)",Aldabra,"Fletcher, T.B. (1909) Lepidoptera, exclusive of the Tortricidae and Tineidae, with some remarks on their distribution and means of dispersal",Lepidoptera,Nymphalidae
"Vagrans egista (Cramer, 1782)",Swains,"Tennent, W.J. (2006) A checklist of the butterflies of Melanesia, Micronesia, Polynesia, and some adjacent areas",Lepidoptera,Nymphalidae
"Vanessa cardui (L., 1758)",Aldabra,"Legrand, H. (1965) Lépidoptères des Îles Seychelles et d'Aldabra",Lepidoptera,Nymphalidae
"Vanessa cardui (L., 1758)",Kavaratti,"Ghosh, A.K. (1991) Fauna of Lakshadweep",Lepidoptera,Nymphalidae
"Vanessa cardui (L., 1758)",Midway,"Nishida, G.M. & Beardsley, J.W. (2002) A review of the insects and related arthropods of Midway atoll",Lepidoptera,Nymphalidae
"Vanessa kershawi (McCoy, 1868)",South Keeling,"Lachlan, R.B. (2006) Notes on the haw moths and butterflies (Lepidoptera) of the Cocos (Keeling) Islands, Indian Ocean",Lepidoptera,Nymphalidae
"Bigotianella menaiella (Legrand, 1965)",Cosmoledo,"Legrand, H. (1965) Lépidoptères des Îles Seychelles et d'Aldabra",Lepidoptera,Oecophoridae
"Bigotianella simpsonella (Legrand, 1965)",Cosmoledo,"Legrand, H. (1965) Lépidoptères des Îles Seychelles et d'Aldabra",Lepidoptera,Oecophoridae
"Bigotianella tournefortiaecolella (Legrand, 1965)",Cosmoledo,"Legrand, H. (1965) Lépidoptères des Îles Seychelles et d'Aldabra",Lepidoptera,Oecophoridae
"Opisina arenosella (Walker, 1864)",Kavaratti,"Selvaraj, K., Sumalatha, B.V., & Sundararaj, R. (2020) First record of four whiteflies (Hemiptera: Aleyrodidae) in Lakshadweep Islands, India",Lepidoptera,Oecophoridae
"Oxycrates fulvoradiella (Legrand, 1965)",Aldabra,"Legrand, H. (1965) Lépidoptères des Îles Seychelles et d'Aldabra",Lepidoptera,Oecophoridae
"Oxycrates fulvoradiella (Legrand, 1965)",Cosmoledo,"Legrand, H. (1965) Lépidoptères des Îles Seychelles et d'Aldabra",Lepidoptera,Oecophoridae
"Oxycrates longodivisella (Legrand, 1965)",Aldabra,"Legrand, H. (1965) Lépidoptères des Îles Seychelles et d'Aldabra",Lepidoptera,Oecophoridae
"Oxycrates longodivisella (Legrand, 1965)",Cosmoledo,"Legrand, H. (1965) Lépidoptères des Îles Seychelles et d'Aldabra",Lepidoptera,Oecophoridae
"Stoeberhinus testaceus (Butler, 1881)",Kure,"Beardsley, J.W. (1966) Insects and other terrestrial arthropods from the Leeward Hawaiian Islands",Lepidoptera,Oecophoridae
"Stoeberhinus testaceus (Butler, 1881)",Kwajalein,"Sugerman, B.B. (1972) Insects and other arthropods from Kwajalein atoll (Marshall Islands)",Lepidoptera,Oecophoridae
"Stoeberhinus testaceus (Butler, 1881)",Midway,"Suehiro, A. (1960) Insects and other arthropods from Midway atoll",Lepidoptera,Oecophoridae
"Stoeberhinus testaceus (Butler, 1881)",Palmyra,"Handler, A.T., et al. (2007) Arthropod surveys on Palmyra Atoll, Line Islands, and insights into the decline of the native tree Pisonia grandis (Nycatginaceae)",Lepidoptera,Oecophoridae
"Papilio dardanus (Brown, 1776)",Aldabra,"Cogan, B.H., & Hutson, A.M. (1971) Preliminary observations on the affinities and composition of the insect fauna of Aldabra",Lepidoptera,Papilionidae
"Papilio polytes (L., 1758)",Kavaratti,"Ghosh, A.K. (1991) Fauna of Lakshadweep",Lepidoptera,Papilionidae
"Belenois aldabrensis (Holland, 1896)",Aldabra,"Legrand, H. (1965) Lépidoptères des Îles Seychelles et d'Aldabra",Lepidoptera,Pieridae
"Belenois aldabrensis (Holland, 1896)",Astove,"Fryer, J.C.F. (1912) No. I - The Lepidoptera of Seychelles and Aldabra, exclusive of the Orneodidae and Pterophoridae and of the Torticina and Tineina",Lepidoptera,Pieridae
"Belenois gradidieri (Mabille, 1878)",Astove,"Cogan, B.H., & Hutson, A.M. (1971) Preliminary observations on the affinities and composition of the insect fauna of Aldabra",Lepidoptera,Pieridae
"Colotis etrida (Boisduval, 1836)",Aldabra,"Fryer, J.C.F. (1912) No. I - The Lepidoptera of Seychelles and Aldabra, exclusive of the Orneodidae and Pterophoridae and of the Torticina and Tineina",Lepidoptera,Pieridae
"Colotis etrida (Boisduval, 1836)",Astove,"Fryer, J.C.F. (1912) No. I - The Lepidoptera of Seychelles and Aldabra, exclusive of the Orneodidae and Pterophoridae and of the Torticina and Tineina",Lepidoptera,Pieridae
"Colotis evanthides (Holland, 1896)",Aldabra,"Legrand, H. (1965) Lépidoptères des Îles Seychelles et d'Aldabra",Lepidoptera,Pieridae
"Colotis evanthides (Holland, 1896)",Astove,"Bayne, C.J., et al. (1970) Geography and ecology of Astove",Lepidoptera,Pieridae
"Colotis evanthides (Holland, 1896)",Cosmoledo,"Legrand, H. (1965) Lépidoptères des Îles Seychelles et d'Aldabra",Lepidoptera,Pieridae
"Eurema brigitta (Stoll, 1780)",Aldabra,"Legrand, H. (1965) Lépidoptères des Îles Seychelles et d'Aldabra",Lepidoptera,Pieridae
"Eurema floricola (Boisduval, 1833)",Aldabra,"Legrand, H. (1965) Lépidoptères des Îles Seychelles et d'Aldabra",Lepidoptera,Pieridae
"Eurema hecabe (L., 1758)",Kavaratti,"Ghosh, A.K. (1991) Fauna of Lakshadweep",Lepidoptera,Pieridae
"Plutella xylostella (L., 1758)",Kure,"Butler, G.D., & Usinger, R.L. (1963) Insects and other arthropods from Kure Island",Lepidoptera,Plutellidae
"Plutella xylostella (L., 1758)",Laysan,"Butler, G.D. (1961) Insects and other arthropods from Laysan Island",Lepidoptera,Plutellidae
"Plutella xylostella (L., 1758)",Midway,"Suehiro, A. (1960) Insects and other arthropods from Midway atoll",Lepidoptera,Plutellidae
"Plutella xylostella (L., 1758)",Pearl and Hermes,"Beardsley, J.W. (1966) Insects and other terrestrial arthropods from the Leeward Hawaiian Islands",Lepidoptera,Plutellidae
"Plutella xylostella (L., 1758)",Wake,"Bryan, E.H. (1926) Insects of Hawaii, Johnston Island and Wake Island",Lepidoptera,Plutellidae
Brachycyttarus sp.,Jaluit,"Nafus, D. (1991) Movement of new insects into the Carolines and Marshalls in recent years",Lepidoptera,Psychidae
Brachycyttarus sp.,Majuro,"Nafus, D. (1991) Movement of new insects into the Carolines and Marshalls in recent years",Lepidoptera,Psychidae
Pseudometisa sp.,Aldabra,"Frith, D.W. (1979) A list of insects caught in light traps on West Island, Aldabra Atoll, Indian Ocean",Lepidoptera,Psychidae
"Hellinsia aldabrensis (Fletcher, 1910)",Aldabra,"Fletcher, T.B. (1910) No. XIV - The Orneodidae and Pterophoridae of the Seychelles expedition",Lepidoptera,Pterophoridae
"Lantanophaga pusillidactylus (Walker, 1864)",Diego Garcia,"Hutson, A.M. (1981) A preliminary list of insects of Diego Garcia Atoll, Chagos Archipelago",Lepidoptera,Pterophoridae
"Lioptilodes parvus (Walsingham, 1880)",Midway,"Suehiro, A. (1960) Insects and other arthropods from Midway atoll",Lepidoptera,Pterophoridae
"Megalorhipida leucodactylus (Fabricius, 1794)",Aldabra,"Fletcher, T.B. (1910) No. XIV - The Orneodidae and Pterophoridae of the Seychelles expedition",Lepidoptera,Pterophoridae
"Megalorhipida leucodactylus (Fabricius, 1794)",Eniwetok,"Yano, K., Clarke, J.F.G., & Yoshiyasu, Y. (1996) Insects of Micronesia - Lepidoptera: Pterophoridae",Lepidoptera,Pterophoridae
"Megalorhipida leucodactylus (Fabricius, 1794)",Farquhar,"Fletcher, T.B. (1909) Lepidoptera, exclusive of the Tortricidae and Tineidae, with some remarks on their distribution and means of dispersal",Lepidoptera,Pterophoridae
"Megalorhipida leucodactylus (Fabricius, 1794)",French Frigate Shoals,"Beardsley, J.W. (1966) Insects and other terrestrial arthropods from the Leeward Hawaiian Islands",Lepidoptera,Pterophoridae
"Megalorhipida leucodactylus (Fabricius, 1794)",Johnston,"Rash, R. (2020) Checklist and images documenting the biodiversity of Johnston Atoll National Wildlife Refuge",Lepidoptera,Pterophoridae
"Megalorhipida leucodactylus (Fabricius, 1794)",Kure,"Butler, G.D., & Usinger, R.L. (1963) Insects and other arthropods from Kure Island",Lepidoptera,Pterophoridae
"Megalorhipida leucodactylus (Fabricius, 1794)",Laysan,"Butler, G.D. (1961) Insects and other arthropods from Laysan Island",Lepidoptera,Pterophoridae
"Megalorhipida leucodactylus (Fabricius, 1794)",Midway,"Suehiro, A. (1960) Insects and other arthropods from Midway atoll",Lepidoptera,Pterophoridae
"Megalorhipida leucodactylus (Fabricius, 1794)",Wake,"Yano, K., Clarke, J.F.G., & Yoshiyasu, Y. (1996) Insects of Micronesia - Lepidoptera: Pterophoridae",Lepidoptera,Pterophoridae
"Stenoptilodes taprobanes (Felder & Rogenhofer, 1875)",Aldabra,"Fletcher, T.B. (1910) No. XIV - The Orneodidae and Pterophoridae of the Seychelles expedition",Lepidoptera,Pterophoridae
"Trichoptilus oxydactylus (Walsingham, 1907)",Johnston,"Binion Amerson, A., & Shelton, P.C. (1976) The natural history of Johnston atoll, Central Pacific Ocean",Lepidoptera,Pterophoridae
"Trichoptilus oxydactylus (Walsingham, 1907)",Laysan,"Butler, G.D., & Usinger, R.L. (1963) Insects and other invertebrates from Laysan Island",Lepidoptera,Pterophoridae
"Ancylosis niveicostella (Hampson, 1896)",Cosmoledo,"Legrand, H. (1965) Lépidoptères des Îles Seychelles et d'Aldabra",Lepidoptera,Pyralidae
"Cadra cautella (Walker, 1863)",Laysan,"Butler, G.D. (1961) Insects and other arthropods from Laysan Island",Lepidoptera,Pyralidae
"Cadra cautella (Walker, 1863)",Nukunonu,"Hickley, A.D. (1969) Ecology of terrestrial arthropods of the Tokelau atolls",Lepidoptera,Pyralidae
"Corcyra cephalonica (Stainton, 1866)",Aldabra,"Legrand, H. (1965) Lépidoptères des Îles Seychelles et d'Aldabra",Lepidoptera,Pyralidae
Cryptoblabes sp.,Rangiroa,"Cocherau, P. (1966) Compte rendu d'une mission d'inventaire faunistique aux îles Gambier et Tuamotu (Avril - Mai 1966)",Lepidoptera,Pyralidae
"Eldana saccharina (Walker, 1865)",Aldabra,"Legrand, H. (1965) Lépidoptères des Îles Seychelles et d'Aldabra",Lepidoptera,Pyralidae
"Ematheudes nigropunctata (Legrand, 1965)",Aldabra,"Legrand, H. (1965) Lépidoptères des Îles Seychelles et d'Aldabra",Lepidoptera,Pyralidae
"Ematheudes nigropunctata (Legrand, 1965)",Cosmoledo,"Legrand, H. (1965) Lépidoptères des Îles Seychelles et d'Aldabra",Lepidoptera,Pyralidae
"Endotricha decessalis (Walker, 1859)",Aldabra,"Legrand, H. (1965) Lépidoptères des Îles Seychelles et d'Aldabra",Lepidoptera,Pyralidae
"Endotricha erythralis (Mabille, 1900)",Aldabra,"Legrand, H. (1965) Lépidoptères des Îles Seychelles et d'Aldabra",Lepidoptera,Pyralidae
"Endotricha mesenterialis (Walker, 1859)",Diego Garcia,"Barnett, L.K., & Emms, C. (1996) An annotated checklist of the Chagos archipelago terrestrial fauna (omitting birds) recorded during the 1996 'Friends of the Chagos' expedition",Lepidoptera,Pyralidae
"Endotricha mesenterialis (Walker, 1859)",Kavaratti,"Ghosh, A.K. (1991) Fauna of Lakshadweep",Lepidoptera,Pyralidae
"Endotricha vinolentalis (Ragonot, 1891)",Aldabra,"Fryer, J.C.F. (1912) No. I - The Lepidoptera of Seychelles and Aldabra, exclusive of the Orneodidae and Pterophoridae and of the Torticina and Tineina",Lepidoptera,Pyralidae
"Ephestia elutella (Hübner, 1796)",Laysan,"Bryan, E.H. (1926) Insects of Hawaii, Johnston Island and Wake Island",Lepidoptera,Pyralidae
"Epicrocis lateritialis (Walker, 1863)",Kavaratti,"Ghosh, A.K. (1991) Fauna of Lakshadweep",Lepidoptera,Pyralidae
Epicrocis sp.,Aldabra,"Fryer, J.C.F. (1912) No. I - The Lepidoptera of Seychelles and Aldabra, exclusive of the Orneodidae and Pterophoridae and of the Torticina and Tineina",Lepidoptera,Pyralidae
"Etiella grisea (Hampson, 1903)",Diego Garcia,"Hutson, A.M. (1981) A preliminary list of insects of Diego Garcia Atoll, Chagos Archipelago",Lepidoptera,Pyralidae
"Etiella zinckenella (Treitschke, 1832)",Aldabra,"Fryer, J.C.F. (1912) No. I - The Lepidoptera of Seychelles and Aldabra, exclusive of the Orneodidae and Pterophoridae and of the Torticina and Tineina",Lepidoptera,Pyralidae
"Etiella zinckenella (Treitschke, 1832)",Cosmoledo,"Legrand, H. (1965) Lépidoptères des Îles Seychelles et d'Aldabra",Lepidoptera,Pyralidae
"Euzophera scabrella (Ragonot, 1888)",Aldabra,"Fryer, J.C.F. (1912) No. I - The Lepidoptera of Seychelles and Aldabra, exclusive of the Orneodidae and Pterophoridae and of the Torticina and Tineina",Lepidoptera,Pyralidae
"Galleria mellonella (L., 1758)",Diego Garcia,"Hutson, A.M. (1981) A preliminary list of insects of Diego Garcia Atoll, Chagos Archipelago",Lepidoptera,Pyralidae
"Hypargyria metalliferella (Ragonot, 1888)",Aldabra,"Leraut, G. (2020) New genera and species for the Phycitinae fauna from Madagascar and neighbouring archipelagos (Lepidoptera, Pyralidae)",Lepidoptera,Pyralidae
Nephopterix sp.,Aldabra,"Fryer, J.C.F. (1912) No. I - The Lepidoptera of Seychelles and Aldabra, exclusive of the Orneodidae and Pterophoridae and of the Torticina and Tineina",Lepidoptera,Pyralidae
"Philotis basalis (Walker, 1865)",Aldabra,"Legrand, H. (1965) Lépidoptères des Îles Seychelles et d'Aldabra",Lepidoptera,Pyralidae
"Philotis radamalis (Ragonot, 1891)",Aldabra,"Legrand, H. (1965) Lépidoptères des Îles Seychelles et d'Aldabra",Lepidoptera,Pyralidae
"Phycita cf. eulepidella (Hampson, 1896)",Diego Garcia,"Hutson, A.M. (1981) A preliminary list of insects of Diego Garcia Atoll, Chagos Archipelago",Lepidoptera,Pyralidae
"Ptyobathra irregularis (Legrand, 1965)",Cosmoledo,"Legrand, H. (1965) Lépidoptères des Îles Seychelles et d'Aldabra",Lepidoptera,Pyralidae
"Pyralis manihotalis (Guenee, 1854)",Aldabra,"Fryer, J.C.F. (1912) No. I - The Lepidoptera of Seychelles and Aldabra, exclusive of the Orneodidae and Pterophoridae and of the Torticina and Tineina",Lepidoptera,Pyralidae
"Pyralis manihotalis (Guenee, 1854)",South Keeling,"Wood-Jones, F. (1909) The fauna of the Cocos-Keeling Atoll, collected by F. Wood-Jones",Lepidoptera,Pyralidae
"Pyralis manihotalis (Guenee, 1854)",Laysan,"Butler, G.D., & Usinger, R.L. (1963) Insects and other invertebrates from Laysan Island",Lepidoptera,Pyralidae
"Pyralis manihotalis (Guenee, 1854)",Midway,"Suehiro, A. (1960) Insects and other arthropods from Midway atoll",Lepidoptera,Pyralidae
"Tirathaba complexa (Butler, 1885)",Funafuti,"Hedley, C. (1900) The atoll of Funafuti, Ellice Group - its zoology, botany, ethnology, and general structure",Lepidoptera,Pyralidae
"Tirathaba rufivena (Walker, 1864)",Aldabra,"Fryer, J.C.F. (1912) No. I - The Lepidoptera of Seychelles and Aldabra, exclusive of the Orneodidae and Pterophoridae and of the Torticina and Tineina",Lepidoptera,Pyralidae
"Trachonitis odilella (Legrand, 1965)",Aldabra,"Legrand, H. (1965) Lépidoptères des Îles Seychelles et d'Aldabra",Lepidoptera,Pyralidae
"Trachonitis odilella (Legrand, 1965)",Cosmoledo,"Legrand, H. (1965) Lépidoptères des Îles Seychelles et d'Aldabra",Lepidoptera,Pyralidae
"Trachonitis renatella (Legrand, 1965)",Aldabra,"Legrand, H. (1965) Lépidoptères des Îles Seychelles et d'Aldabra",Lepidoptera,Pyralidae
"Trachonitis renatella (Legrand, 1965)",Cosmoledo,"Legrand, H. (1965) Lépidoptères des Îles Seychelles et d'Aldabra",Lepidoptera,Pyralidae
"Sufetula chagosalis (Fletcher, 1911)",Diego Garcia,"Fletcher, T.B. (1909) Lepidoptera, exclusive of the Tortricidae and Tineidae, with some remarks on their distribution and means of dispersal",Lepidoptera,Pyralidae
"Eretmocera albistriata (Legrand, 1965)",Aldabra,"Legrand, H. (1965) Lépidoptères des Îles Seychelles et d'Aldabra",Lepidoptera,Scythrididae
"Acherontia lachesis (Fabricius, 1798)",Diego Garcia,"Barnett, L.K., Emms, C., & Holloway, J.D. (2010) The moths of the Chagos Archipelago with notes on their biogeography",Lepidoptera,Sphingidae
"Agrius cingulata (Fabricius, 1775)",Midway,"Nishida, G.M. & Beardsley, J.W. (2002) A review of the insects and related arthropods of Midway atoll",Lepidoptera,Sphingidae
"Agrius cingulata (Fabricius, 1775)",Palmyra,"Handler, A.T., et al. (2007) Arthropod surveys on Palmyra Atoll, Line Islands, and insights into the decline of the native tree Pisonia grandis (Nycatginaceae)",Lepidoptera,Sphingidae
"Agrius convolvuli (L., 1758)",Aldabra,"Frith, D.W. (1979) A list of insects caught in light traps on West Island, Aldabra Atoll, Indian Ocean",Lepidoptera,Sphingidae
"Agrius convolvuli (L., 1758)",South Keeling,"Lachlan, R.B. (2006) Notes on the haw moths and butterflies (Lepidoptera) of the Cocos (Keeling) Islands, Indian Ocean",Lepidoptera,Sphingidae
"Agrius convolvuli (L., 1758)",Diego Garcia,"Barnett, L.K., Emms, C., & Holloway, J.D. (2010) The moths of the Chagos Archipelago with notes on their biogeography",Lepidoptera,Sphingidae
"Agrius convolvuli (L., 1758)",Eniwetok,"Samuelson, G.A., & Nishida, G.M. (1987) Insects and allies (arthropods) of Enewetak atoll",Lepidoptera,Sphingidae
"Agrius convolvuli (L., 1758)",Farquhar,"Fletcher, T.B. (1909) Lepidoptera, exclusive of the Tortricidae and Tineidae, with some remarks on their distribution and means of dispersal",Lepidoptera,Sphingidae
"Agrius convolvuli (L., 1758)",Kwajalein,"Sugerman, B.B. (1979) Additions to the list of insects and other arthropods from Kwajalein atoll (Marshall Islands)",Lepidoptera,Sphingidae
"Agrius convolvuli (L., 1758)",Nukunonu,"Hickley, A.D. (1969) Ecology of terrestrial arthropods of the Tokelau atolls",Lepidoptera,Sphingidae
"Agrius convolvuli (L., 1758)",Wake,"Bryan, E.H. (1926) Insects of Hawaii, Johnston Island and Wake Island",Lepidoptera,Sphingidae
Celerio sp.,Rose,"Sachet, M.-H. (1954) A summary of information on Rose atoll",Lepidoptera,Sphingidae
"Cephonodes armatus (Rothschild & Jordan, 1903)",Eniwetok,"Samuelson, G.A., & Nishida, G.M. (1987) Insects and allies (arthropods) of Enewetak atoll",Lepidoptera,Sphingidae
"Cephonodes armatus (Rothschild & Jordan, 1903)",Nukunonu,"Hickley, A.D. (1969) Ecology of terrestrial arthropods of the Tokelau atolls",Lepidoptera,Sphingidae
"Cephonodes hylas (L., 1771)",Aldabra,"Fryer, J.C.F. (1912) No. I - The Lepidoptera of Seychelles and Aldabra, exclusive of the Orneodidae and Pterophoridae and of the Torticina and Tineina",Lepidoptera,Sphingidae
"Cephonodes hylas (L., 1771)",South Keeling,"Wood-Jones, F. (1909) The fauna of the Cocos-Keeling Atoll, collected by F. Wood-Jones",Lepidoptera,Sphingidae
"Cephonodes hylas (L., 1771)",Cosmoledo,"Legrand, H. (1965) Lépidoptères des Îles Seychelles et d'Aldabra",Lepidoptera,Sphingidae
"Cephonodes hylas (L., 1771)",Glorioso,"Paulian, R. (1989) Les insectes des Îles Glorieuses",Lepidoptera,Sphingidae
"Cephonodes hylas (L., 1771)",Kavaratti,"Ghosh, A.K. (1991) Fauna of Lakshadweep",Lepidoptera,Sphingidae
"Cephonodes picus (Cramer, 1777)",South Keeling,"Lachlan, R.B. (2006) Notes on the haw moths and butterflies (Lepidoptera) of the Cocos (Keeling) Islands, Indian Ocean",Lepidoptera,Sphingidae
"Cephonodes picus (Cramer, 1777)",Eniwetok,"Samuelson, G.A., & Nishida, G.M. (1987) Insects and allies (arthropods) of Enewetak atoll",Lepidoptera,Sphingidae
"Cephonodes picus (Cramer, 1777)",Kwajalein,"Sugerman, B.B. (1979) Additions to the list of insects and other arthropods from Kwajalein atoll (Marshall Islands)",Lepidoptera,Sphingidae
"Daphnis nerii (L., 1758)",Midway,"Nishida, G.M. & Beardsley, J.W. (2002) A review of the insects and related arthropods of Midway atoll",Lepidoptera,Sphingidae
"Gnathothlibus erotus (Cramer, 1777)",Eniwetok,"Samuelson, G.A., & Nishida, G.M. (1987) Insects and allies (arthropods) of Enewetak atoll",Lepidoptera,Sphingidae
"Gnathothlibus erotus (Cramer, 1777)",Kwajalein,"Sugerman, B.B. (1972) Insects and other arthropods from Kwajalein atoll (Marshall Islands)",Lepidoptera,Sphingidae
"Gnathothlibus erotus (Cramer, 1777)",Nukunonu,"Hickley, A.D. (1969) Ecology of terrestrial arthropods of the Tokelau atolls",Lepidoptera,Sphingidae
"Hippotion aurora (Rothschild & Jordan, 1903)",Farquhar,"Fletcher, T.B. (1909) Lepidoptera, exclusive of the Tortricidae and Tineidae, with some remarks on their distribution and means of dispersal",Lepidoptera,Sphingidae
"Hippotion aurora (Rothschild & Jordan, 1903)",Glorioso,"Paulian, R. (1989) Les insectes des Îles Glorieuses",Lepidoptera,Sphingidae
"Hippotion celerio (L., 1758)",Cosmoledo,"Legrand, H. (1965) Lépidoptères des Îles Seychelles et d'Aldabra",Lepidoptera,Sphingidae
"Hippotion celerio (L., 1758)",Glorioso,"Paulian, R. (1989) Les insectes des Îles Glorieuses",Lepidoptera,Sphingidae
"Hippotion geryon (Boisduval, 1875)",Aldabra,"Frith, D.W. (1979) A list of insects caught in light traps on West Island, Aldabra Atoll, Indian Ocean",Lepidoptera,Sphingidae
"Hippotion rafflesii (Butler, 1877)",Kavaratti,"Ghosh, A.K. (1991) Fauna of Lakshadweep",Lepidoptera,Sphingidae
"Hippotion rosetta (Swinhoe, 1892)",South Keeling,"Lachlan, R.B. (2006) Notes on the haw moths and butterflies (Lepidoptera) of the Cocos (Keeling) Islands, Indian Ocean",Lepidoptera,Sphingidae
"Hippotion velox (Fabricius, 1793)",South Keeling,"Lachlan, R.B. (2006) Notes on the haw moths and butterflies (Lepidoptera) of the Cocos (Keeling) Islands, Indian Ocean",Lepidoptera,Sphingidae
"Hippotion velox (Fabricius, 1793)",Nukunonu,"Hickley, A.D. (1969) Ecology of terrestrial arthropods of the Tokelau atolls",Lepidoptera,Sphingidae
"Hyles lineata (Fabricius, 1775)",Kure,"Butler, G.D., & Usinger, R.L. (1963) Insects and other arthropods from Kure Island",Lepidoptera,Sphingidae
"Hyles lineata (Fabricius, 1775)",Pearl and Hermes,"Beardsley, J.W. (1966) Insects and other terrestrial arthropods from the Leeward Hawaiian Islands",Lepidoptera,Sphingidae
"Macroglossum corythus (Walker, 1856)",South Keeling,"Lachlan, R.B. (2006) Notes on the haw moths and butterflies (Lepidoptera) of the Cocos (Keeling) Islands, Indian Ocean",Lepidoptera,Sphingidae
"Macroglossum corythus (Walker, 1856)",Diego Garcia,"Hutson, A.M. (1981) A preliminary list of insects of Diego Garcia Atoll, Chagos Archipelago",Lepidoptera,Sphingidae
"Macroglossum hirundo (Boisduval, 1832)",Nukunonu,"Hickley, A.D. (1969) Ecology of terrestrial arthropods of the Tokelau atolls",Lepidoptera,Sphingidae
"Macroglossum passalus (Drury, 1773)",South Keeling,"Wood-Jones, F. (1909) The fauna of the Cocos-Keeling Atoll, collected by F. Wood-Jones",Lepidoptera,Sphingidae
"Macroglossum sitiene (Walker, 1856)",Kavaratti,"Ghosh, A.K. (1991) Fauna of Lakshadweep",Lepidoptera,Sphingidae
Manduca sp.,Clipperton,"Barbut, J., et al. (2006) Inventaire et diversité des Lépidoptères de l'atoll de Clipperton",Lepidoptera,Sphingidae
Melissoblaptes sp.,South Keeling,"Wood-Jones, F. (1909) The fauna of the Cocos-Keeling Atoll, collected by F. Wood-Jones",Lepidoptera,Sphingidae
Protoparce sp.,Clipperton,"Garrouste, R., & Hervé, C. (2009) La faune des insectes (Insecta s.l.) de l'atoll de Clipperton",Lepidoptera,Sphingidae
"Sphinx cingulata (Fabricius, 1775)",Clipperton,"Garrouste, R., & Hervé, C. (2009) La faune des insectes (Insecta s.l.) de l'atoll de Clipperton",Lepidoptera,Sphingidae
"Sphinx cingulata (Fabricius, 1775)",Laysan,"Butler, G.D. (1961) Insects and other arthropods from Laysan Island",Lepidoptera,Sphingidae
"Stathmopoda biclavis (Meyrick, 1911)",Aldabra,"Legrand, H. (1965) Lépidoptères des Îles Seychelles et d'Aldabra",Lepidoptera,Stathmopodidae
"Stathmopoda daubanella (Legrand, 1958)",Aldabra,"Legrand, H. (1965) Lépidoptères des Îles Seychelles et d'Aldabra",Lepidoptera,Stathmopodidae
"Stathmopoda daubanella (Legrand, 1958)",Cosmoledo,"Legrand, H. (1965) Lépidoptères des Îles Seychelles et d'Aldabra",Lepidoptera,Stathmopodidae
"Banisia aldabrana (Fryer, 1912)",Aldabra,"Fryer, J.C.F. (1912) No. I - The Lepidoptera of Seychelles and Aldabra, exclusive of the Orneodidae and Pterophoridae and of the Torticina and Tineina",Lepidoptera,Thyrididae
"Banisia aldabrana (Fryer, 1912)",Cosmoledo,"Legrand, H. (1965) Lépidoptères des Îles Seychelles et d'Aldabra",Lepidoptera,Thyrididae
"Kanshizeia obscuralis (Hampson, 1893)",Aldabra,"Fryer, J.C.F. (1912) No. I - The Lepidoptera of Seychelles and Aldabra, exclusive of the Orneodidae and Pterophoridae and of the Torticina and Tineina",Lepidoptera,Thyrididae
"Striglina scitaria (Walker, 1862)",Kavaratti,"Ghosh, A.K. (1991) Fauna of Lakshadweep",Lepidoptera,Thyrididae
"Amphixystis beverrasella (Legrand, 1965)",Aldabra,"Legrand, H. (1965) Lépidoptères des Îles Seychelles et d'Aldabra",Lepidoptera,Tineidae
"Amphixystis beverrasella (Legrand, 1965)",Cosmoledo,"Legrand, H. (1965) Lépidoptères des Îles Seychelles et d'Aldabra",Lepidoptera,Tineidae
"Amphixystis roseostrigella (Legrand, 1965)",Cosmoledo,"Legrand, H. (1965) Lépidoptères des Îles Seychelles et d'Aldabra",Lepidoptera,Tineidae
"Comodica lucinda (Meyrick, 1927)",Nukunonu,"Hickley, A.D. (1969) Ecology of terrestrial arthropods of the Tokelau atolls",Lepidoptera,Tineidae
"Erechthias carpophthora (Meyrick, 1932)",Nukunonu,"Hickley, A.D. (1969) Ecology of terrestrial arthropods of the Tokelau atolls",Lepidoptera,Tineidae
"Erechthias cursoriatella (Legrand, 1965)",Aldabra,"Legrand, H. (1965) Lépidoptères des Îles Seychelles et d'Aldabra",Lepidoptera,Tineidae
"Erechthias cursoriatella (Legrand, 1965)",Cosmoledo,"Legrand, H. (1965) Lépidoptères des Îles Seychelles et d'Aldabra",Lepidoptera,Tineidae
"Erechthias kerri (Swezey, 1926)",French Frigate Shoals,"Beardsley, J.W. (1966) Insects and other terrestrial arthropods from the Leeward Hawaiian Islands",Lepidoptera,Tineidae
"Erechthias kerri (Swezey, 1926)",Johnston,"Binion Amerson, A., & Shelton, P.C. (1976) The natural history of Johnston atoll, Central Pacific Ocean",Lepidoptera,Tineidae
"Erechthias kerri (Swezey, 1926)",Laysan,"Butler, G.D. (1961) Insects and other arthropods from Laysan Island",Lepidoptera,Tineidae
"Erechthias kerri (Swezey, 1926)",Pearl and Hermes,"Beardsley, J.W. (1966) Insects and other terrestrial arthropods from the Leeward Hawaiian Islands",Lepidoptera,Tineidae
"Erechthias polyplaga (Legrand, 1965)",Aldabra,"Legrand, H. (1965) Lépidoptères des Îles Seychelles et d'Aldabra",Lepidoptera,Tineidae
"Erechthias polyplaga (Legrand, 1965)",Cosmoledo,"Legrand, H. (1965) Lépidoptères des Îles Seychelles et d'Aldabra",Lepidoptera,Tineidae
"Erechthias psammaula (Meyrick, 1921)",Rangiroa,"Cocherau, P. (1966) Compte rendu d'une mission d'inventaire faunistique aux îles Gambier et Tuamotu (Avril - Mai 1966)",Lepidoptera,Tineidae
"Erechthias simulans (Butler, 1882)",Midway,"Suehiro, A. (1960) Insects and other arthropods from Midway atoll",Lepidoptera,Tineidae
"Erechthias simulans (Butler, 1882)",Palmyra,"Handler, A.T., et al. (2007) Arthropod surveys on Palmyra Atoll, Line Islands, and insights into the decline of the native tree Pisonia grandis (Nycatginaceae)",Lepidoptera,Tineidae
"Erechthias zebrina (Butler, 1881)",Aldabra,"Legrand, H. (1965) Lépidoptères des Îles Seychelles et d'Aldabra",Lepidoptera,Tineidae
"Erechthias cf. simulans (Butler, 1882)",Kwajalein,"Sugerman, B.B. (1972) Insects and other arthropods from Kwajalein atoll (Marshall Islands)",Lepidoptera,Tineidae
"Mecomodica fullawayi (Swezey, 1926)",Kure,"Butler, G.D., & Usinger, R.L. (1963) Insects and other arthropods from Kure Island",Lepidoptera,Tineidae
"Opogona aurisquamosa (Butler, 1881)",Midway,"Suehiro, A. (1960) Insects and other arthropods from Midway atoll",Lepidoptera,Tineidae
"Opogona harpalea (Meyrick, 1911)",Aldabra,"Legrand, H. (1965) Lépidoptères des Îles Seychelles et d'Aldabra",Lepidoptera,Tineidae
"Opogona harpalea (Meyrick, 1911)",Cosmoledo,"Legrand, H. (1965) Lépidoptères des Îles Seychelles et d'Aldabra",Lepidoptera,Tineidae
"Opogona cf. omoscopa (Meyrick, 1893)",Kwajalein,"Sugerman, B.B. (1979) Additions to the list of insects and other arthropods from Kwajalein atoll (Marshall Islands)",Lepidoptera,Tineidae
Opogona sp.,Palmyra,"Handler, A.T., et al. (2007) Arthropod surveys on Palmyra Atoll, Line Islands, and insights into the decline of the native tree Pisonia grandis (Nycatginaceae)",Lepidoptera,Tineidae
"Phereoeca uterella (Walsingham, 1897)",French Frigate Shoals,"Beardsley, J.W. (1966) Insects and other terrestrial arthropods from the Leeward Hawaiian Islands",Lepidoptera,Tineidae
"Phereoeca uterella (Walsingham, 1897)",Johnston,"Binion Amerson, A., & Shelton, P.C. (1976) The natural history of Johnston atoll, Central Pacific Ocean",Lepidoptera,Tineidae
"Phereoeca uterella (Walsingham, 1897)",Laysan,"Butler, G.D. (1961) Insects and other arthropods from Laysan Island",Lepidoptera,Tineidae
"Praeacedes atomosella (Walker, 1863)",Laysan,"Butler, G.D., & Usinger, R.L. (1963) Insects and other invertebrates from Laysan Island",Lepidoptera,Tineidae
"Adoxophyes fasciculana (Walker, 1866)",Eniwetok,"Samuelson, G.A., & Nishida, G.M. (1987) Insects and allies (arthropods) of Enewetak atoll",Lepidoptera,Tortricidae
"Adoxophyes privatana (Walker, 1863)",Kavaratti,"Ghosh, A.K. (1991) Fauna of Lakshadweep",Lepidoptera,Tortricidae
"Amorbia emigratella (Busck, 1909)",Midway,"Suehiro, A. (1960) Insects and other arthropods from Midway atoll",Lepidoptera,Tortricidae
"Bactra cf. straminea (Butler, 1881)",Midway,"Nishida, G.M. & Beardsley, J.W. (2002) A review of the insects and related arthropods of Midway atoll",Lepidoptera,Tortricidae
Bactra sp.,Midway,"Suehiro, A. (1960) Insects and other arthropods from Midway atoll",Lepidoptera,Tortricidae
"Brachiolia amblopis (Meyrick, 1911)",Aldabra,"Bippus, M. (2020) Records of Lepidoptera from the Malagasy region with description of new species",Lepidoptera,Tortricidae
"Brachiolia amblopis (Meyrick, 1911)",Cosmoledo,"Bippus, M. (2020) Records of Lepidoptera from the Malagasy region with description of new species",Lepidoptera,Tortricidae
"Crocidosema plebejana (Zeller, 1847)",Eniwetok,"Clarke, J.F.G. (1976) Insects of Micronesia - Microlepidoptera: Tortricoidea",Lepidoptera,Tortricidae
"Crocidosema plebejana (Zeller, 1847)",Farquhar,"Meyrick, E. (1911) No. XII - Tortricina and Tineina",Lepidoptera,Tortricidae
"Crocidosema plebejana (Zeller, 1847)",French Frigate Shoals,"Beardsley, J.W. (1966) Insects and other terrestrial arthropods from the Leeward Hawaiian Islands",Lepidoptera,Tortricidae
"Crocidosema plebejana (Zeller, 1847)",Laysan,"Butler, G.D. (1961) Insects and other arthropods from Laysan Island",Lepidoptera,Tortricidae
"Crocidosema plebejana (Zeller, 1847)",Midway,"Nishida, G.M. & Beardsley, J.W. (2002) A review of the insects and related arthropods of Midway atoll",Lepidoptera,Tortricidae
"Cryptophlebia encarpa (Meyrick, 1920)",Diego Garcia,"Barnett, L.K., & Emms, C. (1996) An annotated checklist of the Chagos archipelago terrestrial fauna (omitting birds) recorded during the 1996 'Friends of the Chagos' expedition",Lepidoptera,Tortricidae
"Eucosma chlorobathra (Meyrick, 1911)",Aldabra,"Legrand, H. (1965) Lépidoptères des Îles Seychelles et d'Aldabra",Lepidoptera,Tortricidae
Eucosma sp.,Nukunonu,"Hickley, A.D. (1969) Ecology of terrestrial arthropods of the Tokelau atolls",Lepidoptera,Tortricidae
"Grapholita miranda (Meyrick, 1911)",Aldabra,"Legrand, H. (1965) Lépidoptères des Îles Seychelles et d'Aldabra",Lepidoptera,Tortricidae
"Heleanna physalodes (Meyrick, 1926)",Kapingamarangi,"Clarke, J.F.G. (1976) Insects of Micronesia - Microlepidoptera: Tortricoidea",Lepidoptera,Tortricidae
"Heleanna physalodes (Meyrick, 1926)",Kwajalein,"Sugerman, B.B. (1972) Insects and other arthropods from Kwajalein atoll (Marshall Islands)",Lepidoptera,Tortricidae
"Statherotis leucaspis (Meyrick, 1902)",Jaluit,"Clarke, J.F.G. (1976) Insects of Micronesia - Microlepidoptera: Tortricoidea",Lepidoptera,Tortricidae
"Statherotis leucaspis (Meyrick, 1902)",Kavaratti,"Clarke, J.F.G. (1976) Insects of Micronesia - Microlepidoptera: Tortricoidea",Lepidoptera,Tortricidae
"Statherotis leucaspis (Meyrick, 1902)",Mokil,"Clarke, J.F.G. (1976) Insects of Micronesia - Microlepidoptera: Tortricoidea",Lepidoptera,Tortricidae
"Thaumatovalva limbata (Diakonoff, 1969)",Aldabra,"Bippus, M. (2016) Notes on Lepidoptera from the Seychelles",Lepidoptera,Tortricidae
"Thaumatovalva limbata (Diakonoff, 1969)",Cosmoledo,"Bippus, M. (2016) Notes on Lepidoptera from the Seychelles",Lepidoptera,Tortricidae
"Amauromyza maculosa (Malloch, 1913)",Midway,"Nishida, G.M. & Beardsley, J.W. (2002) A review of the insects and related arthropods of Midway atoll",Diptera,Agromyzidae
"Calycomyza humeralis (Roser, 1840)",Midway,"Nishida, G.M. & Beardsley, J.W. (2002) A review of the insects and related arthropods of Midway atoll",Diptera,Agromyzidae
"Liriomyza palauensis (Spencer, 1963)",Ngcheangel,"Snyder, F.M. (1965) Insects of Micronesia - Diptera: Muscidae",Diptera,Agromyzidae
"Liriomyza pusilla (Meigen, 1830)",Johnston,"Binion Amerson, A., & Shelton, P.C. (1976) The natural history of Johnston atoll, Central Pacific Ocean",Diptera,Agromyzidae
"Liriomyza sativae (Blanchard, 1938)",Midway,"Suehiro, A. (1960) Insects and other arthropods from Midway atoll",Diptera,Agromyzidae
"Liriomyza sativae (Blanchard, 1938)",Palmyra,"Handler, A.T., et al. (2007) Arthropod surveys on Palmyra Atoll, Line Islands, and insights into the decline of the native tree Pisonia grandis (Nycatginaceae)",Diptera,Agromyzidae
Liriomyza sp.,French Frigate Shoals,"Beardsley, J.W. (1966) Insects and other terrestrial arthropods from the Leeward Hawaiian Islands",Diptera,Agromyzidae
Liriomyza sp.,Kure,"Butler, G.D., & Usinger, R.L. (1963) Insects and other arthropods from Kure Island",Diptera,Agromyzidae
Liriomyza sp.,Palmyra,"Handler, A.T., et al. (2007) Arthropod surveys on Palmyra Atoll, Line Islands, and insights into the decline of the native tree Pisonia grandis (Nycatginaceae)",Diptera,Agromyzidae
Liriomyza sp.,Pearl and Hermes,"Beardsley, J.W. (1966) Insects and other terrestrial arthropods from the Leeward Hawaiian Islands",Diptera,Agromyzidae
"Melanagromyza ipomoeavora (Spencer, 1963)",Nomwin,"Snyder, F.M. (1965) Insects of Micronesia - Diptera: Muscidae",Diptera,Agromyzidae
"Melanagromyza splendida (Frick, 1953)",Midway,"Nishida, G.M. & Beardsley, J.W. (2002) A review of the insects and related arthropods of Midway atoll",Diptera,Agromyzidae
"Ophiomyia atralis (Spencer, 1961)",Ulithi,"Snyder, F.M. (1965) Insects of Micronesia - Diptera: Muscidae",Diptera,Agromyzidae
"Ophiomyia cornuta (Meijere, 1910)",Abariringa,"van Zwaluwenburg, R.H. (1955) The insects and certain other arthropods of Canton Island",Diptera,Agromyzidae
"Ophiomyia cornuta (Meijere, 1910)",Eniwetok,"Snyder, F.M. (1965) Insects of Micronesia - Diptera: Muscidae",Diptera,Agromyzidae
"Ophiomyia cornuta (Meijere, 1910)",Kwajalein,"Sugerman, B.B. (1972) Insects and other arthropods from Kwajalein atoll (Marshall Islands)",Diptera,Agromyzidae
"Ophiomyia cornuta (Meijere, 1910)",Majuro,"Snyder, F.M. (1965) Insects of Micronesia - Diptera: Muscidae",Diptera,Agromyzidae
"Ophiomyia cornuta (Meijere, 1910)",Nomwin,"Snyder, F.M. (1965) Insects of Micronesia - Diptera: Muscidae",Diptera,Agromyzidae
"Ophiomyia cornuta (Meijere, 1910)",Nukunonu,"Hickley, A.D. (1969) Ecology of terrestrial arthropods of the Tokelau atolls",Diptera,Agromyzidae
"Ophiomyia cornuta (Meijere, 1910)",Rongelap,"Snyder, F.M. (1965) Insects of Micronesia - Diptera: Muscidae",Diptera,Agromyzidae
"Ophiomyia cornuta (Meijere, 1910)",Satawan,"Snyder, F.M. (1965) Insects of Micronesia - Diptera: Muscidae",Diptera,Agromyzidae
"Ophiomyia cornuta (Meijere, 1910)",Swains,"Kami, K.S., & Miller, S.E. (1998) Samoan insects and related arthropods: checklist and bibliography",Diptera,Agromyzidae
"Ophiomyia cornuta (Meijere, 1910)",Ujae,"Snyder, F.M. (1965) Insects of Micronesia - Diptera: Muscidae",Diptera,Agromyzidae
"Ophiomyia cornuta (Meijere, 1910)",Wotho,"Snyder, F.M. (1965) Insects of Micronesia - Diptera: Muscidae",Diptera,Agromyzidae
"Ophiomyia phaseoli (Tryon, 1895)",Etal,"Snyder, F.M. (1965) Insects of Micronesia - Diptera: Muscidae",Diptera,Agromyzidae
"Ophiomyia phaseoli (Tryon, 1895)",Lukunor,"Snyder, F.M. (1965) Insects of Micronesia - Diptera: Muscidae",Diptera,Agromyzidae
"Ophiomyia phaseoli (Tryon, 1895)",Namoluk,"Snyder, F.M. (1965) Insects of Micronesia - Diptera: Muscidae",Diptera,Agromyzidae
"Ophiomyia phaseoli (Tryon, 1895)",Ngcheangel,"Snyder, F.M. (1965) Insects of Micronesia - Diptera: Muscidae",Diptera,Agromyzidae
"Ophiomyia phaseoli (Tryon, 1895)",Satawan,"Snyder, F.M. (1965) Insects of Micronesia - Diptera: Muscidae",Diptera,Agromyzidae
"Ophiomyia phaseoli (Tryon, 1895)",Ulithi,"Snyder, F.M. (1965) Insects of Micronesia - Diptera: Muscidae",Diptera,Agromyzidae
Ophiomyia sp.,Kwajalein,"Sugerman, B.B. (1972) Insects and other arthropods from Kwajalein atoll (Marshall Islands)",Diptera,Agromyzidae
Phytobia sp.,Midway,"Suehiro, A. (1960) Insects and other arthropods from Midway atoll",Diptera,Agromyzidae
Phytoliriomyza sp.,Midway,"Suehiro, A. (1960) Insects and other arthropods from Midway atoll",Diptera,Agromyzidae
"Pseudonapomyza spicata (Malloch, 1914)",Eniwetok,"Snyder, F.M. (1965) Insects of Micronesia - Diptera: Muscidae",Diptera,Agromyzidae
"Pseudonapomyza spicata (Malloch, 1914)",Kure,"Beardsley, J.W. (1966) Insects and other terrestrial arthropods from the Leeward Hawaiian Islands",Diptera,Agromyzidae
"Pseudonapomyza spicata (Malloch, 1914)",Kwajalein,"Sugerman, B.B. (1972) Insects and other arthropods from Kwajalein atoll (Marshall Islands)",Diptera,Agromyzidae
"Pseudonapomyza spicata (Malloch, 1914)",Midway,"Nishida, G.M. & Beardsley, J.W. (2002) A review of the insects and related arthropods of Midway atoll",Diptera,Agromyzidae
"Pseudonapomyza spicata (Malloch, 1914)",Nukunonu,"Hickley, A.D. (1969) Ecology of terrestrial arthropods of the Tokelau atolls",Diptera,Agromyzidae
"Pseudonapomyza spicata (Malloch, 1914)",Pingelap,"Snyder, F.M. (1965) Insects of Micronesia - Diptera: Muscidae",Diptera,Agromyzidae
"Pseudonapomyza spicata (Malloch, 1914)",Swains,"Kami, K.S., & Miller, S.E. (1998) Samoan insects and related arthropods: checklist and bibliography",Diptera,Agromyzidae
"Fucellia boninensis (Snyder, 1965)",Midway,"Suehiro, A. (1960) Insects and other arthropods from Midway atoll",Diptera,Anthomyiidae
"Clinopogon nicobarensis (Schiner, 1868)",Diego Garcia,"Hutson, A.M. (1981) A preliminary list of insects of Diego Garcia Atoll, Chagos Archipelago",Diptera,Asilidae
"Clinopogon scalaris (Bigot, 1878)",Diego Garcia,"Lamb, C.G. (1922) No. VIII - Diptera: Asilidae, Scenopinidae, Dolichopodidae, Pipunculidae, Syrphidae",Diptera,Asilidae
Clinopogon sp.,Kwajalein,"Sugerman, B.B. (1972) Insects and other arthropods from Kwajalein atoll (Marshall Islands)",Diptera,Asilidae
"Cophinopoda pulchripes (Bigot, 1859)",Aldabra,"Frith, D.W. (1979) A list of insects caught in light traps on West Island, Aldabra Atoll, Indian Ocean",Diptera,Asilidae
"Cophinopoda pulchripes (Bigot, 1859)",Cosmoledo,"Lamb, C.G. (1922) No. VIII - Diptera: Asilidae, Scenopinidae, Dolichopodidae, Pipunculidae, Syrphidae",Diptera,Asilidae
"Cophinopoda pulchripes (Bigot, 1859)",Farquhar,"Lamb, C.G. (1922) No. VIII - Diptera: Asilidae, Scenopinidae, Dolichopodidae, Pipunculidae, Syrphidae",Diptera,Asilidae
"Despotiscus simmondsi (Bezzi, 1928)",Nukunonu,"Hickley, A.D. (1969) Ecology of terrestrial arthropods of the Tokelau atolls",Diptera,Asilidae
"Leptogaster tenuis (Loew, 1858)",Aldabra,"Lamb, C.G. (1922) No. VIII - Diptera: Asilidae, Scenopinidae, Dolichopodidae, Pipunculidae, Syrphidae",Diptera,Asilidae
"Ommatius tibialis (Say, 1823)",Aldabra,"Lamb, C.G. (1922) No. VIII - Diptera: Asilidae, Scenopinidae, Dolichopodidae, Pipunculidae, Syrphidae",Diptera,Asilidae
"Philodicus javanus (Wiedemann, 1819)",South Keeling,"Wood-Jones, F. (1909) The fauna of the Cocos-Keeling Atoll, collected by F. Wood-Jones",Diptera,Asilidae
"Bryania bipunctata (Aldrich, 1931)",Kure,"Butler, G.D., & Usinger, R.L. (1963) Insects and other arthropods from Kure Island",Diptera,Asteiidae
"Bryania bipunctata (Aldrich, 1931)",Laysan,"Butler, G.D. (1961) Insects and other arthropods from Laysan Island",Diptera,Asteiidae
"Loewimyia cf. bifurcata (Sabrosky, 1943)",Midway,"Nishida, G.M. & Beardsley, J.W. (2002) A review of the insects and related arthropods of Midway atoll",Diptera,Asteiidae
Anthrax sp.,South Keeling,"Wood-Jones, F. (1909) The fauna of the Cocos-Keeling Atoll, collected by F. Wood-Jones",Diptera,Bombyliidae
"Exoprosopa aldabrae (Greathead, 1976)",Aldabra,"Greathead, D.J. (1976) The Bombyliidae of Aldabra Island with notes on the species of the Villa hottentota (L.) group from Africa and the islands of the western Indian Ocean",Diptera,Bombyliidae
"Exoprosopa aldabrae (Greathead, 1976)",Astove,"Greathead, D.J. (1976) The Bombyliidae of Aldabra Island with notes on the species of the Villa hottentota (L.) group from Africa and the islands of the western Indian Ocean",Diptera,Bombyliidae
"Exoprosopa aldabrae (Greathead, 1976)",Cosmoledo,"Greathead, D.J. (1976) The Bombyliidae of Aldabra Island with notes on the species of the Villa hottentota (L.) group from Africa and the islands of the western Indian Ocean",Diptera,Bombyliidae
"Geron dilutus (Bowden, 1974)",Aldabra,"Greathead, D.J. (1976) The Bombyliidae of Aldabra Island with notes on the species of the Villa hottentota (L.) group from Africa and the islands of the western Indian Ocean",Diptera,Bombyliidae
"Geron dilutus (Bowden, 1974)",Astove,"Greathead, D.J. (1976) The Bombyliidae of Aldabra Island with notes on the species of the Villa hottentota (L.) group from Africa and the islands of the western Indian Ocean",Diptera,Bombyliidae
"Geron dilutus (Bowden, 1974)",Cosmoledo,"Greathead, D.J. (1976) The Bombyliidae of Aldabra Island with notes on the species of the Villa hottentota (L.) group from Africa and the islands of the western Indian Ocean",Diptera,Bombyliidae
"Micomitra famula (Bezzi, 1923)",Aldabra,"Greathead, D.J. (1976) The Bombyliidae of Aldabra Island with notes on the species of the Villa hottentota (L.) group from Africa and the islands of the western Indian Ocean",Diptera,Bombyliidae
"Poecilanthrax tegminipennis (Say, 1824)",Aldabra,"Greathead, D.J. (1976) The Bombyliidae of Aldabra Island with notes on the species of the Villa hottentota (L.) group from Africa and the islands of the western Indian Ocean",Diptera,Bombyliidae
"Villa aldabrae (Greathead, 1976)",Aldabra,"Greathead, D.J. (1976) The Bombyliidae of Aldabra Island with notes on the species of the Villa hottentota (L.) group from Africa and the islands of the western Indian Ocean",Diptera,Bombyliidae
Calliphora sp.,Takapoto,"Rivière, F. (1979) La vie animale terrestre à Takapoto",Diptera,Calliphoridae
"Chrysomya albiceps (Wiedemann, 1819)",Aldabra,"Frith, D.W. (1979) A list of insects caught in light traps on West Island, Aldabra Atoll, Indian Ocean",Diptera,Calliphoridae
"Chrysomya flaviceps (Macquart, 1835)",South Keeling,"Wood-Jones, F. (1909) The fauna of the Cocos-Keeling Atoll, collected by F. Wood-Jones",Diptera,Calliphoridae
"Chrysomya megacephala (Fabricius, 1794)",Arno,"James, M.T. (1962) Insects of Micronesia - Diptera: Stratiomyidae; Calliphoridae",Diptera,Calliphoridae
"Chrysomya megacephala (Fabricius, 1794)",Diego Garcia,"Barnett, L.K., & Emms, C. (1996) An annotated checklist of the Chagos archipelago terrestrial fauna (omitting birds) recorded during the 1996 'Friends of the Chagos' expedition",Diptera,Calliphoridae
"Chrysomya megacephala (Fabricius, 1794)",Eniwetok,"James, M.T. (1962) Insects of Micronesia - Diptera: Stratiomyidae; Calliphoridae",Diptera,Calliphoridae
"Chrysomya megacephala (Fabricius, 1794)",Jaluit,"James, M.T. (1962) Insects of Micronesia - Diptera: Stratiomyidae; Calliphoridae",Diptera,Calliphoridae
"Chrysomya megacephala (Fabricius, 1794)",Kapingamarangi,"James, M.T. (1962) Insects of Micronesia - Diptera: Stratiomyidae; Calliphoridae",Diptera,Calliphoridae
"Chrysomya megacephala (Fabricius, 1794)",Kure,"Butler, G.D., & Usinger, R.L. (1963) Insects and other arthropods from Kure Island",Diptera,Calliphoridae
"Chrysomya megacephala (Fabricius, 1794)",Kwajalein,"Sugerman, B.B. (1972) Insects and other arthropods from Kwajalein atoll (Marshall Islands)",Diptera,Calliphoridae
"Chrysomya megacephala (Fabricius, 1794)",Majuro,"James, M.T. (1962) Insects of Micronesia - Diptera: Stratiomyidae; Calliphoridae",Diptera,Calliphoridae
"Chrysomya megacephala (Fabricius, 1794)",Midway,"Suehiro, A. (1960) Insects and other arthropods from Midway atoll",Diptera,Calliphoridae
"Chrysomya megacephala (Fabricius, 1794)",Ngcheangel,"James, M.T. (1962) Insects of Micronesia - Diptera: Stratiomyidae; Calliphoridae",Diptera,Calliphoridae
"Chrysomya megacephala (Fabricius, 1794)",Onotoa,"James, M.T. (1962) Insects of Micronesia - Diptera: Stratiomyidae; Calliphoridae",Diptera,Calliphoridae
"Chrysomya megacephala (Fabricius, 1794)",Palmyra,"Handler, A.T., et al. (2007) Arthropod surveys on Palmyra Atoll, Line Islands, and insights into the decline of the native tree Pisonia grandis (Nycatginaceae)",Diptera,Calliphoridae
"Chrysomya megacephala (Fabricius, 1794)",Ulithi,"James, M.T. (1962) Insects of Micronesia - Diptera: Stratiomyidae; Calliphoridae",Diptera,Calliphoridae
"Chrysomya megacephala (Fabricius, 1794)",Wake,"James, M.T. (1962) Insects of Micronesia - Diptera: Stratiomyidae; Calliphoridae",Diptera,Calliphoridae
"Chrysomya rufifacies (Macquart, 1844)",Majuro,"James, M.T. (1962) Insects of Micronesia - Diptera: Stratiomyidae; Calliphoridae",Diptera,Calliphoridae
Dyscritomyia sp.,Midway,"Suehiro, A. (1960) Insects and other arthropods from Midway atoll",Diptera,Calliphoridae
"Hemipyrellia tagaliana (Bigot, 1877)",Ngcheangel,"James, M.T. (1962) Insects of Micronesia - Diptera: Stratiomyidae; Calliphoridae",Diptera,Calliphoridae
"Lucilia cuprina (Wiedemann, 1830)",Eniwetok,"James, M.T. (1962) Insects of Micronesia - Diptera: Stratiomyidae; Calliphoridae",Diptera,Calliphoridae
"Lucilia cuprina (Wiedemann, 1830)",Kure,"Butler, G.D., & Usinger, R.L. (1963) Insects and other arthropods from Kure Island",Diptera,Calliphoridae
"Lucilia cuprina (Wiedemann, 1830)",Kwajalein,"Sugerman, B.B. (1972) Insects and other arthropods from Kwajalein atoll (Marshall Islands)",Diptera,Calliphoridae
"Lucilia graphita (Shannon, 1926)",Kure,"Butler, G.D., & Usinger, R.L. (1963) Insects and other arthropods from Kure Island",Diptera,Calliphoridae
"Lucilia graphita (Shannon, 1926)",Laysan,"Butler, G.D. (1961) Insects and other arthropods from Laysan Island",Diptera,Calliphoridae
"Lucilia graphita (Shannon, 1926)",Midway,"Suehiro, A. (1960) Insects and other arthropods from Midway atoll",Diptera,Calliphoridae
"Lucilia graphita (Shannon, 1926)",Pearl and Hermes,"Beardsley, J.W. (1966) Insects and other terrestrial arthropods from the Leeward Hawaiian Islands",Diptera,Calliphoridae
"Lucilia sericata (Meigen, 1826)",Abariringa,"van Zwaluwenburg, R.H. (1942) The insects of Canton Island",Diptera,Calliphoridae
"Lucilia sericata (Meigen, 1826)",Johnston,"Rash, R. (2020) Checklist and images documenting the biodiversity of Johnston Atoll National Wildlife Refuge",Diptera,Calliphoridae
"Lucilia sericata (Meigen, 1826)",Kwajalein,"Sugerman, B.B. (1979) Additions to the list of insects and other arthropods from Kwajalein atoll (Marshall Islands)",Diptera,Calliphoridae
"Lucilia sericata (Meigen, 1826)",Midway,"Suehiro, A. (1960) Insects and other arthropods from Midway atoll",Diptera,Calliphoridae
"Lucilia sericata (Meigen, 1826)",Oeno,"Mathis, W.N. (1989) Diptera (Insecta) or true flies of the Pitcairn Group (Ducie, Henderson, Oeno, and Pitcairn Islands)",Diptera,Calliphoridae
"Lucilia sericata (Meigen, 1826)",Palmyra,"Handler, A.T., et al. (2007) Arthropod surveys on Palmyra Atoll, Line Islands, and insights into the decline of the native tree Pisonia grandis (Nycatginaceae)",Diptera,Calliphoridae
"Lucilia sericata (Meigen, 1826)",Wake,"Bryan, E.H. (1926) Insects of Hawaii, Johnston Island and Wake Island",Diptera,Calliphoridae
Lucilia sp.,Laysan,"Butler, G.D. (1961) Insects and other arthropods from Laysan Island",Diptera,Calliphoridae
"Canaceoides angulatus (Wirth, 1969)",Midway,"Nishida, G.M. & Beardsley, J.W. (2002) A review of the insects and related arthropods of Midway atoll",Diptera,Canacidae
"Canaceoides nudatus (Cresson, 1926)",Laysan,"Butler, G.D., & Usinger, R.L. (1963) Insects and other invertebrates from Laysan Island",Diptera,Canacidae
"Canaceoides nudatus (Cresson, 1926)",Wake,"Bryan, E.H. (1926) Insects of Hawaii, Johnston Island and Wake Island",Diptera,Canacidae
Canaceoides sp.,Palmyra,"Handler, A.T., et al. (2007) Arthropod surveys on Palmyra Atoll, Line Islands, and insights into the decline of the native tree Pisonia grandis (Nycatginaceae)",Diptera,Canacidae
"Dasyrhicnoessa ferruginea (Lamb, 1914)",Aldabra,"Lamb, C.G. (1914) No. XV - Diptera - Heteroneuridae, Ortalidae, Trypetidae, Sepsidae, Micropezidae, Drosophilidae, Geomyzidae, Milichidae",Diptera,Canacidae
"Dasyrhicnoessa insularis (Aldrich, 1931)",Abariringa,"Sasakawa, M. (1994) Insects of Micronesia - Diptera: Tethinidae",Diptera,Canacidae
"Dasyrhicnoessa insularis (Aldrich, 1931)",Eniwetok,"Sasakawa, M. (1994) Insects of Micronesia - Diptera: Tethinidae",Diptera,Canacidae
"Dasyrhicnoessa insularis (Aldrich, 1931)",Jaluit,"Sasakawa, M. (1994) Insects of Micronesia - Diptera: Tethinidae",Diptera,Canacidae
"Dasyrhicnoessa insularis (Aldrich, 1931)",Kiritimati,"Krauss, N.L.H. (1953) Insects and other invertebrates from Palmyra atoll and Christmas Island",Diptera,Canacidae
"Dasyrhicnoessa insularis (Aldrich, 1931)",Kwajalein,"Sasakawa, M. (1994) Insects of Micronesia - Diptera: Tethinidae",Diptera,Canacidae
"Dasyrhicnoessa insularis (Aldrich, 1931)",Majuro,"Sasakawa, M. (1994) Insects of Micronesia - Diptera: Tethinidae",Diptera,Canacidae
"Dasyrhicnoessa insularis (Aldrich, 1931)",Midway,"Suehiro, A. (1960) Insects and other arthropods from Midway atoll",Diptera,Canacidae
"Dasyrhicnoessa insularis (Aldrich, 1931)",Oeno,"Mathis, W.N. (1989) Diptera (Insecta) or true flies of the Pitcairn Group (Ducie, Henderson, Oeno, and Pitcairn Islands)",Diptera,Canacidae
"Dasyrhicnoessa insularis (Aldrich, 1931)",Palmyra,"Handler, A.T., et al. (2007) Arthropod surveys on Palmyra Atoll, Line Islands, and insights into the decline of the native tree Pisonia grandis (Nycatginaceae)",Diptera,Canacidae
"Dasyrhicnoessa insularis (Aldrich, 1931)",Pearl and Hermes,"Beardsley, J.W. (1966) Insects and other terrestrial arthropods from the Leeward Hawaiian Islands",Diptera,Canacidae
"Dasyrhicnoessa insularis (Aldrich, 1931)",Wake,"Sasakawa, M. (1994) Insects of Micronesia - Diptera: Tethinidae",Diptera,Canacidae
"Dasyrhicnoessa sexseriata (Hendel, 1934)",Wake,"Sasakawa, M. (1994) Insects of Micronesia - Diptera: Tethinidae",Diptera,Canacidae
"Dasyrhicnoessa vockerothi (Hardy & Delfinado, 1980)",Aldabra,"Munari, L. (2014) New Indo-Pacific species of Dasyrhicnoessa Hendel, 1934 and Pseudorhicnoessa Malloch, 1914 (Diptera: Canacidae: Tethininae)",Diptera,Canacidae
"Dasyrhicnoessa vockerothi (Hardy & Delfinado, 1980)",Arno,"Sasakawa, M. (1994) Insects of Micronesia - Diptera: Tethinidae",Diptera,Canacidae
"Dasyrhicnoessa vockerothi (Hardy & Delfinado, 1980)",Astove,"Munari, L. (2014) New Indo-Pacific species of Dasyrhicnoessa Hendel, 1934 and Pseudorhicnoessa Malloch, 1914 (Diptera: Canacidae: Tethininae)",Diptera,Canacidae
"Dasyrhicnoessa vockerothi (Hardy & Delfinado, 1980)",Eniwetok,"Sasakawa, M. (1994) Insects of Micronesia - Diptera: Tethinidae",Diptera,Canacidae
"Dasyrhicnoessa vockerothi (Hardy & Delfinado, 1980)",Jaluit,"Sasakawa, M. (1994) Insects of Micronesia - Diptera: Tethinidae",Diptera,Canacidae
"Dasyrhicnoessa vockerothi (Hardy & Delfinado, 1980)",Kwajalein,"Sasakawa, M. (1994) Insects of Micronesia - Diptera: Tethinidae",Diptera,Canacidae
"Dasyrhicnoessa vockerothi (Hardy & Delfinado, 1980)",Majuro,"Sasakawa, M. (1994) Insects of Micronesia - Diptera: Tethinidae",Diptera,Canacidae
"Dasyrhicnoessa vockerothi (Hardy & Delfinado, 1980)",Ngcheangel,"Sasakawa, M. (1994) Insects of Micronesia - Diptera: Tethinidae",Diptera,Canacidae
"Dasyrhicnoessa vockerothi (Hardy & Delfinado, 1980)",Wake,"Sasakawa, M. (1994) Insects of Micronesia - Diptera: Tethinidae",Diptera,Canacidae
"Nocticanace mahensis (Lamb, 1912)",Diego Garcia,"Hutson, A.M. (1981) A preliminary list of insects of Diego Garcia Atoll, Chagos Archipelago",Diptera,Canacidae
"Nocticanace marshallensis (Wirth, 1951)",Eniwetok,"Samuelson, G.A., & Nishida, G.M. (1987) Insects and allies (arthropods) of Enewetak atoll",Diptera,Canacidae
"Nocticanace marshallensis (Wirth, 1951)",Kwajalein,"Sugerman, B.B. (1972) Insects and other arthropods from Kwajalein atoll (Marshall Islands)",Diptera,Canacidae
"Nocticanace marshallensis (Wirth, 1951)",Palmyra,"Handler, A.T., et al. (2007) Arthropod surveys on Palmyra Atoll, Line Islands, and insights into the decline of the native tree Pisonia grandis (Nycatginaceae)",Diptera,Canacidae
Nocticanace sp.,Midway,"Suehiro, A. (1960) Insects and other arthropods from Midway atoll",Diptera,Canacidae
Nocticanace sp.,Oeno,"Mathis, W.N. (1989) Diptera (Insecta) or true flies of the Pitcairn Group (Ducie, Henderson, Oeno, and Pitcairn Islands)",Diptera,Canacidae
"Pseudorhicnoessa spinipes (Malloch, 1914)",Likiep,"Sasakawa, M. (1994) Insects of Micronesia - Diptera: Tethinidae",Diptera,Canacidae
"Pseudorhicnoessa spinipes (Malloch, 1914)",Majuro,"Sasakawa, M. (1994) Insects of Micronesia - Diptera: Tethinidae",Diptera,Canacidae
"Tethina variseta (Melander, 1952)",Midway,"Suehiro, A. (1960) Insects and other arthropods from Midway atoll",Diptera,Canacidae
Tethina sp.,Palmyra,"Handler, A.T., et al. (2007) Arthropod surveys on Palmyra Atoll, Line Islands, and insights into the decline of the native tree Pisonia grandis (Nycatginaceae)",Diptera,Canacidae
"Allobremia cf. upolui (Barnes, 1928)",Diego Garcia,"Hutson, A.M. (1981) A preliminary list of insects of Diego Garcia Atoll, Chagos Archipelago",Diptera,Cecidomyiidae
Asynapta sp.,Diego Garcia,"Hutson, A.M. (1981) A preliminary list of insects of Diego Garcia Atoll, Chagos Archipelago",Diptera,Cecidomyiidae
"Giardomyia pallidithorax (Hardy, 1960)",Midway,"Suehiro, A. (1960) Insects and other arthropods from Midway atoll",Diptera,Cecidomyiidae
Lestodiplosis sp.,Diego Garcia,"Hutson, A.M. (1981) A preliminary list of insects of Diego Garcia Atoll, Chagos Archipelago",Diptera,Cecidomyiidae
Lestremia sp.,Diego Garcia,"Hutson, A.M. (1981) A preliminary list of insects of Diego Garcia Atoll, Chagos Archipelago",Diptera,Cecidomyiidae
"Parallelodiplosis bimaculata (Hardy, 1960)",Midway,"Suehiro, A. (1960) Insects and other arthropods from Midway atoll",Diptera,Cecidomyiidae
"Peromyia cf. seychellensis (Kieffer, 1911)",Diego Garcia,"Hutson, A.M. (1981) A preliminary list of insects of Diego Garcia Atoll, Chagos Archipelago",Diptera,Cecidomyiidae
Porricondyla sp.,Diego Garcia,"Hutson, A.M. (1981) A preliminary list of insects of Diego Garcia Atoll, Chagos Archipelago",Diptera,Cecidomyiidae
"Alluaudomyia monosticta (Ingram & Macfie, 1923)",Aldabra,"Wirth, W.W. (1990) The biting midges of Aldabra Atoll (Diptera: Ceratopogonidae)",Diptera,Ceratopogonidae
"Atrichopogon armaticaudalis (Tokunaga & Murachi, 1959)",Losap,"Tokunaga, M., & Murachi, E.K. (1959) Insects of Micronesia - Diptera: Ceratopogonidae",Diptera,Ceratopogonidae
"Atrichopogon armaticaudalis (Tokunaga & Murachi, 1959)",Ngcheangel,"Tokunaga, M., & Murachi, E.K. (1959) Insects of Micronesia - Diptera: Ceratopogonidae",Diptera,Ceratopogonidae
Atrichopogon sp.,Diego Garcia,"Hutson, A.M. (1981) A preliminary list of insects of Diego Garcia Atoll, Chagos Archipelago",Diptera,Ceratopogonidae
"Bezzia africana (Ingram & Macfie, 1923)",Aldabra,"Wirth, W.W. (1990) The biting midges of Aldabra Atoll (Diptera: Ceratopogonidae)",Diptera,Ceratopogonidae
Bezzia sp.,Diego Garcia,"Hutson, A.M. (1981) A preliminary list of insects of Diego Garcia Atoll, Chagos Archipelago",Diptera,Ceratopogonidae
"Culicoides adamskii (Wirth, 1990)",Aldabra,"Wirth, W.W. (1990) The biting midges of Aldabra Atoll (Diptera: Ceratopogonidae)",Diptera,Ceratopogonidae
"Culicoides belkini (Wirth & Arnaud, 1969)",Takapoto,"Rivière, F. (1979) La vie animale terrestre à Takapoto",Diptera,Ceratopogonidae
"Culicoides kusaiensis (Tokunaga, 1940)",Arno,"Tokunaga, M., & Murachi, E.K. (1959) Insects of Micronesia - Diptera: Ceratopogonidae",Diptera,Ceratopogonidae
"Culicoides peliliouensis (Tokunaga, 1936)",Ngcheangel,"Tokunaga, M., & Murachi, E.K. (1959) Insects of Micronesia - Diptera: Ceratopogonidae",Diptera,Ceratopogonidae
"Dasyhelea calvescens (Macfie, 1938)",Laysan,"Asquith, A. (1994) The arthropod fauna of Laysan Island",Diptera,Ceratopogonidae
"Dasyhelea calvescens (Macfie, 1938)",Midway,"Suehiro, A. (1960) Insects and other arthropods from Midway atoll",Diptera,Ceratopogonidae
"Dasyhelea cogani (Wirth, 1990)",Aldabra,"Wirth, W.W. (1990) The biting midges of Aldabra Atoll (Diptera: Ceratopogonidae)",Diptera,Ceratopogonidae
"Dasyhelea esakii (Tokunaga, 1940)",South Keeling,"Debenham, M.L. (1987) Ceratopogonidae (Diptera) of the Cocs (Keeling) Islands",Diptera,Ceratopogonidae
"Dasyhelea esakii (Tokunaga, 1940)",Eniwetok,"Tokunaga, M., & Murachi, E.K. (1959) Insects of Micronesia - Diptera: Ceratopogonidae",Diptera,Ceratopogonidae
"Dasyhelea esakii (Tokunaga, 1940)",Kapingamarangi,"Niering, W. A. (1963) Terrestrial ecology of Kapingamarangi atoll, Caroline Islands",Diptera,Ceratopogonidae
"Dasyhelea esakii (Tokunaga, 1940)",Ngcheangel,"Tokunaga, M., & Murachi, E.K. (1959) Insects of Micronesia - Diptera: Ceratopogonidae",Diptera,Ceratopogonidae
"Dasyhelea flavescens (Tokunaga & Murachi, 1959)",Arno,"Tokunaga, M., & Murachi, E.K. (1959) Insects of Micronesia - Diptera: Ceratopogonidae",Diptera,Ceratopogonidae
"Dasyhelea flavescens (Tokunaga & Murachi, 1959)",Eniwetok,"Tokunaga, M., & Murachi, E.K. (1959) Insects of Micronesia - Diptera: Ceratopogonidae",Diptera,Ceratopogonidae
"Dasyhelea flavescens (Tokunaga & Murachi, 1959)",Jaluit,"Tokunaga, M., & Murachi, E.K. (1959) Insects of Micronesia - Diptera: Ceratopogonidae",Diptera,Ceratopogonidae
"Dasyhelea flavescens (Tokunaga & Murachi, 1959)",Majuro,"Tokunaga, M., & Murachi, E.K. (1959) Insects of Micronesia - Diptera: Ceratopogonidae",Diptera,Ceratopogonidae
"Dasyhelea flavibasalis (Tokunaga, 1940)",Eniwetok,"Tokunaga, M., & Murachi, E.K. (1959) Insects of Micronesia - Diptera: Ceratopogonidae",Diptera,Ceratopogonidae
"Dasyhelea flavibasalis (Tokunaga, 1940)",Jaluit,"Tokunaga, M., & Murachi, E.K. (1959) Insects of Micronesia - Diptera: Ceratopogonidae",Diptera,Ceratopogonidae
"Dasyhelea flavicaudalis (Tokunaga & Murachi, 1959)",Pingelap,"Tokunaga, M., & Murachi, E.K. (1959) Insects of Micronesia - Diptera: Ceratopogonidae",Diptera,Ceratopogonidae
"Dasyhelea fenerivensis (De Meillon, 1961)",Aldabra,"Wirth, W.W. (1990) The biting midges of Aldabra Atoll (Diptera: Ceratopogonidae)",Diptera,Ceratopogonidae
"Dasyhelea fumala (Tokunaga, 1940)",Jaluit,"Tokunaga, M., & Murachi, E.K. (1959) Insects of Micronesia - Diptera: Ceratopogonidae",Diptera,Ceratopogonidae
"Dasyhelea fumala (Tokunaga, 1940)",Kapingamarangi,"Tokunaga, M., & Murachi, E.K. (1959) Insects of Micronesia - Diptera: Ceratopogonidae",Diptera,Ceratopogonidae
"Dasyhelea fumala (Tokunaga, 1940)",Mokil,"Tokunaga, M., & Murachi, E.K. (1959) Insects of Micronesia - Diptera: Ceratopogonidae",Diptera,Ceratopogonidae
"Dasyhelea fumala (Tokunaga, 1940)",Pingelap,"Tokunaga, M., & Murachi, E.K. (1959) Insects of Micronesia - Diptera: Ceratopogonidae",Diptera,Ceratopogonidae
"Dasyhelea cf. hawaiiensis (Macfie, 1938)",Kiritimati,"Krauss, N.L.H. (1953) Insects and other invertebrates from Palmyra atoll and Christmas Island",Diptera,Ceratopogonidae
"Dasyhelea cf. hawaiiensis (Macfie, 1938)",Palmyra,"Krauss, N.L.H. (1953) Insects and other invertebrates from Palmyra atoll and Christmas Island",Diptera,Ceratopogonidae
"Dasyhelea hutsoni (Wirth, 1990)",Aldabra,"Wirth, W.W. (1990) The biting midges of Aldabra Atoll (Diptera: Ceratopogonidae)",Diptera,Ceratopogonidae
"Dasyhelea insularis (Tokunaga, 1940)",Ngcheangel,"Tokunaga, M., & Murachi, E.K. (1959) Insects of Micronesia - Diptera: Ceratopogonidae",Diptera,Ceratopogonidae
"Dasyhelea insulicola (Tokunaga & Murachi, 1959)",Majuro,"Tokunaga, M., & Murachi, E.K. (1959) Insects of Micronesia - Diptera: Ceratopogonidae",Diptera,Ceratopogonidae
"Dasyhelea intonsa (Debenham, 1987)",South Keeling,"Debenham, M.L. (1987) Ceratopogonidae (Diptera) of the Cocs (Keeling) Islands",Diptera,Ceratopogonidae
"Dasyhelea nigricans (Carter, Ingram & Macfie, 1923)",Aldabra,"Wirth, W.W. (1990) The biting midges of Aldabra Atoll (Diptera: Ceratopogonidae)",Diptera,Ceratopogonidae
"Dasyhelea nigripygma (Tokunaga, 1959)",Ngcheangel,"Tokunaga, M., & Murachi, E.K. (1959) Insects of Micronesia - Diptera: Ceratopogonidae",Diptera,Ceratopogonidae
"Dasyhelea palauensis (Tokunaga, 1940)",Kwajalein,"Sugerman, B.B. (1972) Insects and other arthropods from Kwajalein atoll (Marshall Islands)",Diptera,Ceratopogonidae
"Dasyhelea peliliouensis (Tokunaga, 1940)",Arno,"Tokunaga, M., & Murachi, E.K. (1959) Insects of Micronesia - Diptera: Ceratopogonidae",Diptera,Ceratopogonidae
"Dasyhelea peliliouensis (Tokunaga, 1940)",Eniwetok,"Tokunaga, M., & Murachi, E.K. (1959) Insects of Micronesia - Diptera: Ceratopogonidae",Diptera,Ceratopogonidae
"Dasyhelea peliliouensis (Tokunaga, 1940)",Jaluit,"Tokunaga, M., & Murachi, E.K. (1959) Insects of Micronesia - Diptera: Ceratopogonidae",Diptera,Ceratopogonidae
"Dasyhelea peliliouensis (Tokunaga, 1940)",Kapingamarangi,"Tokunaga, M., & Murachi, E.K. (1959) Insects of Micronesia - Diptera: Ceratopogonidae",Diptera,Ceratopogonidae
"Dasyhelea peliliouensis (Tokunaga, 1940)",Likiep,"Tokunaga, M., & Murachi, E.K. (1959) Insects of Micronesia - Diptera: Ceratopogonidae",Diptera,Ceratopogonidae
"Dasyhelea peliliouensis (Tokunaga, 1940)",Majuro,"Tokunaga, M., & Murachi, E.K. (1959) Insects of Micronesia - Diptera: Ceratopogonidae",Diptera,Ceratopogonidae
"Dasyhelea peliliouensis (Tokunaga, 1940)",Ulithi,"Tokunaga, M., & Murachi, E.K. (1959) Insects of Micronesia - Diptera: Ceratopogonidae",Diptera,Ceratopogonidae
"Dasyhelea perfida (Johannsen, 1931)",Jaluit,"Tokunaga, M., & Murachi, E.K. (1959) Insects of Micronesia - Diptera: Ceratopogonidae",Diptera,Ceratopogonidae
"Dasyhelea perfida (Johannsen, 1931)",Kapingamarangi,"Tokunaga, M., & Murachi, E.K. (1959) Insects of Micronesia - Diptera: Ceratopogonidae",Diptera,Ceratopogonidae
"Dasyhelea perfida (Johannsen, 1931)",Ulithi,"Tokunaga, M., & Murachi, E.K. (1959) Insects of Micronesia - Diptera: Ceratopogonidae",Diptera,Ceratopogonidae
"Dasyhelea quaternihamata (Tokunaga & Murachi, 1959)",Jaluit,"Tokunaga, M., & Murachi, E.K. (1959) Insects of Micronesia - Diptera: Ceratopogonidae",Diptera,Ceratopogonidae
"Dasyhelea quaternihamata (Tokunaga & Murachi, 1959)",Mokil,"Tokunaga, M., & Murachi, E.K. (1959) Insects of Micronesia - Diptera: Ceratopogonidae",Diptera,Ceratopogonidae
"Dasyhelea sagittifera (Tokunaga & Murachi, 1959)",Jaluit,"Tokunaga, M., & Murachi, E.K. (1959) Insects of Micronesia - Diptera: Ceratopogonidae",Diptera,Ceratopogonidae
"Dasyhelea speciosa (Clastrier, 1983)",Aldabra,"Wirth, W.W. (1990) The biting midges of Aldabra Atoll (Diptera: Ceratopogonidae)",Diptera,Ceratopogonidae
"Dasyhelea tamsi (Wirth & Messersmith, 1977)",Aldabra,"Wirth, W.W. (1990) The biting midges of Aldabra Atoll (Diptera: Ceratopogonidae)",Diptera,Ceratopogonidae
Dasyhelea sp.,Arno,"Tokunaga, M., & Murachi, E.K. (1959) Insects of Micronesia - Diptera: Ceratopogonidae",Diptera,Ceratopogonidae
Dasyhelea sp.,Diego Garcia,"Hutson, A.M. (1981) A preliminary list of insects of Diego Garcia Atoll, Chagos Archipelago",Diptera,Ceratopogonidae
Dasyhelea sp.,Ngcheangel,"Tokunaga, M., & Murachi, E.K. (1959) Insects of Micronesia - Diptera: Ceratopogonidae",Diptera,Ceratopogonidae
Dasyhelea sp.,Nukunonu,"Hickley, A.D. (1969) Ecology of terrestrial arthropods of the Tokelau atolls",Diptera,Ceratopogonidae
Dasyhelea sp.,Palmyra,"Handler, A.T., et al. (2007) Arthropod surveys on Palmyra Atoll, Line Islands, and insights into the decline of the native tree Pisonia grandis (Nycatginaceae)",Diptera,Ceratopogonidae
Dasyhelea sp.,Takapoto,"Rivière, F. (1979) La vie animale terrestre à Takapoto",Diptera,Ceratopogonidae
"Forcipomyia borbonica (Clastrier, 1959)",South Keeling,"Debenham, M.L. (1987) Ceratopogonidae (Diptera) of the Cocs (Keeling) Islands",Diptera,Ceratopogonidae
"Forcipomyia chrysolopha (Kieffer, 1911)",Aldabra,"Wirth, W.W. (1990) The biting midges of Aldabra Atoll (Diptera: Ceratopogonidae)",Diptera,Ceratopogonidae
"Forcipomyia chrysolopha (Kieffer, 1911)",South Keeling,"Debenham, M.L. (1987) Ceratopogonidae (Diptera) of the Cocs (Keeling) Islands",Diptera,Ceratopogonidae
"Forcipomyia esakiana (Tokunaga, 1940)",Likiep,"Tokunaga, M., & Murachi, E.K. (1959) Insects of Micronesia - Diptera: Ceratopogonidae",Diptera,Ceratopogonidae
"Forcipomyia fascicauda (Tokunaga, 1940)",Kapingamarangi,"Tokunaga, M., & Murachi, E.K. (1959) Insects of Micronesia - Diptera: Ceratopogonidae",Diptera,Ceratopogonidae
"Forcipomyia flavitibialis (Tokunaga & Murachi, 1959)",Arno,"Tokunaga, M., & Murachi, E.K. (1959) Insects of Micronesia - Diptera: Ceratopogonidae",Diptera,Ceratopogonidae
"Forcipomyia flavitibialis (Tokunaga & Murachi, 1959)",Kapingamarangi,"Tokunaga, M., & Murachi, E.K. (1959) Insects of Micronesia - Diptera: Ceratopogonidae",Diptera,Ceratopogonidae
"Forcipomyia fidens (Macfie, 1936)",Likiep,"Tokunaga, M., & Murachi, E.K. (1959) Insects of Micronesia - Diptera: Ceratopogonidae",Diptera,Ceratopogonidae
"Forcipomyia fuliginosa (Meigen, 1818)",Aldabra,"Wirth, W.W. (1990) The biting midges of Aldabra Atoll (Diptera: Ceratopogonidae)",Diptera,Ceratopogonidae
"Forcipomyia fuscimana (Kieffer, 1921)",Kapingamarangi,"Niering, W. A. (1963) Terrestrial ecology of Kapingamarangi atoll, Caroline Islands",Diptera,Ceratopogonidae
"Forcipomyia hutsonii (Wirth & Ratanaworabhan, 1976)",Aldabra,"Wirth, W.W. (1990) The biting midges of Aldabra Atoll (Diptera: Ceratopogonidae)",Diptera,Ceratopogonidae
"Forcipomyia ornata (Tokunaga, 1940)",Likiep,"Tokunaga, M., & Murachi, E.K. (1959) Insects of Micronesia - Diptera: Ceratopogonidae",Diptera,Ceratopogonidae
"Forcipomyia sauteri (Kieffer, 1912)",Arno,"Tokunaga, M., & Murachi, E.K. (1959) Insects of Micronesia - Diptera: Ceratopogonidae",Diptera,Ceratopogonidae
"Forcipomyia sauteri (Kieffer, 1912)",Kapingamarangi,"Tokunaga, M., & Murachi, E.K. (1959) Insects of Micronesia - Diptera: Ceratopogonidae",Diptera,Ceratopogonidae
"Forcipomyia subspadicifascia (Tokunaga & Murachi, 1959)",Majuro,"Tokunaga, M., & Murachi, E.K. (1959) Insects of Micronesia - Diptera: Ceratopogonidae",Diptera,Ceratopogonidae
"Forcipomyia tuthilli (Tokunaga, 1959)",Eniwetok,"Tokunaga, M., & Murachi, E.K. (1959) Insects of Micronesia - Diptera: Ceratopogonidae",Diptera,Ceratopogonidae
"Forcipomyia vesicula (De Meillon & Wirth, 1983)",Aldabra,"Wirth, W.W. (1990) The biting midges of Aldabra Atoll (Diptera: Ceratopogonidae)",Diptera,Ceratopogonidae
Forcipomyia sp.,Diego Garcia,"Hutson, A.M. (1981) A preliminary list of insects of Diego Garcia Atoll, Chagos Archipelago",Diptera,Ceratopogonidae
"Homohelea stuckenbergi (De Meillon, 1961)",Aldabra,"Wirth, W.W. (1990) The biting midges of Aldabra Atoll (Diptera: Ceratopogonidae)",Diptera,Ceratopogonidae
"Metacanthohelea cogani (Wirth & Grogan, 1988)",Aldabra,"Wirth, W.W. (1990) The biting midges of Aldabra Atoll (Diptera: Ceratopogonidae)",Diptera,Ceratopogonidae
"Stilobezzia spirogyrae (Carter, Ingram & Macfie, 1921)",Aldabra,"Wirth, W.W. (1990) The biting midges of Aldabra Atoll (Diptera: Ceratopogonidae)",Diptera,Ceratopogonidae
"Chironomus claggi (Tokunaga, 1964)",Wake,"Tokunaga, M. (1964) Insects of Micronesia - Diptera: Chironomidae",Diptera,Chironomidae
"Chironomus crassicaudus (Tokunaga, 1964)",Ngcheangel,"Tokunaga, M. (1964) Insects of Micronesia - Diptera: Chironomidae",Diptera,Chironomidae
"Chironomus crassiforceps (Kieffer, 1916)",Jaluit,"Tokunaga, M. (1964) Insects of Micronesia - Diptera: Chironomidae",Diptera,Chironomidae
"Chironomus crassiforceps (Kieffer, 1916)",Kwajalein,"Sugerman, B.B. (1972) Insects and other arthropods from Kwajalein atoll (Marshall Islands)",Diptera,Chironomidae
"Chironomus crassiforceps (Kieffer, 1916)",Majuro,"Tokunaga, M. (1964) Insects of Micronesia - Diptera: Chironomidae",Diptera,Chironomidae
"Chironomus crassiforceps (Kieffer, 1916)",Ulithi,"Tokunaga, M. (1964) Insects of Micronesia - Diptera: Chironomidae",Diptera,Chironomidae
"Chironomus longilobus (Kieffer, 1916)",Satawan,"Tokunaga, M. (1964) Insects of Micronesia - Diptera: Chironomidae",Diptera,Chironomidae
"Chironomus javanus (Kieffer, 1924)",Kwajalein,"Sugerman, B.B. (1972) Insects and other arthropods from Kwajalein atoll (Marshall Islands)",Diptera,Chironomidae
"Chironomus samoensis (Edwards, 1928)",Losap,"Tokunaga, M. (1964) Insects of Micronesia - Diptera: Chironomidae",Diptera,Chironomidae
"Chironomus samoensis (Edwards, 1928)",Majuro,"Tokunaga, M. (1964) Insects of Micronesia - Diptera: Chironomidae",Diptera,Chironomidae
"Chironomus samoensis (Edwards, 1928)",Satawan,"Tokunaga, M. (1964) Insects of Micronesia - Diptera: Chironomidae",Diptera,Chironomidae
Chironomus sp.,Funafuti,"Ueno, R., Satake, K., & Yamano, H. (2015) New records of Chironomidae (Diptera) of Tuvalu",Diptera,Chironomidae
"Clunio littoralis (Stone & Wirth, 1947)",Midway,"Nishida, G.M. & Beardsley, J.W. (2002) A review of the insects and related arthropods of Midway atoll",Diptera,Chironomidae
"Clunio pacificus (Edwards, 1926)",Ngcheangel,"Tokunaga, M. (1964) Insects of Micronesia - Diptera: Chironomidae",Diptera,Chironomidae
"Clunio tuthilli (Tokunaga, 1964)",Eniwetok,"Tokunaga, M. (1964) Insects of Micronesia - Diptera: Chironomidae",Diptera,Chironomidae
Clunio sp.,Palmyra,"Handler, A.T., et al. (2007) Arthropod surveys on Palmyra Atoll, Line Islands, and insights into the decline of the native tree Pisonia grandis (Nycatginaceae)",Diptera,Chironomidae
"Compterosmittia longipalpis (Ueno, Satake & Yamano, 2015)",Funafuti,"Ueno, R., Satake, K., & Yamano, H. (2015) New records of Chironomidae (Diptera) of Tuvalu",Diptera,Chironomidae
"Phaenopsectra gressitti (Tokunaga, 1964)",Arno,"Tokunaga, M. (1964) Insects of Micronesia - Diptera: Chironomidae",Diptera,Chironomidae
"Polypedilum nubiferum (Skuse, 1889)",Midway,"Nishida, G.M. & Beardsley, J.W. (2002) A review of the insects and related arthropods of Midway atoll",Diptera,Chironomidae
"Pontomyia natans (Edwards, 1926)",Eniwetok,"Samuelson, G.A., & Nishida, G.M. (1987) Insects and allies (arthropods) of Enewetak atoll",Diptera,Chironomidae
"Pseudosmittia amplexivirga (Ueno, Satake & Yamano, 2015)",Funafuti,"Ueno, R., Satake, K., & Yamano, H. (2015) New records of Chironomidae (Diptera) of Tuvalu",Diptera,Chironomidae
"Pseudosmittia bifurcata (Tokunaga, 1936)",Kiritimati,"Ferrington, L.C., & Saether, O.A. (2011) A revision of the genus Pseudosmittia Edwards, 1932, Allocladius Kieffer, 1913, and Hydrosmittia gen.n. (Diptera: Chironomidae, Orthocladiinae)",Diptera,Chironomidae
"Pseudosmittia brachydicrana (Edwards, 1927)",Arno,"Ferrington, L.C., & Saether, O.A. (2011) A revision of the genus Pseudosmittia Edwards, 1932, Allocladius Kieffer, 1913, and Hydrosmittia gen.n. (Diptera: Chironomidae, Orthocladiinae)",Diptera,Chironomidae
"Pseudosmittia brachydicrana (Edwards, 1927)",Diego Garcia,"Ferrington, L.C., & Saether, O.A. (2011) A revision of the genus Pseudosmittia Edwards, 1932, Allocladius Kieffer, 1913, and Hydrosmittia gen.n. (Diptera: Chironomidae, Orthocladiinae)",Diptera,Chironomidae
"Pseudosmittia brachydicrana (Edwards, 1927)",Kiritimati,"Ferrington, L.C., & Saether, O.A. (2011) A revision of the genus Pseudosmittia Edwards, 1932, Allocladius Kieffer, 1913, and Hydrosmittia gen.n. (Diptera: Chironomidae, Orthocladiinae)",Diptera,Chironomidae
"Pseudosmittia christmasensis (Ferrington & Saether, 2011)",Kiritimati,"Ferrington, L.C., & Saether, O.A. (2011) A revision of the genus Pseudosmittia Edwards, 1932, Allocladius Kieffer, 1913, and Hydrosmittia gen.n. (Diptera: Chironomidae, Orthocladiinae)",Diptera,Chironomidae
"Pseudosmittia dupla (Tokunaga, 1964)",Arno,"Tokunaga, M. (1964) Insects of Micronesia - Diptera: Chironomidae",Diptera,Chironomidae
"Pseudosmittia dupla (Tokunaga, 1964)",Majuro,"Tokunaga, M. (1964) Insects of Micronesia - Diptera: Chironomidae",Diptera,Chironomidae
"Pseudosmittia kraussi (Tokunaga, 1964)",Kapingamarangi,"Ferrington, L.C., & Saether, O.A. (2011) A revision of the genus Pseudosmittia Edwards, 1932, Allocladius Kieffer, 1913, and Hydrosmittia gen.n. (Diptera: Chironomidae, Orthocladiinae)",Diptera,Chironomidae
"Pseudosmittia licina (Ferrington & Saether, 2011)",Kiritimati,"Ferrington, L.C., & Saether, O.A. (2011) A revision of the genus Pseudosmittia Edwards, 1932, Allocladius Kieffer, 1913, and Hydrosmittia gen.n. (Diptera: Chironomidae, Orthocladiinae)",Diptera,Chironomidae
"Pseudosmittia micronesiana (Tokunaga, 1964)",Arno,"Tokunaga, M. (1964) Insects of Micronesia - Diptera: Chironomidae",Diptera,Chironomidae
"Pseudosmittia triangula (Tokunaga, 1964)",Arno,"Tokunaga, M. (1964) Insects of Micronesia - Diptera: Chironomidae",Diptera,Chironomidae
"Pseudosmittia tuvaluensis (Ueno, Satake & Yamano, 2015)",Funafuti,"Ueno, R., Satake, K., & Yamano, H. (2015) New records of Chironomidae (Diptera) of Tuvalu",Diptera,Chironomidae
"Pseudosmittia yapensis (Tokunaga, 1964)",Arno,"Tokunaga, M. (1964) Insects of Micronesia - Diptera: Chironomidae",Diptera,Chironomidae
"Pseudosmittia yapensis (Tokunaga, 1964)",Jaluit,"Tokunaga, M. (1964) Insects of Micronesia - Diptera: Chironomidae",Diptera,Chironomidae
"Pseudosmittia zonata (Tokunaga, 1964)",Kapingamarangi,"Tokunaga, M. (1964) Insects of Micronesia - Diptera: Chironomidae",Diptera,Chironomidae
Pseudosmittia sp.,Nukunonu,"Hickley, A.D. (1969) Ecology of terrestrial arthropods of the Tokelau atolls",Diptera,Chironomidae
"Tanytarsus dybasi (Tokunaga, 1964)",Kapingamarangi,"Tokunaga, M. (1964) Insects of Micronesia - Diptera: Chironomidae",Diptera,Chironomidae
"Tanytarsus dybasi (Tokunaga, 1964)",Ngcheangel,"Tokunaga, M. (1964) Insects of Micronesia - Diptera: Chironomidae",Diptera,Chironomidae
"Tanytarsus esakii (Tokunaga, 1940)",Jaluit,"Tokunaga, M. (1964) Insects of Micronesia - Diptera: Chironomidae",Diptera,Chironomidae
"Tanytarsus esakii (Tokunaga, 1940)",Pingelap,"Tokunaga, M. (1964) Insects of Micronesia - Diptera: Chironomidae",Diptera,Chironomidae
"Tanytarsus halophilae (Edwards, 1926)",Arno,"Tokunaga, M. (1964) Insects of Micronesia - Diptera: Chironomidae",Diptera,Chironomidae
"Tanytarsus halophilae (Edwards, 1926)",Eniwetok,"Samuelson, G.A., & Nishida, G.M. (1987) Insects and allies (arthropods) of Enewetak atoll",Diptera,Chironomidae
"Tanytarsus halophilae (Edwards, 1926)",Kapingamarangi,"Tokunaga, M. (1964) Insects of Micronesia - Diptera: Chironomidae",Diptera,Chironomidae
"Tanytarsus halophilae (Edwards, 1926)",Likiep,"Tokunaga, M. (1964) Insects of Micronesia - Diptera: Chironomidae",Diptera,Chironomidae
"Tanytarsus halophilae (Edwards, 1926)",Pingelap,"Tokunaga, M. (1964) Insects of Micronesia - Diptera: Chironomidae",Diptera,Chironomidae
"Tanytarsus magnihamatus (Tokunaga, 1933)",Arno,"Tokunaga, M. (1964) Insects of Micronesia - Diptera: Chironomidae",Diptera,Chironomidae
"Tanytarsus magnihamatus (Tokunaga, 1933)",Jaluit,"Tokunaga, M. (1964) Insects of Micronesia - Diptera: Chironomidae",Diptera,Chironomidae
"Tanytarsus maritimus (Edwards, 1926)",Kapingamarangi,"Tokunaga, M. (1964) Insects of Micronesia - Diptera: Chironomidae",Diptera,Chironomidae
"Tanytarsus maritimus (Edwards, 1926)",Nomwin,"Tokunaga, M. (1964) Insects of Micronesia - Diptera: Chironomidae",Diptera,Chironomidae
"Telmatogeton pacificus (Tokunaga, 1935)",Laysan,"Butler, G.D., & Usinger, R.L. (1963) Insects and other invertebrates from Laysan Island",Diptera,Chironomidae
"Telmatogeton pusillum (Edwards, 1933)",Eniwetok,"Samuelson, G.A., & Nishida, G.M. (1987) Insects and allies (arthropods) of Enewetak atoll",Diptera,Chironomidae
"Thalassomya africana (Edwards, 1926)",Takapoto,"Rivière, F. (1979) La vie animale terrestre à Takapoto",Diptera,Chironomidae
"Thalassomya maritima (Wirth, 1947)",Eniwetok,"Tokunaga, M. (1964) Insects of Micronesia - Diptera: Chironomidae",Diptera,Chironomidae
"Thalassomya maritima (Wirth, 1947)",Kwajalein,"Sugerman, B.B. (1972) Insects and other arthropods from Kwajalein atoll (Marshall Islands)",Diptera,Chironomidae
"Thalassomya maritima (Wirth, 1947)",Majuro,"Tokunaga, M. (1964) Insects of Micronesia - Diptera: Chironomidae",Diptera,Chironomidae
"Cadrema bilineata (Meijere, 1904)",Nukunonu,"Hickley, A.D. (1969) Ecology of terrestrial arthropods of the Tokelau atolls",Diptera,Chloropidae
"Cadrema femorata (Lamb, 1912)",Astove,"Lamb, C.G. (1912) No. XIX - Diptera - Lonchaeidae, Sapromyzidae, Ephydridae, Chloropidae, Agromyzidae",Diptera,Chloropidae
"Cadrema nigricornis (Thomson, 1869)",Diego Garcia,"Hutson, A.M. (1981) A preliminary list of insects of Diego Garcia Atoll, Chagos Archipelago",Diptera,Chloropidae
"Cadrema nigricornis (Thomson, 1869)",Kure,"Butler, G.D., & Usinger, R.L. (1963) Insects and other arthropods from Kure Island",Diptera,Chloropidae
"Cadrema nigricornis (Thomson, 1869)",Oeno,"Mathis, W.N. (1989) Diptera (Insecta) or true flies of the Pitcairn Group (Ducie, Henderson, Oeno, and Pitcairn Islands)",Diptera,Chloropidae
"Cadrema nigricornis (Thomson, 1869)",Wake,"Bryan, E.H. (1926) Insects of Hawaii, Johnston Island and Wake Island",Diptera,Chloropidae
"Cadrema pallida (Loew, 1866)",Abariringa,"van Zwaluwenburg, R.H. (1955) The insects and certain other arthropods of Canton Island",Diptera,Chloropidae
"Cadrema pallida (Loew, 1866)",Aldabra,"Frith, D.W. (1979) A list of insects caught in light traps on West Island, Aldabra Atoll, Indian Ocean",Diptera,Chloropidae
"Cadrema pallida (Loew, 1866)",Diego Garcia,"Hutson, A.M. (1981) A preliminary list of insects of Diego Garcia Atoll, Chagos Archipelago",Diptera,Chloropidae
"Cadrema pallida (Loew, 1866)",Eniwetok,"Samuelson, G.A., & Nishida, G.M. (1987) Insects and allies (arthropods) of Enewetak atoll",Diptera,Chloropidae
"Cadrema pallida (Loew, 1866)",Kure,"Butler, G.D., & Usinger, R.L. (1963) Insects and other arthropods from Kure Island",Diptera,Chloropidae
"Cadrema pallida (Loew, 1866)",Kwajalein,"Sugerman, B.B. (1972) Insects and other arthropods from Kwajalein atoll (Marshall Islands)",Diptera,Chloropidae
"Cadrema pallida (Loew, 1866)",Midway,"Suehiro, A. (1960) Insects and other arthropods from Midway atoll",Diptera,Chloropidae
"Cadrema pallida (Loew, 1866)",Nukunonu,"Hickley, A.D. (1969) Ecology of terrestrial arthropods of the Tokelau atolls",Diptera,Chloropidae
"Cadrema pallida (Loew, 1866)",Palmyra,"Handler, A.T., et al. (2007) Arthropod surveys on Palmyra Atoll, Line Islands, and insights into the decline of the native tree Pisonia grandis (Nycatginaceae)",Diptera,Chloropidae
"Cadrema pallida (Loew, 1866)",Rose,"Peck, R.W., et al. (2014) Arthropods of Rose atoll with special reference to ants and Pulvianaria urbicola scales (Hemiptera: Coccidae) on Pisonia grandis trees",Diptera,Chloropidae
Cadrema sp.,Ducie,"Benton, T.G. (1995) Biodiversity and biogeography of Henderson Island's insects",Diptera,Chloropidae
Cadrema sp.,Kwajalein,"Sugerman, B.B. (1972) Insects and other arthropods from Kwajalein atoll (Marshall Islands)",Diptera,Chloropidae
"Eutropha noctilux (Walker, 1859)",Kwajalein,"Sugerman, B.B. (1972) Insects and other arthropods from Kwajalein atoll (Marshall Islands)",Diptera,Chloropidae
"Gaurax bicoloripes (Malloch, 1933)",Eniwetok,"Samuelson, G.A., & Nishida, G.M. (1987) Insects and allies (arthropods) of Enewetak atoll",Diptera,Chloropidae
"Gaurax bicoloripes (Malloch, 1933)",Oeno,"Mathis, W.N. (1989) Diptera (Insecta) or true flies of the Pitcairn Group (Ducie, Henderson, Oeno, and Pitcairn Islands)",Diptera,Chloropidae
"Gaurax bicoloripes (Malloch, 1933)",Palmyra,"Handler, A.T., et al. (2007) Arthropod surveys on Palmyra Atoll, Line Islands, and insights into the decline of the native tree Pisonia grandis (Nycatginaceae)",Diptera,Chloropidae
Hippelates sp.,Palmyra,"Handler, A.T., et al. (2007) Arthropod surveys on Palmyra Atoll, Line Islands, and insights into the decline of the native tree Pisonia grandis (Nycatginaceae)",Diptera,Chloropidae
"Liohippelates currani (Aldrich, 1931)",Kure,"Butler, G.D., & Usinger, R.L. (1963) Insects and other arthropods from Kure Island",Diptera,Chloropidae
"Siphunculina striolatus (Wiedemann, 1830)",Abariringa,"van Zwaluwenburg, R.H. (1955) The insects and certain other arthropods of Canton Island",Diptera,Chloropidae
"Siphunculina striolatus (Wiedemann, 1830)",French Frigate Shoals,"Beardsley, J.W. (1966) Insects and other terrestrial arthropods from the Leeward Hawaiian Islands",Diptera,Chloropidae
"Siphunculina striolatus (Wiedemann, 1830)",Kure,"Beardsley, J.W. (1966) Insects and other terrestrial arthropods from the Leeward Hawaiian Islands",Diptera,Chloropidae
"Siphunculina striolatus (Wiedemann, 1830)",Laysan,"Butler, G.D. (1961) Insects and other arthropods from Laysan Island",Diptera,Chloropidae
"Siphunculina striolatus (Wiedemann, 1830)",Midway,"Suehiro, A. (1960) Insects and other arthropods from Midway atoll",Diptera,Chloropidae
"Siphunculina striolatus (Wiedemann, 1830)",Pearl and Hermes,"Beardsley, J.W. (1966) Insects and other terrestrial arthropods from the Leeward Hawaiian Islands",Diptera,Chloropidae
Chyromya sp.,Midway,"Suehiro, A. (1960) Insects and other arthropods from Midway atoll",Diptera,Chyromyidae
"Czernyola palliseta (Malloch, 1929)",Kapingamarangi,"Steyskal, G., & Sasakawa, M. (1966) Insects of Micronesia - Diptera: Clusiidae",Diptera,Clusiidae
"Aedes aegypti (L., 1762)",Aldabra,"Cogan, B.H., & Hutson, A.M. (1971) Preliminary observations on the affinities and composition of the insect fauna of Aldabra",Diptera,Culicidae
"Aedes aegypti (L., 1762)",Arno,"Usinger, R.L., & la Rivers, I. (1953) The insect life of Arno",Diptera,Culicidae
"Aedes aegypti (L., 1762)",Astove,"Cogan, B.H., & Hutson, A.M. (1971) Preliminary observations on the affinities and composition of the insect fauna of Aldabra",Diptera,Culicidae
"Aedes aegypti (L., 1762)",Cosmoledo,"Cogan, B.H., & Hutson, A.M. (1971) Preliminary observations on the affinities and composition of the insect fauna of Aldabra",Diptera,Culicidae
"Aedes aegypti (L., 1762)",Glorioso,"Girod, R., & Le Goff, G. (2006) Inventaire actualisé des moustiques (Diptera - Culicidae) des îlots francais de Europa, Juan-de-Nove et Grande-Glorieuse",Diptera,Culicidae
"Aedes aegypti (L., 1762)",Kavaratti,"Nihad, P.P.M., et al. (2022) Island biogeography and human practices drive ecological connectivity in mosquito species richness in the Lakshadweep Archipelago",Diptera,Culicidae
"Aedes aegypti (L., 1762)",Kwajalein,"Sugerman, B.B. (1972) Insects and other arthropods from Kwajalein atoll (Marshall Islands)",Diptera,Culicidae
"Aedes aegypti (L., 1762)",Majuro,"Bohart, R.M. (1957) Insects of Micronesia - Diptera: Culicidae",Diptera,Culicidae
"Aedes aegypti (L., 1762)",Pingelap,"Shinichi, N. (2014) Mosquito fauna in the Federated States of Micronesia: a discussion of the vector species of the Dengue virus",Diptera,Culicidae
"Aedes aegypti (L., 1762)",Takapoto,"Rivière, F. (1979) La vie animale terrestre à Takapoto",Diptera,Culicidae
"Aedes aegypti (L., 1762)",Wake,"Bohart, R.M. (1957) Insects of Micronesia - Diptera: Culicidae",Diptera,Culicidae
"Aedes albopictus (Skuse, 1894)",Aldabra,"Grjebine, A. (1966) Faune de Madagascar - XXII - Insectes Dipères Culicidae Anophelinae",Diptera,Culicidae
"Aedes albopictus (Skuse, 1894)",South Keeling,"Murray, M.D., & Marks, E.N. (1984) Blood-sucking diptera of the Cocos (Keeling) Islands",Diptera,Culicidae
"Aedes albopictus (Skuse, 1894)",Diego Garcia,"Hutson, A.M. (1981) A preliminary list of insects of Diego Garcia Atoll, Chagos Archipelago",Diptera,Culicidae
"Aedes albopictus (Skuse, 1894)",Kavaratti,"Nihad, P.P.M., et al. (2022) Island biogeography and human practices drive ecological connectivity in mosquito species richness in the Lakshadweep Archipelago",Diptera,Culicidae
"Aedes albopictus (Skuse, 1894)",Kwajalein,"Nunn, P.V., Reeves, W.K., & Utter, C.M. (2011) New records for Micronesian mosquitoes",Diptera,Culicidae
"Aedes albopictus (Skuse, 1894)",Midway,"Suehiro, A. (1960) Insects and other arthropods from Midway atoll",Diptera,Culicidae
"Aedes albopictus (Skuse, 1894)",Mokil,"Shinichi, N. (2014) Mosquito fauna in the Federated States of Micronesia: a discussion of the vector species of the Dengue virus",Diptera,Culicidae
"Aedes albopictus (Skuse, 1894)",Palmyra,"Handler, A.T., et al. (2007) Arthropod surveys on Palmyra Atoll, Line Islands, and insights into the decline of the native tree Pisonia grandis (Nycatginaceae)",Diptera,Culicidae
"Aedes (Mucidus) alternans (Westwood, 1836)",Funafuti,"Hedley, C. (1900) The atoll of Funafuti, Ellice Group - its zoology, botany, ethnology, and general structure",Diptera,Culicidae
"Aedes fryeri (Theobald, 1912)",Aldabra,"Cogan, B.H., & Hutson, A.M. (1971) Preliminary observations on the affinities and composition of the insect fauna of Aldabra",Diptera,Culicidae
"Aedes fryeri (Theobald, 1912)",Astove,"Bayne, C.J., et al. (1970) Geography and ecology of Astove",Diptera,Culicidae
"Aedes fryeri (Theobald, 1912)",Cosmoledo,"Grjebine, A. (1966) Faune de Madagascar - XXII - Insectes Dipères Culicidae Anophelinae",Diptera,Culicidae
"Aedes hensilli (Farner, 1945)",Kapingamarangi,"Niering, W. A. (1963) Terrestrial ecology of Kapingamarangi atoll, Caroline Islands",Diptera,Culicidae
"Aedes hensilli (Farner, 1945)",Ulithi,"Shinichi, N. (2014) Mosquito fauna in the Federated States of Micronesia: a discussion of the vector species of the Dengue virus",Diptera,Culicidae
"Aedes marshallensis (Stone & Bohart, 1944)",Arno,"Usinger, R.L., & la Rivers, I. (1953) The insect life of Arno",Diptera,Culicidae
"Aedes marshallensis (Stone & Bohart, 1944)",Jaluit,"Gressitt, J.L. (1961) Terrestrial fauna",Diptera,Culicidae
"Aedes marshallensis (Stone & Bohart, 1944)",Kwajalein,"Sugerman, B.B. (1972) Insects and other arthropods from Kwajalein atoll (Marshall Islands)",Diptera,Culicidae
"Aedes marshallensis (Stone & Bohart, 1944)",Mokil,"Shinichi, N. (2014) Mosquito fauna in the Federated States of Micronesia: a discussion of the vector species of the Dengue virus",Diptera,Culicidae
"Aedes marshallensis (Stone & Bohart, 1944)",Pingelap,"Shinichi, N. (2014) Mosquito fauna in the Federated States of Micronesia: a discussion of the vector species of the Dengue virus",Diptera,Culicidae
"Aedes polynesiensis (Marks, 1954)",Nukunonu,"Hickley, A.D. (1969) Ecology of terrestrial arthropods of the Tokelau atolls",Diptera,Culicidae
"Aedes polynesiensis (Marks, 1954)",Takapoto,"Rivière, F. (1979) La vie animale terrestre à Takapoto",Diptera,Culicidae
"Aedes pseudoscutellaris (Theobald, 1910)",Anaa,"Cocherau, P. (1966) Compte rendu d'une mission d'inventaire faunistique aux îles Gambier et Tuamotu (Avril - Mai 1966)",Diptera,Culicidae
"Aedes (Polylepidomyia) seychellensis (Theobald, 1912)",Aldabra,"Theobald, F.V. (1912) No. V - Diptera, Culicidae",Diptera,Culicidae
"Aedes suzannae (Boussés, 2022)",Aldabra,"Boussés, P., et al. (2022) Description d'un nouveau moustique d'Aldabra (Seychelles)",Diptera,Culicidae
"Aedes vexans (Meigen, 1830)",Pingelap,"Shinichi, N. (2014) Mosquito fauna in the Federated States of Micronesia: a discussion of the vector species of the Dengue virus",Diptera,Culicidae
"Aedes (Fredwardsius) vittatus (Neveu-Lemaire, 1905)",Kavaratti,"Nihad, P.P.M., et al. (2022) Island biogeography and human practices drive ecological connectivity in mosquito species richness in the Lakshadweep Archipelago",Diptera,Culicidae
"Anopheles (Cellia) gambiae (Giles, 1900)",Aldabra,"Cogan, B.H., & Hutson, A.M. (1971) Preliminary observations on the affinities and composition of the insect fauna of Aldabra",Diptera,Culicidae
"Anopheles (Cellia) gambiae (Giles, 1900)",Glorioso,"Girod, R., & Le Goff, G. (2006) Inventaire actualisé des moustiques (Diptera - Culicidae) des îlots francais de Europa, Juan-de-Nove et Grande-Glorieuse",Diptera,Culicidae
"Anopheles stephensi (Liston, 1901)",Kavaratti,"Nihad, P.P.M., et al. (2022) Island biogeography and human practices drive ecological connectivity in mosquito species richness in the Lakshadweep Archipelago",Diptera,Culicidae
"Anopheles varuna (Iyengar, 1924)",Kavaratti,"Nihad, P.P.M., et al. (2022) Island biogeography and human practices drive ecological connectivity in mosquito species richness in the Lakshadweep Archipelago",Diptera,Culicidae
"Armigeres subalbatus (Coquillett, 1898)",Kavaratti,"Nihad, P.P.M., et al. (2022) Island biogeography and human practices drive ecological connectivity in mosquito species richness in the Lakshadweep Archipelago",Diptera,Culicidae
"Culex annulirostris (Skuse, 1889)",Takapoto,"Rivière, F. (1979) La vie animale terrestre à Takapoto",Diptera,Culicidae
"Culex gossi (Bohart, 1957)",Ulithi,"Shinichi, N. (2014) Mosquito fauna in the Federated States of Micronesia: a discussion of the vector species of the Dengue virus",Diptera,Culicidae
"Culex minutissimus (Theobald, 1907)",Kavaratti,"Nihad, P.P.M., et al. (2022) Island biogeography and human practices drive ecological connectivity in mosquito species richness in the Lakshadweep Archipelago",Diptera,Culicidae
"Culex nigropunctatus (Edwards, 1926)",Ngcheangel,"Bohart, R.M. (1957) Insects of Micronesia - Diptera: Culicidae",Diptera,Culicidae
"Culex pipiens (L., 1758)",Takapoto,"Rivière, F. (1979) La vie animale terrestre à Takapoto",Diptera,Culicidae
"Culex quinquefasciatus (Say, 1823)",South Keeling,"Murray, M.D., & Marks, E.N. (1984) Blood-sucking diptera of the Cocos (Keeling) Islands",Diptera,Culicidae
"Culex quinquefasciatus (Say, 1823)",Diego Garcia,"Hutson, A.M. (1981) A preliminary list of insects of Diego Garcia Atoll, Chagos Archipelago",Diptera,Culicidae
"Culex quinquefasciatus (Say, 1823)",Glorioso,"Girod, R., & Le Goff, G. (2006) Inventaire actualisé des moustiques (Diptera - Culicidae) des îlots francais de Europa, Juan-de-Nove et Grande-Glorieuse",Diptera,Culicidae
"Culex quinquefasciatus (Say, 1823)",Jaluit,"Gressitt, J.L. (1961) Terrestrial fauna",Diptera,Culicidae
"Culex quinquefasciatus (Say, 1823)",Kavaratti,"Nihad, P.P.M., et al. (2022) Island biogeography and human practices drive ecological connectivity in mosquito species richness in the Lakshadweep Archipelago",Diptera,Culicidae
"Culex quinquefasciatus (Say, 1823)",Kwajalein,"Sugerman, B.B. (1972) Insects and other arthropods from Kwajalein atoll (Marshall Islands)",Diptera,Culicidae
"Culex quinquefasciatus (Say, 1823)",Midway,"Suehiro, A. (1960) Insects and other arthropods from Midway atoll",Diptera,Culicidae
"Culex quinquefasciatus (Say, 1823)",Mokil,"Shinichi, N. (2014) Mosquito fauna in the Federated States of Micronesia: a discussion of the vector species of the Dengue virus",Diptera,Culicidae
"Culex quinquefasciatus (Say, 1823)",Palmyra,"Handler, A.T., et al. (2007) Arthropod surveys on Palmyra Atoll, Line Islands, and insights into the decline of the native tree Pisonia grandis (Nycatginaceae)",Diptera,Culicidae
"Culex quinquefasciatus (Say, 1823)",Pingelap,"Shinichi, N. (2014) Mosquito fauna in the Federated States of Micronesia: a discussion of the vector species of the Dengue virus",Diptera,Culicidae
"Culex quinquefasciatus (Say, 1823)",Ulithi,"Shinichi, N. (2014) Mosquito fauna in the Federated States of Micronesia: a discussion of the vector species of the Dengue virus",Diptera,Culicidae
"Culex roseni (Belkin, 1962)",Takapoto,"Rivière, F. (1979) La vie animale terrestre à Takapoto",Diptera,Culicidae
"Culex sitiens (Wiedemann, 1828)",Aldabra,"Grjebine, A. (1966) Faune de Madagascar - XXII - Insectes Dipères Culicidae Anophelinae",Diptera,Culicidae
"Culex sitiens (Wiedemann, 1828)",South Keeling,"Murray, M.D., & Marks, E.N. (1984) Blood-sucking diptera of the Cocos (Keeling) Islands",Diptera,Culicidae
"Culex sitiens (Wiedemann, 1828)",Kavaratti,"Nihad, P.P.M., et al. (2022) Island biogeography and human practices drive ecological connectivity in mosquito species richness in the Lakshadweep Archipelago",Diptera,Culicidae
"Culex sitiens (Wiedemann, 1828)",Nomwin,"Bohart, R.M. (1957) Insects of Micronesia - Diptera: Culicidae",Diptera,Culicidae
"Culex sitiens (Wiedemann, 1828)",Ulithi,"Bohart, R.M. (1957) Insects of Micronesia - Diptera: Culicidae",Diptera,Culicidae
"Culex tritaeniorhynchus (Giles, 1901)",Glorioso,"Girod, R., & Le Goff, G. (2006) Inventaire actualisé des moustiques (Diptera - Culicidae) des îlots francais de Europa, Juan-de-Nove et Grande-Glorieuse",Diptera,Culicidae
"Lutzia (Metalutzia) fuscana (Wiedemann, 1820)",Kavaratti,"Nihad, P.P.M., et al. (2022) Island biogeography and human practices drive ecological connectivity in mosquito species richness in the Lakshadweep Archipelago",Diptera,Culicidae
"Lutzia (Metalutzia) tigripes (Daruty de Grandpre & Emmerez de Charmoy, 1901)",Glorioso,"Girod, R., & Le Goff, G. (2006) Inventaire actualisé des moustiques (Diptera - Culicidae) des îlots francais de Europa, Juan-de-Nove et Grande-Glorieuse",Diptera,Culicidae
"Malaya genurostris (Leicester, 1908)",Kavaratti,"Nihad, P.P.M., et al. (2022) Island biogeography and human practices drive ecological connectivity in mosquito species richness in the Lakshadweep Archipelago",Diptera,Culicidae
"Toxorhynchites inornatus (Walker, 1865)",Funafuti,"Hedley, C. (1900) The atoll of Funafuti, Ellice Group - its zoology, botany, ethnology, and general structure",Diptera,Culicidae
"Amblypsilopus abruptus (Walker, 1859)",South Keeling,"Bickel, D.J. (1994) The Australian Sciapodinae (Diptera: Dolichopodidae), with a review of the Oriental and Australasian faunas, and a world conspectus of the subfamily",Diptera,Dolichopodidae
"Amblypsilopus belauensis (Bickel, 1995)",Ulithi,"Bickel, D.J. (1994) Insects of Micronesia - Diptera: Dolichopodidae Part 1. Sciapodinae, Medeterinae and Scymninae (part)",Diptera,Dolichopodidae
"Amblypsilopus pallidicornis (Grimshaw, 1901)",Ngcheangel,"Bickel, D.J. (1994) Insects of Micronesia - Diptera: Dolichopodidae Part 1. Sciapodinae, Medeterinae and Scymninae (part)",Diptera,Dolichopodidae
"Amblypsilopus pectinatus (Meijere, 1910)",South Keeling,"Bickel, D.J. (1994) The Australian Sciapodinae (Diptera: Dolichopodidae), with a review of the Oriental and Australasian faunas, and a world conspectus of the subfamily",Diptera,Dolichopodidae
Aphrosylus sp.,Wake,"Bryan, E.H. (1926) Insects of Hawaii, Johnston Island and Wake Island",Diptera,Dolichopodidae
"Argyrochlamys impudicus (Lamb, 1922)",Diego Garcia,"Hutson, A.M. (1981) A preliminary list of insects of Diego Garcia Atoll, Chagos Archipelago",Diptera,Dolichopodidae
Campsicnemus sp.,Kwajalein,"Sugerman, B.B. (1979) Additions to the list of insects and other arthropods from Kwajalein atoll (Marshall Islands)",Diptera,Dolichopodidae
"Chrysosoma complicatum (Becker, 1922)",Arno,"Insects of Micronesia - Diptera: Dolichopodidae Part 1. Sciapodinae, Medeterinae and Scymninae (part)",Diptera,Dolichopodidae
"Chrysosoma complicatum (Becker, 1922)",Bikini,"Insects of Micronesia - Diptera: Dolichopodidae Part 1. Sciapodinae, Medeterinae and Scymninae (part)",Diptera,Dolichopodidae
"Chrysosoma complicatum (Becker, 1922)",Eniwetok,"Insects of Micronesia - Diptera: Dolichopodidae Part 1. Sciapodinae, Medeterinae and Scymninae (part)",Diptera,Dolichopodidae
"Chrysosoma complicatum (Becker, 1922)",Jaluit,"Insects of Micronesia - Diptera: Dolichopodidae Part 1. Sciapodinae, Medeterinae and Scymninae (part)",Diptera,Dolichopodidae
"Chrysosoma complicatum (Becker, 1922)",Kwajalein,"Sugerman, B.B. (1979) Additions to the list of insects and other arthropods from Kwajalein atoll (Marshall Islands)",Diptera,Dolichopodidae
"Chrysosoma complicatum (Becker, 1922)",Lae,"Insects of Micronesia - Diptera: Dolichopodidae Part 1. Sciapodinae, Medeterinae and Scymninae (part)",Diptera,Dolichopodidae
"Chrysosoma complicatum (Becker, 1922)",Likiep,"Insects of Micronesia - Diptera: Dolichopodidae Part 1. Sciapodinae, Medeterinae and Scymninae (part)",Diptera,Dolichopodidae
"Chrysosoma complicatum (Becker, 1922)",Nukunonu,"Hickley, A.D. (1969) Ecology of terrestrial arthropods of the Tokelau atolls",Diptera,Dolichopodidae
"Chrysosoma complicatum (Becker, 1922)",Onotoa,"Insects of Micronesia - Diptera: Dolichopodidae Part 1. Sciapodinae, Medeterinae and Scymninae (part)",Diptera,Dolichopodidae
"Chrysosoma complicatum (Becker, 1922)",Palmyra,"Handler, A.T., et al. (2007) Arthropod surveys on Palmyra Atoll, Line Islands, and insights into the decline of the native tree Pisonia grandis (Nycatginaceae)",Diptera,Dolichopodidae
"Chrysosoma complicatum (Becker, 1922)",Swains,"Insects of Micronesia - Diptera: Dolichopodidae Part 1. Sciapodinae, Medeterinae and Scymninae (part)",Diptera,Dolichopodidae
"Chrysosoma complicatum (Becker, 1922)",Ujelang,"Insects of Micronesia - Diptera: Dolichopodidae Part 1. Sciapodinae, Medeterinae and Scymninae (part)",Diptera,Dolichopodidae
"Chrysosoma complicatum (Becker, 1922)",Wake,"Insects of Micronesia - Diptera: Dolichopodidae Part 1. Sciapodinae, Medeterinae and Scymninae (part)",Diptera,Dolichopodidae
"Chrysosoma complicatum (Becker, 1922)",Wotho,"Insects of Micronesia - Diptera: Dolichopodidae Part 1. Sciapodinae, Medeterinae and Scymninae (part)",Diptera,Dolichopodidae
"Chrysosoma globiferum (Wiedemann, 1830)",Kure,"Butler, G.D., & Usinger, R.L. (1963) Insects and other arthropods from Kure Island",Diptera,Dolichopodidae
"Chrysosoma globiferum (Wiedemann, 1830)",Kwajalein,"Sugerman, B.B. (1972) Insects and other arthropods from Kwajalein atoll (Marshall Islands)",Diptera,Dolichopodidae
"Chrysosoma globiferum (Wiedemann, 1830)",Laysan,"Butler, G.D. (1961) Insects and other arthropods from Laysan Island",Diptera,Dolichopodidae
"Chrysosoma globiferum (Wiedemann, 1830)",Midway,"Suehiro, A. (1960) Insects and other arthropods from Midway atoll",Diptera,Dolichopodidae
"Chrysosoma globiferum (Wiedemann, 1830)",Palmyra,"Handler, A.T., et al. (2007) Arthropod surveys on Palmyra Atoll, Line Islands, and insights into the decline of the native tree Pisonia grandis (Nycatginaceae)",Diptera,Dolichopodidae
"Chrysosoma cf. chromatipes (Bigot, 1890)",Kiritimati,"Krauss, N.L.H. (1953) Insects and other invertebrates from Palmyra atoll and Christmas Island",Diptera,Dolichopodidae
"Chrysosoma cf. chromatipes (Bigot, 1890)",Palmyra,"Krauss, N.L.H. (1953) Insects and other invertebrates from Palmyra atoll and Christmas Island",Diptera,Dolichopodidae
"Chrysosoma leucopogon (Wiedemann, 1824)",Aldabra,"Bickel, D.J. (1994) The Australian Sciapodinae (Diptera: Dolichopodidae), with a review of the Oriental and Australasian faunas, and a world conspectus of the subfamily",Diptera,Dolichopodidae
"Chrysosoma leucopogon (Wiedemann, 1824)",South Keeling,"Bickel, D.J. (1994) The Australian Sciapodinae (Diptera: Dolichopodidae), with a review of the Oriental and Australasian faunas, and a world conspectus of the subfamily",Diptera,Dolichopodidae
"Chrysosoma leucopogon (Wiedemann, 1824)",Diego Garcia,"Barnett, L.K., & Emms, C. (1996) An annotated checklist of the Chagos archipelago terrestrial fauna (omitting birds) recorded during the 1996 'Friends of the Chagos' expedition",Diptera,Dolichopodidae
"Chrysosoma leucopogon (Wiedemann, 1824)",Ngcheangel,"Insects of Micronesia - Diptera: Dolichopodidae Part 1. Sciapodinae, Medeterinae and Scymninae (part)",Diptera,Dolichopodidae
"Chrysosoma ludens (Parent, 1935)",Jaluit,"Insects of Micronesia - Diptera: Dolichopodidae Part 1. Sciapodinae, Medeterinae and Scymninae (part)",Diptera,Dolichopodidae
"Chrysosoma ludens (Parent, 1935)",Likiep,"Insects of Micronesia - Diptera: Dolichopodidae Part 1. Sciapodinae, Medeterinae and Scymninae (part)",Diptera,Dolichopodidae
"Chrysosoma mutilatum (Parent, 1935)",Kapingamarangi,"Insects of Micronesia - Diptera: Dolichopodidae Part 1. Sciapodinae, Medeterinae and Scymninae (part)",Diptera,Dolichopodidae
"Chrysosoma cf. molestum (Parent, 1934)",Palmyra,"Handler, A.T., et al. (2007) Arthropod surveys on Palmyra Atoll, Line Islands, and insights into the decline of the native tree Pisonia grandis (Nycatginaceae)",Diptera,Dolichopodidae
"Chrysosoma patellifer (Thomson, 1869)",Kure,"Butler, G.D., & Usinger, R.L. (1963) Insects and other arthropods from Kure Island",Diptera,Dolichopodidae
Chrysosoma sp.,Abariringa,"van Zwaluwenburg, R.H. (1955) The insects and certain other arthropods of Canton Island",Diptera,Dolichopodidae
Chrysosoma sp.,Kavaratti,"Ghosh, A.K. (1991) Fauna of Lakshadweep",Diptera,Dolichopodidae
Chrysosoma sp.,Kwajalein,"Sugerman, B.B. (1972) Insects and other arthropods from Kwajalein atoll (Marshall Islands)",Diptera,Dolichopodidae
Chrysosoma sp.,Palmyra,"Handler, A.T., et al. (2007) Arthropod surveys on Palmyra Atoll, Line Islands, and insights into the decline of the native tree Pisonia grandis (Nycatginaceae)",Diptera,Dolichopodidae
"Chrysotus denticornis (Lamb, 1932)",Takapoto,"Rivière, F. (1979) La vie animale terrestre à Takapoto",Diptera,Dolichopodidae
"Chrysotus javanensis (Meijere, 1916)",Palmyra,"Handler, A.T., et al. (2007) Arthropod surveys on Palmyra Atoll, Line Islands, and insights into the decline of the native tree Pisonia grandis (Nycatginaceae)",Diptera,Dolichopodidae
"Chrysotus longipalpus (Aldrich, 1896)",Midway,"Suehiro, A. (1960) Insects and other arthropods from Midway atoll",Diptera,Dolichopodidae
"Chrysotus pallidipalpus (Van Duzee, 1933)",Diego Garcia,"Hutson, A.M. (1981) A preliminary list of insects of Diego Garcia Atoll, Chagos Archipelago",Diptera,Dolichopodidae
"Conchopus acrosticalis (Parent, 1937)",French Frigate Shoals,"Beardsley, J.W. (1966) Insects and other terrestrial arthropods from the Leeward Hawaiian Islands",Diptera,Dolichopodidae
Condylostylus sp.,Midway,"Suehiro, A. (1960) Insects and other arthropods from Midway atoll",Diptera,Dolichopodidae
"Dactylomyia vockerothi (Bickel, 1998)",Midway,"Nishida, G.M. & Beardsley, J.W. (2002) A review of the insects and related arthropods of Midway atoll",Diptera,Dolichopodidae
"Hydrophorus pacificus (Van Duzee, 1933)",Laysan,"Butler, G.D., & Usinger, R.L. (1963) Insects and other invertebrates from Laysan Island",Diptera,Dolichopodidae
"Hydrophorus praecox (Lehmann, 1822)",Aldabra,"Frith, D.W. (1979) A list of insects caught in light traps on West Island, Aldabra Atoll, Indian Ocean",Diptera,Dolichopodidae
"Hydrophorus praecox (Lehmann, 1822)",Laysan,"Butler, G.D., & Usinger, R.L. (1963) Insects and other invertebrates from Laysan Island",Diptera,Dolichopodidae
Hydrophorus sp.,Abariringa,"van Zwaluwenburg, R.H. (1955) The insects and certain other arthropods of Canton Island",Diptera,Dolichopodidae
"Krakatauia evulgata (Becker, 1922)",Arno,"Insects of Micronesia - Diptera: Dolichopodidae Part 1. Sciapodinae, Medeterinae and Scymninae (part)",Diptera,Dolichopodidae
"Krakatauia evulgata (Becker, 1922)",Bikini,"Insects of Micronesia - Diptera: Dolichopodidae Part 1. Sciapodinae, Medeterinae and Scymninae (part)",Diptera,Dolichopodidae
"Krakatauia evulgata (Becker, 1922)",Eniwetok,"Insects of Micronesia - Diptera: Dolichopodidae Part 1. Sciapodinae, Medeterinae and Scymninae (part)",Diptera,Dolichopodidae
"Krakatauia evulgata (Becker, 1922)",Jaluit,"Insects of Micronesia - Diptera: Dolichopodidae Part 1. Sciapodinae, Medeterinae and Scymninae (part)",Diptera,Dolichopodidae
"Krakatauia evulgata (Becker, 1922)",Kapingamarangi,"Insects of Micronesia - Diptera: Dolichopodidae Part 1. Sciapodinae, Medeterinae and Scymninae (part)",Diptera,Dolichopodidae
"Krakatauia evulgata (Becker, 1922)",Kwajalein,"Insects of Micronesia - Diptera: Dolichopodidae Part 1. Sciapodinae, Medeterinae and Scymninae (part)",Diptera,Dolichopodidae
"Krakatauia evulgata (Becker, 1922)",Lae,"Insects of Micronesia - Diptera: Dolichopodidae Part 1. Sciapodinae, Medeterinae and Scymninae (part)",Diptera,Dolichopodidae
"Krakatauia evulgata (Becker, 1922)",Likiep,"Insects of Micronesia - Diptera: Dolichopodidae Part 1. Sciapodinae, Medeterinae and Scymninae (part)",Diptera,Dolichopodidae
"Krakatauia evulgata (Becker, 1922)",Majuro,"Insects of Micronesia - Diptera: Dolichopodidae Part 1. Sciapodinae, Medeterinae and Scymninae (part)",Diptera,Dolichopodidae
"Krakatauia evulgata (Becker, 1922)",Mokil,"Insects of Micronesia - Diptera: Dolichopodidae Part 1. Sciapodinae, Medeterinae and Scymninae (part)",Diptera,Dolichopodidae
"Krakatauia evulgata (Becker, 1922)",Nomwin,"Insects of Micronesia - Diptera: Dolichopodidae Part 1. Sciapodinae, Medeterinae and Scymninae (part)",Diptera,Dolichopodidae
"Krakatauia evulgata (Becker, 1922)",Pingelap,"Insects of Micronesia - Diptera: Dolichopodidae Part 1. Sciapodinae, Medeterinae and Scymninae (part)",Diptera,Dolichopodidae
"Krakatauia evulgata (Becker, 1922)",Puluwat,"Insects of Micronesia - Diptera: Dolichopodidae Part 1. Sciapodinae, Medeterinae and Scymninae (part)",Diptera,Dolichopodidae
"Krakatauia evulgata (Becker, 1922)",Ujelang,"Insects of Micronesia - Diptera: Dolichopodidae Part 1. Sciapodinae, Medeterinae and Scymninae (part)",Diptera,Dolichopodidae
"Krakatauia evulgata (Becker, 1922)",Ulithi,"Insects of Micronesia - Diptera: Dolichopodidae Part 1. Sciapodinae, Medeterinae and Scymninae (part)",Diptera,Dolichopodidae
"Krakatauia evulgata (Becker, 1922)",Wotho,"Insects of Micronesia - Diptera: Dolichopodidae Part 1. Sciapodinae, Medeterinae and Scymninae (part)",Diptera,Dolichopodidae
"Krakatauia micronesiana (Bickel, 1995)",Midway,"Nishida, G.M. & Beardsley, J.W. (2002) A review of the insects and related arthropods of Midway atoll",Diptera,Dolichopodidae
"Krakatauia micronesiana (Bickel, 1995)",Wake,"Insects of Micronesia - Diptera: Dolichopodidae Part 1. Sciapodinae, Medeterinae and Scymninae (part)",Diptera,Dolichopodidae
"Mascaromyia leptogaster (Thomson, 1869)",Diego Garcia,"Hutson, A.M. (1981) A preliminary list of insects of Diego Garcia Atoll, Chagos Archipelago",Diptera,Dolichopodidae
"Medetera grisescens (Meijere, 1916)",Midway,"Suehiro, A. (1960) Insects and other arthropods from Midway atoll",Diptera,Dolichopodidae
"Medeterella salomonis (Parent, 1941)",Kwajalein,"Insects of Micronesia - Diptera: Dolichopodidae Part 1. Sciapodinae, Medeterinae and Scymninae (part)",Diptera,Dolichopodidae
"Medeterella salomonis (Parent, 1941)",Lae,"Insects of Micronesia - Diptera: Dolichopodidae Part 1. Sciapodinae, Medeterinae and Scymninae (part)",Diptera,Dolichopodidae
"Medeterella salomonis (Parent, 1941)",Ngcheangel,"Insects of Micronesia - Diptera: Dolichopodidae Part 1. Sciapodinae, Medeterinae and Scymninae (part)",Diptera,Dolichopodidae
Sciapus sp.,Astove,"Bayne, C.J., et al. (1970) Geography and ecology of Astove",Diptera,Dolichopodidae
Sciapus sp.,Diego Garcia,"Hutson, A.M. (1981) A preliminary list of insects of Diego Garcia Atoll, Chagos Archipelago",Diptera,Dolichopodidae
"Syntormon flexibile (Becker, 1922)",Midway,"Nishida, G.M. & Beardsley, J.W. (2002) A review of the insects and related arthropods of Midway atoll",Diptera,Dolichopodidae
Thinophilus sp.,Aldabra,"Lamb, C.G. (1922) No. VIII - Diptera: Asilidae, Scenopinidae, Dolichopodidae, Pipunculidae, Syrphidae",Diptera,Dolichopodidae
"Cacoxenus perspicax (Knab, 1914)",Kwajalein,"Sugerman, B.B. (1972) Insects and other arthropods from Kwajalein atoll (Marshall Islands)",Diptera,Drosophilidae
"Cacoxenus perspicax (Knab, 1914)",Palmyra,"Handler, A.T., et al. (2007) Arthropod surveys on Palmyra Atoll, Line Islands, and insights into the decline of the native tree Pisonia grandis (Nycatginaceae)",Diptera,Drosophilidae
"Chymomyza bicolor (Lamb, 1914)",Glorioso,"Yassin, A., et al. (2012) The Drosophilidae (Diptera) of the Scattered Islands",Diptera,Drosophilidae
"Drosophila ananassae (Doleschall, 1858)",Arno,"Wheeler, M.R., & Takada, H. (1964) Insects of Micronesia - Diptera: Drosophilidae",Diptera,Drosophilidae
"Drosophila ananassae (Doleschall, 1858)",Bikini,"Wheeler, M.R., & Takada, H. (1964) Insects of Micronesia - Diptera: Drosophilidae",Diptera,Drosophilidae
"Drosophila ananassae (Doleschall, 1858)",Jaluit,"Wheeler, M.R., & Takada, H. (1964) Insects of Micronesia - Diptera: Drosophilidae",Diptera,Drosophilidae
"Drosophila ananassae (Doleschall, 1858)",Kapingamarangi,"Wheeler, M.R., & Takada, H. (1964) Insects of Micronesia - Diptera: Drosophilidae",Diptera,Drosophilidae
"Drosophila ananassae (Doleschall, 1858)",Kwajalein,"Sugerman, B.B. (1979) Additions to the list of insects and other arthropods from Kwajalein atoll (Marshall Islands)",Diptera,Drosophilidae
"Drosophila ananassae (Doleschall, 1858)",Majuro,"Wheeler, M.R., & Takada, H. (1964) Insects of Micronesia - Diptera: Drosophilidae",Diptera,Drosophilidae
"Drosophila ananassae (Doleschall, 1858)",Mokil,"Wheeler, M.R., & Takada, H. (1964) Insects of Micronesia - Diptera: Drosophilidae",Diptera,Drosophilidae
"Drosophila ananassae (Doleschall, 1858)",Ngcheangel,"Wheeler, M.R., & Takada, H. (1964) Insects of Micronesia - Diptera: Drosophilidae",Diptera,Drosophilidae
"Drosophila ananassae (Doleschall, 1858)",Nomwin,"Wheeler, M.R., & Takada, H. (1964) Insects of Micronesia - Diptera: Drosophilidae",Diptera,Drosophilidae
"Drosophila ananassae (Doleschall, 1858)",Palmyra,"Handler, A.T., et al. (2007) Arthropod surveys on Palmyra Atoll, Line Islands, and insights into the decline of the native tree Pisonia grandis (Nycatginaceae)",Diptera,Drosophilidae
"Drosophila ananassae (Doleschall, 1858)",Rongelap,"Wheeler, M.R., & Takada, H. (1964) Insects of Micronesia - Diptera: Drosophilidae",Diptera,Drosophilidae
"Drosophila ananassae (Doleschall, 1858)",Sorol,"Wheeler, M.R., & Takada, H. (1964) Insects of Micronesia - Diptera: Drosophilidae",Diptera,Drosophilidae
"Drosophila ananassae (Doleschall, 1858)",Ujae,"Wheeler, M.R., & Takada, H. (1964) Insects of Micronesia - Diptera: Drosophilidae",Diptera,Drosophilidae
"Drosophila ananassae (Doleschall, 1858)",Ujelang,"Wheeler, M.R., & Takada, H. (1964) Insects of Micronesia - Diptera: Drosophilidae",Diptera,Drosophilidae
"Drosophila ananassae (Doleschall, 1858)",Ulithi,"Wheeler, M.R., & Takada, H. (1964) Insects of Micronesia - Diptera: Drosophilidae",Diptera,Drosophilidae
"Drosophila kikkawai (Burla, 1954)",Ngcheangel,"Wheeler, M.R., & Takada, H. (1964) Insects of Micronesia - Diptera: Drosophilidae",Diptera,Drosophilidae
"Drosophila malerkotliana (Parshad & Paika, 1965)",Glorioso,"Yassin, A., et al. (2012) The Drosophilidae (Diptera) of the Scattered Islands",Diptera,Drosophilidae
"Drosophila melanogaster (L., 1758)",Majuro,"Wheeler, M.R., & Takada, H. (1964) Insects of Micronesia - Diptera: Drosophilidae",Diptera,Drosophilidae
"Drosophila nasuta (Lamb, 1914)",Wake,"Wheeler, M.R., & Takada, H. (1964) Insects of Micronesia - Diptera: Drosophilidae",Diptera,Drosophilidae
"Drosophila simulans (Sturtevant, 1919)",Midway,"Suehiro, A. (1960) Insects and other arthropods from Midway atoll",Diptera,Drosophilidae
Drosophila sp.,Diego Garcia,"Hutson, A.M. (1981) A preliminary list of insects of Diego Garcia Atoll, Chagos Archipelago",Diptera,Drosophilidae
Drosophila sp.,Kwajalein,"Sugerman, B.B. (1979) Additions to the list of insects and other arthropods from Kwajalein atoll (Marshall Islands)",Diptera,Drosophilidae
Drosophila sp.,Nukunonu,"Hickley, A.D. (1969) Ecology of terrestrial arthropods of the Tokelau atolls",Diptera,Drosophilidae
"Leucophenga malgachensis (Bächli, Vilela & McEvey, 2005)",Glorioso,"Yassin, A., et al. (2012) The Drosophilidae (Diptera) of the Scattered Islands",Diptera,Drosophilidae
Leucophenga sp.,Aldabra,"Cariou, M.L., & Gerlach, J. (2008) Drosophilidae of Seychelles: biogeography, ecology and conservation status",Diptera,Drosophilidae
Liodrosophila sp.,Ngcheangel,"Wheeler, M.R., & Takada, H. (1964) Insects of Micronesia - Diptera: Drosophilidae",Diptera,Drosophilidae
"Lissocephala metallescens (Meijere, 1914)",Ngcheangel,"Wheeler, M.R., & Takada, H. (1964) Insects of Micronesia - Diptera: Drosophilidae",Diptera,Drosophilidae
"Lissocephala sanu (Burla, 1954)",Glorioso,"Yassin, A., et al. (2012) The Drosophilidae (Diptera) of the Scattered Islands",Diptera,Drosophilidae
"Microdrosophila (Microdrosophila) convergens (Malloch, 1934)",Arno,"Wheeler, M.R., & Takada, H. (1964) Insects of Micronesia - Diptera: Drosophilidae",Diptera,Drosophilidae
"Microdrosophila (Microdrosophila) convergens (Malloch, 1934)",Majuro,"Wheeler, M.R., & Takada, H. (1964) Insects of Micronesia - Diptera: Drosophilidae",Diptera,Drosophilidae
Mycodrosophila sp.,Diego Garcia,"Hutson, A.M. (1981) A preliminary list of insects of Diego Garcia Atoll, Chagos Archipelago",Diptera,Drosophilidae
"Paramycodrosophila neopictula (Wheeler & Takada, 1964)",Kapingamarangi,"Wheeler, M.R., & Takada, H. (1964) Insects of Micronesia - Diptera: Drosophilidae",Diptera,Drosophilidae
Sapromyza sp.,Aldabra,"Frith, D.W. (1979) A list of insects caught in light traps on West Island, Aldabra Atoll, Indian Ocean",Diptera,Drosophilidae
Sapromyza sp.,Diego Garcia,"Hutson, A.M. (1981) A preliminary list of insects of Diego Garcia Atoll, Chagos Archipelago",Diptera,Drosophilidae
Sapromyza sp.,Wake,"Bryan, E.H. (1926) Insects of Hawaii, Johnston Island and Wake Island",Diptera,Drosophilidae
"Scaptodrosophila bangi (Burla, 1954)",Glorioso,"Yassin, A., et al. (2012) The Drosophilidae (Diptera) of the Scattered Islands",Diptera,Drosophilidae
"Scaptodrosophila bryani (Malloch, 1934)",Arno,"Wheeler, M.R., & Takada, H. (1964) Insects of Micronesia - Diptera: Drosophilidae",Diptera,Drosophilidae
"Scaptodrosophila bryani (Malloch, 1934)",Jaluit,"Wheeler, M.R., & Takada, H. (1964) Insects of Micronesia - Diptera: Drosophilidae",Diptera,Drosophilidae
"Scaptodrosophila bryani (Malloch, 1934)",Kapingamarangi,"Wheeler, M.R., & Takada, H. (1964) Insects of Micronesia - Diptera: Drosophilidae",Diptera,Drosophilidae
"Scaptodrosophila bryani (Malloch, 1934)",Lae,"Wheeler, M.R., & Takada, H. (1964) Insects of Micronesia - Diptera: Drosophilidae",Diptera,Drosophilidae
"Scaptodrosophila bryani (Malloch, 1934)",Likiep,"Wheeler, M.R., & Takada, H. (1964) Insects of Micronesia - Diptera: Drosophilidae",Diptera,Drosophilidae
"Scaptodrosophila bryani (Malloch, 1934)",Losap,"Wheeler, M.R., & Takada, H. (1964) Insects of Micronesia - Diptera: Drosophilidae",Diptera,Drosophilidae
"Scaptodrosophila bryani (Malloch, 1934)",Majuro,"Wheeler, M.R., & Takada, H. (1964) Insects of Micronesia - Diptera: Drosophilidae",Diptera,Drosophilidae
"Scaptodrosophila bryani (Malloch, 1934)",Ngcheangel,"Wheeler, M.R., & Takada, H. (1964) Insects of Micronesia - Diptera: Drosophilidae",Diptera,Drosophilidae
"Scaptodrosophila bryani (Malloch, 1934)",Nomwin,"Wheeler, M.R., & Takada, H. (1964) Insects of Micronesia - Diptera: Drosophilidae",Diptera,Drosophilidae
"Scaptodrosophila bryani (Malloch, 1934)",Satawan,"Wheeler, M.R., & Takada, H. (1964) Insects of Micronesia - Diptera: Drosophilidae",Diptera,Drosophilidae
"Scaptodrosophila bryani (Malloch, 1934)",Ujelang,"Wheeler, M.R., & Takada, H. (1964) Insects of Micronesia - Diptera: Drosophilidae",Diptera,Drosophilidae
"Scaptodrosophila bryani (Malloch, 1934)",Ulithi,"Wheeler, M.R., & Takada, H. (1964) Insects of Micronesia - Diptera: Drosophilidae",Diptera,Drosophilidae
"Scaptodrosophila latifasciaeformis (Duda, 1940)",Glorioso,"Yassin, A., et al. (2012) The Drosophilidae (Diptera) of the Scattered Islands",Diptera,Drosophilidae
"Scaptodrosophila palauana (Wheeler & Takada, 1964)",Kapingamarangi,"Wheeler, M.R., & Takada, H. (1964) Insects of Micronesia - Diptera: Drosophilidae",Diptera,Drosophilidae
"Scaptodrosophila scaptomyzoidea (Duda, 1923)",Ngcheangel,"Wheeler, M.R., & Takada, H. (1964) Insects of Micronesia - Diptera: Drosophilidae",Diptera,Drosophilidae
Scaptodrosophila sp.,Glorioso,"Yassin, A., et al. (2012) The Drosophilidae (Diptera) of the Scattered Islands",Diptera,Drosophilidae
"Scaptomyza cnecosoma (Hardy, 1965)",Laysan,"Asquith, A. (1994) The arthropod fauna of Laysan Island",Diptera,Drosophilidae
"Zapriona indianus (Gupta, 1970)",Glorioso,"Yassin, A., et al. (2012) The Drosophilidae (Diptera) of the Scattered Islands",Diptera,Drosophilidae
"Zaprionus tuberculatus (Malloch, 1932)",Glorioso,"Yassin, A., et al. (2012) The Drosophilidae (Diptera) of the Scattered Islands",Diptera,Drosophilidae
"Zaprionus vittiger (Coquillett, 1901)",Diego Garcia,"Hutson, A.M. (1981) A preliminary list of insects of Diego Garcia Atoll, Chagos Archipelago",Diptera,Drosophilidae
"Allotrichoma alium (Cresson, 1929)",Eniwetok,"Samuelson, G.A., & Nishida, G.M. (1987) Insects and allies (arthropods) of Enewetak atoll",Diptera,Ephydridae
Allotrichoma sp.,Diego Garcia,"Hutson, A.M. (1981) A preliminary list of insects of Diego Garcia Atoll, Chagos Archipelago",Diptera,Ephydridae
Brachydeutera sp.,Aldabra,"Frith, D.W. (1979) A list of insects caught in light traps on West Island, Aldabra Atoll, Indian Ocean",Diptera,Ephydridae
"Clasiopella uncinata (Hendell, 1914)",Midway,"Nishida, G.M. & Beardsley, J.W. (2002) A review of the insects and related arthropods of Midway atoll",Diptera,Ephydridae
"Hecamede granifera (Thomson, 1869)",Abariringa,"van Zwaluwenburg, R.H. (1955) The insects and certain other arthropods of Canton Island",Diptera,Ephydridae
"Hecamede granifera (Thomson, 1869)",Aldabra,"Mathis, W.N. (1993) Studies of Gymnomyzinae (Diptera: Ephydridae), IV: A revision of the shore-fly genus Hecamede Haliday",Diptera,Ephydridae
"Hecamede granifera (Thomson, 1869)",Astove,"Lamb, C.G. (1912) No. XIX - Diptera - Lonchaeidae, Sapromyzidae, Ephydridae, Chloropidae, Agromyzidae",Diptera,Ephydridae
"Hecamede granifera (Thomson, 1869)",South Keeling,"Mathis, W.N. (1993) Studies of Gymnomyzinae (Diptera: Ephydridae), IV: A revision of the shore-fly genus Hecamede Haliday",Diptera,Ephydridae
"Hecamede granifera (Thomson, 1869)",Cosmoledo,"Mathis, W.N. (1993) Studies of Gymnomyzinae (Diptera: Ephydridae), IV: A revision of the shore-fly genus Hecamede Haliday",Diptera,Ephydridae
"Hecamede granifera (Thomson, 1869)",Diego Garcia,"Hutson, A.M. (1981) A preliminary list of insects of Diego Garcia Atoll, Chagos Archipelago",Diptera,Ephydridae
"Hecamede granifera (Thomson, 1869)",Eniwetok,"Samuelson, G.A., & Nishida, G.M. (1987) Insects and allies (arthropods) of Enewetak atoll",Diptera,Ephydridae
"Hecamede granifera (Thomson, 1869)",French Frigate Shoals,"Beardsley, J.W. (1966) Insects and other terrestrial arthropods from the Leeward Hawaiian Islands",Diptera,Ephydridae
"Hecamede granifera (Thomson, 1869)",Jaluit,"Mathis, W.N. (1993) Studies of Gymnomyzinae (Diptera: Ephydridae), IV: A revision of the shore-fly genus Hecamede Haliday",Diptera,Ephydridae
"Hecamede granifera (Thomson, 1869)",Johnston,"Mathis, W.N. (1993) Studies of Gymnomyzinae (Diptera: Ephydridae), IV: A revision of the shore-fly genus Hecamede Haliday",Diptera,Ephydridae
"Hecamede granifera (Thomson, 1869)",Kure,"Butler, G.D., & Usinger, R.L. (1963) Insects and other arthropods from Kure Island",Diptera,Ephydridae
"Hecamede granifera (Thomson, 1869)",Kwajalein,"Mathis, W.N. (1993) Studies of Gymnomyzinae (Diptera: Ephydridae), IV: A revision of the shore-fly genus Hecamede Haliday",Diptera,Ephydridae
"Hecamede granifera (Thomson, 1869)",Likiep,"Mathis, W.N. (1993) Studies of Gymnomyzinae (Diptera: Ephydridae), IV: A revision of the shore-fly genus Hecamede Haliday",Diptera,Ephydridae
"Hecamede granifera (Thomson, 1869)",Majuro,"Mathis, W.N. (1993) Studies of Gymnomyzinae (Diptera: Ephydridae), IV: A revision of the shore-fly genus Hecamede Haliday",Diptera,Ephydridae
"Hecamede granifera (Thomson, 1869)",Midway,"Suehiro, A. (1960) Insects and other arthropods from Midway atoll",Diptera,Ephydridae
"Hecamede granifera (Thomson, 1869)",Ngcheangel,"Mathis, W.N. (1993) Studies of Gymnomyzinae (Diptera: Ephydridae), IV: A revision of the shore-fly genus Hecamede Haliday",Diptera,Ephydridae
"Hecamede granifera (Thomson, 1869)",Oeno,"Mathis, W.N. (1989) Diptera (Insecta) or true flies of the Pitcairn Group (Ducie, Henderson, Oeno, and Pitcairn Islands)",Diptera,Ephydridae
"Hecamede granifera (Thomson, 1869)",Palmyra,"Krauss, N.L.H. (1953) Insects and other invertebrates from Palmyra atoll and Christmas Island",Diptera,Ephydridae
"Hecamede granifera (Thomson, 1869)",Pearl and Hermes,"Beardsley, J.W. (1966) Insects and other terrestrial arthropods from the Leeward Hawaiian Islands",Diptera,Ephydridae
"Hecamede granifera (Thomson, 1869)",Pingelap,"Mathis, W.N. (1993) Studies of Gymnomyzinae (Diptera: Ephydridae), IV: A revision of the shore-fly genus Hecamede Haliday",Diptera,Ephydridae
"Hecamede granifera (Thomson, 1869)",Rose,"Peck, R.W., et al. (2014) Arthropods of Rose atoll with special reference to ants and Pulvianaria urbicola scales (Hemiptera: Coccidae) on Pisonia grandis trees",Diptera,Ephydridae
"Hecamede granifera (Thomson, 1869)",Wake,"Mathis, W.N. (1993) Studies of Gymnomyzinae (Diptera: Ephydridae), IV: A revision of the shore-fly genus Hecamede Haliday",Diptera,Ephydridae
"Hostis guamensis (Cresson, 1945)",Eniwetok,"Samuelson, G.A., & Nishida, G.M. (1987) Insects and allies (arthropods) of Enewetak atoll",Diptera,Ephydridae
"Hostis guamensis (Cresson, 1945)",Kwajalein,"Sugerman, B.B. (1972) Insects and other arthropods from Kwajalein atoll (Marshall Islands)",Diptera,Ephydridae
"Hostis guamensis (Cresson, 1945)",Palmyra,"Handler, A.T., et al. (2007) Arthropod surveys on Palmyra Atoll, Line Islands, and insights into the decline of the native tree Pisonia grandis (Nycatginaceae)",Diptera,Ephydridae
"Nostima striata (Lamb, 1912)",Diego Garcia,"Hutson, A.M. (1981) A preliminary list of insects of Diego Garcia Atoll, Chagos Archipelago",Diptera,Ephydridae
Nostima sp.,Diego Garcia,"Hutson, A.M. (1981) A preliminary list of insects of Diego Garcia Atoll, Chagos Archipelago",Diptera,Ephydridae
"Orasiopa mera (Cresson, 1939)",Eniwetok,"Samuelson, G.A., & Nishida, G.M. (1987) Insects and allies (arthropods) of Enewetak atoll",Diptera,Ephydridae
"Orasiopa mera (Cresson, 1939)",Kwajalein,"Sugerman, B.B. (1979) Additions to the list of insects and other arthropods from Kwajalein atoll (Marshall Islands)",Diptera,Ephydridae
"Orasiopa mera (Cresson, 1939)",Palmyra,"Handler, A.T., et al. (2007) Arthropod surveys on Palmyra Atoll, Line Islands, and insights into the decline of the native tree Pisonia grandis (Nycatginaceae)",Diptera,Ephydridae
"Paralimna lineata (Meijere, 1908)",Abariringa,"van Zwaluwenburg, R.H. (1955) The insects and certain other arthropods of Canton Island",Diptera,Ephydridae
"Paratissa semilutea (Loew, 1869)",Aldabra,"Frith, D.W. (1979) A list of insects caught in light traps on West Island, Aldabra Atoll, Indian Ocean",Diptera,Ephydridae
"Placopsidella cynocephala (Kertész, 1901)",Diego Garcia,"Hutson, A.M. (1981) A preliminary list of insects of Diego Garcia Atoll, Chagos Archipelago",Diptera,Ephydridae
"Placopsidella cynocephala (Kertész, 1901)",Eniwetok,"Samuelson, G.A., & Nishida, G.M. (1987) Insects and allies (arthropods) of Enewetak atoll",Diptera,Ephydridae
"Placopsidella cynocephala (Kertész, 1901)",Kiritimati,"Krauss, N.L.H. (1953) Insects and other invertebrates from Palmyra atoll and Christmas Island",Diptera,Ephydridae
"Placopsidella cynocephala (Kertész, 1901)",Kwajalein,"Sugerman, B.B. (1979) Additions to the list of insects and other arthropods from Kwajalein atoll (Marshall Islands)",Diptera,Ephydridae
"Placopsidella grandis (Cresson, 1925)",Midway,"Nishida, G.M. & Beardsley, J.W. (2002) A review of the insects and related arthropods of Midway atoll",Diptera,Ephydridae
"Placopsidella marquesana (Malloch, 1933)",Palmyra,"Handler, A.T., et al. (2007) Arthropod surveys on Palmyra Atoll, Line Islands, and insights into the decline of the native tree Pisonia grandis (Nycatginaceae)",Diptera,Ephydridae
Placopsidella sp.,Palmyra,"Handler, A.T., et al. (2007) Arthropod surveys on Palmyra Atoll, Line Islands, and insights into the decline of the native tree Pisonia grandis (Nycatginaceae)",Diptera,Ephydridae
"Psilopa cf. girschneri (Röder, 1889)",Kiritimati,"Krauss, N.L.H. (1953) Insects and other invertebrates from Palmyra atoll and Christmas Island",Diptera,Ephydridae
"Scatella hawaiiensis (Grimshaw, 1901)",Laysan,"Asquith, A. (1994) The arthropod fauna of Laysan Island",Diptera,Ephydridae
"Scatella sexnotata (Cresson, 1926)",Laysan,"Asquith, A. (1994) The arthropod fauna of Laysan Island",Diptera,Ephydridae
"Scatella stagnalis (Fallén, 1813)",Midway,"Nishida, G.M. & Beardsley, J.W. (2002) A review of the insects and related arthropods of Midway atoll",Diptera,Ephydridae
"Scatella stagnalis (Fallén, 1813)",Palmyra,"Handler, A.T., et al. (2007) Arthropod surveys on Palmyra Atoll, Line Islands, and insights into the decline of the native tree Pisonia grandis (Nycatginaceae)",Diptera,Ephydridae
Scatella sp.,Abariringa,"van Zwaluwenburg, R.H. (1955) The insects and certain other arthropods of Canton Island",Diptera,Ephydridae
Scatella sp.,Diego Garcia,"Hutson, A.M. (1981) A preliminary list of insects of Diego Garcia Atoll, Chagos Archipelago",Diptera,Ephydridae
"Fannia canicularis (L., 1758)",Kure,"Butler, G.D., & Usinger, R.L. (1963) Insects and other arthropods from Kure Island",Diptera,Fanniidae
"Fannia pusio (Wiedemann, 1830)",Midway,"Suehiro, A. (1960) Insects and other arthropods from Midway atoll",Diptera,Fanniidae
"Fannia pusio (Wiedemann, 1830)",Oeno,"Mathis, W.N. (1989) Diptera (Insecta) or true flies of the Pitcairn Group (Ducie, Henderson, Oeno, and Pitcairn Islands)",Diptera,Fanniidae
"Fannia pusio (Wiedemann, 1830)",Wake,"Snyder, F.M. (1965) Insects of Micronesia - Diptera: Muscidae",Diptera,Fanniidae
"Olfersia aenescens (Thomson, 1869)",Aldabra,"Cogan, B.H., & Hutson, A.M. (1971) Preliminary observations on the affinities and composition of the insect fauna of Aldabra",Diptera,Hippoboscidae
"Olfersia aenescens (Thomson, 1869)",Bikini,"Maa, T.C. (1966) Insects of Micronesia - Diptera: Hippoboscidae; Streblidae",Diptera,Hippoboscidae
"Olfersia aenescens (Thomson, 1869)",Clipperton,"Garrouste, R., & Hervé, C. (2009) La faune des insectes (Insecta s.l.) de l'atoll de Clipperton",Diptera,Hippoboscidae
"Olfersia aenescens (Thomson, 1869)",South Keeling,"Bequaert, J.C. (1941) Hippoboscidae of Oceanica (Diptera)",Diptera,Hippoboscidae
"Olfersia aenescens (Thomson, 1869)",Ducie,"Mathis, W.N. (1989) Diptera (Insecta) or true flies of the Pitcairn Group (Ducie, Henderson, Oeno, and Pitcairn Islands)",Diptera,Hippoboscidae
"Olfersia aenescens (Thomson, 1869)",Johnston,"Binion Amerson, A., & Shelton, P.C. (1976) The natural history of Johnston atoll, Central Pacific Ocean",Diptera,Hippoboscidae
"Olfersia aenescens (Thomson, 1869)",Kure,"Butler, G.D., & Usinger, R.L. (1963) Insects and other arthropods from Kure Island",Diptera,Hippoboscidae
"Olfersia aenescens (Thomson, 1869)",Laysan,"Butler, G.D. (1961) Insects and other arthropods from Laysan Island",Diptera,Hippoboscidae
"Olfersia aenescens (Thomson, 1869)",Onotoa,"Maa, T.C. (1966) Insects of Micronesia - Diptera: Hippoboscidae; Streblidae",Diptera,Hippoboscidae
"Olfersia aenescens (Thomson, 1869)",Palmyra,"Handler, A.T., et al. (2007) Arthropod surveys on Palmyra Atoll, Line Islands, and insights into the decline of the native tree Pisonia grandis (Nycatginaceae)",Diptera,Hippoboscidae
"Olfersia aenescens (Thomson, 1869)",Pokak,"Maa, T.C. (1966) Insects of Micronesia - Diptera: Hippoboscidae; Streblidae",Diptera,Hippoboscidae
"Olfersia aenescens (Thomson, 1869)",Takapoto,"Rivière, F. (1979) La vie animale terrestre à Takapoto",Diptera,Hippoboscidae
"Olfersia aenescens (Thomson, 1869)",Wake,"Maa, T.C. (1966) Insects of Micronesia - Diptera: Hippoboscidae; Streblidae",Diptera,Hippoboscidae
"Olfersia fossulata (Macquart, 1844)",Laysan,"Butler, G.D. (1961) Insects and other arthropods from Laysan Island",Diptera,Hippoboscidae
"Olfersia spinifera (Leach, 1817)",Abariringa,"van Zwaluwenburg, R.H. (1942) The insects of Canton Island",Diptera,Hippoboscidae
"Olfersia spinifera (Leach, 1817)",Aldabra,"Cogan, B.H., & Hutson, A.M. (1971) Preliminary observations on the affinities and composition of the insect fauna of Aldabra",Diptera,Hippoboscidae
"Olfersia spinifera (Leach, 1817)",Bikini,"Maa, T.C. (1966) Insects of Micronesia - Diptera: Hippoboscidae; Streblidae",Diptera,Hippoboscidae
"Olfersia spinifera (Leach, 1817)",South Keeling,"Wood-Jones, F. (1909) The fauna of the Cocos-Keeling Atoll, collected by F. Wood-Jones",Diptera,Hippoboscidae
"Olfersia spinifera (Leach, 1817)",Eniwetok,"Samuelson, G.A., & Nishida, G.M. (1987) Insects and allies (arthropods) of Enewetak atoll",Diptera,Hippoboscidae
"Olfersia spinifera (Leach, 1817)",French Frigate Shoals,"Beardsley, J.W. (1966) Insects and other terrestrial arthropods from the Leeward Hawaiian Islands",Diptera,Hippoboscidae
"Olfersia spinifera (Leach, 1817)",Johnston,"Binion Amerson, A., & Shelton, P.C. (1976) The natural history of Johnston atoll, Central Pacific Ocean",Diptera,Hippoboscidae
"Olfersia spinifera (Leach, 1817)",Laysan,"Butler, G.D. (1961) Insects and other arthropods from Laysan Island",Diptera,Hippoboscidae
"Olfersia spinifera (Leach, 1817)",Pokak,"Maa, T.C. (1966) Insects of Micronesia - Diptera: Hippoboscidae; Streblidae",Diptera,Hippoboscidae
"Olfersia spinifera (Leach, 1817)",Wake,"Maa, T.C. (1966) Insects of Micronesia - Diptera: Hippoboscidae; Streblidae",Diptera,Hippoboscidae
Olfersia sp.,Rose,"Peck, R.W., et al. (2014) Arthropods of Rose atoll with special reference to ants and Pulvianaria urbicola scales (Hemiptera: Coccidae) on Pisonia grandis trees",Diptera,Hippoboscidae
"Ornithoica pusilla (Schiner, 1868)",Arno,"Maa, T.C. (1966) Insects of Micronesia - Diptera: Hippoboscidae; Streblidae",Diptera,Hippoboscidae
"Drapetis brevicula (Melander, 1928)",Ngcheangel,"Quate, L.W. (1960) Insects of Micronesia - Diptera: Empididae",Diptera,Hybotidae
"Drapetis brevicula (Melander, 1928)",Ulithi,"Quate, L.W. (1960) Insects of Micronesia - Diptera: Empididae",Diptera,Hybotidae
"Homoneura acrostichalis (Meijere, 1916)",Arno,"Sasakawa, M. (2009) Insects of Micronesia, Volume 14, no. 9 - Diptera: Lauxaniidae",Diptera,Lauxaniidae
"Homoneura acrostichalis (Meijere, 1916)",South Keeling,"Sasakawa, M. (2009) Insects of Micronesia, Volume 14, no. 9 - Diptera: Lauxaniidae",Diptera,Lauxaniidae
"Homoneura acrostichalis (Meijere, 1916)",Eniwetok,"Sasakawa, M. (2009) Insects of Micronesia, Volume 14, no. 9 - Diptera: Lauxaniidae",Diptera,Lauxaniidae
"Homoneura acrostichalis (Meijere, 1916)",Kwajalein,"Sasakawa, M. (2009) Insects of Micronesia, Volume 14, no. 9 - Diptera: Lauxaniidae",Diptera,Lauxaniidae
"Homoneura acrostichalis (Meijere, 1916)",Majuro,"Sasakawa, M. (2009) Insects of Micronesia, Volume 14, no. 9 - Diptera: Lauxaniidae",Diptera,Lauxaniidae
"Homoneura acrostichalis (Meijere, 1916)",Mokil,"Sasakawa, M. (2009) Insects of Micronesia, Volume 14, no. 9 - Diptera: Lauxaniidae",Diptera,Lauxaniidae
"Homoneura acrostichalis (Meijere, 1916)",Nomwin,"Sasakawa, M. (2009) Insects of Micronesia, Volume 14, no. 9 - Diptera: Lauxaniidae",Diptera,Lauxaniidae
"Homoneura acrostichalis (Meijere, 1916)",Nukunonu,"Hickley, A.D. (1969) Ecology of terrestrial arthropods of the Tokelau atolls",Diptera,Lauxaniidae
"Homoneura acrostichalis (Meijere, 1916)",Ujae,"Sasakawa, M. (2009) Insects of Micronesia, Volume 14, no. 9 - Diptera: Lauxaniidae",Diptera,Lauxaniidae
"Homoneura acrostichalis (Meijere, 1916)",Ujelang,"Sasakawa, M. (2009) Insects of Micronesia, Volume 14, no. 9 - Diptera: Lauxaniidae",Diptera,Lauxaniidae
"Homoneura acrostichalis (Meijere, 1916)",Ulithi,"Sasakawa, M. (2009) Insects of Micronesia, Volume 14, no. 9 - Diptera: Lauxaniidae",Diptera,Lauxaniidae
"Homoneura acrostichalis (Meijere, 1916)",Wake,"Sasakawa, M. (2009) Insects of Micronesia, Volume 14, no. 9 - Diptera: Lauxaniidae",Diptera,Lauxaniidae
"Homoneura acrostichalis (Meijere, 1916)",Wotho,"Sasakawa, M. (2009) Insects of Micronesia, Volume 14, no. 9 - Diptera: Lauxaniidae",Diptera,Lauxaniidae
"Homoneura affinis (Malloch, 1929)",South Keeling,"Sasakawa, M. (2009) Insects of Micronesia, Volume 14, no. 9 - Diptera: Lauxaniidae",Diptera,Lauxaniidae
"Homoneura affinis (Malloch, 1929)",Ngcheangel,"Sasakawa, M. (2009) Insects of Micronesia, Volume 14, no. 9 - Diptera: Lauxaniidae",Diptera,Lauxaniidae
"Homoneura denticulimentula (Sasakawa, 2009)",Kapingamarangi,"Sasakawa, M. (2009) Insects of Micronesia, Volume 14, no. 9 - Diptera: Lauxaniidae",Diptera,Lauxaniidae
"Homoneura discoglauca (Walker, 1860)",Ngcheangel,"Sasakawa, M. (2009) Insects of Micronesia, Volume 14, no. 9 - Diptera: Lauxaniidae",Diptera,Lauxaniidae
"Homoneura hawaiiensis (Grimshaw, 1902)",Nukunonu,"Hickley, A.D. (1969) Ecology of terrestrial arthropods of the Tokelau atolls",Diptera,Lauxaniidae
"Homoneura hawaiiensis (Grimshaw, 1902)",Oeno,"Mathis, W.N. (1989) Diptera (Insecta) or true flies of the Pitcairn Group (Ducie, Henderson, Oeno, and Pitcairn Islands)",Diptera,Lauxaniidae
"Homoneura prisca (Sasakawa, 2009)",Arno,"Sasakawa, M. (2009) Insects of Micronesia, Volume 14, no. 9 - Diptera: Lauxaniidae",Diptera,Lauxaniidae
"Homoneura prisca (Sasakawa, 2009)",Eniwetok,"Sasakawa, M. (2009) Insects of Micronesia, Volume 14, no. 9 - Diptera: Lauxaniidae",Diptera,Lauxaniidae
"Homoneura prisca (Sasakawa, 2009)",Jaluit,"Sasakawa, M. (2009) Insects of Micronesia, Volume 14, no. 9 - Diptera: Lauxaniidae",Diptera,Lauxaniidae
"Homoneura prisca (Sasakawa, 2009)",Kapingamarangi,"Sasakawa, M. (2009) Insects of Micronesia, Volume 14, no. 9 - Diptera: Lauxaniidae",Diptera,Lauxaniidae
"Homoneura prisca (Sasakawa, 2009)",Kwajalein,"Sasakawa, M. (2009) Insects of Micronesia, Volume 14, no. 9 - Diptera: Lauxaniidae",Diptera,Lauxaniidae
"Homoneura prisca (Sasakawa, 2009)",Lae,"Sasakawa, M. (2009) Insects of Micronesia, Volume 14, no. 9 - Diptera: Lauxaniidae",Diptera,Lauxaniidae
"Homoneura prisca (Sasakawa, 2009)",Majuro,"Sasakawa, M. (2009) Insects of Micronesia, Volume 14, no. 9 - Diptera: Lauxaniidae",Diptera,Lauxaniidae
"Homoneura prisca (Sasakawa, 2009)",Mokil,"Sasakawa, M. (2009) Insects of Micronesia, Volume 14, no. 9 - Diptera: Lauxaniidae",Diptera,Lauxaniidae
"Homoneura prisca (Sasakawa, 2009)",Ngcheangel,"Sasakawa, M. (2009) Insects of Micronesia, Volume 14, no. 9 - Diptera: Lauxaniidae",Diptera,Lauxaniidae
"Homoneura prisca (Sasakawa, 2009)",Ujelang,"Sasakawa, M. (2009) Insects of Micronesia, Volume 14, no. 9 - Diptera: Lauxaniidae",Diptera,Lauxaniidae
"Homoneura prisca (Sasakawa, 2009)",Wotho,"Sasakawa, M. (2009) Insects of Micronesia, Volume 14, no. 9 - Diptera: Lauxaniidae",Diptera,Lauxaniidae
"Homoneura unguiculata (Kertész, 1913)",Midway,"Suehiro, A. (1960) Insects and other arthropods from Midway atoll",Diptera,Lauxaniidae
Homoneura sp.,Aldabra,"Frith, D.W. (1979) A list of insects caught in light traps on West Island, Aldabra Atoll, Indian Ocean",Diptera,Lauxaniidae
Prosopomyia sp.,Kwajalein,"Sugerman, B.B. (1972) Insects and other arthropods from Kwajalein atoll (Marshall Islands)",Diptera,Lauxaniidae
Trypaneoides sp.,Nukunonu,"Hickley, A.D. (1969) Ecology of terrestrial arthropods of the Tokelau atolls",Diptera,Lauxaniidae
"Dicranomyia cinereicapilla (Alexander, 1934)",Ngcheangel,"Alexander, C.P. (1972) Insects of Micronesia - Diptera: Tipulidae",Diptera,Limoniidae
"Dicranomyia decussata (Alexander, 1972)",Pingelap,"Alexander, C.P. (1972) Insects of Micronesia - Diptera: Tipulidae",Diptera,Limoniidae
"Dicranomyia illingworthi (Alexander, 1914)",Arno,"Alexander, C.P. (1972) Insects of Micronesia - Diptera: Tipulidae",Diptera,Limoniidae
"Dicranomyia (Dicranomyia) pectinunguis (Tokunaga, 1940)",Eniwetok,"Samuelson, G.A., & Nishida, G.M. (1987) Insects and allies (arthropods) of Enewetak atoll",Diptera,Limoniidae
"Dicranomyia sentifera (Alexander, 1972)",Arno,"Alexander, C.P. (1972) Insects of Micronesia - Diptera: Tipulidae",Diptera,Limoniidae
"Dicranomyia strigivena (Walker, 1861)",Ngcheangel,"Alexander, C.P. (1972) Insects of Micronesia - Diptera: Tipulidae",Diptera,Limoniidae
"Dicranomyia (Idioglochina) tusitala (Alexander, 1921)",Ngcheangel,"Alexander, C.P. (1972) Insects of Micronesia - Diptera: Tipulidae",Diptera,Limoniidae
"Dicranomyia cf. perkinsi (Grimshaw, 1901)",Palmyra,"Handler, A.T., et al. (2007) Arthropod surveys on Palmyra Atoll, Line Islands, and insights into the decline of the native tree Pisonia grandis (Nycatginaceae)",Diptera,Limoniidae
"Geranomyia unicolor (Haliday, 1833)",Aldabra,"Edwards, F.W. (1912) No. XIV - Diptera, Tipulidae",Diptera,Limoniidae
"Gonomyia (Lipophleps) ornatipes (Brunetti, 1912)",Diego Garcia,"Hutson, A.M. (1981) A preliminary list of insects of Diego Garcia Atoll, Chagos Archipelago",Diptera,Limoniidae
"Gonomyia pietatis (Alexander, 1940)",Jaluit,"Alexander, C.P. (1972) Insects of Micronesia - Diptera: Tipulidae",Diptera,Limoniidae
"Gonomyia pietatis (Alexander, 1940)",Kapingamarangi,"Alexander, C.P. (1972) Insects of Micronesia - Diptera: Tipulidae",Diptera,Limoniidae
Gonomyia sp.,Takapoto,"Rivière, F. (1979) La vie animale terrestre à Takapoto",Diptera,Limoniidae
"Limonia arachnophila (Alexander, 1927)",Kapingamarangi,"Alexander, C.P. (1972) Insects of Micronesia - Diptera: Tipulidae",Diptera,Limoniidae
"Limonia arachnophila (Alexander, 1927)",Ulithi,"Alexander, C.P. (1972) Insects of Micronesia - Diptera: Tipulidae",Diptera,Limoniidae
"Limonia corallicola (Alexander, 1956)",Aldabra,"Frith, D.W. (1979) A list of insects caught in light traps on West Island, Aldabra Atoll, Indian Ocean",Diptera,Limoniidae
"Limonia edwardsella (Alexander, 1967)",Aldabra,"Frith, D.W. (1979) A list of insects caught in light traps on West Island, Aldabra Atoll, Indian Ocean",Diptera,Limoniidae
"Limonia (Libnotes) jocularis (Alexander, 1940)",Arno,"Alexander, C.P. (1972) Insects of Micronesia - Diptera: Tipulidae",Diptera,Limoniidae
"Limonia (Libnotes) jocularis (Alexander, 1940)",Kwajalein,"Sugerman, B.B. (1979) Additions to the list of insects and other arthropods from Kwajalein atoll (Marshall Islands)",Diptera,Limoniidae
"Limonia pectinunguis (Tokunaga, 1940)",Eniwetok,"Alexander, C.P. (1972) Insects of Micronesia - Diptera: Tipulidae",Diptera,Limoniidae
"Limonia pectinunguis (Tokunaga, 1940)",Kapingamarangi,"Alexander, C.P. (1972) Insects of Micronesia - Diptera: Tipulidae",Diptera,Limoniidae
"Limonia (Goniodineura) phaeozoma (Alexander, 1972)",Ngcheangel,"Alexander, C.P. (1972) Insects of Micronesia - Diptera: Tipulidae",Diptera,Limoniidae
"Limonia (Goniodineura) pictoides (Alexander, 1972)",Mokil,"Alexander, C.P. (1972) Insects of Micronesia - Diptera: Tipulidae",Diptera,Limoniidae
"Limonia umbrata (Meijere, 1911)",Diego Garcia,"Hutson, A.M. (1981) A preliminary list of insects of Diego Garcia Atoll, Chagos Archipelago",Diptera,Limoniidae
"Limonia umbrata (Meijere, 1911)",Kwajalein,"Sugerman, B.B. (1979) Additions to the list of insects and other arthropods from Kwajalein atoll (Marshall Islands)",Diptera,Limoniidae
Limonia sp.,Aldabra,"Frith, D.W. (1979) A list of insects caught in light traps on West Island, Aldabra Atoll, Indian Ocean",Diptera,Limoniidae
Limonia sp.,Nukunonu,"Hickley, A.D. (1969) Ecology of terrestrial arthropods of the Tokelau atolls",Diptera,Limoniidae
"Orimarga fryeri (Edwards, 1912)",Aldabra,"Edwards, F.W. (1912) No. XIV - Diptera, Tipulidae",Diptera,Limoniidae
"Styringomyia didyma (Grimshaw, 1901)",Arno,"Alexander, C.P. (1972) Insects of Micronesia - Diptera: Tipulidae",Diptera,Limoniidae
"Styringomyia didyma (Grimshaw, 1901)",Jaluit,"Alexander, C.P. (1972) Insects of Micronesia - Diptera: Tipulidae",Diptera,Limoniidae
"Styringomyia didyma (Grimshaw, 1901)",Majuro,"Alexander, C.P. (1972) Insects of Micronesia - Diptera: Tipulidae",Diptera,Limoniidae
"Styringomyia didyma (Grimshaw, 1901)",Ngcheangel,"Alexander, C.P. (1972) Insects of Micronesia - Diptera: Tipulidae",Diptera,Limoniidae
"Styringomyia didyma (Grimshaw, 1901)",Palmyra,"Handler, A.T., et al. (2007) Arthropod surveys on Palmyra Atoll, Line Islands, and insights into the decline of the native tree Pisonia grandis (Nycatginaceae)",Diptera,Limoniidae
"Styringomyia didyma (Grimshaw, 1901)",Pingelap,"Alexander, C.P. (1972) Insects of Micronesia - Diptera: Tipulidae",Diptera,Limoniidae
Styringomyia sp.,Nukunonu,"Hickley, A.D. (1969) Ecology of terrestrial arthropods of the Tokelau atolls",Diptera,Limoniidae
"Thaumastoptera aldabrensis (Edwards, 1912)",Aldabra,"Edwards, F.W. (1912) No. XIV - Diptera, Tipulidae",Diptera,Limoniidae
"Thrypticomyia subsaltens (Alexander, 1924)",Nukunonu,"Hickley, A.D. (1969) Ecology of terrestrial arthropods of the Tokelau atolls",Diptera,Limoniidae
"Lamprolonchaea metatarsata (Kertész, 1901)",Kwajalein,"Sugerman, B.B. (1979) Additions to the list of insects and other arthropods from Kwajalein atoll (Marshall Islands)",Diptera,Lonchaeidae
"Lamprolonchaea metatarsata (Kertész, 1901)",Oeno,"Mathis, W.N. (1989) Diptera (Insecta) or true flies of the Pitcairn Group (Ducie, Henderson, Oeno, and Pitcairn Islands)",Diptera,Lonchaeidae
"Lamprolonchaea metatarsata (Kertész, 1901)",Palmyra,"Handler, A.T., et al. (2007) Arthropod surveys on Palmyra Atoll, Line Islands, and insights into the decline of the native tree Pisonia grandis (Nycatginaceae)",Diptera,Lonchaeidae
"Lamprolonchaea smaragdi (Walker, 1849)",Abariringa,"van Zwaluwenburg, R.H. (1955) The insects and certain other arthropods of Canton Island",Diptera,Lonchaeidae
"Lamprolonchaea smaragdi (Walker, 1849)",Aldabra,"Frith, D.W. (1979) A list of insects caught in light traps on West Island, Aldabra Atoll, Indian Ocean",Diptera,Lonchaeidae
"Lamprolonchaea smaragdi (Walker, 1849)",Diego Garcia,"Hutson, A.M. (1981) A preliminary list of insects of Diego Garcia Atoll, Chagos Archipelago",Diptera,Lonchaeidae
"Lamprolonchaea smaragdi (Walker, 1849)",Nukunonu,"Hickley, A.D. (1969) Ecology of terrestrial arthropods of the Tokelau atolls",Diptera,Lonchaeidae
"Lamprolonchaea smaragdi (Walker, 1849)",Palmyra,"Krauss, N.L.H. (1953) Insects and other invertebrates from Palmyra atoll and Christmas Island",Diptera,Lonchaeidae
Lonchaea sp.,Diego Garcia,"Hutson, A.M. (1981) A preliminary list of insects of Diego Garcia Atoll, Chagos Archipelago",Diptera,Lonchaeidae
Lonchaea sp.,Kwajalein,"Sugerman, B.B. (1972) Insects and other arthropods from Kwajalein atoll (Marshall Islands)",Diptera,Lonchaeidae
"Mimegralla albimanus (Doleschall, 1856)",Kapingamarangi,"Niering, W. A. (1963) Terrestrial ecology of Kapingamarangi atoll, Caroline Islands",Diptera,Micropezidae
"Mimegralla albimanus (Doleschall, 1856)",Ngcheangel,"Aczél, M.L. (1959) Insects of Micronesia - Diptera: Neriidae and Micropezidae",Diptera,Micropezidae
"Mimegralla albimanus (Doleschall, 1856)",Nomwin,"Aczél, M.L. (1959) Insects of Micronesia - Diptera: Neriidae and Micropezidae",Diptera,Micropezidae
"Mimegralla albimanus (Doleschall, 1856)",Ulithi,"Aczél, M.L. (1959) Insects of Micronesia - Diptera: Neriidae and Micropezidae",Diptera,Micropezidae
"Mimegralla sepsoides (Walker, 1859)",Mokil,"Aczél, M.L. (1959) Insects of Micronesia - Diptera: Neriidae and Micropezidae",Diptera,Micropezidae
"Mimegralla sepsoides (Walker, 1859)",Pingelap,"Aczél, M.L. (1959) Insects of Micronesia - Diptera: Neriidae and Micropezidae",Diptera,Micropezidae
"Desmometopa m-nigrum (Zetterstedt, 1848)",Abariringa,"van Zwaluwenburg, R.H. (1955) The insects and certain other arthropods of Canton Island",Diptera,Milichiidae
"Desmometopa sinaporensis (Kertész, 1899)",Kwajalein,"Sugerman, B.B. (1979) Additions to the list of insects and other arthropods from Kwajalein atoll (Marshall Islands)",Diptera,Milichiidae
"Desmometopa tarsalis (Loew, 1866)",Midway,"Suehiro, A. (1960) Insects and other arthropods from Midway atoll",Diptera,Milichiidae
"Desmometopa varipalpis (Malloch, 1927)",Eniwetok,"Samuelson, G.A., & Nishida, G.M. (1987) Insects and allies (arthropods) of Enewetak atoll",Diptera,Milichiidae
Desmometopa sp.,Clipperton,"Sachet, M.-H. (1962) Geography and land ecology of Clipperton Island",Diptera,Milichiidae
Desmometopa sp.,Diego Garcia,"Hutson, A.M. (1981) A preliminary list of insects of Diego Garcia Atoll, Chagos Archipelago",Diptera,Milichiidae
Desmometopa sp.,Johnston,"Binion Amerson, A., & Shelton, P.C. (1976) The natural history of Johnston atoll, Central Pacific Ocean",Diptera,Milichiidae
Desmometopa sp.,Kwajalein,"Sugerman, B.B. (1979) Additions to the list of insects and other arthropods from Kwajalein atoll (Marshall Islands)",Diptera,Milichiidae
Desmometopa sp.,Midway,"Suehiro, A. (1960) Insects and other arthropods from Midway atoll",Diptera,Milichiidae
"Leptometopa beardsleyi (Hardy & Delfinado, 1980)",Laysan,"Asquith, A. (1994) The arthropod fauna of Laysan Island",Diptera,Milichiidae
"Leptometopa beardsleyi (Hardy & Delfinado, 1980)",Oeno,"Mathis, W.N. (1989) Diptera (Insecta) or true flies of the Pitcairn Group (Ducie, Henderson, Oeno, and Pitcairn Islands)",Diptera,Milichiidae
Leptometopa sp.,Pearl and Hermes,"Beardsley, J.W. (1966) Insects and other terrestrial arthropods from the Leeward Hawaiian Islands",Diptera,Milichiidae
"Milichiella lacteipennis (Loew, 1866)",Abariringa,"van Zwaluwenburg, R.H. (1955) The insects and certain other arthropods of Canton Island",Diptera,Milichiidae
"Milichiella lacteipennis (Loew, 1866)",Eniwetok,"Samuelson, G.A., & Nishida, G.M. (1987) Insects and allies (arthropods) of Enewetak atoll",Diptera,Milichiidae
"Milichiella lacteipennis (Loew, 1866)",Kure,"Butler, G.D., & Usinger, R.L. (1963) Insects and other arthropods from Kure Island",Diptera,Milichiidae
"Milichiella lacteipennis (Loew, 1866)",Kwajalein,"Sugerman, B.B. (1972) Insects and other arthropods from Kwajalein atoll (Marshall Islands)",Diptera,Milichiidae
"Milichiella lacteipennis (Loew, 1866)",Laysan,"Butler, G.D. (1961) Insects and other arthropods from Laysan Island",Diptera,Milichiidae
"Milichiella lacteipennis (Loew, 1866)",Midway,"Suehiro, A. (1960) Insects and other arthropods from Midway atoll",Diptera,Milichiidae
"Milichiella lacteipennis (Loew, 1866)",Palmyra,"Handler, A.T., et al. (2007) Arthropod surveys on Palmyra Atoll, Line Islands, and insights into the decline of the native tree Pisonia grandis (Nycatginaceae)",Diptera,Milichiidae
Milichiella sp.,Rose,"Peck, R.W., et al. (2014) Arthropods of Rose atoll with special reference to ants and Pulvianaria urbicola scales (Hemiptera: Coccidae) on Pisonia grandis trees",Diptera,Milichiidae
"Atherigona hendersoni (Malloch, 1923)",Oeno,"Mathis, W.N. (1989) Diptera (Insecta) or true flies of the Pitcairn Group (Ducie, Henderson, Oeno, and Pitcairn Islands)",Diptera,Muscidae
"Atherigona orientalis (Schiner, 1868)",Abariringa,"van Zwaluwenburg, R.H. (1955) The insects and certain other arthropods of Canton Island",Diptera,Muscidae
"Atherigona orientalis (Schiner, 1868)",Aldabra,"Frith, D.W. (1979) A list of insects caught in light traps on West Island, Aldabra Atoll, Indian Ocean",Diptera,Muscidae
"Atherigona orientalis (Schiner, 1868)",Arno,"Snyder, F.M. (1965) Insects of Micronesia - Diptera: Muscidae",Diptera,Muscidae
"Atherigona orientalis (Schiner, 1868)",South Keeling,"Patitucci, L.D., Mulieri, P.R., & Mariluis, J.C. (2012) On the identity of Blithoracochaeta sociabilis Blanchard (Diptera: Muscidae): a new synonym of Atherigona orientalis Schiner",Diptera,Muscidae
"Atherigona orientalis (Schiner, 1868)",Diego Garcia,"Hutson, A.M. (1981) A preliminary list of insects of Diego Garcia Atoll, Chagos Archipelago",Diptera,Muscidae
"Atherigona orientalis (Schiner, 1868)",Eniwetok,"Snyder, F.M. (1965) Insects of Micronesia - Diptera: Muscidae",Diptera,Muscidae
"Atherigona orientalis (Schiner, 1868)",Jaluit,"Snyder, F.M. (1965) Insects of Micronesia - Diptera: Muscidae",Diptera,Muscidae
"Atherigona orientalis (Schiner, 1868)",Johnston,"Binion Amerson, A., & Shelton, P.C. (1976) The natural history of Johnston atoll, Central Pacific Ocean",Diptera,Muscidae
"Atherigona orientalis (Schiner, 1868)",Kapingamarangi,"Snyder, F.M. (1965) Insects of Micronesia - Diptera: Muscidae",Diptera,Muscidae
"Atherigona orientalis (Schiner, 1868)",Kwajalein,"Sugerman, B.B. (1972) Insects and other arthropods from Kwajalein atoll (Marshall Islands)",Diptera,Muscidae
"Atherigona orientalis (Schiner, 1868)",Lae,"Snyder, F.M. (1965) Insects of Micronesia - Diptera: Muscidae",Diptera,Muscidae
"Atherigona orientalis (Schiner, 1868)",Majuro,"Snyder, F.M. (1965) Insects of Micronesia - Diptera: Muscidae",Diptera,Muscidae
"Atherigona orientalis (Schiner, 1868)",Ngcheangel,"Snyder, F.M. (1965) Insects of Micronesia - Diptera: Muscidae",Diptera,Muscidae
"Atherigona orientalis (Schiner, 1868)",Nomwin,"Snyder, F.M. (1965) Insects of Micronesia - Diptera: Muscidae",Diptera,Muscidae
"Atherigona orientalis (Schiner, 1868)",Palmyra,"Krauss, N.L.H. (1953) Insects and other invertebrates from Palmyra atoll and Christmas Island",Diptera,Muscidae
"Atherigona orientalis (Schiner, 1868)",Pingelap,"Snyder, F.M. (1965) Insects of Micronesia - Diptera: Muscidae",Diptera,Muscidae
"Atherigona orientalis (Schiner, 1868)",Rongelap,"Snyder, F.M. (1965) Insects of Micronesia - Diptera: Muscidae",Diptera,Muscidae
"Atherigona orientalis (Schiner, 1868)",Ujae,"Snyder, F.M. (1965) Insects of Micronesia - Diptera: Muscidae",Diptera,Muscidae
"Atherigona orientalis (Schiner, 1868)",Wake,"Snyder, F.M. (1965) Insects of Micronesia - Diptera: Muscidae",Diptera,Muscidae
"Atherigona orientalis (Schiner, 1868)",Wotho,"Snyder, F.M. (1965) Insects of Micronesia - Diptera: Muscidae",Diptera,Muscidae
"Atherigona oryzae (Malloch, 1925)",Diego Garcia,"Hutson, A.M. (1981) A preliminary list of insects of Diego Garcia Atoll, Chagos Archipelago",Diptera,Muscidae
"Atherigona sabroskyi (Snyder, 1965)",Ngcheangel,"Snyder, F.M. (1965) Insects of Micronesia - Diptera: Muscidae",Diptera,Muscidae
"Atherigona vittata (Rainbow, 1897)",Funafuti,"Hedley, C. (1900) The atoll of Funafuti, Ellice Group - its zoology, botany, ethnology, and general structure",Diptera,Muscidae
Atherigona sp.,Aldabra,"Frith, D.W. (1979) A list of insects caught in light traps on West Island, Aldabra Atoll, Indian Ocean",Diptera,Muscidae
Atherigona sp.,Kwajalein,"Sugerman, B.B. (1972) Insects and other arthropods from Kwajalein atoll (Marshall Islands)",Diptera,Muscidae
Atherigona sp.,Palmyra,"Handler, A.T., et al. (2007) Arthropod surveys on Palmyra Atoll, Line Islands, and insights into the decline of the native tree Pisonia grandis (Nycatginaceae)",Diptera,Muscidae
Atherigona sp.,Takapoto,"Rivière, F. (1979) La vie animale terrestre à Takapoto",Diptera,Muscidae
"Cephalispa gressitti (Snyder, 1965)",Ngcheangel,"Snyder, F.M. (1965) Insects of Micronesia - Diptera: Muscidae",Diptera,Muscidae
"Coenosia bimorpha (Snyder, 1965)",Ngcheangel,"Snyder, F.M. (1965) Insects of Micronesia - Diptera: Muscidae",Diptera,Muscidae
"Coenosia bimorpha (Snyder, 1965)",Nomwin,"Snyder, F.M. (1965) Insects of Micronesia - Diptera: Muscidae",Diptera,Muscidae
"Coenosia bimorpha (Snyder, 1965)",Ulithi,"Snyder, F.M. (1965) Insects of Micronesia - Diptera: Muscidae",Diptera,Muscidae
"Coenosia strigipes (Stein, 1916)",Aldabra,"Frith, D.W. (1979) A list of insects caught in light traps on West Island, Aldabra Atoll, Indian Ocean",Diptera,Muscidae
"Coenosia strigipes (Stein, 1916)",Astove,"Couri, M.S., de Carvalho, C.J.B., & Pont, A.C. (2012) Taxonomy of the Muscidae (Diptera) of Namibia: a key to genera, diagnoses, new records and description of a new species",Diptera,Muscidae
"Dichaetomyia apicalis (Stein, 1904)",Nomwin,"Snyder, F.M. (1965) Insects of Micronesia - Diptera: Muscidae",Diptera,Muscidae
"Dichaetomyia apicalis (Stein, 1904)",Satawan,"Snyder, F.M. (1965) Insects of Micronesia - Diptera: Muscidae",Diptera,Muscidae
"Dichaetomyia carolina (Snyder, 1965)",Nomwin,"Snyder, F.M. (1965) Insects of Micronesia - Diptera: Muscidae",Diptera,Muscidae
"Dichaetomyia vicaria (Walker, 1859)",Arno,"Snyder, F.M. (1965) Insects of Micronesia - Diptera: Muscidae",Diptera,Muscidae
"Dichaetomyia vicaria (Walker, 1859)",Jaluit,"Snyder, F.M. (1965) Insects of Micronesia - Diptera: Muscidae",Diptera,Muscidae
"Dichaetomyia vicaria (Walker, 1859)",Kwajalein,"Sugerman, B.B. (1972) Insects and other arthropods from Kwajalein atoll (Marshall Islands)",Diptera,Muscidae
"Dichaetomyia vicaria (Walker, 1859)",Majuro,"Snyder, F.M. (1965) Insects of Micronesia - Diptera: Muscidae",Diptera,Muscidae
"Dichaetomyia vicaria (Walker, 1859)",Ngcheangel,"Snyder, F.M. (1965) Insects of Micronesia - Diptera: Muscidae",Diptera,Muscidae
"Dichaetomyia vicaria (Walker, 1859)",Pingelap,"Snyder, F.M. (1965) Insects of Micronesia - Diptera: Muscidae",Diptera,Muscidae
"Dichaetomyia vicaria (Walker, 1859)",Ulithi,"Snyder, F.M. (1965) Insects of Micronesia - Diptera: Muscidae",Diptera,Muscidae
"Gymnopapuaia palau (Snyder, 1965)",Ngcheangel,"Snyder, F.M. (1965) Insects of Micronesia - Diptera: Muscidae",Diptera,Muscidae
Helina sp.,Aldabra,"Frith, D.W. (1979) A list of insects caught in light traps on West Island, Aldabra Atoll, Indian Ocean",Diptera,Muscidae
"Limnophora exigua (Wiedemann, 1830)",Ngcheangel,"Snyder, F.M. (1965) Insects of Micronesia - Diptera: Muscidae",Diptera,Muscidae
"Limnophora exigua (Wiedemann, 1830)",Ulithi,"Snyder, F.M. (1965) Insects of Micronesia - Diptera: Muscidae",Diptera,Muscidae
Limnophora sp.,Aldabra,"Frith, D.W. (1979) A list of insects caught in light traps on West Island, Aldabra Atoll, Indian Ocean",Diptera,Muscidae
"Lispe albifacies (Malloch, 1929)",Ngcheangel,"Snyder, F.M. (1965) Insects of Micronesia - Diptera: Muscidae",Diptera,Muscidae
"Lispe pectinipes (Becker, 1903)",Aldabra,"Stein, P. (1910) No. IX - Diptera, Anthomyidae, mit den Gattungen Rhinia und Idiella",Diptera,Muscidae
"Lispe tetrastigma (Schiner, 1868)",Aldabra,"Frith, D.W. (1979) A list of insects caught in light traps on West Island, Aldabra Atoll, Indian Ocean",Diptera,Muscidae
Lispe sp.,Kwajalein,"Sugerman, B.B. (1979) Additions to the list of insects and other arthropods from Kwajalein atoll (Marshall Islands)",Diptera,Muscidae
Lispe sp.,Laysan,"Butler, G.D. (1961) Insects and other arthropods from Laysan Island",Diptera,Muscidae
"Musca domestica (De Geer, 1776)",Abariringa,"van Zwaluwenburg, R.H. (1955) The insects and certain other arthropods of Canton Island",Diptera,Muscidae
"Musca domestica (De Geer, 1776)",Aldabra,"Cogan, B.H., & Hutson, A.M. (1971) Preliminary observations on the affinities and composition of the insect fauna of Aldabra",Diptera,Muscidae
"Musca domestica (De Geer, 1776)",Arno,"Snyder, F.M. (1965) Insects of Micronesia - Diptera: Muscidae",Diptera,Muscidae
"Musca domestica (De Geer, 1776)",Astove,"Couri, M.S., de Carvalho, C.J.B., & Pont, A.C. (2012) Taxonomy of the Muscidae (Diptera) of Namibia: a key to genera, diagnoses, new records and description of a new species",Diptera,Muscidae
"Musca domestica (De Geer, 1776)",Bikini,"Snyder, F.M. (1965) Insects of Micronesia - Diptera: Muscidae",Diptera,Muscidae
"Musca domestica (De Geer, 1776)",Diego Garcia,"Barnett, L.K., & Emms, C. (1996) An annotated checklist of the Chagos archipelago terrestrial fauna (omitting birds) recorded during the 1996 'Friends of the Chagos' expedition",Diptera,Muscidae
"Musca domestica (De Geer, 1776)",Eniwetok,"Snyder, F.M. (1965) Insects of Micronesia - Diptera: Muscidae",Diptera,Muscidae
"Musca domestica (De Geer, 1776)",Funafuti,"Hedley, C. (1900) The atoll of Funafuti, Ellice Group - its zoology, botany, ethnology, and general structure",Diptera,Muscidae
"Musca domestica (De Geer, 1776)",Jaluit,"Snyder, F.M. (1965) Insects of Micronesia - Diptera: Muscidae",Diptera,Muscidae
"Musca domestica (De Geer, 1776)",Johnston,"Binion Amerson, A., & Shelton, P.C. (1976) The natural history of Johnston atoll, Central Pacific Ocean",Diptera,Muscidae
"Musca domestica (De Geer, 1776)",Kapingamarangi,"Snyder, F.M. (1965) Insects of Micronesia - Diptera: Muscidae",Diptera,Muscidae
"Musca domestica (De Geer, 1776)",Kavaratti,"Ghosh, A.K. (1991) Fauna of Lakshadweep",Diptera,Muscidae
"Musca domestica (De Geer, 1776)",Kiritimati,"Krauss, N.L.H. (1953) Insects and other invertebrates from Palmyra atoll and Christmas Island",Diptera,Muscidae
"Musca domestica (De Geer, 1776)",Kure,"Butler, G.D., & Usinger, R.L. (1963) Insects and other arthropods from Kure Island",Diptera,Muscidae
"Musca domestica (De Geer, 1776)",Kwajalein,"Sugerman, B.B. (1972) Insects and other arthropods from Kwajalein atoll (Marshall Islands)",Diptera,Muscidae
"Musca domestica (De Geer, 1776)",Lae,"Snyder, F.M. (1965) Insects of Micronesia - Diptera: Muscidae",Diptera,Muscidae
"Musca domestica (De Geer, 1776)",Laysan,"Butler, G.D. (1961) Insects and other arthropods from Laysan Island",Diptera,Muscidae
"Musca domestica (De Geer, 1776)",Midway,"Suehiro, A. (1960) Insects and other arthropods from Midway atoll",Diptera,Muscidae
"Musca domestica (De Geer, 1776)",Nukunonu,"Hickley, A.D. (1969) Ecology of terrestrial arthropods of the Tokelau atolls",Diptera,Muscidae
"Musca domestica (De Geer, 1776)",Palmyra,"Handler, A.T., et al. (2007) Arthropod surveys on Palmyra Atoll, Line Islands, and insights into the decline of the native tree Pisonia grandis (Nycatginaceae)",Diptera,Muscidae
"Musca domestica (De Geer, 1776)",Pearl and Hermes,"Beardsley, J.W. (1966) Insects and other terrestrial arthropods from the Leeward Hawaiian Islands",Diptera,Muscidae
"Musca domestica (De Geer, 1776)",Pingelap,"Snyder, F.M. (1965) Insects of Micronesia - Diptera: Muscidae",Diptera,Muscidae
"Musca domestica (De Geer, 1776)",Rongelap,"Snyder, F.M. (1965) Insects of Micronesia - Diptera: Muscidae",Diptera,Muscidae
"Musca domestica (De Geer, 1776)",Takapoto,"Rivière, F. (1979) La vie animale terrestre à Takapoto",Diptera,Muscidae
"Musca domestica (De Geer, 1776)",Ujelang,"Snyder, F.M. (1965) Insects of Micronesia - Diptera: Muscidae",Diptera,Muscidae
"Musca domestica (De Geer, 1776)",Wake,"Snyder, F.M. (1965) Insects of Micronesia - Diptera: Muscidae",Diptera,Muscidae
"Musca hervei (Villeneuve, 1922)",Ngcheangel,"Snyder, F.M. (1965) Insects of Micronesia - Diptera: Muscidae",Diptera,Muscidae
"Musca hervei (Villeneuve, 1922)",Ulithi,"Snyder, F.M. (1965) Insects of Micronesia - Diptera: Muscidae",Diptera,Muscidae
"Musca sorbens (Wiedemann, 1830)",Ailuk,"Snyder, F.M. (1965) Insects of Micronesia - Diptera: Muscidae",Diptera,Muscidae
"Musca sorbens (Wiedemann, 1830)",Aldabra,"Frith, D.W. (1979) A list of insects caught in light traps on West Island, Aldabra Atoll, Indian Ocean",Diptera,Muscidae
"Musca sorbens (Wiedemann, 1830)",Arno,"Snyder, F.M. (1965) Insects of Micronesia - Diptera: Muscidae",Diptera,Muscidae
"Musca sorbens (Wiedemann, 1830)",Astove,"Couri, M.S., de Carvalho, C.J.B., & Pont, A.C. (2012) Taxonomy of the Muscidae (Diptera) of Namibia: a key to genera, diagnoses, new records and description of a new species",Diptera,Muscidae
"Musca sorbens (Wiedemann, 1830)",Cosmoledo,"Couri, M.S., de Carvalho, C.J.B., & Pont, A.C. (2012) Taxonomy of the Muscidae (Diptera) of Namibia: a key to genera, diagnoses, new records and description of a new species",Diptera,Muscidae
"Musca sorbens (Wiedemann, 1830)",Diego Garcia,"Hutson, A.M. (1981) A preliminary list of insects of Diego Garcia Atoll, Chagos Archipelago",Diptera,Muscidae
"Musca sorbens (Wiedemann, 1830)",Etal,"Snyder, F.M. (1965) Insects of Micronesia - Diptera: Muscidae",Diptera,Muscidae
"Musca sorbens (Wiedemann, 1830)",Jaluit,"Snyder, F.M. (1965) Insects of Micronesia - Diptera: Muscidae",Diptera,Muscidae
"Musca sorbens (Wiedemann, 1830)",Kapingamarangi,"Snyder, F.M. (1965) Insects of Micronesia - Diptera: Muscidae",Diptera,Muscidae
"Musca sorbens (Wiedemann, 1830)",Kwajalein,"Sugerman, B.B. (1972) Insects and other arthropods from Kwajalein atoll (Marshall Islands)",Diptera,Muscidae
"Musca sorbens (Wiedemann, 1830)",Lae,"Snyder, F.M. (1965) Insects of Micronesia - Diptera: Muscidae",Diptera,Muscidae
"Musca sorbens (Wiedemann, 1830)",Likiep,"Snyder, F.M. (1965) Insects of Micronesia - Diptera: Muscidae",Diptera,Muscidae
"Musca sorbens (Wiedemann, 1830)",Losap,"Snyder, F.M. (1965) Insects of Micronesia - Diptera: Muscidae",Diptera,Muscidae
"Musca sorbens (Wiedemann, 1830)",Majuro,"Snyder, F.M. (1965) Insects of Micronesia - Diptera: Muscidae",Diptera,Muscidae
"Musca sorbens (Wiedemann, 1830)",Mokil,"Snyder, F.M. (1965) Insects of Micronesia - Diptera: Muscidae",Diptera,Muscidae
"Musca sorbens (Wiedemann, 1830)",Namoluk,"Snyder, F.M. (1965) Insects of Micronesia - Diptera: Muscidae",Diptera,Muscidae
"Musca sorbens (Wiedemann, 1830)",Ngcheangel,"Snyder, F.M. (1965) Insects of Micronesia - Diptera: Muscidae",Diptera,Muscidae
"Musca sorbens (Wiedemann, 1830)",Nomwin,"Snyder, F.M. (1965) Insects of Micronesia - Diptera: Muscidae",Diptera,Muscidae
"Musca sorbens (Wiedemann, 1830)",Nukunonu,"Hickley, A.D. (1969) Ecology of terrestrial arthropods of the Tokelau atolls",Diptera,Muscidae
"Musca sorbens (Wiedemann, 1830)",Onotoa,"Snyder, F.M. (1965) Insects of Micronesia - Diptera: Muscidae",Diptera,Muscidae
"Musca sorbens (Wiedemann, 1830)",Pingelap,"Snyder, F.M. (1965) Insects of Micronesia - Diptera: Muscidae",Diptera,Muscidae
"Musca sorbens (Wiedemann, 1830)",Satawan,"Snyder, F.M. (1965) Insects of Micronesia - Diptera: Muscidae",Diptera,Muscidae
"Musca sorbens (Wiedemann, 1830)",Takapoto,"Rivière, F. (1979) La vie animale terrestre à Takapoto",Diptera,Muscidae
"Musca sorbens (Wiedemann, 1830)",Ujae,"Snyder, F.M. (1965) Insects of Micronesia - Diptera: Muscidae",Diptera,Muscidae
"Musca sorbens (Wiedemann, 1830)",Ujelang,"Snyder, F.M. (1965) Insects of Micronesia - Diptera: Muscidae",Diptera,Muscidae
"Musca sorbens (Wiedemann, 1830)",Ulithi,"Snyder, F.M. (1965) Insects of Micronesia - Diptera: Muscidae",Diptera,Muscidae
"Musca sorbens (Wiedemann, 1830)",Utirik,"Snyder, F.M. (1965) Insects of Micronesia - Diptera: Muscidae",Diptera,Muscidae
"Musca sorbens (Wiedemann, 1830)",Wake,"Snyder, F.M. (1965) Insects of Micronesia - Diptera: Muscidae",Diptera,Muscidae
"Musca sorbens (Wiedemann, 1830)",Wotho,"Snyder, F.M. (1965) Insects of Micronesia - Diptera: Muscidae",Diptera,Muscidae
"Musca vetustissima (Walker, 1849)",Funafuti,"Hedley, C. (1900) The atoll of Funafuti, Ellice Group - its zoology, botany, ethnology, and general structure",Diptera,Muscidae
"Muscina levida (Harris, 1780)",Midway,"Suehiro, A. (1960) Insects and other arthropods from Midway atoll",Diptera,Muscidae
"Ophyra aenescens (Wiedemann, 1830)",Midway,"Suehiro, A. (1960) Insects and other arthropods from Midway atoll",Diptera,Muscidae
"Ophyra chalcogaster (Wiedemann, 1830)",South Keeling,"Wood-Jones, F. (1909) The fauna of the Cocos-Keeling Atoll, collected by F. Wood-Jones",Diptera,Muscidae
"Ophyra chalcogaster (Wiedemann, 1830)",Diego Garcia,"Hutson, A.M. (1981) A preliminary list of insects of Diego Garcia Atoll, Chagos Archipelago",Diptera,Muscidae
"Ophyra chalcogaster (Wiedemann, 1830)",Kure,"Butler, G.D., & Usinger, R.L. (1963) Insects and other arthropods from Kure Island",Diptera,Muscidae
"Ophyra chalcogaster (Wiedemann, 1830)",Midway,"Suehiro, A. (1960) Insects and other arthropods from Midway atoll",Diptera,Muscidae
"Ophyra nigrisquama (Stein, 1910)",Aldabra,"Frith, D.W. (1979) A list of insects caught in light traps on West Island, Aldabra Atoll, Indian Ocean",Diptera,Muscidae
Ophyra sp.,Midway,"Suehiro, A. (1960) Insects and other arthropods from Midway atoll",Diptera,Muscidae
Ophyra sp.,Takapoto,"Rivière, F. (1979) La vie animale terrestre à Takapoto",Diptera,Muscidae
"Orchisia costata (Meigen, 1826)",Nomwin,"Snyder, F.M. (1965) Insects of Micronesia - Diptera: Muscidae",Diptera,Muscidae
"Pectiniseta pectinata (Stein, 1910)",Nomwin,"Snyder, F.M. (1965) Insects of Micronesia - Diptera: Muscidae",Diptera,Muscidae
"Pygophora respondens (Walker, 1859)",Diego Garcia,"Barnett, L.K., & Emms, C. (1996) An annotated checklist of the Chagos archipelago terrestrial fauna (omitting birds) recorded during the 1996 'Friends of the Chagos' expedition",Diptera,Muscidae
"Pygophora respondens (Walker, 1859)",Kapingamarangi,"Snyder, F.M. (1965) Insects of Micronesia - Diptera: Muscidae",Diptera,Muscidae
"Pygophora respondens (Walker, 1859)",Ulithi,"Snyder, F.M. (1965) Insects of Micronesia - Diptera: Muscidae",Diptera,Muscidae
"Pygophora tarsaseta (Snyder, 1965)",Ngcheangel,"Snyder, F.M. (1965) Insects of Micronesia - Diptera: Muscidae",Diptera,Muscidae
"Stomoxys calcitrans (L., 1758)",Diego Garcia,"Hutson, A.M. (1981) A preliminary list of insects of Diego Garcia Atoll, Chagos Archipelago",Diptera,Muscidae
"Synthesiomyia nudiseta (Wulp, 1883)",Wake,"Bryan, E.H. (1926) Insects of Hawaii, Johnston Island and Wake Island",Diptera,Muscidae
"Allactoneura argenteosquamosa (Enderlein, 1910)",Diego Garcia,"Hutson, A.M. (1981) A preliminary list of insects of Diego Garcia Atoll, Chagos Archipelago",Diptera,Mycetophilidae
"Telostylinus gressitti (Aczél, 1959)",Ngcheangel,"Aczél, M.L. (1959) Insects of Micronesia - Diptera: Neriidae and Micropezidae",Diptera,Neriidae
"Telostylinus gressitti (Aczél, 1959)",Ulithi,"Aczél, M.L. (1959) Insects of Micronesia - Diptera: Neriidae and Micropezidae",Diptera,Neriidae
"Telostylinus lineolatus (Wiedemann, 1830)",South Keeling,"Wood-Jones, F. (1909) The fauna of the Cocos-Keeling Atoll, collected by F. Wood-Jones",Diptera,Neriidae
"Telostylinus longicoxa (Thomson, 1869)",Arno,"Aczél, M.L. (1959) Insects of Micronesia - Diptera: Neriidae and Micropezidae",Diptera,Neriidae
"Telostylinus longicoxa (Thomson, 1869)",Jaluit,"Aczél, M.L. (1959) Insects of Micronesia - Diptera: Neriidae and Micropezidae",Diptera,Neriidae
"Telostylinus longicoxa (Thomson, 1869)",Kapingamarangi,"Niering, W. A. (1963) Terrestrial ecology of Kapingamarangi atoll, Caroline Islands",Diptera,Neriidae
"Telostylinus longicoxa (Thomson, 1869)",Kwajalein,"Sugerman, B.B. (1979) Additions to the list of insects and other arthropods from Kwajalein atoll (Marshall Islands)",Diptera,Neriidae
"Telostylinus longicoxa (Thomson, 1869)",Lae,"Aczél, M.L. (1959) Insects of Micronesia - Diptera: Neriidae and Micropezidae",Diptera,Neriidae
"Telostylinus longicoxa (Thomson, 1869)",Losap,"Aczél, M.L. (1959) Insects of Micronesia - Diptera: Neriidae and Micropezidae",Diptera,Neriidae
"Telostylinus longicoxa (Thomson, 1869)",Majuro,"Aczél, M.L. (1959) Insects of Micronesia - Diptera: Neriidae and Micropezidae",Diptera,Neriidae
"Telostylinus longicoxa (Thomson, 1869)",Mokil,"Aczél, M.L. (1959) Insects of Micronesia - Diptera: Neriidae and Micropezidae",Diptera,Neriidae
"Telostylinus longicoxa (Thomson, 1869)",Nomwin,"Aczél, M.L. (1959) Insects of Micronesia - Diptera: Neriidae and Micropezidae",Diptera,Neriidae
"Telostylinus longicoxa (Thomson, 1869)",Pingelap,"Aczél, M.L. (1959) Insects of Micronesia - Diptera: Neriidae and Micropezidae",Diptera,Neriidae
"Telostylinus longicoxa (Thomson, 1869)",Satawan,"Aczél, M.L. (1959) Insects of Micronesia - Diptera: Neriidae and Micropezidae",Diptera,Neriidae
"Telostylinus longicoxa (Thomson, 1869)",Wotho,"Aczél, M.L. (1959) Insects of Micronesia - Diptera: Neriidae and Micropezidae",Diptera,Neriidae
"Chonocephalus similis (Brues, 1905)",Diego Garcia,"Hutson, A.M. (1981) A preliminary list of insects of Diego Garcia Atoll, Chagos Archipelago",Diptera,Phoridae
Chonocephalus sp.,Palmyra,"Handler, A.T., et al. (2007) Arthropod surveys on Palmyra Atoll, Line Islands, and insights into the decline of the native tree Pisonia grandis (Nycatginaceae)",Diptera,Phoridae
"Dohrniphora cornuta (Bigot, 1857)",Eniwetok,"Beyer, E.M. (1967) Insects of Micronesia - Diptera: Phoridae",Diptera,Phoridae
"Dohrniphora cornuta (Bigot, 1857)",Kwajalein,"Sugerman, B.B. (1979) Additions to the list of insects and other arthropods from Kwajalein atoll (Marshall Islands)",Diptera,Phoridae
"Dohrniphora cornuta (Bigot, 1857)",Rose,"Peck, R.W., et al. (2014) Arthropods of Rose atoll with special reference to ants and Pulvianaria urbicola scales (Hemiptera: Coccidae) on Pisonia grandis trees",Diptera,Phoridae
"Gymnoptera simplex (Brues, 1905)",Jaluit,"Beyer, E.M. (1967) Insects of Micronesia - Diptera: Phoridae",Diptera,Phoridae
"Megaselia dilatimana (Disney, 2006)",Aldabra,"Disney, R.H.L. (2006) Nine new species of Megaselia Rondani (Diptera - Phoridae) from the Seychelles",Diptera,Phoridae
"Megaselia scalaris (Loew, 1866)",Eniwetok,"Beyer, E.M. (1967) Insects of Micronesia - Diptera: Phoridae",Diptera,Phoridae
"Megaselia scalaris (Loew, 1866)",Kwajalein,"Sugerman, B.B. (1972) Insects and other arthropods from Kwajalein atoll (Marshall Islands)",Diptera,Phoridae
"Megaselia scalaris (Loew, 1866)",Laysan,"Butler, G.D., & Usinger, R.L. (1963) Insects and other invertebrates from Laysan Island",Diptera,Phoridae
"Megaselia scalaris (Loew, 1866)",Pearl and Hermes,"Beardsley, J.W. (1966) Insects and other terrestrial arthropods from the Leeward Hawaiian Islands",Diptera,Phoridae
Megaselia sp.,Arno,"Beyer, E.M. (1967) Insects of Micronesia - Diptera: Phoridae",Diptera,Phoridae
Megaselia sp.,Diego Garcia,"Hutson, A.M. (1981) A preliminary list of insects of Diego Garcia Atoll, Chagos Archipelago",Diptera,Phoridae
Megaselia sp.,Kwajalein,"Sugerman, B.B. (1972) Insects and other arthropods from Kwajalein atoll (Marshall Islands)",Diptera,Phoridae
Megaselia sp.,Rose,"Peck, R.W., et al. (2014) Arthropods of Rose atoll with special reference to ants and Pulvianaria urbicola scales (Hemiptera: Coccidae) on Pisonia grandis trees",Diptera,Phoridae
"Puliciphora lucifera (Dahl, 1897)",Jaluit,"Beyer, E.M. (1967) Insects of Micronesia - Diptera: Phoridae",Diptera,Phoridae
Rhopica sp.,South Keeling,"Wood-Jones, F. (1909) The fauna of the Cocos-Keeling Atoll, collected by F. Wood-Jones",Diptera,Phoridae
"Piophila casei (L., 1758)",Takapoto,"Rivière, F. (1979) La vie animale terrestre à Takapoto",Diptera,Piophilidae
"Tomosvaryella micronesiae (Hardy, 1956)",Kapingamarangi,"Niering, W. A. (1963) Terrestrial ecology of Kapingamarangi atoll, Caroline Islands",Diptera,Pipunculidae
"Plagiostenopterina aena (Wiedemann, 1819)",Kwajalein,"Sugerman, B.B. (1972) Insects and other arthropods from Kwajalein atoll (Marshall Islands)",Diptera,Platystomatidae
"Plagiostenopterina cyanosoma (Hendel, 1912)",Aldabra,"Lamb, C.G. (1914) No. XV - Diptera - Heteroneuridae, Ortalidae, Trypetidae, Sepsidae, Micropezidae, Drosophilidae, Geomyzidae, Milichidae",Diptera,Platystomatidae
"Plagiostenopterina ruficeps (Hendel, 1912)",Aldabra,"Lamb, C.G. (1914) No. XV - Diptera - Heteroneuridae, Ortalidae, Trypetidae, Sepsidae, Micropezidae, Drosophilidae, Geomyzidae, Milichidae",Diptera,Platystomatidae
"Plagiostenopterina ruficeps (Hendel, 1912)",Diego Garcia,"Hutson, A.M. (1981) A preliminary list of insects of Diego Garcia Atoll, Chagos Archipelago",Diptera,Platystomatidae
"Pseudorichardia flavitarsis (Macquart, 1855)",Nukunonu,"Hickley, A.D. (1969) Ecology of terrestrial arthropods of the Tokelau atolls",Diptera,Platystomatidae
"Pseudorichardia flavitarsis (Macquart, 1855)",Oeno,"Mathis, W.N. (1989) Diptera (Insecta) or true flies of the Pitcairn Group (Ducie, Henderson, Oeno, and Pitcairn Islands)",Diptera,Platystomatidae
"Scholastes bimaculatus (Hendel, 1914)",Abariringa,"van Zwaluwenburg, R.H. (1955) The insects and certain other arthropods of Canton Island",Diptera,Platystomatidae
"Scholastes bimaculatus (Hendel, 1914)",Nukunonu,"Hickley, A.D. (1969) Ecology of terrestrial arthropods of the Tokelau atolls",Diptera,Platystomatidae
"Scholastes carolinensis (Enderlein, 1924)",Kwajalein,"Sugerman, B.B. (1972) Insects and other arthropods from Kwajalein atoll (Marshall Islands)",Diptera,Platystomatidae
"Scholastes cinctus (Guérin-Méneville, 1831)",Diego Garcia,"Barnett, L.K., & Emms, C. (1996) An annotated checklist of the Chagos archipelago terrestrial fauna (omitting birds) recorded during the 1996 'Friends of the Chagos' expedition",Diptera,Platystomatidae
"Scholastes lonchifer (Hendel, 1914)",Oeno,"Mathis, W.N. (1989) Diptera (Insecta) or true flies of the Pitcairn Group (Ducie, Henderson, Oeno, and Pitcairn Islands)",Diptera,Platystomatidae
"Scholastes lonchifer (Hendel, 1914)",Palmyra,"Handler, A.T., et al. (2007) Arthropod surveys on Palmyra Atoll, Line Islands, and insights into the decline of the native tree Pisonia grandis (Nycatginaceae)",Diptera,Platystomatidae
"Brunettia biformis (Edwards, 1928)",Jaluit,"Quate, L.W. (1959) Insects of Micronesia - Diptera: Psychodidae",Diptera,Psychodidae
"Clogmia albipunctata (Williston, 1893)",Diego Garcia,"Hutson, A.M. (1981) A preliminary list of insects of Diego Garcia Atoll, Chagos Archipelago",Diptera,Psychodidae
"Psychoda alternata (Say, 1824)",Diego Garcia,"Hutson, A.M. (1981) A preliminary list of insects of Diego Garcia Atoll, Chagos Archipelago",Diptera,Psychodidae
"Psychoda aponesos (Quate, 1959)",Ngcheangel,"Quate, L.W. (1959) Insects of Micronesia - Diptera: Psychodidae",Diptera,Psychodidae
"Psychoda quadrifilis (Edwards, 1928)",Majuro,"Quate, L.W. (1959) Insects of Micronesia - Diptera: Psychodidae",Diptera,Psychodidae
"Psychoda savaiiensis (Edwards, 1928)",Diego Garcia,"Hutson, A.M. (1981) A preliminary list of insects of Diego Garcia Atoll, Chagos Archipelago",Diptera,Psychodidae
"Psychoda williamsi (Quate, 1954)",Midway,"Suehiro, A. (1960) Insects and other arthropods from Midway atoll",Diptera,Psychodidae
"Sergentomyia clydei (Sinton, 1928)",Aldabra,"Cogan, B.H., & Hutson, A.M. (1971) Preliminary observations on the affinities and composition of the insect fauna of Aldabra",Diptera,Psychodidae
"Telmatoscopus fryeri (Eaton, 1913)",Aldabra,"Cameron, P. (1907) No. IV - Hymenoptera",Diptera,Psychodidae
"Cosmina fuscipennis (Robineau-Desvoidy, 1830)",Aldabra,"Frith, D.W. (1979) A list of insects caught in light traps on West Island, Aldabra Atoll, Indian Ocean",Diptera,Rhiniidae
"Rhinia apicalis (Wiedemann, 1830)",Aldabra,"Frith, D.W. (1979) A list of insects caught in light traps on West Island, Aldabra Atoll, Indian Ocean",Diptera,Rhiniidae
"Rhinia apicalis (Wiedemann, 1830)",South Keeling,"Wood-Jones, F. (1909) The fauna of the Cocos-Keeling Atoll, collected by F. Wood-Jones",Diptera,Rhiniidae
"Rhinia apicalis (Wiedemann, 1830)",Diego Garcia,"Hutson, A.M. (1981) A preliminary list of insects of Diego Garcia Atoll, Chagos Archipelago",Diptera,Rhiniidae
"Rhinia apicalis (Wiedemann, 1830)",Jaluit,"James, M.T. (1962) Insects of Micronesia - Diptera: Stratiomyidae; Calliphoridae",Diptera,Rhiniidae
"Rhinia apicalis (Wiedemann, 1830)",Kapingamarangi,"James, M.T. (1962) Insects of Micronesia - Diptera: Stratiomyidae; Calliphoridae",Diptera,Rhiniidae
"Rhinia apicalis (Wiedemann, 1830)",Kwajalein,"Sugerman, B.B. (1972) Insects and other arthropods from Kwajalein atoll (Marshall Islands)",Diptera,Rhiniidae
"Rhinia apicalis (Wiedemann, 1830)",Laysan,"Butler, G.D. (1961) Insects and other arthropods from Laysan Island",Diptera,Rhiniidae
"Rhinia apicalis (Wiedemann, 1830)",Likiep,"James, M.T. (1962) Insects of Micronesia - Diptera: Stratiomyidae; Calliphoridae",Diptera,Rhiniidae
"Rhinia apicalis (Wiedemann, 1830)",Majuro,"James, M.T. (1962) Insects of Micronesia - Diptera: Stratiomyidae; Calliphoridae",Diptera,Rhiniidae
"Rhinia apicalis (Wiedemann, 1830)",Midway,"Suehiro, A. (1960) Insects and other arthropods from Midway atoll",Diptera,Rhiniidae
"Rhinia apicalis (Wiedemann, 1830)",Ngcheangel,"James, M.T. (1962) Insects of Micronesia - Diptera: Stratiomyidae; Calliphoridae",Diptera,Rhiniidae
"Rhinia apicalis (Wiedemann, 1830)",Nomwin,"James, M.T. (1962) Insects of Micronesia - Diptera: Stratiomyidae; Calliphoridae",Diptera,Rhiniidae
"Rhinia apicalis (Wiedemann, 1830)",Pingelap,"James, M.T. (1962) Insects of Micronesia - Diptera: Stratiomyidae; Calliphoridae",Diptera,Rhiniidae
"Rhinia apicalis (Wiedemann, 1830)",Ulithi,"James, M.T. (1962) Insects of Micronesia - Diptera: Stratiomyidae; Calliphoridae",Diptera,Rhiniidae
"Rhinia scotti (Stein, 1910)",Aldabra,"Stein, P. (1910) No. IX - Diptera, Anthomyidae, mit den Gattungen Rhinia und Idiella",Diptera,Rhiniidae
"Argoravinia aurea (Townsend, 1918)",Kwajalein,"Pape, T. (1990) Sarcophagidae (Diptera) from Makatea Island and Kwajalein Atoll, South Pacific",Diptera,Sarcophagidae
"Argoravinia rufiventris (Wiedemann, 1830)",Kwajalein,"Pape, T. (1990) Sarcophagidae (Diptera) from Makatea Island and Kwajalein Atoll, South Pacific",Diptera,Sarcophagidae
"Goniophyto bryani (Lopes, 1938)",French Frigate Shoals,"Beardsley, J.W. (1966) Insects and other terrestrial arthropods from the Leeward Hawaiian Islands",Diptera,Sarcophagidae
"Goniophyto bryani (Lopes, 1938)",Johnston,"Binion Amerson, A., & Shelton, P.C. (1976) The natural history of Johnston atoll, Central Pacific Ocean",Diptera,Sarcophagidae
"Goniophyto bryani (Lopes, 1938)",Laysan,"Butler, G.D. (1961) Insects and other arthropods from Laysan Island",Diptera,Sarcophagidae
"Goniophyto bryani (Lopes, 1938)",Midway,"Suehiro, A. (1960) Insects and other arthropods from Midway atoll",Diptera,Sarcophagidae
"Goniophyto bryani (Lopes, 1938)",Pearl and Hermes,"Beardsley, J.W. (1966) Insects and other terrestrial arthropods from the Leeward Hawaiian Islands",Diptera,Sarcophagidae
"Helicobia morionella (Aldrich, 1930)",Midway,"Suehiro, A. (1960) Insects and other arthropods from Midway atoll",Diptera,Sarcophagidae
"Lepidodexia (Notochaeta) vittata (Lopes, 1968)",Kwajalein,"Pape, T. (1990) Sarcophagidae (Diptera) from Makatea Island and Kwajalein Atoll, South Pacific",Diptera,Sarcophagidae
"Opsidia metopioides (Allen, 1926)",Kwajalein,"Pape, T. (1990) Sarcophagidae (Diptera) from Makatea Island and Kwajalein Atoll, South Pacific",Diptera,Sarcophagidae
Parasarcophaga sp.,Palmyra,"Handler, A.T., et al. (2007) Arthropod surveys on Palmyra Atoll, Line Islands, and insights into the decline of the native tree Pisonia grandis (Nycatginaceae)",Diptera,Sarcophagidae
"Sarcophaga albiceps (Meigen, 1826)",Kavaratti,"Ghosh, A.K. (1991) Fauna of Lakshadweep",Diptera,Sarcophagidae
"Sarcophaga argyrostoma (Robineau-Desvoidy, 1830)",Johnston,"Binion Amerson, A., & Shelton, P.C. (1976) The natural history of Johnston atoll, Central Pacific Ocean",Diptera,Sarcophagidae
"Sarcophaga argyrostoma (Robineau-Desvoidy, 1830)",Kure,"Butler, G.D., & Usinger, R.L. (1963) Insects and other arthropods from Kure Island",Diptera,Sarcophagidae
"Sarcophaga argyrostoma (Robineau-Desvoidy, 1830)",Midway,"Suehiro, A. (1960) Insects and other arthropods from Midway atoll",Diptera,Sarcophagidae
"Sarcophaga argyrostoma (Robineau-Desvoidy, 1830)",Pokak,"de Souza Lopes, H. (1958) Insects of Micronesia - Diptera: Sarcophagidae",Diptera,Sarcophagidae
"Sarcophaga carnaria (L., 1758)",Clipperton,"Garrouste, R., & Hervé, C. (2009) La faune des insectes (Insecta s.l.) de l'atoll de Clipperton",Diptera,Sarcophagidae
"Sarcophaga dux (Thomson, 1869)",Abariringa,"van Zwaluwenburg, R.H. (1955) The insects and certain other arthropods of Canton Island",Diptera,Sarcophagidae
"Sarcophaga dux (Thomson, 1869)",Johnston,"Binion Amerson, A., & Shelton, P.C. (1976) The natural history of Johnston atoll, Central Pacific Ocean",Diptera,Sarcophagidae
"Sarcophaga gressitti (Hall & Bohart, 1948)",Eniwetok,"Samuelson, G.A., & Nishida, G.M. (1987) Insects and allies (arthropods) of Enewetak atoll",Diptera,Sarcophagidae
"Sarcophaga gressitti (Hall & Bohart, 1948)",Kwajalein,"Sugerman, B.B. (1972) Insects and other arthropods from Kwajalein atoll (Marshall Islands)",Diptera,Sarcophagidae
"Sarcophaga (Boettcherisca) karnyi (Hary, 1927)",Eniwetok,"de Souza Lopes, H. (1958) Insects of Micronesia - Diptera: Sarcophagidae",Diptera,Sarcophagidae
"Sarcophaga (Boettcherisca) karnyi (Hary, 1927)",Kwajalein,"Sugerman, B.B. (1979) Additions to the list of insects and other arthropods from Kwajalein atoll (Marshall Islands)",Diptera,Sarcophagidae
"Sarcophaga (Boettcherisca) karnyi (Hary, 1927)",Lukunor,"de Souza Lopes, H. (1958) Insects of Micronesia - Diptera: Sarcophagidae",Diptera,Sarcophagidae
"Sarcophaga (Boettcherisca) karnyi (Hary, 1927)",Majuro,"de Souza Lopes, H. (1958) Insects of Micronesia - Diptera: Sarcophagidae",Diptera,Sarcophagidae
"Sarcophaga (Boettcherisca) karnyi (Hary, 1927)",Ngcheangel,"de Souza Lopes, H. (1958) Insects of Micronesia - Diptera: Sarcophagidae",Diptera,Sarcophagidae
"Sarcophaga (Boettcherisca) karnyi (Hary, 1927)",Nomwin,"de Souza Lopes, H. (1958) Insects of Micronesia - Diptera: Sarcophagidae",Diptera,Sarcophagidae
"Sarcophaga (Boettcherisca) karnyi (Hary, 1927)",Pingelap,"de Souza Lopes, H. (1958) Insects of Micronesia - Diptera: Sarcophagidae",Diptera,Sarcophagidae
"Sarcophaga (Boettcherisca) karnyi (Hary, 1927)",Ujelang,"de Souza Lopes, H. (1958) Insects of Micronesia - Diptera: Sarcophagidae",Diptera,Sarcophagidae
"Sarcophaga (Boettcherisca) karnyi (Hary, 1927)",Ulithi,"de Souza Lopes, H. (1958) Insects of Micronesia - Diptera: Sarcophagidae",Diptera,Sarcophagidae
"Sarcophaga (Boettcherisca) karnyi (Hary, 1927)",Wake,"de Souza Lopes, H. (1958) Insects of Micronesia - Diptera: Sarcophagidae",Diptera,Sarcophagidae
"Sarcophaga misera (Walker, 1849)",Eniwetok,"de Souza Lopes, H. (1958) Insects of Micronesia - Diptera: Sarcophagidae",Diptera,Sarcophagidae
"Sarcophaga misera (Walker, 1849)",Kapingamarangi,"Niering, W. A. (1963) Terrestrial ecology of Kapingamarangi atoll, Caroline Islands",Diptera,Sarcophagidae
"Sarcophaga misera (Walker, 1849)",Kwajalein,"Sugerman, B.B. (1972) Insects and other arthropods from Kwajalein atoll (Marshall Islands)",Diptera,Sarcophagidae
"Sarcophaga misera (Walker, 1849)",Majuro,"de Souza Lopes, H. (1958) Insects of Micronesia - Diptera: Sarcophagidae",Diptera,Sarcophagidae
"Sarcophaga misera (Walker, 1849)",Midway,"Suehiro, A. (1960) Insects and other arthropods from Midway atoll",Diptera,Sarcophagidae
"Sarcophaga misera (Walker, 1849)",Ngcheangel,"de Souza Lopes, H. (1958) Insects of Micronesia - Diptera: Sarcophagidae",Diptera,Sarcophagidae
"Sarcophaga misera (Walker, 1849)",Nukunonu,"Hickley, A.D. (1969) Ecology of terrestrial arthropods of the Tokelau atolls",Diptera,Sarcophagidae
"Sarcophaga misera (Walker, 1849)",Onotoa,"de Souza Lopes, H. (1958) Insects of Micronesia - Diptera: Sarcophagidae",Diptera,Sarcophagidae
"Sarcophaga misera (Walker, 1849)",Palmyra,"Handler, A.T., et al. (2007) Arthropod surveys on Palmyra Atoll, Line Islands, and insights into the decline of the native tree Pisonia grandis (Nycatginaceae)",Diptera,Sarcophagidae
"Sarcophaga misera (Walker, 1849)",Rose,"Peck, R.W., et al. (2014) Arthropods of Rose atoll with special reference to ants and Pulvianaria urbicola scales (Hemiptera: Coccidae) on Pisonia grandis trees",Diptera,Sarcophagidae
"Sarcophaga misera (Walker, 1849)",Ujae,"de Souza Lopes, H. (1958) Insects of Micronesia - Diptera: Sarcophagidae",Diptera,Sarcophagidae
"Sarcophaga misera (Walker, 1849)",Ujelang,"de Souza Lopes, H. (1958) Insects of Micronesia - Diptera: Sarcophagidae",Diptera,Sarcophagidae
"Sarcophaga misera (Walker, 1849)",Ulithi,"de Souza Lopes, H. (1958) Insects of Micronesia - Diptera: Sarcophagidae",Diptera,Sarcophagidae
"Sarcophaga misera (Walker, 1849)",Wake,"de Souza Lopes, H. (1958) Insects of Micronesia - Diptera: Sarcophagidae",Diptera,Sarcophagidae
"Sarcophaga peregrina (Robineau-Desvoidy, 1830)",Diego Garcia,"Hutson, A.M. (1981) A preliminary list of insects of Diego Garcia Atoll, Chagos Archipelago",Diptera,Sarcophagidae
"Sarcophaga peregrina (Robineau-Desvoidy, 1830)",Palmyra,"Handler, A.T., et al. (2007) Arthropod surveys on Palmyra Atoll, Line Islands, and insights into the decline of the native tree Pisonia grandis (Nycatginaceae)",Diptera,Sarcophagidae
"Sarcophaga (Parasarcophaga) taenionota (Wiedemann, 1819)",Majuro,"de Souza Lopes, H. (1958) Insects of Micronesia - Diptera: Sarcophagidae",Diptera,Sarcophagidae
"Sarcophaga (Parasarcophaga) taenionota (Wiedemann, 1819)",Ngcheangel,"de Souza Lopes, H. (1958) Insects of Micronesia - Diptera: Sarcophagidae",Diptera,Sarcophagidae
"Sarcophaga tibialis (Macquart, 1851)",Diego Garcia,"Hutson, A.M. (1981) A preliminary list of insects of Diego Garcia Atoll, Chagos Archipelago",Diptera,Sarcophagidae
Sarcophaga sp.,Aldabra,"Frith, D.W. (1979) A list of insects caught in light traps on West Island, Aldabra Atoll, Indian Ocean",Diptera,Sarcophagidae
Sarcophaga sp.,South Keeling,"Wood-Jones, F. (1909) The fauna of the Cocos-Keeling Atoll, collected by F. Wood-Jones",Diptera,Sarcophagidae
"Tricharaea canuta (Wulp, 1896)",Kwajalein,"Pape, T. (1990) Sarcophagidae (Diptera) from Makatea Island and Kwajalein Atoll, South Pacific",Diptera,Sarcophagidae
"Holoplagia guamensis (Johannsen, 1946)",Diego Garcia,"Hutson, A.M. (1981) A preliminary list of insects of Diego Garcia Atoll, Chagos Archipelago",Diptera,Scatopsidae
"Holoplagia guamensis (Johannsen, 1946)",Eniwetok,"Samuelson, G.A., & Nishida, G.M. (1987) Insects and allies (arthropods) of Enewetak atoll",Diptera,Scatopsidae
"Rhexoza magnipalpus (Hardy, 1957)",Nomwin,"Hardy, D.E. (1957) Insects of Micronesia - Diptera: Bibionidae and Scatopsidae",Diptera,Scatopsidae
Scatopse sp.,Nukunonu,"Hickley, A.D. (1969) Ecology of terrestrial arthropods of the Tokelau atolls",Diptera,Scatopsidae
"Swammerdamella albimanus (Edwards, 1924)",Kapingamarangi,"Hardy, D.E. (1957) Insects of Micronesia - Diptera: Bibionidae and Scatopsidae",Diptera,Scatopsidae
"Swammerdamella albimanus (Edwards, 1924)",Majuro,"Hardy, D.E. (1957) Insects of Micronesia - Diptera: Bibionidae and Scatopsidae",Diptera,Scatopsidae
"Scenopinus longiventris (Kröber, 1913)",Aldabra,"Lamb, C.G. (1922) No. VIII - Diptera: Asilidae, Scenopinidae, Dolichopodidae, Pipunculidae, Syrphidae",Diptera,Scenopinidae
"Scenopinus lucidus (Becker, 1902)",Kure,"Butler, G.D., & Usinger, R.L. (1963) Insects and other arthropods from Kure Island",Diptera,Scenopinidae
"Bradysia bishopi (Steffan, 1973)",Ngcheangel,"Broadley, A., Kauschke, E., & Mohrig, W. (2019) Revision of the black fungus gnat species (Diptera - Sciaridae) described by W.A. Steffan from Micronesia",Diptera,Sciaridae
"Bradysia molokaiensis (Grimshaw, 1901)",Kure,"Butler, G.D., & Usinger, R.L. (1963) Insects and other arthropods from Kure Island",Diptera,Sciaridae
"Bradysia molokaiensis (Grimshaw, 1901)",Midway,"Suehiro, A. (1960) Insects and other arthropods from Midway atoll",Diptera,Sciaridae
"Bradysia ocellaris (Comstock, 1882)",Diego Garcia,"Hutson, A.M. (1981) A preliminary list of insects of Diego Garcia Atoll, Chagos Archipelago",Diptera,Sciaridae
"Bradysia ocellaris (Comstock, 1882)",Eniwetok,"Steffan, W.A. (1969) Insects of Micronesia - Diptera: Sciaridae",Diptera,Sciaridae
"Bradysia ocellaris (Comstock, 1882)",Kwajalein,"Sugerman, B.B. (1972) Insects and other arthropods from Kwajalein atoll (Marshall Islands)",Diptera,Sciaridae
"Bradysia ocellaris (Comstock, 1882)",Midway,"Suehiro, A. (1960) Insects and other arthropods from Midway atoll",Diptera,Sciaridae
"Bradysia radicum (Brunetti, 1912)",Jaluit,"Steffan, W.A. (1969) Insects of Micronesia - Diptera: Sciaridae",Diptera,Sciaridae
"Bradysia radicum (Brunetti, 1912)",Kwajalein,"Sugerman, B.B. (1972) Insects and other arthropods from Kwajalein atoll (Marshall Islands)",Diptera,Sciaridae
Bradysia sp.,Kwajalein,"Sugerman, B.B. (1972) Insects and other arthropods from Kwajalein atoll (Marshall Islands)",Diptera,Sciaridae
"Corynoptera latistylata (Hardy, 1956)",Diego Garcia,"Hutson, A.M. (1981) A preliminary list of insects of Diego Garcia Atoll, Chagos Archipelago",Diptera,Sciaridae
"Corynoptera latistylata (Hardy, 1956)",Eniwetok,"Steffan, W.A. (1969) Insects of Micronesia - Diptera: Sciaridae",Diptera,Sciaridae
"Cosmosciara (Plastosciara) hartii (Johannsen, 1912)",Eniwetok,"Steffan, W.A. (1969) Insects of Micronesia - Diptera: Sciaridae",Diptera,Sciaridae
"Cosmosciara (Plastosciara) hartii (Johannsen, 1912)",Kwajalein,"Sugerman, B.B. (1972) Insects and other arthropods from Kwajalein atoll (Marshall Islands)",Diptera,Sciaridae
"Epidapus (Zuhalia) jaluitensis (Steffan, 1969)",Jaluit,"Samuelson, G.A., & Nishida, G.M. (1987) Insects and allies (arthropods) of Enewetak atoll",Diptera,Sciaridae
"Lobosciara spinipennis (Sasakawa, 1962)",Arno,"Steffan, W.A. (1969) Insects of Micronesia - Diptera: Sciaridae",Diptera,Sciaridae
"Lobosciara spinipennis (Sasakawa, 1962)",Jaluit,"Steffan, W.A. (1969) Insects of Micronesia - Diptera: Sciaridae",Diptera,Sciaridae
"Scythropochroa trispinosa (Steffan, 1969)",Kwajalein,"Steffan, W.A. (1969) Insects of Micronesia - Diptera: Sciaridae",Diptera,Sciaridae
"Australosepsis niveipennis (Becker, 1903)",Diego Garcia,"Hutson, A.M. (1981) A preliminary list of insects of Diego Garcia Atoll, Chagos Archipelago",Diptera,Sepsidae
"Sepsis lateralis (Wiedemann, 1830)",Diego Garcia,"Hutson, A.M. (1981) A preliminary list of insects of Diego Garcia Atoll, Chagos Archipelago",Diptera,Sepsidae
Sepsis sp.,Diego Garcia,"Hutson, A.M. (1981) A preliminary list of insects of Diego Garcia Atoll, Chagos Archipelago",Diptera,Sepsidae
"Bifronsina bifrons (Stenhammar, 1855)",Diego Garcia,"Hutson, A.M. (1981) A preliminary list of insects of Diego Garcia Atoll, Chagos Archipelago",Diptera,Sphaeroceridae
"Coproica ferruginata (Stenhammar, 1854)",Diego Garcia,"Hutson, A.M. (1981) A preliminary list of insects of Diego Garcia Atoll, Chagos Archipelago",Diptera,Sphaeroceridae
"Coproica ferruginata (Stenhammar, 1854)",Laysan,"Butler, G.D. (1961) Insects and other arthropods from Laysan Island",Diptera,Sphaeroceridae
"Coproica ferruginata (Stenhammar, 1854)",Midway,"Suehiro, A. (1960) Insects and other arthropods from Midway atoll",Diptera,Sphaeroceridae
"Coproica hirtula (Rondani, 1880)",Arno,"Richards, O.W. (1963) Insects of Micronesia - Diptera: Sphaeroceridae (Borboridae)",Diptera,Sphaeroceridae
"Coproica hirtula (Rondani, 1880)",Diego Garcia,"Hutson, A.M. (1981) A preliminary list of insects of Diego Garcia Atoll, Chagos Archipelago",Diptera,Sphaeroceridae
"Coproica hirtula (Rondani, 1880)",French Frigate Shoals,"Beardsley, J.W. (1966) Insects and other terrestrial arthropods from the Leeward Hawaiian Islands",Diptera,Sphaeroceridae
"Coproica hirtula (Rondani, 1880)",Jaluit,"Richards, O.W. (1963) Insects of Micronesia - Diptera: Sphaeroceridae (Borboridae)",Diptera,Sphaeroceridae
"Coproica hirtula (Rondani, 1880)",Kapingamarangi,"Richards, O.W. (1963) Insects of Micronesia - Diptera: Sphaeroceridae (Borboridae)",Diptera,Sphaeroceridae
"Coproica hirtula (Rondani, 1880)",Kure,"Beardsley, J.W. (1966) Insects and other terrestrial arthropods from the Leeward Hawaiian Islands",Diptera,Sphaeroceridae
"Coproica hirtula (Rondani, 1880)",Majuro,"Richards, O.W. (1963) Insects of Micronesia - Diptera: Sphaeroceridae (Borboridae)",Diptera,Sphaeroceridae
"Coproica hirtula (Rondani, 1880)",Midway,"Nishida, G.M. & Beardsley, J.W. (2002) A review of the insects and related arthropods of Midway atoll",Diptera,Sphaeroceridae
"Coproica hirtula (Rondani, 1880)",Onotoa,"Richards, O.W. (1963) Insects of Micronesia - Diptera: Sphaeroceridae (Borboridae)",Diptera,Sphaeroceridae
Leptocera sp.,Kwajalein,"Sugerman, B.B. (1979) Additions to the list of insects and other arthropods from Kwajalein atoll (Marshall Islands)",Diptera,Sphaeroceridae
Leptocera sp.,Laysan,"Bryan, E.H. (1926) Insects of Hawaii, Johnston Island and Wake Island",Diptera,Sphaeroceridae
"Limosina moesta (Villeneuve, 1913)",Diego Garcia,"Hutson, A.M. (1981) A preliminary list of insects of Diego Garcia Atoll, Chagos Archipelago",Diptera,Sphaeroceridae
"Poecilosomella angulata (Thomson, 1869)",Diego Garcia,"Hutson, A.M. (1981) A preliminary list of insects of Diego Garcia Atoll, Chagos Archipelago",Diptera,Sphaeroceridae
"Poecilosomella angulata (Thomson, 1869)",Laysan,"Butler, G.D. (1961) Insects and other arthropods from Laysan Island",Diptera,Sphaeroceridae
"Poecilosomella punctipennis (Wiedemann, 1824)",Ngcheangel,"Richards, O.W. (1963) Insects of Micronesia - Diptera: Sphaeroceridae (Borboridae)",Diptera,Sphaeroceridae
"Rachispoda disciseta (Richards, 1963)",Majuro,"Richards, O.W. (1963) Insects of Micronesia - Diptera: Sphaeroceridae (Borboridae)",Diptera,Sphaeroceridae
"Rachispoda fuscipennis (Haliday, 1833)",Midway,"Nishida, G.M. & Beardsley, J.W. (2002) A review of the insects and related arthropods of Midway atoll",Diptera,Sphaeroceridae
"Rachispoda subtinctipennis (Brunetti, 1913)",Ngcheangel,"Richards, O.W. (1963) Insects of Micronesia - Diptera: Sphaeroceridae (Borboridae)",Diptera,Sphaeroceridae
"Spelobia bifrons (Stenhammar, 1854)",Majuro,"Richards, O.W. (1963) Insects of Micronesia - Diptera: Sphaeroceridae (Borboridae)",Diptera,Sphaeroceridae
"Thoracochaeta brachystoma (Spuler, 1925)",Midway,"Nishida, G.M. & Beardsley, J.W. (2002) A review of the insects and related arthropods of Midway atoll",Diptera,Sphaeroceridae
"Trachyopella nuda (Rohácek & Marshall, 1985)",Midway,"Nishida, G.M. & Beardsley, J.W. (2002) A review of the insects and related arthropods of Midway atoll",Diptera,Sphaeroceridae
"Brachycara latifrons (James, 1960)",Laysan,"Butler, G.D. (1961) Insects and other arthropods from Laysan Island",Diptera,Stratiomyidae
"Brachycara ventralis (Thomson, 1869)",Arno,"James, M.T. (1962) Insects of Micronesia - Diptera: Stratiomyidae; Calliphoridae",Diptera,Stratiomyidae
"Brachycara ventralis (Thomson, 1869)",South Keeling,"James, M.T. (1962) Insects of Micronesia - Diptera: Stratiomyidae; Calliphoridae",Diptera,Stratiomyidae
"Brachycara ventralis (Thomson, 1869)",Eniwetok,"James, M.T. (1962) Insects of Micronesia - Diptera: Stratiomyidae; Calliphoridae",Diptera,Stratiomyidae
"Brachycara ventralis (Thomson, 1869)",Jaluit,"James, M.T. (1962) Insects of Micronesia - Diptera: Stratiomyidae; Calliphoridae",Diptera,Stratiomyidae
"Brachycara ventralis (Thomson, 1869)",Majuro,"James, M.T. (1962) Insects of Micronesia - Diptera: Stratiomyidae; Calliphoridae",Diptera,Stratiomyidae
"Brachycara ventralis (Thomson, 1869)",Namoluk,"James, M.T. (1962) Insects of Micronesia - Diptera: Stratiomyidae; Calliphoridae",Diptera,Stratiomyidae
"Brachycara ventralis (Thomson, 1869)",Nomwin,"James, M.T. (1962) Insects of Micronesia - Diptera: Stratiomyidae; Calliphoridae",Diptera,Stratiomyidae
"Brachycara ventralis (Thomson, 1869)",Ujae,"James, M.T. (1962) Insects of Micronesia - Diptera: Stratiomyidae; Calliphoridae",Diptera,Stratiomyidae
"Brachycara ventralis (Thomson, 1869)",Ulithi,"James, M.T. (1962) Insects of Micronesia - Diptera: Stratiomyidae; Calliphoridae",Diptera,Stratiomyidae
"Cephalochrysa maxima (Bezzi, 1928)",Palmyra,"Handler, A.T., et al. (2007) Arthropod surveys on Palmyra Atoll, Line Islands, and insights into the decline of the native tree Pisonia grandis (Nycatginaceae)",Diptera,Stratiomyidae
"Cephalochrysa rugulosa (James, 1962)",Arno,"James, M.T. (1962) Insects of Micronesia - Diptera: Stratiomyidae; Calliphoridae",Diptera,Stratiomyidae
"Cephalochrysa rugulosa (James, 1962)",Jaluit,"James, M.T. (1962) Insects of Micronesia - Diptera: Stratiomyidae; Calliphoridae",Diptera,Stratiomyidae
"Evaza discalis (James, 1962)",Ngcheangel,"James, M.T. (1962) Insects of Micronesia - Diptera: Stratiomyidae; Calliphoridae",Diptera,Stratiomyidae
"Hermetia illucens (L., 1758)",Arno,"James, M.T. (1962) Insects of Micronesia - Diptera: Stratiomyidae; Calliphoridae",Diptera,Stratiomyidae
"Hermetia illucens (L., 1758)",Jaluit,"James, M.T. (1962) Insects of Micronesia - Diptera: Stratiomyidae; Calliphoridae",Diptera,Stratiomyidae
"Hermetia illucens (L., 1758)",Kapingamarangi,"James, M.T. (1962) Insects of Micronesia - Diptera: Stratiomyidae; Calliphoridae",Diptera,Stratiomyidae
"Hermetia illucens (L., 1758)",Kwajalein,"Sugerman, B.B. (1972) Insects and other arthropods from Kwajalein atoll (Marshall Islands)",Diptera,Stratiomyidae
"Hermetia illucens (L., 1758)",Majuro,"James, M.T. (1962) Insects of Micronesia - Diptera: Stratiomyidae; Calliphoridae",Diptera,Stratiomyidae
"Hermetia illucens (L., 1758)",Ngcheangel,"James, M.T. (1962) Insects of Micronesia - Diptera: Stratiomyidae; Calliphoridae",Diptera,Stratiomyidae
"Hermetia illucens (L., 1758)",Rongelap,"James, M.T. (1962) Insects of Micronesia - Diptera: Stratiomyidae; Calliphoridae",Diptera,Stratiomyidae
"Lophoteles plumula (Loew, 1858)",Arno,"James, M.T. (1962) Insects of Micronesia - Diptera: Stratiomyidae; Calliphoridae",Diptera,Stratiomyidae
"Lophoteles plumula (Loew, 1858)",Jaluit,"James, M.T. (1962) Insects of Micronesia - Diptera: Stratiomyidae; Calliphoridae",Diptera,Stratiomyidae
"Lophoteles plumula (Loew, 1858)",Kwajalein,"James, M.T. (1962) Insects of Micronesia - Diptera: Stratiomyidae; Calliphoridae",Diptera,Stratiomyidae
"Lophoteles plumula (Loew, 1858)",Majuro,"James, M.T. (1962) Insects of Micronesia - Diptera: Stratiomyidae; Calliphoridae",Diptera,Stratiomyidae
"Lophoteles plumula (Loew, 1858)",Nomwin,"James, M.T. (1962) Insects of Micronesia - Diptera: Stratiomyidae; Calliphoridae",Diptera,Stratiomyidae
"Lophoteles plumula (Loew, 1858)",Pingelap,"James, M.T. (1962) Insects of Micronesia - Diptera: Stratiomyidae; Calliphoridae",Diptera,Stratiomyidae
"Lophoteles plumula (Loew, 1858)",Rongelap,"James, M.T. (1962) Insects of Micronesia - Diptera: Stratiomyidae; Calliphoridae",Diptera,Stratiomyidae
"Lophoteles plumula (Loew, 1858)",Ulithi,"James, M.T. (1962) Insects of Micronesia - Diptera: Stratiomyidae; Calliphoridae",Diptera,Stratiomyidae
"Lophoteles plumula (Loew, 1858)",Wotho,"James, M.T. (1962) Insects of Micronesia - Diptera: Stratiomyidae; Calliphoridae",Diptera,Stratiomyidae
"Odontomyia aequalis (Walker, 1861)",Aldabra,"Kertész, K. (1912) No. VI - Diptera, Stratiomyiidae",Diptera,Stratiomyidae
"Austalis calliphoroides (Shiraki, 1963)",Arno,"Shiraki, T. (1963) Insects of Micronesia - Diptera: Syrphidae",Diptera,Syrphidae
"Austalis calliphoroides (Shiraki, 1963)",Jaluit,"Shiraki, T. (1963) Insects of Micronesia - Diptera: Syrphidae",Diptera,Syrphidae
"Austalis calliphoroides (Shiraki, 1963)",Ngcheangel,"Shiraki, T. (1963) Insects of Micronesia - Diptera: Syrphidae",Diptera,Syrphidae
"Austalis calliphoroides (Shiraki, 1963)",Ulithi,"Shiraki, T. (1963) Insects of Micronesia - Diptera: Syrphidae",Diptera,Syrphidae
"Eristalinus arvorum (Fabricius, 1787)",Palmyra,"Handler, A.T., et al. (2007) Arthropod surveys on Palmyra Atoll, Line Islands, and insights into the decline of the native tree Pisonia grandis (Nycatginaceae)",Diptera,Syrphidae
"Eristalinus megacephalus (Rossi, 1974)",Diego Garcia,"Barnett, L.K., & Emms, C. (1996) An annotated checklist of the Chagos archipelago terrestrial fauna (omitting birds) recorded during the 1996 'Friends of the Chagos' expedition",Diptera,Syrphidae
"Ischiodon scutellaris (Fabricius, 1805)",Abariringa,"van Zwaluwenburg, R.H. (1955) The insects and certain other arthropods of Canton Island",Diptera,Syrphidae
"Ischiodon scutellaris (Fabricius, 1805)",Eniwetok,"Shiraki, T. (1963) Insects of Micronesia - Diptera: Syrphidae",Diptera,Syrphidae
"Ischiodon scutellaris (Fabricius, 1805)",Jaluit,"Shiraki, T. (1963) Insects of Micronesia - Diptera: Syrphidae",Diptera,Syrphidae
"Ischiodon scutellaris (Fabricius, 1805)",Johnston,"Binion Amerson, A., & Shelton, P.C. (1976) The natural history of Johnston atoll, Central Pacific Ocean",Diptera,Syrphidae
"Ischiodon scutellaris (Fabricius, 1805)",Kapingamarangi,"Shiraki, T. (1963) Insects of Micronesia - Diptera: Syrphidae",Diptera,Syrphidae
"Ischiodon scutellaris (Fabricius, 1805)",Kure,"Butler, G.D., & Usinger, R.L. (1963) Insects and other arthropods from Kure Island",Diptera,Syrphidae
"Ischiodon scutellaris (Fabricius, 1805)",Kwajalein,"Sugerman, B.B. (1972) Insects and other arthropods from Kwajalein atoll (Marshall Islands)",Diptera,Syrphidae
"Ischiodon scutellaris (Fabricius, 1805)",Likiep,"Shiraki, T. (1963) Insects of Micronesia - Diptera: Syrphidae",Diptera,Syrphidae
"Ischiodon scutellaris (Fabricius, 1805)",Lukunor,"Shiraki, T. (1963) Insects of Micronesia - Diptera: Syrphidae",Diptera,Syrphidae
"Ischiodon scutellaris (Fabricius, 1805)",Majuro,"Shiraki, T. (1963) Insects of Micronesia - Diptera: Syrphidae",Diptera,Syrphidae
"Ischiodon scutellaris (Fabricius, 1805)",Nomwin,"Shiraki, T. (1963) Insects of Micronesia - Diptera: Syrphidae",Diptera,Syrphidae
"Ischiodon scutellaris (Fabricius, 1805)",Nukunonu,"Hickley, A.D. (1969) Ecology of terrestrial arthropods of the Tokelau atolls",Diptera,Syrphidae
"Ischiodon scutellaris (Fabricius, 1805)",Onotoa,"Shiraki, T. (1963) Insects of Micronesia - Diptera: Syrphidae",Diptera,Syrphidae
"Ischiodon scutellaris (Fabricius, 1805)",Palmyra,"Krauss, N.L.H. (1953) Insects and other invertebrates from Palmyra atoll and Christmas Island",Diptera,Syrphidae
"Ischiodon scutellaris (Fabricius, 1805)",Sorol,"Shiraki, T. (1963) Insects of Micronesia - Diptera: Syrphidae",Diptera,Syrphidae
"Ischiodon scutellaris (Fabricius, 1805)",Takapoto,"Rivière, F. (1979) La vie animale terrestre à Takapoto",Diptera,Syrphidae
"Ischiodon scutellaris (Fabricius, 1805)",Wake,"Shiraki, T. (1963) Insects of Micronesia - Diptera: Syrphidae",Diptera,Syrphidae
"Simosyrphus grandicornis (Macquart, 1842)",French Frigate Shoals,"Beardsley, J.W. (1966) Insects and other terrestrial arthropods from the Leeward Hawaiian Islands",Diptera,Syrphidae
"Simosyrphus grandicornis (Macquart, 1842)",Johnston,"Binion Amerson, A., & Shelton, P.C. (1976) The natural history of Johnston atoll, Central Pacific Ocean",Diptera,Syrphidae
"Simosyrphus grandicornis (Macquart, 1842)",Midway,"Suehiro, A. (1960) Insects and other arthropods from Midway atoll",Diptera,Syrphidae
"Simosyrphus grandicornis (Macquart, 1842)",Palmyra,"Handler, A.T., et al. (2007) Arthropod surveys on Palmyra Atoll, Line Islands, and insights into the decline of the native tree Pisonia grandis (Nycatginaceae)",Diptera,Syrphidae
"Simosyrphus grandicornis (Macquart, 1842)",Pearl and Hermes,"Beardsley, J.W. (1966) Insects and other terrestrial arthropods from the Leeward Hawaiian Islands",Diptera,Syrphidae
"Simosyrphus grandicornis (Macquart, 1842)",Rose,"Peck, R.W., et al. (2014) Arthropods of Rose atoll with special reference to ants and Pulvianaria urbicola scales (Hemiptera: Coccidae) on Pisonia grandis trees",Diptera,Syrphidae
"Syritta orientalis (Macquart, 1842)",Kwajalein,"Sugerman, B.B. (1972) Insects and other arthropods from Kwajalein atoll (Marshall Islands)",Diptera,Syrphidae
"Syritta orientalis (Macquart, 1842)",Ngcheangel,"Shiraki, T. (1963) Insects of Micronesia - Diptera: Syrphidae",Diptera,Syrphidae
Syritta sp.,Palmyra,"Handler, A.T., et al. (2007) Arthropod surveys on Palmyra Atoll, Line Islands, and insights into the decline of the native tree Pisonia grandis (Nycatginaceae)",Diptera,Syrphidae
Syrphus sp.,Johnston,"Binion Amerson, A., & Shelton, P.C. (1976) The natural history of Johnston atoll, Central Pacific Ocean",Diptera,Syrphidae
"Aegophagamyia remota (Austen, 1912)",Astove,"Austen, E.E. (1912) I. - New genera and species of Tabanidae in the British Museum (Natural History)",Diptera,Tabanidae
"Anthomyia amoena (Macquart, 1851)",Aldabra,"Stein, P. (1910) No. IX - Diptera, Anthomyidae, mit den Gattungen Rhinia und Idiella",Diptera,Tabanidae
Anthomyia fasciata (Walker),Aldabra,"Frith, D.W. (1979) A list of insects caught in light traps on West Island, Aldabra Atoll, Indian Ocean",Diptera,Tabanidae
Cricotopus sp.,Kwajalein,"Sugerman, B.B. (1972) Insects and other arthropods from Kwajalein atoll (Marshall Islands)",Diptera,Tachinidae
"Cylindromyia hemimelaena (Bezzi, 1923)",Aldabra,"Frith, D.W. (1979) A list of insects caught in light traps on West Island, Aldabra Atoll, Indian Ocean",Diptera,Tachinidae
Exorista sp.,Kwajalein,"Sugerman, B.B. (1972) Insects and other arthropods from Kwajalein atoll (Marshall Islands)",Diptera,Tachinidae
"Lespesia archippivora (Riley, 1871)",Kwajalein,"Sugerman, B.B. (1972) Insects and other arthropods from Kwajalein atoll (Marshall Islands)",Diptera,Tachinidae
"Leucostoma simplex (Fallén, 1820)",Laysan,"Butler, G.D., & Usinger, R.L. (1963) Insects and other invertebrates from Laysan Island",Diptera,Tachinidae
Peribaea sp.,Rose,"Peck, R.W., et al. (2014) Arthropods of Rose atoll with special reference to ants and Pulvianaria urbicola scales (Hemiptera: Coccidae) on Pisonia grandis trees",Diptera,Tachinidae
"Phasia mathisi (Sun, 2003)",Aldabra,"O'Hara, J., & Cerretti, P. (2016) Annotated catalogue of the Tachinidae (Insecta, Diptera) of the Afrotropical Region, with the description of seven new genera",Diptera,Tachinidae
"Therobia abdominalis (Wiedemann, 1830)",Diego Garcia,"Hutson, A.M. (1981) A preliminary list of insects of Diego Garcia Atoll, Chagos Archipelago",Diptera,Tachinidae
"Acinia picturata (Snow, 1894)",Midway,"Nishida, G.M. & Beardsley, J.W. (2002) A review of the insects and related arthropods of Midway atoll",Diptera,Tephritidae
"Bactrocera dorsalis (Hendel, 1912)",Midway,"Nishida, G.M. & Beardsley, J.W. (2002) A review of the insects and related arthropods of Midway atoll",Diptera,Tephritidae
"Bactrocera frauenfeldi (Schiner, 1868)",Arno,"Hardy, D.E., & Adachi, M. (1956) Insects of Micronesia - Diptera: Tephritidae",Diptera,Tephritidae
"Bactrocera frauenfeldi (Schiner, 1868)",Bikini,"Hardy, D.E., & Adachi, M. (1956) Insects of Micronesia - Diptera: Tephritidae",Diptera,Tephritidae
"Bactrocera frauenfeldi (Schiner, 1868)",Jaluit,"Hardy, D.E., & Adachi, M. (1956) Insects of Micronesia - Diptera: Tephritidae",Diptera,Tephritidae
"Bactrocera frauenfeldi (Schiner, 1868)",Kapingamarangi,"Hardy, D.E., & Adachi, M. (1956) Insects of Micronesia - Diptera: Tephritidae",Diptera,Tephritidae
"Bactrocera frauenfeldi (Schiner, 1868)",Kwajalein,"Sugerman, B.B. (1972) Insects and other arthropods from Kwajalein atoll (Marshall Islands)",Diptera,Tephritidae
"Bactrocera frauenfeldi (Schiner, 1868)",Likiep,"Hardy, D.E., & Adachi, M. (1956) Insects of Micronesia - Diptera: Tephritidae",Diptera,Tephritidae
"Bactrocera frauenfeldi (Schiner, 1868)",Losap,"Hardy, D.E., & Adachi, M. (1956) Insects of Micronesia - Diptera: Tephritidae",Diptera,Tephritidae
"Bactrocera frauenfeldi (Schiner, 1868)",Majuro,"Hardy, D.E., & Adachi, M. (1956) Insects of Micronesia - Diptera: Tephritidae",Diptera,Tephritidae
"Bactrocera frauenfeldi (Schiner, 1868)",Mokil,"Hardy, D.E., & Adachi, M. (1956) Insects of Micronesia - Diptera: Tephritidae",Diptera,Tephritidae
"Bactrocera frauenfeldi (Schiner, 1868)",Pingelap,"Hardy, D.E., & Adachi, M. (1956) Insects of Micronesia - Diptera: Tephritidae",Diptera,Tephritidae
"Bactrocera frauenfeldi (Schiner, 1868)",Satawan,"Hardy, D.E., & Adachi, M. (1956) Insects of Micronesia - Diptera: Tephritidae",Diptera,Tephritidae
"Bactrocera frauenfeldi (Schiner, 1868)",Sorol,"Hardy, D.E., & Adachi, M. (1956) Insects of Micronesia - Diptera: Tephritidae",Diptera,Tephritidae
"Bactrocera frauenfeldi (Schiner, 1868)",Wotho,"Hardy, D.E., & Adachi, M. (1956) Insects of Micronesia - Diptera: Tephritidae",Diptera,Tephritidae
"Bactrocera passiflorae (Froggatt, 1911)",Funafuti,"Pagad, S. (2019) Tuvalu baseline desktop invasive species and biodiversity study",Diptera,Tephritidae
"Bactrocera passiflorae (Froggatt, 1911)",Nukunonu,"Hickley, A.D. (1969) Ecology of terrestrial arthropods of the Tokelau atolls",Diptera,Tephritidae
"Ceratitis capitata (Wiedemann, 1824)",Aldabra,"Frith, D.W. (1979) A list of insects caught in light traps on West Island, Aldabra Atoll, Indian Ocean",Diptera,Tephritidae
"Coelotrypes vittatus (Bezzi, 1923)",Aldabra,"Frith, D.W. (1979) A list of insects caught in light traps on West Island, Aldabra Atoll, Indian Ocean",Diptera,Tephritidae
"Coelotrypes vittatus (Bezzi, 1923)",Cosmoledo,"Bayne, C.J., et al. (1970) Geography and ecology of Cosmoledo atoll",Diptera,Tephritidae
"Dioxyna sororcula (Wiedemann, 1830)",Aldabra,"Frith, D.W. (1979) A list of insects caught in light traps on West Island, Aldabra Atoll, Indian Ocean",Diptera,Tephritidae
"Dioxyna sororcula (Wiedemann, 1830)",Kwajalein,"Sugerman, B.B. (1972) Insects and other arthropods from Kwajalein atoll (Marshall Islands)",Diptera,Tephritidae
"Dioxyna sororcula (Wiedemann, 1830)",Midway,"Nishida, G.M. & Beardsley, J.W. (2002) A review of the insects and related arthropods of Midway atoll",Diptera,Tephritidae
"Psednometopum aldabrense (Lamb, 1914)",Aldabra,"Frith, D.W. (1979) A list of insects caught in light traps on West Island, Aldabra Atoll, Indian Ocean",Diptera,Tephritidae
"Ornidia obesa (Fabricius, 1775)",Diego Garcia,"Lamb, C.G. (1922) No. VIII - Diptera: Asilidae, Scenopinidae, Dolichopodidae, Pipunculidae, Syrphidae",Diptera,Tipulidae
"Ornidia obesa (Fabricius, 1775)",Palmyra,"Krauss, N.L.H. (1953) Insects and other invertebrates from Palmyra atoll and Christmas Island",Diptera,Tipulidae
"Ornidia obesa (Fabricius, 1775)",Takapoto,"Rivière, F. (1979) La vie animale terrestre à Takapoto",Diptera,Tipulidae
"Euxesta basalis (Walker, 1853)",Diego Garcia,"Hutson, A.M. (1981) A preliminary list of insects of Diego Garcia Atoll, Chagos Archipelago",Diptera,Ulidiidae
Euxesta sp.,Abariringa,"van Zwaluwenburg, R.H. (1942) The insects of Canton Island",Diptera,Ulidiidae
"Physiphora demandata (Fabricius, 1798)",Diego Garcia,"Hutson, A.M. (1981) A preliminary list of insects of Diego Garcia Atoll, Chagos Archipelago",Diptera,Ulidiidae
"Pseudeuxesta prima (Osten Sacken, 1881)",Abariringa,"van Zwaluwenburg, R.H. (1955) The insects and certain other arthropods of Canton Island",Diptera,Ulidiidae
"Pseudeuxesta prima (Osten Sacken, 1881)",Diego Garcia,"Hutson, A.M. (1981) A preliminary list of insects of Diego Garcia Atoll, Chagos Archipelago",Diptera,Ulidiidae
"Pseudeuxesta prima (Osten Sacken, 1881)",Kwajalein,"Sugerman, B.B. (1972) Insects and other arthropods from Kwajalein atoll (Marshall Islands)",Diptera,Ulidiidae
