atoll,species,population
Abaiang,Anous_stolidus,435.0
Abariringa,Anous_stolidus,4000.0
Abemama,Anous_stolidus,714.0
Addu,Anous_stolidus,1155.0
Ahe,Anous_stolidus,428.0
Ahunui,Anous_stolidus,837.0
Ailinginae,Anous_stolidus,450.0
Ailinglaplap,Anous_stolidus,502.0
Ailuk,Anous_stolidus,1236.0
Aldabra,Anous_stolidus,3500.0
Alphonse,Anous_stolidus,0.0
Amanu,Anous_stolidus,823.0
Anaa,Anous_stolidus,791.0
Analtin,Anous_stolidus,0.0
Ant,Anous_stolidus,15.0
Anuanuraro,Anous_stolidus,515.0
Anuanurunga,Anous_stolidus,443.0
Apataki,Anous_stolidus,527.0
Aranuka,Anous_stolidus,400.0
Aratika,Anous_stolidus,467.0
Ari,Anous_stolidus,0.0
Arno,Anous_stolidus,408.0
Arutua,Anous_stolidus,489.0
Astove,Anous_stolidus,0.0
Atafu,Anous_stolidus,20000.0
Aur,Anous_stolidus,546.0
Awin,Anous_stolidus,0.0
Bangaram,Anous_stolidus,0.0
Beautemps-Beaupre,Anous_stolidus,4.0
Bellona,Anous_stolidus,27000.0
Beru,Anous_stolidus,1132.0
Bikar,Anous_stolidus,1000.0
Bikini,Anous_stolidus,2760.0
Birnie,Anous_stolidus,4000.0
Bitra_Par,Anous_stolidus,0.0
Bokaak,Anous_stolidus,300.0
Bramble_Haven,Anous_stolidus,0.0
Budibudi,Anous_stolidus,0.0
Butaritari,Anous_stolidus,842.0
Byramgore,Anous_stolidus,250.0
Caroline,Anous_stolidus,3000.0
Cherbaniani,Anous_stolidus,1700.0
Chesterfield,Anous_stolidus,39486.0
Chetlat,Anous_stolidus,0.0
Clipperton,Anous_stolidus,3374.0
Cocos,Anous_stolidus,15000.0
Conflict,Anous_stolidus,0.0
Cosmoledo,Anous_stolidus,95.0
Diego_Garcia,Anous_stolidus,1392.0
Ducie,Anous_stolidus,400.0
Eauripik,Anous_stolidus,684.0
Ebon,Anous_stolidus,510.0
Egmont,Anous_stolidus,128.0
Egum,Anous_stolidus,0.0
Elato,Anous_stolidus,139.0
Enderbury,Anous_stolidus,4000.0
Eniwetok,Anous_stolidus,4600.0
Erikub,Anous_stolidus,500.0
Etal,Anous_stolidus,47.0
Europa,Anous_stolidus,0.0
Faadhippolhu,Anous_stolidus,0.0
Faaite,Anous_stolidus,50.0
Fakahina,Anous_stolidus,1147.0
Fakaofo,Anous_stolidus,484.0
Fakarava,Anous_stolidus,91.0
Fangatau,Anous_stolidus,0.0
Fangataufa,Anous_stolidus,100.0
Faraulep,Anous_stolidus,539.0
Farquhar,Anous_stolidus,38278.0
Felidhu,Anous_stolidus,0.0
French_Frigate_Shoals,Anous_stolidus,20000.0
Funafuti,Anous_stolidus,1479.0
Gaafaru,Anous_stolidus,0.0
Glorioso,Anous_stolidus,600.0
Great_Chagos_Bank,Anous_stolidus,2268.0
Haddhunmathi,Anous_stolidus,0.0
Hao,Anous_stolidus,972.0
Haraiki,Anous_stolidus,333.0
Helen,Anous_stolidus,0.0
Hereheretui,Anous_stolidus,1245.0
Hikueru,Anous_stolidus,728.0
Hiti,Anous_stolidus,188.0
Huon,Anous_stolidus,4246.0
Huvadhu,Anous_stolidus,0.0
Ifalik,Anous_stolidus,458.0
Ihavandhippolu,Anous_stolidus,0.0
Jaluit,Anous_stolidus,53.0
Jemo,Anous_stolidus,1000.0
Johnston,Anous_stolidus,35000.0
Kademat,Anous_stolidus,6600.0
Kalpeni,Anous_stolidus,0.0
Kapingamarangi,Anous_stolidus,376.0
Katiu,Anous_stolidus,445.0
Kauehi,Anous_stolidus,465.0
Kaukura,Anous_stolidus,490.0
Kavaratti,Anous_stolidus,0.0
Kilinailau,Anous_stolidus,0.0
Kiltan,Anous_stolidus,0.0
Kiritimati,Anous_stolidus,46000.0
Kolhumadulu,Anous_stolidus,0.0
Kuop,Anous_stolidus,0.0
Kure,Anous_stolidus,2000.0
Kuria,Anous_stolidus,750.0
Kwajalein,Anous_stolidus,132.0
Lae,Anous_stolidus,433.0
Lamotrek,Anous_stolidus,247.0
Laualau,Anous_stolidus,0.0
Laysan,Anous_stolidus,25000.0
Lib,Anous_stolidus,428.0
Likiep,Anous_stolidus,1014.0
Liot,Anous_stolidus,0.0
Lisianski,Anous_stolidus,20000.0
Long_Reef,Anous_stolidus,0.0
Losap,Anous_stolidus,94.0
Lukunor,Anous_stolidus,67.0
Maalhosmadulu,Anous_stolidus,0.0
Maiana,Anous_stolidus,627.0
Majuro,Anous_stolidus,404.0
Makemo,Anous_stolidus,752.0
Makunudhoo,Anous_stolidus,0.0
Malden,Anous_stolidus,1000.0
Maloelap,Anous_stolidus,728.0
Malum,Anous_stolidus,0.0
Manihi,Anous_stolidus,570.0
Manihiki,Anous_stolidus,657.0
Manra,Anous_stolidus,50.0
Manuae,Anous_stolidus,1119.0
Manuhangi,Anous_stolidus,0.0
Marakei,Anous_stolidus,596.0
Maria,Anous_stolidus,72.0
Maria_Est,Anous_stolidus,301.0
Marokau,Anous_stolidus,465.0
Marutea_Nord,Anous_stolidus,495.0
Marutea_Sud,Anous_stolidus,794.0
Mataiva,Anous_stolidus,458.0
Matureivavao,Anous_stolidus,244.0
Maupihaa,Anous_stolidus,562.0
McKean,Anous_stolidus,3260.0
Midway,Anous_stolidus,2000.0
Miladhunmadulu,Anous_stolidus,0.0
Mili,Anous_stolidus,533.0
Minicoy,Anous_stolidus,0.0
Mokil,Anous_stolidus,175.0
Morane,Anous_stolidus,900.0
Moruroa,Anous_stolidus,754.0
Motu_One,Anous_stolidus,411.0
Motutunga,Anous_stolidus,331.0
Mulaku,Anous_stolidus,0.0
Murilo,Anous_stolidus,195.0
Namoluk,Anous_stolidus,130.0
Namonuito,Anous_stolidus,649.0
Namorik,Anous_stolidus,416.0
Namu,Anous_stolidus,739.0
Nanumanga,Anous_stolidus,725.0
Nanumea,Anous_stolidus,848.0
Napuka,Anous_stolidus,1019.0
Nengonengo,Anous_stolidus,872.0
Ngcheangel,Anous_stolidus,34.0
Ngulu,Anous_stolidus,842.0
Niau,Anous_stolidus,395.0
Nihiru,Anous_stolidus,558.0
Nikumaroro,Anous_stolidus,40.0
Nikunau,Anous_stolidus,767.0
Ninigo,Anous_stolidus,342.0
Niutao,Anous_stolidus,843.0
Nomwin,Anous_stolidus,163.0
Nonouti,Anous_stolidus,969.0
North_Male,Anous_stolidus,0.0
North_Nilandhe,Anous_stolidus,0.0
Nuguria,Anous_stolidus,345.0
Nui,Anous_stolidus,794.0
Nukapu,Anous_stolidus,62.0
Nukufetau,Anous_stolidus,706.0
Nukulaelae,Anous_stolidus,830.0
Nukumanu,Anous_stolidus,558.0
Nukumbasanga,Anous_stolidus,0.0
Nukunonu,Anous_stolidus,20000.0
Nukuoro,Anous_stolidus,286.0
Nukutepipi,Anous_stolidus,460.0
Numa_Miombilou,Anous_stolidus,300.0
Nupani,Anous_stolidus,300.0
Oeno,Anous_stolidus,1600.0
Olimarao,Anous_stolidus,244.0
Onotoa,Anous_stolidus,1005.0
Ontong_Java,Anous_stolidus,530.0
Oroluk,Anous_stolidus,251.0
Orona,Anous_stolidus,20.0
Pakin,Anous_stolidus,26.0
Palmerston,Anous_stolidus,1740.0
Palmyra,Anous_stolidus,564.0
Paraoa,Anous_stolidus,617.0
Pearl_and_Hermes,Anous_stolidus,4000.0
Peremul_Par,Anous_stolidus,0.0
Peros_Banhos,Anous_stolidus,1582.0
Pinaki,Anous_stolidus,589.0
Pingelap,Anous_stolidus,167.0
Pinipel,Anous_stolidus,0.0
Pukapuka,Anous_stolidus,574.0
Puka-Puka,Anous_stolidus,0.0
Pukarua,Anous_stolidus,798.0
Pulap,Anous_stolidus,214.0
Pulusuk,Anous_stolidus,226.0
Puluwat,Anous_stolidus,176.0
Qelelevu,Anous_stolidus,228.0
Rakahanga,Anous_stolidus,498.0
Rangiroa,Anous_stolidus,316.0
Raraka,Anous_stolidus,2000.0
Raroia,Anous_stolidus,706.0
Rasdhoo,Anous_stolidus,0.0
Ravahere,Anous_stolidus,316.0
Rawaki,Anous_stolidus,8000.0
Reao,Anous_stolidus,815.0
Redlick,Anous_stolidus,0.0
Reitoru,Anous_stolidus,660.0
Rekareka,Anous_stolidus,560.0
Rongelap,Anous_stolidus,591.0
Rongerik,Anous_stolidus,500.0
Rose,Anous_stolidus,56.0
Rowa,Anous_stolidus,0.0
Saloman,Anous_stolidus,502.0
Sama,Anous_stolidus,0.0
Samasuma,Anous_stolidus,0.0
Sapwuahfik,Anous_stolidus,126.0
Satawan,Anous_stolidus,86.0
Scilly,Anous_stolidus,36.0
Sorol,Anous_stolidus,300.0
South_Maalhosmadulu,Anous_stolidus,0.0
South_Nilandhe,Anous_stolidus,0.0
St_Francois,Anous_stolidus,0.0
St_Joseph,Anous_stolidus,512.0
Starbuck,Anous_stolidus,0.0
Suheli_Par,Anous_stolidus,150.0
Surprise,Anous_stolidus,737.0
Suwarrow,Anous_stolidus,544.0
Swains,Anous_stolidus,474.0
Tabiteuea,Anous_stolidus,1319.0
Tabuaeran,Anous_stolidus,2000.0
Taenga,Anous_stolidus,663.0
Tahanea,Anous_stolidus,860.0
Taiaro,Anous_stolidus,389.0
Taka,Anous_stolidus,780.0
Takapoto,Anous_stolidus,359.0
Takaroa,Anous_stolidus,588.0
Takume,Anous_stolidus,0.0
Takuu,Anous_stolidus,100.0
Tarawa,Anous_stolidus,328.0
Tatakoto,Anous_stolidus,1630.0
Tauere,Anous_stolidus,774.0
Tekokota,Anous_stolidus,1068.0
Temitangi,Anous_stolidus,1866.0
Temoe,Anous_stolidus,200.0
Tenararo,Anous_stolidus,100.0
Tenaruga,Anous_stolidus,206.0
Tepoto,Anous_stolidus,180.0
Teraina,Anous_stolidus,2558.0
Tetiaroa,Anous_stolidus,21104.0
Thiladhunmathi,Anous_stolidus,0.0
Tikehau,Anous_stolidus,278.0
Toau,Anous_stolidus,300.0
Tongareva,Anous_stolidus,1900.0
Tuanake,Anous_stolidus,234.0
Tubbataha,Anous_stolidus,1702.0
Tupai,Anous_stolidus,125.0
Tureia,Anous_stolidus,845.0
Ujae,Anous_stolidus,542.0
Ujelang,Anous_stolidus,577.0
Ulithi,Anous_stolidus,249.0
Utirik,Anous_stolidus,0.0
Vahanga,Anous_stolidus,20.0
Vahitahi,Anous_stolidus,980.0
Vairaatea,Anous_stolidus,972.0
Vaitupu,Anous_stolidus,485.0
Vanavana,Anous_stolidus,568.0
Vattaru,Anous_stolidus,0.0
Wailagilala,Anous_stolidus,400.0
Wake,Anous_stolidus,1000.0
West_Fayu,Anous_stolidus,346.0
Woleai,Anous_stolidus,645.0
Wotho,Anous_stolidus,690.0
Wotje,Anous_stolidus,724.0
Abaiang,Anous_minutus,4420.0
Abariringa,Anous_minutus,100.0
Abemama,Anous_minutus,3040.0
Addu,Anous_minutus,0.0
Ahe,Anous_minutus,593.0
Ahunui,Anous_minutus,288.0
Ailinginae,Anous_minutus,95.0
Ailinglaplap,Anous_minutus,2771.0
Ailuk,Anous_minutus,1991.0
Aldabra,Anous_minutus,0.0
Alphonse,Anous_minutus,0.0
Amanu,Anous_minutus,336.0
Anaa,Anous_minutus,0.0
Analtin,Anous_minutus,0.0
Ant,Anous_minutus,15000.0
Anuanuraro,Anous_minutus,208.0
Anuanurunga,Anous_minutus,166.0
Apataki,Anous_minutus,1147.0
Aranuka,Anous_minutus,2263.0
Aratika,Anous_minutus,680.0
Ari,Anous_minutus,0.0
Arno,Anous_minutus,2574.0
Arutua,Anous_minutus,1129.0
Astove,Anous_minutus,0.0
Atafu,Anous_minutus,30000.0
Aur,Anous_minutus,2349.0
Awin,Anous_minutus,0.0
Bangaram,Anous_minutus,0.0
Beautemps-Beaupre,Anous_minutus,3770.0
Bellona,Anous_minutus,4800.0
Beru,Anous_minutus,1945.0
Bikar,Anous_minutus,400.0
Bikini,Anous_minutus,6000.0
Birnie,Anous_minutus,0.0
Bitra_Par,Anous_minutus,0.0
Bokaak,Anous_minutus,125.0
Bramble_Haven,Anous_minutus,0.0
Budibudi,Anous_minutus,0.0
Butaritari,Anous_minutus,4100.0
Byramgore,Anous_minutus,0.0
Caroline,Anous_minutus,17000.0
Cherbaniani,Anous_minutus,0.0
Chesterfield,Anous_minutus,129228.0
Chetlat,Anous_minutus,0.0
Clipperton,Anous_minutus,1374.0
Cocos,Anous_minutus,0.0
Conflict,Anous_minutus,0.0
Cosmoledo,Anous_minutus,0.0
Diego_Garcia,Anous_minutus,0.0
Ducie,Anous_minutus,0.0
Eauripik,Anous_minutus,2252.0
Ebon,Anous_minutus,2133.0
Egmont,Anous_minutus,0.0
Egum,Anous_minutus,4781.0
Elato,Anous_minutus,0.0
Enderbury,Anous_minutus,10000.0
Eniwetok,Anous_minutus,3400.0
Erikub,Anous_minutus,1130.0
Etal,Anous_minutus,408.0
Europa,Anous_minutus,0.0
Faadhippolhu,Anous_minutus,0.0
Faaite,Anous_minutus,1250.0
Fakahina,Anous_minutus,267.0
Fakaofo,Anous_minutus,608.0
Fakarava,Anous_minutus,141.0
Fangatau,Anous_minutus,316.0
Fangataufa,Anous_minutus,70.0
Faraulep,Anous_minutus,1656.0
Farquhar,Anous_minutus,0.0
Felidhu,Anous_minutus,0.0
French_Frigate_Shoals,Anous_minutus,4000.0
Funafuti,Anous_minutus,2000.0
Gaafaru,Anous_minutus,0.0
Glorioso,Anous_minutus,0.0
Great_Chagos_Bank,Anous_minutus,0.0
Haddhunmathi,Anous_minutus,0.0
Hao,Anous_minutus,415.0
Haraiki,Anous_minutus,100.0
Helen,Anous_minutus,3500.0
Hereheretui,Anous_minutus,587.0
Hikueru,Anous_minutus,462.0
Hiti,Anous_minutus,0.0
Huon,Anous_minutus,0.0
Huvadhu,Anous_minutus,0.0
Ifalik,Anous_minutus,2064.0
Ihavandhippolu,Anous_minutus,0.0
Jaluit,Anous_minutus,1000.0
Jemo,Anous_minutus,2000.0
Johnston,Anous_minutus,600.0
Kademat,Anous_minutus,0.0
Kalpeni,Anous_minutus,0.0
Kapingamarangi,Anous_minutus,1655.0
Katiu,Anous_minutus,0.0
Kauehi,Anous_minutus,641.0
Kaukura,Anous_minutus,992.0
Kavaratti,Anous_minutus,0.0
Kilinailau,Anous_minutus,0.0
Kiltan,Anous_minutus,0.0
Kiritimati,Anous_minutus,200000.0
Kolhumadulu,Anous_minutus,0.0
Kuop,Anous_minutus,0.0
Kure,Anous_minutus,100.0
Kuria,Anous_minutus,1200.0
Kwajalein,Anous_minutus,2678.0
Lae,Anous_minutus,1333.0
Lamotrek,Anous_minutus,1310.0
Laualau,Anous_minutus,0.0
Laysan,Anous_minutus,4000.0
Lib,Anous_minutus,1318.0
Likiep,Anous_minutus,0.0
Liot,Anous_minutus,0.0
Lisianski,Anous_minutus,1500.0
Long_Reef,Anous_minutus,0.0
Losap,Anous_minutus,1002.0
Lukunor,Anous_minutus,605.0
Maalhosmadulu,Anous_minutus,0.0
Maiana,Anous_minutus,4244.0
Majuro,Anous_minutus,2501.0
Makemo,Anous_minutus,0.0
Makunudhoo,Anous_minutus,0.0
Malden,Anous_minutus,200.0
Maloelap,Anous_minutus,2527.0
Malum,Anous_minutus,0.0
Manihi,Anous_minutus,822.0
Manihiki,Anous_minutus,412.0
Manra,Anous_minutus,1000.0
Manuae,Anous_minutus,746.0
Manuhangi,Anous_minutus,0.0
Marakei,Anous_minutus,2914.0
Maria,Anous_minutus,31.0
Maria_Est,Anous_minutus,117.0
Marokau,Anous_minutus,0.0
Marutea_Nord,Anous_minutus,467.0
Marutea_Sud,Anous_minutus,410.0
Mataiva,Anous_minutus,825.0
Matureivavao,Anous_minutus,132.0
Maupihaa,Anous_minutus,6.0
McKean,Anous_minutus,12.0
Midway,Anous_minutus,8000.0
Miladhunmadulu,Anous_minutus,0.0
Mili,Anous_minutus,2892.0
Minicoy,Anous_minutus,0.0
Mokil,Anous_minutus,922.0
Morane,Anous_minutus,26.0
Moruroa,Anous_minutus,309.0
Motu_One,Anous_minutus,0.0
Motutunga,Anous_minutus,0.0
Mulaku,Anous_minutus,0.0
Murilo,Anous_minutus,2312.0
Namoluk,Anous_minutus,953.0
Namonuito,Anous_minutus,5512.0
Namorik,Anous_minutus,2066.0
Namu,Anous_minutus,3680.0
Nanumanga,Anous_minutus,0.0
Nanumea,Anous_minutus,0.0
Napuka,Anous_minutus,0.0
Nengonengo,Anous_minutus,358.0
Ngcheangel,Anous_minutus,0.0
Ngulu,Anous_minutus,6662.0
Niau,Anous_minutus,633.0
Nihiru,Anous_minutus,476.0
Nikumaroro,Anous_minutus,1000.0
Nikunau,Anous_minutus,1203.0
Ninigo,Anous_minutus,6163.0
Niutao,Anous_minutus,945.0
Nomwin,Anous_minutus,0.0
Nonouti,Anous_minutus,3258.0
North_Male,Anous_minutus,0.0
North_Nilandhe,Anous_minutus,0.0
Nuguria,Anous_minutus,5462.0
Nui,Anous_minutus,0.0
Nukapu,Anous_minutus,927.0
Nukufetau,Anous_minutus,0.0
Nukulaelae,Anous_minutus,1366.0
Nukumanu,Anous_minutus,5719.0
Nukumbasanga,Anous_minutus,0.0
Nukunonu,Anous_minutus,10000.0
Nukuoro,Anous_minutus,1370.0
Nukutepipi,Anous_minutus,165.0
Numa_Miombilou,Anous_minutus,500.0
Nupani,Anous_minutus,500.0
Oeno,Anous_minutus,200.0
Olimarao,Anous_minutus,1208.0
Onotoa,Anous_minutus,2145.0
Ontong_Java,Anous_minutus,9562.0
Oroluk,Anous_minutus,1472.0
Orona,Anous_minutus,4000.0
Pakin,Anous_minutus,676.0
Palmerston,Anous_minutus,0.0
Palmyra,Anous_minutus,6498.0
Paraoa,Anous_minutus,194.0
Pearl_and_Hermes,Anous_minutus,200.0
Peremul_Par,Anous_minutus,0.0
Peros_Banhos,Anous_minutus,0.0
Pinaki,Anous_minutus,160.0
Pingelap,Anous_minutus,952.0
Pinipel,Anous_minutus,0.0
Pukapuka,Anous_minutus,384.0
Puka-Puka,Anous_minutus,0.0
Pukarua,Anous_minutus,209.0
Pulap,Anous_minutus,1768.0
Pulusuk,Anous_minutus,1475.0
Puluwat,Anous_minutus,0.0
Qelelevu,Anous_minutus,186334.0
Rakahanga,Anous_minutus,332.0
Rangiroa,Anous_minutus,891.0
Raraka,Anous_minutus,2000.0
Raroia,Anous_minutus,502.0
Rasdhoo,Anous_minutus,0.0
Ravahere,Anous_minutus,0.0
Rawaki,Anous_minutus,0.0
Reao,Anous_minutus,220.0
Redlick,Anous_minutus,0.0
Reitoru,Anous_minutus,342.0
Rekareka,Anous_minutus,213.0
Rongelap,Anous_minutus,1764.0
Rongerik,Anous_minutus,1110.0
Rose,Anous_minutus,1232.0
Rowa,Anous_minutus,0.0
Saloman,Anous_minutus,0.0
Sama,Anous_minutus,0.0
Samasuma,Anous_minutus,0.0
Sapwuahfik,Anous_minutus,1036.0
Satawan,Anous_minutus,829.0
Scilly,Anous_minutus,176.0
Sorol,Anous_minutus,600.0
South_Maalhosmadulu,Anous_minutus,0.0
South_Nilandhe,Anous_minutus,0.0
St_Francois,Anous_minutus,0.0
St_Joseph,Anous_minutus,0.0
Starbuck,Anous_minutus,0.0
Suheli_Par,Anous_minutus,0.0
Surprise,Anous_minutus,6200.0
Suwarrow,Anous_minutus,140.0
Swains,Anous_minutus,7092.0
Tabiteuea,Anous_minutus,3395.0
Tabuaeran,Anous_minutus,2000.0
Taenga,Anous_minutus,0.0
Tahanea,Anous_minutus,540.0
Taiaro,Anous_minutus,379.0
Taka,Anous_minutus,1040.0
Takapoto,Anous_minutus,528.0
Takaroa,Anous_minutus,0.0
Takume,Anous_minutus,274.0
Takuu,Anous_minutus,1000.0
Tarawa,Anous_minutus,4525.0
Tatakoto,Anous_minutus,355.0
Tauere,Anous_minutus,279.0
Tekokota,Anous_minutus,11.0
Temitangi,Anous_minutus,0.0
Temoe,Anous_minutus,22.0
Tenararo,Anous_minutus,100.0
Tenaruga,Anous_minutus,0.0
Tepoto,Anous_minutus,0.0
Teraina,Anous_minutus,1510.0
Tetiaroa,Anous_minutus,414.0
Thiladhunmathi,Anous_minutus,0.0
Tikehau,Anous_minutus,823.0
Toau,Anous_minutus,1300.0
Tongareva,Anous_minutus,1376.0
Tuanake,Anous_minutus,0.0
Tubbataha,Anous_minutus,2876.0
Tupai,Anous_minutus,0.0
Tureia,Anous_minutus,0.0
Ujae,Anous_minutus,1890.0
Ujelang,Anous_minutus,1411.0
Ulithi,Anous_minutus,4483.0
Utirik,Anous_minutus,0.0
Vahanga,Anous_minutus,10.0
Vahitahi,Anous_minutus,292.0
Vairaatea,Anous_minutus,325.0
Vaitupu,Anous_minutus,639.0
Vanavana,Anous_minutus,0.0
Vattaru,Anous_minutus,0.0
Wailagilala,Anous_minutus,2615.0
Wake,Anous_minutus,2000.0
West_Fayu,Anous_minutus,1599.0
Woleai,Anous_minutus,3166.0
Wotho,Anous_minutus,1805.0
Wotje,Anous_minutus,1734.0
Abaiang,Gygis_alba,293.0
Abariringa,Gygis_alba,20.0
Abemama,Gygis_alba,457.0
Addu,Gygis_alba,554.0
Ahe,Gygis_alba,0.0
Ahunui,Gygis_alba,260.0
Ailinginae,Gygis_alba,350.0
Ailinglaplap,Gygis_alba,615.0
Ailuk,Gygis_alba,970.0
Aldabra,Gygis_alba,750.0
Alphonse,Gygis_alba,0.0
Amanu,Gygis_alba,1358.0
Anaa,Gygis_alba,688.0
Analtin,Gygis_alba,0.0
Ant,Gygis_alba,104.0
Anuanuraro,Gygis_alba,351.0
Anuanurunga,Gygis_alba,296.0
Apataki,Gygis_alba,408.0
Aranuka,Gygis_alba,345.0
Aratika,Gygis_alba,440.0
Ari,Gygis_alba,0.0
Arno,Gygis_alba,462.0
Arutua,Gygis_alba,0.0
Astove,Gygis_alba,0.0
Atafu,Gygis_alba,10000.0
Aur,Gygis_alba,484.0
Awin,Gygis_alba,0.0
Bangaram,Gygis_alba,0.0
Beautemps-Beaupre,Gygis_alba,38.0
Bellona,Gygis_alba,0.0
Beru,Gygis_alba,648.0
Bikar,Gygis_alba,700.0
Bikini,Gygis_alba,2604.0
Birnie,Gygis_alba,27.0
Bitra_Par,Gygis_alba,0.0
Bokaak,Gygis_alba,600.0
Bramble_Haven,Gygis_alba,0.0
Budibudi,Gygis_alba,0.0
Butaritari,Gygis_alba,200.0
Byramgore,Gygis_alba,0.0
Caroline,Gygis_alba,7914.0
Cherbaniani,Gygis_alba,0.0
Chesterfield,Gygis_alba,0.0
Chetlat,Gygis_alba,0.0
Clipperton,Gygis_alba,10.0
Cocos,Gygis_alba,2000.0
Conflict,Gygis_alba,0.0
Cosmoledo,Gygis_alba,15.0
Diego_Garcia,Gygis_alba,450.0
Ducie,Gygis_alba,10000.0
Eauripik,Gygis_alba,109.0
Ebon,Gygis_alba,523.0
Egmont,Gygis_alba,94.0
Egum,Gygis_alba,0.0
Elato,Gygis_alba,0.0
Enderbury,Gygis_alba,100.0
Eniwetok,Gygis_alba,1400.0
Erikub,Gygis_alba,4130.0
Etal,Gygis_alba,0.0
Europa,Gygis_alba,0.0
Faadhippolhu,Gygis_alba,0.0
Faaite,Gygis_alba,10.0
Fakahina,Gygis_alba,1050.0
Fakaofo,Gygis_alba,475.0
Fakarava,Gygis_alba,289.0
Fangatau,Gygis_alba,0.0
Fangataufa,Gygis_alba,200.0
Faraulep,Gygis_alba,210.0
Farquhar,Gygis_alba,200.0
Felidhu,Gygis_alba,0.0
French_Frigate_Shoals,Gygis_alba,100.0
Funafuti,Gygis_alba,664.0
Gaafaru,Gygis_alba,0.0
Glorioso,Gygis_alba,0.0
Great_Chagos_Bank,Gygis_alba,450.0
Haddhunmathi,Gygis_alba,0.0
Hao,Gygis_alba,1741.0
Haraiki,Gygis_alba,100.0
Helen,Gygis_alba,35.0
Hereheretui,Gygis_alba,573.0
Hikueru,Gygis_alba,593.0
Hiti,Gygis_alba,183.0
Huon,Gygis_alba,0.0
Huvadhu,Gygis_alba,0.0
Ifalik,Gygis_alba,155.0
Ihavandhippolu,Gygis_alba,0.0
Jaluit,Gygis_alba,1020.0
Jemo,Gygis_alba,600.0
Johnston,Gygis_alba,900.0
Kademat,Gygis_alba,0.0
Kalpeni,Gygis_alba,0.0
Kapingamarangi,Gygis_alba,571.0
Katiu,Gygis_alba,449.0
Kauehi,Gygis_alba,512.0
Kaukura,Gygis_alba,381.0
Kavaratti,Gygis_alba,0.0
Kilinailau,Gygis_alba,0.0
Kiltan,Gygis_alba,0.0
Kiritimati,Gygis_alba,2500.0
Kolhumadulu,Gygis_alba,0.0
Kuop,Gygis_alba,0.0
Kure,Gygis_alba,300.0
Kuria,Gygis_alba,500.0
Kwajalein,Gygis_alba,160.0
Lae,Gygis_alba,405.0
Lamotrek,Gygis_alba,0.0
Laualau,Gygis_alba,0.0
Laysan,Gygis_alba,2000.0
Lib,Gygis_alba,180.0
Likiep,Gygis_alba,901.0
Liot,Gygis_alba,0.0
Lisianski,Gygis_alba,150.0
Long_Reef,Gygis_alba,0.0
Losap,Gygis_alba,0.0
Lukunor,Gygis_alba,189.0
Maalhosmadulu,Gygis_alba,0.0
Maiana,Gygis_alba,320.0
Majuro,Gygis_alba,425.0
Makemo,Gygis_alba,901.0
Makunudhoo,Gygis_alba,0.0
Malden,Gygis_alba,0.0
Maloelap,Gygis_alba,664.0
Malum,Gygis_alba,0.0
Manihi,Gygis_alba,502.0
Manihiki,Gygis_alba,667.0
Manra,Gygis_alba,200.0
Manuae,Gygis_alba,285.0
Manuhangi,Gygis_alba,193.0
Marakei,Gygis_alba,253.0
Maria,Gygis_alba,265.0
Maria_Est,Gygis_alba,639.0
Marokau,Gygis_alba,656.0
Marutea_Nord,Gygis_alba,387.0
Marutea_Sud,Gygis_alba,1153.0
Mataiva,Gygis_alba,339.0
Matureivavao,Gygis_alba,448.0
Maupihaa,Gygis_alba,138.0
McKean,Gygis_alba,200.0
Midway,Gygis_alba,15000.0
Miladhunmadulu,Gygis_alba,0.0
Mili,Gygis_alba,609.0
Minicoy,Gygis_alba,0.0
Mokil,Gygis_alba,204.0
Morane,Gygis_alba,1260.0
Moruroa,Gygis_alba,951.0
Motu_One,Gygis_alba,229.0
Motutunga,Gygis_alba,213.0
Mulaku,Gygis_alba,0.0
Murilo,Gygis_alba,0.0
Namoluk,Gygis_alba,178.0
Namonuito,Gygis_alba,310.0
Namorik,Gygis_alba,219.0
Namu,Gygis_alba,519.0
Nanumanga,Gygis_alba,182.0
Nanumea,Gygis_alba,227.0
Napuka,Gygis_alba,1202.0
Nengonengo,Gygis_alba,897.0
Ngcheangel,Gygis_alba,29.0
Ngulu,Gygis_alba,0.0
Niau,Gygis_alba,215.0
Nihiru,Gygis_alba,549.0
Nikumaroro,Gygis_alba,400.0
Nikunau,Gygis_alba,597.0
Ninigo,Gygis_alba,120.0
Niutao,Gygis_alba,180.0
Nomwin,Gygis_alba,0.0
Nonouti,Gygis_alba,706.0
North_Male,Gygis_alba,0.0
North_Nilandhe,Gygis_alba,0.0
Nuguria,Gygis_alba,52.0
Nui,Gygis_alba,392.0
Nukapu,Gygis_alba,33.0
Nukufetau,Gygis_alba,342.0
Nukulaelae,Gygis_alba,253.0
Nukumanu,Gygis_alba,133.0
Nukumbasanga,Gygis_alba,0.0
Nukunonu,Gygis_alba,10000.0
Nukuoro,Gygis_alba,0.0
Nukutepipi,Gygis_alba,334.0
Numa_Miombilou,Gygis_alba,15.0
Nupani,Gygis_alba,7.0
Oeno,Gygis_alba,2000.0
Olimarao,Gygis_alba,82.0
Onotoa,Gygis_alba,715.0
Ontong_Java,Gygis_alba,164.0
Oroluk,Gygis_alba,127.0
Orona,Gygis_alba,600.0
Pakin,Gygis_alba,114.0
Palmerston,Gygis_alba,507.0
Palmyra,Gygis_alba,508.0
Paraoa,Gygis_alba,494.0
Pearl_and_Hermes,Gygis_alba,30.0
Peremul_Par,Gygis_alba,0.0
Peros_Banhos,Gygis_alba,616.0
Pinaki,Gygis_alba,386.0
Pingelap,Gygis_alba,209.0
Pinipel,Gygis_alba,0.0
Pukapuka,Gygis_alba,482.0
Puka-Puka,Gygis_alba,1135.0
Pukarua,Gygis_alba,1558.0
Pulap,Gygis_alba,0.0
Pulusuk,Gygis_alba,131.0
Puluwat,Gygis_alba,170.0
Qelelevu,Gygis_alba,3480.0
Rakahanga,Gygis_alba,458.0
Rangiroa,Gygis_alba,626.0
Raraka,Gygis_alba,1500.0
Raroia,Gygis_alba,1172.0
Rasdhoo,Gygis_alba,0.0
Ravahere,Gygis_alba,418.0
Rawaki,Gygis_alba,40.0
Reao,Gygis_alba,2055.0
Redlick,Gygis_alba,0.0
Reitoru,Gygis_alba,1184.0
Rekareka,Gygis_alba,432.0
Rongelap,Gygis_alba,944.0
Rongerik,Gygis_alba,2000.0
Rose,Gygis_alba,10.0
Rowa,Gygis_alba,0.0
Saloman,Gygis_alba,246.0
Sama,Gygis_alba,0.0
Samasuma,Gygis_alba,0.0
Sapwuahfik,Gygis_alba,265.0
Satawan,Gygis_alba,240.0
Scilly,Gygis_alba,303.0
Sorol,Gygis_alba,36.0
South_Maalhosmadulu,Gygis_alba,0.0
South_Nilandhe,Gygis_alba,0.0
St_Francois,Gygis_alba,0.0
St_Joseph,Gygis_alba,150.0
Starbuck,Gygis_alba,0.0
Suheli_Par,Gygis_alba,0.0
Surprise,Gygis_alba,0.0
Suwarrow,Gygis_alba,0.0
Swains,Gygis_alba,4413.0
Tabiteuea,Gygis_alba,1135.0
Tabuaeran,Gygis_alba,2000.0
Taenga,Gygis_alba,671.0
Tahanea,Gygis_alba,560.0
Taiaro,Gygis_alba,430.0
Taka,Gygis_alba,750.0
Takapoto,Gygis_alba,372.0
Takaroa,Gygis_alba,0.0
Takume,Gygis_alba,681.0
Takuu,Gygis_alba,50.0
Tarawa,Gygis_alba,257.0
Tatakoto,Gygis_alba,0.0
Tauere,Gygis_alba,627.0
Tekokota,Gygis_alba,505.0
Temitangi,Gygis_alba,1183.0
Temoe,Gygis_alba,500.0
Tenararo,Gygis_alba,100.0
Tenaruga,Gygis_alba,0.0
Tepoto,Gygis_alba,104.0
Teraina,Gygis_alba,2000.0
Tetiaroa,Gygis_alba,298.0
Thiladhunmathi,Gygis_alba,0.0
Tikehau,Gygis_alba,372.0
Toau,Gygis_alba,300.0
Tongareva,Gygis_alba,881.0
Tuanake,Gygis_alba,273.0
Tubbataha,Gygis_alba,0.0
Tupai,Gygis_alba,193.0
Tureia,Gygis_alba,1105.0
Ujae,Gygis_alba,391.0
Ujelang,Gygis_alba,620.0
Ulithi,Gygis_alba,119.0
Utirik,Gygis_alba,483.0
Vahanga,Gygis_alba,100.0
Vahitahi,Gygis_alba,873.0
Vairaatea,Gygis_alba,644.0
Vaitupu,Gygis_alba,295.0
Vanavana,Gygis_alba,607.0
Vattaru,Gygis_alba,0.0
Wailagilala,Gygis_alba,52.0
Wake,Gygis_alba,400.0
West_Fayu,Gygis_alba,102.0
Woleai,Gygis_alba,248.0
Wotho,Gygis_alba,571.0
Wotje,Gygis_alba,602.0
Abaiang,Anous_ceruleus,0.0
Abariringa,Anous_ceruleus,5.0
Abemama,Anous_ceruleus,0.0
Addu,Anous_ceruleus,0.0
Ahe,Anous_ceruleus,0.0
Ahunui,Anous_ceruleus,0.0
Ailinginae,Anous_ceruleus,0.0
Ailinglaplap,Anous_ceruleus,0.0
Ailuk,Anous_ceruleus,0.0
Aldabra,Anous_ceruleus,0.0
Alphonse,Anous_ceruleus,0.0
Amanu,Anous_ceruleus,0.0
Anaa,Anous_ceruleus,0.0
Analtin,Anous_ceruleus,0.0
Ant,Anous_ceruleus,0.0
Anuanuraro,Anous_ceruleus,0.0
Anuanurunga,Anous_ceruleus,0.0
Apataki,Anous_ceruleus,20.0
Aranuka,Anous_ceruleus,0.0
Aratika,Anous_ceruleus,20.0
Ari,Anous_ceruleus,0.0
Arno,Anous_ceruleus,0.0
Arutua,Anous_ceruleus,0.0
Astove,Anous_ceruleus,0.0
Atafu,Anous_ceruleus,0.0
Aur,Anous_ceruleus,0.0
Awin,Anous_ceruleus,0.0
Bangaram,Anous_ceruleus,0.0
Beautemps-Beaupre,Anous_ceruleus,0.0
Bellona,Anous_ceruleus,0.0
Beru,Anous_ceruleus,0.0
Bikar,Anous_ceruleus,20.0
Bikini,Anous_ceruleus,0.0
Birnie,Anous_ceruleus,0.0
Bitra_Par,Anous_ceruleus,0.0
Bokaak,Anous_ceruleus,10.0
Bramble_Haven,Anous_ceruleus,0.0
Budibudi,Anous_ceruleus,0.0
Butaritari,Anous_ceruleus,0.0
Byramgore,Anous_ceruleus,0.0
Caroline,Anous_ceruleus,9.0
Cherbaniani,Anous_ceruleus,0.0
Chesterfield,Anous_ceruleus,0.0
Chetlat,Anous_ceruleus,0.0
Clipperton,Anous_ceruleus,0.0
Cocos,Anous_ceruleus,0.0
Conflict,Anous_ceruleus,0.0
Cosmoledo,Anous_ceruleus,0.0
Diego_Garcia,Anous_ceruleus,0.0
Ducie,Anous_ceruleus,30.0
Eauripik,Anous_ceruleus,0.0
Ebon,Anous_ceruleus,0.0
Egmont,Anous_ceruleus,0.0
Egum,Anous_ceruleus,0.0
Elato,Anous_ceruleus,0.0
Enderbury,Anous_ceruleus,0.0
Eniwetok,Anous_ceruleus,0.0
Erikub,Anous_ceruleus,0.0
Etal,Anous_ceruleus,0.0
Europa,Anous_ceruleus,0.0
Faadhippolhu,Anous_ceruleus,0.0
Faaite,Anous_ceruleus,0.0
Fakahina,Anous_ceruleus,0.0
Fakaofo,Anous_ceruleus,0.0
Fakarava,Anous_ceruleus,0.0
Fangatau,Anous_ceruleus,0.0
Fangataufa,Anous_ceruleus,0.0
Faraulep,Anous_ceruleus,0.0
Farquhar,Anous_ceruleus,0.0
Felidhu,Anous_ceruleus,0.0
French_Frigate_Shoals,Anous_ceruleus,30.0
Funafuti,Anous_ceruleus,0.0
Gaafaru,Anous_ceruleus,0.0
Glorioso,Anous_ceruleus,0.0
Great_Chagos_Bank,Anous_ceruleus,0.0
Haddhunmathi,Anous_ceruleus,0.0
Hao,Anous_ceruleus,13.0
Haraiki,Anous_ceruleus,0.0
Helen,Anous_ceruleus,0.0
Hereheretui,Anous_ceruleus,0.0
Hikueru,Anous_ceruleus,0.0
Hiti,Anous_ceruleus,0.0
Huon,Anous_ceruleus,0.0
Huvadhu,Anous_ceruleus,0.0
Ifalik,Anous_ceruleus,0.0
Ihavandhippolu,Anous_ceruleus,0.0
Jaluit,Anous_ceruleus,0.0
Jemo,Anous_ceruleus,0.0
Johnston,Anous_ceruleus,0.0
Kademat,Anous_ceruleus,0.0
Kalpeni,Anous_ceruleus,0.0
Kapingamarangi,Anous_ceruleus,0.0
Katiu,Anous_ceruleus,0.0
Kauehi,Anous_ceruleus,0.0
Kaukura,Anous_ceruleus,0.0
Kavaratti,Anous_ceruleus,0.0
Kilinailau,Anous_ceruleus,0.0
Kiltan,Anous_ceruleus,0.0
Kiritimati,Anous_ceruleus,570.0
Kolhumadulu,Anous_ceruleus,0.0
Kuop,Anous_ceruleus,0.0
Kure,Anous_ceruleus,0.0
Kuria,Anous_ceruleus,0.0
Kwajalein,Anous_ceruleus,0.0
Lae,Anous_ceruleus,0.0
Lamotrek,Anous_ceruleus,0.0
Laualau,Anous_ceruleus,0.0
Laysan,Anous_ceruleus,0.0
Lib,Anous_ceruleus,0.0
Likiep,Anous_ceruleus,0.0
Liot,Anous_ceruleus,0.0
Lisianski,Anous_ceruleus,0.0
Long_Reef,Anous_ceruleus,0.0
Losap,Anous_ceruleus,0.0
Lukunor,Anous_ceruleus,0.0
Maalhosmadulu,Anous_ceruleus,0.0
Maiana,Anous_ceruleus,0.0
Majuro,Anous_ceruleus,0.0
Makemo,Anous_ceruleus,0.0
Makunudhoo,Anous_ceruleus,0.0
Malden,Anous_ceruleus,40.0
Maloelap,Anous_ceruleus,0.0
Malum,Anous_ceruleus,0.0
Manihi,Anous_ceruleus,0.0
Manihiki,Anous_ceruleus,0.0
Manra,Anous_ceruleus,0.0
Manuae,Anous_ceruleus,0.0
Manuhangi,Anous_ceruleus,0.0
Marakei,Anous_ceruleus,0.0
Maria,Anous_ceruleus,0.0
Maria_Est,Anous_ceruleus,21.0
Marokau,Anous_ceruleus,0.0
Marutea_Nord,Anous_ceruleus,0.0
Marutea_Sud,Anous_ceruleus,0.0
Mataiva,Anous_ceruleus,0.0
Matureivavao,Anous_ceruleus,0.0
Maupihaa,Anous_ceruleus,0.0
McKean,Anous_ceruleus,0.0
Midway,Anous_ceruleus,0.0
Miladhunmadulu,Anous_ceruleus,0.0
Mili,Anous_ceruleus,0.0
Minicoy,Anous_ceruleus,0.0
Mokil,Anous_ceruleus,0.0
Morane,Anous_ceruleus,0.0
Moruroa,Anous_ceruleus,0.0
Motu_One,Anous_ceruleus,0.0
Motutunga,Anous_ceruleus,0.0
Mulaku,Anous_ceruleus,0.0
Murilo,Anous_ceruleus,0.0
Namoluk,Anous_ceruleus,0.0
Namonuito,Anous_ceruleus,0.0
Namorik,Anous_ceruleus,0.0
Namu,Anous_ceruleus,0.0
Nanumanga,Anous_ceruleus,0.0
Nanumea,Anous_ceruleus,0.0
Napuka,Anous_ceruleus,0.0
Nengonengo,Anous_ceruleus,0.0
Ngcheangel,Anous_ceruleus,0.0
Ngulu,Anous_ceruleus,0.0
Niau,Anous_ceruleus,0.0
Nihiru,Anous_ceruleus,0.0
Nikumaroro,Anous_ceruleus,0.0
Nikunau,Anous_ceruleus,0.0
Ninigo,Anous_ceruleus,0.0
Niutao,Anous_ceruleus,0.0
Nomwin,Anous_ceruleus,0.0
Nonouti,Anous_ceruleus,0.0
North_Male,Anous_ceruleus,0.0
North_Nilandhe,Anous_ceruleus,0.0
Nuguria,Anous_ceruleus,0.0
Nui,Anous_ceruleus,0.0
Nukapu,Anous_ceruleus,0.0
Nukufetau,Anous_ceruleus,0.0
Nukulaelae,Anous_ceruleus,0.0
Nukumanu,Anous_ceruleus,0.0
Nukumbasanga,Anous_ceruleus,0.0
Nukunonu,Anous_ceruleus,0.0
Nukuoro,Anous_ceruleus,0.0
Nukutepipi,Anous_ceruleus,0.0
Numa_Miombilou,Anous_ceruleus,0.0
Nupani,Anous_ceruleus,0.0
Oeno,Anous_ceruleus,0.0
Olimarao,Anous_ceruleus,0.0
Onotoa,Anous_ceruleus,0.0
Ontong_Java,Anous_ceruleus,0.0
Oroluk,Anous_ceruleus,0.0
Orona,Anous_ceruleus,0.0
Pakin,Anous_ceruleus,0.0
Palmerston,Anous_ceruleus,0.0
Palmyra,Anous_ceruleus,2.0
Paraoa,Anous_ceruleus,0.0
Pearl_and_Hermes,Anous_ceruleus,0.0
Peremul_Par,Anous_ceruleus,0.0
Peros_Banhos,Anous_ceruleus,0.0
Pinaki,Anous_ceruleus,0.0
Pingelap,Anous_ceruleus,0.0
Pinipel,Anous_ceruleus,0.0
Pukapuka,Anous_ceruleus,0.0
Puka-Puka,Anous_ceruleus,0.0
Pukarua,Anous_ceruleus,0.0
Pulap,Anous_ceruleus,0.0
Pulusuk,Anous_ceruleus,0.0
Puluwat,Anous_ceruleus,0.0
Qelelevu,Anous_ceruleus,0.0
Rakahanga,Anous_ceruleus,0.0
Rangiroa,Anous_ceruleus,13.0
Raraka,Anous_ceruleus,16.0
Raroia,Anous_ceruleus,13.0
Rasdhoo,Anous_ceruleus,0.0
Ravahere,Anous_ceruleus,0.0
Rawaki,Anous_ceruleus,5000.0
Reao,Anous_ceruleus,0.0
Redlick,Anous_ceruleus,0.0
Reitoru,Anous_ceruleus,0.0
Rekareka,Anous_ceruleus,0.0
Rongelap,Anous_ceruleus,0.0
Rongerik,Anous_ceruleus,0.0
Rose,Anous_ceruleus,0.0
Rowa,Anous_ceruleus,0.0
Saloman,Anous_ceruleus,0.0
Sama,Anous_ceruleus,0.0
Samasuma,Anous_ceruleus,0.0
Sapwuahfik,Anous_ceruleus,0.0
Satawan,Anous_ceruleus,0.0
Scilly,Anous_ceruleus,11.0
Sorol,Anous_ceruleus,0.0
South_Maalhosmadulu,Anous_ceruleus,0.0
South_Nilandhe,Anous_ceruleus,0.0
St_Francois,Anous_ceruleus,0.0
St_Joseph,Anous_ceruleus,0.0
Starbuck,Anous_ceruleus,0.0
Suheli_Par,Anous_ceruleus,0.0
Surprise,Anous_ceruleus,0.0
Suwarrow,Anous_ceruleus,0.0
Swains,Anous_ceruleus,0.0
Tabiteuea,Anous_ceruleus,0.0
Tabuaeran,Anous_ceruleus,34.0
Taenga,Anous_ceruleus,0.0
Tahanea,Anous_ceruleus,0.0
Taiaro,Anous_ceruleus,0.0
Taka,Anous_ceruleus,0.0
Takapoto,Anous_ceruleus,0.0
Takaroa,Anous_ceruleus,0.0
Takume,Anous_ceruleus,0.0
Takuu,Anous_ceruleus,0.0
Tarawa,Anous_ceruleus,0.0
Tatakoto,Anous_ceruleus,0.0
Tauere,Anous_ceruleus,0.0
Tekokota,Anous_ceruleus,0.0
Temitangi,Anous_ceruleus,0.0
Temoe,Anous_ceruleus,0.0
Tenararo,Anous_ceruleus,0.0
Tenaruga,Anous_ceruleus,0.0
Tepoto,Anous_ceruleus,0.0
Teraina,Anous_ceruleus,28.0
Tetiaroa,Anous_ceruleus,0.0
Thiladhunmathi,Anous_ceruleus,0.0
Tikehau,Anous_ceruleus,17.0
Toau,Anous_ceruleus,0.0
Tongareva,Anous_ceruleus,13.0
Tuanake,Anous_ceruleus,0.0
Tubbataha,Anous_ceruleus,0.0
Tupai,Anous_ceruleus,0.0
Tureia,Anous_ceruleus,0.0
Ujae,Anous_ceruleus,0.0
Ujelang,Anous_ceruleus,0.0
Ulithi,Anous_ceruleus,0.0
Utirik,Anous_ceruleus,0.0
Vahanga,Anous_ceruleus,0.0
Vahitahi,Anous_ceruleus,0.0
Vairaatea,Anous_ceruleus,0.0
Vaitupu,Anous_ceruleus,0.0
Vanavana,Anous_ceruleus,0.0
Vattaru,Anous_ceruleus,0.0
Wailagilala,Anous_ceruleus,0.0
Wake,Anous_ceruleus,0.0
West_Fayu,Anous_ceruleus,0.0
Woleai,Anous_ceruleus,0.0
Wotho,Anous_ceruleus,0.0
Wotje,Anous_ceruleus,0.0
Abaiang,Onychoprion_fuscatus,0.0
Abariringa,Onychoprion_fuscatus,100.0
Abemama,Onychoprion_fuscatus,0.0
Addu,Onychoprion_fuscatus,0.0
Ahe,Onychoprion_fuscatus,0.0
Ahunui,Onychoprion_fuscatus,0.0
Ailinginae,Onychoprion_fuscatus,7000.0
Ailinglaplap,Onychoprion_fuscatus,0.0
Ailuk,Onychoprion_fuscatus,19737.0
Aldabra,Onychoprion_fuscatus,0.0
Alphonse,Onychoprion_fuscatus,0.0
Amanu,Onychoprion_fuscatus,0.0
Anaa,Onychoprion_fuscatus,0.0
Analtin,Onychoprion_fuscatus,0.0
Ant,Onychoprion_fuscatus,200.0
Anuanuraro,Onychoprion_fuscatus,0.0
Anuanurunga,Onychoprion_fuscatus,0.0
Apataki,Onychoprion_fuscatus,116268.0
Aranuka,Onychoprion_fuscatus,27508.0
Aratika,Onychoprion_fuscatus,0.0
Ari,Onychoprion_fuscatus,0.0
Arno,Onychoprion_fuscatus,0.0
Arutua,Onychoprion_fuscatus,0.0
Astove,Onychoprion_fuscatus,83106.0
Atafu,Onychoprion_fuscatus,0.0
Aur,Onychoprion_fuscatus,0.0
Awin,Onychoprion_fuscatus,0.0
Bangaram,Onychoprion_fuscatus,0.0
Beautemps-Beaupre,Onychoprion_fuscatus,42981.0
Bellona,Onychoprion_fuscatus,20000.0
Beru,Onychoprion_fuscatus,0.0
Bikar,Onychoprion_fuscatus,52000.0
Bikini,Onychoprion_fuscatus,31148.0
Birnie,Onychoprion_fuscatus,27481.0
Bitra_Par,Onychoprion_fuscatus,0.0
Bokaak,Onychoprion_fuscatus,17500.0
Bramble_Haven,Onychoprion_fuscatus,0.0
Budibudi,Onychoprion_fuscatus,0.0
Butaritari,Onychoprion_fuscatus,7198.0
Byramgore,Onychoprion_fuscatus,650.0
Caroline,Onychoprion_fuscatus,1000000.0
Cherbaniani,Onychoprion_fuscatus,5000.0
Chesterfield,Onychoprion_fuscatus,249154.0
Chetlat,Onychoprion_fuscatus,0.0
Clipperton,Onychoprion_fuscatus,200.0
Cocos,Onychoprion_fuscatus,70.0
Conflict,Onychoprion_fuscatus,0.0
Cosmoledo,Onychoprion_fuscatus,2331000.0
Diego_Garcia,Onychoprion_fuscatus,0.0
Ducie,Onychoprion_fuscatus,200.0
Eauripik,Onychoprion_fuscatus,0.0
Ebon,Onychoprion_fuscatus,0.0
Egmont,Onychoprion_fuscatus,0.0
Egum,Onychoprion_fuscatus,0.0
Elato,Onychoprion_fuscatus,0.0
Enderbury,Onychoprion_fuscatus,400000.0
Eniwetok,Onychoprion_fuscatus,16000.0
Erikub,Onychoprion_fuscatus,0.0
Etal,Onychoprion_fuscatus,0.0
Europa,Onychoprion_fuscatus,3000000.0
Faadhippolhu,Onychoprion_fuscatus,0.0
Faaite,Onychoprion_fuscatus,0.0
Fakahina,Onychoprion_fuscatus,0.0
Fakaofo,Onychoprion_fuscatus,0.0
Fakarava,Onychoprion_fuscatus,0.0
Fangatau,Onychoprion_fuscatus,0.0
Fangataufa,Onychoprion_fuscatus,50.0
Faraulep,Onychoprion_fuscatus,0.0
Farquhar,Onychoprion_fuscatus,561200.0
Felidhu,Onychoprion_fuscatus,0.0
French_Frigate_Shoals,Onychoprion_fuscatus,300000.0
Funafuti,Onychoprion_fuscatus,2861.0
Gaafaru,Onychoprion_fuscatus,0.0
Glorioso,Onychoprion_fuscatus,540000.0
Great_Chagos_Bank,Onychoprion_fuscatus,104000.0
Haddhunmathi,Onychoprion_fuscatus,0.0
Hao,Onychoprion_fuscatus,0.0
Haraiki,Onychoprion_fuscatus,0.0
Helen,Onychoprion_fuscatus,80000.0
Hereheretui,Onychoprion_fuscatus,0.0
Hikueru,Onychoprion_fuscatus,0.0
Hiti,Onychoprion_fuscatus,0.0
Huon,Onychoprion_fuscatus,53909.0
Huvadhu,Onychoprion_fuscatus,0.0
Ifalik,Onychoprion_fuscatus,0.0
Ihavandhippolu,Onychoprion_fuscatus,0.0
Jaluit,Onychoprion_fuscatus,16901.0
Jemo,Onychoprion_fuscatus,4073.0
Johnston,Onychoprion_fuscatus,330000.0
Kademat,Onychoprion_fuscatus,9560.0
Kalpeni,Onychoprion_fuscatus,0.0
Kapingamarangi,Onychoprion_fuscatus,0.0
Katiu,Onychoprion_fuscatus,0.0
Kauehi,Onychoprion_fuscatus,106514.0
Kaukura,Onychoprion_fuscatus,0.0
Kavaratti,Onychoprion_fuscatus,2.0
Kilinailau,Onychoprion_fuscatus,0.0
Kiltan,Onychoprion_fuscatus,0.0
Kiritimati,Onychoprion_fuscatus,1000000.0
Kolhumadulu,Onychoprion_fuscatus,0.0
Kuop,Onychoprion_fuscatus,0.0
Kure,Onychoprion_fuscatus,20000.0
Kuria,Onychoprion_fuscatus,16126.0
Kwajalein,Onychoprion_fuscatus,0.0
Lae,Onychoprion_fuscatus,0.0
Lamotrek,Onychoprion_fuscatus,0.0
Laualau,Onychoprion_fuscatus,0.0
Laysan,Onychoprion_fuscatus,850000.0
Lib,Onychoprion_fuscatus,0.0
Likiep,Onychoprion_fuscatus,0.0
Liot,Onychoprion_fuscatus,0.0
Lisianski,Onychoprion_fuscatus,1000000.0
Long_Reef,Onychoprion_fuscatus,0.0
Losap,Onychoprion_fuscatus,0.0
Lukunor,Onychoprion_fuscatus,0.0
Maalhosmadulu,Onychoprion_fuscatus,0.0
Maiana,Onychoprion_fuscatus,0.0
Majuro,Onychoprion_fuscatus,0.0
Makemo,Onychoprion_fuscatus,0.0
Makunudhoo,Onychoprion_fuscatus,0.0
Malden,Onychoprion_fuscatus,500000.0
Maloelap,Onychoprion_fuscatus,0.0
Malum,Onychoprion_fuscatus,0.0
Manihi,Onychoprion_fuscatus,0.0
Manihiki,Onychoprion_fuscatus,0.0
Manra,Onychoprion_fuscatus,8000.0
Manuae,Onychoprion_fuscatus,0.0
Manuhangi,Onychoprion_fuscatus,0.0
Marakei,Onychoprion_fuscatus,0.0
Maria,Onychoprion_fuscatus,0.0
Maria_Est,Onychoprion_fuscatus,0.0
Marokau,Onychoprion_fuscatus,0.0
Marutea_Nord,Onychoprion_fuscatus,0.0
Marutea_Sud,Onychoprion_fuscatus,48497.0
Mataiva,Onychoprion_fuscatus,0.0
Matureivavao,Onychoprion_fuscatus,0.0
Maupihaa,Onychoprion_fuscatus,546022.0
McKean,Onychoprion_fuscatus,500.0
Midway,Onychoprion_fuscatus,200000.0
Miladhunmadulu,Onychoprion_fuscatus,0.0
Mili,Onychoprion_fuscatus,0.0
Minicoy,Onychoprion_fuscatus,0.0
Mokil,Onychoprion_fuscatus,0.0
Morane,Onychoprion_fuscatus,0.0
Moruroa,Onychoprion_fuscatus,0.0
Motu_One,Onychoprion_fuscatus,0.0
Motutunga,Onychoprion_fuscatus,0.0
Mulaku,Onychoprion_fuscatus,0.0
Murilo,Onychoprion_fuscatus,0.0
Namoluk,Onychoprion_fuscatus,0.0
Namonuito,Onychoprion_fuscatus,0.0
Namorik,Onychoprion_fuscatus,0.0
Namu,Onychoprion_fuscatus,0.0
Nanumanga,Onychoprion_fuscatus,0.0
Nanumea,Onychoprion_fuscatus,0.0
Napuka,Onychoprion_fuscatus,0.0
Nengonengo,Onychoprion_fuscatus,0.0
Ngcheangel,Onychoprion_fuscatus,2492.0
Ngulu,Onychoprion_fuscatus,0.0
Niau,Onychoprion_fuscatus,0.0
Nihiru,Onychoprion_fuscatus,0.0
Nikumaroro,Onychoprion_fuscatus,9.0
Nikunau,Onychoprion_fuscatus,0.0
Ninigo,Onychoprion_fuscatus,0.0
Niutao,Onychoprion_fuscatus,0.0
Nomwin,Onychoprion_fuscatus,0.0
Nonouti,Onychoprion_fuscatus,25494.0
North_Male,Onychoprion_fuscatus,0.0
North_Nilandhe,Onychoprion_fuscatus,0.0
Nuguria,Onychoprion_fuscatus,0.0
Nui,Onychoprion_fuscatus,0.0
Nukapu,Onychoprion_fuscatus,0.0
Nukufetau,Onychoprion_fuscatus,0.0
Nukulaelae,Onychoprion_fuscatus,0.0
Nukumanu,Onychoprion_fuscatus,0.0
Nukumbasanga,Onychoprion_fuscatus,0.0
Nukunonu,Onychoprion_fuscatus,3200.0
Nukuoro,Onychoprion_fuscatus,0.0
Nukutepipi,Onychoprion_fuscatus,0.0
Numa_Miombilou,Onychoprion_fuscatus,0.0
Nupani,Onychoprion_fuscatus,0.0
Oeno,Onychoprion_fuscatus,10706.0
Olimarao,Onychoprion_fuscatus,0.0
Onotoa,Onychoprion_fuscatus,19462.0
Ontong_Java,Onychoprion_fuscatus,3196.0
Oroluk,Onychoprion_fuscatus,0.0
Orona,Onychoprion_fuscatus,1200000.0
Pakin,Onychoprion_fuscatus,0.0
Palmerston,Onychoprion_fuscatus,0.0
Palmyra,Onychoprion_fuscatus,876000.0
Paraoa,Onychoprion_fuscatus,0.0
Pearl_and_Hermes,Onychoprion_fuscatus,80000.0
Peremul_Par,Onychoprion_fuscatus,0.0
Peros_Banhos,Onychoprion_fuscatus,290000.0
Pinaki,Onychoprion_fuscatus,0.0
Pingelap,Onychoprion_fuscatus,0.0
Pinipel,Onychoprion_fuscatus,0.0
Pukapuka,Onychoprion_fuscatus,1758.0
Puka-Puka,Onychoprion_fuscatus,0.0
Pukarua,Onychoprion_fuscatus,0.0
Pulap,Onychoprion_fuscatus,0.0
Pulusuk,Onychoprion_fuscatus,0.0
Puluwat,Onychoprion_fuscatus,0.0
Qelelevu,Onychoprion_fuscatus,0.0
Rakahanga,Onychoprion_fuscatus,0.0
Rangiroa,Onychoprion_fuscatus,103200.0
Raraka,Onychoprion_fuscatus,0.0
Raroia,Onychoprion_fuscatus,0.0
Rasdhoo,Onychoprion_fuscatus,0.0
Ravahere,Onychoprion_fuscatus,0.0
Rawaki,Onychoprion_fuscatus,1200000.0
Reao,Onychoprion_fuscatus,0.0
Redlick,Onychoprion_fuscatus,0.0
Reitoru,Onychoprion_fuscatus,0.0
Rekareka,Onychoprion_fuscatus,0.0
Rongelap,Onychoprion_fuscatus,0.0
Rongerik,Onychoprion_fuscatus,34467.0
Rose,Onychoprion_fuscatus,135000.0
Rowa,Onychoprion_fuscatus,0.0
Saloman,Onychoprion_fuscatus,0.0
Sama,Onychoprion_fuscatus,0.0
Samasuma,Onychoprion_fuscatus,0.0
Sapwuahfik,Onychoprion_fuscatus,0.0
Satawan,Onychoprion_fuscatus,0.0
Scilly,Onychoprion_fuscatus,0.0
Sorol,Onychoprion_fuscatus,120.0
South_Maalhosmadulu,Onychoprion_fuscatus,0.0
South_Nilandhe,Onychoprion_fuscatus,0.0
St_Francois,Onychoprion_fuscatus,0.0
St_Joseph,Onychoprion_fuscatus,0.0
Starbuck,Onychoprion_fuscatus,3000000.0
Suheli_Par,Onychoprion_fuscatus,0.0
Surprise,Onychoprion_fuscatus,26774.0
Suwarrow,Onychoprion_fuscatus,176088.0
Swains,Onychoprion_fuscatus,27.0
Tabiteuea,Onychoprion_fuscatus,0.0
Tabuaeran,Onychoprion_fuscatus,43799.0
Taenga,Onychoprion_fuscatus,0.0
Tahanea,Onychoprion_fuscatus,0.0
Taiaro,Onychoprion_fuscatus,0.0
Taka,Onychoprion_fuscatus,74000.0
Takapoto,Onychoprion_fuscatus,0.0
Takaroa,Onychoprion_fuscatus,44260.0
Takume,Onychoprion_fuscatus,0.0
Takuu,Onychoprion_fuscatus,0.0
Tarawa,Onychoprion_fuscatus,0.0
Tatakoto,Onychoprion_fuscatus,0.0
Tauere,Onychoprion_fuscatus,0.0
Tekokota,Onychoprion_fuscatus,754.0
Temitangi,Onychoprion_fuscatus,0.0
Temoe,Onychoprion_fuscatus,0.0
Tenararo,Onychoprion_fuscatus,0.0
Tenaruga,Onychoprion_fuscatus,0.0
Tepoto,Onychoprion_fuscatus,0.0
Teraina,Onychoprion_fuscatus,0.0
Tetiaroa,Onychoprion_fuscatus,6236.0
Thiladhunmathi,Onychoprion_fuscatus,0.0
Tikehau,Onychoprion_fuscatus,0.0
Toau,Onychoprion_fuscatus,0.0
Tongareva,Onychoprion_fuscatus,14794.0
Tuanake,Onychoprion_fuscatus,0.0
Tubbataha,Onychoprion_fuscatus,6000.0
Tupai,Onychoprion_fuscatus,0.0
Tureia,Onychoprion_fuscatus,0.0
Ujae,Onychoprion_fuscatus,0.0
Ujelang,Onychoprion_fuscatus,15850.0
Ulithi,Onychoprion_fuscatus,0.0
Utirik,Onychoprion_fuscatus,0.0
Vahanga,Onychoprion_fuscatus,0.0
Vahitahi,Onychoprion_fuscatus,0.0
Vairaatea,Onychoprion_fuscatus,0.0
Vaitupu,Onychoprion_fuscatus,1558.0
Vanavana,Onychoprion_fuscatus,0.0
Vattaru,Onychoprion_fuscatus,0.0
Wailagilala,Onychoprion_fuscatus,0.0
Wake,Onychoprion_fuscatus,50000.0
West_Fayu,Onychoprion_fuscatus,0.0
Woleai,Onychoprion_fuscatus,0.0
Wotho,Onychoprion_fuscatus,0.0
Wotje,Onychoprion_fuscatus,0.0
Abaiang,Onychoprion_lunatus,0.0
Abariringa,Onychoprion_lunatus,4000.0
Abemama,Onychoprion_lunatus,0.0
Addu,Onychoprion_lunatus,0.0
Ahe,Onychoprion_lunatus,0.0
Ahunui,Onychoprion_lunatus,0.0
Ailinginae,Onychoprion_lunatus,0.0
Ailinglaplap,Onychoprion_lunatus,0.0
Ailuk,Onychoprion_lunatus,0.0
Aldabra,Onychoprion_lunatus,0.0
Alphonse,Onychoprion_lunatus,0.0
Amanu,Onychoprion_lunatus,0.0
Anaa,Onychoprion_lunatus,0.0
Analtin,Onychoprion_lunatus,0.0
Ant,Onychoprion_lunatus,0.0
Anuanuraro,Onychoprion_lunatus,0.0
Anuanurunga,Onychoprion_lunatus,0.0
Apataki,Onychoprion_lunatus,0.0
Aranuka,Onychoprion_lunatus,0.0
Aratika,Onychoprion_lunatus,0.0
Ari,Onychoprion_lunatus,0.0
Arno,Onychoprion_lunatus,0.0
Arutua,Onychoprion_lunatus,0.0
Astove,Onychoprion_lunatus,0.0
Atafu,Onychoprion_lunatus,0.0
Aur,Onychoprion_lunatus,0.0
Awin,Onychoprion_lunatus,0.0
Bangaram,Onychoprion_lunatus,0.0
Beautemps-Beaupre,Onychoprion_lunatus,0.0
Bellona,Onychoprion_lunatus,0.0
Beru,Onychoprion_lunatus,0.0
Bikar,Onychoprion_lunatus,110.0
Bikini,Onychoprion_lunatus,0.0
Birnie,Onychoprion_lunatus,600.0
Bitra_Par,Onychoprion_lunatus,0.0
Bokaak,Onychoprion_lunatus,159.0
Bramble_Haven,Onychoprion_lunatus,0.0
Budibudi,Onychoprion_lunatus,0.0
Butaritari,Onychoprion_lunatus,0.0
Byramgore,Onychoprion_lunatus,0.0
Caroline,Onychoprion_lunatus,3000.0
Cherbaniani,Onychoprion_lunatus,0.0
Chesterfield,Onychoprion_lunatus,0.0
Chetlat,Onychoprion_lunatus,0.0
Clipperton,Onychoprion_lunatus,0.0
Cocos,Onychoprion_lunatus,0.0
Conflict,Onychoprion_lunatus,0.0
Cosmoledo,Onychoprion_lunatus,0.0
Diego_Garcia,Onychoprion_lunatus,0.0
Ducie,Onychoprion_lunatus,0.0
Eauripik,Onychoprion_lunatus,0.0
Ebon,Onychoprion_lunatus,0.0
Egmont,Onychoprion_lunatus,0.0
Egum,Onychoprion_lunatus,0.0
Elato,Onychoprion_lunatus,0.0
Enderbury,Onychoprion_lunatus,1000.0
Eniwetok,Onychoprion_lunatus,0.0
Erikub,Onychoprion_lunatus,0.0
Etal,Onychoprion_lunatus,0.0
Europa,Onychoprion_lunatus,0.0
Faadhippolhu,Onychoprion_lunatus,0.0
Faaite,Onychoprion_lunatus,0.0
Fakahina,Onychoprion_lunatus,0.0
Fakaofo,Onychoprion_lunatus,0.0
Fakarava,Onychoprion_lunatus,0.0
Fangatau,Onychoprion_lunatus,0.0
Fangataufa,Onychoprion_lunatus,0.0
Faraulep,Onychoprion_lunatus,0.0
Farquhar,Onychoprion_lunatus,0.0
Felidhu,Onychoprion_lunatus,0.0
French_Frigate_Shoals,Onychoprion_lunatus,2000.0
Funafuti,Onychoprion_lunatus,0.0
Gaafaru,Onychoprion_lunatus,0.0
Glorioso,Onychoprion_lunatus,0.0
Great_Chagos_Bank,Onychoprion_lunatus,0.0
Haddhunmathi,Onychoprion_lunatus,0.0
Hao,Onychoprion_lunatus,0.0
Haraiki,Onychoprion_lunatus,0.0
Helen,Onychoprion_lunatus,0.0
Hereheretui,Onychoprion_lunatus,0.0
Hikueru,Onychoprion_lunatus,0.0
Hiti,Onychoprion_lunatus,0.0
Huon,Onychoprion_lunatus,0.0
Huvadhu,Onychoprion_lunatus,0.0
Ifalik,Onychoprion_lunatus,0.0
Ihavandhippolu,Onychoprion_lunatus,0.0
Jaluit,Onychoprion_lunatus,0.0
Jemo,Onychoprion_lunatus,0.0
Johnston,Onychoprion_lunatus,1200.0
Kademat,Onychoprion_lunatus,0.0
Kalpeni,Onychoprion_lunatus,0.0
Kapingamarangi,Onychoprion_lunatus,0.0
Katiu,Onychoprion_lunatus,0.0
Kauehi,Onychoprion_lunatus,0.0
Kaukura,Onychoprion_lunatus,0.0
Kavaratti,Onychoprion_lunatus,0.0
Kilinailau,Onychoprion_lunatus,0.0
Kiltan,Onychoprion_lunatus,0.0
Kiritimati,Onychoprion_lunatus,1700.0
Kolhumadulu,Onychoprion_lunatus,0.0
Kuop,Onychoprion_lunatus,0.0
Kure,Onychoprion_lunatus,50.0
Kuria,Onychoprion_lunatus,0.0
Kwajalein,Onychoprion_lunatus,0.0
Lae,Onychoprion_lunatus,0.0
Lamotrek,Onychoprion_lunatus,0.0
Laualau,Onychoprion_lunatus,0.0
Laysan,Onychoprion_lunatus,15000.0
Lib,Onychoprion_lunatus,0.0
Likiep,Onychoprion_lunatus,0.0
Liot,Onychoprion_lunatus,0.0
Lisianski,Onychoprion_lunatus,35000.0
Long_Reef,Onychoprion_lunatus,0.0
Losap,Onychoprion_lunatus,0.0
Lukunor,Onychoprion_lunatus,0.0
Maalhosmadulu,Onychoprion_lunatus,0.0
Maiana,Onychoprion_lunatus,0.0
Majuro,Onychoprion_lunatus,0.0
Makemo,Onychoprion_lunatus,0.0
Makunudhoo,Onychoprion_lunatus,0.0
Malden,Onychoprion_lunatus,14000.0
Maloelap,Onychoprion_lunatus,0.0
Malum,Onychoprion_lunatus,0.0
Manihi,Onychoprion_lunatus,480.0
Manihiki,Onychoprion_lunatus,0.0
Manra,Onychoprion_lunatus,1200.0
Manuae,Onychoprion_lunatus,0.0
Manuhangi,Onychoprion_lunatus,0.0
Marakei,Onychoprion_lunatus,0.0
Maria,Onychoprion_lunatus,0.0
Maria_Est,Onychoprion_lunatus,0.0
Marokau,Onychoprion_lunatus,0.0
Marutea_Nord,Onychoprion_lunatus,0.0
Marutea_Sud,Onychoprion_lunatus,0.0
Mataiva,Onychoprion_lunatus,0.0
Matureivavao,Onychoprion_lunatus,0.0
Maupihaa,Onychoprion_lunatus,0.0
McKean,Onychoprion_lunatus,800.0
Midway,Onychoprion_lunatus,2000.0
Miladhunmadulu,Onychoprion_lunatus,0.0
Mili,Onychoprion_lunatus,0.0
Minicoy,Onychoprion_lunatus,0.0
Mokil,Onychoprion_lunatus,0.0
Morane,Onychoprion_lunatus,0.0
Moruroa,Onychoprion_lunatus,0.0
Motu_One,Onychoprion_lunatus,0.0
Motutunga,Onychoprion_lunatus,0.0
Mulaku,Onychoprion_lunatus,0.0
Murilo,Onychoprion_lunatus,0.0
Namoluk,Onychoprion_lunatus,0.0
Namonuito,Onychoprion_lunatus,0.0
Namorik,Onychoprion_lunatus,0.0
Namu,Onychoprion_lunatus,0.0
Nanumanga,Onychoprion_lunatus,0.0
Nanumea,Onychoprion_lunatus,0.0
Napuka,Onychoprion_lunatus,0.0
Nengonengo,Onychoprion_lunatus,0.0
Ngcheangel,Onychoprion_lunatus,0.0
Ngulu,Onychoprion_lunatus,0.0
Niau,Onychoprion_lunatus,0.0
Nihiru,Onychoprion_lunatus,0.0
Nikumaroro,Onychoprion_lunatus,0.0
Nikunau,Onychoprion_lunatus,0.0
Ninigo,Onychoprion_lunatus,0.0
Niutao,Onychoprion_lunatus,0.0
Nomwin,Onychoprion_lunatus,0.0
Nonouti,Onychoprion_lunatus,188.0
North_Male,Onychoprion_lunatus,0.0
North_Nilandhe,Onychoprion_lunatus,0.0
Nuguria,Onychoprion_lunatus,0.0
Nui,Onychoprion_lunatus,0.0
Nukapu,Onychoprion_lunatus,0.0
Nukufetau,Onychoprion_lunatus,0.0
Nukulaelae,Onychoprion_lunatus,0.0
Nukumanu,Onychoprion_lunatus,0.0
Nukumbasanga,Onychoprion_lunatus,0.0
Nukunonu,Onychoprion_lunatus,0.0
Nukuoro,Onychoprion_lunatus,0.0
Nukutepipi,Onychoprion_lunatus,0.0
Numa_Miombilou,Onychoprion_lunatus,0.0
Nupani,Onychoprion_lunatus,0.0
Oeno,Onychoprion_lunatus,0.0
Olimarao,Onychoprion_lunatus,0.0
Onotoa,Onychoprion_lunatus,0.0
Ontong_Java,Onychoprion_lunatus,0.0
Oroluk,Onychoprion_lunatus,0.0
Orona,Onychoprion_lunatus,0.0
Pakin,Onychoprion_lunatus,0.0
Palmerston,Onychoprion_lunatus,0.0
Palmyra,Onychoprion_lunatus,0.0
Paraoa,Onychoprion_lunatus,0.0
Pearl_and_Hermes,Onychoprion_lunatus,1400.0
Peremul_Par,Onychoprion_lunatus,0.0
Peros_Banhos,Onychoprion_lunatus,0.0
Pinaki,Onychoprion_lunatus,0.0
Pingelap,Onychoprion_lunatus,0.0
Pinipel,Onychoprion_lunatus,0.0
Pukapuka,Onychoprion_lunatus,0.0
Puka-Puka,Onychoprion_lunatus,0.0
Pukarua,Onychoprion_lunatus,0.0
Pulap,Onychoprion_lunatus,0.0
Pulusuk,Onychoprion_lunatus,0.0
Puluwat,Onychoprion_lunatus,0.0
Qelelevu,Onychoprion_lunatus,0.0
Rakahanga,Onychoprion_lunatus,0.0
Rangiroa,Onychoprion_lunatus,435.0
Raraka,Onychoprion_lunatus,0.0
Raroia,Onychoprion_lunatus,0.0
Rasdhoo,Onychoprion_lunatus,0.0
Ravahere,Onychoprion_lunatus,0.0
Rawaki,Onychoprion_lunatus,6000.0
Reao,Onychoprion_lunatus,0.0
Redlick,Onychoprion_lunatus,0.0
Reitoru,Onychoprion_lunatus,0.0
Rekareka,Onychoprion_lunatus,0.0
Rongelap,Onychoprion_lunatus,0.0
Rongerik,Onychoprion_lunatus,0.0
Rose,Onychoprion_lunatus,6.0
Rowa,Onychoprion_lunatus,0.0
Saloman,Onychoprion_lunatus,0.0
Sama,Onychoprion_lunatus,0.0
Samasuma,Onychoprion_lunatus,0.0
Sapwuahfik,Onychoprion_lunatus,0.0
Satawan,Onychoprion_lunatus,0.0
Scilly,Onychoprion_lunatus,0.0
Sorol,Onychoprion_lunatus,0.0
South_Maalhosmadulu,Onychoprion_lunatus,0.0
South_Nilandhe,Onychoprion_lunatus,0.0
St_Francois,Onychoprion_lunatus,0.0
St_Joseph,Onychoprion_lunatus,0.0
Starbuck,Onychoprion_lunatus,2459.0
Suheli_Par,Onychoprion_lunatus,0.0
Surprise,Onychoprion_lunatus,0.0
Suwarrow,Onychoprion_lunatus,0.0
Swains,Onychoprion_lunatus,0.0
Tabiteuea,Onychoprion_lunatus,271.0
Tabuaeran,Onychoprion_lunatus,0.0
Taenga,Onychoprion_lunatus,0.0
Tahanea,Onychoprion_lunatus,0.0
Taiaro,Onychoprion_lunatus,0.0
Taka,Onychoprion_lunatus,0.0
Takapoto,Onychoprion_lunatus,0.0
Takaroa,Onychoprion_lunatus,0.0
Takume,Onychoprion_lunatus,0.0
Takuu,Onychoprion_lunatus,0.0
Tarawa,Onychoprion_lunatus,0.0
Tatakoto,Onychoprion_lunatus,0.0
Tauere,Onychoprion_lunatus,0.0
Tekokota,Onychoprion_lunatus,0.0
Temitangi,Onychoprion_lunatus,0.0
Temoe,Onychoprion_lunatus,0.0
Tenararo,Onychoprion_lunatus,0.0
Tenaruga,Onychoprion_lunatus,0.0
Tepoto,Onychoprion_lunatus,0.0
Teraina,Onychoprion_lunatus,0.0
Tetiaroa,Onychoprion_lunatus,116.0
Thiladhunmathi,Onychoprion_lunatus,0.0
Tikehau,Onychoprion_lunatus,434.0
Toau,Onychoprion_lunatus,0.0
Tongareva,Onychoprion_lunatus,0.0
Tuanake,Onychoprion_lunatus,0.0
Tubbataha,Onychoprion_lunatus,0.0
Tupai,Onychoprion_lunatus,0.0
Tureia,Onychoprion_lunatus,0.0
Ujae,Onychoprion_lunatus,0.0
Ujelang,Onychoprion_lunatus,0.0
Ulithi,Onychoprion_lunatus,0.0
Utirik,Onychoprion_lunatus,0.0
Vahanga,Onychoprion_lunatus,0.0
Vahitahi,Onychoprion_lunatus,0.0
Vairaatea,Onychoprion_lunatus,0.0
Vaitupu,Onychoprion_lunatus,0.0
Vanavana,Onychoprion_lunatus,0.0
Vattaru,Onychoprion_lunatus,0.0
Wailagilala,Onychoprion_lunatus,0.0
Wake,Onychoprion_lunatus,60.0
West_Fayu,Onychoprion_lunatus,0.0
Woleai,Onychoprion_lunatus,0.0
Wotho,Onychoprion_lunatus,0.0
Wotje,Onychoprion_lunatus,0.0
Abaiang,Phaethon_rubricauda,0.0
Abariringa,Phaethon_rubricauda,100.0
Abemama,Phaethon_rubricauda,0.0
Addu,Phaethon_rubricauda,0.0
Ahe,Phaethon_rubricauda,0.0
Ahunui,Phaethon_rubricauda,13.0
Ailinginae,Phaethon_rubricauda,0.0
Ailinglaplap,Phaethon_rubricauda,0.0
Ailuk,Phaethon_rubricauda,0.0
Aldabra,Phaethon_rubricauda,3758.0
Alphonse,Phaethon_rubricauda,0.0
Amanu,Phaethon_rubricauda,0.0
Anaa,Phaethon_rubricauda,0.0
Analtin,Phaethon_rubricauda,0.0
Ant,Phaethon_rubricauda,2.0
Anuanuraro,Phaethon_rubricauda,210.0
Anuanurunga,Phaethon_rubricauda,194.0
Apataki,Phaethon_rubricauda,0.0
Aranuka,Phaethon_rubricauda,0.0
Aratika,Phaethon_rubricauda,0.0
Ari,Phaethon_rubricauda,0.0
Arno,Phaethon_rubricauda,0.0
Arutua,Phaethon_rubricauda,0.0
Astove,Phaethon_rubricauda,0.0
Atafu,Phaethon_rubricauda,24.0
Aur,Phaethon_rubricauda,0.0
Awin,Phaethon_rubricauda,0.0
Bangaram,Phaethon_rubricauda,0.0
Beautemps-Beaupre,Phaethon_rubricauda,0.0
Bellona,Phaethon_rubricauda,0.0
Beru,Phaethon_rubricauda,0.0
Bikar,Phaethon_rubricauda,110.0
Bikini,Phaethon_rubricauda,0.0
Birnie,Phaethon_rubricauda,8.0
Bitra_Par,Phaethon_rubricauda,0.0
Bokaak,Phaethon_rubricauda,525.0
Bramble_Haven,Phaethon_rubricauda,0.0
Budibudi,Phaethon_rubricauda,0.0
Butaritari,Phaethon_rubricauda,0.0
Byramgore,Phaethon_rubricauda,0.0
Caroline,Phaethon_rubricauda,300.0
Cherbaniani,Phaethon_rubricauda,0.0
Chesterfield,Phaethon_rubricauda,50.0
Chetlat,Phaethon_rubricauda,0.0
Clipperton,Phaethon_rubricauda,6.0
Cocos,Phaethon_rubricauda,3.0
Conflict,Phaethon_rubricauda,0.0
Cosmoledo,Phaethon_rubricauda,204.0
Diego_Garcia,Phaethon_rubricauda,10.0
Ducie,Phaethon_rubricauda,1500.0
Eauripik,Phaethon_rubricauda,0.0
Ebon,Phaethon_rubricauda,0.0
Egmont,Phaethon_rubricauda,0.0
Egum,Phaethon_rubricauda,0.0
Elato,Phaethon_rubricauda,0.0
Enderbury,Phaethon_rubricauda,1000.0
Eniwetok,Phaethon_rubricauda,17.0
Erikub,Phaethon_rubricauda,23.0
Etal,Phaethon_rubricauda,0.0
Europa,Phaethon_rubricauda,2054.0
Faadhippolhu,Phaethon_rubricauda,0.0
Faaite,Phaethon_rubricauda,0.0
Fakahina,Phaethon_rubricauda,0.0
Fakaofo,Phaethon_rubricauda,25.0
Fakarava,Phaethon_rubricauda,0.0
Fangatau,Phaethon_rubricauda,0.0
Fangataufa,Phaethon_rubricauda,120.0
Faraulep,Phaethon_rubricauda,0.0
Farquhar,Phaethon_rubricauda,0.0
Felidhu,Phaethon_rubricauda,0.0
French_Frigate_Shoals,Phaethon_rubricauda,1500.0
Funafuti,Phaethon_rubricauda,0.0
Gaafaru,Phaethon_rubricauda,0.0
Glorioso,Phaethon_rubricauda,0.0
Great_Chagos_Bank,Phaethon_rubricauda,0.0
Haddhunmathi,Phaethon_rubricauda,0.0
Hao,Phaethon_rubricauda,0.0
Haraiki,Phaethon_rubricauda,0.0
Helen,Phaethon_rubricauda,0.0
Hereheretui,Phaethon_rubricauda,0.0
Hikueru,Phaethon_rubricauda,0.0
Hiti,Phaethon_rubricauda,0.0
Huon,Phaethon_rubricauda,5.0
Huvadhu,Phaethon_rubricauda,0.0
Ifalik,Phaethon_rubricauda,0.0
Ihavandhippolu,Phaethon_rubricauda,0.0
Jaluit,Phaethon_rubricauda,0.0
Jemo,Phaethon_rubricauda,0.0
Johnston,Phaethon_rubricauda,7800.0
Kademat,Phaethon_rubricauda,0.0
Kalpeni,Phaethon_rubricauda,0.0
Kapingamarangi,Phaethon_rubricauda,0.0
Katiu,Phaethon_rubricauda,0.0
Kauehi,Phaethon_rubricauda,0.0
Kaukura,Phaethon_rubricauda,0.0
Kavaratti,Phaethon_rubricauda,0.0
Kilinailau,Phaethon_rubricauda,0.0
Kiltan,Phaethon_rubricauda,0.0
Kiritimati,Phaethon_rubricauda,1920.0
Kolhumadulu,Phaethon_rubricauda,0.0
Kuop,Phaethon_rubricauda,0.0
Kure,Phaethon_rubricauda,2300.0
Kuria,Phaethon_rubricauda,0.0
Kwajalein,Phaethon_rubricauda,0.0
Lae,Phaethon_rubricauda,0.0
Lamotrek,Phaethon_rubricauda,0.0
Laualau,Phaethon_rubricauda,0.0
Laysan,Phaethon_rubricauda,4000.0
Lib,Phaethon_rubricauda,0.0
Likiep,Phaethon_rubricauda,0.0
Liot,Phaethon_rubricauda,0.0
Lisianski,Phaethon_rubricauda,4500.0
Long_Reef,Phaethon_rubricauda,0.0
Losap,Phaethon_rubricauda,0.0
Lukunor,Phaethon_rubricauda,0.0
Maalhosmadulu,Phaethon_rubricauda,0.0
Maiana,Phaethon_rubricauda,0.0
Majuro,Phaethon_rubricauda,0.0
Makemo,Phaethon_rubricauda,0.0
Makunudhoo,Phaethon_rubricauda,0.0
Malden,Phaethon_rubricauda,100.0
Maloelap,Phaethon_rubricauda,0.0
Malum,Phaethon_rubricauda,0.0
Manihi,Phaethon_rubricauda,0.0
Manihiki,Phaethon_rubricauda,52.0
Manra,Phaethon_rubricauda,20.0
Manuae,Phaethon_rubricauda,0.0
Manuhangi,Phaethon_rubricauda,0.0
Marakei,Phaethon_rubricauda,0.0
Maria,Phaethon_rubricauda,442.0
Maria_Est,Phaethon_rubricauda,239.0
Marokau,Phaethon_rubricauda,0.0
Marutea_Nord,Phaethon_rubricauda,0.0
Marutea_Sud,Phaethon_rubricauda,0.0
Mataiva,Phaethon_rubricauda,81.0
Matureivavao,Phaethon_rubricauda,217.0
Maupihaa,Phaethon_rubricauda,48.0
McKean,Phaethon_rubricauda,68.0
Midway,Phaethon_rubricauda,3000.0
Miladhunmadulu,Phaethon_rubricauda,0.0
Mili,Phaethon_rubricauda,0.0
Minicoy,Phaethon_rubricauda,0.0
Mokil,Phaethon_rubricauda,0.0
Morane,Phaethon_rubricauda,33.0
Moruroa,Phaethon_rubricauda,477.0
Motu_One,Phaethon_rubricauda,0.0
Motutunga,Phaethon_rubricauda,0.0
Mulaku,Phaethon_rubricauda,0.0
Murilo,Phaethon_rubricauda,0.0
Namoluk,Phaethon_rubricauda,0.0
Namonuito,Phaethon_rubricauda,0.0
Namorik,Phaethon_rubricauda,0.0
Namu,Phaethon_rubricauda,0.0
Nanumanga,Phaethon_rubricauda,0.0
Nanumea,Phaethon_rubricauda,0.0
Napuka,Phaethon_rubricauda,0.0
Nengonengo,Phaethon_rubricauda,0.0
Ngcheangel,Phaethon_rubricauda,0.0
Ngulu,Phaethon_rubricauda,0.0
Niau,Phaethon_rubricauda,0.0
Nihiru,Phaethon_rubricauda,0.0
Nikumaroro,Phaethon_rubricauda,200.0
Nikunau,Phaethon_rubricauda,0.0
Ninigo,Phaethon_rubricauda,0.0
Niutao,Phaethon_rubricauda,0.0
Nomwin,Phaethon_rubricauda,0.0
Nonouti,Phaethon_rubricauda,0.0
North_Male,Phaethon_rubricauda,0.0
North_Nilandhe,Phaethon_rubricauda,0.0
Nuguria,Phaethon_rubricauda,0.0
Nui,Phaethon_rubricauda,0.0
Nukapu,Phaethon_rubricauda,0.0
Nukufetau,Phaethon_rubricauda,0.0
Nukulaelae,Phaethon_rubricauda,0.0
Nukumanu,Phaethon_rubricauda,0.0
Nukumbasanga,Phaethon_rubricauda,0.0
Nukunonu,Phaethon_rubricauda,20.0
Nukuoro,Phaethon_rubricauda,0.0
Nukutepipi,Phaethon_rubricauda,208.0
Numa_Miombilou,Phaethon_rubricauda,0.0
Nupani,Phaethon_rubricauda,0.0
Oeno,Phaethon_rubricauda,1440.0
Olimarao,Phaethon_rubricauda,0.0
Onotoa,Phaethon_rubricauda,21.0
Ontong_Java,Phaethon_rubricauda,0.0
Oroluk,Phaethon_rubricauda,0.0
Orona,Phaethon_rubricauda,100.0
Pakin,Phaethon_rubricauda,0.0
Palmerston,Phaethon_rubricauda,116.0
Palmyra,Phaethon_rubricauda,261.0
Paraoa,Phaethon_rubricauda,18.0
Pearl_and_Hermes,Phaethon_rubricauda,100.0
Peremul_Par,Phaethon_rubricauda,0.0
Peros_Banhos,Phaethon_rubricauda,0.0
Pinaki,Phaethon_rubricauda,0.0
Pingelap,Phaethon_rubricauda,0.0
Pinipel,Phaethon_rubricauda,0.0
Pukapuka,Phaethon_rubricauda,0.0
Puka-Puka,Phaethon_rubricauda,0.0
Pukarua,Phaethon_rubricauda,0.0
Pulap,Phaethon_rubricauda,0.0
Pulusuk,Phaethon_rubricauda,0.0
Puluwat,Phaethon_rubricauda,0.0
Qelelevu,Phaethon_rubricauda,0.0
Rakahanga,Phaethon_rubricauda,0.0
Rangiroa,Phaethon_rubricauda,0.0
Raraka,Phaethon_rubricauda,0.0
Raroia,Phaethon_rubricauda,147.0
Rasdhoo,Phaethon_rubricauda,0.0
Ravahere,Phaethon_rubricauda,0.0
Rawaki,Phaethon_rubricauda,200.0
Reao,Phaethon_rubricauda,0.0
Redlick,Phaethon_rubricauda,0.0
Reitoru,Phaethon_rubricauda,78.0
Rekareka,Phaethon_rubricauda,0.0
Rongelap,Phaethon_rubricauda,0.0
Rongerik,Phaethon_rubricauda,0.0
Rose,Phaethon_rubricauda,42.0
Rowa,Phaethon_rubricauda,0.0
Saloman,Phaethon_rubricauda,0.0
Sama,Phaethon_rubricauda,0.0
Samasuma,Phaethon_rubricauda,0.0
Sapwuahfik,Phaethon_rubricauda,0.0
Satawan,Phaethon_rubricauda,0.0
Scilly,Phaethon_rubricauda,0.0
Sorol,Phaethon_rubricauda,2.0
South_Maalhosmadulu,Phaethon_rubricauda,0.0
South_Nilandhe,Phaethon_rubricauda,0.0
St_Francois,Phaethon_rubricauda,0.0
St_Joseph,Phaethon_rubricauda,0.0
Starbuck,Phaethon_rubricauda,10.0
Suheli_Par,Phaethon_rubricauda,0.0
Surprise,Phaethon_rubricauda,6.0
Suwarrow,Phaethon_rubricauda,764.0
Swains,Phaethon_rubricauda,0.0
Tabiteuea,Phaethon_rubricauda,0.0
Tabuaeran,Phaethon_rubricauda,0.0
Taenga,Phaethon_rubricauda,0.0
Tahanea,Phaethon_rubricauda,0.0
Taiaro,Phaethon_rubricauda,0.0
Taka,Phaethon_rubricauda,54.0
Takapoto,Phaethon_rubricauda,0.0
Takaroa,Phaethon_rubricauda,0.0
Takume,Phaethon_rubricauda,0.0
Takuu,Phaethon_rubricauda,0.0
Tarawa,Phaethon_rubricauda,0.0
Tatakoto,Phaethon_rubricauda,0.0
Tauere,Phaethon_rubricauda,0.0
Tekokota,Phaethon_rubricauda,0.0
Temitangi,Phaethon_rubricauda,374.0
Temoe,Phaethon_rubricauda,1600.0
Tenararo,Phaethon_rubricauda,1600.0
Tenaruga,Phaethon_rubricauda,0.0
Tepoto,Phaethon_rubricauda,0.0
Teraina,Phaethon_rubricauda,0.0
Tetiaroa,Phaethon_rubricauda,0.0
Thiladhunmathi,Phaethon_rubricauda,0.0
Tikehau,Phaethon_rubricauda,0.0
Toau,Phaethon_rubricauda,0.0
Tongareva,Phaethon_rubricauda,72.0
Tuanake,Phaethon_rubricauda,0.0
Tubbataha,Phaethon_rubricauda,0.0
Tupai,Phaethon_rubricauda,0.0
Tureia,Phaethon_rubricauda,0.0
Ujae,Phaethon_rubricauda,0.0
Ujelang,Phaethon_rubricauda,0.0
Ulithi,Phaethon_rubricauda,0.0
Utirik,Phaethon_rubricauda,0.0
Vahanga,Phaethon_rubricauda,20.0
Vahitahi,Phaethon_rubricauda,0.0
Vairaatea,Phaethon_rubricauda,0.0
Vaitupu,Phaethon_rubricauda,0.0
Vanavana,Phaethon_rubricauda,0.0
Vattaru,Phaethon_rubricauda,0.0
Wailagilala,Phaethon_rubricauda,0.0
Wake,Phaethon_rubricauda,30.0
West_Fayu,Phaethon_rubricauda,0.0
Woleai,Phaethon_rubricauda,0.0
Wotho,Phaethon_rubricauda,0.0
Wotje,Phaethon_rubricauda,0.0
Abaiang,Pterodroma_alba,0.0
Abariringa,Pterodroma_alba,20.0
Abemama,Pterodroma_alba,0.0
Addu,Pterodroma_alba,0.0
Ahe,Pterodroma_alba,0.0
Ahunui,Pterodroma_alba,0.0
Ailinginae,Pterodroma_alba,0.0
Ailinglaplap,Pterodroma_alba,0.0
Ailuk,Pterodroma_alba,0.0
Aldabra,Pterodroma_alba,0.0
Alphonse,Pterodroma_alba,0.0
Amanu,Pterodroma_alba,0.0
Anaa,Pterodroma_alba,0.0
Analtin,Pterodroma_alba,0.0
Ant,Pterodroma_alba,0.0
Anuanuraro,Pterodroma_alba,0.0
Anuanurunga,Pterodroma_alba,0.0
Apataki,Pterodroma_alba,0.0
Aranuka,Pterodroma_alba,0.0
Aratika,Pterodroma_alba,0.0
Ari,Pterodroma_alba,0.0
Arno,Pterodroma_alba,0.0
Arutua,Pterodroma_alba,0.0
Astove,Pterodroma_alba,0.0
Atafu,Pterodroma_alba,0.0
Aur,Pterodroma_alba,0.0
Awin,Pterodroma_alba,0.0
Bangaram,Pterodroma_alba,0.0
Beautemps-Beaupre,Pterodroma_alba,0.0
Bellona,Pterodroma_alba,0.0
Beru,Pterodroma_alba,0.0
Bikar,Pterodroma_alba,0.0
Bikini,Pterodroma_alba,0.0
Birnie,Pterodroma_alba,0.0
Bitra_Par,Pterodroma_alba,0.0
Bokaak,Pterodroma_alba,0.0
Bramble_Haven,Pterodroma_alba,0.0
Budibudi,Pterodroma_alba,0.0
Butaritari,Pterodroma_alba,0.0
Byramgore,Pterodroma_alba,0.0
Caroline,Pterodroma_alba,0.0
Cherbaniani,Pterodroma_alba,0.0
Chesterfield,Pterodroma_alba,0.0
Chetlat,Pterodroma_alba,0.0
Clipperton,Pterodroma_alba,0.0
Cocos,Pterodroma_alba,0.0
Conflict,Pterodroma_alba,0.0
Cosmoledo,Pterodroma_alba,0.0
Diego_Garcia,Pterodroma_alba,0.0
Ducie,Pterodroma_alba,0.0
Eauripik,Pterodroma_alba,0.0
Ebon,Pterodroma_alba,0.0
Egmont,Pterodroma_alba,0.0
Egum,Pterodroma_alba,0.0
Elato,Pterodroma_alba,0.0
Enderbury,Pterodroma_alba,0.0
Eniwetok,Pterodroma_alba,0.0
Erikub,Pterodroma_alba,0.0
Etal,Pterodroma_alba,0.0
Europa,Pterodroma_alba,0.0
Faadhippolhu,Pterodroma_alba,0.0
Faaite,Pterodroma_alba,0.0
Fakahina,Pterodroma_alba,0.0
Fakaofo,Pterodroma_alba,0.0
Fakarava,Pterodroma_alba,0.0
Fangatau,Pterodroma_alba,0.0
Fangataufa,Pterodroma_alba,0.0
Faraulep,Pterodroma_alba,0.0
Farquhar,Pterodroma_alba,0.0
Felidhu,Pterodroma_alba,0.0
French_Frigate_Shoals,Pterodroma_alba,0.0
Funafuti,Pterodroma_alba,0.0
Gaafaru,Pterodroma_alba,0.0
Glorioso,Pterodroma_alba,0.0
Great_Chagos_Bank,Pterodroma_alba,0.0
Haddhunmathi,Pterodroma_alba,0.0
Hao,Pterodroma_alba,0.0
Haraiki,Pterodroma_alba,0.0
Helen,Pterodroma_alba,0.0
Hereheretui,Pterodroma_alba,0.0
Hikueru,Pterodroma_alba,0.0
Hiti,Pterodroma_alba,0.0
Huon,Pterodroma_alba,0.0
Huvadhu,Pterodroma_alba,0.0
Ifalik,Pterodroma_alba,0.0
Ihavandhippolu,Pterodroma_alba,0.0
Jaluit,Pterodroma_alba,0.0
Jemo,Pterodroma_alba,0.0
Johnston,Pterodroma_alba,0.0
Kademat,Pterodroma_alba,0.0
Kalpeni,Pterodroma_alba,0.0
Kapingamarangi,Pterodroma_alba,0.0
Katiu,Pterodroma_alba,0.0
Kauehi,Pterodroma_alba,0.0
Kaukura,Pterodroma_alba,0.0
Kavaratti,Pterodroma_alba,0.0
Kilinailau,Pterodroma_alba,0.0
Kiltan,Pterodroma_alba,0.0
Kiritimati,Pterodroma_alba,6100.0
Kolhumadulu,Pterodroma_alba,0.0
Kuop,Pterodroma_alba,0.0
Kure,Pterodroma_alba,0.0
Kuria,Pterodroma_alba,0.0
Kwajalein,Pterodroma_alba,0.0
Lae,Pterodroma_alba,0.0
Lamotrek,Pterodroma_alba,0.0
Laualau,Pterodroma_alba,0.0
Laysan,Pterodroma_alba,0.0
Lib,Pterodroma_alba,0.0
Likiep,Pterodroma_alba,0.0
Liot,Pterodroma_alba,0.0
Lisianski,Pterodroma_alba,0.0
Long_Reef,Pterodroma_alba,0.0
Losap,Pterodroma_alba,0.0
Lukunor,Pterodroma_alba,0.0
Maalhosmadulu,Pterodroma_alba,0.0
Maiana,Pterodroma_alba,0.0
Majuro,Pterodroma_alba,0.0
Makemo,Pterodroma_alba,0.0
Makunudhoo,Pterodroma_alba,0.0
Malden,Pterodroma_alba,0.0
Maloelap,Pterodroma_alba,0.0
Malum,Pterodroma_alba,0.0
Manihi,Pterodroma_alba,0.0
Manihiki,Pterodroma_alba,0.0
Manra,Pterodroma_alba,0.0
Manuae,Pterodroma_alba,0.0
Manuhangi,Pterodroma_alba,0.0
Marakei,Pterodroma_alba,0.0
Maria,Pterodroma_alba,0.0
Maria_Est,Pterodroma_alba,0.0
Marokau,Pterodroma_alba,0.0
Marutea_Nord,Pterodroma_alba,0.0
Marutea_Sud,Pterodroma_alba,0.0
Mataiva,Pterodroma_alba,0.0
Matureivavao,Pterodroma_alba,0.0
Maupihaa,Pterodroma_alba,0.0
McKean,Pterodroma_alba,0.0
Midway,Pterodroma_alba,0.0
Miladhunmadulu,Pterodroma_alba,0.0
Mili,Pterodroma_alba,0.0
Minicoy,Pterodroma_alba,0.0
Mokil,Pterodroma_alba,0.0
Morane,Pterodroma_alba,0.0
Moruroa,Pterodroma_alba,0.0
Motu_One,Pterodroma_alba,0.0
Motutunga,Pterodroma_alba,0.0
Mulaku,Pterodroma_alba,0.0
Murilo,Pterodroma_alba,0.0
Namoluk,Pterodroma_alba,0.0
Namonuito,Pterodroma_alba,0.0
Namorik,Pterodroma_alba,0.0
Namu,Pterodroma_alba,0.0
Nanumanga,Pterodroma_alba,0.0
Nanumea,Pterodroma_alba,0.0
Napuka,Pterodroma_alba,0.0
Nengonengo,Pterodroma_alba,0.0
Ngcheangel,Pterodroma_alba,0.0
Ngulu,Pterodroma_alba,0.0
Niau,Pterodroma_alba,0.0
Nihiru,Pterodroma_alba,0.0
Nikumaroro,Pterodroma_alba,0.0
Nikunau,Pterodroma_alba,0.0
Ninigo,Pterodroma_alba,0.0
Niutao,Pterodroma_alba,0.0
Nomwin,Pterodroma_alba,0.0
Nonouti,Pterodroma_alba,0.0
North_Male,Pterodroma_alba,0.0
North_Nilandhe,Pterodroma_alba,0.0
Nuguria,Pterodroma_alba,0.0
Nui,Pterodroma_alba,0.0
Nukapu,Pterodroma_alba,0.0
Nukufetau,Pterodroma_alba,0.0
Nukulaelae,Pterodroma_alba,0.0
Nukumanu,Pterodroma_alba,0.0
Nukumbasanga,Pterodroma_alba,0.0
Nukunonu,Pterodroma_alba,0.0
Nukuoro,Pterodroma_alba,0.0
Nukutepipi,Pterodroma_alba,0.0
Numa_Miombilou,Pterodroma_alba,0.0
Nupani,Pterodroma_alba,0.0
Oeno,Pterodroma_alba,32.0
Olimarao,Pterodroma_alba,0.0
Onotoa,Pterodroma_alba,0.0
Ontong_Java,Pterodroma_alba,0.0
Oroluk,Pterodroma_alba,0.0
Orona,Pterodroma_alba,0.0
Pakin,Pterodroma_alba,0.0
Palmerston,Pterodroma_alba,0.0
Palmyra,Pterodroma_alba,0.0
Paraoa,Pterodroma_alba,0.0
Pearl_and_Hermes,Pterodroma_alba,0.0
Peremul_Par,Pterodroma_alba,0.0
Peros_Banhos,Pterodroma_alba,0.0
Pinaki,Pterodroma_alba,0.0
Pingelap,Pterodroma_alba,0.0
Pinipel,Pterodroma_alba,0.0
Pukapuka,Pterodroma_alba,0.0
Puka-Puka,Pterodroma_alba,0.0
Pukarua,Pterodroma_alba,0.0
Pulap,Pterodroma_alba,0.0
Pulusuk,Pterodroma_alba,0.0
Puluwat,Pterodroma_alba,0.0
Qelelevu,Pterodroma_alba,0.0
Rakahanga,Pterodroma_alba,0.0
Rangiroa,Pterodroma_alba,0.0
Raraka,Pterodroma_alba,0.0
Raroia,Pterodroma_alba,0.0
Rasdhoo,Pterodroma_alba,0.0
Ravahere,Pterodroma_alba,0.0
Rawaki,Pterodroma_alba,100.0
Reao,Pterodroma_alba,0.0
Redlick,Pterodroma_alba,0.0
Reitoru,Pterodroma_alba,0.0
Rekareka,Pterodroma_alba,0.0
Rongelap,Pterodroma_alba,0.0
Rongerik,Pterodroma_alba,0.0
Rose,Pterodroma_alba,0.0
Rowa,Pterodroma_alba,0.0
Saloman,Pterodroma_alba,0.0
Sama,Pterodroma_alba,0.0
Samasuma,Pterodroma_alba,0.0
Sapwuahfik,Pterodroma_alba,0.0
Satawan,Pterodroma_alba,0.0
Scilly,Pterodroma_alba,0.0
Sorol,Pterodroma_alba,0.0
South_Maalhosmadulu,Pterodroma_alba,0.0
South_Nilandhe,Pterodroma_alba,0.0
St_Francois,Pterodroma_alba,0.0
St_Joseph,Pterodroma_alba,0.0
Starbuck,Pterodroma_alba,0.0
Suheli_Par,Pterodroma_alba,0.0
Surprise,Pterodroma_alba,0.0
Suwarrow,Pterodroma_alba,0.0
Swains,Pterodroma_alba,0.0
Tabiteuea,Pterodroma_alba,0.0
Tabuaeran,Pterodroma_alba,0.0
Taenga,Pterodroma_alba,0.0
Tahanea,Pterodroma_alba,0.0
Taiaro,Pterodroma_alba,0.0
Taka,Pterodroma_alba,0.0
Takapoto,Pterodroma_alba,0.0
Takaroa,Pterodroma_alba,0.0
Takume,Pterodroma_alba,0.0
Takuu,Pterodroma_alba,0.0
Tarawa,Pterodroma_alba,0.0
Tatakoto,Pterodroma_alba,0.0
Tauere,Pterodroma_alba,0.0
Tekokota,Pterodroma_alba,0.0
Temitangi,Pterodroma_alba,0.0
Temoe,Pterodroma_alba,0.0
Tenararo,Pterodroma_alba,0.0
Tenaruga,Pterodroma_alba,0.0
Tepoto,Pterodroma_alba,0.0
Teraina,Pterodroma_alba,0.0
Tetiaroa,Pterodroma_alba,0.0
Thiladhunmathi,Pterodroma_alba,0.0
Tikehau,Pterodroma_alba,0.0
Toau,Pterodroma_alba,0.0
Tongareva,Pterodroma_alba,0.0
Tuanake,Pterodroma_alba,0.0
Tubbataha,Pterodroma_alba,0.0
Tupai,Pterodroma_alba,0.0
Tureia,Pterodroma_alba,0.0
Ujae,Pterodroma_alba,0.0
Ujelang,Pterodroma_alba,0.0
Ulithi,Pterodroma_alba,0.0
Utirik,Pterodroma_alba,0.0
Vahanga,Pterodroma_alba,0.0
Vahitahi,Pterodroma_alba,0.0
Vairaatea,Pterodroma_alba,0.0
Vaitupu,Pterodroma_alba,0.0
Vanavana,Pterodroma_alba,0.0
Vattaru,Pterodroma_alba,0.0
Wailagilala,Pterodroma_alba,0.0
Wake,Pterodroma_alba,0.0
West_Fayu,Pterodroma_alba,0.0
Woleai,Pterodroma_alba,0.0
Wotho,Pterodroma_alba,0.0
Wotje,Pterodroma_alba,0.0
Abaiang,Fregata_ariel,0.0
Abariringa,Fregata_ariel,100.0
Abemama,Fregata_ariel,0.0
Addu,Fregata_ariel,0.0
Ahe,Fregata_ariel,0.0
Ahunui,Fregata_ariel,519.0
Ailinginae,Fregata_ariel,0.0
Ailinglaplap,Fregata_ariel,0.0
Ailuk,Fregata_ariel,0.0
Aldabra,Fregata_ariel,13200.0
Alphonse,Fregata_ariel,0.0
Amanu,Fregata_ariel,0.0
Anaa,Fregata_ariel,0.0
Analtin,Fregata_ariel,0.0
Ant,Fregata_ariel,0.0
Anuanuraro,Fregata_ariel,0.0
Anuanurunga,Fregata_ariel,496.0
Apataki,Fregata_ariel,0.0
Aranuka,Fregata_ariel,0.0
Aratika,Fregata_ariel,0.0
Ari,Fregata_ariel,0.0
Arno,Fregata_ariel,0.0
Arutua,Fregata_ariel,0.0
Astove,Fregata_ariel,0.0
Atafu,Fregata_ariel,0.0
Aur,Fregata_ariel,0.0
Awin,Fregata_ariel,0.0
Bangaram,Fregata_ariel,0.0
Beautemps-Beaupre,Fregata_ariel,2.0
Bellona,Fregata_ariel,800.0
Beru,Fregata_ariel,0.0
Bikar,Fregata_ariel,0.0
Bikini,Fregata_ariel,0.0
Birnie,Fregata_ariel,20.0
Bitra_Par,Fregata_ariel,0.0
Bokaak,Fregata_ariel,0.0
Bramble_Haven,Fregata_ariel,0.0
Budibudi,Fregata_ariel,0.0
Butaritari,Fregata_ariel,7.0
Byramgore,Fregata_ariel,0.0
Caroline,Fregata_ariel,1000.0
Cherbaniani,Fregata_ariel,0.0
Chesterfield,Fregata_ariel,6492.0
Chetlat,Fregata_ariel,0.0
Clipperton,Fregata_ariel,0.0
Cocos,Fregata_ariel,3000.0
Conflict,Fregata_ariel,0.0
Cosmoledo,Fregata_ariel,30.0
Diego_Garcia,Fregata_ariel,0.0
Ducie,Fregata_ariel,0.0
Eauripik,Fregata_ariel,0.0
Ebon,Fregata_ariel,0.0
Egmont,Fregata_ariel,0.0
Egum,Fregata_ariel,0.0
Elato,Fregata_ariel,0.0
Enderbury,Fregata_ariel,8000.0
Eniwetok,Fregata_ariel,0.0
Erikub,Fregata_ariel,114.0
Etal,Fregata_ariel,0.0
Europa,Fregata_ariel,4000.0
Faadhippolhu,Fregata_ariel,0.0
Faaite,Fregata_ariel,0.0
Fakahina,Fregata_ariel,0.0
Fakaofo,Fregata_ariel,0.0
Fakarava,Fregata_ariel,0.0
Fangatau,Fregata_ariel,0.0
Fangataufa,Fregata_ariel,0.0
Faraulep,Fregata_ariel,0.0
Farquhar,Fregata_ariel,0.0
Felidhu,Fregata_ariel,0.0
French_Frigate_Shoals,Fregata_ariel,0.0
Funafuti,Fregata_ariel,0.0
Gaafaru,Fregata_ariel,0.0
Glorioso,Fregata_ariel,0.0
Great_Chagos_Bank,Fregata_ariel,130.0
Haddhunmathi,Fregata_ariel,0.0
Hao,Fregata_ariel,0.0
Haraiki,Fregata_ariel,0.0
Helen,Fregata_ariel,100.0
Hereheretui,Fregata_ariel,0.0
Hikueru,Fregata_ariel,0.0
Hiti,Fregata_ariel,0.0
Huon,Fregata_ariel,0.0
Huvadhu,Fregata_ariel,0.0
Ifalik,Fregata_ariel,0.0
Ihavandhippolu,Fregata_ariel,0.0
Jaluit,Fregata_ariel,79.0
Jemo,Fregata_ariel,0.0
Johnston,Fregata_ariel,0.0
Kademat,Fregata_ariel,0.0
Kalpeni,Fregata_ariel,0.0
Kapingamarangi,Fregata_ariel,0.0
Katiu,Fregata_ariel,0.0
Kauehi,Fregata_ariel,0.0
Kaukura,Fregata_ariel,157.0
Kavaratti,Fregata_ariel,0.0
Kilinailau,Fregata_ariel,0.0
Kiltan,Fregata_ariel,0.0
Kiritimati,Fregata_ariel,100.0
Kolhumadulu,Fregata_ariel,0.0
Kuop,Fregata_ariel,0.0
Kure,Fregata_ariel,0.0
Kuria,Fregata_ariel,0.0
Kwajalein,Fregata_ariel,0.0
Lae,Fregata_ariel,0.0
Lamotrek,Fregata_ariel,0.0
Laualau,Fregata_ariel,0.0
Laysan,Fregata_ariel,0.0
Lib,Fregata_ariel,0.0
Likiep,Fregata_ariel,0.0
Liot,Fregata_ariel,0.0
Lisianski,Fregata_ariel,0.0
Long_Reef,Fregata_ariel,0.0
Losap,Fregata_ariel,0.0
Lukunor,Fregata_ariel,0.0
Maalhosmadulu,Fregata_ariel,0.0
Maiana,Fregata_ariel,95.0
Majuro,Fregata_ariel,0.0
Makemo,Fregata_ariel,0.0
Makunudhoo,Fregata_ariel,0.0
Malden,Fregata_ariel,30000.0
Maloelap,Fregata_ariel,0.0
Malum,Fregata_ariel,0.0
Manihi,Fregata_ariel,0.0
Manihiki,Fregata_ariel,0.0
Manra,Fregata_ariel,200.0
Manuae,Fregata_ariel,0.0
Manuhangi,Fregata_ariel,0.0
Marakei,Fregata_ariel,0.0
Maria,Fregata_ariel,0.0
Maria_Est,Fregata_ariel,531.0
Marokau,Fregata_ariel,0.0
Marutea_Nord,Fregata_ariel,0.0
Marutea_Sud,Fregata_ariel,0.0
Mataiva,Fregata_ariel,278.0
Matureivavao,Fregata_ariel,0.0
Maupihaa,Fregata_ariel,228.0
McKean,Fregata_ariel,85000.0
Midway,Fregata_ariel,0.0
Miladhunmadulu,Fregata_ariel,0.0
Mili,Fregata_ariel,37.0
Minicoy,Fregata_ariel,0.0
Mokil,Fregata_ariel,0.0
Morane,Fregata_ariel,0.0
Moruroa,Fregata_ariel,0.0
Motu_One,Fregata_ariel,0.0
Motutunga,Fregata_ariel,0.0
Mulaku,Fregata_ariel,0.0
Murilo,Fregata_ariel,0.0
Namoluk,Fregata_ariel,0.0
Namonuito,Fregata_ariel,0.0
Namorik,Fregata_ariel,0.0
Namu,Fregata_ariel,0.0
Nanumanga,Fregata_ariel,0.0
Nanumea,Fregata_ariel,0.0
Napuka,Fregata_ariel,0.0
Nengonengo,Fregata_ariel,340.0
Ngcheangel,Fregata_ariel,0.0
Ngulu,Fregata_ariel,0.0
Niau,Fregata_ariel,0.0
Nihiru,Fregata_ariel,0.0
Nikumaroro,Fregata_ariel,120.0
Nikunau,Fregata_ariel,0.0
Ninigo,Fregata_ariel,0.0
Niutao,Fregata_ariel,0.0
Nomwin,Fregata_ariel,0.0
Nonouti,Fregata_ariel,94.0
North_Male,Fregata_ariel,0.0
North_Nilandhe,Fregata_ariel,0.0
Nuguria,Fregata_ariel,21.0
Nui,Fregata_ariel,0.0
Nukapu,Fregata_ariel,59.0
Nukufetau,Fregata_ariel,0.0
Nukulaelae,Fregata_ariel,0.0
Nukumanu,Fregata_ariel,50.0
Nukumbasanga,Fregata_ariel,0.0
Nukunonu,Fregata_ariel,0.0
Nukuoro,Fregata_ariel,0.0
Nukutepipi,Fregata_ariel,0.0
Numa_Miombilou,Fregata_ariel,0.0
Nupani,Fregata_ariel,200.0
Oeno,Fregata_ariel,0.0
Olimarao,Fregata_ariel,0.0
Onotoa,Fregata_ariel,176.0
Ontong_Java,Fregata_ariel,0.0
Oroluk,Fregata_ariel,0.0
Orona,Fregata_ariel,1200.0
Pakin,Fregata_ariel,0.0
Palmerston,Fregata_ariel,0.0
Palmyra,Fregata_ariel,0.0
Paraoa,Fregata_ariel,525.0
Pearl_and_Hermes,Fregata_ariel,0.0
Peremul_Par,Fregata_ariel,0.0
Peros_Banhos,Fregata_ariel,10.0
Pinaki,Fregata_ariel,0.0
Pingelap,Fregata_ariel,0.0
Pinipel,Fregata_ariel,0.0
Pukapuka,Fregata_ariel,226.0
Puka-Puka,Fregata_ariel,0.0
Pukarua,Fregata_ariel,0.0
Pulap,Fregata_ariel,0.0
Pulusuk,Fregata_ariel,0.0
Puluwat,Fregata_ariel,0.0
Qelelevu,Fregata_ariel,10080.0
Rakahanga,Fregata_ariel,0.0
Rangiroa,Fregata_ariel,0.0
Raraka,Fregata_ariel,420.0
Raroia,Fregata_ariel,0.0
Rasdhoo,Fregata_ariel,0.0
Ravahere,Fregata_ariel,0.0
Rawaki,Fregata_ariel,30000.0
Reao,Fregata_ariel,0.0
Redlick,Fregata_ariel,0.0
Reitoru,Fregata_ariel,1200.0
Rekareka,Fregata_ariel,0.0
Rongelap,Fregata_ariel,0.0
Rongerik,Fregata_ariel,0.0
Rose,Fregata_ariel,62.0
Rowa,Fregata_ariel,0.0
Saloman,Fregata_ariel,0.0
Sama,Fregata_ariel,0.0
Samasuma,Fregata_ariel,0.0
Sapwuahfik,Fregata_ariel,0.0
Satawan,Fregata_ariel,0.0
Scilly,Fregata_ariel,352.0
Sorol,Fregata_ariel,0.0
South_Maalhosmadulu,Fregata_ariel,0.0
South_Nilandhe,Fregata_ariel,0.0
St_Francois,Fregata_ariel,0.0
St_Joseph,Fregata_ariel,0.0
Starbuck,Fregata_ariel,15.0
Suheli_Par,Fregata_ariel,0.0
Surprise,Fregata_ariel,2481.0
Suwarrow,Fregata_ariel,8500.0
Swains,Fregata_ariel,27.0
Tabiteuea,Fregata_ariel,105.0
Tabuaeran,Fregata_ariel,229.0
Taenga,Fregata_ariel,0.0
Tahanea,Fregata_ariel,310.0
Taiaro,Fregata_ariel,0.0
Taka,Fregata_ariel,0.0
Takapoto,Fregata_ariel,0.0
Takaroa,Fregata_ariel,0.0
Takume,Fregata_ariel,0.0
Takuu,Fregata_ariel,0.0
Tarawa,Fregata_ariel,35.0
Tatakoto,Fregata_ariel,0.0
Tauere,Fregata_ariel,0.0
Tekokota,Fregata_ariel,0.0
Temitangi,Fregata_ariel,0.0
Temoe,Fregata_ariel,0.0
Tenararo,Fregata_ariel,0.0
Tenaruga,Fregata_ariel,0.0
Tepoto,Fregata_ariel,0.0
Teraina,Fregata_ariel,0.0
Tetiaroa,Fregata_ariel,177.0
Thiladhunmathi,Fregata_ariel,0.0
Tikehau,Fregata_ariel,0.0
Toau,Fregata_ariel,175.0
Tongareva,Fregata_ariel,311.0
Tuanake,Fregata_ariel,0.0
Tubbataha,Fregata_ariel,0.0
Tupai,Fregata_ariel,0.0
Tureia,Fregata_ariel,0.0
Ujae,Fregata_ariel,0.0
Ujelang,Fregata_ariel,0.0
Ulithi,Fregata_ariel,72.0
Utirik,Fregata_ariel,0.0
Vahanga,Fregata_ariel,0.0
Vahitahi,Fregata_ariel,0.0
Vairaatea,Fregata_ariel,0.0
Vaitupu,Fregata_ariel,0.0
Vanavana,Fregata_ariel,0.0
Vattaru,Fregata_ariel,0.0
Wailagilala,Fregata_ariel,505.0
Wake,Fregata_ariel,0.0
West_Fayu,Fregata_ariel,0.0
Woleai,Fregata_ariel,0.0
Wotho,Fregata_ariel,0.0
Wotje,Fregata_ariel,0.0
Abaiang,Fregata_minor,0.0
Abariringa,Fregata_minor,20.0
Abemama,Fregata_minor,0.0
Addu,Fregata_minor,0.0
Ahe,Fregata_minor,0.0
Ahunui,Fregata_minor,0.0
Ailinginae,Fregata_minor,124.0
Ailinglaplap,Fregata_minor,0.0
Ailuk,Fregata_minor,181.0
Aldabra,Fregata_minor,8800.0
Alphonse,Fregata_minor,0.0
Amanu,Fregata_minor,0.0
Anaa,Fregata_minor,0.0
Analtin,Fregata_minor,0.0
Ant,Fregata_minor,75.0
Anuanuraro,Fregata_minor,0.0
Anuanurunga,Fregata_minor,0.0
Apataki,Fregata_minor,0.0
Aranuka,Fregata_minor,0.0
Aratika,Fregata_minor,0.0
Ari,Fregata_minor,0.0
Arno,Fregata_minor,0.0
Arutua,Fregata_minor,0.0
Astove,Fregata_minor,0.0
Atafu,Fregata_minor,0.0
Aur,Fregata_minor,0.0
Awin,Fregata_minor,0.0
Bangaram,Fregata_minor,0.0
Beautemps-Beaupre,Fregata_minor,20.0
Bellona,Fregata_minor,0.0
Beru,Fregata_minor,0.0
Bikar,Fregata_minor,950.0
Bikini,Fregata_minor,177.0
Birnie,Fregata_minor,0.0
Bitra_Par,Fregata_minor,0.0
Bokaak,Fregata_minor,6800.0
Bramble_Haven,Fregata_minor,0.0
Budibudi,Fregata_minor,0.0
Butaritari,Fregata_minor,60.0
Byramgore,Fregata_minor,0.0
Caroline,Fregata_minor,4854.0
Cherbaniani,Fregata_minor,0.0
Chesterfield,Fregata_minor,2636.0
Chetlat,Fregata_minor,0.0
Clipperton,Fregata_minor,642.0
Cocos,Fregata_minor,3000.0
Conflict,Fregata_minor,0.0
Cosmoledo,Fregata_minor,150.0
Diego_Garcia,Fregata_minor,0.0
Ducie,Fregata_minor,80.0
Eauripik,Fregata_minor,0.0
Ebon,Fregata_minor,0.0
Egmont,Fregata_minor,0.0
Egum,Fregata_minor,0.0
Elato,Fregata_minor,0.0
Enderbury,Fregata_minor,600.0
Eniwetok,Fregata_minor,200.0
Erikub,Fregata_minor,80.0
Etal,Fregata_minor,0.0
Europa,Fregata_minor,3000.0
Faadhippolhu,Fregata_minor,0.0
Faaite,Fregata_minor,0.0
Fakahina,Fregata_minor,0.0
Fakaofo,Fregata_minor,0.0
Fakarava,Fregata_minor,135.0
Fangatau,Fregata_minor,0.0
Fangataufa,Fregata_minor,50.0
Faraulep,Fregata_minor,0.0
Farquhar,Fregata_minor,0.0
Felidhu,Fregata_minor,0.0
French_Frigate_Shoals,Fregata_minor,1400.0
Funafuti,Fregata_minor,0.0
Gaafaru,Fregata_minor,0.0
Glorioso,Fregata_minor,0.0
Great_Chagos_Bank,Fregata_minor,1200.0
Haddhunmathi,Fregata_minor,0.0
Hao,Fregata_minor,0.0
Haraiki,Fregata_minor,0.0
Helen,Fregata_minor,25.0
Hereheretui,Fregata_minor,0.0
Hikueru,Fregata_minor,0.0
Hiti,Fregata_minor,0.0
Huon,Fregata_minor,0.0
Huvadhu,Fregata_minor,0.0
Ifalik,Fregata_minor,0.0
Ihavandhippolu,Fregata_minor,0.0
Jaluit,Fregata_minor,50.0
Jemo,Fregata_minor,15.0
Johnston,Fregata_minor,250.0
Kademat,Fregata_minor,0.0
Kalpeni,Fregata_minor,0.0
Kapingamarangi,Fregata_minor,55.0
Katiu,Fregata_minor,0.0
Kauehi,Fregata_minor,0.0
Kaukura,Fregata_minor,0.0
Kavaratti,Fregata_minor,0.0
Kilinailau,Fregata_minor,0.0
Kiltan,Fregata_minor,0.0
Kiritimati,Fregata_minor,800.0
Kolhumadulu,Fregata_minor,0.0
Kuop,Fregata_minor,0.0
Kure,Fregata_minor,450.0
Kuria,Fregata_minor,0.0
Kwajalein,Fregata_minor,8.0
Lae,Fregata_minor,0.0
Lamotrek,Fregata_minor,0.0
Laualau,Fregata_minor,0.0
Laysan,Fregata_minor,7000.0
Lib,Fregata_minor,0.0
Likiep,Fregata_minor,151.0
Liot,Fregata_minor,0.0
Lisianski,Fregata_minor,1600.0
Long_Reef,Fregata_minor,0.0
Losap,Fregata_minor,0.0
Lukunor,Fregata_minor,16.0
Maalhosmadulu,Fregata_minor,0.0
Maiana,Fregata_minor,0.0
Majuro,Fregata_minor,0.0
Makemo,Fregata_minor,0.0
Makunudhoo,Fregata_minor,0.0
Malden,Fregata_minor,6000.0
Maloelap,Fregata_minor,0.0
Malum,Fregata_minor,0.0
Manihi,Fregata_minor,0.0
Manihiki,Fregata_minor,0.0
Manra,Fregata_minor,0.0
Manuae,Fregata_minor,0.0
Manuhangi,Fregata_minor,0.0
Marakei,Fregata_minor,0.0
Maria,Fregata_minor,220.0
Maria_Est,Fregata_minor,148.0
Marokau,Fregata_minor,0.0
Marutea_Nord,Fregata_minor,0.0
Marutea_Sud,Fregata_minor,0.0
Mataiva,Fregata_minor,153.0
Matureivavao,Fregata_minor,122.0
Maupihaa,Fregata_minor,139.0
McKean,Fregata_minor,800.0
Midway,Fregata_minor,140.0
Miladhunmadulu,Fregata_minor,0.0
Mili,Fregata_minor,61.0
Minicoy,Fregata_minor,0.0
Mokil,Fregata_minor,0.0
Morane,Fregata_minor,173.0
Moruroa,Fregata_minor,278.0
Motu_One,Fregata_minor,153.0
Motutunga,Fregata_minor,0.0
Mulaku,Fregata_minor,0.0
Murilo,Fregata_minor,0.0
Namoluk,Fregata_minor,28.0
Namonuito,Fregata_minor,0.0
Namorik,Fregata_minor,0.0
Namu,Fregata_minor,117.0
Nanumanga,Fregata_minor,0.0
Nanumea,Fregata_minor,0.0
Napuka,Fregata_minor,0.0
Nengonengo,Fregata_minor,0.0
Ngcheangel,Fregata_minor,0.0
Ngulu,Fregata_minor,0.0
Niau,Fregata_minor,0.0
Nihiru,Fregata_minor,0.0
Nikumaroro,Fregata_minor,2.0
Nikunau,Fregata_minor,0.0
Ninigo,Fregata_minor,0.0
Niutao,Fregata_minor,0.0
Nomwin,Fregata_minor,0.0
Nonouti,Fregata_minor,0.0
North_Male,Fregata_minor,0.0
North_Nilandhe,Fregata_minor,0.0
Nuguria,Fregata_minor,26.0
Nui,Fregata_minor,0.0
Nukapu,Fregata_minor,14.0
Nukufetau,Fregata_minor,0.0
Nukulaelae,Fregata_minor,0.0
Nukumanu,Fregata_minor,50.0
Nukumbasanga,Fregata_minor,0.0
Nukunonu,Fregata_minor,0.0
Nukuoro,Fregata_minor,0.0
Nukutepipi,Fregata_minor,142.0
Numa_Miombilou,Fregata_minor,0.0
Nupani,Fregata_minor,10.0
Oeno,Fregata_minor,200.0
Olimarao,Fregata_minor,0.0
Onotoa,Fregata_minor,150.0
Ontong_Java,Fregata_minor,0.0
Oroluk,Fregata_minor,48.0
Orona,Fregata_minor,100.0
Pakin,Fregata_minor,0.0
Palmerston,Fregata_minor,0.0
Palmyra,Fregata_minor,400.0
Paraoa,Fregata_minor,40.0
Pearl_and_Hermes,Fregata_minor,700.0
Peremul_Par,Fregata_minor,0.0
Peros_Banhos,Fregata_minor,160.0
Pinaki,Fregata_minor,0.0
Pingelap,Fregata_minor,0.0
Pinipel,Fregata_minor,0.0
Pukapuka,Fregata_minor,0.0
Puka-Puka,Fregata_minor,0.0
Pukarua,Fregata_minor,0.0
Pulap,Fregata_minor,0.0
Pulusuk,Fregata_minor,0.0
Puluwat,Fregata_minor,0.0
Qelelevu,Fregata_minor,0.0
Rakahanga,Fregata_minor,0.0
Rangiroa,Fregata_minor,109.0
Raraka,Fregata_minor,150.0
Raroia,Fregata_minor,0.0
Rasdhoo,Fregata_minor,0.0
Ravahere,Fregata_minor,0.0
Rawaki,Fregata_minor,20.0
Reao,Fregata_minor,0.0
Redlick,Fregata_minor,0.0
Reitoru,Fregata_minor,810.0
Rekareka,Fregata_minor,0.0
Rongelap,Fregata_minor,173.0
Rongerik,Fregata_minor,153.0
Rose,Fregata_minor,48.0
Rowa,Fregata_minor,0.0
Saloman,Fregata_minor,0.0
Sama,Fregata_minor,0.0
Samasuma,Fregata_minor,0.0
Sapwuahfik,Fregata_minor,0.0
Satawan,Fregata_minor,17.0
Scilly,Fregata_minor,164.0
Sorol,Fregata_minor,35.0
South_Maalhosmadulu,Fregata_minor,0.0
South_Nilandhe,Fregata_minor,0.0
St_Francois,Fregata_minor,0.0
St_Joseph,Fregata_minor,0.0
Starbuck,Fregata_minor,0.0
Suheli_Par,Fregata_minor,0.0
Surprise,Fregata_minor,378.0
Suwarrow,Fregata_minor,250.0
Swains,Fregata_minor,11.0
Tabiteuea,Fregata_minor,0.0
Tabuaeran,Fregata_minor,1000.0
Taenga,Fregata_minor,0.0
Tahanea,Fregata_minor,60.0
Taiaro,Fregata_minor,0.0
Taka,Fregata_minor,60.0
Takapoto,Fregata_minor,0.0
Takaroa,Fregata_minor,0.0
Takume,Fregata_minor,0.0
Takuu,Fregata_minor,45.0
Tarawa,Fregata_minor,0.0
Tatakoto,Fregata_minor,0.0
Tauere,Fregata_minor,0.0
Tekokota,Fregata_minor,0.0
Temitangi,Fregata_minor,0.0
Temoe,Fregata_minor,200.0
Tenararo,Fregata_minor,220.0
Tenaruga,Fregata_minor,0.0
Tepoto,Fregata_minor,0.0
Teraina,Fregata_minor,161.0
Tetiaroa,Fregata_minor,150.0
Thiladhunmathi,Fregata_minor,0.0
Tikehau,Fregata_minor,0.0
Toau,Fregata_minor,150.0
Tongareva,Fregata_minor,0.0
Tuanake,Fregata_minor,0.0
Tubbataha,Fregata_minor,0.0
Tupai,Fregata_minor,0.0
Tureia,Fregata_minor,0.0
Ujae,Fregata_minor,106.0
Ujelang,Fregata_minor,167.0
Ulithi,Fregata_minor,0.0
Utirik,Fregata_minor,0.0
Vahanga,Fregata_minor,200.0
Vahitahi,Fregata_minor,0.0
Vairaatea,Fregata_minor,0.0
Vaitupu,Fregata_minor,0.0
Vanavana,Fregata_minor,0.0
Vattaru,Fregata_minor,0.0
Wailagilala,Fregata_minor,0.0
Wake,Fregata_minor,225.0
West_Fayu,Fregata_minor,0.0
Woleai,Fregata_minor,0.0
Wotho,Fregata_minor,131.0
Wotje,Fregata_minor,100.0
Abaiang,Sula_dactylatra,0.0
Abariringa,Sula_dactylatra,20.0
Abemama,Sula_dactylatra,0.0
Addu,Sula_dactylatra,0.0
Ahe,Sula_dactylatra,0.0
Ahunui,Sula_dactylatra,0.0
Ailinginae,Sula_dactylatra,0.0
Ailinglaplap,Sula_dactylatra,0.0
Ailuk,Sula_dactylatra,0.0
Aldabra,Sula_dactylatra,0.0
Alphonse,Sula_dactylatra,0.0
Amanu,Sula_dactylatra,0.0
Anaa,Sula_dactylatra,0.0
Analtin,Sula_dactylatra,0.0
Ant,Sula_dactylatra,0.0
Anuanuraro,Sula_dactylatra,0.0
Anuanurunga,Sula_dactylatra,0.0
Apataki,Sula_dactylatra,0.0
Aranuka,Sula_dactylatra,0.0
Aratika,Sula_dactylatra,0.0
Ari,Sula_dactylatra,0.0
Arno,Sula_dactylatra,0.0
Arutua,Sula_dactylatra,0.0
Astove,Sula_dactylatra,0.0
Atafu,Sula_dactylatra,0.0
Aur,Sula_dactylatra,0.0
Awin,Sula_dactylatra,0.0
Bangaram,Sula_dactylatra,0.0
Beautemps-Beaupre,Sula_dactylatra,0.0
Bellona,Sula_dactylatra,198.0
Beru,Sula_dactylatra,0.0
Bikar,Sula_dactylatra,302.0
Bikini,Sula_dactylatra,0.0
Birnie,Sula_dactylatra,218.0
Bitra_Par,Sula_dactylatra,0.0
Bokaak,Sula_dactylatra,450.0
Bramble_Haven,Sula_dactylatra,0.0
Budibudi,Sula_dactylatra,0.0
Butaritari,Sula_dactylatra,0.0
Byramgore,Sula_dactylatra,0.0
Caroline,Sula_dactylatra,400.0
Cherbaniani,Sula_dactylatra,0.0
Chesterfield,Sula_dactylatra,1298.0
Chetlat,Sula_dactylatra,0.0
Clipperton,Sula_dactylatra,61339.0
Cocos,Sula_dactylatra,60.0
Conflict,Sula_dactylatra,0.0
Cosmoledo,Sula_dactylatra,8652.0
Diego_Garcia,Sula_dactylatra,0.0
Ducie,Sula_dactylatra,180.0
Eauripik,Sula_dactylatra,0.0
Ebon,Sula_dactylatra,0.0
Egmont,Sula_dactylatra,0.0
Egum,Sula_dactylatra,0.0
Elato,Sula_dactylatra,0.0
Enderbury,Sula_dactylatra,1000.0
Eniwetok,Sula_dactylatra,0.0
Erikub,Sula_dactylatra,0.0
Etal,Sula_dactylatra,0.0
Europa,Sula_dactylatra,0.0
Faadhippolhu,Sula_dactylatra,0.0
Faaite,Sula_dactylatra,0.0
Fakahina,Sula_dactylatra,0.0
Fakaofo,Sula_dactylatra,0.0
Fakarava,Sula_dactylatra,0.0
Fangatau,Sula_dactylatra,0.0
Fangataufa,Sula_dactylatra,50.0
Faraulep,Sula_dactylatra,0.0
Farquhar,Sula_dactylatra,0.0
Felidhu,Sula_dactylatra,0.0
French_Frigate_Shoals,Sula_dactylatra,1400.0
Funafuti,Sula_dactylatra,0.0
Gaafaru,Sula_dactylatra,0.0
Glorioso,Sula_dactylatra,0.0
Great_Chagos_Bank,Sula_dactylatra,280.0
Haddhunmathi,Sula_dactylatra,0.0
Hao,Sula_dactylatra,0.0
Haraiki,Sula_dactylatra,0.0
Helen,Sula_dactylatra,0.0
Hereheretui,Sula_dactylatra,0.0
Hikueru,Sula_dactylatra,0.0
Hiti,Sula_dactylatra,0.0
Huon,Sula_dactylatra,244.0
Huvadhu,Sula_dactylatra,0.0
Ifalik,Sula_dactylatra,0.0
Ihavandhippolu,Sula_dactylatra,0.0
Jaluit,Sula_dactylatra,0.0
Jemo,Sula_dactylatra,0.0
Johnston,Sula_dactylatra,110.0
Kademat,Sula_dactylatra,0.0
Kalpeni,Sula_dactylatra,0.0
Kapingamarangi,Sula_dactylatra,0.0
Katiu,Sula_dactylatra,0.0
Kauehi,Sula_dactylatra,0.0
Kaukura,Sula_dactylatra,0.0
Kavaratti,Sula_dactylatra,0.0
Kilinailau,Sula_dactylatra,0.0
Kiltan,Sula_dactylatra,0.0
Kiritimati,Sula_dactylatra,50.0
Kolhumadulu,Sula_dactylatra,0.0
Kuop,Sula_dactylatra,0.0
Kure,Sula_dactylatra,140.0
Kuria,Sula_dactylatra,0.0
Kwajalein,Sula_dactylatra,0.0
Lae,Sula_dactylatra,0.0
Lamotrek,Sula_dactylatra,0.0
Laualau,Sula_dactylatra,0.0
Laysan,Sula_dactylatra,850.0
Lib,Sula_dactylatra,0.0
Likiep,Sula_dactylatra,0.0
Liot,Sula_dactylatra,0.0
Lisianski,Sula_dactylatra,650.0
Long_Reef,Sula_dactylatra,0.0
Losap,Sula_dactylatra,0.0
Lukunor,Sula_dactylatra,0.0
Maalhosmadulu,Sula_dactylatra,0.0
Maiana,Sula_dactylatra,0.0
Majuro,Sula_dactylatra,0.0
Makemo,Sula_dactylatra,0.0
Makunudhoo,Sula_dactylatra,0.0
Malden,Sula_dactylatra,20000.0
Maloelap,Sula_dactylatra,0.0
Malum,Sula_dactylatra,0.0
Manihi,Sula_dactylatra,0.0
Manihiki,Sula_dactylatra,0.0
Manra,Sula_dactylatra,200.0
Manuae,Sula_dactylatra,0.0
Manuhangi,Sula_dactylatra,0.0
Marakei,Sula_dactylatra,0.0
Maria,Sula_dactylatra,0.0
Maria_Est,Sula_dactylatra,52.0
Marokau,Sula_dactylatra,0.0
Marutea_Nord,Sula_dactylatra,0.0
Marutea_Sud,Sula_dactylatra,0.0
Mataiva,Sula_dactylatra,0.0
Matureivavao,Sula_dactylatra,39.0
Maupihaa,Sula_dactylatra,15.0
McKean,Sula_dactylatra,800.0
Midway,Sula_dactylatra,10.0
Miladhunmadulu,Sula_dactylatra,0.0
Mili,Sula_dactylatra,0.0
Minicoy,Sula_dactylatra,0.0
Mokil,Sula_dactylatra,0.0
Morane,Sula_dactylatra,190.0
Moruroa,Sula_dactylatra,0.0
Motu_One,Sula_dactylatra,0.0
Motutunga,Sula_dactylatra,0.0
Mulaku,Sula_dactylatra,0.0
Murilo,Sula_dactylatra,0.0
Namoluk,Sula_dactylatra,0.0
Namonuito,Sula_dactylatra,0.0
Namorik,Sula_dactylatra,0.0
Namu,Sula_dactylatra,0.0
Nanumanga,Sula_dactylatra,0.0
Nanumea,Sula_dactylatra,0.0
Napuka,Sula_dactylatra,0.0
Nengonengo,Sula_dactylatra,43.0
Ngcheangel,Sula_dactylatra,0.0
Ngulu,Sula_dactylatra,0.0
Niau,Sula_dactylatra,0.0
Nihiru,Sula_dactylatra,0.0
Nikumaroro,Sula_dactylatra,8.0
Nikunau,Sula_dactylatra,0.0
Ninigo,Sula_dactylatra,0.0
Niutao,Sula_dactylatra,0.0
Nomwin,Sula_dactylatra,0.0
Nonouti,Sula_dactylatra,0.0
North_Male,Sula_dactylatra,0.0
North_Nilandhe,Sula_dactylatra,0.0
Nuguria,Sula_dactylatra,0.0
Nui,Sula_dactylatra,0.0
Nukapu,Sula_dactylatra,0.0
Nukufetau,Sula_dactylatra,0.0
Nukulaelae,Sula_dactylatra,43.0
Nukumanu,Sula_dactylatra,0.0
Nukumbasanga,Sula_dactylatra,0.0
Nukunonu,Sula_dactylatra,0.0
Nukuoro,Sula_dactylatra,0.0
Nukutepipi,Sula_dactylatra,0.0
Numa_Miombilou,Sula_dactylatra,0.0
Nupani,Sula_dactylatra,0.0
Oeno,Sula_dactylatra,550.0
Olimarao,Sula_dactylatra,0.0
Onotoa,Sula_dactylatra,0.0
Ontong_Java,Sula_dactylatra,0.0
Oroluk,Sula_dactylatra,0.0
Orona,Sula_dactylatra,2.0
Pakin,Sula_dactylatra,0.0
Palmerston,Sula_dactylatra,0.0
Palmyra,Sula_dactylatra,70.0
Paraoa,Sula_dactylatra,65.0
Pearl_and_Hermes,Sula_dactylatra,300.0
Peremul_Par,Sula_dactylatra,0.0
Peros_Banhos,Sula_dactylatra,48.0
Pinaki,Sula_dactylatra,0.0
Pingelap,Sula_dactylatra,0.0
Pinipel,Sula_dactylatra,0.0
Pukapuka,Sula_dactylatra,0.0
Puka-Puka,Sula_dactylatra,0.0
Pukarua,Sula_dactylatra,27.0
Pulap,Sula_dactylatra,0.0
Pulusuk,Sula_dactylatra,0.0
Puluwat,Sula_dactylatra,0.0
Qelelevu,Sula_dactylatra,0.0
Rakahanga,Sula_dactylatra,0.0
Rangiroa,Sula_dactylatra,0.0
Raraka,Sula_dactylatra,0.0
Raroia,Sula_dactylatra,0.0
Rasdhoo,Sula_dactylatra,0.0
Ravahere,Sula_dactylatra,0.0
Rawaki,Sula_dactylatra,2000.0
Reao,Sula_dactylatra,0.0
Redlick,Sula_dactylatra,0.0
Reitoru,Sula_dactylatra,104.0
Rekareka,Sula_dactylatra,0.0
Rongelap,Sula_dactylatra,0.0
Rongerik,Sula_dactylatra,0.0
Rose,Sula_dactylatra,24.0
Rowa,Sula_dactylatra,0.0
Saloman,Sula_dactylatra,0.0
Sama,Sula_dactylatra,0.0
Samasuma,Sula_dactylatra,0.0
Sapwuahfik,Sula_dactylatra,0.0
Satawan,Sula_dactylatra,0.0
Scilly,Sula_dactylatra,0.0
Sorol,Sula_dactylatra,8.0
South_Maalhosmadulu,Sula_dactylatra,0.0
South_Nilandhe,Sula_dactylatra,0.0
St_Francois,Sula_dactylatra,0.0
St_Joseph,Sula_dactylatra,0.0
Starbuck,Sula_dactylatra,0.0
Suheli_Par,Sula_dactylatra,0.0
Surprise,Sula_dactylatra,250.0
Suwarrow,Sula_dactylatra,42.0
Swains,Sula_dactylatra,0.0
Tabiteuea,Sula_dactylatra,0.0
Tabuaeran,Sula_dactylatra,0.0
Taenga,Sula_dactylatra,0.0
Tahanea,Sula_dactylatra,0.0
Taiaro,Sula_dactylatra,0.0
Taka,Sula_dactylatra,0.0
Takapoto,Sula_dactylatra,0.0
Takaroa,Sula_dactylatra,0.0
Takume,Sula_dactylatra,0.0
Takuu,Sula_dactylatra,0.0
Tarawa,Sula_dactylatra,0.0
Tatakoto,Sula_dactylatra,0.0
Tauere,Sula_dactylatra,0.0
Tekokota,Sula_dactylatra,0.0
Temitangi,Sula_dactylatra,0.0
Temoe,Sula_dactylatra,82.0
Tenararo,Sula_dactylatra,60.0
Tenaruga,Sula_dactylatra,0.0
Tepoto,Sula_dactylatra,0.0
Teraina,Sula_dactylatra,0.0
Tetiaroa,Sula_dactylatra,29.0
Thiladhunmathi,Sula_dactylatra,0.0
Tikehau,Sula_dactylatra,0.0
Toau,Sula_dactylatra,0.0
Tongareva,Sula_dactylatra,0.0
Tuanake,Sula_dactylatra,0.0
Tubbataha,Sula_dactylatra,2.0
Tupai,Sula_dactylatra,0.0
Tureia,Sula_dactylatra,0.0
Ujae,Sula_dactylatra,0.0
Ujelang,Sula_dactylatra,0.0
Ulithi,Sula_dactylatra,0.0
Utirik,Sula_dactylatra,0.0
Vahanga,Sula_dactylatra,0.0
Vahitahi,Sula_dactylatra,0.0
Vairaatea,Sula_dactylatra,0.0
Vaitupu,Sula_dactylatra,0.0
Vanavana,Sula_dactylatra,0.0
Vattaru,Sula_dactylatra,0.0
Wailagilala,Sula_dactylatra,0.0
Wake,Sula_dactylatra,70.0
West_Fayu,Sula_dactylatra,0.0
Woleai,Sula_dactylatra,0.0
Wotho,Sula_dactylatra,0.0
Wotje,Sula_dactylatra,0.0
Abaiang,Sula_leucogaster,0.0
Abariringa,Sula_leucogaster,230.0
Abemama,Sula_leucogaster,0.0
Addu,Sula_leucogaster,0.0
Ahe,Sula_leucogaster,0.0
Ahunui,Sula_leucogaster,0.0
Ailinginae,Sula_leucogaster,63.0
Ailinglaplap,Sula_leucogaster,0.0
Ailuk,Sula_leucogaster,0.0
Aldabra,Sula_leucogaster,0.0
Alphonse,Sula_leucogaster,0.0
Amanu,Sula_leucogaster,0.0
Anaa,Sula_leucogaster,0.0
Analtin,Sula_leucogaster,0.0
Ant,Sula_leucogaster,10.0
Anuanuraro,Sula_leucogaster,14.0
Anuanurunga,Sula_leucogaster,0.0
Apataki,Sula_leucogaster,0.0
Aranuka,Sula_leucogaster,0.0
Aratika,Sula_leucogaster,21.0
Ari,Sula_leucogaster,0.0
Arno,Sula_leucogaster,0.0
Arutua,Sula_leucogaster,0.0
Astove,Sula_leucogaster,0.0
Atafu,Sula_leucogaster,10.0
Aur,Sula_leucogaster,0.0
Awin,Sula_leucogaster,0.0
Bangaram,Sula_leucogaster,0.0
Beautemps-Beaupre,Sula_leucogaster,8.0
Bellona,Sula_leucogaster,300.0
Beru,Sula_leucogaster,0.0
Bikar,Sula_leucogaster,45.0
Bikini,Sula_leucogaster,730.0
Birnie,Sula_leucogaster,18.0
Bitra_Par,Sula_leucogaster,0.0
Bokaak,Sula_leucogaster,150.0
Bramble_Haven,Sula_leucogaster,0.0
Budibudi,Sula_leucogaster,0.0
Butaritari,Sula_leucogaster,136.0
Byramgore,Sula_leucogaster,0.0
Caroline,Sula_leucogaster,50.0
Cherbaniani,Sula_leucogaster,0.0
Chesterfield,Sula_leucogaster,10132.0
Chetlat,Sula_leucogaster,0.0
Clipperton,Sula_leucogaster,25500.0
Cocos,Sula_leucogaster,195.0
Conflict,Sula_leucogaster,0.0
Cosmoledo,Sula_leucogaster,100.0
Diego_Garcia,Sula_leucogaster,6.0
Ducie,Sula_leucogaster,0.0
Eauripik,Sula_leucogaster,0.0
Ebon,Sula_leucogaster,0.0
Egmont,Sula_leucogaster,0.0
Egum,Sula_leucogaster,0.0
Elato,Sula_leucogaster,0.0
Enderbury,Sula_leucogaster,200.0
Eniwetok,Sula_leucogaster,100.0
Erikub,Sula_leucogaster,200.0
Etal,Sula_leucogaster,0.0
Europa,Sula_leucogaster,0.0
Faadhippolhu,Sula_leucogaster,0.0
Faaite,Sula_leucogaster,0.0
Fakahina,Sula_leucogaster,0.0
Fakaofo,Sula_leucogaster,0.0
Fakarava,Sula_leucogaster,146.0
Fangatau,Sula_leucogaster,0.0
Fangataufa,Sula_leucogaster,0.0
Faraulep,Sula_leucogaster,0.0
Farquhar,Sula_leucogaster,0.0
Felidhu,Sula_leucogaster,0.0
French_Frigate_Shoals,Sula_leucogaster,100.0
Funafuti,Sula_leucogaster,0.0
Gaafaru,Sula_leucogaster,0.0
Glorioso,Sula_leucogaster,0.0
Great_Chagos_Bank,Sula_leucogaster,1826.0
Haddhunmathi,Sula_leucogaster,0.0
Hao,Sula_leucogaster,0.0
Haraiki,Sula_leucogaster,0.0
Helen,Sula_leucogaster,750.0
Hereheretui,Sula_leucogaster,0.0
Hikueru,Sula_leucogaster,0.0
Hiti,Sula_leucogaster,0.0
Huon,Sula_leucogaster,1500.0
Huvadhu,Sula_leucogaster,0.0
Ifalik,Sula_leucogaster,0.0
Ihavandhippolu,Sula_leucogaster,0.0
Jaluit,Sula_leucogaster,20.0
Jemo,Sula_leucogaster,74.0
Johnston,Sula_leucogaster,950.0
Kademat,Sula_leucogaster,0.0
Kalpeni,Sula_leucogaster,0.0
Kapingamarangi,Sula_leucogaster,65.0
Katiu,Sula_leucogaster,0.0
Kauehi,Sula_leucogaster,17.0
Kaukura,Sula_leucogaster,38.0
Kavaratti,Sula_leucogaster,0.0
Kilinailau,Sula_leucogaster,0.0
Kiltan,Sula_leucogaster,0.0
Kiritimati,Sula_leucogaster,50.0
Kolhumadulu,Sula_leucogaster,0.0
Kuop,Sula_leucogaster,0.0
Kure,Sula_leucogaster,110.0
Kuria,Sula_leucogaster,0.0
Kwajalein,Sula_leucogaster,292.0
Lae,Sula_leucogaster,0.0
Lamotrek,Sula_leucogaster,0.0
Laualau,Sula_leucogaster,0.0
Laysan,Sula_leucogaster,70.0
Lib,Sula_leucogaster,0.0
Likiep,Sula_leucogaster,87.0
Liot,Sula_leucogaster,0.0
Lisianski,Sula_leucogaster,40.0
Long_Reef,Sula_leucogaster,0.0
Losap,Sula_leucogaster,0.0
Lukunor,Sula_leucogaster,0.0
Maalhosmadulu,Sula_leucogaster,0.0
Maiana,Sula_leucogaster,0.0
Majuro,Sula_leucogaster,61.0
Makemo,Sula_leucogaster,0.0
Makunudhoo,Sula_leucogaster,0.0
Malden,Sula_leucogaster,400.0
Maloelap,Sula_leucogaster,0.0
Malum,Sula_leucogaster,0.0
Manihi,Sula_leucogaster,0.0
Manihiki,Sula_leucogaster,11.0
Manra,Sula_leucogaster,0.0
Manuae,Sula_leucogaster,0.0
Manuhangi,Sula_leucogaster,0.0
Marakei,Sula_leucogaster,0.0
Maria,Sula_leucogaster,88.0
Maria_Est,Sula_leucogaster,0.0
Marokau,Sula_leucogaster,0.0
Marutea_Nord,Sula_leucogaster,0.0
Marutea_Sud,Sula_leucogaster,0.0
Mataiva,Sula_leucogaster,46.0
Matureivavao,Sula_leucogaster,0.0
Maupihaa,Sula_leucogaster,96.0
McKean,Sula_leucogaster,150.0
Midway,Sula_leucogaster,4.0
Miladhunmadulu,Sula_leucogaster,0.0
Mili,Sula_leucogaster,78.0
Minicoy,Sula_leucogaster,0.0
Mokil,Sula_leucogaster,0.0
Morane,Sula_leucogaster,0.0
Moruroa,Sula_leucogaster,13.0
Motu_One,Sula_leucogaster,61.0
Motutunga,Sula_leucogaster,0.0
Mulaku,Sula_leucogaster,0.0
Murilo,Sula_leucogaster,0.0
Namoluk,Sula_leucogaster,65.0
Namonuito,Sula_leucogaster,0.0
Namorik,Sula_leucogaster,0.0
Namu,Sula_leucogaster,0.0
Nanumanga,Sula_leucogaster,0.0
Nanumea,Sula_leucogaster,0.0
Napuka,Sula_leucogaster,0.0
Nengonengo,Sula_leucogaster,0.0
Ngcheangel,Sula_leucogaster,0.0
Ngulu,Sula_leucogaster,0.0
Niau,Sula_leucogaster,0.0
Nihiru,Sula_leucogaster,0.0
Nikumaroro,Sula_leucogaster,0.0
Nikunau,Sula_leucogaster,0.0
Ninigo,Sula_leucogaster,82.0
Niutao,Sula_leucogaster,0.0
Nomwin,Sula_leucogaster,0.0
Nonouti,Sula_leucogaster,107.0
North_Male,Sula_leucogaster,0.0
North_Nilandhe,Sula_leucogaster,0.0
Nuguria,Sula_leucogaster,82.0
Nui,Sula_leucogaster,0.0
Nukapu,Sula_leucogaster,0.0
Nukufetau,Sula_leucogaster,0.0
Nukulaelae,Sula_leucogaster,0.0
Nukumanu,Sula_leucogaster,89.0
Nukumbasanga,Sula_leucogaster,0.0
Nukunonu,Sula_leucogaster,100.0
Nukuoro,Sula_leucogaster,0.0
Nukutepipi,Sula_leucogaster,0.0
Numa_Miombilou,Sula_leucogaster,0.0
Nupani,Sula_leucogaster,100.0
Oeno,Sula_leucogaster,0.0
Olimarao,Sula_leucogaster,0.0
Onotoa,Sula_leucogaster,0.0
Ontong_Java,Sula_leucogaster,0.0
Oroluk,Sula_leucogaster,253.0
Orona,Sula_leucogaster,0.0
Pakin,Sula_leucogaster,0.0
Palmerston,Sula_leucogaster,0.0
Palmyra,Sula_leucogaster,742.0
Paraoa,Sula_leucogaster,0.0
Pearl_and_Hermes,Sula_leucogaster,110.0
Peremul_Par,Sula_leucogaster,0.0
Peros_Banhos,Sula_leucogaster,8.0
Pinaki,Sula_leucogaster,0.0
Pingelap,Sula_leucogaster,0.0
Pinipel,Sula_leucogaster,0.0
Pukapuka,Sula_leucogaster,0.0
Puka-Puka,Sula_leucogaster,20.0
Pukarua,Sula_leucogaster,0.0
Pulap,Sula_leucogaster,0.0
Pulusuk,Sula_leucogaster,0.0
Puluwat,Sula_leucogaster,0.0
Qelelevu,Sula_leucogaster,5200.0
Rakahanga,Sula_leucogaster,0.0
Rangiroa,Sula_leucogaster,12.0
Raraka,Sula_leucogaster,15.0
Raroia,Sula_leucogaster,0.0
Rasdhoo,Sula_leucogaster,0.0
Ravahere,Sula_leucogaster,0.0
Rawaki,Sula_leucogaster,48.0
Reao,Sula_leucogaster,0.0
Redlick,Sula_leucogaster,0.0
Reitoru,Sula_leucogaster,0.0
Rekareka,Sula_leucogaster,0.0
Rongelap,Sula_leucogaster,0.0
Rongerik,Sula_leucogaster,80.0
Rose,Sula_leucogaster,24.0
Rowa,Sula_leucogaster,0.0
Saloman,Sula_leucogaster,8.0
Sama,Sula_leucogaster,0.0
Samasuma,Sula_leucogaster,0.0
Sapwuahfik,Sula_leucogaster,0.0
Satawan,Sula_leucogaster,15.0
Scilly,Sula_leucogaster,10.0
Sorol,Sula_leucogaster,215.0
South_Maalhosmadulu,Sula_leucogaster,0.0
South_Nilandhe,Sula_leucogaster,0.0
St_Francois,Sula_leucogaster,0.0
St_Joseph,Sula_leucogaster,58.0
Starbuck,Sula_leucogaster,119.0
Suheli_Par,Sula_leucogaster,0.0
Surprise,Sula_leucogaster,2507.0
Suwarrow,Sula_leucogaster,150.0
Swains,Sula_leucogaster,2.0
Tabiteuea,Sula_leucogaster,95.0
Tabuaeran,Sula_leucogaster,130.0
Taenga,Sula_leucogaster,0.0
Tahanea,Sula_leucogaster,55.0
Taiaro,Sula_leucogaster,0.0
Taka,Sula_leucogaster,30.0
Takapoto,Sula_leucogaster,0.0
Takaroa,Sula_leucogaster,0.0
Takume,Sula_leucogaster,0.0
Takuu,Sula_leucogaster,20.0
Tarawa,Sula_leucogaster,0.0
Tatakoto,Sula_leucogaster,0.0
Tauere,Sula_leucogaster,0.0
Tekokota,Sula_leucogaster,3.0
Temitangi,Sula_leucogaster,0.0
Temoe,Sula_leucogaster,0.0
Tenararo,Sula_leucogaster,4.0
Tenaruga,Sula_leucogaster,0.0
Tepoto,Sula_leucogaster,0.0
Teraina,Sula_leucogaster,129.0
Tetiaroa,Sula_leucogaster,18.0
Thiladhunmathi,Sula_leucogaster,0.0
Tikehau,Sula_leucogaster,20.0
Toau,Sula_leucogaster,150.0
Tongareva,Sula_leucogaster,74.0
Tuanake,Sula_leucogaster,0.0
Tubbataha,Sula_leucogaster,3800.0
Tupai,Sula_leucogaster,0.0
Tureia,Sula_leucogaster,0.0
Ujae,Sula_leucogaster,151.0
Ujelang,Sula_leucogaster,0.0
Ulithi,Sula_leucogaster,0.0
Utirik,Sula_leucogaster,0.0
Vahanga,Sula_leucogaster,0.0
Vahitahi,Sula_leucogaster,0.0
Vairaatea,Sula_leucogaster,0.0
Vaitupu,Sula_leucogaster,0.0
Vanavana,Sula_leucogaster,0.0
Vattaru,Sula_leucogaster,0.0
Wailagilala,Sula_leucogaster,309.0
Wake,Sula_leucogaster,313.0
West_Fayu,Sula_leucogaster,0.0
Woleai,Sula_leucogaster,0.0
Wotho,Sula_leucogaster,70.0
Wotje,Sula_leucogaster,0.0
Abaiang,Sula_sula,0.0
Abariringa,Sula_sula,1000.0
Abemama,Sula_sula,0.0
Addu,Sula_sula,0.0
Ahe,Sula_sula,380.0
Ahunui,Sula_sula,313.0
Ailinginae,Sula_sula,0.0
Ailinglaplap,Sula_sula,0.0
Ailuk,Sula_sula,0.0
Aldabra,Sula_sula,12000.0
Alphonse,Sula_sula,0.0
Amanu,Sula_sula,0.0
Anaa,Sula_sula,0.0
Analtin,Sula_sula,0.0
Ant,Sula_sula,150.0
Anuanuraro,Sula_sula,0.0
Anuanurunga,Sula_sula,234.0
Apataki,Sula_sula,0.0
Aranuka,Sula_sula,0.0
Aratika,Sula_sula,410.0
Ari,Sula_sula,0.0
Arno,Sula_sula,0.0
Arutua,Sula_sula,0.0
Astove,Sula_sula,0.0
Atafu,Sula_sula,1000.0
Aur,Sula_sula,0.0
Awin,Sula_sula,0.0
Bangaram,Sula_sula,0.0
Beautemps-Beaupre,Sula_sula,1440.0
Bellona,Sula_sula,720.0
Beru,Sula_sula,0.0
Bikar,Sula_sula,1000.0
Bikini,Sula_sula,340.0
Birnie,Sula_sula,6.0
Bitra_Par,Sula_sula,0.0
Bokaak,Sula_sula,4500.0
Bramble_Haven,Sula_sula,0.0
Budibudi,Sula_sula,0.0
Butaritari,Sula_sula,704.0
Byramgore,Sula_sula,0.0
Caroline,Sula_sula,7000.0
Cherbaniani,Sula_sula,0.0
Chesterfield,Sula_sula,17510.0
Chetlat,Sula_sula,0.0
Clipperton,Sula_sula,293.0
Cocos,Sula_sula,60000.0
Conflict,Sula_sula,0.0
Cosmoledo,Sula_sula,29234.0
Diego_Garcia,Sula_sula,19938.0
Ducie,Sula_sula,100.0
Eauripik,Sula_sula,0.0
Ebon,Sula_sula,0.0
Egmont,Sula_sula,248.0
Egum,Sula_sula,0.0
Elato,Sula_sula,0.0
Enderbury,Sula_sula,1000.0
Eniwetok,Sula_sula,400.0
Erikub,Sula_sula,50.0
Etal,Sula_sula,0.0
Europa,Sula_sula,9000.0
Faadhippolhu,Sula_sula,0.0
Faaite,Sula_sula,0.0
Fakahina,Sula_sula,0.0
Fakaofo,Sula_sula,600.0
Fakarava,Sula_sula,143.0
Fangatau,Sula_sula,0.0
Fangataufa,Sula_sula,100.0
Faraulep,Sula_sula,0.0
Farquhar,Sula_sula,17552.0
Felidhu,Sula_sula,0.0
French_Frigate_Shoals,Sula_sula,6000.0
Funafuti,Sula_sula,0.0
Gaafaru,Sula_sula,0.0
Glorioso,Sula_sula,0.0
Great_Chagos_Bank,Sula_sula,17538.0
Haddhunmathi,Sula_sula,0.0
Hao,Sula_sula,620.0
Haraiki,Sula_sula,0.0
Helen,Sula_sula,2500.0
Hereheretui,Sula_sula,0.0
Hikueru,Sula_sula,0.0
Hiti,Sula_sula,0.0
Huon,Sula_sula,0.0
Huvadhu,Sula_sula,0.0
Ifalik,Sula_sula,0.0
Ihavandhippolu,Sula_sula,0.0
Jaluit,Sula_sula,1500.0
Jemo,Sula_sula,2000.0
Johnston,Sula_sula,2800.0
Kademat,Sula_sula,0.0
Kalpeni,Sula_sula,0.0
Kapingamarangi,Sula_sula,509.0
Katiu,Sula_sula,0.0
Kauehi,Sula_sula,422.0
Kaukura,Sula_sula,491.0
Kavaratti,Sula_sula,0.0
Kilinailau,Sula_sula,0.0
Kiltan,Sula_sula,0.0
Kiritimati,Sula_sula,5200.0
Kolhumadulu,Sula_sula,0.0
Kuop,Sula_sula,0.0
Kure,Sula_sula,3000.0
Kuria,Sula_sula,0.0
Kwajalein,Sula_sula,2.0
Lae,Sula_sula,0.0
Lamotrek,Sula_sula,0.0
Laualau,Sula_sula,0.0
Laysan,Sula_sula,550.0
Lib,Sula_sula,0.0
Likiep,Sula_sula,762.0
Liot,Sula_sula,0.0
Lisianski,Sula_sula,600.0
Long_Reef,Sula_sula,0.0
Losap,Sula_sula,0.0
Lukunor,Sula_sula,161.0
Maalhosmadulu,Sula_sula,0.0
Maiana,Sula_sula,0.0
Majuro,Sula_sula,517.0
Makemo,Sula_sula,0.0
Makunudhoo,Sula_sula,0.0
Malden,Sula_sula,2000.0
Maloelap,Sula_sula,0.0
Malum,Sula_sula,0.0
Manihi,Sula_sula,0.0
Manihiki,Sula_sula,489.0
Manra,Sula_sula,100.0
Manuae,Sula_sula,0.0
Manuhangi,Sula_sula,0.0
Marakei,Sula_sula,0.0
Maria,Sula_sula,397.0
Maria_Est,Sula_sula,240.0
Marokau,Sula_sula,0.0
Marutea_Nord,Sula_sula,0.0
Marutea_Sud,Sula_sula,719.0
Mataiva,Sula_sula,478.0
Matureivavao,Sula_sula,214.0
Maupihaa,Sula_sula,263.0
McKean,Sula_sula,120.0
Midway,Sula_sula,950.0
Miladhunmadulu,Sula_sula,0.0
Mili,Sula_sula,685.0
Minicoy,Sula_sula,0.0
Mokil,Sula_sula,0.0
Morane,Sula_sula,316.0
Moruroa,Sula_sula,517.0
Motu_One,Sula_sula,439.0
Motutunga,Sula_sula,0.0
Mulaku,Sula_sula,0.0
Murilo,Sula_sula,0.0
Namoluk,Sula_sula,0.0
Namonuito,Sula_sula,0.0
Namorik,Sula_sula,0.0
Namu,Sula_sula,995.0
Nanumanga,Sula_sula,0.0
Nanumea,Sula_sula,0.0
Napuka,Sula_sula,0.0
Nengonengo,Sula_sula,481.0
Ngcheangel,Sula_sula,0.0
Ngulu,Sula_sula,0.0
Niau,Sula_sula,0.0
Nihiru,Sula_sula,0.0
Nikumaroro,Sula_sula,400.0
Nikunau,Sula_sula,0.0
Ninigo,Sula_sula,0.0
Niutao,Sula_sula,0.0
Nomwin,Sula_sula,0.0
Nonouti,Sula_sula,0.0
North_Male,Sula_sula,0.0
North_Nilandhe,Sula_sula,0.0
Nuguria,Sula_sula,966.0
Nui,Sula_sula,0.0
Nukapu,Sula_sula,0.0
Nukufetau,Sula_sula,0.0
Nukulaelae,Sula_sula,0.0
Nukumanu,Sula_sula,1461.0
Nukumbasanga,Sula_sula,0.0
Nukunonu,Sula_sula,1500.0
Nukuoro,Sula_sula,489.0
Nukutepipi,Sula_sula,240.0
Numa_Miombilou,Sula_sula,0.0
Nupani,Sula_sula,200.0
Oeno,Sula_sula,500.0
Olimarao,Sula_sula,0.0
Onotoa,Sula_sula,526.0
Ontong_Java,Sula_sula,1942.0
Oroluk,Sula_sula,426.0
Orona,Sula_sula,1000.0
Pakin,Sula_sula,0.0
Palmerston,Sula_sula,0.0
Palmyra,Sula_sula,25000.0
Paraoa,Sula_sula,72.0
Pearl_and_Hermes,Sula_sula,100.0
Peremul_Par,Sula_sula,0.0
Peros_Banhos,Sula_sula,4724.0
Pinaki,Sula_sula,0.0
Pingelap,Sula_sula,0.0
Pinipel,Sula_sula,0.0
Pukapuka,Sula_sula,517.0
Puka-Puka,Sula_sula,656.0
Pukarua,Sula_sula,459.0
Pulap,Sula_sula,0.0
Pulusuk,Sula_sula,0.0
Puluwat,Sula_sula,0.0
Qelelevu,Sula_sula,9500.0
Rakahanga,Sula_sula,0.0
Rangiroa,Sula_sula,411.0
Raraka,Sula_sula,411.0
Raroia,Sula_sula,542.0
Rasdhoo,Sula_sula,0.0
Ravahere,Sula_sula,0.0
Rawaki,Sula_sula,20.0
Reao,Sula_sula,528.0
Redlick,Sula_sula,0.0
Reitoru,Sula_sula,612.0
Rekareka,Sula_sula,0.0
Rongelap,Sula_sula,618.0
Rongerik,Sula_sula,1200.0
Rose,Sula_sula,320.0
Rowa,Sula_sula,0.0
Saloman,Sula_sula,892.0
Sama,Sula_sula,0.0
Samasuma,Sula_sula,0.0
Sapwuahfik,Sula_sula,0.0
Satawan,Sula_sula,209.0
Scilly,Sula_sula,48.0
Sorol,Sula_sula,525.0
South_Maalhosmadulu,Sula_sula,0.0
South_Nilandhe,Sula_sula,0.0
St_Francois,Sula_sula,0.0
St_Joseph,Sula_sula,0.0
Starbuck,Sula_sula,544.0
Suheli_Par,Sula_sula,0.0
Surprise,Sula_sula,3355.0
Suwarrow,Sula_sula,1782.0
Swains,Sula_sula,864.0
Tabiteuea,Sula_sula,742.0
Tabuaeran,Sula_sula,3000.0
Taenga,Sula_sula,0.0
Tahanea,Sula_sula,175.0
Taiaro,Sula_sula,317.0
Taka,Sula_sula,75.0
Takapoto,Sula_sula,326.0
Takaroa,Sula_sula,0.0
Takume,Sula_sula,331.0
Takuu,Sula_sula,1521.0
Tarawa,Sula_sula,0.0
Tatakoto,Sula_sula,0.0
Tauere,Sula_sula,404.0
Tekokota,Sula_sula,0.0
Temitangi,Sula_sula,0.0
Temoe,Sula_sula,450.0
Tenararo,Sula_sula,300.0
Tenaruga,Sula_sula,0.0
Tepoto,Sula_sula,0.0
Teraina,Sula_sula,2000.0
Tetiaroa,Sula_sula,10000.0
Thiladhunmathi,Sula_sula,0.0
Tikehau,Sula_sula,374.0
Toau,Sula_sula,550.0
Tongareva,Sula_sula,1133.0
Tuanake,Sula_sula,0.0
Tubbataha,Sula_sula,422.0
Tupai,Sula_sula,275.0
Tureia,Sula_sula,0.0
Ujae,Sula_sula,635.0
Ujelang,Sula_sula,0.0
Ulithi,Sula_sula,0.0
Utirik,Sula_sula,0.0
Vahanga,Sula_sula,100.0
Vahitahi,Sula_sula,543.0
Vairaatea,Sula_sula,0.0
Vaitupu,Sula_sula,0.0
Vanavana,Sula_sula,320.0
Vattaru,Sula_sula,0.0
Wailagilala,Sula_sula,1249.0
Wake,Sula_sula,3000.0
West_Fayu,Sula_sula,0.0
Woleai,Sula_sula,0.0
Wotho,Sula_sula,678.0
Wotje,Sula_sula,0.0
Abaiang,Thalasseus_bergii,0.0
Abariringa,Thalasseus_bergii,0.0
Abemama,Thalasseus_bergii,39.0
Addu,Thalasseus_bergii,0.0
Ahe,Thalasseus_bergii,0.0
Ahunui,Thalasseus_bergii,0.0
Ailinginae,Thalasseus_bergii,38.0
Ailinglaplap,Thalasseus_bergii,0.0
Ailuk,Thalasseus_bergii,52.0
Aldabra,Thalasseus_bergii,160.0
Alphonse,Thalasseus_bergii,0.0
Amanu,Thalasseus_bergii,0.0
Anaa,Thalasseus_bergii,0.0
Analtin,Thalasseus_bergii,0.0
Ant,Thalasseus_bergii,15.0
Anuanuraro,Thalasseus_bergii,0.0
Anuanurunga,Thalasseus_bergii,0.0
Apataki,Thalasseus_bergii,22.0
Aranuka,Thalasseus_bergii,42.0
Aratika,Thalasseus_bergii,50.0
Ari,Thalasseus_bergii,0.0
Arno,Thalasseus_bergii,37.0
Arutua,Thalasseus_bergii,0.0
Astove,Thalasseus_bergii,95.0
Atafu,Thalasseus_bergii,0.0
Aur,Thalasseus_bergii,42.0
Awin,Thalasseus_bergii,0.0
Bangaram,Thalasseus_bergii,200.0
Beautemps-Beaupre,Thalasseus_bergii,27.0
Bellona,Thalasseus_bergii,108.0
Beru,Thalasseus_bergii,0.0
Bikar,Thalasseus_bergii,76.0
Bikini,Thalasseus_bergii,70.0
Birnie,Thalasseus_bergii,0.0
Bitra_Par,Thalasseus_bergii,0.0
Bokaak,Thalasseus_bergii,125.0
Bramble_Haven,Thalasseus_bergii,0.0
Budibudi,Thalasseus_bergii,0.0
Butaritari,Thalasseus_bergii,24.0
Byramgore,Thalasseus_bergii,50.0
Caroline,Thalasseus_bergii,0.0
Cherbaniani,Thalasseus_bergii,1900.0
Chesterfield,Thalasseus_bergii,588.0
Chetlat,Thalasseus_bergii,0.0
Clipperton,Thalasseus_bergii,0.0
Cocos,Thalasseus_bergii,0.0
Conflict,Thalasseus_bergii,0.0
Cosmoledo,Thalasseus_bergii,468.0
Diego_Garcia,Thalasseus_bergii,28.0
Ducie,Thalasseus_bergii,0.0
Eauripik,Thalasseus_bergii,0.0
Ebon,Thalasseus_bergii,0.0
Egmont,Thalasseus_bergii,140.0
Egum,Thalasseus_bergii,0.0
Elato,Thalasseus_bergii,0.0
Enderbury,Thalasseus_bergii,0.0
Eniwetok,Thalasseus_bergii,2.0
Erikub,Thalasseus_bergii,10.0
Etal,Thalasseus_bergii,0.0
Europa,Thalasseus_bergii,0.0
Faadhippolhu,Thalasseus_bergii,0.0
Faaite,Thalasseus_bergii,0.0
Fakahina,Thalasseus_bergii,0.0
Fakaofo,Thalasseus_bergii,0.0
Fakarava,Thalasseus_bergii,0.0
Fangatau,Thalasseus_bergii,0.0
Fangataufa,Thalasseus_bergii,0.0
Faraulep,Thalasseus_bergii,0.0
Farquhar,Thalasseus_bergii,80.0
Felidhu,Thalasseus_bergii,0.0
French_Frigate_Shoals,Thalasseus_bergii,0.0
Funafuti,Thalasseus_bergii,0.0
Gaafaru,Thalasseus_bergii,0.0
Glorioso,Thalasseus_bergii,0.0
Great_Chagos_Bank,Thalasseus_bergii,202.0
Haddhunmathi,Thalasseus_bergii,0.0
Hao,Thalasseus_bergii,0.0
Haraiki,Thalasseus_bergii,0.0
Helen,Thalasseus_bergii,6000.0
Hereheretui,Thalasseus_bergii,0.0
Hikueru,Thalasseus_bergii,0.0
Hiti,Thalasseus_bergii,0.0
Huon,Thalasseus_bergii,118.0
Huvadhu,Thalasseus_bergii,0.0
Ifalik,Thalasseus_bergii,0.0
Ihavandhippolu,Thalasseus_bergii,0.0
Jaluit,Thalasseus_bergii,12.0
Jemo,Thalasseus_bergii,0.0
Johnston,Thalasseus_bergii,0.0
Kademat,Thalasseus_bergii,150.0
Kalpeni,Thalasseus_bergii,0.0
Kapingamarangi,Thalasseus_bergii,0.0
Katiu,Thalasseus_bergii,0.0
Kauehi,Thalasseus_bergii,0.0
Kaukura,Thalasseus_bergii,0.0
Kavaratti,Thalasseus_bergii,0.0
Kilinailau,Thalasseus_bergii,0.0
Kiltan,Thalasseus_bergii,0.0
Kiritimati,Thalasseus_bergii,200.0
Kolhumadulu,Thalasseus_bergii,0.0
Kuop,Thalasseus_bergii,0.0
Kure,Thalasseus_bergii,0.0
Kuria,Thalasseus_bergii,29.0
Kwajalein,Thalasseus_bergii,43.0
Lae,Thalasseus_bergii,65.0
Lamotrek,Thalasseus_bergii,0.0
Laualau,Thalasseus_bergii,0.0
Laysan,Thalasseus_bergii,0.0
Lib,Thalasseus_bergii,0.0
Likiep,Thalasseus_bergii,0.0
Liot,Thalasseus_bergii,0.0
Lisianski,Thalasseus_bergii,0.0
Long_Reef,Thalasseus_bergii,0.0
Losap,Thalasseus_bergii,0.0
Lukunor,Thalasseus_bergii,30.0
Maalhosmadulu,Thalasseus_bergii,0.0
Maiana,Thalasseus_bergii,15.0
Majuro,Thalasseus_bergii,43.0
Makemo,Thalasseus_bergii,0.0
Makunudhoo,Thalasseus_bergii,0.0
Malden,Thalasseus_bergii,0.0
Maloelap,Thalasseus_bergii,0.0
Malum,Thalasseus_bergii,0.0
Manihi,Thalasseus_bergii,25.0
Manihiki,Thalasseus_bergii,0.0
Manra,Thalasseus_bergii,0.0
Manuae,Thalasseus_bergii,0.0
Manuhangi,Thalasseus_bergii,0.0
Marakei,Thalasseus_bergii,56.0
Maria,Thalasseus_bergii,0.0
Maria_Est,Thalasseus_bergii,0.0
Marokau,Thalasseus_bergii,0.0
Marutea_Nord,Thalasseus_bergii,0.0
Marutea_Sud,Thalasseus_bergii,0.0
Mataiva,Thalasseus_bergii,35.0
Matureivavao,Thalasseus_bergii,0.0
Maupihaa,Thalasseus_bergii,94.0
McKean,Thalasseus_bergii,0.0
Midway,Thalasseus_bergii,0.0
Miladhunmadulu,Thalasseus_bergii,0.0
Mili,Thalasseus_bergii,43.0
Minicoy,Thalasseus_bergii,0.0
Mokil,Thalasseus_bergii,0.0
Morane,Thalasseus_bergii,0.0
Moruroa,Thalasseus_bergii,22.0
Motu_One,Thalasseus_bergii,0.0
Motutunga,Thalasseus_bergii,0.0
Mulaku,Thalasseus_bergii,0.0
Murilo,Thalasseus_bergii,0.0
Namoluk,Thalasseus_bergii,81.0
Namonuito,Thalasseus_bergii,0.0
Namorik,Thalasseus_bergii,0.0
Namu,Thalasseus_bergii,0.0
Nanumanga,Thalasseus_bergii,0.0
Nanumea,Thalasseus_bergii,0.0
Napuka,Thalasseus_bergii,0.0
Nengonengo,Thalasseus_bergii,0.0
Ngcheangel,Thalasseus_bergii,84.0
Ngulu,Thalasseus_bergii,0.0
Niau,Thalasseus_bergii,0.0
Nihiru,Thalasseus_bergii,0.0
Nikumaroro,Thalasseus_bergii,0.0
Nikunau,Thalasseus_bergii,0.0
Ninigo,Thalasseus_bergii,75.0
Niutao,Thalasseus_bergii,0.0
Nomwin,Thalasseus_bergii,0.0
Nonouti,Thalasseus_bergii,36.0
North_Male,Thalasseus_bergii,0.0
North_Nilandhe,Thalasseus_bergii,0.0
Nuguria,Thalasseus_bergii,108.0
Nui,Thalasseus_bergii,0.0
Nukapu,Thalasseus_bergii,0.0
Nukufetau,Thalasseus_bergii,0.0
Nukulaelae,Thalasseus_bergii,0.0
Nukumanu,Thalasseus_bergii,86.0
Nukumbasanga,Thalasseus_bergii,0.0
Nukunonu,Thalasseus_bergii,0.0
Nukuoro,Thalasseus_bergii,88.0
Nukutepipi,Thalasseus_bergii,0.0
Numa_Miombilou,Thalasseus_bergii,0.0
Nupani,Thalasseus_bergii,0.0
Oeno,Thalasseus_bergii,0.0
Olimarao,Thalasseus_bergii,0.0
Onotoa,Thalasseus_bergii,45.0
Ontong_Java,Thalasseus_bergii,59.0
Oroluk,Thalasseus_bergii,0.0
Orona,Thalasseus_bergii,0.0
Pakin,Thalasseus_bergii,34.0
Palmerston,Thalasseus_bergii,0.0
Palmyra,Thalasseus_bergii,0.0
Paraoa,Thalasseus_bergii,0.0
Pearl_and_Hermes,Thalasseus_bergii,0.0
Peremul_Par,Thalasseus_bergii,70.0
Peros_Banhos,Thalasseus_bergii,144.0
Pinaki,Thalasseus_bergii,0.0
Pingelap,Thalasseus_bergii,0.0
Pinipel,Thalasseus_bergii,0.0
Pukapuka,Thalasseus_bergii,0.0
Puka-Puka,Thalasseus_bergii,0.0
Pukarua,Thalasseus_bergii,0.0
Pulap,Thalasseus_bergii,0.0
Pulusuk,Thalasseus_bergii,0.0
Puluwat,Thalasseus_bergii,0.0
Qelelevu,Thalasseus_bergii,0.0
Rakahanga,Thalasseus_bergii,0.0
Rangiroa,Thalasseus_bergii,9.0
Raraka,Thalasseus_bergii,66.0
Raroia,Thalasseus_bergii,0.0
Rasdhoo,Thalasseus_bergii,0.0
Ravahere,Thalasseus_bergii,0.0
Rawaki,Thalasseus_bergii,0.0
Reao,Thalasseus_bergii,0.0
Redlick,Thalasseus_bergii,0.0
Reitoru,Thalasseus_bergii,0.0
Rekareka,Thalasseus_bergii,0.0
Rongelap,Thalasseus_bergii,20.0
Rongerik,Thalasseus_bergii,27.0
Rose,Thalasseus_bergii,0.0
Rowa,Thalasseus_bergii,0.0
Saloman,Thalasseus_bergii,50.0
Sama,Thalasseus_bergii,0.0
Samasuma,Thalasseus_bergii,0.0
Sapwuahfik,Thalasseus_bergii,63.0
Satawan,Thalasseus_bergii,26.0
Scilly,Thalasseus_bergii,5.0
Sorol,Thalasseus_bergii,170.0
South_Maalhosmadulu,Thalasseus_bergii,0.0
South_Nilandhe,Thalasseus_bergii,0.0
St_Francois,Thalasseus_bergii,0.0
St_Joseph,Thalasseus_bergii,0.0
Starbuck,Thalasseus_bergii,0.0
Suheli_Par,Thalasseus_bergii,750.0
Surprise,Thalasseus_bergii,397.0
Suwarrow,Thalasseus_bergii,0.0
Swains,Thalasseus_bergii,0.0
Tabiteuea,Thalasseus_bergii,27.0
Tabuaeran,Thalasseus_bergii,0.0
Taenga,Thalasseus_bergii,0.0
Tahanea,Thalasseus_bergii,0.0
Taiaro,Thalasseus_bergii,0.0
Taka,Thalasseus_bergii,57.0
Takapoto,Thalasseus_bergii,0.0
Takaroa,Thalasseus_bergii,0.0
Takume,Thalasseus_bergii,0.0
Takuu,Thalasseus_bergii,145.0
Tarawa,Thalasseus_bergii,19.0
Tatakoto,Thalasseus_bergii,0.0
Tauere,Thalasseus_bergii,0.0
Tekokota,Thalasseus_bergii,0.0
Temitangi,Thalasseus_bergii,0.0
Temoe,Thalasseus_bergii,6.0
Tenararo,Thalasseus_bergii,100.0
Tenaruga,Thalasseus_bergii,0.0
Tepoto,Thalasseus_bergii,0.0
Teraina,Thalasseus_bergii,0.0
Tetiaroa,Thalasseus_bergii,150.0
Thiladhunmathi,Thalasseus_bergii,0.0
Tikehau,Thalasseus_bergii,14.0
Toau,Thalasseus_bergii,0.0
Tongareva,Thalasseus_bergii,0.0
Tuanake,Thalasseus_bergii,0.0
Tubbataha,Thalasseus_bergii,13376.0
Tupai,Thalasseus_bergii,0.0
Tureia,Thalasseus_bergii,0.0
Ujae,Thalasseus_bergii,66.0
Ujelang,Thalasseus_bergii,57.0
Ulithi,Thalasseus_bergii,74.0
Utirik,Thalasseus_bergii,29.0
Vahanga,Thalasseus_bergii,10.0
Vahitahi,Thalasseus_bergii,0.0
Vairaatea,Thalasseus_bergii,0.0
Vaitupu,Thalasseus_bergii,0.0
Vanavana,Thalasseus_bergii,0.0
Vattaru,Thalasseus_bergii,0.0
Wailagilala,Thalasseus_bergii,0.0
Wake,Thalasseus_bergii,0.0
West_Fayu,Thalasseus_bergii,0.0
Woleai,Thalasseus_bergii,0.0
Wotho,Thalasseus_bergii,63.0
Wotje,Thalasseus_bergii,0.0
Abaiang,Sterna_sumatrana,0.0
Abariringa,Sterna_sumatrana,0.0
Abemama,Sterna_sumatrana,0.0
Addu,Sterna_sumatrana,56.0
Ahe,Sterna_sumatrana,0.0
Ahunui,Sterna_sumatrana,0.0
Ailinginae,Sterna_sumatrana,14.0
Ailinglaplap,Sterna_sumatrana,0.0
Ailuk,Sterna_sumatrana,58.0
Aldabra,Sterna_sumatrana,220.0
Alphonse,Sterna_sumatrana,0.0
Amanu,Sterna_sumatrana,0.0
Anaa,Sterna_sumatrana,0.0
Analtin,Sterna_sumatrana,0.0
Ant,Sterna_sumatrana,18.0
Anuanuraro,Sterna_sumatrana,0.0
Anuanurunga,Sterna_sumatrana,0.0
Apataki,Sterna_sumatrana,0.0
Aranuka,Sterna_sumatrana,39.0
Aratika,Sterna_sumatrana,0.0
Ari,Sterna_sumatrana,0.0
Arno,Sterna_sumatrana,37.0
Arutua,Sterna_sumatrana,0.0
Astove,Sterna_sumatrana,0.0
Atafu,Sterna_sumatrana,60.0
Aur,Sterna_sumatrana,45.0
Awin,Sterna_sumatrana,0.0
Bangaram,Sterna_sumatrana,0.0
Beautemps-Beaupre,Sterna_sumatrana,0.0
Bellona,Sterna_sumatrana,57.0
Beru,Sterna_sumatrana,0.0
Bikar,Sterna_sumatrana,21.0
Bikini,Sterna_sumatrana,110.0
Birnie,Sterna_sumatrana,0.0
Bitra_Par,Sterna_sumatrana,0.0
Bokaak,Sterna_sumatrana,25.0
Bramble_Haven,Sterna_sumatrana,0.0
Budibudi,Sterna_sumatrana,0.0
Butaritari,Sterna_sumatrana,60.0
Byramgore,Sterna_sumatrana,0.0
Caroline,Sterna_sumatrana,0.0
Cherbaniani,Sterna_sumatrana,0.0
Chesterfield,Sterna_sumatrana,310.0
Chetlat,Sterna_sumatrana,0.0
Clipperton,Sterna_sumatrana,0.0
Cocos,Sterna_sumatrana,0.0
Conflict,Sterna_sumatrana,45.0
Cosmoledo,Sterna_sumatrana,150.0
Diego_Garcia,Sterna_sumatrana,12.0
Ducie,Sterna_sumatrana,0.0
Eauripik,Sterna_sumatrana,0.0
Ebon,Sterna_sumatrana,0.0
Egmont,Sterna_sumatrana,140.0
Egum,Sterna_sumatrana,0.0
Elato,Sterna_sumatrana,0.0
Enderbury,Sterna_sumatrana,0.0
Eniwetok,Sterna_sumatrana,408.0
Erikub,Sterna_sumatrana,25.0
Etal,Sterna_sumatrana,0.0
Europa,Sterna_sumatrana,0.0
Faadhippolhu,Sterna_sumatrana,72.0
Faaite,Sterna_sumatrana,0.0
Fakahina,Sterna_sumatrana,0.0
Fakaofo,Sterna_sumatrana,40.0
Fakarava,Sterna_sumatrana,0.0
Fangatau,Sterna_sumatrana,0.0
Fangataufa,Sterna_sumatrana,0.0
Faraulep,Sterna_sumatrana,0.0
Farquhar,Sterna_sumatrana,224.0
Felidhu,Sterna_sumatrana,0.0
French_Frigate_Shoals,Sterna_sumatrana,0.0
Funafuti,Sterna_sumatrana,60.0
Gaafaru,Sterna_sumatrana,0.0
Glorioso,Sterna_sumatrana,0.0
Great_Chagos_Bank,Sterna_sumatrana,44.0
Haddhunmathi,Sterna_sumatrana,0.0
Hao,Sterna_sumatrana,0.0
Haraiki,Sterna_sumatrana,0.0
Helen,Sterna_sumatrana,350.0
Hereheretui,Sterna_sumatrana,0.0
Hikueru,Sterna_sumatrana,0.0
Hiti,Sterna_sumatrana,0.0
Huon,Sterna_sumatrana,145.0
Huvadhu,Sterna_sumatrana,0.0
Ifalik,Sterna_sumatrana,0.0
Ihavandhippolu,Sterna_sumatrana,0.0
Jaluit,Sterna_sumatrana,20.0
Jemo,Sterna_sumatrana,0.0
Johnston,Sterna_sumatrana,0.0
Kademat,Sterna_sumatrana,0.0
Kalpeni,Sterna_sumatrana,0.0
Kapingamarangi,Sterna_sumatrana,33.0
Katiu,Sterna_sumatrana,0.0
Kauehi,Sterna_sumatrana,0.0
Kaukura,Sterna_sumatrana,0.0
Kavaratti,Sterna_sumatrana,0.0
Kilinailau,Sterna_sumatrana,0.0
Kiltan,Sterna_sumatrana,0.0
Kiritimati,Sterna_sumatrana,0.0
Kolhumadulu,Sterna_sumatrana,0.0
Kuop,Sterna_sumatrana,0.0
Kure,Sterna_sumatrana,0.0
Kuria,Sterna_sumatrana,11.0
Kwajalein,Sterna_sumatrana,91.0
Lae,Sterna_sumatrana,0.0
Lamotrek,Sterna_sumatrana,0.0
Laualau,Sterna_sumatrana,0.0
Laysan,Sterna_sumatrana,0.0
Lib,Sterna_sumatrana,0.0
Likiep,Sterna_sumatrana,0.0
Liot,Sterna_sumatrana,0.0
Lisianski,Sterna_sumatrana,0.0
Long_Reef,Sterna_sumatrana,0.0
Losap,Sterna_sumatrana,0.0
Lukunor,Sterna_sumatrana,23.0
Maalhosmadulu,Sterna_sumatrana,0.0
Maiana,Sterna_sumatrana,41.0
Majuro,Sterna_sumatrana,36.0
Makemo,Sterna_sumatrana,0.0
Makunudhoo,Sterna_sumatrana,0.0
Malden,Sterna_sumatrana,0.0
Maloelap,Sterna_sumatrana,0.0
Malum,Sterna_sumatrana,0.0
Manihi,Sterna_sumatrana,0.0
Manihiki,Sterna_sumatrana,53.0
Manra,Sterna_sumatrana,0.0
Manuae,Sterna_sumatrana,0.0
Manuhangi,Sterna_sumatrana,0.0
Marakei,Sterna_sumatrana,0.0
Maria,Sterna_sumatrana,0.0
Maria_Est,Sterna_sumatrana,0.0
Marokau,Sterna_sumatrana,0.0
Marutea_Nord,Sterna_sumatrana,0.0
Marutea_Sud,Sterna_sumatrana,0.0
Mataiva,Sterna_sumatrana,0.0
Matureivavao,Sterna_sumatrana,0.0
Maupihaa,Sterna_sumatrana,0.0
McKean,Sterna_sumatrana,0.0
Midway,Sterna_sumatrana,0.0
Miladhunmadulu,Sterna_sumatrana,0.0
Mili,Sterna_sumatrana,0.0
Minicoy,Sterna_sumatrana,0.0
Mokil,Sterna_sumatrana,0.0
Morane,Sterna_sumatrana,0.0
Moruroa,Sterna_sumatrana,0.0
Motu_One,Sterna_sumatrana,0.0
Motutunga,Sterna_sumatrana,0.0
Mulaku,Sterna_sumatrana,0.0
Murilo,Sterna_sumatrana,0.0
Namoluk,Sterna_sumatrana,32.0
Namonuito,Sterna_sumatrana,0.0
Namorik,Sterna_sumatrana,0.0
Namu,Sterna_sumatrana,57.0
Nanumanga,Sterna_sumatrana,0.0
Nanumea,Sterna_sumatrana,0.0
Napuka,Sterna_sumatrana,0.0
Nengonengo,Sterna_sumatrana,0.0
Ngcheangel,Sterna_sumatrana,0.0
Ngulu,Sterna_sumatrana,0.0
Niau,Sterna_sumatrana,0.0
Nihiru,Sterna_sumatrana,0.0
Nikumaroro,Sterna_sumatrana,0.0
Nikunau,Sterna_sumatrana,0.0
Ninigo,Sterna_sumatrana,42.0
Niutao,Sterna_sumatrana,0.0
Nomwin,Sterna_sumatrana,0.0
Nonouti,Sterna_sumatrana,43.0
North_Male,Sterna_sumatrana,0.0
North_Nilandhe,Sterna_sumatrana,0.0
Nuguria,Sterna_sumatrana,44.0
Nui,Sterna_sumatrana,0.0
Nukapu,Sterna_sumatrana,0.0
Nukufetau,Sterna_sumatrana,0.0
Nukulaelae,Sterna_sumatrana,0.0
Nukumanu,Sterna_sumatrana,47.0
Nukumbasanga,Sterna_sumatrana,0.0
Nukunonu,Sterna_sumatrana,100.0
Nukuoro,Sterna_sumatrana,32.0
Nukutepipi,Sterna_sumatrana,0.0
Numa_Miombilou,Sterna_sumatrana,0.0
Nupani,Sterna_sumatrana,0.0
Oeno,Sterna_sumatrana,0.0
Olimarao,Sterna_sumatrana,0.0
Onotoa,Sterna_sumatrana,44.0
Ontong_Java,Sterna_sumatrana,47.0
Oroluk,Sterna_sumatrana,46.0
Orona,Sterna_sumatrana,0.0
Pakin,Sterna_sumatrana,21.0
Palmerston,Sterna_sumatrana,0.0
Palmyra,Sterna_sumatrana,0.0
Paraoa,Sterna_sumatrana,0.0
Pearl_and_Hermes,Sterna_sumatrana,0.0
Peremul_Par,Sterna_sumatrana,0.0
Peros_Banhos,Sterna_sumatrana,66.0
Pinaki,Sterna_sumatrana,0.0
Pingelap,Sterna_sumatrana,0.0
Pinipel,Sterna_sumatrana,0.0
Pukapuka,Sterna_sumatrana,0.0
Puka-Puka,Sterna_sumatrana,0.0
Pukarua,Sterna_sumatrana,0.0
Pulap,Sterna_sumatrana,0.0
Pulusuk,Sterna_sumatrana,0.0
Puluwat,Sterna_sumatrana,0.0
Qelelevu,Sterna_sumatrana,64.0
Rakahanga,Sterna_sumatrana,50.0
Rangiroa,Sterna_sumatrana,0.0
Raraka,Sterna_sumatrana,0.0
Raroia,Sterna_sumatrana,0.0
Rasdhoo,Sterna_sumatrana,0.0
Ravahere,Sterna_sumatrana,0.0
Rawaki,Sterna_sumatrana,0.0
Reao,Sterna_sumatrana,0.0
Redlick,Sterna_sumatrana,0.0
Reitoru,Sterna_sumatrana,0.0
Rekareka,Sterna_sumatrana,0.0
Rongelap,Sterna_sumatrana,51.0
Rongerik,Sterna_sumatrana,65.0
Rose,Sterna_sumatrana,0.0
Rowa,Sterna_sumatrana,0.0
Saloman,Sterna_sumatrana,154.0
Sama,Sterna_sumatrana,0.0
Samasuma,Sterna_sumatrana,0.0
Sapwuahfik,Sterna_sumatrana,29.0
Satawan,Sterna_sumatrana,25.0
Scilly,Sterna_sumatrana,0.0
Sorol,Sterna_sumatrana,12.0
South_Maalhosmadulu,Sterna_sumatrana,0.0
South_Nilandhe,Sterna_sumatrana,0.0
St_Francois,Sterna_sumatrana,24.0
St_Joseph,Sterna_sumatrana,20.0
Starbuck,Sterna_sumatrana,0.0
Suheli_Par,Sterna_sumatrana,0.0
Surprise,Sterna_sumatrana,82.0
Suwarrow,Sterna_sumatrana,0.0
Swains,Sterna_sumatrana,0.0
Tabiteuea,Sterna_sumatrana,0.0
Tabuaeran,Sterna_sumatrana,0.0
Taenga,Sterna_sumatrana,0.0
Tahanea,Sterna_sumatrana,0.0
Taiaro,Sterna_sumatrana,0.0
Taka,Sterna_sumatrana,33.0
Takapoto,Sterna_sumatrana,0.0
Takaroa,Sterna_sumatrana,0.0
Takume,Sterna_sumatrana,0.0
Takuu,Sterna_sumatrana,48.0
Tarawa,Sterna_sumatrana,34.0
Tatakoto,Sterna_sumatrana,0.0
Tauere,Sterna_sumatrana,0.0
Tekokota,Sterna_sumatrana,0.0
Temitangi,Sterna_sumatrana,0.0
Temoe,Sterna_sumatrana,0.0
Tenararo,Sterna_sumatrana,0.0
Tenaruga,Sterna_sumatrana,0.0
Tepoto,Sterna_sumatrana,0.0
Teraina,Sterna_sumatrana,0.0
Tetiaroa,Sterna_sumatrana,0.0
Thiladhunmathi,Sterna_sumatrana,0.0
Tikehau,Sterna_sumatrana,0.0
Toau,Sterna_sumatrana,0.0
Tongareva,Sterna_sumatrana,74.0
Tuanake,Sterna_sumatrana,0.0
Tubbataha,Sterna_sumatrana,0.0
Tupai,Sterna_sumatrana,0.0
Tureia,Sterna_sumatrana,0.0
Ujae,Sterna_sumatrana,53.0
Ujelang,Sterna_sumatrana,55.0
Ulithi,Sterna_sumatrana,60.0
Utirik,Sterna_sumatrana,0.0
Vahanga,Sterna_sumatrana,0.0
Vahitahi,Sterna_sumatrana,0.0
Vairaatea,Sterna_sumatrana,0.0
Vaitupu,Sterna_sumatrana,47.0
Vanavana,Sterna_sumatrana,0.0
Vattaru,Sterna_sumatrana,0.0
Wailagilala,Sterna_sumatrana,0.0
Wake,Sterna_sumatrana,0.0
West_Fayu,Sterna_sumatrana,0.0
Woleai,Sterna_sumatrana,0.0
Wotho,Sterna_sumatrana,52.0
Wotje,Sterna_sumatrana,0.0
Abaiang,Phaethon_lepturus,0.0
Abariringa,Phaethon_lepturus,0.0
Abemama,Phaethon_lepturus,0.0
Addu,Phaethon_lepturus,16.0
Ahe,Phaethon_lepturus,0.0
Ahunui,Phaethon_lepturus,0.0
Ailinginae,Phaethon_lepturus,0.0
Ailinglaplap,Phaethon_lepturus,0.0
Ailuk,Phaethon_lepturus,0.0
Aldabra,Phaethon_lepturus,5060.0
Alphonse,Phaethon_lepturus,0.0
Amanu,Phaethon_lepturus,0.0
Anaa,Phaethon_lepturus,0.0
Analtin,Phaethon_lepturus,0.0
Ant,Phaethon_lepturus,0.0
Anuanuraro,Phaethon_lepturus,0.0
Anuanurunga,Phaethon_lepturus,0.0
Apataki,Phaethon_lepturus,0.0
Aranuka,Phaethon_lepturus,0.0
Aratika,Phaethon_lepturus,0.0
Ari,Phaethon_lepturus,0.0
Arno,Phaethon_lepturus,0.0
Arutua,Phaethon_lepturus,0.0
Astove,Phaethon_lepturus,0.0
Atafu,Phaethon_lepturus,0.0
Aur,Phaethon_lepturus,0.0
Awin,Phaethon_lepturus,0.0
Bangaram,Phaethon_lepturus,0.0
Beautemps-Beaupre,Phaethon_lepturus,0.0
Bellona,Phaethon_lepturus,0.0
Beru,Phaethon_lepturus,0.0
Bikar,Phaethon_lepturus,45.0
Bikini,Phaethon_lepturus,0.0
Birnie,Phaethon_lepturus,0.0
Bitra_Par,Phaethon_lepturus,0.0
Bokaak,Phaethon_lepturus,6.0
Bramble_Haven,Phaethon_lepturus,0.0
Budibudi,Phaethon_lepturus,0.0
Butaritari,Phaethon_lepturus,0.0
Byramgore,Phaethon_lepturus,0.0
Caroline,Phaethon_lepturus,0.0
Cherbaniani,Phaethon_lepturus,0.0
Chesterfield,Phaethon_lepturus,0.0
Chetlat,Phaethon_lepturus,0.0
Clipperton,Phaethon_lepturus,0.0
Cocos,Phaethon_lepturus,90.0
Conflict,Phaethon_lepturus,0.0
Cosmoledo,Phaethon_lepturus,0.0
Diego_Garcia,Phaethon_lepturus,12.0
Ducie,Phaethon_lepturus,0.0
Eauripik,Phaethon_lepturus,0.0
Ebon,Phaethon_lepturus,0.0
Egmont,Phaethon_lepturus,4.0
Egum,Phaethon_lepturus,0.0
Elato,Phaethon_lepturus,0.0
Enderbury,Phaethon_lepturus,0.0
Eniwetok,Phaethon_lepturus,8.0
Erikub,Phaethon_lepturus,6.0
Etal,Phaethon_lepturus,0.0
Europa,Phaethon_lepturus,2250.0
Faadhippolhu,Phaethon_lepturus,500.0
Faaite,Phaethon_lepturus,0.0
Fakahina,Phaethon_lepturus,0.0
Fakaofo,Phaethon_lepturus,0.0
Fakarava,Phaethon_lepturus,0.0
Fangatau,Phaethon_lepturus,0.0
Fangataufa,Phaethon_lepturus,0.0
Faraulep,Phaethon_lepturus,0.0
Farquhar,Phaethon_lepturus,0.0
Felidhu,Phaethon_lepturus,0.0
French_Frigate_Shoals,Phaethon_lepturus,0.0
Funafuti,Phaethon_lepturus,0.0
Gaafaru,Phaethon_lepturus,0.0
Glorioso,Phaethon_lepturus,0.0
Great_Chagos_Bank,Phaethon_lepturus,2.0
Haddhunmathi,Phaethon_lepturus,0.0
Hao,Phaethon_lepturus,0.0
Haraiki,Phaethon_lepturus,0.0
Helen,Phaethon_lepturus,0.0
Hereheretui,Phaethon_lepturus,0.0
Hikueru,Phaethon_lepturus,0.0
Hiti,Phaethon_lepturus,0.0
Huon,Phaethon_lepturus,0.0
Huvadhu,Phaethon_lepturus,0.0
Ifalik,Phaethon_lepturus,0.0
Ihavandhippolu,Phaethon_lepturus,0.0
Jaluit,Phaethon_lepturus,15.0
Jemo,Phaethon_lepturus,3.0
Johnston,Phaethon_lepturus,4.0
Kademat,Phaethon_lepturus,0.0
Kalpeni,Phaethon_lepturus,0.0
Kapingamarangi,Phaethon_lepturus,0.0
Katiu,Phaethon_lepturus,0.0
Kauehi,Phaethon_lepturus,0.0
Kaukura,Phaethon_lepturus,0.0
Kavaratti,Phaethon_lepturus,0.0
Kilinailau,Phaethon_lepturus,17.0
Kiltan,Phaethon_lepturus,0.0
Kiritimati,Phaethon_lepturus,0.0
Kolhumadulu,Phaethon_lepturus,0.0
Kuop,Phaethon_lepturus,0.0
Kure,Phaethon_lepturus,0.0
Kuria,Phaethon_lepturus,0.0
Kwajalein,Phaethon_lepturus,0.0
Lae,Phaethon_lepturus,0.0
Lamotrek,Phaethon_lepturus,0.0
Laualau,Phaethon_lepturus,0.0
Laysan,Phaethon_lepturus,0.0
Lib,Phaethon_lepturus,0.0
Likiep,Phaethon_lepturus,0.0
Liot,Phaethon_lepturus,0.0
Lisianski,Phaethon_lepturus,0.0
Long_Reef,Phaethon_lepturus,0.0
Losap,Phaethon_lepturus,0.0
Lukunor,Phaethon_lepturus,2.0
Maalhosmadulu,Phaethon_lepturus,0.0
Maiana,Phaethon_lepturus,0.0
Majuro,Phaethon_lepturus,0.0
Makemo,Phaethon_lepturus,0.0
Makunudhoo,Phaethon_lepturus,0.0
Malden,Phaethon_lepturus,0.0
Maloelap,Phaethon_lepturus,0.0
Malum,Phaethon_lepturus,0.0
Manihi,Phaethon_lepturus,0.0
Manihiki,Phaethon_lepturus,4.0
Manra,Phaethon_lepturus,0.0
Manuae,Phaethon_lepturus,0.0
Manuhangi,Phaethon_lepturus,0.0
Marakei,Phaethon_lepturus,0.0
Maria,Phaethon_lepturus,0.0
Maria_Est,Phaethon_lepturus,0.0
Marokau,Phaethon_lepturus,0.0
Marutea_Nord,Phaethon_lepturus,0.0
Marutea_Sud,Phaethon_lepturus,0.0
Mataiva,Phaethon_lepturus,0.0
Matureivavao,Phaethon_lepturus,0.0
Maupihaa,Phaethon_lepturus,0.0
McKean,Phaethon_lepturus,0.0
Midway,Phaethon_lepturus,10.0
Miladhunmadulu,Phaethon_lepturus,0.0
Mili,Phaethon_lepturus,0.0
Minicoy,Phaethon_lepturus,0.0
Mokil,Phaethon_lepturus,0.0
Morane,Phaethon_lepturus,0.0
Moruroa,Phaethon_lepturus,0.0
Motu_One,Phaethon_lepturus,0.0
Motutunga,Phaethon_lepturus,0.0
Mulaku,Phaethon_lepturus,0.0
Murilo,Phaethon_lepturus,0.0
Namoluk,Phaethon_lepturus,2.0
Namonuito,Phaethon_lepturus,0.0
Namorik,Phaethon_lepturus,0.0
Namu,Phaethon_lepturus,0.0
Nanumanga,Phaethon_lepturus,0.0
Nanumea,Phaethon_lepturus,0.0
Napuka,Phaethon_lepturus,0.0
Nengonengo,Phaethon_lepturus,0.0
Ngcheangel,Phaethon_lepturus,0.0
Ngulu,Phaethon_lepturus,0.0
Niau,Phaethon_lepturus,0.0
Nihiru,Phaethon_lepturus,0.0
Nikumaroro,Phaethon_lepturus,10.0
Nikunau,Phaethon_lepturus,0.0
Ninigo,Phaethon_lepturus,0.0
Niutao,Phaethon_lepturus,8.0
Nomwin,Phaethon_lepturus,0.0
Nonouti,Phaethon_lepturus,0.0
North_Male,Phaethon_lepturus,0.0
North_Nilandhe,Phaethon_lepturus,0.0
Nuguria,Phaethon_lepturus,19.0
Nui,Phaethon_lepturus,0.0
Nukapu,Phaethon_lepturus,3.0
Nukufetau,Phaethon_lepturus,0.0
Nukulaelae,Phaethon_lepturus,5.0
Nukumanu,Phaethon_lepturus,22.0
Nukumbasanga,Phaethon_lepturus,0.0
Nukunonu,Phaethon_lepturus,10.0
Nukuoro,Phaethon_lepturus,1.0
Nukutepipi,Phaethon_lepturus,0.0
Numa_Miombilou,Phaethon_lepturus,0.0
Nupani,Phaethon_lepturus,0.0
Oeno,Phaethon_lepturus,0.0
Olimarao,Phaethon_lepturus,0.0
Onotoa,Phaethon_lepturus,0.0
Ontong_Java,Phaethon_lepturus,28.0
Oroluk,Phaethon_lepturus,0.0
Orona,Phaethon_lepturus,0.0
Pakin,Phaethon_lepturus,0.0
Palmerston,Phaethon_lepturus,0.0
Palmyra,Phaethon_lepturus,8.0
Paraoa,Phaethon_lepturus,0.0
Pearl_and_Hermes,Phaethon_lepturus,0.0
Peremul_Par,Phaethon_lepturus,0.0
Peros_Banhos,Phaethon_lepturus,4.0
Pinaki,Phaethon_lepturus,0.0
Pingelap,Phaethon_lepturus,0.0
Pinipel,Phaethon_lepturus,0.0
Pukapuka,Phaethon_lepturus,2.0
Puka-Puka,Phaethon_lepturus,0.0
Pukarua,Phaethon_lepturus,0.0
Pulap,Phaethon_lepturus,0.0
Pulusuk,Phaethon_lepturus,0.0
Puluwat,Phaethon_lepturus,0.0
Qelelevu,Phaethon_lepturus,0.0
Rakahanga,Phaethon_lepturus,3.0
Rangiroa,Phaethon_lepturus,0.0
Raraka,Phaethon_lepturus,0.0
Raroia,Phaethon_lepturus,0.0
Rasdhoo,Phaethon_lepturus,0.0
Ravahere,Phaethon_lepturus,0.0
Rawaki,Phaethon_lepturus,0.0
Reao,Phaethon_lepturus,0.0
Redlick,Phaethon_lepturus,0.0
Reitoru,Phaethon_lepturus,0.0
Rekareka,Phaethon_lepturus,0.0
Rongelap,Phaethon_lepturus,0.0
Rongerik,Phaethon_lepturus,0.0
Rose,Phaethon_lepturus,0.0
Rowa,Phaethon_lepturus,0.0
Saloman,Phaethon_lepturus,20.0
Sama,Phaethon_lepturus,0.0
Samasuma,Phaethon_lepturus,0.0
Sapwuahfik,Phaethon_lepturus,1.0
Satawan,Phaethon_lepturus,2.0
Scilly,Phaethon_lepturus,0.0
Sorol,Phaethon_lepturus,0.0
South_Maalhosmadulu,Phaethon_lepturus,0.0
South_Nilandhe,Phaethon_lepturus,0.0
St_Francois,Phaethon_lepturus,0.0
St_Joseph,Phaethon_lepturus,0.0
Starbuck,Phaethon_lepturus,0.0
Suheli_Par,Phaethon_lepturus,0.0
Surprise,Phaethon_lepturus,0.0
Suwarrow,Phaethon_lepturus,0.0
Swains,Phaethon_lepturus,3.0
Tabiteuea,Phaethon_lepturus,0.0
Tabuaeran,Phaethon_lepturus,50.0
Taenga,Phaethon_lepturus,0.0
Tahanea,Phaethon_lepturus,0.0
Taiaro,Phaethon_lepturus,0.0
Taka,Phaethon_lepturus,0.0
Takapoto,Phaethon_lepturus,0.0
Takaroa,Phaethon_lepturus,0.0
Takume,Phaethon_lepturus,0.0
Takuu,Phaethon_lepturus,14.0
Tarawa,Phaethon_lepturus,0.0
Tatakoto,Phaethon_lepturus,0.0
Tauere,Phaethon_lepturus,0.0
Tekokota,Phaethon_lepturus,0.0
Temitangi,Phaethon_lepturus,0.0
Temoe,Phaethon_lepturus,0.0
Tenararo,Phaethon_lepturus,0.0
Tenaruga,Phaethon_lepturus,0.0
Tepoto,Phaethon_lepturus,0.0
Teraina,Phaethon_lepturus,100.0
Tetiaroa,Phaethon_lepturus,0.0
Thiladhunmathi,Phaethon_lepturus,0.0
Tikehau,Phaethon_lepturus,0.0
Toau,Phaethon_lepturus,0.0
Tongareva,Phaethon_lepturus,14.0
Tuanake,Phaethon_lepturus,0.0
Tubbataha,Phaethon_lepturus,0.0
Tupai,Phaethon_lepturus,0.0
Tureia,Phaethon_lepturus,0.0
Ujae,Phaethon_lepturus,0.0
Ujelang,Phaethon_lepturus,0.0
Ulithi,Phaethon_lepturus,11.0
Utirik,Phaethon_lepturus,7.0
Vahanga,Phaethon_lepturus,0.0
Vahitahi,Phaethon_lepturus,0.0
Vairaatea,Phaethon_lepturus,0.0
Vaitupu,Phaethon_lepturus,4.0
Vanavana,Phaethon_lepturus,0.0
Vattaru,Phaethon_lepturus,0.0
Wailagilala,Phaethon_lepturus,0.0
Wake,Phaethon_lepturus,5.0
West_Fayu,Phaethon_lepturus,0.0
Woleai,Phaethon_lepturus,0.0
Wotho,Phaethon_lepturus,0.0
Wotje,Phaethon_lepturus,0.0
Abaiang,Ardenna_pacifica,0.0
Abariringa,Ardenna_pacifica,0.0
Abemama,Ardenna_pacifica,0.0
Addu,Ardenna_pacifica,0.0
Ahe,Ardenna_pacifica,0.0
Ahunui,Ardenna_pacifica,0.0
Ailinginae,Ardenna_pacifica,0.0
Ailinglaplap,Ardenna_pacifica,0.0
Ailuk,Ardenna_pacifica,223.0
Aldabra,Ardenna_pacifica,0.0
Alphonse,Ardenna_pacifica,124.0
Amanu,Ardenna_pacifica,0.0
Anaa,Ardenna_pacifica,0.0
Analtin,Ardenna_pacifica,0.0
Ant,Ardenna_pacifica,0.0
Anuanuraro,Ardenna_pacifica,0.0
Anuanurunga,Ardenna_pacifica,0.0
Apataki,Ardenna_pacifica,0.0
Aranuka,Ardenna_pacifica,0.0
Aratika,Ardenna_pacifica,0.0
Ari,Ardenna_pacifica,0.0
Arno,Ardenna_pacifica,0.0
Arutua,Ardenna_pacifica,0.0
Astove,Ardenna_pacifica,0.0
Atafu,Ardenna_pacifica,0.0
Aur,Ardenna_pacifica,0.0
Awin,Ardenna_pacifica,0.0
Bangaram,Ardenna_pacifica,0.0
Beautemps-Beaupre,Ardenna_pacifica,10.0
Bellona,Ardenna_pacifica,50460.0
Beru,Ardenna_pacifica,0.0
Bikar,Ardenna_pacifica,292.0
Bikini,Ardenna_pacifica,0.0
Birnie,Ardenna_pacifica,0.0
Bitra_Par,Ardenna_pacifica,0.0
Bokaak,Ardenna_pacifica,10000.0
Bramble_Haven,Ardenna_pacifica,0.0
Budibudi,Ardenna_pacifica,0.0
Butaritari,Ardenna_pacifica,0.0
Byramgore,Ardenna_pacifica,0.0
Caroline,Ardenna_pacifica,0.0
Cherbaniani,Ardenna_pacifica,0.0
Chesterfield,Ardenna_pacifica,172068.0
Chetlat,Ardenna_pacifica,0.0
Clipperton,Ardenna_pacifica,4.0
Cocos,Ardenna_pacifica,100.0
Conflict,Ardenna_pacifica,0.0
Cosmoledo,Ardenna_pacifica,0.0
Diego_Garcia,Ardenna_pacifica,36.0
Ducie,Ardenna_pacifica,0.0
Eauripik,Ardenna_pacifica,0.0
Ebon,Ardenna_pacifica,0.0
Egmont,Ardenna_pacifica,0.0
Egum,Ardenna_pacifica,0.0
Elato,Ardenna_pacifica,0.0
Enderbury,Ardenna_pacifica,94.0
Eniwetok,Ardenna_pacifica,0.0
Erikub,Ardenna_pacifica,0.0
Etal,Ardenna_pacifica,0.0
Europa,Ardenna_pacifica,0.0
Faadhippolhu,Ardenna_pacifica,0.0
Faaite,Ardenna_pacifica,0.0
Fakahina,Ardenna_pacifica,0.0
Fakaofo,Ardenna_pacifica,0.0
Fakarava,Ardenna_pacifica,0.0
Fangatau,Ardenna_pacifica,0.0
Fangataufa,Ardenna_pacifica,0.0
Faraulep,Ardenna_pacifica,0.0
Farquhar,Ardenna_pacifica,0.0
Felidhu,Ardenna_pacifica,0.0
French_Frigate_Shoals,Ardenna_pacifica,6000.0
Funafuti,Ardenna_pacifica,0.0
Gaafaru,Ardenna_pacifica,0.0
Glorioso,Ardenna_pacifica,0.0
Great_Chagos_Bank,Ardenna_pacifica,7446.0
Haddhunmathi,Ardenna_pacifica,0.0
Hao,Ardenna_pacifica,0.0
Haraiki,Ardenna_pacifica,0.0
Helen,Ardenna_pacifica,0.0
Hereheretui,Ardenna_pacifica,0.0
Hikueru,Ardenna_pacifica,0.0
Hiti,Ardenna_pacifica,0.0
Huon,Ardenna_pacifica,22.0
Huvadhu,Ardenna_pacifica,0.0
Ifalik,Ardenna_pacifica,0.0
Ihavandhippolu,Ardenna_pacifica,0.0
Jaluit,Ardenna_pacifica,16.0
Jemo,Ardenna_pacifica,0.0
Johnston,Ardenna_pacifica,4700.0
Kademat,Ardenna_pacifica,0.0
Kalpeni,Ardenna_pacifica,0.0
Kapingamarangi,Ardenna_pacifica,0.0
Katiu,Ardenna_pacifica,0.0
Kauehi,Ardenna_pacifica,0.0
Kaukura,Ardenna_pacifica,0.0
Kavaratti,Ardenna_pacifica,0.0
Kilinailau,Ardenna_pacifica,0.0
Kiltan,Ardenna_pacifica,0.0
Kiritimati,Ardenna_pacifica,12500.0
Kolhumadulu,Ardenna_pacifica,0.0
Kuop,Ardenna_pacifica,0.0
Kure,Ardenna_pacifica,15000.0
Kuria,Ardenna_pacifica,0.0
Kwajalein,Ardenna_pacifica,0.0
Lae,Ardenna_pacifica,0.0
Lamotrek,Ardenna_pacifica,0.0
Laualau,Ardenna_pacifica,0.0
Laysan,Ardenna_pacifica,300000.0
Lib,Ardenna_pacifica,0.0
Likiep,Ardenna_pacifica,0.0
Liot,Ardenna_pacifica,0.0
Lisianski,Ardenna_pacifica,40000.0
Long_Reef,Ardenna_pacifica,0.0
Losap,Ardenna_pacifica,0.0
Lukunor,Ardenna_pacifica,0.0
Maalhosmadulu,Ardenna_pacifica,0.0
Maiana,Ardenna_pacifica,0.0
Majuro,Ardenna_pacifica,0.0
Makemo,Ardenna_pacifica,0.0
Makunudhoo,Ardenna_pacifica,0.0
Malden,Ardenna_pacifica,0.0
Maloelap,Ardenna_pacifica,0.0
Malum,Ardenna_pacifica,0.0
Manihi,Ardenna_pacifica,0.0
Manihiki,Ardenna_pacifica,0.0
Manra,Ardenna_pacifica,0.0
Manuae,Ardenna_pacifica,0.0
Manuhangi,Ardenna_pacifica,0.0
Marakei,Ardenna_pacifica,0.0
Maria,Ardenna_pacifica,0.0
Maria_Est,Ardenna_pacifica,0.0
Marokau,Ardenna_pacifica,0.0
Marutea_Nord,Ardenna_pacifica,0.0
Marutea_Sud,Ardenna_pacifica,0.0
Mataiva,Ardenna_pacifica,0.0
Matureivavao,Ardenna_pacifica,0.0
Maupihaa,Ardenna_pacifica,0.0
McKean,Ardenna_pacifica,2.0
Midway,Ardenna_pacifica,10000.0
Miladhunmadulu,Ardenna_pacifica,0.0
Mili,Ardenna_pacifica,0.0
Minicoy,Ardenna_pacifica,0.0
Mokil,Ardenna_pacifica,0.0
Morane,Ardenna_pacifica,0.0
Moruroa,Ardenna_pacifica,0.0
Motu_One,Ardenna_pacifica,0.0
Motutunga,Ardenna_pacifica,0.0
Mulaku,Ardenna_pacifica,0.0
Murilo,Ardenna_pacifica,0.0
Namoluk,Ardenna_pacifica,0.0
Namonuito,Ardenna_pacifica,0.0
Namorik,Ardenna_pacifica,0.0
Namu,Ardenna_pacifica,0.0
Nanumanga,Ardenna_pacifica,0.0
Nanumea,Ardenna_pacifica,0.0
Napuka,Ardenna_pacifica,0.0
Nengonengo,Ardenna_pacifica,0.0
Ngcheangel,Ardenna_pacifica,0.0
Ngulu,Ardenna_pacifica,0.0
Niau,Ardenna_pacifica,0.0
Nihiru,Ardenna_pacifica,0.0
Nikumaroro,Ardenna_pacifica,0.0
Nikunau,Ardenna_pacifica,0.0
Ninigo,Ardenna_pacifica,0.0
Niutao,Ardenna_pacifica,0.0
Nomwin,Ardenna_pacifica,0.0
Nonouti,Ardenna_pacifica,0.0
North_Male,Ardenna_pacifica,0.0
North_Nilandhe,Ardenna_pacifica,0.0
Nuguria,Ardenna_pacifica,0.0
Nui,Ardenna_pacifica,0.0
Nukapu,Ardenna_pacifica,0.0
Nukufetau,Ardenna_pacifica,0.0
Nukulaelae,Ardenna_pacifica,0.0
Nukumanu,Ardenna_pacifica,0.0
Nukumbasanga,Ardenna_pacifica,0.0
Nukunonu,Ardenna_pacifica,0.0
Nukuoro,Ardenna_pacifica,0.0
Nukutepipi,Ardenna_pacifica,0.0
Numa_Miombilou,Ardenna_pacifica,0.0
Nupani,Ardenna_pacifica,0.0
Oeno,Ardenna_pacifica,0.0
Olimarao,Ardenna_pacifica,0.0
Onotoa,Ardenna_pacifica,0.0
Ontong_Java,Ardenna_pacifica,0.0
Oroluk,Ardenna_pacifica,0.0
Orona,Ardenna_pacifica,0.0
Pakin,Ardenna_pacifica,0.0
Palmerston,Ardenna_pacifica,0.0
Palmyra,Ardenna_pacifica,2.0
Paraoa,Ardenna_pacifica,0.0
Pearl_and_Hermes,Ardenna_pacifica,15000.0
Peremul_Par,Ardenna_pacifica,0.0
Peros_Banhos,Ardenna_pacifica,4.0
Pinaki,Ardenna_pacifica,0.0
Pingelap,Ardenna_pacifica,0.0
Pinipel,Ardenna_pacifica,0.0
Pukapuka,Ardenna_pacifica,0.0
Puka-Puka,Ardenna_pacifica,0.0
Pukarua,Ardenna_pacifica,0.0
Pulap,Ardenna_pacifica,0.0
Pulusuk,Ardenna_pacifica,0.0
Puluwat,Ardenna_pacifica,0.0
Qelelevu,Ardenna_pacifica,0.0
Rakahanga,Ardenna_pacifica,0.0
Rangiroa,Ardenna_pacifica,0.0
Raraka,Ardenna_pacifica,0.0
Raroia,Ardenna_pacifica,0.0
Rasdhoo,Ardenna_pacifica,0.0
Ravahere,Ardenna_pacifica,0.0
Rawaki,Ardenna_pacifica,500.0
Reao,Ardenna_pacifica,0.0
Redlick,Ardenna_pacifica,0.0
Reitoru,Ardenna_pacifica,0.0
Rekareka,Ardenna_pacifica,0.0
Rongelap,Ardenna_pacifica,249.0
Rongerik,Ardenna_pacifica,150.0
Rose,Ardenna_pacifica,0.0
Rowa,Ardenna_pacifica,0.0
Saloman,Ardenna_pacifica,0.0
Sama,Ardenna_pacifica,0.0
Samasuma,Ardenna_pacifica,0.0
Sapwuahfik,Ardenna_pacifica,0.0
Satawan,Ardenna_pacifica,0.0
Scilly,Ardenna_pacifica,0.0
Sorol,Ardenna_pacifica,0.0
South_Maalhosmadulu,Ardenna_pacifica,0.0
South_Nilandhe,Ardenna_pacifica,0.0
St_Francois,Ardenna_pacifica,178.0
St_Joseph,Ardenna_pacifica,57310.0
Starbuck,Ardenna_pacifica,0.0
Suheli_Par,Ardenna_pacifica,0.0
Surprise,Ardenna_pacifica,55160.0
Suwarrow,Ardenna_pacifica,0.0
Swains,Ardenna_pacifica,0.0
Tabiteuea,Ardenna_pacifica,0.0
Tabuaeran,Ardenna_pacifica,0.0
Taenga,Ardenna_pacifica,0.0
Tahanea,Ardenna_pacifica,0.0
Taiaro,Ardenna_pacifica,0.0
Taka,Ardenna_pacifica,24.0
Takapoto,Ardenna_pacifica,0.0
Takaroa,Ardenna_pacifica,0.0
Takume,Ardenna_pacifica,0.0
Takuu,Ardenna_pacifica,0.0
Tarawa,Ardenna_pacifica,0.0
Tatakoto,Ardenna_pacifica,0.0
Tauere,Ardenna_pacifica,0.0
Tekokota,Ardenna_pacifica,0.0
Temitangi,Ardenna_pacifica,0.0
Temoe,Ardenna_pacifica,0.0
Tenararo,Ardenna_pacifica,0.0
Tenaruga,Ardenna_pacifica,0.0
Tepoto,Ardenna_pacifica,0.0
Teraina,Ardenna_pacifica,0.0
Tetiaroa,Ardenna_pacifica,0.0
Thiladhunmathi,Ardenna_pacifica,0.0
Tikehau,Ardenna_pacifica,0.0
Toau,Ardenna_pacifica,0.0
Tongareva,Ardenna_pacifica,0.0
Tuanake,Ardenna_pacifica,0.0
Tubbataha,Ardenna_pacifica,0.0
Tupai,Ardenna_pacifica,0.0
Tureia,Ardenna_pacifica,0.0
Ujae,Ardenna_pacifica,0.0
Ujelang,Ardenna_pacifica,0.0
Ulithi,Ardenna_pacifica,0.0
Utirik,Ardenna_pacifica,0.0
Vahanga,Ardenna_pacifica,0.0
Vahitahi,Ardenna_pacifica,0.0
Vairaatea,Ardenna_pacifica,0.0
Vaitupu,Ardenna_pacifica,0.0
Vanavana,Ardenna_pacifica,0.0
Vattaru,Ardenna_pacifica,0.0
Wailagilala,Ardenna_pacifica,0.0
Wake,Ardenna_pacifica,176.0
West_Fayu,Ardenna_pacifica,0.0
Woleai,Ardenna_pacifica,0.0
Wotho,Ardenna_pacifica,0.0
Wotje,Ardenna_pacifica,0.0
Abaiang,Puffinus_nativitatis,0.0
Abariringa,Puffinus_nativitatis,0.0
Abemama,Puffinus_nativitatis,0.0
Addu,Puffinus_nativitatis,0.0
Ahe,Puffinus_nativitatis,0.0
Ahunui,Puffinus_nativitatis,0.0
Ailinginae,Puffinus_nativitatis,0.0
Ailinglaplap,Puffinus_nativitatis,0.0
Ailuk,Puffinus_nativitatis,130.0
Aldabra,Puffinus_nativitatis,0.0
Alphonse,Puffinus_nativitatis,0.0
Amanu,Puffinus_nativitatis,0.0
Anaa,Puffinus_nativitatis,0.0
Analtin,Puffinus_nativitatis,0.0
Ant,Puffinus_nativitatis,0.0
Anuanuraro,Puffinus_nativitatis,0.0
Anuanurunga,Puffinus_nativitatis,0.0
Apataki,Puffinus_nativitatis,0.0
Aranuka,Puffinus_nativitatis,0.0
Aratika,Puffinus_nativitatis,0.0
Ari,Puffinus_nativitatis,0.0
Arno,Puffinus_nativitatis,0.0
Arutua,Puffinus_nativitatis,0.0
Astove,Puffinus_nativitatis,0.0
Atafu,Puffinus_nativitatis,0.0
Aur,Puffinus_nativitatis,0.0
Awin,Puffinus_nativitatis,0.0
Bangaram,Puffinus_nativitatis,0.0
Beautemps-Beaupre,Puffinus_nativitatis,0.0
Bellona,Puffinus_nativitatis,0.0
Beru,Puffinus_nativitatis,0.0
Bikar,Puffinus_nativitatis,0.0
Bikini,Puffinus_nativitatis,0.0
Birnie,Puffinus_nativitatis,0.0
Bitra_Par,Puffinus_nativitatis,0.0
Bokaak,Puffinus_nativitatis,343.0
Bramble_Haven,Puffinus_nativitatis,0.0
Budibudi,Puffinus_nativitatis,0.0
Butaritari,Puffinus_nativitatis,0.0
Byramgore,Puffinus_nativitatis,0.0
Caroline,Puffinus_nativitatis,0.0
Cherbaniani,Puffinus_nativitatis,0.0
Chesterfield,Puffinus_nativitatis,0.0
Chetlat,Puffinus_nativitatis,0.0
Clipperton,Puffinus_nativitatis,0.0
Cocos,Puffinus_nativitatis,0.0
Conflict,Puffinus_nativitatis,0.0
Cosmoledo,Puffinus_nativitatis,0.0
Diego_Garcia,Puffinus_nativitatis,0.0
Ducie,Puffinus_nativitatis,6000.0
Eauripik,Puffinus_nativitatis,0.0
Ebon,Puffinus_nativitatis,0.0
Egmont,Puffinus_nativitatis,0.0
Egum,Puffinus_nativitatis,0.0
Elato,Puffinus_nativitatis,0.0
Enderbury,Puffinus_nativitatis,4.0
Eniwetok,Puffinus_nativitatis,0.0
Erikub,Puffinus_nativitatis,0.0
Etal,Puffinus_nativitatis,0.0
Europa,Puffinus_nativitatis,0.0
Faadhippolhu,Puffinus_nativitatis,0.0
Faaite,Puffinus_nativitatis,0.0
Fakahina,Puffinus_nativitatis,0.0
Fakaofo,Puffinus_nativitatis,0.0
Fakarava,Puffinus_nativitatis,0.0
Fangatau,Puffinus_nativitatis,0.0
Fangataufa,Puffinus_nativitatis,0.0
Faraulep,Puffinus_nativitatis,0.0
Farquhar,Puffinus_nativitatis,0.0
Felidhu,Puffinus_nativitatis,0.0
French_Frigate_Shoals,Puffinus_nativitatis,100.0
Funafuti,Puffinus_nativitatis,0.0
Gaafaru,Puffinus_nativitatis,0.0
Glorioso,Puffinus_nativitatis,0.0
Great_Chagos_Bank,Puffinus_nativitatis,0.0
Haddhunmathi,Puffinus_nativitatis,0.0
Hao,Puffinus_nativitatis,0.0
Haraiki,Puffinus_nativitatis,0.0
Helen,Puffinus_nativitatis,0.0
Hereheretui,Puffinus_nativitatis,0.0
Hikueru,Puffinus_nativitatis,0.0
Hiti,Puffinus_nativitatis,0.0
Huon,Puffinus_nativitatis,0.0
Huvadhu,Puffinus_nativitatis,0.0
Ifalik,Puffinus_nativitatis,0.0
Ihavandhippolu,Puffinus_nativitatis,0.0
Jaluit,Puffinus_nativitatis,0.0
Jemo,Puffinus_nativitatis,0.0
Johnston,Puffinus_nativitatis,110.0
Kademat,Puffinus_nativitatis,0.0
Kalpeni,Puffinus_nativitatis,0.0
Kapingamarangi,Puffinus_nativitatis,0.0
Katiu,Puffinus_nativitatis,0.0
Kauehi,Puffinus_nativitatis,0.0
Kaukura,Puffinus_nativitatis,0.0
Kavaratti,Puffinus_nativitatis,0.0
Kilinailau,Puffinus_nativitatis,0.0
Kiltan,Puffinus_nativitatis,0.0
Kiritimati,Puffinus_nativitatis,11000.0
Kolhumadulu,Puffinus_nativitatis,0.0
Kuop,Puffinus_nativitatis,0.0
Kure,Puffinus_nativitatis,480.0
Kuria,Puffinus_nativitatis,0.0
Kwajalein,Puffinus_nativitatis,0.0
Lae,Puffinus_nativitatis,0.0
Lamotrek,Puffinus_nativitatis,0.0
Laualau,Puffinus_nativitatis,0.0
Laysan,Puffinus_nativitatis,3500.0
Lib,Puffinus_nativitatis,0.0
Likiep,Puffinus_nativitatis,0.0
Liot,Puffinus_nativitatis,0.0
Lisianski,Puffinus_nativitatis,1000.0
Long_Reef,Puffinus_nativitatis,0.0
Losap,Puffinus_nativitatis,0.0
Lukunor,Puffinus_nativitatis,0.0
Maalhosmadulu,Puffinus_nativitatis,0.0
Maiana,Puffinus_nativitatis,0.0
Majuro,Puffinus_nativitatis,0.0
Makemo,Puffinus_nativitatis,0.0
Makunudhoo,Puffinus_nativitatis,0.0
Malden,Puffinus_nativitatis,0.0
Maloelap,Puffinus_nativitatis,0.0
Malum,Puffinus_nativitatis,0.0
Manihi,Puffinus_nativitatis,0.0
Manihiki,Puffinus_nativitatis,0.0
Manra,Puffinus_nativitatis,0.0
Manuae,Puffinus_nativitatis,0.0
Manuhangi,Puffinus_nativitatis,0.0
Marakei,Puffinus_nativitatis,0.0
Maria,Puffinus_nativitatis,0.0
Maria_Est,Puffinus_nativitatis,0.0
Marokau,Puffinus_nativitatis,0.0
Marutea_Nord,Puffinus_nativitatis,0.0
Marutea_Sud,Puffinus_nativitatis,0.0
Mataiva,Puffinus_nativitatis,0.0
Matureivavao,Puffinus_nativitatis,0.0
Maupihaa,Puffinus_nativitatis,0.0
McKean,Puffinus_nativitatis,0.0
Midway,Puffinus_nativitatis,400.0
Miladhunmadulu,Puffinus_nativitatis,0.0
Mili,Puffinus_nativitatis,0.0
Minicoy,Puffinus_nativitatis,0.0
Mokil,Puffinus_nativitatis,0.0
Morane,Puffinus_nativitatis,0.0
Moruroa,Puffinus_nativitatis,268.0
Motu_One,Puffinus_nativitatis,0.0
Motutunga,Puffinus_nativitatis,0.0
Mulaku,Puffinus_nativitatis,0.0
Murilo,Puffinus_nativitatis,0.0
Namoluk,Puffinus_nativitatis,0.0
Namonuito,Puffinus_nativitatis,0.0
Namorik,Puffinus_nativitatis,0.0
Namu,Puffinus_nativitatis,0.0
Nanumanga,Puffinus_nativitatis,0.0
Nanumea,Puffinus_nativitatis,0.0
Napuka,Puffinus_nativitatis,0.0
Nengonengo,Puffinus_nativitatis,0.0
Ngcheangel,Puffinus_nativitatis,0.0
Ngulu,Puffinus_nativitatis,0.0
Niau,Puffinus_nativitatis,0.0
Nihiru,Puffinus_nativitatis,0.0
Nikumaroro,Puffinus_nativitatis,0.0
Nikunau,Puffinus_nativitatis,0.0
Ninigo,Puffinus_nativitatis,0.0
Niutao,Puffinus_nativitatis,0.0
Nomwin,Puffinus_nativitatis,0.0
Nonouti,Puffinus_nativitatis,0.0
North_Male,Puffinus_nativitatis,0.0
North_Nilandhe,Puffinus_nativitatis,0.0
Nuguria,Puffinus_nativitatis,0.0
Nui,Puffinus_nativitatis,0.0
Nukapu,Puffinus_nativitatis,0.0
Nukufetau,Puffinus_nativitatis,0.0
Nukulaelae,Puffinus_nativitatis,0.0
Nukumanu,Puffinus_nativitatis,0.0
Nukumbasanga,Puffinus_nativitatis,0.0
Nukunonu,Puffinus_nativitatis,0.0
Nukuoro,Puffinus_nativitatis,0.0
Nukutepipi,Puffinus_nativitatis,0.0
Numa_Miombilou,Puffinus_nativitatis,0.0
Nupani,Puffinus_nativitatis,0.0
Oeno,Puffinus_nativitatis,0.0
Olimarao,Puffinus_nativitatis,0.0
Onotoa,Puffinus_nativitatis,0.0
Ontong_Java,Puffinus_nativitatis,0.0
Oroluk,Puffinus_nativitatis,0.0
Orona,Puffinus_nativitatis,0.0
Pakin,Puffinus_nativitatis,0.0
Palmerston,Puffinus_nativitatis,0.0
Palmyra,Puffinus_nativitatis,0.0
Paraoa,Puffinus_nativitatis,0.0
Pearl_and_Hermes,Puffinus_nativitatis,20.0
Peremul_Par,Puffinus_nativitatis,0.0
Peros_Banhos,Puffinus_nativitatis,0.0
Pinaki,Puffinus_nativitatis,0.0
Pingelap,Puffinus_nativitatis,0.0
Pinipel,Puffinus_nativitatis,0.0
Pukapuka,Puffinus_nativitatis,0.0
Puka-Puka,Puffinus_nativitatis,0.0
Pukarua,Puffinus_nativitatis,0.0
Pulap,Puffinus_nativitatis,0.0
Pulusuk,Puffinus_nativitatis,0.0
Puluwat,Puffinus_nativitatis,0.0
Qelelevu,Puffinus_nativitatis,0.0
Rakahanga,Puffinus_nativitatis,0.0
Rangiroa,Puffinus_nativitatis,0.0
Raraka,Puffinus_nativitatis,0.0
Raroia,Puffinus_nativitatis,0.0
Rasdhoo,Puffinus_nativitatis,0.0
Ravahere,Puffinus_nativitatis,0.0
Rawaki,Puffinus_nativitatis,1600.0
Reao,Puffinus_nativitatis,0.0
Redlick,Puffinus_nativitatis,0.0
Reitoru,Puffinus_nativitatis,0.0
Rekareka,Puffinus_nativitatis,0.0
Rongelap,Puffinus_nativitatis,0.0
Rongerik,Puffinus_nativitatis,0.0
Rose,Puffinus_nativitatis,0.0
Rowa,Puffinus_nativitatis,0.0
Saloman,Puffinus_nativitatis,0.0
Sama,Puffinus_nativitatis,0.0
Samasuma,Puffinus_nativitatis,0.0
Sapwuahfik,Puffinus_nativitatis,0.0
Satawan,Puffinus_nativitatis,0.0
Scilly,Puffinus_nativitatis,0.0
Sorol,Puffinus_nativitatis,0.0
South_Maalhosmadulu,Puffinus_nativitatis,0.0
South_Nilandhe,Puffinus_nativitatis,0.0
St_Francois,Puffinus_nativitatis,0.0
St_Joseph,Puffinus_nativitatis,0.0
Starbuck,Puffinus_nativitatis,0.0
Suheli_Par,Puffinus_nativitatis,0.0
Surprise,Puffinus_nativitatis,0.0
Suwarrow,Puffinus_nativitatis,0.0
Swains,Puffinus_nativitatis,0.0
Tabiteuea,Puffinus_nativitatis,0.0
Tabuaeran,Puffinus_nativitatis,0.0
Taenga,Puffinus_nativitatis,0.0
Tahanea,Puffinus_nativitatis,0.0
Taiaro,Puffinus_nativitatis,0.0
Taka,Puffinus_nativitatis,0.0
Takapoto,Puffinus_nativitatis,0.0
Takaroa,Puffinus_nativitatis,0.0
Takume,Puffinus_nativitatis,0.0
Takuu,Puffinus_nativitatis,0.0
Tarawa,Puffinus_nativitatis,0.0
Tatakoto,Puffinus_nativitatis,0.0
Tauere,Puffinus_nativitatis,0.0
Tekokota,Puffinus_nativitatis,0.0
Temitangi,Puffinus_nativitatis,0.0
Temoe,Puffinus_nativitatis,0.0
Tenararo,Puffinus_nativitatis,0.0
Tenaruga,Puffinus_nativitatis,0.0
Tepoto,Puffinus_nativitatis,0.0
Teraina,Puffinus_nativitatis,0.0
Tetiaroa,Puffinus_nativitatis,0.0
Thiladhunmathi,Puffinus_nativitatis,0.0
Tikehau,Puffinus_nativitatis,0.0
Toau,Puffinus_nativitatis,0.0
Tongareva,Puffinus_nativitatis,0.0
Tuanake,Puffinus_nativitatis,0.0
Tubbataha,Puffinus_nativitatis,0.0
Tupai,Puffinus_nativitatis,0.0
Tureia,Puffinus_nativitatis,0.0
Ujae,Puffinus_nativitatis,0.0
Ujelang,Puffinus_nativitatis,0.0
Ulithi,Puffinus_nativitatis,0.0
Utirik,Puffinus_nativitatis,0.0
Vahanga,Puffinus_nativitatis,0.0
Vahitahi,Puffinus_nativitatis,0.0
Vairaatea,Puffinus_nativitatis,0.0
Vaitupu,Puffinus_nativitatis,0.0
Vanavana,Puffinus_nativitatis,0.0
Vattaru,Puffinus_nativitatis,0.0
Wailagilala,Puffinus_nativitatis,0.0
Wake,Puffinus_nativitatis,0.0
West_Fayu,Puffinus_nativitatis,0.0
Woleai,Puffinus_nativitatis,0.0
Wotho,Puffinus_nativitatis,0.0
Wotje,Puffinus_nativitatis,0.0
Abaiang,Hydroprogne_caspia,0.0
Abariringa,Hydroprogne_caspia,0.0
Abemama,Hydroprogne_caspia,0.0
Addu,Hydroprogne_caspia,0.0
Ahe,Hydroprogne_caspia,0.0
Ahunui,Hydroprogne_caspia,0.0
Ailinginae,Hydroprogne_caspia,0.0
Ailinglaplap,Hydroprogne_caspia,0.0
Ailuk,Hydroprogne_caspia,0.0
Aldabra,Hydroprogne_caspia,25.0
Alphonse,Hydroprogne_caspia,0.0
Amanu,Hydroprogne_caspia,0.0
Anaa,Hydroprogne_caspia,0.0
Analtin,Hydroprogne_caspia,0.0
Ant,Hydroprogne_caspia,0.0
Anuanuraro,Hydroprogne_caspia,0.0
Anuanurunga,Hydroprogne_caspia,0.0
Apataki,Hydroprogne_caspia,0.0
Aranuka,Hydroprogne_caspia,0.0
Aratika,Hydroprogne_caspia,0.0
Ari,Hydroprogne_caspia,0.0
Arno,Hydroprogne_caspia,0.0
Arutua,Hydroprogne_caspia,0.0
Astove,Hydroprogne_caspia,19.0
Atafu,Hydroprogne_caspia,0.0
Aur,Hydroprogne_caspia,0.0
Awin,Hydroprogne_caspia,0.0
Bangaram,Hydroprogne_caspia,0.0
Beautemps-Beaupre,Hydroprogne_caspia,0.0
Bellona,Hydroprogne_caspia,0.0
Beru,Hydroprogne_caspia,0.0
Bikar,Hydroprogne_caspia,0.0
Bikini,Hydroprogne_caspia,0.0
Birnie,Hydroprogne_caspia,0.0
Bitra_Par,Hydroprogne_caspia,0.0
Bokaak,Hydroprogne_caspia,0.0
Bramble_Haven,Hydroprogne_caspia,0.0
Budibudi,Hydroprogne_caspia,0.0
Butaritari,Hydroprogne_caspia,0.0
Byramgore,Hydroprogne_caspia,0.0
Caroline,Hydroprogne_caspia,0.0
Cherbaniani,Hydroprogne_caspia,0.0
Chesterfield,Hydroprogne_caspia,0.0
Chetlat,Hydroprogne_caspia,0.0
Clipperton,Hydroprogne_caspia,0.0
Cocos,Hydroprogne_caspia,0.0
Conflict,Hydroprogne_caspia,0.0
Cosmoledo,Hydroprogne_caspia,0.0
Diego_Garcia,Hydroprogne_caspia,0.0
Ducie,Hydroprogne_caspia,0.0
Eauripik,Hydroprogne_caspia,0.0
Ebon,Hydroprogne_caspia,0.0
Egmont,Hydroprogne_caspia,0.0
Egum,Hydroprogne_caspia,0.0
Elato,Hydroprogne_caspia,0.0
Enderbury,Hydroprogne_caspia,0.0
Eniwetok,Hydroprogne_caspia,0.0
Erikub,Hydroprogne_caspia,0.0
Etal,Hydroprogne_caspia,0.0
Europa,Hydroprogne_caspia,30.0
Faadhippolhu,Hydroprogne_caspia,0.0
Faaite,Hydroprogne_caspia,0.0
Fakahina,Hydroprogne_caspia,0.0
Fakaofo,Hydroprogne_caspia,0.0
Fakarava,Hydroprogne_caspia,0.0
Fangatau,Hydroprogne_caspia,0.0
Fangataufa,Hydroprogne_caspia,0.0
Faraulep,Hydroprogne_caspia,0.0
Farquhar,Hydroprogne_caspia,0.0
Felidhu,Hydroprogne_caspia,0.0
French_Frigate_Shoals,Hydroprogne_caspia,0.0
Funafuti,Hydroprogne_caspia,0.0
Gaafaru,Hydroprogne_caspia,0.0
Glorioso,Hydroprogne_caspia,0.0
Great_Chagos_Bank,Hydroprogne_caspia,0.0
Haddhunmathi,Hydroprogne_caspia,0.0
Hao,Hydroprogne_caspia,0.0
Haraiki,Hydroprogne_caspia,0.0
Helen,Hydroprogne_caspia,0.0
Hereheretui,Hydroprogne_caspia,0.0
Hikueru,Hydroprogne_caspia,0.0
Hiti,Hydroprogne_caspia,0.0
Huon,Hydroprogne_caspia,0.0
Huvadhu,Hydroprogne_caspia,0.0
Ifalik,Hydroprogne_caspia,0.0
Ihavandhippolu,Hydroprogne_caspia,0.0
Jaluit,Hydroprogne_caspia,0.0
Jemo,Hydroprogne_caspia,0.0
Johnston,Hydroprogne_caspia,0.0
Kademat,Hydroprogne_caspia,0.0
Kalpeni,Hydroprogne_caspia,0.0
Kapingamarangi,Hydroprogne_caspia,0.0
Katiu,Hydroprogne_caspia,0.0
Kauehi,Hydroprogne_caspia,0.0
Kaukura,Hydroprogne_caspia,0.0
Kavaratti,Hydroprogne_caspia,0.0
Kilinailau,Hydroprogne_caspia,0.0
Kiltan,Hydroprogne_caspia,0.0
Kiritimati,Hydroprogne_caspia,0.0
Kolhumadulu,Hydroprogne_caspia,0.0
Kuop,Hydroprogne_caspia,0.0
Kure,Hydroprogne_caspia,0.0
Kuria,Hydroprogne_caspia,0.0
Kwajalein,Hydroprogne_caspia,0.0
Lae,Hydroprogne_caspia,0.0
Lamotrek,Hydroprogne_caspia,0.0
Laualau,Hydroprogne_caspia,0.0
Laysan,Hydroprogne_caspia,0.0
Lib,Hydroprogne_caspia,0.0
Likiep,Hydroprogne_caspia,0.0
Liot,Hydroprogne_caspia,0.0
Lisianski,Hydroprogne_caspia,0.0
Long_Reef,Hydroprogne_caspia,0.0
Losap,Hydroprogne_caspia,0.0
Lukunor,Hydroprogne_caspia,0.0
Maalhosmadulu,Hydroprogne_caspia,0.0
Maiana,Hydroprogne_caspia,0.0
Majuro,Hydroprogne_caspia,0.0
Makemo,Hydroprogne_caspia,0.0
Makunudhoo,Hydroprogne_caspia,0.0
Malden,Hydroprogne_caspia,0.0
Maloelap,Hydroprogne_caspia,0.0
Malum,Hydroprogne_caspia,0.0
Manihi,Hydroprogne_caspia,0.0
Manihiki,Hydroprogne_caspia,0.0
Manra,Hydroprogne_caspia,0.0
Manuae,Hydroprogne_caspia,0.0
Manuhangi,Hydroprogne_caspia,0.0
Marakei,Hydroprogne_caspia,0.0
Maria,Hydroprogne_caspia,0.0
Maria_Est,Hydroprogne_caspia,0.0
Marokau,Hydroprogne_caspia,0.0
Marutea_Nord,Hydroprogne_caspia,0.0
Marutea_Sud,Hydroprogne_caspia,0.0
Mataiva,Hydroprogne_caspia,0.0
Matureivavao,Hydroprogne_caspia,0.0
Maupihaa,Hydroprogne_caspia,0.0
McKean,Hydroprogne_caspia,0.0
Midway,Hydroprogne_caspia,0.0
Miladhunmadulu,Hydroprogne_caspia,0.0
Mili,Hydroprogne_caspia,0.0
Minicoy,Hydroprogne_caspia,0.0
Mokil,Hydroprogne_caspia,0.0
Morane,Hydroprogne_caspia,0.0
Moruroa,Hydroprogne_caspia,0.0
Motu_One,Hydroprogne_caspia,0.0
Motutunga,Hydroprogne_caspia,0.0
Mulaku,Hydroprogne_caspia,0.0
Murilo,Hydroprogne_caspia,0.0
Namoluk,Hydroprogne_caspia,0.0
Namonuito,Hydroprogne_caspia,0.0
Namorik,Hydroprogne_caspia,0.0
Namu,Hydroprogne_caspia,0.0
Nanumanga,Hydroprogne_caspia,0.0
Nanumea,Hydroprogne_caspia,0.0
Napuka,Hydroprogne_caspia,0.0
Nengonengo,Hydroprogne_caspia,0.0
Ngcheangel,Hydroprogne_caspia,0.0
Ngulu,Hydroprogne_caspia,0.0
Niau,Hydroprogne_caspia,0.0
Nihiru,Hydroprogne_caspia,0.0
Nikumaroro,Hydroprogne_caspia,0.0
Nikunau,Hydroprogne_caspia,0.0
Ninigo,Hydroprogne_caspia,0.0
Niutao,Hydroprogne_caspia,0.0
Nomwin,Hydroprogne_caspia,0.0
Nonouti,Hydroprogne_caspia,0.0
North_Male,Hydroprogne_caspia,0.0
North_Nilandhe,Hydroprogne_caspia,0.0
Nuguria,Hydroprogne_caspia,0.0
Nui,Hydroprogne_caspia,0.0
Nukapu,Hydroprogne_caspia,0.0
Nukufetau,Hydroprogne_caspia,0.0
Nukulaelae,Hydroprogne_caspia,0.0
Nukumanu,Hydroprogne_caspia,0.0
Nukumbasanga,Hydroprogne_caspia,0.0
Nukunonu,Hydroprogne_caspia,0.0
Nukuoro,Hydroprogne_caspia,0.0
Nukutepipi,Hydroprogne_caspia,0.0
Numa_Miombilou,Hydroprogne_caspia,0.0
Nupani,Hydroprogne_caspia,0.0
Oeno,Hydroprogne_caspia,0.0
Olimarao,Hydroprogne_caspia,0.0
Onotoa,Hydroprogne_caspia,0.0
Ontong_Java,Hydroprogne_caspia,0.0
Oroluk,Hydroprogne_caspia,0.0
Orona,Hydroprogne_caspia,0.0
Pakin,Hydroprogne_caspia,0.0
Palmerston,Hydroprogne_caspia,0.0
Palmyra,Hydroprogne_caspia,0.0
Paraoa,Hydroprogne_caspia,0.0
Pearl_and_Hermes,Hydroprogne_caspia,0.0
Peremul_Par,Hydroprogne_caspia,0.0
Peros_Banhos,Hydroprogne_caspia,0.0
Pinaki,Hydroprogne_caspia,0.0
Pingelap,Hydroprogne_caspia,0.0
Pinipel,Hydroprogne_caspia,0.0
Pukapuka,Hydroprogne_caspia,0.0
Puka-Puka,Hydroprogne_caspia,0.0
Pukarua,Hydroprogne_caspia,0.0
Pulap,Hydroprogne_caspia,0.0
Pulusuk,Hydroprogne_caspia,0.0
Puluwat,Hydroprogne_caspia,0.0
Qelelevu,Hydroprogne_caspia,0.0
Rakahanga,Hydroprogne_caspia,0.0
Rangiroa,Hydroprogne_caspia,0.0
Raraka,Hydroprogne_caspia,0.0
Raroia,Hydroprogne_caspia,0.0
Rasdhoo,Hydroprogne_caspia,0.0
Ravahere,Hydroprogne_caspia,0.0
Rawaki,Hydroprogne_caspia,0.0
Reao,Hydroprogne_caspia,0.0
Redlick,Hydroprogne_caspia,0.0
Reitoru,Hydroprogne_caspia,0.0
Rekareka,Hydroprogne_caspia,0.0
Rongelap,Hydroprogne_caspia,0.0
Rongerik,Hydroprogne_caspia,0.0
Rose,Hydroprogne_caspia,0.0
Rowa,Hydroprogne_caspia,0.0
Saloman,Hydroprogne_caspia,0.0
Sama,Hydroprogne_caspia,0.0
Samasuma,Hydroprogne_caspia,0.0
Sapwuahfik,Hydroprogne_caspia,0.0
Satawan,Hydroprogne_caspia,0.0
Scilly,Hydroprogne_caspia,0.0
Sorol,Hydroprogne_caspia,0.0
South_Maalhosmadulu,Hydroprogne_caspia,0.0
South_Nilandhe,Hydroprogne_caspia,0.0
St_Francois,Hydroprogne_caspia,0.0
St_Joseph,Hydroprogne_caspia,0.0
Starbuck,Hydroprogne_caspia,0.0
Suheli_Par,Hydroprogne_caspia,0.0
Surprise,Hydroprogne_caspia,0.0
Suwarrow,Hydroprogne_caspia,0.0
Swains,Hydroprogne_caspia,0.0
Tabiteuea,Hydroprogne_caspia,0.0
Tabuaeran,Hydroprogne_caspia,0.0
Taenga,Hydroprogne_caspia,0.0
Tahanea,Hydroprogne_caspia,0.0
Taiaro,Hydroprogne_caspia,0.0
Taka,Hydroprogne_caspia,0.0
Takapoto,Hydroprogne_caspia,0.0
Takaroa,Hydroprogne_caspia,0.0
Takume,Hydroprogne_caspia,0.0
Takuu,Hydroprogne_caspia,0.0
Tarawa,Hydroprogne_caspia,0.0
Tatakoto,Hydroprogne_caspia,0.0
Tauere,Hydroprogne_caspia,0.0
Tekokota,Hydroprogne_caspia,0.0
Temitangi,Hydroprogne_caspia,0.0
Temoe,Hydroprogne_caspia,0.0
Tenararo,Hydroprogne_caspia,0.0
Tenaruga,Hydroprogne_caspia,0.0
Tepoto,Hydroprogne_caspia,0.0
Teraina,Hydroprogne_caspia,0.0
Tetiaroa,Hydroprogne_caspia,0.0
Thiladhunmathi,Hydroprogne_caspia,0.0
Tikehau,Hydroprogne_caspia,0.0
Toau,Hydroprogne_caspia,0.0
Tongareva,Hydroprogne_caspia,0.0
Tuanake,Hydroprogne_caspia,0.0
Tubbataha,Hydroprogne_caspia,0.0
Tupai,Hydroprogne_caspia,0.0
Tureia,Hydroprogne_caspia,0.0
Ujae,Hydroprogne_caspia,0.0
Ujelang,Hydroprogne_caspia,0.0
Ulithi,Hydroprogne_caspia,0.0
Utirik,Hydroprogne_caspia,0.0
Vahanga,Hydroprogne_caspia,0.0
Vahitahi,Hydroprogne_caspia,0.0
Vairaatea,Hydroprogne_caspia,0.0
Vaitupu,Hydroprogne_caspia,0.0
Vanavana,Hydroprogne_caspia,0.0
Vattaru,Hydroprogne_caspia,0.0
Wailagilala,Hydroprogne_caspia,0.0
Wake,Hydroprogne_caspia,0.0
West_Fayu,Hydroprogne_caspia,0.0
Woleai,Hydroprogne_caspia,0.0
Wotho,Hydroprogne_caspia,0.0
Wotje,Hydroprogne_caspia,0.0
Abaiang,Thalasseus_bengalensis,0.0
Abariringa,Thalasseus_bengalensis,0.0
Abemama,Thalasseus_bengalensis,0.0
Addu,Thalasseus_bengalensis,0.0
Ahe,Thalasseus_bengalensis,0.0
Ahunui,Thalasseus_bengalensis,0.0
Ailinginae,Thalasseus_bengalensis,0.0
Ailinglaplap,Thalasseus_bengalensis,0.0
Ailuk,Thalasseus_bengalensis,0.0
Aldabra,Thalasseus_bengalensis,0.0
Alphonse,Thalasseus_bengalensis,0.0
Amanu,Thalasseus_bengalensis,0.0
Anaa,Thalasseus_bengalensis,0.0
Analtin,Thalasseus_bengalensis,0.0
Ant,Thalasseus_bengalensis,0.0
Anuanuraro,Thalasseus_bengalensis,0.0
Anuanurunga,Thalasseus_bengalensis,0.0
Apataki,Thalasseus_bengalensis,0.0
Aranuka,Thalasseus_bengalensis,0.0
Aratika,Thalasseus_bengalensis,0.0
Ari,Thalasseus_bengalensis,0.0
Arno,Thalasseus_bengalensis,0.0
Arutua,Thalasseus_bengalensis,0.0
Astove,Thalasseus_bengalensis,0.0
Atafu,Thalasseus_bengalensis,0.0
Aur,Thalasseus_bengalensis,0.0
Awin,Thalasseus_bengalensis,0.0
Bangaram,Thalasseus_bengalensis,246.0
Beautemps-Beaupre,Thalasseus_bengalensis,0.0
Bellona,Thalasseus_bengalensis,0.0
Beru,Thalasseus_bengalensis,0.0
Bikar,Thalasseus_bengalensis,0.0
Bikini,Thalasseus_bengalensis,0.0
Birnie,Thalasseus_bengalensis,0.0
Bitra_Par,Thalasseus_bengalensis,4.0
Bokaak,Thalasseus_bengalensis,0.0
Bramble_Haven,Thalasseus_bengalensis,0.0
Budibudi,Thalasseus_bengalensis,0.0
Butaritari,Thalasseus_bengalensis,0.0
Byramgore,Thalasseus_bengalensis,500.0
Caroline,Thalasseus_bengalensis,0.0
Cherbaniani,Thalasseus_bengalensis,760.0
Chesterfield,Thalasseus_bengalensis,0.0
Chetlat,Thalasseus_bengalensis,0.0
Clipperton,Thalasseus_bengalensis,0.0
Cocos,Thalasseus_bengalensis,0.0
Conflict,Thalasseus_bengalensis,0.0
Cosmoledo,Thalasseus_bengalensis,0.0
Diego_Garcia,Thalasseus_bengalensis,0.0
Ducie,Thalasseus_bengalensis,0.0
Eauripik,Thalasseus_bengalensis,0.0
Ebon,Thalasseus_bengalensis,0.0
Egmont,Thalasseus_bengalensis,0.0
Egum,Thalasseus_bengalensis,0.0
Elato,Thalasseus_bengalensis,0.0
Enderbury,Thalasseus_bengalensis,0.0
Eniwetok,Thalasseus_bengalensis,0.0
Erikub,Thalasseus_bengalensis,0.0
Etal,Thalasseus_bengalensis,0.0
Europa,Thalasseus_bengalensis,0.0
Faadhippolhu,Thalasseus_bengalensis,0.0
Faaite,Thalasseus_bengalensis,0.0
Fakahina,Thalasseus_bengalensis,0.0
Fakaofo,Thalasseus_bengalensis,0.0
Fakarava,Thalasseus_bengalensis,0.0
Fangatau,Thalasseus_bengalensis,0.0
Fangataufa,Thalasseus_bengalensis,0.0
Faraulep,Thalasseus_bengalensis,0.0
Farquhar,Thalasseus_bengalensis,0.0
Felidhu,Thalasseus_bengalensis,0.0
French_Frigate_Shoals,Thalasseus_bengalensis,0.0
Funafuti,Thalasseus_bengalensis,0.0
Gaafaru,Thalasseus_bengalensis,0.0
Glorioso,Thalasseus_bengalensis,0.0
Great_Chagos_Bank,Thalasseus_bengalensis,0.0
Haddhunmathi,Thalasseus_bengalensis,0.0
Hao,Thalasseus_bengalensis,0.0
Haraiki,Thalasseus_bengalensis,0.0
Helen,Thalasseus_bengalensis,0.0
Hereheretui,Thalasseus_bengalensis,0.0
Hikueru,Thalasseus_bengalensis,0.0
Hiti,Thalasseus_bengalensis,0.0
Huon,Thalasseus_bengalensis,0.0
Huvadhu,Thalasseus_bengalensis,0.0
Ifalik,Thalasseus_bengalensis,0.0
Ihavandhippolu,Thalasseus_bengalensis,0.0
Jaluit,Thalasseus_bengalensis,0.0
Jemo,Thalasseus_bengalensis,0.0
Johnston,Thalasseus_bengalensis,0.0
Kademat,Thalasseus_bengalensis,50.0
Kalpeni,Thalasseus_bengalensis,0.0
Kapingamarangi,Thalasseus_bengalensis,0.0
Katiu,Thalasseus_bengalensis,0.0
Kauehi,Thalasseus_bengalensis,0.0
Kaukura,Thalasseus_bengalensis,0.0
Kavaratti,Thalasseus_bengalensis,0.0
Kilinailau,Thalasseus_bengalensis,0.0
Kiltan,Thalasseus_bengalensis,0.0
Kiritimati,Thalasseus_bengalensis,0.0
Kolhumadulu,Thalasseus_bengalensis,0.0
Kuop,Thalasseus_bengalensis,0.0
Kure,Thalasseus_bengalensis,0.0
Kuria,Thalasseus_bengalensis,0.0
Kwajalein,Thalasseus_bengalensis,0.0
Lae,Thalasseus_bengalensis,0.0
Lamotrek,Thalasseus_bengalensis,0.0
Laualau,Thalasseus_bengalensis,0.0
Laysan,Thalasseus_bengalensis,0.0
Lib,Thalasseus_bengalensis,0.0
Likiep,Thalasseus_bengalensis,0.0
Liot,Thalasseus_bengalensis,0.0
Lisianski,Thalasseus_bengalensis,0.0
Long_Reef,Thalasseus_bengalensis,0.0
Losap,Thalasseus_bengalensis,0.0
Lukunor,Thalasseus_bengalensis,0.0
Maalhosmadulu,Thalasseus_bengalensis,0.0
Maiana,Thalasseus_bengalensis,0.0
Majuro,Thalasseus_bengalensis,0.0
Makemo,Thalasseus_bengalensis,0.0
Makunudhoo,Thalasseus_bengalensis,0.0
Malden,Thalasseus_bengalensis,0.0
Maloelap,Thalasseus_bengalensis,0.0
Malum,Thalasseus_bengalensis,0.0
Manihi,Thalasseus_bengalensis,0.0
Manihiki,Thalasseus_bengalensis,0.0
Manra,Thalasseus_bengalensis,0.0
Manuae,Thalasseus_bengalensis,0.0
Manuhangi,Thalasseus_bengalensis,0.0
Marakei,Thalasseus_bengalensis,0.0
Maria,Thalasseus_bengalensis,0.0
Maria_Est,Thalasseus_bengalensis,0.0
Marokau,Thalasseus_bengalensis,0.0
Marutea_Nord,Thalasseus_bengalensis,0.0
Marutea_Sud,Thalasseus_bengalensis,0.0
Mataiva,Thalasseus_bengalensis,0.0
Matureivavao,Thalasseus_bengalensis,0.0
Maupihaa,Thalasseus_bengalensis,0.0
McKean,Thalasseus_bengalensis,0.0
Midway,Thalasseus_bengalensis,0.0
Miladhunmadulu,Thalasseus_bengalensis,0.0
Mili,Thalasseus_bengalensis,0.0
Minicoy,Thalasseus_bengalensis,0.0
Mokil,Thalasseus_bengalensis,0.0
Morane,Thalasseus_bengalensis,0.0
Moruroa,Thalasseus_bengalensis,0.0
Motu_One,Thalasseus_bengalensis,0.0
Motutunga,Thalasseus_bengalensis,0.0
Mulaku,Thalasseus_bengalensis,0.0
Murilo,Thalasseus_bengalensis,0.0
Namoluk,Thalasseus_bengalensis,0.0
Namonuito,Thalasseus_bengalensis,0.0
Namorik,Thalasseus_bengalensis,0.0
Namu,Thalasseus_bengalensis,0.0
Nanumanga,Thalasseus_bengalensis,0.0
Nanumea,Thalasseus_bengalensis,0.0
Napuka,Thalasseus_bengalensis,0.0
Nengonengo,Thalasseus_bengalensis,0.0
Ngcheangel,Thalasseus_bengalensis,0.0
Ngulu,Thalasseus_bengalensis,0.0
Niau,Thalasseus_bengalensis,0.0
Nihiru,Thalasseus_bengalensis,0.0
Nikumaroro,Thalasseus_bengalensis,0.0
Nikunau,Thalasseus_bengalensis,0.0
Ninigo,Thalasseus_bengalensis,0.0
Niutao,Thalasseus_bengalensis,0.0
Nomwin,Thalasseus_bengalensis,0.0
Nonouti,Thalasseus_bengalensis,0.0
North_Male,Thalasseus_bengalensis,0.0
North_Nilandhe,Thalasseus_bengalensis,0.0
Nuguria,Thalasseus_bengalensis,0.0
Nui,Thalasseus_bengalensis,0.0
Nukapu,Thalasseus_bengalensis,0.0
Nukufetau,Thalasseus_bengalensis,0.0
Nukulaelae,Thalasseus_bengalensis,0.0
Nukumanu,Thalasseus_bengalensis,0.0
Nukumbasanga,Thalasseus_bengalensis,0.0
Nukunonu,Thalasseus_bengalensis,0.0
Nukuoro,Thalasseus_bengalensis,0.0
Nukutepipi,Thalasseus_bengalensis,0.0
Numa_Miombilou,Thalasseus_bengalensis,0.0
Nupani,Thalasseus_bengalensis,0.0
Oeno,Thalasseus_bengalensis,0.0
Olimarao,Thalasseus_bengalensis,0.0
Onotoa,Thalasseus_bengalensis,0.0
Ontong_Java,Thalasseus_bengalensis,0.0
Oroluk,Thalasseus_bengalensis,0.0
Orona,Thalasseus_bengalensis,0.0
Pakin,Thalasseus_bengalensis,0.0
Palmerston,Thalasseus_bengalensis,0.0
Palmyra,Thalasseus_bengalensis,0.0
Paraoa,Thalasseus_bengalensis,0.0
Pearl_and_Hermes,Thalasseus_bengalensis,0.0
Peremul_Par,Thalasseus_bengalensis,70.0
Peros_Banhos,Thalasseus_bengalensis,0.0
Pinaki,Thalasseus_bengalensis,0.0
Pingelap,Thalasseus_bengalensis,0.0
Pinipel,Thalasseus_bengalensis,0.0
Pukapuka,Thalasseus_bengalensis,0.0
Puka-Puka,Thalasseus_bengalensis,0.0
Pukarua,Thalasseus_bengalensis,0.0
Pulap,Thalasseus_bengalensis,0.0
Pulusuk,Thalasseus_bengalensis,0.0
Puluwat,Thalasseus_bengalensis,0.0
Qelelevu,Thalasseus_bengalensis,0.0
Rakahanga,Thalasseus_bengalensis,0.0
Rangiroa,Thalasseus_bengalensis,0.0
Raraka,Thalasseus_bengalensis,0.0
Raroia,Thalasseus_bengalensis,0.0
Rasdhoo,Thalasseus_bengalensis,0.0
Ravahere,Thalasseus_bengalensis,0.0
Rawaki,Thalasseus_bengalensis,0.0
Reao,Thalasseus_bengalensis,0.0
Redlick,Thalasseus_bengalensis,0.0
Reitoru,Thalasseus_bengalensis,0.0
Rekareka,Thalasseus_bengalensis,0.0
Rongelap,Thalasseus_bengalensis,0.0
Rongerik,Thalasseus_bengalensis,0.0
Rose,Thalasseus_bengalensis,0.0
Rowa,Thalasseus_bengalensis,0.0
Saloman,Thalasseus_bengalensis,0.0
Sama,Thalasseus_bengalensis,0.0
Samasuma,Thalasseus_bengalensis,0.0
Sapwuahfik,Thalasseus_bengalensis,0.0
Satawan,Thalasseus_bengalensis,0.0
Scilly,Thalasseus_bengalensis,0.0
Sorol,Thalasseus_bengalensis,0.0
South_Maalhosmadulu,Thalasseus_bengalensis,0.0
South_Nilandhe,Thalasseus_bengalensis,0.0
St_Francois,Thalasseus_bengalensis,0.0
St_Joseph,Thalasseus_bengalensis,0.0
Starbuck,Thalasseus_bengalensis,0.0
Suheli_Par,Thalasseus_bengalensis,1000.0
Surprise,Thalasseus_bengalensis,0.0
Suwarrow,Thalasseus_bengalensis,0.0
Swains,Thalasseus_bengalensis,0.0
Tabiteuea,Thalasseus_bengalensis,0.0
Tabuaeran,Thalasseus_bengalensis,0.0
Taenga,Thalasseus_bengalensis,0.0
Tahanea,Thalasseus_bengalensis,0.0
Taiaro,Thalasseus_bengalensis,0.0
Taka,Thalasseus_bengalensis,0.0
Takapoto,Thalasseus_bengalensis,0.0
Takaroa,Thalasseus_bengalensis,0.0
Takume,Thalasseus_bengalensis,0.0
Takuu,Thalasseus_bengalensis,0.0
Tarawa,Thalasseus_bengalensis,0.0
Tatakoto,Thalasseus_bengalensis,0.0
Tauere,Thalasseus_bengalensis,0.0
Tekokota,Thalasseus_bengalensis,0.0
Temitangi,Thalasseus_bengalensis,0.0
Temoe,Thalasseus_bengalensis,0.0
Tenararo,Thalasseus_bengalensis,0.0
Tenaruga,Thalasseus_bengalensis,0.0
Tepoto,Thalasseus_bengalensis,0.0
Teraina,Thalasseus_bengalensis,0.0
Tetiaroa,Thalasseus_bengalensis,0.0
Thiladhunmathi,Thalasseus_bengalensis,0.0
Tikehau,Thalasseus_bengalensis,0.0
Toau,Thalasseus_bengalensis,0.0
Tongareva,Thalasseus_bengalensis,0.0
Tuanake,Thalasseus_bengalensis,0.0
Tubbataha,Thalasseus_bengalensis,0.0
Tupai,Thalasseus_bengalensis,0.0
Tureia,Thalasseus_bengalensis,0.0
Ujae,Thalasseus_bengalensis,0.0
Ujelang,Thalasseus_bengalensis,0.0
Ulithi,Thalasseus_bengalensis,0.0
Utirik,Thalasseus_bengalensis,0.0
Vahanga,Thalasseus_bengalensis,0.0
Vahitahi,Thalasseus_bengalensis,0.0
Vairaatea,Thalasseus_bengalensis,0.0
Vaitupu,Thalasseus_bengalensis,0.0
Vanavana,Thalasseus_bengalensis,0.0
Vattaru,Thalasseus_bengalensis,0.0
Wailagilala,Thalasseus_bengalensis,0.0
Wake,Thalasseus_bengalensis,0.0
West_Fayu,Thalasseus_bengalensis,0.0
Woleai,Thalasseus_bengalensis,0.0
Wotho,Thalasseus_bengalensis,0.0
Wotje,Thalasseus_bengalensis,0.0
Abaiang,Sternula_nereis,0.0
Abariringa,Sternula_nereis,0.0
Abemama,Sternula_nereis,0.0
Addu,Sternula_nereis,0.0
Ahe,Sternula_nereis,0.0
Ahunui,Sternula_nereis,0.0
Ailinginae,Sternula_nereis,0.0
Ailinglaplap,Sternula_nereis,0.0
Ailuk,Sternula_nereis,0.0
Aldabra,Sternula_nereis,0.0
Alphonse,Sternula_nereis,0.0
Amanu,Sternula_nereis,0.0
Anaa,Sternula_nereis,0.0
Analtin,Sternula_nereis,0.0
Ant,Sternula_nereis,0.0
Anuanuraro,Sternula_nereis,0.0
Anuanurunga,Sternula_nereis,0.0
Apataki,Sternula_nereis,0.0
Aranuka,Sternula_nereis,0.0
Aratika,Sternula_nereis,0.0
Ari,Sternula_nereis,0.0
Arno,Sternula_nereis,0.0
Arutua,Sternula_nereis,0.0
Astove,Sternula_nereis,0.0
Atafu,Sternula_nereis,0.0
Aur,Sternula_nereis,0.0
Awin,Sternula_nereis,0.0
Bangaram,Sternula_nereis,0.0
Beautemps-Beaupre,Sternula_nereis,0.0
Bellona,Sternula_nereis,0.0
Beru,Sternula_nereis,0.0
Bikar,Sternula_nereis,0.0
Bikini,Sternula_nereis,0.0
Birnie,Sternula_nereis,0.0
Bitra_Par,Sternula_nereis,0.0
Bokaak,Sternula_nereis,0.0
Bramble_Haven,Sternula_nereis,0.0
Budibudi,Sternula_nereis,0.0
Butaritari,Sternula_nereis,0.0
Byramgore,Sternula_nereis,0.0
Caroline,Sternula_nereis,0.0
Cherbaniani,Sternula_nereis,0.0
Chesterfield,Sternula_nereis,82.0
Chetlat,Sternula_nereis,0.0
Clipperton,Sternula_nereis,0.0
Cocos,Sternula_nereis,0.0
Conflict,Sternula_nereis,0.0
Cosmoledo,Sternula_nereis,0.0
Diego_Garcia,Sternula_nereis,0.0
Ducie,Sternula_nereis,0.0
Eauripik,Sternula_nereis,0.0
Ebon,Sternula_nereis,0.0
Egmont,Sternula_nereis,0.0
Egum,Sternula_nereis,0.0
Elato,Sternula_nereis,0.0
Enderbury,Sternula_nereis,0.0
Eniwetok,Sternula_nereis,0.0
Erikub,Sternula_nereis,0.0
Etal,Sternula_nereis,0.0
Europa,Sternula_nereis,0.0
Faadhippolhu,Sternula_nereis,0.0
Faaite,Sternula_nereis,0.0
Fakahina,Sternula_nereis,0.0
Fakaofo,Sternula_nereis,0.0
Fakarava,Sternula_nereis,0.0
Fangatau,Sternula_nereis,0.0
Fangataufa,Sternula_nereis,0.0
Faraulep,Sternula_nereis,0.0
Farquhar,Sternula_nereis,0.0
Felidhu,Sternula_nereis,0.0
French_Frigate_Shoals,Sternula_nereis,0.0
Funafuti,Sternula_nereis,0.0
Gaafaru,Sternula_nereis,0.0
Glorioso,Sternula_nereis,0.0
Great_Chagos_Bank,Sternula_nereis,0.0
Haddhunmathi,Sternula_nereis,0.0
Hao,Sternula_nereis,0.0
Haraiki,Sternula_nereis,0.0
Helen,Sternula_nereis,0.0
Hereheretui,Sternula_nereis,0.0
Hikueru,Sternula_nereis,0.0
Hiti,Sternula_nereis,0.0
Huon,Sternula_nereis,5.0
Huvadhu,Sternula_nereis,0.0
Ifalik,Sternula_nereis,0.0
Ihavandhippolu,Sternula_nereis,0.0
Jaluit,Sternula_nereis,0.0
Jemo,Sternula_nereis,0.0
Johnston,Sternula_nereis,0.0
Kademat,Sternula_nereis,0.0
Kalpeni,Sternula_nereis,0.0
Kapingamarangi,Sternula_nereis,0.0
Katiu,Sternula_nereis,0.0
Kauehi,Sternula_nereis,0.0
Kaukura,Sternula_nereis,0.0
Kavaratti,Sternula_nereis,0.0
Kilinailau,Sternula_nereis,0.0
Kiltan,Sternula_nereis,0.0
Kiritimati,Sternula_nereis,0.0
Kolhumadulu,Sternula_nereis,0.0
Kuop,Sternula_nereis,0.0
Kure,Sternula_nereis,0.0
Kuria,Sternula_nereis,0.0
Kwajalein,Sternula_nereis,0.0
Lae,Sternula_nereis,0.0
Lamotrek,Sternula_nereis,0.0
Laualau,Sternula_nereis,0.0
Laysan,Sternula_nereis,0.0
Lib,Sternula_nereis,0.0
Likiep,Sternula_nereis,0.0
Liot,Sternula_nereis,0.0
Lisianski,Sternula_nereis,0.0
Long_Reef,Sternula_nereis,0.0
Losap,Sternula_nereis,0.0
Lukunor,Sternula_nereis,0.0
Maalhosmadulu,Sternula_nereis,0.0
Maiana,Sternula_nereis,0.0
Majuro,Sternula_nereis,0.0
Makemo,Sternula_nereis,0.0
Makunudhoo,Sternula_nereis,0.0
Malden,Sternula_nereis,0.0
Maloelap,Sternula_nereis,0.0
Malum,Sternula_nereis,0.0
Manihi,Sternula_nereis,0.0
Manihiki,Sternula_nereis,0.0
Manra,Sternula_nereis,0.0
Manuae,Sternula_nereis,0.0
Manuhangi,Sternula_nereis,0.0
Marakei,Sternula_nereis,0.0
Maria,Sternula_nereis,0.0
Maria_Est,Sternula_nereis,0.0
Marokau,Sternula_nereis,0.0
Marutea_Nord,Sternula_nereis,0.0
Marutea_Sud,Sternula_nereis,0.0
Mataiva,Sternula_nereis,0.0
Matureivavao,Sternula_nereis,0.0
Maupihaa,Sternula_nereis,0.0
McKean,Sternula_nereis,0.0
Midway,Sternula_nereis,0.0
Miladhunmadulu,Sternula_nereis,0.0
Mili,Sternula_nereis,0.0
Minicoy,Sternula_nereis,0.0
Mokil,Sternula_nereis,0.0
Morane,Sternula_nereis,0.0
Moruroa,Sternula_nereis,0.0
Motu_One,Sternula_nereis,0.0
Motutunga,Sternula_nereis,0.0
Mulaku,Sternula_nereis,0.0
Murilo,Sternula_nereis,0.0
Namoluk,Sternula_nereis,0.0
Namonuito,Sternula_nereis,0.0
Namorik,Sternula_nereis,0.0
Namu,Sternula_nereis,0.0
Nanumanga,Sternula_nereis,0.0
Nanumea,Sternula_nereis,0.0
Napuka,Sternula_nereis,0.0
Nengonengo,Sternula_nereis,0.0
Ngcheangel,Sternula_nereis,0.0
Ngulu,Sternula_nereis,0.0
Niau,Sternula_nereis,0.0
Nihiru,Sternula_nereis,0.0
Nikumaroro,Sternula_nereis,0.0
Nikunau,Sternula_nereis,0.0
Ninigo,Sternula_nereis,0.0
Niutao,Sternula_nereis,0.0
Nomwin,Sternula_nereis,0.0
Nonouti,Sternula_nereis,0.0
North_Male,Sternula_nereis,0.0
North_Nilandhe,Sternula_nereis,0.0
Nuguria,Sternula_nereis,0.0
Nui,Sternula_nereis,0.0
Nukapu,Sternula_nereis,0.0
Nukufetau,Sternula_nereis,0.0
Nukulaelae,Sternula_nereis,0.0
Nukumanu,Sternula_nereis,0.0
Nukumbasanga,Sternula_nereis,0.0
Nukunonu,Sternula_nereis,0.0
Nukuoro,Sternula_nereis,0.0
Nukutepipi,Sternula_nereis,0.0
Numa_Miombilou,Sternula_nereis,0.0
Nupani,Sternula_nereis,0.0
Oeno,Sternula_nereis,0.0
Olimarao,Sternula_nereis,0.0
Onotoa,Sternula_nereis,0.0
Ontong_Java,Sternula_nereis,0.0
Oroluk,Sternula_nereis,0.0
Orona,Sternula_nereis,0.0
Pakin,Sternula_nereis,0.0
Palmerston,Sternula_nereis,0.0
Palmyra,Sternula_nereis,0.0
Paraoa,Sternula_nereis,0.0
Pearl_and_Hermes,Sternula_nereis,0.0
Peremul_Par,Sternula_nereis,0.0
Peros_Banhos,Sternula_nereis,0.0
Pinaki,Sternula_nereis,0.0
Pingelap,Sternula_nereis,0.0
Pinipel,Sternula_nereis,0.0
Pukapuka,Sternula_nereis,0.0
Puka-Puka,Sternula_nereis,0.0
Pukarua,Sternula_nereis,0.0
Pulap,Sternula_nereis,0.0
Pulusuk,Sternula_nereis,0.0
Puluwat,Sternula_nereis,0.0
Qelelevu,Sternula_nereis,0.0
Rakahanga,Sternula_nereis,0.0
Rangiroa,Sternula_nereis,0.0
Raraka,Sternula_nereis,0.0
Raroia,Sternula_nereis,0.0
Rasdhoo,Sternula_nereis,0.0
Ravahere,Sternula_nereis,0.0
Rawaki,Sternula_nereis,0.0
Reao,Sternula_nereis,0.0
Redlick,Sternula_nereis,0.0
Reitoru,Sternula_nereis,0.0
Rekareka,Sternula_nereis,0.0
Rongelap,Sternula_nereis,0.0
Rongerik,Sternula_nereis,0.0
Rose,Sternula_nereis,0.0
Rowa,Sternula_nereis,0.0
Saloman,Sternula_nereis,0.0
Sama,Sternula_nereis,0.0
Samasuma,Sternula_nereis,0.0
Sapwuahfik,Sternula_nereis,0.0
Satawan,Sternula_nereis,0.0
Scilly,Sternula_nereis,0.0
Sorol,Sternula_nereis,0.0
South_Maalhosmadulu,Sternula_nereis,0.0
South_Nilandhe,Sternula_nereis,0.0
St_Francois,Sternula_nereis,0.0
St_Joseph,Sternula_nereis,0.0
Starbuck,Sternula_nereis,0.0
Suheli_Par,Sternula_nereis,0.0
Surprise,Sternula_nereis,0.0
Suwarrow,Sternula_nereis,0.0
Swains,Sternula_nereis,0.0
Tabiteuea,Sternula_nereis,0.0
Tabuaeran,Sternula_nereis,0.0
Taenga,Sternula_nereis,0.0
Tahanea,Sternula_nereis,0.0
Taiaro,Sternula_nereis,0.0
Taka,Sternula_nereis,0.0
Takapoto,Sternula_nereis,0.0
Takaroa,Sternula_nereis,0.0
Takume,Sternula_nereis,0.0
Takuu,Sternula_nereis,0.0
Tarawa,Sternula_nereis,0.0
Tatakoto,Sternula_nereis,0.0
Tauere,Sternula_nereis,0.0
Tekokota,Sternula_nereis,0.0
Temitangi,Sternula_nereis,0.0
Temoe,Sternula_nereis,0.0
Tenararo,Sternula_nereis,0.0
Tenaruga,Sternula_nereis,0.0
Tepoto,Sternula_nereis,0.0
Teraina,Sternula_nereis,0.0
Tetiaroa,Sternula_nereis,0.0
Thiladhunmathi,Sternula_nereis,0.0
Tikehau,Sternula_nereis,0.0
Toau,Sternula_nereis,0.0
Tongareva,Sternula_nereis,0.0
Tuanake,Sternula_nereis,0.0
Tubbataha,Sternula_nereis,0.0
Tupai,Sternula_nereis,0.0
Tureia,Sternula_nereis,0.0
Ujae,Sternula_nereis,0.0
Ujelang,Sternula_nereis,0.0
Ulithi,Sternula_nereis,0.0
Utirik,Sternula_nereis,0.0
Vahanga,Sternula_nereis,0.0
Vahitahi,Sternula_nereis,0.0
Vairaatea,Sternula_nereis,0.0
Vaitupu,Sternula_nereis,0.0
Vanavana,Sternula_nereis,0.0
Vattaru,Sternula_nereis,0.0
Wailagilala,Sternula_nereis,0.0
Wake,Sternula_nereis,0.0
West_Fayu,Sternula_nereis,0.0
Woleai,Sternula_nereis,0.0
Wotho,Sternula_nereis,0.0
Wotje,Sternula_nereis,0.0
Abaiang,Sterna_dougallii,0.0
Abariringa,Sterna_dougallii,0.0
Abemama,Sterna_dougallii,0.0
Addu,Sterna_dougallii,0.0
Ahe,Sterna_dougallii,0.0
Ahunui,Sterna_dougallii,0.0
Ailinginae,Sterna_dougallii,0.0
Ailinglaplap,Sterna_dougallii,0.0
Ailuk,Sterna_dougallii,0.0
Aldabra,Sterna_dougallii,0.0
Alphonse,Sterna_dougallii,0.0
Amanu,Sterna_dougallii,0.0
Anaa,Sterna_dougallii,0.0
Analtin,Sterna_dougallii,0.0
Ant,Sterna_dougallii,0.0
Anuanuraro,Sterna_dougallii,0.0
Anuanurunga,Sterna_dougallii,0.0
Apataki,Sterna_dougallii,0.0
Aranuka,Sterna_dougallii,0.0
Aratika,Sterna_dougallii,0.0
Ari,Sterna_dougallii,0.0
Arno,Sterna_dougallii,0.0
Arutua,Sterna_dougallii,0.0
Astove,Sterna_dougallii,0.0
Atafu,Sterna_dougallii,0.0
Aur,Sterna_dougallii,0.0
Awin,Sterna_dougallii,0.0
Bangaram,Sterna_dougallii,0.0
Beautemps-Beaupre,Sterna_dougallii,0.0
Bellona,Sterna_dougallii,0.0
Beru,Sterna_dougallii,0.0
Bikar,Sterna_dougallii,0.0
Bikini,Sterna_dougallii,0.0
Birnie,Sterna_dougallii,0.0
Bitra_Par,Sterna_dougallii,0.0
Bokaak,Sterna_dougallii,0.0
Bramble_Haven,Sterna_dougallii,0.0
Budibudi,Sterna_dougallii,0.0
Butaritari,Sterna_dougallii,0.0
Byramgore,Sterna_dougallii,0.0
Caroline,Sterna_dougallii,0.0
Cherbaniani,Sterna_dougallii,0.0
Chesterfield,Sterna_dougallii,12.0
Chetlat,Sterna_dougallii,0.0
Clipperton,Sterna_dougallii,0.0
Cocos,Sterna_dougallii,0.0
Conflict,Sterna_dougallii,0.0
Cosmoledo,Sterna_dougallii,0.0
Diego_Garcia,Sterna_dougallii,0.0
Ducie,Sterna_dougallii,0.0
Eauripik,Sterna_dougallii,0.0
Ebon,Sterna_dougallii,0.0
Egmont,Sterna_dougallii,0.0
Egum,Sterna_dougallii,0.0
Elato,Sterna_dougallii,0.0
Enderbury,Sterna_dougallii,0.0
Eniwetok,Sterna_dougallii,0.0
Erikub,Sterna_dougallii,0.0
Etal,Sterna_dougallii,0.0
Europa,Sterna_dougallii,0.0
Faadhippolhu,Sterna_dougallii,0.0
Faaite,Sterna_dougallii,0.0
Fakahina,Sterna_dougallii,0.0
Fakaofo,Sterna_dougallii,0.0
Fakarava,Sterna_dougallii,0.0
Fangatau,Sterna_dougallii,0.0
Fangataufa,Sterna_dougallii,0.0
Faraulep,Sterna_dougallii,0.0
Farquhar,Sterna_dougallii,134.0
Felidhu,Sterna_dougallii,0.0
French_Frigate_Shoals,Sterna_dougallii,0.0
Funafuti,Sterna_dougallii,0.0
Gaafaru,Sterna_dougallii,0.0
Glorioso,Sterna_dougallii,0.0
Great_Chagos_Bank,Sterna_dougallii,0.0
Haddhunmathi,Sterna_dougallii,0.0
Hao,Sterna_dougallii,0.0
Haraiki,Sterna_dougallii,0.0
Helen,Sterna_dougallii,0.0
Hereheretui,Sterna_dougallii,0.0
Hikueru,Sterna_dougallii,0.0
Hiti,Sterna_dougallii,0.0
Huon,Sterna_dougallii,0.0
Huvadhu,Sterna_dougallii,0.0
Ifalik,Sterna_dougallii,0.0
Ihavandhippolu,Sterna_dougallii,0.0
Jaluit,Sterna_dougallii,0.0
Jemo,Sterna_dougallii,0.0
Johnston,Sterna_dougallii,0.0
Kademat,Sterna_dougallii,0.0
Kalpeni,Sterna_dougallii,0.0
Kapingamarangi,Sterna_dougallii,0.0
Katiu,Sterna_dougallii,0.0
Kauehi,Sterna_dougallii,0.0
Kaukura,Sterna_dougallii,0.0
Kavaratti,Sterna_dougallii,0.0
Kilinailau,Sterna_dougallii,0.0
Kiltan,Sterna_dougallii,0.0
Kiritimati,Sterna_dougallii,0.0
Kolhumadulu,Sterna_dougallii,0.0
Kuop,Sterna_dougallii,0.0
Kure,Sterna_dougallii,0.0
Kuria,Sterna_dougallii,0.0
Kwajalein,Sterna_dougallii,0.0
Lae,Sterna_dougallii,0.0
Lamotrek,Sterna_dougallii,0.0
Laualau,Sterna_dougallii,0.0
Laysan,Sterna_dougallii,0.0
Lib,Sterna_dougallii,0.0
Likiep,Sterna_dougallii,0.0
Liot,Sterna_dougallii,0.0
Lisianski,Sterna_dougallii,0.0
Long_Reef,Sterna_dougallii,0.0
Losap,Sterna_dougallii,0.0
Lukunor,Sterna_dougallii,0.0
Maalhosmadulu,Sterna_dougallii,0.0
Maiana,Sterna_dougallii,0.0
Majuro,Sterna_dougallii,0.0
Makemo,Sterna_dougallii,0.0
Makunudhoo,Sterna_dougallii,0.0
Malden,Sterna_dougallii,0.0
Maloelap,Sterna_dougallii,0.0
Malum,Sterna_dougallii,0.0
Manihi,Sterna_dougallii,0.0
Manihiki,Sterna_dougallii,0.0
Manra,Sterna_dougallii,0.0
Manuae,Sterna_dougallii,0.0
Manuhangi,Sterna_dougallii,0.0
Marakei,Sterna_dougallii,0.0
Maria,Sterna_dougallii,0.0
Maria_Est,Sterna_dougallii,0.0
Marokau,Sterna_dougallii,0.0
Marutea_Nord,Sterna_dougallii,0.0
Marutea_Sud,Sterna_dougallii,0.0
Mataiva,Sterna_dougallii,0.0
Matureivavao,Sterna_dougallii,0.0
Maupihaa,Sterna_dougallii,0.0
McKean,Sterna_dougallii,0.0
Midway,Sterna_dougallii,0.0
Miladhunmadulu,Sterna_dougallii,0.0
Mili,Sterna_dougallii,0.0
Minicoy,Sterna_dougallii,0.0
Mokil,Sterna_dougallii,0.0
Morane,Sterna_dougallii,0.0
Moruroa,Sterna_dougallii,0.0
Motu_One,Sterna_dougallii,0.0
Motutunga,Sterna_dougallii,0.0
Mulaku,Sterna_dougallii,0.0
Murilo,Sterna_dougallii,0.0
Namoluk,Sterna_dougallii,0.0
Namonuito,Sterna_dougallii,0.0
Namorik,Sterna_dougallii,0.0
Namu,Sterna_dougallii,0.0
Nanumanga,Sterna_dougallii,0.0
Nanumea,Sterna_dougallii,0.0
Napuka,Sterna_dougallii,0.0
Nengonengo,Sterna_dougallii,0.0
Ngcheangel,Sterna_dougallii,0.0
Ngulu,Sterna_dougallii,0.0
Niau,Sterna_dougallii,0.0
Nihiru,Sterna_dougallii,0.0
Nikumaroro,Sterna_dougallii,0.0
Nikunau,Sterna_dougallii,0.0
Ninigo,Sterna_dougallii,0.0
Niutao,Sterna_dougallii,0.0
Nomwin,Sterna_dougallii,0.0
Nonouti,Sterna_dougallii,0.0
North_Male,Sterna_dougallii,0.0
North_Nilandhe,Sterna_dougallii,0.0
Nuguria,Sterna_dougallii,0.0
Nui,Sterna_dougallii,0.0
Nukapu,Sterna_dougallii,0.0
Nukufetau,Sterna_dougallii,0.0
Nukulaelae,Sterna_dougallii,0.0
Nukumanu,Sterna_dougallii,0.0
Nukumbasanga,Sterna_dougallii,0.0
Nukunonu,Sterna_dougallii,0.0
Nukuoro,Sterna_dougallii,0.0
Nukutepipi,Sterna_dougallii,0.0
Numa_Miombilou,Sterna_dougallii,0.0
Nupani,Sterna_dougallii,0.0
Oeno,Sterna_dougallii,0.0
Olimarao,Sterna_dougallii,0.0
Onotoa,Sterna_dougallii,0.0
Ontong_Java,Sterna_dougallii,0.0
Oroluk,Sterna_dougallii,0.0
Orona,Sterna_dougallii,0.0
Pakin,Sterna_dougallii,0.0
Palmerston,Sterna_dougallii,0.0
Palmyra,Sterna_dougallii,0.0
Paraoa,Sterna_dougallii,0.0
Pearl_and_Hermes,Sterna_dougallii,0.0
Peremul_Par,Sterna_dougallii,0.0
Peros_Banhos,Sterna_dougallii,14.0
Pinaki,Sterna_dougallii,0.0
Pingelap,Sterna_dougallii,0.0
Pinipel,Sterna_dougallii,0.0
Pukapuka,Sterna_dougallii,0.0
Puka-Puka,Sterna_dougallii,0.0
Pukarua,Sterna_dougallii,0.0
Pulap,Sterna_dougallii,0.0
Pulusuk,Sterna_dougallii,0.0
Puluwat,Sterna_dougallii,0.0
Qelelevu,Sterna_dougallii,0.0
Rakahanga,Sterna_dougallii,0.0
Rangiroa,Sterna_dougallii,0.0
Raraka,Sterna_dougallii,0.0
Raroia,Sterna_dougallii,0.0
Rasdhoo,Sterna_dougallii,0.0
Ravahere,Sterna_dougallii,0.0
Rawaki,Sterna_dougallii,0.0
Reao,Sterna_dougallii,0.0
Redlick,Sterna_dougallii,0.0
Reitoru,Sterna_dougallii,0.0
Rekareka,Sterna_dougallii,0.0
Rongelap,Sterna_dougallii,0.0
Rongerik,Sterna_dougallii,0.0
Rose,Sterna_dougallii,0.0
Rowa,Sterna_dougallii,0.0
Saloman,Sterna_dougallii,6.0
Sama,Sterna_dougallii,0.0
Samasuma,Sterna_dougallii,0.0
Sapwuahfik,Sterna_dougallii,0.0
Satawan,Sterna_dougallii,0.0
Scilly,Sterna_dougallii,0.0
Sorol,Sterna_dougallii,0.0
South_Maalhosmadulu,Sterna_dougallii,0.0
South_Nilandhe,Sterna_dougallii,0.0
St_Francois,Sterna_dougallii,0.0
St_Joseph,Sterna_dougallii,700.0
Starbuck,Sterna_dougallii,0.0
Suheli_Par,Sterna_dougallii,0.0
Surprise,Sterna_dougallii,0.0
Suwarrow,Sterna_dougallii,0.0
Swains,Sterna_dougallii,0.0
Tabiteuea,Sterna_dougallii,0.0
Tabuaeran,Sterna_dougallii,0.0
Taenga,Sterna_dougallii,0.0
Tahanea,Sterna_dougallii,0.0
Taiaro,Sterna_dougallii,0.0
Taka,Sterna_dougallii,0.0
Takapoto,Sterna_dougallii,0.0
Takaroa,Sterna_dougallii,0.0
Takume,Sterna_dougallii,0.0
Takuu,Sterna_dougallii,0.0
Tarawa,Sterna_dougallii,0.0
Tatakoto,Sterna_dougallii,0.0
Tauere,Sterna_dougallii,0.0
Tekokota,Sterna_dougallii,0.0
Temitangi,Sterna_dougallii,0.0
Temoe,Sterna_dougallii,0.0
Tenararo,Sterna_dougallii,0.0
Tenaruga,Sterna_dougallii,0.0
Tepoto,Sterna_dougallii,0.0
Teraina,Sterna_dougallii,0.0
Tetiaroa,Sterna_dougallii,0.0
Thiladhunmathi,Sterna_dougallii,0.0
Tikehau,Sterna_dougallii,0.0
Toau,Sterna_dougallii,0.0
Tongareva,Sterna_dougallii,0.0
Tuanake,Sterna_dougallii,0.0
Tubbataha,Sterna_dougallii,0.0
Tupai,Sterna_dougallii,0.0
Tureia,Sterna_dougallii,0.0
Ujae,Sterna_dougallii,0.0
Ujelang,Sterna_dougallii,0.0
Ulithi,Sterna_dougallii,0.0
Utirik,Sterna_dougallii,0.0
Vahanga,Sterna_dougallii,0.0
Vahitahi,Sterna_dougallii,0.0
Vairaatea,Sterna_dougallii,0.0
Vaitupu,Sterna_dougallii,0.0
Vanavana,Sterna_dougallii,0.0
Vattaru,Sterna_dougallii,0.0
Wailagilala,Sterna_dougallii,0.0
Wake,Sterna_dougallii,0.0
West_Fayu,Sterna_dougallii,0.0
Woleai,Sterna_dougallii,0.0
Wotho,Sterna_dougallii,0.0
Wotje,Sterna_dougallii,0.0
Abaiang,Sula_granti,0.0
Abariringa,Sula_granti,0.0
Abemama,Sula_granti,0.0
Addu,Sula_granti,0.0
Ahe,Sula_granti,0.0
Ahunui,Sula_granti,0.0
Ailinginae,Sula_granti,0.0
Ailinglaplap,Sula_granti,0.0
Ailuk,Sula_granti,0.0
Aldabra,Sula_granti,0.0
Alphonse,Sula_granti,0.0
Amanu,Sula_granti,0.0
Anaa,Sula_granti,0.0
Analtin,Sula_granti,0.0
Ant,Sula_granti,0.0
Anuanuraro,Sula_granti,0.0
Anuanurunga,Sula_granti,0.0
Apataki,Sula_granti,0.0
Aranuka,Sula_granti,0.0
Aratika,Sula_granti,0.0
Ari,Sula_granti,0.0
Arno,Sula_granti,0.0
Arutua,Sula_granti,0.0
Astove,Sula_granti,0.0
Atafu,Sula_granti,0.0
Aur,Sula_granti,0.0
Awin,Sula_granti,0.0
Bangaram,Sula_granti,0.0
Beautemps-Beaupre,Sula_granti,0.0
Bellona,Sula_granti,0.0
Beru,Sula_granti,0.0
Bikar,Sula_granti,0.0
Bikini,Sula_granti,0.0
Birnie,Sula_granti,0.0
Bitra_Par,Sula_granti,0.0
Bokaak,Sula_granti,0.0
Bramble_Haven,Sula_granti,0.0
Budibudi,Sula_granti,0.0
Butaritari,Sula_granti,0.0
Byramgore,Sula_granti,0.0
Caroline,Sula_granti,0.0
Cherbaniani,Sula_granti,0.0
Chesterfield,Sula_granti,0.0
Chetlat,Sula_granti,0.0
Clipperton,Sula_granti,150.0
Cocos,Sula_granti,0.0
Conflict,Sula_granti,0.0
Cosmoledo,Sula_granti,0.0
Diego_Garcia,Sula_granti,0.0
Ducie,Sula_granti,0.0
Eauripik,Sula_granti,0.0
Ebon,Sula_granti,0.0
Egmont,Sula_granti,0.0
Egum,Sula_granti,0.0
Elato,Sula_granti,0.0
Enderbury,Sula_granti,0.0
Eniwetok,Sula_granti,0.0
Erikub,Sula_granti,0.0
Etal,Sula_granti,0.0
Europa,Sula_granti,0.0
Faadhippolhu,Sula_granti,0.0
Faaite,Sula_granti,0.0
Fakahina,Sula_granti,0.0
Fakaofo,Sula_granti,0.0
Fakarava,Sula_granti,0.0
Fangatau,Sula_granti,0.0
Fangataufa,Sula_granti,0.0
Faraulep,Sula_granti,0.0
Farquhar,Sula_granti,0.0
Felidhu,Sula_granti,0.0
French_Frigate_Shoals,Sula_granti,0.0
Funafuti,Sula_granti,0.0
Gaafaru,Sula_granti,0.0
Glorioso,Sula_granti,0.0
Great_Chagos_Bank,Sula_granti,0.0
Haddhunmathi,Sula_granti,0.0
Hao,Sula_granti,0.0
Haraiki,Sula_granti,0.0
Helen,Sula_granti,0.0
Hereheretui,Sula_granti,0.0
Hikueru,Sula_granti,0.0
Hiti,Sula_granti,0.0
Huon,Sula_granti,0.0
Huvadhu,Sula_granti,0.0
Ifalik,Sula_granti,0.0
Ihavandhippolu,Sula_granti,0.0
Jaluit,Sula_granti,0.0
Jemo,Sula_granti,0.0
Johnston,Sula_granti,0.0
Kademat,Sula_granti,0.0
Kalpeni,Sula_granti,0.0
Kapingamarangi,Sula_granti,0.0
Katiu,Sula_granti,0.0
Kauehi,Sula_granti,0.0
Kaukura,Sula_granti,0.0
Kavaratti,Sula_granti,0.0
Kilinailau,Sula_granti,0.0
Kiltan,Sula_granti,0.0
Kiritimati,Sula_granti,0.0
Kolhumadulu,Sula_granti,0.0
Kuop,Sula_granti,0.0
Kure,Sula_granti,0.0
Kuria,Sula_granti,0.0
Kwajalein,Sula_granti,0.0
Lae,Sula_granti,0.0
Lamotrek,Sula_granti,0.0
Laualau,Sula_granti,0.0
Laysan,Sula_granti,0.0
Lib,Sula_granti,0.0
Likiep,Sula_granti,0.0
Liot,Sula_granti,0.0
Lisianski,Sula_granti,0.0
Long_Reef,Sula_granti,0.0
Losap,Sula_granti,0.0
Lukunor,Sula_granti,0.0
Maalhosmadulu,Sula_granti,0.0
Maiana,Sula_granti,0.0
Majuro,Sula_granti,0.0
Makemo,Sula_granti,0.0
Makunudhoo,Sula_granti,0.0
Malden,Sula_granti,0.0
Maloelap,Sula_granti,0.0
Malum,Sula_granti,0.0
Manihi,Sula_granti,0.0
Manihiki,Sula_granti,0.0
Manra,Sula_granti,0.0
Manuae,Sula_granti,0.0
Manuhangi,Sula_granti,0.0
Marakei,Sula_granti,0.0
Maria,Sula_granti,0.0
Maria_Est,Sula_granti,0.0
Marokau,Sula_granti,0.0
Marutea_Nord,Sula_granti,0.0
Marutea_Sud,Sula_granti,0.0
Mataiva,Sula_granti,0.0
Matureivavao,Sula_granti,0.0
Maupihaa,Sula_granti,0.0
McKean,Sula_granti,0.0
Midway,Sula_granti,0.0
Miladhunmadulu,Sula_granti,0.0
Mili,Sula_granti,0.0
Minicoy,Sula_granti,0.0
Mokil,Sula_granti,0.0
Morane,Sula_granti,0.0
Moruroa,Sula_granti,0.0
Motu_One,Sula_granti,0.0
Motutunga,Sula_granti,0.0
Mulaku,Sula_granti,0.0
Murilo,Sula_granti,0.0
Namoluk,Sula_granti,0.0
Namonuito,Sula_granti,0.0
Namorik,Sula_granti,0.0
Namu,Sula_granti,0.0
Nanumanga,Sula_granti,0.0
Nanumea,Sula_granti,0.0
Napuka,Sula_granti,0.0
Nengonengo,Sula_granti,0.0
Ngcheangel,Sula_granti,0.0
Ngulu,Sula_granti,0.0
Niau,Sula_granti,0.0
Nihiru,Sula_granti,0.0
Nikumaroro,Sula_granti,0.0
Nikunau,Sula_granti,0.0
Ninigo,Sula_granti,0.0
Niutao,Sula_granti,0.0
Nomwin,Sula_granti,0.0
Nonouti,Sula_granti,0.0
North_Male,Sula_granti,0.0
North_Nilandhe,Sula_granti,0.0
Nuguria,Sula_granti,0.0
Nui,Sula_granti,0.0
Nukapu,Sula_granti,0.0
Nukufetau,Sula_granti,0.0
Nukulaelae,Sula_granti,0.0
Nukumanu,Sula_granti,0.0
Nukumbasanga,Sula_granti,0.0
Nukunonu,Sula_granti,0.0
Nukuoro,Sula_granti,0.0
Nukutepipi,Sula_granti,0.0
Numa_Miombilou,Sula_granti,0.0
Nupani,Sula_granti,0.0
Oeno,Sula_granti,0.0
Olimarao,Sula_granti,0.0
Onotoa,Sula_granti,0.0
Ontong_Java,Sula_granti,0.0
Oroluk,Sula_granti,0.0
Orona,Sula_granti,0.0
Pakin,Sula_granti,0.0
Palmerston,Sula_granti,0.0
Palmyra,Sula_granti,0.0
Paraoa,Sula_granti,0.0
Pearl_and_Hermes,Sula_granti,0.0
Peremul_Par,Sula_granti,0.0
Peros_Banhos,Sula_granti,0.0
Pinaki,Sula_granti,0.0
Pingelap,Sula_granti,0.0
Pinipel,Sula_granti,0.0
Pukapuka,Sula_granti,0.0
Puka-Puka,Sula_granti,0.0
Pukarua,Sula_granti,0.0
Pulap,Sula_granti,0.0
Pulusuk,Sula_granti,0.0
Puluwat,Sula_granti,0.0
Qelelevu,Sula_granti,0.0
Rakahanga,Sula_granti,0.0
Rangiroa,Sula_granti,0.0
Raraka,Sula_granti,0.0
Raroia,Sula_granti,0.0
Rasdhoo,Sula_granti,0.0
Ravahere,Sula_granti,0.0
Rawaki,Sula_granti,0.0
Reao,Sula_granti,0.0
Redlick,Sula_granti,0.0
Reitoru,Sula_granti,0.0
Rekareka,Sula_granti,0.0
Rongelap,Sula_granti,0.0
Rongerik,Sula_granti,0.0
Rose,Sula_granti,0.0
Rowa,Sula_granti,0.0
Saloman,Sula_granti,0.0
Sama,Sula_granti,0.0
Samasuma,Sula_granti,0.0
Sapwuahfik,Sula_granti,0.0
Satawan,Sula_granti,0.0
Scilly,Sula_granti,0.0
Sorol,Sula_granti,0.0
South_Maalhosmadulu,Sula_granti,0.0
South_Nilandhe,Sula_granti,0.0
St_Francois,Sula_granti,0.0
St_Joseph,Sula_granti,0.0
Starbuck,Sula_granti,0.0
Suheli_Par,Sula_granti,0.0
Surprise,Sula_granti,0.0
Suwarrow,Sula_granti,0.0
Swains,Sula_granti,0.0
Tabiteuea,Sula_granti,0.0
Tabuaeran,Sula_granti,0.0
Taenga,Sula_granti,0.0
Tahanea,Sula_granti,0.0
Taiaro,Sula_granti,0.0
Taka,Sula_granti,0.0
Takapoto,Sula_granti,0.0
Takaroa,Sula_granti,0.0
Takume,Sula_granti,0.0
Takuu,Sula_granti,0.0
Tarawa,Sula_granti,0.0
Tatakoto,Sula_granti,0.0
Tauere,Sula_granti,0.0
Tekokota,Sula_granti,0.0
Temitangi,Sula_granti,0.0
Temoe,Sula_granti,0.0
Tenararo,Sula_granti,0.0
Tenaruga,Sula_granti,0.0
Tepoto,Sula_granti,0.0
Teraina,Sula_granti,0.0
Tetiaroa,Sula_granti,0.0
Thiladhunmathi,Sula_granti,0.0
Tikehau,Sula_granti,0.0
Toau,Sula_granti,0.0
Tongareva,Sula_granti,0.0
Tuanake,Sula_granti,0.0
Tubbataha,Sula_granti,0.0
Tupai,Sula_granti,0.0
Tureia,Sula_granti,0.0
Ujae,Sula_granti,0.0
Ujelang,Sula_granti,0.0
Ulithi,Sula_granti,0.0
Utirik,Sula_granti,0.0
Vahanga,Sula_granti,0.0
Vahitahi,Sula_granti,0.0
Vairaatea,Sula_granti,0.0
Vaitupu,Sula_granti,0.0
Vanavana,Sula_granti,0.0
Vattaru,Sula_granti,0.0
Wailagilala,Sula_granti,0.0
Wake,Sula_granti,0.0
West_Fayu,Sula_granti,0.0
Woleai,Sula_granti,0.0
Wotho,Sula_granti,0.0
Wotje,Sula_granti,0.0
Abaiang,Anous_tenuirostris,0.0
Abariringa,Anous_tenuirostris,0.0
Abemama,Anous_tenuirostris,0.0
Addu,Anous_tenuirostris,0.0
Ahe,Anous_tenuirostris,0.0
Ahunui,Anous_tenuirostris,0.0
Ailinginae,Anous_tenuirostris,0.0
Ailinglaplap,Anous_tenuirostris,0.0
Ailuk,Anous_tenuirostris,0.0
Aldabra,Anous_tenuirostris,0.0
Alphonse,Anous_tenuirostris,0.0
Amanu,Anous_tenuirostris,0.0
Anaa,Anous_tenuirostris,0.0
Analtin,Anous_tenuirostris,0.0
Ant,Anous_tenuirostris,0.0
Anuanuraro,Anous_tenuirostris,0.0
Anuanurunga,Anous_tenuirostris,0.0
Apataki,Anous_tenuirostris,0.0
Aranuka,Anous_tenuirostris,0.0
Aratika,Anous_tenuirostris,0.0
Ari,Anous_tenuirostris,0.0
Arno,Anous_tenuirostris,0.0
Arutua,Anous_tenuirostris,0.0
Astove,Anous_tenuirostris,0.0
Atafu,Anous_tenuirostris,0.0
Aur,Anous_tenuirostris,0.0
Awin,Anous_tenuirostris,0.0
Bangaram,Anous_tenuirostris,0.0
Beautemps-Beaupre,Anous_tenuirostris,0.0
Bellona,Anous_tenuirostris,0.0
Beru,Anous_tenuirostris,0.0
Bikar,Anous_tenuirostris,0.0
Bikini,Anous_tenuirostris,0.0
Birnie,Anous_tenuirostris,0.0
Bitra_Par,Anous_tenuirostris,0.0
Bokaak,Anous_tenuirostris,0.0
Bramble_Haven,Anous_tenuirostris,0.0
Budibudi,Anous_tenuirostris,0.0
Butaritari,Anous_tenuirostris,0.0
Byramgore,Anous_tenuirostris,0.0
Caroline,Anous_tenuirostris,0.0
Cherbaniani,Anous_tenuirostris,0.0
Chesterfield,Anous_tenuirostris,0.0
Chetlat,Anous_tenuirostris,0.0
Clipperton,Anous_tenuirostris,0.0
Cocos,Anous_tenuirostris,1597.0
Conflict,Anous_tenuirostris,0.0
Cosmoledo,Anous_tenuirostris,0.0
Diego_Garcia,Anous_tenuirostris,150.0
Ducie,Anous_tenuirostris,0.0
Eauripik,Anous_tenuirostris,0.0
Ebon,Anous_tenuirostris,0.0
Egmont,Anous_tenuirostris,0.0
Egum,Anous_tenuirostris,0.0
Elato,Anous_tenuirostris,0.0
Enderbury,Anous_tenuirostris,0.0
Eniwetok,Anous_tenuirostris,0.0
Erikub,Anous_tenuirostris,0.0
Etal,Anous_tenuirostris,0.0
Europa,Anous_tenuirostris,0.0
Faadhippolhu,Anous_tenuirostris,0.0
Faaite,Anous_tenuirostris,0.0
Fakahina,Anous_tenuirostris,0.0
Fakaofo,Anous_tenuirostris,0.0
Fakarava,Anous_tenuirostris,0.0
Fangatau,Anous_tenuirostris,0.0
Fangataufa,Anous_tenuirostris,0.0
Faraulep,Anous_tenuirostris,0.0
Farquhar,Anous_tenuirostris,60.0
Felidhu,Anous_tenuirostris,0.0
French_Frigate_Shoals,Anous_tenuirostris,0.0
Funafuti,Anous_tenuirostris,0.0
Gaafaru,Anous_tenuirostris,0.0
Glorioso,Anous_tenuirostris,0.0
Great_Chagos_Bank,Anous_tenuirostris,55470.0
Haddhunmathi,Anous_tenuirostris,0.0
Hao,Anous_tenuirostris,0.0
Haraiki,Anous_tenuirostris,0.0
Helen,Anous_tenuirostris,0.0
Hereheretui,Anous_tenuirostris,0.0
Hikueru,Anous_tenuirostris,0.0
Hiti,Anous_tenuirostris,0.0
Huon,Anous_tenuirostris,0.0
Huvadhu,Anous_tenuirostris,0.0
Ifalik,Anous_tenuirostris,0.0
Ihavandhippolu,Anous_tenuirostris,0.0
Jaluit,Anous_tenuirostris,0.0
Jemo,Anous_tenuirostris,0.0
Johnston,Anous_tenuirostris,0.0
Kademat,Anous_tenuirostris,0.0
Kalpeni,Anous_tenuirostris,0.0
Kapingamarangi,Anous_tenuirostris,0.0
Katiu,Anous_tenuirostris,0.0
Kauehi,Anous_tenuirostris,0.0
Kaukura,Anous_tenuirostris,0.0
Kavaratti,Anous_tenuirostris,0.0
Kilinailau,Anous_tenuirostris,0.0
Kiltan,Anous_tenuirostris,0.0
Kiritimati,Anous_tenuirostris,0.0
Kolhumadulu,Anous_tenuirostris,0.0
Kuop,Anous_tenuirostris,0.0
Kure,Anous_tenuirostris,0.0
Kuria,Anous_tenuirostris,0.0
Kwajalein,Anous_tenuirostris,0.0
Lae,Anous_tenuirostris,0.0
Lamotrek,Anous_tenuirostris,0.0
Laualau,Anous_tenuirostris,0.0
Laysan,Anous_tenuirostris,0.0
Lib,Anous_tenuirostris,0.0
Likiep,Anous_tenuirostris,0.0
Liot,Anous_tenuirostris,0.0
Lisianski,Anous_tenuirostris,0.0
Long_Reef,Anous_tenuirostris,0.0
Losap,Anous_tenuirostris,0.0
Lukunor,Anous_tenuirostris,0.0
Maalhosmadulu,Anous_tenuirostris,0.0
Maiana,Anous_tenuirostris,0.0
Majuro,Anous_tenuirostris,0.0
Makemo,Anous_tenuirostris,0.0
Makunudhoo,Anous_tenuirostris,0.0
Malden,Anous_tenuirostris,0.0
Maloelap,Anous_tenuirostris,0.0
Malum,Anous_tenuirostris,0.0
Manihi,Anous_tenuirostris,0.0
Manihiki,Anous_tenuirostris,0.0
Manra,Anous_tenuirostris,0.0
Manuae,Anous_tenuirostris,0.0
Manuhangi,Anous_tenuirostris,0.0
Marakei,Anous_tenuirostris,0.0
Maria,Anous_tenuirostris,0.0
Maria_Est,Anous_tenuirostris,0.0
Marokau,Anous_tenuirostris,0.0
Marutea_Nord,Anous_tenuirostris,0.0
Marutea_Sud,Anous_tenuirostris,0.0
Mataiva,Anous_tenuirostris,0.0
Matureivavao,Anous_tenuirostris,0.0
Maupihaa,Anous_tenuirostris,0.0
McKean,Anous_tenuirostris,0.0
Midway,Anous_tenuirostris,0.0
Miladhunmadulu,Anous_tenuirostris,0.0
Mili,Anous_tenuirostris,0.0
Minicoy,Anous_tenuirostris,0.0
Mokil,Anous_tenuirostris,0.0
Morane,Anous_tenuirostris,0.0
Moruroa,Anous_tenuirostris,0.0
Motu_One,Anous_tenuirostris,0.0
Motutunga,Anous_tenuirostris,0.0
Mulaku,Anous_tenuirostris,0.0
Murilo,Anous_tenuirostris,0.0
Namoluk,Anous_tenuirostris,0.0
Namonuito,Anous_tenuirostris,0.0
Namorik,Anous_tenuirostris,0.0
Namu,Anous_tenuirostris,0.0
Nanumanga,Anous_tenuirostris,0.0
Nanumea,Anous_tenuirostris,0.0
Napuka,Anous_tenuirostris,0.0
Nengonengo,Anous_tenuirostris,0.0
Ngcheangel,Anous_tenuirostris,0.0
Ngulu,Anous_tenuirostris,0.0
Niau,Anous_tenuirostris,0.0
Nihiru,Anous_tenuirostris,0.0
Nikumaroro,Anous_tenuirostris,0.0
Nikunau,Anous_tenuirostris,0.0
Ninigo,Anous_tenuirostris,0.0
Niutao,Anous_tenuirostris,0.0
Nomwin,Anous_tenuirostris,0.0
Nonouti,Anous_tenuirostris,0.0
North_Male,Anous_tenuirostris,0.0
North_Nilandhe,Anous_tenuirostris,0.0
Nuguria,Anous_tenuirostris,0.0
Nui,Anous_tenuirostris,0.0
Nukapu,Anous_tenuirostris,0.0
Nukufetau,Anous_tenuirostris,0.0
Nukulaelae,Anous_tenuirostris,0.0
Nukumanu,Anous_tenuirostris,0.0
Nukumbasanga,Anous_tenuirostris,0.0
Nukunonu,Anous_tenuirostris,0.0
Nukuoro,Anous_tenuirostris,0.0
Nukutepipi,Anous_tenuirostris,0.0
Numa_Miombilou,Anous_tenuirostris,0.0
Nupani,Anous_tenuirostris,0.0
Oeno,Anous_tenuirostris,0.0
Olimarao,Anous_tenuirostris,0.0
Onotoa,Anous_tenuirostris,0.0
Ontong_Java,Anous_tenuirostris,0.0
Oroluk,Anous_tenuirostris,0.0
Orona,Anous_tenuirostris,0.0
Pakin,Anous_tenuirostris,0.0
Palmerston,Anous_tenuirostris,0.0
Palmyra,Anous_tenuirostris,0.0
Paraoa,Anous_tenuirostris,0.0
Pearl_and_Hermes,Anous_tenuirostris,0.0
Peremul_Par,Anous_tenuirostris,0.0
Peros_Banhos,Anous_tenuirostris,41700.0
Pinaki,Anous_tenuirostris,0.0
Pingelap,Anous_tenuirostris,0.0
Pinipel,Anous_tenuirostris,0.0
Pukapuka,Anous_tenuirostris,0.0
Puka-Puka,Anous_tenuirostris,0.0
Pukarua,Anous_tenuirostris,0.0
Pulap,Anous_tenuirostris,0.0
Pulusuk,Anous_tenuirostris,0.0
Puluwat,Anous_tenuirostris,0.0
Qelelevu,Anous_tenuirostris,0.0
Rakahanga,Anous_tenuirostris,0.0
Rangiroa,Anous_tenuirostris,0.0
Raraka,Anous_tenuirostris,0.0
Raroia,Anous_tenuirostris,0.0
Rasdhoo,Anous_tenuirostris,0.0
Ravahere,Anous_tenuirostris,0.0
Rawaki,Anous_tenuirostris,0.0
Reao,Anous_tenuirostris,0.0
Redlick,Anous_tenuirostris,0.0
Reitoru,Anous_tenuirostris,0.0
Rekareka,Anous_tenuirostris,0.0
Rongelap,Anous_tenuirostris,0.0
Rongerik,Anous_tenuirostris,0.0
Rose,Anous_tenuirostris,0.0
Rowa,Anous_tenuirostris,0.0
Saloman,Anous_tenuirostris,4240.0
Sama,Anous_tenuirostris,0.0
Samasuma,Anous_tenuirostris,0.0
Sapwuahfik,Anous_tenuirostris,0.0
Satawan,Anous_tenuirostris,0.0
Scilly,Anous_tenuirostris,0.0
Sorol,Anous_tenuirostris,0.0
South_Maalhosmadulu,Anous_tenuirostris,0.0
South_Nilandhe,Anous_tenuirostris,0.0
St_Francois,Anous_tenuirostris,0.0
St_Joseph,Anous_tenuirostris,0.0
Starbuck,Anous_tenuirostris,0.0
Suheli_Par,Anous_tenuirostris,0.0
Surprise,Anous_tenuirostris,0.0
Suwarrow,Anous_tenuirostris,0.0
Swains,Anous_tenuirostris,0.0
Tabiteuea,Anous_tenuirostris,0.0
Tabuaeran,Anous_tenuirostris,0.0
Taenga,Anous_tenuirostris,0.0
Tahanea,Anous_tenuirostris,0.0
Taiaro,Anous_tenuirostris,0.0
Taka,Anous_tenuirostris,0.0
Takapoto,Anous_tenuirostris,0.0
Takaroa,Anous_tenuirostris,0.0
Takume,Anous_tenuirostris,0.0
Takuu,Anous_tenuirostris,0.0
Tarawa,Anous_tenuirostris,0.0
Tatakoto,Anous_tenuirostris,0.0
Tauere,Anous_tenuirostris,0.0
Tekokota,Anous_tenuirostris,0.0
Temitangi,Anous_tenuirostris,0.0
Temoe,Anous_tenuirostris,0.0
Tenararo,Anous_tenuirostris,0.0
Tenaruga,Anous_tenuirostris,0.0
Tepoto,Anous_tenuirostris,0.0
Teraina,Anous_tenuirostris,0.0
Tetiaroa,Anous_tenuirostris,0.0
Thiladhunmathi,Anous_tenuirostris,0.0
Tikehau,Anous_tenuirostris,0.0
Toau,Anous_tenuirostris,0.0
Tongareva,Anous_tenuirostris,0.0
Tuanake,Anous_tenuirostris,0.0
Tubbataha,Anous_tenuirostris,0.0
Tupai,Anous_tenuirostris,0.0
Tureia,Anous_tenuirostris,0.0
Ujae,Anous_tenuirostris,0.0
Ujelang,Anous_tenuirostris,0.0
Ulithi,Anous_tenuirostris,0.0
Utirik,Anous_tenuirostris,0.0
Vahanga,Anous_tenuirostris,0.0
Vahitahi,Anous_tenuirostris,0.0
Vairaatea,Anous_tenuirostris,0.0
Vaitupu,Anous_tenuirostris,0.0
Vanavana,Anous_tenuirostris,0.0
Vattaru,Anous_tenuirostris,0.0
Wailagilala,Anous_tenuirostris,0.0
Wake,Anous_tenuirostris,0.0
West_Fayu,Anous_tenuirostris,0.0
Woleai,Anous_tenuirostris,0.0
Wotho,Anous_tenuirostris,0.0
Wotje,Anous_tenuirostris,0.0
Abaiang,Onychoprion_anaethetus,0.0
Abariringa,Onychoprion_anaethetus,0.0
Abemama,Onychoprion_anaethetus,0.0
Addu,Onychoprion_anaethetus,0.0
Ahe,Onychoprion_anaethetus,0.0
Ahunui,Onychoprion_anaethetus,0.0
Ailinginae,Onychoprion_anaethetus,0.0
Ailinglaplap,Onychoprion_anaethetus,0.0
Ailuk,Onychoprion_anaethetus,0.0
Aldabra,Onychoprion_anaethetus,0.0
Alphonse,Onychoprion_anaethetus,0.0
Amanu,Onychoprion_anaethetus,0.0
Anaa,Onychoprion_anaethetus,0.0
Analtin,Onychoprion_anaethetus,0.0
Ant,Onychoprion_anaethetus,0.0
Anuanuraro,Onychoprion_anaethetus,0.0
Anuanurunga,Onychoprion_anaethetus,0.0
Apataki,Onychoprion_anaethetus,0.0
Aranuka,Onychoprion_anaethetus,0.0
Aratika,Onychoprion_anaethetus,0.0
Ari,Onychoprion_anaethetus,0.0
Arno,Onychoprion_anaethetus,0.0
Arutua,Onychoprion_anaethetus,0.0
Astove,Onychoprion_anaethetus,0.0
Atafu,Onychoprion_anaethetus,0.0
Aur,Onychoprion_anaethetus,0.0
Awin,Onychoprion_anaethetus,0.0
Bangaram,Onychoprion_anaethetus,0.0
Beautemps-Beaupre,Onychoprion_anaethetus,0.0
Bellona,Onychoprion_anaethetus,0.0
Beru,Onychoprion_anaethetus,0.0
Bikar,Onychoprion_anaethetus,0.0
Bikini,Onychoprion_anaethetus,0.0
Birnie,Onychoprion_anaethetus,0.0
Bitra_Par,Onychoprion_anaethetus,0.0
Bokaak,Onychoprion_anaethetus,0.0
Bramble_Haven,Onychoprion_anaethetus,0.0
Budibudi,Onychoprion_anaethetus,0.0
Butaritari,Onychoprion_anaethetus,0.0
Byramgore,Onychoprion_anaethetus,0.0
Caroline,Onychoprion_anaethetus,0.0
Cherbaniani,Onychoprion_anaethetus,0.0
Chesterfield,Onychoprion_anaethetus,0.0
Chetlat,Onychoprion_anaethetus,0.0
Clipperton,Onychoprion_anaethetus,0.0
Cocos,Onychoprion_anaethetus,0.0
Conflict,Onychoprion_anaethetus,0.0
Cosmoledo,Onychoprion_anaethetus,40.0
Diego_Garcia,Onychoprion_anaethetus,16.0
Ducie,Onychoprion_anaethetus,0.0
Eauripik,Onychoprion_anaethetus,0.0
Ebon,Onychoprion_anaethetus,0.0
Egmont,Onychoprion_anaethetus,0.0
Egum,Onychoprion_anaethetus,0.0
Elato,Onychoprion_anaethetus,0.0
Enderbury,Onychoprion_anaethetus,0.0
Eniwetok,Onychoprion_anaethetus,0.0
Erikub,Onychoprion_anaethetus,0.0
Etal,Onychoprion_anaethetus,0.0
Europa,Onychoprion_anaethetus,0.0
Faadhippolhu,Onychoprion_anaethetus,0.0
Faaite,Onychoprion_anaethetus,0.0
Fakahina,Onychoprion_anaethetus,0.0
Fakaofo,Onychoprion_anaethetus,0.0
Fakarava,Onychoprion_anaethetus,0.0
Fangatau,Onychoprion_anaethetus,0.0
Fangataufa,Onychoprion_anaethetus,0.0
Faraulep,Onychoprion_anaethetus,0.0
Farquhar,Onychoprion_anaethetus,0.0
Felidhu,Onychoprion_anaethetus,0.0
French_Frigate_Shoals,Onychoprion_anaethetus,0.0
Funafuti,Onychoprion_anaethetus,0.0
Gaafaru,Onychoprion_anaethetus,0.0
Glorioso,Onychoprion_anaethetus,0.0
Great_Chagos_Bank,Onychoprion_anaethetus,64.0
Haddhunmathi,Onychoprion_anaethetus,0.0
Hao,Onychoprion_anaethetus,0.0
Haraiki,Onychoprion_anaethetus,0.0
Helen,Onychoprion_anaethetus,0.0
Hereheretui,Onychoprion_anaethetus,0.0
Hikueru,Onychoprion_anaethetus,0.0
Hiti,Onychoprion_anaethetus,0.0
Huon,Onychoprion_anaethetus,41.0
Huvadhu,Onychoprion_anaethetus,0.0
Ifalik,Onychoprion_anaethetus,0.0
Ihavandhippolu,Onychoprion_anaethetus,0.0
Jaluit,Onychoprion_anaethetus,0.0
Jemo,Onychoprion_anaethetus,0.0
Johnston,Onychoprion_anaethetus,0.0
Kademat,Onychoprion_anaethetus,0.0
Kalpeni,Onychoprion_anaethetus,0.0
Kapingamarangi,Onychoprion_anaethetus,0.0
Katiu,Onychoprion_anaethetus,0.0
Kauehi,Onychoprion_anaethetus,0.0
Kaukura,Onychoprion_anaethetus,0.0
Kavaratti,Onychoprion_anaethetus,0.0
Kilinailau,Onychoprion_anaethetus,0.0
Kiltan,Onychoprion_anaethetus,0.0
Kiritimati,Onychoprion_anaethetus,0.0
Kolhumadulu,Onychoprion_anaethetus,0.0
Kuop,Onychoprion_anaethetus,0.0
Kure,Onychoprion_anaethetus,0.0
Kuria,Onychoprion_anaethetus,0.0
Kwajalein,Onychoprion_anaethetus,0.0
Lae,Onychoprion_anaethetus,0.0
Lamotrek,Onychoprion_anaethetus,0.0
Laualau,Onychoprion_anaethetus,0.0
Laysan,Onychoprion_anaethetus,0.0
Lib,Onychoprion_anaethetus,0.0
Likiep,Onychoprion_anaethetus,0.0
Liot,Onychoprion_anaethetus,0.0
Lisianski,Onychoprion_anaethetus,0.0
Long_Reef,Onychoprion_anaethetus,0.0
Losap,Onychoprion_anaethetus,0.0
Lukunor,Onychoprion_anaethetus,0.0
Maalhosmadulu,Onychoprion_anaethetus,0.0
Maiana,Onychoprion_anaethetus,0.0
Majuro,Onychoprion_anaethetus,0.0
Makemo,Onychoprion_anaethetus,0.0
Makunudhoo,Onychoprion_anaethetus,0.0
Malden,Onychoprion_anaethetus,0.0
Maloelap,Onychoprion_anaethetus,0.0
Malum,Onychoprion_anaethetus,0.0
Manihi,Onychoprion_anaethetus,0.0
Manihiki,Onychoprion_anaethetus,0.0
Manra,Onychoprion_anaethetus,0.0
Manuae,Onychoprion_anaethetus,0.0
Manuhangi,Onychoprion_anaethetus,0.0
Marakei,Onychoprion_anaethetus,0.0
Maria,Onychoprion_anaethetus,0.0
Maria_Est,Onychoprion_anaethetus,0.0
Marokau,Onychoprion_anaethetus,0.0
Marutea_Nord,Onychoprion_anaethetus,0.0
Marutea_Sud,Onychoprion_anaethetus,0.0
Mataiva,Onychoprion_anaethetus,0.0
Matureivavao,Onychoprion_anaethetus,0.0
Maupihaa,Onychoprion_anaethetus,0.0
McKean,Onychoprion_anaethetus,0.0
Midway,Onychoprion_anaethetus,0.0
Miladhunmadulu,Onychoprion_anaethetus,0.0
Mili,Onychoprion_anaethetus,0.0
Minicoy,Onychoprion_anaethetus,0.0
Mokil,Onychoprion_anaethetus,0.0
Morane,Onychoprion_anaethetus,0.0
Moruroa,Onychoprion_anaethetus,0.0
Motu_One,Onychoprion_anaethetus,0.0
Motutunga,Onychoprion_anaethetus,0.0
Mulaku,Onychoprion_anaethetus,0.0
Murilo,Onychoprion_anaethetus,0.0
Namoluk,Onychoprion_anaethetus,0.0
Namonuito,Onychoprion_anaethetus,0.0
Namorik,Onychoprion_anaethetus,0.0
Namu,Onychoprion_anaethetus,0.0
Nanumanga,Onychoprion_anaethetus,0.0
Nanumea,Onychoprion_anaethetus,0.0
Napuka,Onychoprion_anaethetus,0.0
Nengonengo,Onychoprion_anaethetus,0.0
Ngcheangel,Onychoprion_anaethetus,0.0
Ngulu,Onychoprion_anaethetus,0.0
Niau,Onychoprion_anaethetus,0.0
Nihiru,Onychoprion_anaethetus,0.0
Nikumaroro,Onychoprion_anaethetus,0.0
Nikunau,Onychoprion_anaethetus,0.0
Ninigo,Onychoprion_anaethetus,0.0
Niutao,Onychoprion_anaethetus,0.0
Nomwin,Onychoprion_anaethetus,0.0
Nonouti,Onychoprion_anaethetus,0.0
North_Male,Onychoprion_anaethetus,0.0
North_Nilandhe,Onychoprion_anaethetus,0.0
Nuguria,Onychoprion_anaethetus,0.0
Nui,Onychoprion_anaethetus,0.0
Nukapu,Onychoprion_anaethetus,0.0
Nukufetau,Onychoprion_anaethetus,0.0
Nukulaelae,Onychoprion_anaethetus,0.0
Nukumanu,Onychoprion_anaethetus,0.0
Nukumbasanga,Onychoprion_anaethetus,0.0
Nukunonu,Onychoprion_anaethetus,0.0
Nukuoro,Onychoprion_anaethetus,0.0
Nukutepipi,Onychoprion_anaethetus,0.0
Numa_Miombilou,Onychoprion_anaethetus,0.0
Nupani,Onychoprion_anaethetus,0.0
Oeno,Onychoprion_anaethetus,0.0
Olimarao,Onychoprion_anaethetus,0.0
Onotoa,Onychoprion_anaethetus,0.0
Ontong_Java,Onychoprion_anaethetus,0.0
Oroluk,Onychoprion_anaethetus,0.0
Orona,Onychoprion_anaethetus,0.0
Pakin,Onychoprion_anaethetus,0.0
Palmerston,Onychoprion_anaethetus,0.0
Palmyra,Onychoprion_anaethetus,0.0
Paraoa,Onychoprion_anaethetus,0.0
Pearl_and_Hermes,Onychoprion_anaethetus,0.0
Peremul_Par,Onychoprion_anaethetus,0.0
Peros_Banhos,Onychoprion_anaethetus,52.0
Pinaki,Onychoprion_anaethetus,0.0
Pingelap,Onychoprion_anaethetus,0.0
Pinipel,Onychoprion_anaethetus,0.0
Pukapuka,Onychoprion_anaethetus,0.0
Puka-Puka,Onychoprion_anaethetus,0.0
Pukarua,Onychoprion_anaethetus,0.0
Pulap,Onychoprion_anaethetus,0.0
Pulusuk,Onychoprion_anaethetus,0.0
Puluwat,Onychoprion_anaethetus,0.0
Qelelevu,Onychoprion_anaethetus,0.0
Rakahanga,Onychoprion_anaethetus,0.0
Rangiroa,Onychoprion_anaethetus,0.0
Raraka,Onychoprion_anaethetus,0.0
Raroia,Onychoprion_anaethetus,0.0
Rasdhoo,Onychoprion_anaethetus,0.0
Ravahere,Onychoprion_anaethetus,0.0
Rawaki,Onychoprion_anaethetus,0.0
Reao,Onychoprion_anaethetus,0.0
Redlick,Onychoprion_anaethetus,0.0
Reitoru,Onychoprion_anaethetus,0.0
Rekareka,Onychoprion_anaethetus,0.0
Rongelap,Onychoprion_anaethetus,0.0
Rongerik,Onychoprion_anaethetus,0.0
Rose,Onychoprion_anaethetus,0.0
Rowa,Onychoprion_anaethetus,0.0
Saloman,Onychoprion_anaethetus,0.0
Sama,Onychoprion_anaethetus,0.0
Samasuma,Onychoprion_anaethetus,0.0
Sapwuahfik,Onychoprion_anaethetus,0.0
Satawan,Onychoprion_anaethetus,0.0
Scilly,Onychoprion_anaethetus,0.0
Sorol,Onychoprion_anaethetus,0.0
South_Maalhosmadulu,Onychoprion_anaethetus,0.0
South_Nilandhe,Onychoprion_anaethetus,0.0
St_Francois,Onychoprion_anaethetus,0.0
St_Joseph,Onychoprion_anaethetus,0.0
Starbuck,Onychoprion_anaethetus,0.0
Suheli_Par,Onychoprion_anaethetus,0.0
Surprise,Onychoprion_anaethetus,2.0
Suwarrow,Onychoprion_anaethetus,0.0
Swains,Onychoprion_anaethetus,0.0
Tabiteuea,Onychoprion_anaethetus,0.0
Tabuaeran,Onychoprion_anaethetus,0.0
Taenga,Onychoprion_anaethetus,0.0
Tahanea,Onychoprion_anaethetus,0.0
Taiaro,Onychoprion_anaethetus,0.0
Taka,Onychoprion_anaethetus,0.0
Takapoto,Onychoprion_anaethetus,0.0
Takaroa,Onychoprion_anaethetus,0.0
Takume,Onychoprion_anaethetus,0.0
Takuu,Onychoprion_anaethetus,0.0
Tarawa,Onychoprion_anaethetus,0.0
Tatakoto,Onychoprion_anaethetus,0.0
Tauere,Onychoprion_anaethetus,0.0
Tekokota,Onychoprion_anaethetus,0.0
Temitangi,Onychoprion_anaethetus,0.0
Temoe,Onychoprion_anaethetus,0.0
Tenararo,Onychoprion_anaethetus,0.0
Tenaruga,Onychoprion_anaethetus,0.0
Tepoto,Onychoprion_anaethetus,0.0
Teraina,Onychoprion_anaethetus,0.0
Tetiaroa,Onychoprion_anaethetus,0.0
Thiladhunmathi,Onychoprion_anaethetus,0.0
Tikehau,Onychoprion_anaethetus,0.0
Toau,Onychoprion_anaethetus,0.0
Tongareva,Onychoprion_anaethetus,0.0
Tuanake,Onychoprion_anaethetus,0.0
Tubbataha,Onychoprion_anaethetus,0.0
Tupai,Onychoprion_anaethetus,0.0
Tureia,Onychoprion_anaethetus,0.0
Ujae,Onychoprion_anaethetus,0.0
Ujelang,Onychoprion_anaethetus,0.0
Ulithi,Onychoprion_anaethetus,0.0
Utirik,Onychoprion_anaethetus,0.0
Vahanga,Onychoprion_anaethetus,0.0
Vahitahi,Onychoprion_anaethetus,0.0
Vairaatea,Onychoprion_anaethetus,0.0
Vaitupu,Onychoprion_anaethetus,0.0
Vanavana,Onychoprion_anaethetus,0.0
Vattaru,Onychoprion_anaethetus,0.0
Wailagilala,Onychoprion_anaethetus,0.0
Wake,Onychoprion_anaethetus,0.0
West_Fayu,Onychoprion_anaethetus,0.0
Woleai,Onychoprion_anaethetus,0.0
Wotho,Onychoprion_anaethetus,0.0
Wotje,Onychoprion_anaethetus,0.0
Abaiang,Sternula_saundersi,0.0
Abariringa,Sternula_saundersi,0.0
Abemama,Sternula_saundersi,0.0
Addu,Sternula_saundersi,0.0
Ahe,Sternula_saundersi,0.0
Ahunui,Sternula_saundersi,0.0
Ailinginae,Sternula_saundersi,0.0
Ailinglaplap,Sternula_saundersi,0.0
Ailuk,Sternula_saundersi,0.0
Aldabra,Sternula_saundersi,0.0
Alphonse,Sternula_saundersi,0.0
Amanu,Sternula_saundersi,0.0
Anaa,Sternula_saundersi,0.0
Analtin,Sternula_saundersi,0.0
Ant,Sternula_saundersi,0.0
Anuanuraro,Sternula_saundersi,0.0
Anuanurunga,Sternula_saundersi,0.0
Apataki,Sternula_saundersi,0.0
Aranuka,Sternula_saundersi,0.0
Aratika,Sternula_saundersi,0.0
Ari,Sternula_saundersi,0.0
Arno,Sternula_saundersi,0.0
Arutua,Sternula_saundersi,0.0
Astove,Sternula_saundersi,0.0
Atafu,Sternula_saundersi,0.0
Aur,Sternula_saundersi,0.0
Awin,Sternula_saundersi,0.0
Bangaram,Sternula_saundersi,0.0
Beautemps-Beaupre,Sternula_saundersi,0.0
Bellona,Sternula_saundersi,0.0
Beru,Sternula_saundersi,0.0
Bikar,Sternula_saundersi,0.0
Bikini,Sternula_saundersi,0.0
Birnie,Sternula_saundersi,0.0
Bitra_Par,Sternula_saundersi,0.0
Bokaak,Sternula_saundersi,0.0
Bramble_Haven,Sternula_saundersi,0.0
Budibudi,Sternula_saundersi,0.0
Butaritari,Sternula_saundersi,0.0
Byramgore,Sternula_saundersi,0.0
Caroline,Sternula_saundersi,0.0
Cherbaniani,Sternula_saundersi,0.0
Chesterfield,Sternula_saundersi,0.0
Chetlat,Sternula_saundersi,0.0
Clipperton,Sternula_saundersi,0.0
Cocos,Sternula_saundersi,0.0
Conflict,Sternula_saundersi,0.0
Cosmoledo,Sternula_saundersi,0.0
Diego_Garcia,Sternula_saundersi,10.0
Ducie,Sternula_saundersi,0.0
Eauripik,Sternula_saundersi,0.0
Ebon,Sternula_saundersi,0.0
Egmont,Sternula_saundersi,0.0
Egum,Sternula_saundersi,0.0
Elato,Sternula_saundersi,0.0
Enderbury,Sternula_saundersi,0.0
Eniwetok,Sternula_saundersi,0.0
Erikub,Sternula_saundersi,0.0
Etal,Sternula_saundersi,0.0
Europa,Sternula_saundersi,0.0
Faadhippolhu,Sternula_saundersi,0.0
Faaite,Sternula_saundersi,0.0
Fakahina,Sternula_saundersi,0.0
Fakaofo,Sternula_saundersi,0.0
Fakarava,Sternula_saundersi,0.0
Fangatau,Sternula_saundersi,0.0
Fangataufa,Sternula_saundersi,0.0
Faraulep,Sternula_saundersi,0.0
Farquhar,Sternula_saundersi,0.0
Felidhu,Sternula_saundersi,0.0
French_Frigate_Shoals,Sternula_saundersi,0.0
Funafuti,Sternula_saundersi,0.0
Gaafaru,Sternula_saundersi,0.0
Glorioso,Sternula_saundersi,0.0
Great_Chagos_Bank,Sternula_saundersi,0.0
Haddhunmathi,Sternula_saundersi,0.0
Hao,Sternula_saundersi,0.0
Haraiki,Sternula_saundersi,0.0
Helen,Sternula_saundersi,0.0
Hereheretui,Sternula_saundersi,0.0
Hikueru,Sternula_saundersi,0.0
Hiti,Sternula_saundersi,0.0
Huon,Sternula_saundersi,0.0
Huvadhu,Sternula_saundersi,0.0
Ifalik,Sternula_saundersi,0.0
Ihavandhippolu,Sternula_saundersi,0.0
Jaluit,Sternula_saundersi,0.0
Jemo,Sternula_saundersi,0.0
Johnston,Sternula_saundersi,0.0
Kademat,Sternula_saundersi,0.0
Kalpeni,Sternula_saundersi,0.0
Kapingamarangi,Sternula_saundersi,0.0
Katiu,Sternula_saundersi,0.0
Kauehi,Sternula_saundersi,0.0
Kaukura,Sternula_saundersi,0.0
Kavaratti,Sternula_saundersi,0.0
Kilinailau,Sternula_saundersi,0.0
Kiltan,Sternula_saundersi,0.0
Kiritimati,Sternula_saundersi,0.0
Kolhumadulu,Sternula_saundersi,0.0
Kuop,Sternula_saundersi,0.0
Kure,Sternula_saundersi,0.0
Kuria,Sternula_saundersi,0.0
Kwajalein,Sternula_saundersi,0.0
Lae,Sternula_saundersi,0.0
Lamotrek,Sternula_saundersi,0.0
Laualau,Sternula_saundersi,0.0
Laysan,Sternula_saundersi,0.0
Lib,Sternula_saundersi,0.0
Likiep,Sternula_saundersi,0.0
Liot,Sternula_saundersi,0.0
Lisianski,Sternula_saundersi,0.0
Long_Reef,Sternula_saundersi,0.0
Losap,Sternula_saundersi,0.0
Lukunor,Sternula_saundersi,0.0
Maalhosmadulu,Sternula_saundersi,0.0
Maiana,Sternula_saundersi,0.0
Majuro,Sternula_saundersi,0.0
Makemo,Sternula_saundersi,0.0
Makunudhoo,Sternula_saundersi,0.0
Malden,Sternula_saundersi,0.0
Maloelap,Sternula_saundersi,0.0
Malum,Sternula_saundersi,0.0
Manihi,Sternula_saundersi,0.0
Manihiki,Sternula_saundersi,0.0
Manra,Sternula_saundersi,0.0
Manuae,Sternula_saundersi,0.0
Manuhangi,Sternula_saundersi,0.0
Marakei,Sternula_saundersi,0.0
Maria,Sternula_saundersi,0.0
Maria_Est,Sternula_saundersi,0.0
Marokau,Sternula_saundersi,0.0
Marutea_Nord,Sternula_saundersi,0.0
Marutea_Sud,Sternula_saundersi,0.0
Mataiva,Sternula_saundersi,0.0
Matureivavao,Sternula_saundersi,0.0
Maupihaa,Sternula_saundersi,0.0
McKean,Sternula_saundersi,0.0
Midway,Sternula_saundersi,0.0
Miladhunmadulu,Sternula_saundersi,0.0
Mili,Sternula_saundersi,0.0
Minicoy,Sternula_saundersi,0.0
Mokil,Sternula_saundersi,0.0
Morane,Sternula_saundersi,0.0
Moruroa,Sternula_saundersi,0.0
Motu_One,Sternula_saundersi,0.0
Motutunga,Sternula_saundersi,0.0
Mulaku,Sternula_saundersi,0.0
Murilo,Sternula_saundersi,0.0
Namoluk,Sternula_saundersi,0.0
Namonuito,Sternula_saundersi,0.0
Namorik,Sternula_saundersi,0.0
Namu,Sternula_saundersi,0.0
Nanumanga,Sternula_saundersi,0.0
Nanumea,Sternula_saundersi,0.0
Napuka,Sternula_saundersi,0.0
Nengonengo,Sternula_saundersi,0.0
Ngcheangel,Sternula_saundersi,0.0
Ngulu,Sternula_saundersi,0.0
Niau,Sternula_saundersi,0.0
Nihiru,Sternula_saundersi,0.0
Nikumaroro,Sternula_saundersi,0.0
Nikunau,Sternula_saundersi,0.0
Ninigo,Sternula_saundersi,0.0
Niutao,Sternula_saundersi,0.0
Nomwin,Sternula_saundersi,0.0
Nonouti,Sternula_saundersi,0.0
North_Male,Sternula_saundersi,0.0
North_Nilandhe,Sternula_saundersi,0.0
Nuguria,Sternula_saundersi,0.0
Nui,Sternula_saundersi,0.0
Nukapu,Sternula_saundersi,0.0
Nukufetau,Sternula_saundersi,0.0
Nukulaelae,Sternula_saundersi,0.0
Nukumanu,Sternula_saundersi,0.0
Nukumbasanga,Sternula_saundersi,0.0
Nukunonu,Sternula_saundersi,0.0
Nukuoro,Sternula_saundersi,0.0
Nukutepipi,Sternula_saundersi,0.0
Numa_Miombilou,Sternula_saundersi,0.0
Nupani,Sternula_saundersi,0.0
Oeno,Sternula_saundersi,0.0
Olimarao,Sternula_saundersi,0.0
Onotoa,Sternula_saundersi,0.0
Ontong_Java,Sternula_saundersi,0.0
Oroluk,Sternula_saundersi,0.0
Orona,Sternula_saundersi,0.0
Pakin,Sternula_saundersi,0.0
Palmerston,Sternula_saundersi,0.0
Palmyra,Sternula_saundersi,0.0
Paraoa,Sternula_saundersi,0.0
Pearl_and_Hermes,Sternula_saundersi,0.0
Peremul_Par,Sternula_saundersi,0.0
Peros_Banhos,Sternula_saundersi,0.0
Pinaki,Sternula_saundersi,0.0
Pingelap,Sternula_saundersi,0.0
Pinipel,Sternula_saundersi,0.0
Pukapuka,Sternula_saundersi,0.0
Puka-Puka,Sternula_saundersi,0.0
Pukarua,Sternula_saundersi,0.0
Pulap,Sternula_saundersi,0.0
Pulusuk,Sternula_saundersi,0.0
Puluwat,Sternula_saundersi,0.0
Qelelevu,Sternula_saundersi,0.0
Rakahanga,Sternula_saundersi,0.0
Rangiroa,Sternula_saundersi,0.0
Raraka,Sternula_saundersi,0.0
Raroia,Sternula_saundersi,0.0
Rasdhoo,Sternula_saundersi,0.0
Ravahere,Sternula_saundersi,0.0
Rawaki,Sternula_saundersi,0.0
Reao,Sternula_saundersi,0.0
Redlick,Sternula_saundersi,0.0
Reitoru,Sternula_saundersi,0.0
Rekareka,Sternula_saundersi,0.0
Rongelap,Sternula_saundersi,0.0
Rongerik,Sternula_saundersi,0.0
Rose,Sternula_saundersi,0.0
Rowa,Sternula_saundersi,0.0
Saloman,Sternula_saundersi,0.0
Sama,Sternula_saundersi,0.0
Samasuma,Sternula_saundersi,0.0
Sapwuahfik,Sternula_saundersi,0.0
Satawan,Sternula_saundersi,0.0
Scilly,Sternula_saundersi,0.0
Sorol,Sternula_saundersi,0.0
South_Maalhosmadulu,Sternula_saundersi,0.0
South_Nilandhe,Sternula_saundersi,0.0
St_Francois,Sternula_saundersi,0.0
St_Joseph,Sternula_saundersi,0.0
Starbuck,Sternula_saundersi,0.0
Suheli_Par,Sternula_saundersi,0.0
Surprise,Sternula_saundersi,0.0
Suwarrow,Sternula_saundersi,0.0
Swains,Sternula_saundersi,0.0
Tabiteuea,Sternula_saundersi,0.0
Tabuaeran,Sternula_saundersi,0.0
Taenga,Sternula_saundersi,0.0
Tahanea,Sternula_saundersi,0.0
Taiaro,Sternula_saundersi,0.0
Taka,Sternula_saundersi,0.0
Takapoto,Sternula_saundersi,0.0
Takaroa,Sternula_saundersi,0.0
Takume,Sternula_saundersi,0.0
Takuu,Sternula_saundersi,0.0
Tarawa,Sternula_saundersi,0.0
Tatakoto,Sternula_saundersi,0.0
Tauere,Sternula_saundersi,0.0
Tekokota,Sternula_saundersi,0.0
Temitangi,Sternula_saundersi,0.0
Temoe,Sternula_saundersi,0.0
Tenararo,Sternula_saundersi,0.0
Tenaruga,Sternula_saundersi,0.0
Tepoto,Sternula_saundersi,0.0
Teraina,Sternula_saundersi,0.0
Tetiaroa,Sternula_saundersi,0.0
Thiladhunmathi,Sternula_saundersi,0.0
Tikehau,Sternula_saundersi,0.0
Toau,Sternula_saundersi,0.0
Tongareva,Sternula_saundersi,0.0
Tuanake,Sternula_saundersi,0.0
Tubbataha,Sternula_saundersi,0.0
Tupai,Sternula_saundersi,0.0
Tureia,Sternula_saundersi,0.0
Ujae,Sternula_saundersi,0.0
Ujelang,Sternula_saundersi,0.0
Ulithi,Sternula_saundersi,0.0
Utirik,Sternula_saundersi,0.0
Vahanga,Sternula_saundersi,0.0
Vahitahi,Sternula_saundersi,0.0
Vairaatea,Sternula_saundersi,0.0
Vaitupu,Sternula_saundersi,0.0
Vanavana,Sternula_saundersi,0.0
Vattaru,Sternula_saundersi,0.0
Wailagilala,Sternula_saundersi,0.0
Wake,Sternula_saundersi,0.0
West_Fayu,Sternula_saundersi,0.0
Woleai,Sternula_saundersi,0.0
Wotho,Sternula_saundersi,0.0
Wotje,Sternula_saundersi,0.0
Abaiang,Puffinus_bailloni,0.0
Abariringa,Puffinus_bailloni,0.0
Abemama,Puffinus_bailloni,0.0
Addu,Puffinus_bailloni,0.0
Ahe,Puffinus_bailloni,0.0
Ahunui,Puffinus_bailloni,0.0
Ailinginae,Puffinus_bailloni,0.0
Ailinglaplap,Puffinus_bailloni,0.0
Ailuk,Puffinus_bailloni,0.0
Aldabra,Puffinus_bailloni,0.0
Alphonse,Puffinus_bailloni,0.0
Amanu,Puffinus_bailloni,0.0
Anaa,Puffinus_bailloni,0.0
Analtin,Puffinus_bailloni,0.0
Ant,Puffinus_bailloni,0.0
Anuanuraro,Puffinus_bailloni,0.0
Anuanurunga,Puffinus_bailloni,0.0
Apataki,Puffinus_bailloni,0.0
Aranuka,Puffinus_bailloni,0.0
Aratika,Puffinus_bailloni,0.0
Ari,Puffinus_bailloni,0.0
Arno,Puffinus_bailloni,0.0
Arutua,Puffinus_bailloni,0.0
Astove,Puffinus_bailloni,0.0
Atafu,Puffinus_bailloni,0.0
Aur,Puffinus_bailloni,0.0
Awin,Puffinus_bailloni,0.0
Bangaram,Puffinus_bailloni,0.0
Beautemps-Beaupre,Puffinus_bailloni,0.0
Bellona,Puffinus_bailloni,0.0
Beru,Puffinus_bailloni,0.0
Bikar,Puffinus_bailloni,0.0
Bikini,Puffinus_bailloni,0.0
Birnie,Puffinus_bailloni,0.0
Bitra_Par,Puffinus_bailloni,0.0
Bokaak,Puffinus_bailloni,0.0
Bramble_Haven,Puffinus_bailloni,0.0
Budibudi,Puffinus_bailloni,0.0
Butaritari,Puffinus_bailloni,0.0
Byramgore,Puffinus_bailloni,0.0
Caroline,Puffinus_bailloni,0.0
Cherbaniani,Puffinus_bailloni,0.0
Chesterfield,Puffinus_bailloni,0.0
Chetlat,Puffinus_bailloni,0.0
Clipperton,Puffinus_bailloni,0.0
Cocos,Puffinus_bailloni,0.0
Conflict,Puffinus_bailloni,0.0
Cosmoledo,Puffinus_bailloni,0.0
Diego_Garcia,Puffinus_bailloni,4.0
Ducie,Puffinus_bailloni,0.0
Eauripik,Puffinus_bailloni,0.0
Ebon,Puffinus_bailloni,0.0
Egmont,Puffinus_bailloni,0.0
Egum,Puffinus_bailloni,0.0
Elato,Puffinus_bailloni,0.0
Enderbury,Puffinus_bailloni,100.0
Eniwetok,Puffinus_bailloni,0.0
Erikub,Puffinus_bailloni,0.0
Etal,Puffinus_bailloni,0.0
Europa,Puffinus_bailloni,100.0
Faadhippolhu,Puffinus_bailloni,10.0
Faaite,Puffinus_bailloni,0.0
Fakahina,Puffinus_bailloni,0.0
Fakaofo,Puffinus_bailloni,0.0
Fakarava,Puffinus_bailloni,0.0
Fangatau,Puffinus_bailloni,0.0
Fangataufa,Puffinus_bailloni,0.0
Faraulep,Puffinus_bailloni,0.0
Farquhar,Puffinus_bailloni,0.0
Felidhu,Puffinus_bailloni,0.0
French_Frigate_Shoals,Puffinus_bailloni,0.0
Funafuti,Puffinus_bailloni,0.0
Gaafaru,Puffinus_bailloni,0.0
Glorioso,Puffinus_bailloni,0.0
Great_Chagos_Bank,Puffinus_bailloni,3240.0
Haddhunmathi,Puffinus_bailloni,0.0
Hao,Puffinus_bailloni,0.0
Haraiki,Puffinus_bailloni,0.0
Helen,Puffinus_bailloni,0.0
Hereheretui,Puffinus_bailloni,0.0
Hikueru,Puffinus_bailloni,0.0
Hiti,Puffinus_bailloni,0.0
Huon,Puffinus_bailloni,0.0
Huvadhu,Puffinus_bailloni,0.0
Ifalik,Puffinus_bailloni,0.0
Ihavandhippolu,Puffinus_bailloni,0.0
Jaluit,Puffinus_bailloni,0.0
Jemo,Puffinus_bailloni,0.0
Johnston,Puffinus_bailloni,0.0
Kademat,Puffinus_bailloni,0.0
Kalpeni,Puffinus_bailloni,0.0
Kapingamarangi,Puffinus_bailloni,0.0
Katiu,Puffinus_bailloni,0.0
Kauehi,Puffinus_bailloni,0.0
Kaukura,Puffinus_bailloni,0.0
Kavaratti,Puffinus_bailloni,0.0
Kilinailau,Puffinus_bailloni,0.0
Kiltan,Puffinus_bailloni,0.0
Kiritimati,Puffinus_bailloni,7200.0
Kolhumadulu,Puffinus_bailloni,0.0
Kuop,Puffinus_bailloni,0.0
Kure,Puffinus_bailloni,0.0
Kuria,Puffinus_bailloni,0.0
Kwajalein,Puffinus_bailloni,0.0
Lae,Puffinus_bailloni,0.0
Lamotrek,Puffinus_bailloni,0.0
Laualau,Puffinus_bailloni,0.0
Laysan,Puffinus_bailloni,0.0
Lib,Puffinus_bailloni,0.0
Likiep,Puffinus_bailloni,0.0
Liot,Puffinus_bailloni,0.0
Lisianski,Puffinus_bailloni,0.0
Long_Reef,Puffinus_bailloni,0.0
Losap,Puffinus_bailloni,0.0
Lukunor,Puffinus_bailloni,0.0
Maalhosmadulu,Puffinus_bailloni,0.0
Maiana,Puffinus_bailloni,0.0
Majuro,Puffinus_bailloni,0.0
Makemo,Puffinus_bailloni,0.0
Makunudhoo,Puffinus_bailloni,0.0
Malden,Puffinus_bailloni,0.0
Maloelap,Puffinus_bailloni,0.0
Malum,Puffinus_bailloni,0.0
Manihi,Puffinus_bailloni,0.0
Manihiki,Puffinus_bailloni,0.0
Manra,Puffinus_bailloni,0.0
Manuae,Puffinus_bailloni,0.0
Manuhangi,Puffinus_bailloni,0.0
Marakei,Puffinus_bailloni,0.0
Maria,Puffinus_bailloni,0.0
Maria_Est,Puffinus_bailloni,0.0
Marokau,Puffinus_bailloni,0.0
Marutea_Nord,Puffinus_bailloni,0.0
Marutea_Sud,Puffinus_bailloni,0.0
Mataiva,Puffinus_bailloni,0.0
Matureivavao,Puffinus_bailloni,0.0
Maupihaa,Puffinus_bailloni,0.0
McKean,Puffinus_bailloni,120.0
Midway,Puffinus_bailloni,0.0
Miladhunmadulu,Puffinus_bailloni,0.0
Mili,Puffinus_bailloni,0.0
Minicoy,Puffinus_bailloni,0.0
Mokil,Puffinus_bailloni,0.0
Morane,Puffinus_bailloni,0.0
Moruroa,Puffinus_bailloni,0.0
Motu_One,Puffinus_bailloni,0.0
Motutunga,Puffinus_bailloni,0.0
Mulaku,Puffinus_bailloni,0.0
Murilo,Puffinus_bailloni,0.0
Namoluk,Puffinus_bailloni,0.0
Namonuito,Puffinus_bailloni,0.0
Namorik,Puffinus_bailloni,0.0
Namu,Puffinus_bailloni,0.0
Nanumanga,Puffinus_bailloni,0.0
Nanumea,Puffinus_bailloni,0.0
Napuka,Puffinus_bailloni,0.0
Nengonengo,Puffinus_bailloni,0.0
Ngcheangel,Puffinus_bailloni,0.0
Ngulu,Puffinus_bailloni,0.0
Niau,Puffinus_bailloni,0.0
Nihiru,Puffinus_bailloni,0.0
Nikumaroro,Puffinus_bailloni,0.0
Nikunau,Puffinus_bailloni,0.0
Ninigo,Puffinus_bailloni,0.0
Niutao,Puffinus_bailloni,0.0
Nomwin,Puffinus_bailloni,0.0
Nonouti,Puffinus_bailloni,0.0
North_Male,Puffinus_bailloni,0.0
North_Nilandhe,Puffinus_bailloni,0.0
Nuguria,Puffinus_bailloni,0.0
Nui,Puffinus_bailloni,0.0
Nukapu,Puffinus_bailloni,0.0
Nukufetau,Puffinus_bailloni,0.0
Nukulaelae,Puffinus_bailloni,0.0
Nukumanu,Puffinus_bailloni,0.0
Nukumbasanga,Puffinus_bailloni,0.0
Nukunonu,Puffinus_bailloni,0.0
Nukuoro,Puffinus_bailloni,0.0
Nukutepipi,Puffinus_bailloni,0.0
Numa_Miombilou,Puffinus_bailloni,0.0
Nupani,Puffinus_bailloni,0.0
Oeno,Puffinus_bailloni,0.0
Olimarao,Puffinus_bailloni,0.0
Onotoa,Puffinus_bailloni,0.0
Ontong_Java,Puffinus_bailloni,0.0
Oroluk,Puffinus_bailloni,0.0
Orona,Puffinus_bailloni,0.0
Pakin,Puffinus_bailloni,0.0
Palmerston,Puffinus_bailloni,0.0
Palmyra,Puffinus_bailloni,0.0
Paraoa,Puffinus_bailloni,0.0
Pearl_and_Hermes,Puffinus_bailloni,0.0
Peremul_Par,Puffinus_bailloni,0.0
Peros_Banhos,Puffinus_bailloni,20.0
Pinaki,Puffinus_bailloni,0.0
Pingelap,Puffinus_bailloni,0.0
Pinipel,Puffinus_bailloni,0.0
Pukapuka,Puffinus_bailloni,0.0
Puka-Puka,Puffinus_bailloni,0.0
Pukarua,Puffinus_bailloni,0.0
Pulap,Puffinus_bailloni,0.0
Pulusuk,Puffinus_bailloni,0.0
Puluwat,Puffinus_bailloni,0.0
Qelelevu,Puffinus_bailloni,0.0
Rakahanga,Puffinus_bailloni,0.0
Rangiroa,Puffinus_bailloni,0.0
Raraka,Puffinus_bailloni,0.0
Raroia,Puffinus_bailloni,0.0
Rasdhoo,Puffinus_bailloni,0.0
Ravahere,Puffinus_bailloni,0.0
Rawaki,Puffinus_bailloni,1600.0
Reao,Puffinus_bailloni,0.0
Redlick,Puffinus_bailloni,0.0
Reitoru,Puffinus_bailloni,0.0
Rekareka,Puffinus_bailloni,0.0
Rongelap,Puffinus_bailloni,0.0
Rongerik,Puffinus_bailloni,0.0
Rose,Puffinus_bailloni,0.0
Rowa,Puffinus_bailloni,0.0
Saloman,Puffinus_bailloni,0.0
Sama,Puffinus_bailloni,0.0
Samasuma,Puffinus_bailloni,0.0
Sapwuahfik,Puffinus_bailloni,0.0
Satawan,Puffinus_bailloni,0.0
Scilly,Puffinus_bailloni,0.0
Sorol,Puffinus_bailloni,0.0
South_Maalhosmadulu,Puffinus_bailloni,0.0
South_Nilandhe,Puffinus_bailloni,0.0
St_Francois,Puffinus_bailloni,0.0
St_Joseph,Puffinus_bailloni,0.0
Starbuck,Puffinus_bailloni,0.0
Suheli_Par,Puffinus_bailloni,0.0
Surprise,Puffinus_bailloni,0.0
Suwarrow,Puffinus_bailloni,0.0
Swains,Puffinus_bailloni,0.0
Tabiteuea,Puffinus_bailloni,0.0
Tabuaeran,Puffinus_bailloni,0.0
Taenga,Puffinus_bailloni,0.0
Tahanea,Puffinus_bailloni,0.0
Taiaro,Puffinus_bailloni,0.0
Taka,Puffinus_bailloni,0.0
Takapoto,Puffinus_bailloni,0.0
Takaroa,Puffinus_bailloni,0.0
Takume,Puffinus_bailloni,0.0
Takuu,Puffinus_bailloni,0.0
Tarawa,Puffinus_bailloni,0.0
Tatakoto,Puffinus_bailloni,0.0
Tauere,Puffinus_bailloni,0.0
Tekokota,Puffinus_bailloni,0.0
Temitangi,Puffinus_bailloni,0.0
Temoe,Puffinus_bailloni,0.0
Tenararo,Puffinus_bailloni,0.0
Tenaruga,Puffinus_bailloni,0.0
Tepoto,Puffinus_bailloni,0.0
Teraina,Puffinus_bailloni,0.0
Tetiaroa,Puffinus_bailloni,0.0
Thiladhunmathi,Puffinus_bailloni,0.0
Tikehau,Puffinus_bailloni,0.0
Toau,Puffinus_bailloni,0.0
Tongareva,Puffinus_bailloni,0.0
Tuanake,Puffinus_bailloni,0.0
Tubbataha,Puffinus_bailloni,0.0
Tupai,Puffinus_bailloni,0.0
Tureia,Puffinus_bailloni,0.0
Ujae,Puffinus_bailloni,0.0
Ujelang,Puffinus_bailloni,0.0
Ulithi,Puffinus_bailloni,0.0
Utirik,Puffinus_bailloni,0.0
Vahanga,Puffinus_bailloni,0.0
Vahitahi,Puffinus_bailloni,0.0
Vairaatea,Puffinus_bailloni,0.0
Vaitupu,Puffinus_bailloni,0.0
Vanavana,Puffinus_bailloni,0.0
Vattaru,Puffinus_bailloni,0.0
Wailagilala,Puffinus_bailloni,0.0
Wake,Puffinus_bailloni,0.0
West_Fayu,Puffinus_bailloni,0.0
Woleai,Puffinus_bailloni,0.0
Wotho,Puffinus_bailloni,0.0
Wotje,Puffinus_bailloni,0.0
Abaiang,Pterodroma_neglecta,0.0
Abariringa,Pterodroma_neglecta,0.0
Abemama,Pterodroma_neglecta,0.0
Addu,Pterodroma_neglecta,0.0
Ahe,Pterodroma_neglecta,0.0
Ahunui,Pterodroma_neglecta,0.0
Ailinginae,Pterodroma_neglecta,0.0
Ailinglaplap,Pterodroma_neglecta,0.0
Ailuk,Pterodroma_neglecta,0.0
Aldabra,Pterodroma_neglecta,0.0
Alphonse,Pterodroma_neglecta,0.0
Amanu,Pterodroma_neglecta,0.0
Anaa,Pterodroma_neglecta,0.0
Analtin,Pterodroma_neglecta,0.0
Ant,Pterodroma_neglecta,0.0
Anuanuraro,Pterodroma_neglecta,0.0
Anuanurunga,Pterodroma_neglecta,0.0
Apataki,Pterodroma_neglecta,0.0
Aranuka,Pterodroma_neglecta,0.0
Aratika,Pterodroma_neglecta,0.0
Ari,Pterodroma_neglecta,0.0
Arno,Pterodroma_neglecta,0.0
Arutua,Pterodroma_neglecta,0.0
Astove,Pterodroma_neglecta,0.0
Atafu,Pterodroma_neglecta,0.0
Aur,Pterodroma_neglecta,0.0
Awin,Pterodroma_neglecta,0.0
Bangaram,Pterodroma_neglecta,0.0
Beautemps-Beaupre,Pterodroma_neglecta,0.0
Bellona,Pterodroma_neglecta,0.0
Beru,Pterodroma_neglecta,0.0
Bikar,Pterodroma_neglecta,0.0
Bikini,Pterodroma_neglecta,0.0
Birnie,Pterodroma_neglecta,0.0
Bitra_Par,Pterodroma_neglecta,0.0
Bokaak,Pterodroma_neglecta,0.0
Bramble_Haven,Pterodroma_neglecta,0.0
Budibudi,Pterodroma_neglecta,0.0
Butaritari,Pterodroma_neglecta,0.0
Byramgore,Pterodroma_neglecta,0.0
Caroline,Pterodroma_neglecta,0.0
Cherbaniani,Pterodroma_neglecta,0.0
Chesterfield,Pterodroma_neglecta,0.0
Chetlat,Pterodroma_neglecta,0.0
Clipperton,Pterodroma_neglecta,0.0
Cocos,Pterodroma_neglecta,0.0
Conflict,Pterodroma_neglecta,0.0
Cosmoledo,Pterodroma_neglecta,0.0
Diego_Garcia,Pterodroma_neglecta,0.0
Ducie,Pterodroma_neglecta,60000.0
Eauripik,Pterodroma_neglecta,0.0
Ebon,Pterodroma_neglecta,0.0
Egmont,Pterodroma_neglecta,0.0
Egum,Pterodroma_neglecta,0.0
Elato,Pterodroma_neglecta,0.0
Enderbury,Pterodroma_neglecta,0.0
Eniwetok,Pterodroma_neglecta,0.0
Erikub,Pterodroma_neglecta,0.0
Etal,Pterodroma_neglecta,0.0
Europa,Pterodroma_neglecta,0.0
Faadhippolhu,Pterodroma_neglecta,0.0
Faaite,Pterodroma_neglecta,0.0
Fakahina,Pterodroma_neglecta,0.0
Fakaofo,Pterodroma_neglecta,0.0
Fakarava,Pterodroma_neglecta,0.0
Fangatau,Pterodroma_neglecta,0.0
Fangataufa,Pterodroma_neglecta,2.0
Faraulep,Pterodroma_neglecta,0.0
Farquhar,Pterodroma_neglecta,0.0
Felidhu,Pterodroma_neglecta,0.0
French_Frigate_Shoals,Pterodroma_neglecta,0.0
Funafuti,Pterodroma_neglecta,0.0
Gaafaru,Pterodroma_neglecta,0.0
Glorioso,Pterodroma_neglecta,0.0
Great_Chagos_Bank,Pterodroma_neglecta,0.0
Haddhunmathi,Pterodroma_neglecta,0.0
Hao,Pterodroma_neglecta,0.0
Haraiki,Pterodroma_neglecta,0.0
Helen,Pterodroma_neglecta,0.0
Hereheretui,Pterodroma_neglecta,0.0
Hikueru,Pterodroma_neglecta,0.0
Hiti,Pterodroma_neglecta,0.0
Huon,Pterodroma_neglecta,0.0
Huvadhu,Pterodroma_neglecta,0.0
Ifalik,Pterodroma_neglecta,0.0
Ihavandhippolu,Pterodroma_neglecta,0.0
Jaluit,Pterodroma_neglecta,0.0
Jemo,Pterodroma_neglecta,0.0
Johnston,Pterodroma_neglecta,0.0
Kademat,Pterodroma_neglecta,0.0
Kalpeni,Pterodroma_neglecta,0.0
Kapingamarangi,Pterodroma_neglecta,0.0
Katiu,Pterodroma_neglecta,0.0
Kauehi,Pterodroma_neglecta,0.0
Kaukura,Pterodroma_neglecta,0.0
Kavaratti,Pterodroma_neglecta,0.0
Kilinailau,Pterodroma_neglecta,0.0
Kiltan,Pterodroma_neglecta,0.0
Kiritimati,Pterodroma_neglecta,0.0
Kolhumadulu,Pterodroma_neglecta,0.0
Kuop,Pterodroma_neglecta,0.0
Kure,Pterodroma_neglecta,0.0
Kuria,Pterodroma_neglecta,0.0
Kwajalein,Pterodroma_neglecta,0.0
Lae,Pterodroma_neglecta,0.0
Lamotrek,Pterodroma_neglecta,0.0
Laualau,Pterodroma_neglecta,0.0
Laysan,Pterodroma_neglecta,0.0
Lib,Pterodroma_neglecta,0.0
Likiep,Pterodroma_neglecta,0.0
Liot,Pterodroma_neglecta,0.0
Lisianski,Pterodroma_neglecta,0.0
Long_Reef,Pterodroma_neglecta,0.0
Losap,Pterodroma_neglecta,0.0
Lukunor,Pterodroma_neglecta,0.0
Maalhosmadulu,Pterodroma_neglecta,0.0
Maiana,Pterodroma_neglecta,0.0
Majuro,Pterodroma_neglecta,0.0
Makemo,Pterodroma_neglecta,0.0
Makunudhoo,Pterodroma_neglecta,0.0
Malden,Pterodroma_neglecta,0.0
Maloelap,Pterodroma_neglecta,0.0
Malum,Pterodroma_neglecta,0.0
Manihi,Pterodroma_neglecta,0.0
Manihiki,Pterodroma_neglecta,0.0
Manra,Pterodroma_neglecta,0.0
Manuae,Pterodroma_neglecta,0.0
Manuhangi,Pterodroma_neglecta,0.0
Marakei,Pterodroma_neglecta,0.0
Maria,Pterodroma_neglecta,0.0
Maria_Est,Pterodroma_neglecta,44.0
Marokau,Pterodroma_neglecta,0.0
Marutea_Nord,Pterodroma_neglecta,0.0
Marutea_Sud,Pterodroma_neglecta,0.0
Mataiva,Pterodroma_neglecta,0.0
Matureivavao,Pterodroma_neglecta,0.0
Maupihaa,Pterodroma_neglecta,0.0
McKean,Pterodroma_neglecta,0.0
Midway,Pterodroma_neglecta,0.0
Miladhunmadulu,Pterodroma_neglecta,0.0
Mili,Pterodroma_neglecta,0.0
Minicoy,Pterodroma_neglecta,0.0
Mokil,Pterodroma_neglecta,0.0
Morane,Pterodroma_neglecta,25.0
Moruroa,Pterodroma_neglecta,0.0
Motu_One,Pterodroma_neglecta,0.0
Motutunga,Pterodroma_neglecta,0.0
Mulaku,Pterodroma_neglecta,0.0
Murilo,Pterodroma_neglecta,0.0
Namoluk,Pterodroma_neglecta,0.0
Namonuito,Pterodroma_neglecta,0.0
Namorik,Pterodroma_neglecta,0.0
Namu,Pterodroma_neglecta,0.0
Nanumanga,Pterodroma_neglecta,0.0
Nanumea,Pterodroma_neglecta,0.0
Napuka,Pterodroma_neglecta,0.0
Nengonengo,Pterodroma_neglecta,143.0
Ngcheangel,Pterodroma_neglecta,0.0
Ngulu,Pterodroma_neglecta,0.0
Niau,Pterodroma_neglecta,0.0
Nihiru,Pterodroma_neglecta,0.0
Nikumaroro,Pterodroma_neglecta,0.0
Nikunau,Pterodroma_neglecta,0.0
Ninigo,Pterodroma_neglecta,0.0
Niutao,Pterodroma_neglecta,0.0
Nomwin,Pterodroma_neglecta,0.0
Nonouti,Pterodroma_neglecta,0.0
North_Male,Pterodroma_neglecta,0.0
North_Nilandhe,Pterodroma_neglecta,0.0
Nuguria,Pterodroma_neglecta,0.0
Nui,Pterodroma_neglecta,0.0
Nukapu,Pterodroma_neglecta,0.0
Nukufetau,Pterodroma_neglecta,0.0
Nukulaelae,Pterodroma_neglecta,0.0
Nukumanu,Pterodroma_neglecta,0.0
Nukumbasanga,Pterodroma_neglecta,0.0
Nukunonu,Pterodroma_neglecta,0.0
Nukuoro,Pterodroma_neglecta,0.0
Nukutepipi,Pterodroma_neglecta,0.0
Numa_Miombilou,Pterodroma_neglecta,0.0
Nupani,Pterodroma_neglecta,0.0
Oeno,Pterodroma_neglecta,200.0
Olimarao,Pterodroma_neglecta,0.0
Onotoa,Pterodroma_neglecta,0.0
Ontong_Java,Pterodroma_neglecta,0.0
Oroluk,Pterodroma_neglecta,0.0
Orona,Pterodroma_neglecta,0.0
Pakin,Pterodroma_neglecta,0.0
Palmerston,Pterodroma_neglecta,0.0
Palmyra,Pterodroma_neglecta,0.0
Paraoa,Pterodroma_neglecta,0.0
Pearl_and_Hermes,Pterodroma_neglecta,0.0
Peremul_Par,Pterodroma_neglecta,0.0
Peros_Banhos,Pterodroma_neglecta,0.0
Pinaki,Pterodroma_neglecta,0.0
Pingelap,Pterodroma_neglecta,0.0
Pinipel,Pterodroma_neglecta,0.0
Pukapuka,Pterodroma_neglecta,0.0
Puka-Puka,Pterodroma_neglecta,0.0
Pukarua,Pterodroma_neglecta,0.0
Pulap,Pterodroma_neglecta,0.0
Pulusuk,Pterodroma_neglecta,0.0
Puluwat,Pterodroma_neglecta,0.0
Qelelevu,Pterodroma_neglecta,0.0
Rakahanga,Pterodroma_neglecta,0.0
Rangiroa,Pterodroma_neglecta,0.0
Raraka,Pterodroma_neglecta,0.0
Raroia,Pterodroma_neglecta,0.0
Rasdhoo,Pterodroma_neglecta,0.0
Ravahere,Pterodroma_neglecta,0.0
Rawaki,Pterodroma_neglecta,0.0
Reao,Pterodroma_neglecta,0.0
Redlick,Pterodroma_neglecta,0.0
Reitoru,Pterodroma_neglecta,0.0
Rekareka,Pterodroma_neglecta,0.0
Rongelap,Pterodroma_neglecta,0.0
Rongerik,Pterodroma_neglecta,0.0
Rose,Pterodroma_neglecta,0.0
Rowa,Pterodroma_neglecta,0.0
Saloman,Pterodroma_neglecta,0.0
Sama,Pterodroma_neglecta,0.0
Samasuma,Pterodroma_neglecta,0.0
Sapwuahfik,Pterodroma_neglecta,0.0
Satawan,Pterodroma_neglecta,0.0
Scilly,Pterodroma_neglecta,0.0
Sorol,Pterodroma_neglecta,0.0
South_Maalhosmadulu,Pterodroma_neglecta,0.0
South_Nilandhe,Pterodroma_neglecta,0.0
St_Francois,Pterodroma_neglecta,0.0
St_Joseph,Pterodroma_neglecta,0.0
Starbuck,Pterodroma_neglecta,0.0
Suheli_Par,Pterodroma_neglecta,0.0
Surprise,Pterodroma_neglecta,0.0
Suwarrow,Pterodroma_neglecta,0.0
Swains,Pterodroma_neglecta,0.0
Tabiteuea,Pterodroma_neglecta,0.0
Tabuaeran,Pterodroma_neglecta,0.0
Taenga,Pterodroma_neglecta,0.0
Tahanea,Pterodroma_neglecta,0.0
Taiaro,Pterodroma_neglecta,0.0
Taka,Pterodroma_neglecta,0.0
Takapoto,Pterodroma_neglecta,0.0
Takaroa,Pterodroma_neglecta,0.0
Takume,Pterodroma_neglecta,0.0
Takuu,Pterodroma_neglecta,0.0
Tarawa,Pterodroma_neglecta,0.0
Tatakoto,Pterodroma_neglecta,0.0
Tauere,Pterodroma_neglecta,0.0
Tekokota,Pterodroma_neglecta,0.0
Temitangi,Pterodroma_neglecta,0.0
Temoe,Pterodroma_neglecta,10.0
Tenararo,Pterodroma_neglecta,40.0
Tenaruga,Pterodroma_neglecta,0.0
Tepoto,Pterodroma_neglecta,0.0
Teraina,Pterodroma_neglecta,0.0
Tetiaroa,Pterodroma_neglecta,0.0
Thiladhunmathi,Pterodroma_neglecta,0.0
Tikehau,Pterodroma_neglecta,0.0
Toau,Pterodroma_neglecta,0.0
Tongareva,Pterodroma_neglecta,0.0
Tuanake,Pterodroma_neglecta,0.0
Tubbataha,Pterodroma_neglecta,0.0
Tupai,Pterodroma_neglecta,0.0
Tureia,Pterodroma_neglecta,0.0
Ujae,Pterodroma_neglecta,0.0
Ujelang,Pterodroma_neglecta,0.0
Ulithi,Pterodroma_neglecta,0.0
Utirik,Pterodroma_neglecta,0.0
Vahanga,Pterodroma_neglecta,20.0
Vahitahi,Pterodroma_neglecta,0.0
Vairaatea,Pterodroma_neglecta,0.0
Vaitupu,Pterodroma_neglecta,0.0
Vanavana,Pterodroma_neglecta,0.0
Vattaru,Pterodroma_neglecta,0.0
Wailagilala,Pterodroma_neglecta,0.0
Wake,Pterodroma_neglecta,0.0
West_Fayu,Pterodroma_neglecta,0.0
Woleai,Pterodroma_neglecta,0.0
Wotho,Pterodroma_neglecta,0.0
Wotje,Pterodroma_neglecta,0.0
Abaiang,Pterodroma_heraldica,0.0
Abariringa,Pterodroma_heraldica,0.0
Abemama,Pterodroma_heraldica,0.0
Addu,Pterodroma_heraldica,0.0
Ahe,Pterodroma_heraldica,0.0
Ahunui,Pterodroma_heraldica,0.0
Ailinginae,Pterodroma_heraldica,0.0
Ailinglaplap,Pterodroma_heraldica,0.0
Ailuk,Pterodroma_heraldica,0.0
Aldabra,Pterodroma_heraldica,0.0
Alphonse,Pterodroma_heraldica,0.0
Amanu,Pterodroma_heraldica,0.0
Anaa,Pterodroma_heraldica,0.0
Analtin,Pterodroma_heraldica,0.0
Ant,Pterodroma_heraldica,0.0
Anuanuraro,Pterodroma_heraldica,0.0
Anuanurunga,Pterodroma_heraldica,0.0
Apataki,Pterodroma_heraldica,0.0
Aranuka,Pterodroma_heraldica,0.0
Aratika,Pterodroma_heraldica,0.0
Ari,Pterodroma_heraldica,0.0
Arno,Pterodroma_heraldica,0.0
Arutua,Pterodroma_heraldica,0.0
Astove,Pterodroma_heraldica,0.0
Atafu,Pterodroma_heraldica,0.0
Aur,Pterodroma_heraldica,0.0
Awin,Pterodroma_heraldica,0.0
Bangaram,Pterodroma_heraldica,0.0
Beautemps-Beaupre,Pterodroma_heraldica,0.0
Bellona,Pterodroma_heraldica,0.0
Beru,Pterodroma_heraldica,0.0
Bikar,Pterodroma_heraldica,0.0
Bikini,Pterodroma_heraldica,0.0
Birnie,Pterodroma_heraldica,0.0
Bitra_Par,Pterodroma_heraldica,0.0
Bokaak,Pterodroma_heraldica,0.0
Bramble_Haven,Pterodroma_heraldica,0.0
Budibudi,Pterodroma_heraldica,0.0
Butaritari,Pterodroma_heraldica,0.0
Byramgore,Pterodroma_heraldica,0.0
Caroline,Pterodroma_heraldica,0.0
Cherbaniani,Pterodroma_heraldica,0.0
Chesterfield,Pterodroma_heraldica,0.0
Chetlat,Pterodroma_heraldica,0.0
Clipperton,Pterodroma_heraldica,0.0
Cocos,Pterodroma_heraldica,0.0
Conflict,Pterodroma_heraldica,0.0
Cosmoledo,Pterodroma_heraldica,0.0
Diego_Garcia,Pterodroma_heraldica,0.0
Ducie,Pterodroma_heraldica,100000.0
Eauripik,Pterodroma_heraldica,0.0
Ebon,Pterodroma_heraldica,0.0
Egmont,Pterodroma_heraldica,0.0
Egum,Pterodroma_heraldica,0.0
Elato,Pterodroma_heraldica,0.0
Enderbury,Pterodroma_heraldica,0.0
Eniwetok,Pterodroma_heraldica,0.0
Erikub,Pterodroma_heraldica,0.0
Etal,Pterodroma_heraldica,0.0
Europa,Pterodroma_heraldica,0.0
Faadhippolhu,Pterodroma_heraldica,0.0
Faaite,Pterodroma_heraldica,0.0
Fakahina,Pterodroma_heraldica,0.0
Fakaofo,Pterodroma_heraldica,0.0
Fakarava,Pterodroma_heraldica,0.0
Fangatau,Pterodroma_heraldica,0.0
Fangataufa,Pterodroma_heraldica,0.0
Faraulep,Pterodroma_heraldica,0.0
Farquhar,Pterodroma_heraldica,0.0
Felidhu,Pterodroma_heraldica,0.0
French_Frigate_Shoals,Pterodroma_heraldica,0.0
Funafuti,Pterodroma_heraldica,0.0
Gaafaru,Pterodroma_heraldica,0.0
Glorioso,Pterodroma_heraldica,0.0
Great_Chagos_Bank,Pterodroma_heraldica,0.0
Haddhunmathi,Pterodroma_heraldica,0.0
Hao,Pterodroma_heraldica,0.0
Haraiki,Pterodroma_heraldica,0.0
Helen,Pterodroma_heraldica,0.0
Hereheretui,Pterodroma_heraldica,0.0
Hikueru,Pterodroma_heraldica,0.0
Hiti,Pterodroma_heraldica,0.0
Huon,Pterodroma_heraldica,0.0
Huvadhu,Pterodroma_heraldica,0.0
Ifalik,Pterodroma_heraldica,0.0
Ihavandhippolu,Pterodroma_heraldica,0.0
Jaluit,Pterodroma_heraldica,0.0
Jemo,Pterodroma_heraldica,0.0
Johnston,Pterodroma_heraldica,0.0
Kademat,Pterodroma_heraldica,0.0
Kalpeni,Pterodroma_heraldica,0.0
Kapingamarangi,Pterodroma_heraldica,0.0
Katiu,Pterodroma_heraldica,0.0
Kauehi,Pterodroma_heraldica,0.0
Kaukura,Pterodroma_heraldica,0.0
Kavaratti,Pterodroma_heraldica,0.0
Kilinailau,Pterodroma_heraldica,0.0
Kiltan,Pterodroma_heraldica,0.0
Kiritimati,Pterodroma_heraldica,0.0
Kolhumadulu,Pterodroma_heraldica,0.0
Kuop,Pterodroma_heraldica,0.0
Kure,Pterodroma_heraldica,0.0
Kuria,Pterodroma_heraldica,0.0
Kwajalein,Pterodroma_heraldica,0.0
Lae,Pterodroma_heraldica,0.0
Lamotrek,Pterodroma_heraldica,0.0
Laualau,Pterodroma_heraldica,0.0
Laysan,Pterodroma_heraldica,0.0
Lib,Pterodroma_heraldica,0.0
Likiep,Pterodroma_heraldica,0.0
Liot,Pterodroma_heraldica,0.0
Lisianski,Pterodroma_heraldica,0.0
Long_Reef,Pterodroma_heraldica,0.0
Losap,Pterodroma_heraldica,0.0
Lukunor,Pterodroma_heraldica,0.0
Maalhosmadulu,Pterodroma_heraldica,0.0
Maiana,Pterodroma_heraldica,0.0
Majuro,Pterodroma_heraldica,0.0
Makemo,Pterodroma_heraldica,0.0
Makunudhoo,Pterodroma_heraldica,0.0
Malden,Pterodroma_heraldica,0.0
Maloelap,Pterodroma_heraldica,0.0
Malum,Pterodroma_heraldica,0.0
Manihi,Pterodroma_heraldica,0.0
Manihiki,Pterodroma_heraldica,0.0
Manra,Pterodroma_heraldica,0.0
Manuae,Pterodroma_heraldica,0.0
Manuhangi,Pterodroma_heraldica,0.0
Marakei,Pterodroma_heraldica,0.0
Maria,Pterodroma_heraldica,0.0
Maria_Est,Pterodroma_heraldica,0.0
Marokau,Pterodroma_heraldica,0.0
Marutea_Nord,Pterodroma_heraldica,0.0
Marutea_Sud,Pterodroma_heraldica,0.0
Mataiva,Pterodroma_heraldica,0.0
Matureivavao,Pterodroma_heraldica,12204.0
Maupihaa,Pterodroma_heraldica,0.0
McKean,Pterodroma_heraldica,0.0
Midway,Pterodroma_heraldica,0.0
Miladhunmadulu,Pterodroma_heraldica,0.0
Mili,Pterodroma_heraldica,0.0
Minicoy,Pterodroma_heraldica,0.0
Mokil,Pterodroma_heraldica,0.0
Morane,Pterodroma_heraldica,0.0
Moruroa,Pterodroma_heraldica,0.0
Motu_One,Pterodroma_heraldica,0.0
Motutunga,Pterodroma_heraldica,0.0
Mulaku,Pterodroma_heraldica,0.0
Murilo,Pterodroma_heraldica,0.0
Namoluk,Pterodroma_heraldica,0.0
Namonuito,Pterodroma_heraldica,0.0
Namorik,Pterodroma_heraldica,0.0
Namu,Pterodroma_heraldica,0.0
Nanumanga,Pterodroma_heraldica,0.0
Nanumea,Pterodroma_heraldica,0.0
Napuka,Pterodroma_heraldica,0.0
Nengonengo,Pterodroma_heraldica,0.0
Ngcheangel,Pterodroma_heraldica,0.0
Ngulu,Pterodroma_heraldica,0.0
Niau,Pterodroma_heraldica,0.0
Nihiru,Pterodroma_heraldica,0.0
Nikumaroro,Pterodroma_heraldica,0.0
Nikunau,Pterodroma_heraldica,0.0
Ninigo,Pterodroma_heraldica,0.0
Niutao,Pterodroma_heraldica,0.0
Nomwin,Pterodroma_heraldica,0.0
Nonouti,Pterodroma_heraldica,0.0
North_Male,Pterodroma_heraldica,0.0
North_Nilandhe,Pterodroma_heraldica,0.0
Nuguria,Pterodroma_heraldica,0.0
Nui,Pterodroma_heraldica,0.0
Nukapu,Pterodroma_heraldica,0.0
Nukufetau,Pterodroma_heraldica,0.0
Nukulaelae,Pterodroma_heraldica,0.0
Nukumanu,Pterodroma_heraldica,0.0
Nukumbasanga,Pterodroma_heraldica,0.0
Nukunonu,Pterodroma_heraldica,0.0
Nukuoro,Pterodroma_heraldica,0.0
Nukutepipi,Pterodroma_heraldica,0.0
Numa_Miombilou,Pterodroma_heraldica,0.0
Nupani,Pterodroma_heraldica,0.0
Oeno,Pterodroma_heraldica,0.0
Olimarao,Pterodroma_heraldica,0.0
Onotoa,Pterodroma_heraldica,0.0
Ontong_Java,Pterodroma_heraldica,0.0
Oroluk,Pterodroma_heraldica,0.0
Orona,Pterodroma_heraldica,0.0
Pakin,Pterodroma_heraldica,0.0
Palmerston,Pterodroma_heraldica,0.0
Palmyra,Pterodroma_heraldica,0.0
Paraoa,Pterodroma_heraldica,0.0
Pearl_and_Hermes,Pterodroma_heraldica,0.0
Peremul_Par,Pterodroma_heraldica,0.0
Peros_Banhos,Pterodroma_heraldica,0.0
Pinaki,Pterodroma_heraldica,0.0
Pingelap,Pterodroma_heraldica,0.0
Pinipel,Pterodroma_heraldica,0.0
Pukapuka,Pterodroma_heraldica,0.0
Puka-Puka,Pterodroma_heraldica,0.0
Pukarua,Pterodroma_heraldica,0.0
Pulap,Pterodroma_heraldica,0.0
Pulusuk,Pterodroma_heraldica,0.0
Puluwat,Pterodroma_heraldica,0.0
Qelelevu,Pterodroma_heraldica,0.0
Rakahanga,Pterodroma_heraldica,0.0
Rangiroa,Pterodroma_heraldica,0.0
Raraka,Pterodroma_heraldica,0.0
Raroia,Pterodroma_heraldica,0.0
Rasdhoo,Pterodroma_heraldica,0.0
Ravahere,Pterodroma_heraldica,0.0
Rawaki,Pterodroma_heraldica,0.0
Reao,Pterodroma_heraldica,0.0
Redlick,Pterodroma_heraldica,0.0
Reitoru,Pterodroma_heraldica,0.0
Rekareka,Pterodroma_heraldica,0.0
Rongelap,Pterodroma_heraldica,0.0
Rongerik,Pterodroma_heraldica,0.0
Rose,Pterodroma_heraldica,0.0
Rowa,Pterodroma_heraldica,0.0
Saloman,Pterodroma_heraldica,0.0
Sama,Pterodroma_heraldica,0.0
Samasuma,Pterodroma_heraldica,0.0
Sapwuahfik,Pterodroma_heraldica,0.0
Satawan,Pterodroma_heraldica,0.0
Scilly,Pterodroma_heraldica,0.0
Sorol,Pterodroma_heraldica,0.0
South_Maalhosmadulu,Pterodroma_heraldica,0.0
South_Nilandhe,Pterodroma_heraldica,0.0
St_Francois,Pterodroma_heraldica,0.0
St_Joseph,Pterodroma_heraldica,0.0
Starbuck,Pterodroma_heraldica,0.0
Suheli_Par,Pterodroma_heraldica,0.0
Surprise,Pterodroma_heraldica,0.0
Suwarrow,Pterodroma_heraldica,0.0
Swains,Pterodroma_heraldica,0.0
Tabiteuea,Pterodroma_heraldica,0.0
Tabuaeran,Pterodroma_heraldica,0.0
Taenga,Pterodroma_heraldica,0.0
Tahanea,Pterodroma_heraldica,0.0
Taiaro,Pterodroma_heraldica,0.0
Taka,Pterodroma_heraldica,0.0
Takapoto,Pterodroma_heraldica,0.0
Takaroa,Pterodroma_heraldica,0.0
Takume,Pterodroma_heraldica,0.0
Takuu,Pterodroma_heraldica,0.0
Tarawa,Pterodroma_heraldica,0.0
Tatakoto,Pterodroma_heraldica,0.0
Tauere,Pterodroma_heraldica,0.0
Tekokota,Pterodroma_heraldica,0.0
Temitangi,Pterodroma_heraldica,0.0
Temoe,Pterodroma_heraldica,0.0
Tenararo,Pterodroma_heraldica,0.0
Tenaruga,Pterodroma_heraldica,0.0
Tepoto,Pterodroma_heraldica,0.0
Teraina,Pterodroma_heraldica,0.0
Tetiaroa,Pterodroma_heraldica,0.0
Thiladhunmathi,Pterodroma_heraldica,0.0
Tikehau,Pterodroma_heraldica,0.0
Toau,Pterodroma_heraldica,0.0
Tongareva,Pterodroma_heraldica,0.0
Tuanake,Pterodroma_heraldica,0.0
Tubbataha,Pterodroma_heraldica,0.0
Tupai,Pterodroma_heraldica,0.0
Tureia,Pterodroma_heraldica,0.0
Ujae,Pterodroma_heraldica,0.0
Ujelang,Pterodroma_heraldica,0.0
Ulithi,Pterodroma_heraldica,0.0
Utirik,Pterodroma_heraldica,0.0
Vahanga,Pterodroma_heraldica,0.0
Vahitahi,Pterodroma_heraldica,0.0
Vairaatea,Pterodroma_heraldica,0.0
Vaitupu,Pterodroma_heraldica,0.0
Vanavana,Pterodroma_heraldica,0.0
Vattaru,Pterodroma_heraldica,0.0
Wailagilala,Pterodroma_heraldica,0.0
Wake,Pterodroma_heraldica,0.0
West_Fayu,Pterodroma_heraldica,0.0
Woleai,Pterodroma_heraldica,0.0
Wotho,Pterodroma_heraldica,0.0
Wotje,Pterodroma_heraldica,0.0
Abaiang,Pterodroma_ultima,0.0
Abariringa,Pterodroma_ultima,0.0
Abemama,Pterodroma_ultima,0.0
Addu,Pterodroma_ultima,0.0
Ahe,Pterodroma_ultima,0.0
Ahunui,Pterodroma_ultima,0.0
Ailinginae,Pterodroma_ultima,0.0
Ailinglaplap,Pterodroma_ultima,0.0
Ailuk,Pterodroma_ultima,0.0
Aldabra,Pterodroma_ultima,0.0
Alphonse,Pterodroma_ultima,0.0
Amanu,Pterodroma_ultima,0.0
Anaa,Pterodroma_ultima,0.0
Analtin,Pterodroma_ultima,0.0
Ant,Pterodroma_ultima,0.0
Anuanuraro,Pterodroma_ultima,0.0
Anuanurunga,Pterodroma_ultima,0.0
Apataki,Pterodroma_ultima,0.0
Aranuka,Pterodroma_ultima,0.0
Aratika,Pterodroma_ultima,0.0
Ari,Pterodroma_ultima,0.0
Arno,Pterodroma_ultima,0.0
Arutua,Pterodroma_ultima,0.0
Astove,Pterodroma_ultima,0.0
Atafu,Pterodroma_ultima,0.0
Aur,Pterodroma_ultima,0.0
Awin,Pterodroma_ultima,0.0
Bangaram,Pterodroma_ultima,0.0
Beautemps-Beaupre,Pterodroma_ultima,0.0
Bellona,Pterodroma_ultima,0.0
Beru,Pterodroma_ultima,0.0
Bikar,Pterodroma_ultima,0.0
Bikini,Pterodroma_ultima,0.0
Birnie,Pterodroma_ultima,0.0
Bitra_Par,Pterodroma_ultima,0.0
Bokaak,Pterodroma_ultima,0.0
Bramble_Haven,Pterodroma_ultima,0.0
Budibudi,Pterodroma_ultima,0.0
Butaritari,Pterodroma_ultima,0.0
Byramgore,Pterodroma_ultima,0.0
Caroline,Pterodroma_ultima,0.0
Cherbaniani,Pterodroma_ultima,0.0
Chesterfield,Pterodroma_ultima,0.0
Chetlat,Pterodroma_ultima,0.0
Clipperton,Pterodroma_ultima,0.0
Cocos,Pterodroma_ultima,0.0
Conflict,Pterodroma_ultima,0.0
Cosmoledo,Pterodroma_ultima,0.0
Diego_Garcia,Pterodroma_ultima,0.0
Ducie,Pterodroma_ultima,500000.0
Eauripik,Pterodroma_ultima,0.0
Ebon,Pterodroma_ultima,0.0
Egmont,Pterodroma_ultima,0.0
Egum,Pterodroma_ultima,0.0
Elato,Pterodroma_ultima,0.0
Enderbury,Pterodroma_ultima,0.0
Eniwetok,Pterodroma_ultima,0.0
Erikub,Pterodroma_ultima,0.0
Etal,Pterodroma_ultima,0.0
Europa,Pterodroma_ultima,0.0
Faadhippolhu,Pterodroma_ultima,0.0
Faaite,Pterodroma_ultima,0.0
Fakahina,Pterodroma_ultima,0.0
Fakaofo,Pterodroma_ultima,0.0
Fakarava,Pterodroma_ultima,0.0
Fangatau,Pterodroma_ultima,0.0
Fangataufa,Pterodroma_ultima,100.0
Faraulep,Pterodroma_ultima,0.0
Farquhar,Pterodroma_ultima,0.0
Felidhu,Pterodroma_ultima,0.0
French_Frigate_Shoals,Pterodroma_ultima,0.0
Funafuti,Pterodroma_ultima,0.0
Gaafaru,Pterodroma_ultima,0.0
Glorioso,Pterodroma_ultima,0.0
Great_Chagos_Bank,Pterodroma_ultima,0.0
Haddhunmathi,Pterodroma_ultima,0.0
Hao,Pterodroma_ultima,0.0
Haraiki,Pterodroma_ultima,0.0
Helen,Pterodroma_ultima,0.0
Hereheretui,Pterodroma_ultima,0.0
Hikueru,Pterodroma_ultima,0.0
Hiti,Pterodroma_ultima,0.0
Huon,Pterodroma_ultima,0.0
Huvadhu,Pterodroma_ultima,0.0
Ifalik,Pterodroma_ultima,0.0
Ihavandhippolu,Pterodroma_ultima,0.0
Jaluit,Pterodroma_ultima,0.0
Jemo,Pterodroma_ultima,0.0
Johnston,Pterodroma_ultima,0.0
Kademat,Pterodroma_ultima,0.0
Kalpeni,Pterodroma_ultima,0.0
Kapingamarangi,Pterodroma_ultima,0.0
Katiu,Pterodroma_ultima,0.0
Kauehi,Pterodroma_ultima,0.0
Kaukura,Pterodroma_ultima,0.0
Kavaratti,Pterodroma_ultima,0.0
Kilinailau,Pterodroma_ultima,0.0
Kiltan,Pterodroma_ultima,0.0
Kiritimati,Pterodroma_ultima,0.0
Kolhumadulu,Pterodroma_ultima,0.0
Kuop,Pterodroma_ultima,0.0
Kure,Pterodroma_ultima,0.0
Kuria,Pterodroma_ultima,0.0
Kwajalein,Pterodroma_ultima,0.0
Lae,Pterodroma_ultima,0.0
Lamotrek,Pterodroma_ultima,0.0
Laualau,Pterodroma_ultima,0.0
Laysan,Pterodroma_ultima,0.0
Lib,Pterodroma_ultima,0.0
Likiep,Pterodroma_ultima,0.0
Liot,Pterodroma_ultima,0.0
Lisianski,Pterodroma_ultima,0.0
Long_Reef,Pterodroma_ultima,0.0
Losap,Pterodroma_ultima,0.0
Lukunor,Pterodroma_ultima,0.0
Maalhosmadulu,Pterodroma_ultima,0.0
Maiana,Pterodroma_ultima,0.0
Majuro,Pterodroma_ultima,0.0
Makemo,Pterodroma_ultima,0.0
Makunudhoo,Pterodroma_ultima,0.0
Malden,Pterodroma_ultima,0.0
Maloelap,Pterodroma_ultima,0.0
Malum,Pterodroma_ultima,0.0
Manihi,Pterodroma_ultima,0.0
Manihiki,Pterodroma_ultima,0.0
Manra,Pterodroma_ultima,0.0
Manuae,Pterodroma_ultima,0.0
Manuhangi,Pterodroma_ultima,0.0
Marakei,Pterodroma_ultima,0.0
Maria,Pterodroma_ultima,0.0
Maria_Est,Pterodroma_ultima,378.0
Marokau,Pterodroma_ultima,0.0
Marutea_Nord,Pterodroma_ultima,0.0
Marutea_Sud,Pterodroma_ultima,0.0
Mataiva,Pterodroma_ultima,0.0
Matureivavao,Pterodroma_ultima,67.0
Maupihaa,Pterodroma_ultima,0.0
McKean,Pterodroma_ultima,0.0
Midway,Pterodroma_ultima,0.0
Miladhunmadulu,Pterodroma_ultima,0.0
Mili,Pterodroma_ultima,0.0
Minicoy,Pterodroma_ultima,0.0
Mokil,Pterodroma_ultima,0.0
Morane,Pterodroma_ultima,3100.0
Moruroa,Pterodroma_ultima,73.0
Motu_One,Pterodroma_ultima,0.0
Motutunga,Pterodroma_ultima,0.0
Mulaku,Pterodroma_ultima,0.0
Murilo,Pterodroma_ultima,0.0
Namoluk,Pterodroma_ultima,0.0
Namonuito,Pterodroma_ultima,0.0
Namorik,Pterodroma_ultima,0.0
Namu,Pterodroma_ultima,0.0
Nanumanga,Pterodroma_ultima,0.0
Nanumea,Pterodroma_ultima,0.0
Napuka,Pterodroma_ultima,0.0
Nengonengo,Pterodroma_ultima,0.0
Ngcheangel,Pterodroma_ultima,0.0
Ngulu,Pterodroma_ultima,0.0
Niau,Pterodroma_ultima,0.0
Nihiru,Pterodroma_ultima,0.0
Nikumaroro,Pterodroma_ultima,0.0
Nikunau,Pterodroma_ultima,0.0
Ninigo,Pterodroma_ultima,0.0
Niutao,Pterodroma_ultima,0.0
Nomwin,Pterodroma_ultima,0.0
Nonouti,Pterodroma_ultima,0.0
North_Male,Pterodroma_ultima,0.0
North_Nilandhe,Pterodroma_ultima,0.0
Nuguria,Pterodroma_ultima,0.0
Nui,Pterodroma_ultima,0.0
Nukapu,Pterodroma_ultima,0.0
Nukufetau,Pterodroma_ultima,0.0
Nukulaelae,Pterodroma_ultima,0.0
Nukumanu,Pterodroma_ultima,0.0
Nukumbasanga,Pterodroma_ultima,0.0
Nukunonu,Pterodroma_ultima,0.0
Nukuoro,Pterodroma_ultima,0.0
Nukutepipi,Pterodroma_ultima,0.0
Numa_Miombilou,Pterodroma_ultima,0.0
Nupani,Pterodroma_ultima,0.0
Oeno,Pterodroma_ultima,25000.0
Olimarao,Pterodroma_ultima,0.0
Onotoa,Pterodroma_ultima,0.0
Ontong_Java,Pterodroma_ultima,0.0
Oroluk,Pterodroma_ultima,0.0
Orona,Pterodroma_ultima,0.0
Pakin,Pterodroma_ultima,0.0
Palmerston,Pterodroma_ultima,0.0
Palmyra,Pterodroma_ultima,0.0
Paraoa,Pterodroma_ultima,0.0
Pearl_and_Hermes,Pterodroma_ultima,0.0
Peremul_Par,Pterodroma_ultima,0.0
Peros_Banhos,Pterodroma_ultima,0.0
Pinaki,Pterodroma_ultima,0.0
Pingelap,Pterodroma_ultima,0.0
Pinipel,Pterodroma_ultima,0.0
Pukapuka,Pterodroma_ultima,0.0
Puka-Puka,Pterodroma_ultima,0.0
Pukarua,Pterodroma_ultima,0.0
Pulap,Pterodroma_ultima,0.0
Pulusuk,Pterodroma_ultima,0.0
Puluwat,Pterodroma_ultima,0.0
Qelelevu,Pterodroma_ultima,0.0
Rakahanga,Pterodroma_ultima,0.0
Rangiroa,Pterodroma_ultima,0.0
Raraka,Pterodroma_ultima,0.0
Raroia,Pterodroma_ultima,0.0
Rasdhoo,Pterodroma_ultima,0.0
Ravahere,Pterodroma_ultima,0.0
Rawaki,Pterodroma_ultima,0.0
Reao,Pterodroma_ultima,0.0
Redlick,Pterodroma_ultima,0.0
Reitoru,Pterodroma_ultima,0.0
Rekareka,Pterodroma_ultima,0.0
Rongelap,Pterodroma_ultima,0.0
Rongerik,Pterodroma_ultima,0.0
Rose,Pterodroma_ultima,0.0
Rowa,Pterodroma_ultima,0.0
Saloman,Pterodroma_ultima,0.0
Sama,Pterodroma_ultima,0.0
Samasuma,Pterodroma_ultima,0.0
Sapwuahfik,Pterodroma_ultima,0.0
Satawan,Pterodroma_ultima,0.0
Scilly,Pterodroma_ultima,0.0
Sorol,Pterodroma_ultima,0.0
South_Maalhosmadulu,Pterodroma_ultima,0.0
South_Nilandhe,Pterodroma_ultima,0.0
St_Francois,Pterodroma_ultima,0.0
St_Joseph,Pterodroma_ultima,0.0
Starbuck,Pterodroma_ultima,0.0
Suheli_Par,Pterodroma_ultima,0.0
Surprise,Pterodroma_ultima,0.0
Suwarrow,Pterodroma_ultima,0.0
Swains,Pterodroma_ultima,0.0
Tabiteuea,Pterodroma_ultima,0.0
Tabuaeran,Pterodroma_ultima,0.0
Taenga,Pterodroma_ultima,0.0
Tahanea,Pterodroma_ultima,0.0
Taiaro,Pterodroma_ultima,0.0
Taka,Pterodroma_ultima,0.0
Takapoto,Pterodroma_ultima,0.0
Takaroa,Pterodroma_ultima,0.0
Takume,Pterodroma_ultima,0.0
Takuu,Pterodroma_ultima,0.0
Tarawa,Pterodroma_ultima,0.0
Tatakoto,Pterodroma_ultima,0.0
Tauere,Pterodroma_ultima,0.0
Tekokota,Pterodroma_ultima,0.0
Temitangi,Pterodroma_ultima,0.0
Temoe,Pterodroma_ultima,2300.0
Tenararo,Pterodroma_ultima,40.0
Tenaruga,Pterodroma_ultima,0.0
Tepoto,Pterodroma_ultima,0.0
Teraina,Pterodroma_ultima,0.0
Tetiaroa,Pterodroma_ultima,0.0
Thiladhunmathi,Pterodroma_ultima,0.0
Tikehau,Pterodroma_ultima,0.0
Toau,Pterodroma_ultima,0.0
Tongareva,Pterodroma_ultima,0.0
Tuanake,Pterodroma_ultima,0.0
Tubbataha,Pterodroma_ultima,0.0
Tupai,Pterodroma_ultima,0.0
Tureia,Pterodroma_ultima,0.0
Ujae,Pterodroma_ultima,0.0
Ujelang,Pterodroma_ultima,0.0
Ulithi,Pterodroma_ultima,0.0
Utirik,Pterodroma_ultima,0.0
Vahanga,Pterodroma_ultima,20.0
Vahitahi,Pterodroma_ultima,0.0
Vairaatea,Pterodroma_ultima,0.0
Vaitupu,Pterodroma_ultima,0.0
Vanavana,Pterodroma_ultima,0.0
Vattaru,Pterodroma_ultima,0.0
Wailagilala,Pterodroma_ultima,0.0
Wake,Pterodroma_ultima,0.0
West_Fayu,Pterodroma_ultima,0.0
Woleai,Pterodroma_ultima,0.0
Wotho,Pterodroma_ultima,0.0
Wotje,Pterodroma_ultima,0.0
Abaiang,Phoebastria_immutabilis,0.0
Abariringa,Phoebastria_immutabilis,0.0
Abemama,Phoebastria_immutabilis,0.0
Addu,Phoebastria_immutabilis,0.0
Ahe,Phoebastria_immutabilis,0.0
Ahunui,Phoebastria_immutabilis,0.0
Ailinginae,Phoebastria_immutabilis,0.0
Ailinglaplap,Phoebastria_immutabilis,0.0
Ailuk,Phoebastria_immutabilis,0.0
Aldabra,Phoebastria_immutabilis,0.0
Alphonse,Phoebastria_immutabilis,0.0
Amanu,Phoebastria_immutabilis,0.0
Anaa,Phoebastria_immutabilis,0.0
Analtin,Phoebastria_immutabilis,0.0
Ant,Phoebastria_immutabilis,0.0
Anuanuraro,Phoebastria_immutabilis,0.0
Anuanurunga,Phoebastria_immutabilis,0.0
Apataki,Phoebastria_immutabilis,0.0
Aranuka,Phoebastria_immutabilis,0.0
Aratika,Phoebastria_immutabilis,0.0
Ari,Phoebastria_immutabilis,0.0
Arno,Phoebastria_immutabilis,0.0
Arutua,Phoebastria_immutabilis,0.0
Astove,Phoebastria_immutabilis,0.0
Atafu,Phoebastria_immutabilis,0.0
Aur,Phoebastria_immutabilis,0.0
Awin,Phoebastria_immutabilis,0.0
Bangaram,Phoebastria_immutabilis,0.0
Beautemps-Beaupre,Phoebastria_immutabilis,0.0
Bellona,Phoebastria_immutabilis,0.0
Beru,Phoebastria_immutabilis,0.0
Bikar,Phoebastria_immutabilis,0.0
Bikini,Phoebastria_immutabilis,0.0
Birnie,Phoebastria_immutabilis,0.0
Bitra_Par,Phoebastria_immutabilis,0.0
Bokaak,Phoebastria_immutabilis,0.0
Bramble_Haven,Phoebastria_immutabilis,0.0
Budibudi,Phoebastria_immutabilis,0.0
Butaritari,Phoebastria_immutabilis,0.0
Byramgore,Phoebastria_immutabilis,0.0
Caroline,Phoebastria_immutabilis,0.0
Cherbaniani,Phoebastria_immutabilis,0.0
Chesterfield,Phoebastria_immutabilis,0.0
Chetlat,Phoebastria_immutabilis,0.0
Clipperton,Phoebastria_immutabilis,0.0
Cocos,Phoebastria_immutabilis,0.0
Conflict,Phoebastria_immutabilis,0.0
Cosmoledo,Phoebastria_immutabilis,0.0
Diego_Garcia,Phoebastria_immutabilis,0.0
Ducie,Phoebastria_immutabilis,0.0
Eauripik,Phoebastria_immutabilis,0.0
Ebon,Phoebastria_immutabilis,0.0
Egmont,Phoebastria_immutabilis,0.0
Egum,Phoebastria_immutabilis,0.0
Elato,Phoebastria_immutabilis,0.0
Enderbury,Phoebastria_immutabilis,0.0
Eniwetok,Phoebastria_immutabilis,0.0
Erikub,Phoebastria_immutabilis,0.0
Etal,Phoebastria_immutabilis,0.0
Europa,Phoebastria_immutabilis,0.0
Faadhippolhu,Phoebastria_immutabilis,0.0
Faaite,Phoebastria_immutabilis,0.0
Fakahina,Phoebastria_immutabilis,0.0
Fakaofo,Phoebastria_immutabilis,0.0
Fakarava,Phoebastria_immutabilis,0.0
Fangatau,Phoebastria_immutabilis,0.0
Fangataufa,Phoebastria_immutabilis,0.0
Faraulep,Phoebastria_immutabilis,0.0
Farquhar,Phoebastria_immutabilis,0.0
Felidhu,Phoebastria_immutabilis,0.0
French_Frigate_Shoals,Phoebastria_immutabilis,6200.0
Funafuti,Phoebastria_immutabilis,0.0
Gaafaru,Phoebastria_immutabilis,0.0
Glorioso,Phoebastria_immutabilis,0.0
Great_Chagos_Bank,Phoebastria_immutabilis,0.0
Haddhunmathi,Phoebastria_immutabilis,0.0
Hao,Phoebastria_immutabilis,0.0
Haraiki,Phoebastria_immutabilis,0.0
Helen,Phoebastria_immutabilis,0.0
Hereheretui,Phoebastria_immutabilis,0.0
Hikueru,Phoebastria_immutabilis,0.0
Hiti,Phoebastria_immutabilis,0.0
Huon,Phoebastria_immutabilis,0.0
Huvadhu,Phoebastria_immutabilis,0.0
Ifalik,Phoebastria_immutabilis,0.0
Ihavandhippolu,Phoebastria_immutabilis,0.0
Jaluit,Phoebastria_immutabilis,0.0
Jemo,Phoebastria_immutabilis,0.0
Johnston,Phoebastria_immutabilis,0.0
Kademat,Phoebastria_immutabilis,0.0
Kalpeni,Phoebastria_immutabilis,0.0
Kapingamarangi,Phoebastria_immutabilis,0.0
Katiu,Phoebastria_immutabilis,0.0
Kauehi,Phoebastria_immutabilis,0.0
Kaukura,Phoebastria_immutabilis,0.0
Kavaratti,Phoebastria_immutabilis,0.0
Kilinailau,Phoebastria_immutabilis,0.0
Kiltan,Phoebastria_immutabilis,0.0
Kiritimati,Phoebastria_immutabilis,0.0
Kolhumadulu,Phoebastria_immutabilis,0.0
Kuop,Phoebastria_immutabilis,0.0
Kure,Phoebastria_immutabilis,50000.0
Kuria,Phoebastria_immutabilis,0.0
Kwajalein,Phoebastria_immutabilis,0.0
Lae,Phoebastria_immutabilis,0.0
Lamotrek,Phoebastria_immutabilis,0.0
Laualau,Phoebastria_immutabilis,0.0
Laysan,Phoebastria_immutabilis,280000.0
Lib,Phoebastria_immutabilis,0.0
Likiep,Phoebastria_immutabilis,0.0
Liot,Phoebastria_immutabilis,0.0
Lisianski,Phoebastria_immutabilis,53000.0
Long_Reef,Phoebastria_immutabilis,0.0
Losap,Phoebastria_immutabilis,0.0
Lukunor,Phoebastria_immutabilis,0.0
Maalhosmadulu,Phoebastria_immutabilis,0.0
Maiana,Phoebastria_immutabilis,0.0
Majuro,Phoebastria_immutabilis,0.0
Makemo,Phoebastria_immutabilis,0.0
Makunudhoo,Phoebastria_immutabilis,0.0
Malden,Phoebastria_immutabilis,0.0
Maloelap,Phoebastria_immutabilis,0.0
Malum,Phoebastria_immutabilis,0.0
Manihi,Phoebastria_immutabilis,0.0
Manihiki,Phoebastria_immutabilis,0.0
Manra,Phoebastria_immutabilis,0.0
Manuae,Phoebastria_immutabilis,0.0
Manuhangi,Phoebastria_immutabilis,0.0
Marakei,Phoebastria_immutabilis,0.0
Maria,Phoebastria_immutabilis,0.0
Maria_Est,Phoebastria_immutabilis,0.0
Marokau,Phoebastria_immutabilis,0.0
Marutea_Nord,Phoebastria_immutabilis,0.0
Marutea_Sud,Phoebastria_immutabilis,0.0
Mataiva,Phoebastria_immutabilis,0.0
Matureivavao,Phoebastria_immutabilis,0.0
Maupihaa,Phoebastria_immutabilis,0.0
McKean,Phoebastria_immutabilis,0.0
Midway,Phoebastria_immutabilis,1200000.0
Miladhunmadulu,Phoebastria_immutabilis,0.0
Mili,Phoebastria_immutabilis,0.0
Minicoy,Phoebastria_immutabilis,0.0
Mokil,Phoebastria_immutabilis,0.0
Morane,Phoebastria_immutabilis,0.0
Moruroa,Phoebastria_immutabilis,0.0
Motu_One,Phoebastria_immutabilis,0.0
Motutunga,Phoebastria_immutabilis,0.0
Mulaku,Phoebastria_immutabilis,0.0
Murilo,Phoebastria_immutabilis,0.0
Namoluk,Phoebastria_immutabilis,0.0
Namonuito,Phoebastria_immutabilis,0.0
Namorik,Phoebastria_immutabilis,0.0
Namu,Phoebastria_immutabilis,0.0
Nanumanga,Phoebastria_immutabilis,0.0
Nanumea,Phoebastria_immutabilis,0.0
Napuka,Phoebastria_immutabilis,0.0
Nengonengo,Phoebastria_immutabilis,0.0
Ngcheangel,Phoebastria_immutabilis,0.0
Ngulu,Phoebastria_immutabilis,0.0
Niau,Phoebastria_immutabilis,0.0
Nihiru,Phoebastria_immutabilis,0.0
Nikumaroro,Phoebastria_immutabilis,0.0
Nikunau,Phoebastria_immutabilis,0.0
Ninigo,Phoebastria_immutabilis,0.0
Niutao,Phoebastria_immutabilis,0.0
Nomwin,Phoebastria_immutabilis,0.0
Nonouti,Phoebastria_immutabilis,0.0
North_Male,Phoebastria_immutabilis,0.0
North_Nilandhe,Phoebastria_immutabilis,0.0
Nuguria,Phoebastria_immutabilis,0.0
Nui,Phoebastria_immutabilis,0.0
Nukapu,Phoebastria_immutabilis,0.0
Nukufetau,Phoebastria_immutabilis,0.0
Nukulaelae,Phoebastria_immutabilis,0.0
Nukumanu,Phoebastria_immutabilis,0.0
Nukumbasanga,Phoebastria_immutabilis,0.0
Nukunonu,Phoebastria_immutabilis,0.0
Nukuoro,Phoebastria_immutabilis,0.0
Nukutepipi,Phoebastria_immutabilis,0.0
Numa_Miombilou,Phoebastria_immutabilis,0.0
Nupani,Phoebastria_immutabilis,0.0
Oeno,Phoebastria_immutabilis,0.0
Olimarao,Phoebastria_immutabilis,0.0
Onotoa,Phoebastria_immutabilis,0.0
Ontong_Java,Phoebastria_immutabilis,0.0
Oroluk,Phoebastria_immutabilis,0.0
Orona,Phoebastria_immutabilis,0.0
Pakin,Phoebastria_immutabilis,0.0
Palmerston,Phoebastria_immutabilis,0.0
Palmyra,Phoebastria_immutabilis,0.0
Paraoa,Phoebastria_immutabilis,0.0
Pearl_and_Hermes,Phoebastria_immutabilis,14000.0
Peremul_Par,Phoebastria_immutabilis,0.0
Peros_Banhos,Phoebastria_immutabilis,0.0
Pinaki,Phoebastria_immutabilis,0.0
Pingelap,Phoebastria_immutabilis,0.0
Pinipel,Phoebastria_immutabilis,0.0
Pukapuka,Phoebastria_immutabilis,0.0
Puka-Puka,Phoebastria_immutabilis,0.0
Pukarua,Phoebastria_immutabilis,0.0
Pulap,Phoebastria_immutabilis,0.0
Pulusuk,Phoebastria_immutabilis,0.0
Puluwat,Phoebastria_immutabilis,0.0
Qelelevu,Phoebastria_immutabilis,0.0
Rakahanga,Phoebastria_immutabilis,0.0
Rangiroa,Phoebastria_immutabilis,0.0
Raraka,Phoebastria_immutabilis,0.0
Raroia,Phoebastria_immutabilis,0.0
Rasdhoo,Phoebastria_immutabilis,0.0
Ravahere,Phoebastria_immutabilis,0.0
Rawaki,Phoebastria_immutabilis,0.0
Reao,Phoebastria_immutabilis,0.0
Redlick,Phoebastria_immutabilis,0.0
Reitoru,Phoebastria_immutabilis,0.0
Rekareka,Phoebastria_immutabilis,0.0
Rongelap,Phoebastria_immutabilis,0.0
Rongerik,Phoebastria_immutabilis,0.0
Rose,Phoebastria_immutabilis,0.0
Rowa,Phoebastria_immutabilis,0.0
Saloman,Phoebastria_immutabilis,0.0
Sama,Phoebastria_immutabilis,0.0
Samasuma,Phoebastria_immutabilis,0.0
Sapwuahfik,Phoebastria_immutabilis,0.0
Satawan,Phoebastria_immutabilis,0.0
Scilly,Phoebastria_immutabilis,0.0
Sorol,Phoebastria_immutabilis,0.0
South_Maalhosmadulu,Phoebastria_immutabilis,0.0
South_Nilandhe,Phoebastria_immutabilis,0.0
St_Francois,Phoebastria_immutabilis,0.0
St_Joseph,Phoebastria_immutabilis,0.0
Starbuck,Phoebastria_immutabilis,0.0
Suheli_Par,Phoebastria_immutabilis,0.0
Surprise,Phoebastria_immutabilis,0.0
Suwarrow,Phoebastria_immutabilis,0.0
Swains,Phoebastria_immutabilis,0.0
Tabiteuea,Phoebastria_immutabilis,0.0
Tabuaeran,Phoebastria_immutabilis,0.0
Taenga,Phoebastria_immutabilis,0.0
Tahanea,Phoebastria_immutabilis,0.0
Taiaro,Phoebastria_immutabilis,0.0
Taka,Phoebastria_immutabilis,0.0
Takapoto,Phoebastria_immutabilis,0.0
Takaroa,Phoebastria_immutabilis,0.0
Takume,Phoebastria_immutabilis,0.0
Takuu,Phoebastria_immutabilis,0.0
Tarawa,Phoebastria_immutabilis,0.0
Tatakoto,Phoebastria_immutabilis,0.0
Tauere,Phoebastria_immutabilis,0.0
Tekokota,Phoebastria_immutabilis,0.0
Temitangi,Phoebastria_immutabilis,0.0
Temoe,Phoebastria_immutabilis,0.0
Tenararo,Phoebastria_immutabilis,0.0
Tenaruga,Phoebastria_immutabilis,0.0
Tepoto,Phoebastria_immutabilis,0.0
Teraina,Phoebastria_immutabilis,0.0
Tetiaroa,Phoebastria_immutabilis,0.0
Thiladhunmathi,Phoebastria_immutabilis,0.0
Tikehau,Phoebastria_immutabilis,0.0
Toau,Phoebastria_immutabilis,0.0
Tongareva,Phoebastria_immutabilis,0.0
Tuanake,Phoebastria_immutabilis,0.0
Tubbataha,Phoebastria_immutabilis,0.0
Tupai,Phoebastria_immutabilis,0.0
Tureia,Phoebastria_immutabilis,0.0
Ujae,Phoebastria_immutabilis,0.0
Ujelang,Phoebastria_immutabilis,0.0
Ulithi,Phoebastria_immutabilis,0.0
Utirik,Phoebastria_immutabilis,0.0
Vahanga,Phoebastria_immutabilis,0.0
Vahitahi,Phoebastria_immutabilis,0.0
Vairaatea,Phoebastria_immutabilis,0.0
Vaitupu,Phoebastria_immutabilis,0.0
Vanavana,Phoebastria_immutabilis,0.0
Vattaru,Phoebastria_immutabilis,0.0
Wailagilala,Phoebastria_immutabilis,0.0
Wake,Phoebastria_immutabilis,2.0
West_Fayu,Phoebastria_immutabilis,0.0
Woleai,Phoebastria_immutabilis,0.0
Wotho,Phoebastria_immutabilis,0.0
Wotje,Phoebastria_immutabilis,0.0
Abaiang,Phoebastria_nigripes,0.0
Abariringa,Phoebastria_nigripes,0.0
Abemama,Phoebastria_nigripes,0.0
Addu,Phoebastria_nigripes,0.0
Ahe,Phoebastria_nigripes,0.0
Ahunui,Phoebastria_nigripes,0.0
Ailinginae,Phoebastria_nigripes,0.0
Ailinglaplap,Phoebastria_nigripes,0.0
Ailuk,Phoebastria_nigripes,0.0
Aldabra,Phoebastria_nigripes,0.0
Alphonse,Phoebastria_nigripes,0.0
Amanu,Phoebastria_nigripes,0.0
Anaa,Phoebastria_nigripes,0.0
Analtin,Phoebastria_nigripes,0.0
Ant,Phoebastria_nigripes,0.0
Anuanuraro,Phoebastria_nigripes,0.0
Anuanurunga,Phoebastria_nigripes,0.0
Apataki,Phoebastria_nigripes,0.0
Aranuka,Phoebastria_nigripes,0.0
Aratika,Phoebastria_nigripes,0.0
Ari,Phoebastria_nigripes,0.0
Arno,Phoebastria_nigripes,0.0
Arutua,Phoebastria_nigripes,0.0
Astove,Phoebastria_nigripes,0.0
Atafu,Phoebastria_nigripes,0.0
Aur,Phoebastria_nigripes,0.0
Awin,Phoebastria_nigripes,0.0
Bangaram,Phoebastria_nigripes,0.0
Beautemps-Beaupre,Phoebastria_nigripes,0.0
Bellona,Phoebastria_nigripes,0.0
Beru,Phoebastria_nigripes,0.0
Bikar,Phoebastria_nigripes,0.0
Bikini,Phoebastria_nigripes,0.0
Birnie,Phoebastria_nigripes,0.0
Bitra_Par,Phoebastria_nigripes,0.0
Bokaak,Phoebastria_nigripes,0.0
Bramble_Haven,Phoebastria_nigripes,0.0
Budibudi,Phoebastria_nigripes,0.0
Butaritari,Phoebastria_nigripes,0.0
Byramgore,Phoebastria_nigripes,0.0
Caroline,Phoebastria_nigripes,0.0
Cherbaniani,Phoebastria_nigripes,0.0
Chesterfield,Phoebastria_nigripes,0.0
Chetlat,Phoebastria_nigripes,0.0
Clipperton,Phoebastria_nigripes,0.0
Cocos,Phoebastria_nigripes,0.0
Conflict,Phoebastria_nigripes,0.0
Cosmoledo,Phoebastria_nigripes,0.0
Diego_Garcia,Phoebastria_nigripes,0.0
Ducie,Phoebastria_nigripes,0.0
Eauripik,Phoebastria_nigripes,0.0
Ebon,Phoebastria_nigripes,0.0
Egmont,Phoebastria_nigripes,0.0
Egum,Phoebastria_nigripes,0.0
Elato,Phoebastria_nigripes,0.0
Enderbury,Phoebastria_nigripes,0.0
Eniwetok,Phoebastria_nigripes,0.0
Erikub,Phoebastria_nigripes,0.0
Etal,Phoebastria_nigripes,0.0
Europa,Phoebastria_nigripes,0.0
Faadhippolhu,Phoebastria_nigripes,0.0
Faaite,Phoebastria_nigripes,0.0
Fakahina,Phoebastria_nigripes,0.0
Fakaofo,Phoebastria_nigripes,0.0
Fakarava,Phoebastria_nigripes,0.0
Fangatau,Phoebastria_nigripes,0.0
Fangataufa,Phoebastria_nigripes,0.0
Faraulep,Phoebastria_nigripes,0.0
Farquhar,Phoebastria_nigripes,0.0
Felidhu,Phoebastria_nigripes,0.0
French_Frigate_Shoals,Phoebastria_nigripes,10000.0
Funafuti,Phoebastria_nigripes,0.0
Gaafaru,Phoebastria_nigripes,0.0
Glorioso,Phoebastria_nigripes,0.0
Great_Chagos_Bank,Phoebastria_nigripes,0.0
Haddhunmathi,Phoebastria_nigripes,0.0
Hao,Phoebastria_nigripes,0.0
Haraiki,Phoebastria_nigripes,0.0
Helen,Phoebastria_nigripes,0.0
Hereheretui,Phoebastria_nigripes,0.0
Hikueru,Phoebastria_nigripes,0.0
Hiti,Phoebastria_nigripes,0.0
Huon,Phoebastria_nigripes,0.0
Huvadhu,Phoebastria_nigripes,0.0
Ifalik,Phoebastria_nigripes,0.0
Ihavandhippolu,Phoebastria_nigripes,0.0
Jaluit,Phoebastria_nigripes,0.0
Jemo,Phoebastria_nigripes,0.0
Johnston,Phoebastria_nigripes,0.0
Kademat,Phoebastria_nigripes,0.0
Kalpeni,Phoebastria_nigripes,0.0
Kapingamarangi,Phoebastria_nigripes,0.0
Katiu,Phoebastria_nigripes,0.0
Kauehi,Phoebastria_nigripes,0.0
Kaukura,Phoebastria_nigripes,0.0
Kavaratti,Phoebastria_nigripes,0.0
Kilinailau,Phoebastria_nigripes,0.0
Kiltan,Phoebastria_nigripes,0.0
Kiritimati,Phoebastria_nigripes,0.0
Kolhumadulu,Phoebastria_nigripes,0.0
Kuop,Phoebastria_nigripes,0.0
Kure,Phoebastria_nigripes,7000.0
Kuria,Phoebastria_nigripes,0.0
Kwajalein,Phoebastria_nigripes,0.0
Lae,Phoebastria_nigripes,0.0
Lamotrek,Phoebastria_nigripes,0.0
Laualau,Phoebastria_nigripes,0.0
Laysan,Phoebastria_nigripes,46000.0
Lib,Phoebastria_nigripes,0.0
Likiep,Phoebastria_nigripes,0.0
Liot,Phoebastria_nigripes,0.0
Lisianski,Phoebastria_nigripes,4200.0
Long_Reef,Phoebastria_nigripes,0.0
Losap,Phoebastria_nigripes,0.0
Lukunor,Phoebastria_nigripes,0.0
Maalhosmadulu,Phoebastria_nigripes,0.0
Maiana,Phoebastria_nigripes,0.0
Majuro,Phoebastria_nigripes,0.0
Makemo,Phoebastria_nigripes,0.0
Makunudhoo,Phoebastria_nigripes,0.0
Malden,Phoebastria_nigripes,0.0
Maloelap,Phoebastria_nigripes,0.0
Malum,Phoebastria_nigripes,0.0
Manihi,Phoebastria_nigripes,0.0
Manihiki,Phoebastria_nigripes,0.0
Manra,Phoebastria_nigripes,0.0
Manuae,Phoebastria_nigripes,0.0
Manuhangi,Phoebastria_nigripes,0.0
Marakei,Phoebastria_nigripes,0.0
Maria,Phoebastria_nigripes,0.0
Maria_Est,Phoebastria_nigripes,0.0
Marokau,Phoebastria_nigripes,0.0
Marutea_Nord,Phoebastria_nigripes,0.0
Marutea_Sud,Phoebastria_nigripes,0.0
Mataiva,Phoebastria_nigripes,0.0
Matureivavao,Phoebastria_nigripes,0.0
Maupihaa,Phoebastria_nigripes,0.0
McKean,Phoebastria_nigripes,0.0
Midway,Phoebastria_nigripes,56000.0
Miladhunmadulu,Phoebastria_nigripes,0.0
Mili,Phoebastria_nigripes,0.0
Minicoy,Phoebastria_nigripes,0.0
Mokil,Phoebastria_nigripes,0.0
Morane,Phoebastria_nigripes,0.0
Moruroa,Phoebastria_nigripes,0.0
Motu_One,Phoebastria_nigripes,0.0
Motutunga,Phoebastria_nigripes,0.0
Mulaku,Phoebastria_nigripes,0.0
Murilo,Phoebastria_nigripes,0.0
Namoluk,Phoebastria_nigripes,0.0
Namonuito,Phoebastria_nigripes,0.0
Namorik,Phoebastria_nigripes,0.0
Namu,Phoebastria_nigripes,0.0
Nanumanga,Phoebastria_nigripes,0.0
Nanumea,Phoebastria_nigripes,0.0
Napuka,Phoebastria_nigripes,0.0
Nengonengo,Phoebastria_nigripes,0.0
Ngcheangel,Phoebastria_nigripes,0.0
Ngulu,Phoebastria_nigripes,0.0
Niau,Phoebastria_nigripes,0.0
Nihiru,Phoebastria_nigripes,0.0
Nikumaroro,Phoebastria_nigripes,0.0
Nikunau,Phoebastria_nigripes,0.0
Ninigo,Phoebastria_nigripes,0.0
Niutao,Phoebastria_nigripes,0.0
Nomwin,Phoebastria_nigripes,0.0
Nonouti,Phoebastria_nigripes,0.0
North_Male,Phoebastria_nigripes,0.0
North_Nilandhe,Phoebastria_nigripes,0.0
Nuguria,Phoebastria_nigripes,0.0
Nui,Phoebastria_nigripes,0.0
Nukapu,Phoebastria_nigripes,0.0
Nukufetau,Phoebastria_nigripes,0.0
Nukulaelae,Phoebastria_nigripes,0.0
Nukumanu,Phoebastria_nigripes,0.0
Nukumbasanga,Phoebastria_nigripes,0.0
Nukunonu,Phoebastria_nigripes,0.0
Nukuoro,Phoebastria_nigripes,0.0
Nukutepipi,Phoebastria_nigripes,0.0
Numa_Miombilou,Phoebastria_nigripes,0.0
Nupani,Phoebastria_nigripes,0.0
Oeno,Phoebastria_nigripes,0.0
Olimarao,Phoebastria_nigripes,0.0
Onotoa,Phoebastria_nigripes,0.0
Ontong_Java,Phoebastria_nigripes,0.0
Oroluk,Phoebastria_nigripes,0.0
Orona,Phoebastria_nigripes,0.0
Pakin,Phoebastria_nigripes,0.0
Palmerston,Phoebastria_nigripes,0.0
Palmyra,Phoebastria_nigripes,0.0
Paraoa,Phoebastria_nigripes,0.0
Pearl_and_Hermes,Phoebastria_nigripes,12200.0
Peremul_Par,Phoebastria_nigripes,0.0
Peros_Banhos,Phoebastria_nigripes,0.0
Pinaki,Phoebastria_nigripes,0.0
Pingelap,Phoebastria_nigripes,0.0
Pinipel,Phoebastria_nigripes,0.0
Pukapuka,Phoebastria_nigripes,0.0
Puka-Puka,Phoebastria_nigripes,0.0
Pukarua,Phoebastria_nigripes,0.0
Pulap,Phoebastria_nigripes,0.0
Pulusuk,Phoebastria_nigripes,0.0
Puluwat,Phoebastria_nigripes,0.0
Qelelevu,Phoebastria_nigripes,0.0
Rakahanga,Phoebastria_nigripes,0.0
Rangiroa,Phoebastria_nigripes,0.0
Raraka,Phoebastria_nigripes,0.0
Raroia,Phoebastria_nigripes,0.0
Rasdhoo,Phoebastria_nigripes,0.0
Ravahere,Phoebastria_nigripes,0.0
Rawaki,Phoebastria_nigripes,0.0
Reao,Phoebastria_nigripes,0.0
Redlick,Phoebastria_nigripes,0.0
Reitoru,Phoebastria_nigripes,0.0
Rekareka,Phoebastria_nigripes,0.0
Rongelap,Phoebastria_nigripes,0.0
Rongerik,Phoebastria_nigripes,0.0
Rose,Phoebastria_nigripes,0.0
Rowa,Phoebastria_nigripes,0.0
Saloman,Phoebastria_nigripes,0.0
Sama,Phoebastria_nigripes,0.0
Samasuma,Phoebastria_nigripes,0.0
Sapwuahfik,Phoebastria_nigripes,0.0
Satawan,Phoebastria_nigripes,0.0
Scilly,Phoebastria_nigripes,0.0
Sorol,Phoebastria_nigripes,0.0
South_Maalhosmadulu,Phoebastria_nigripes,0.0
South_Nilandhe,Phoebastria_nigripes,0.0
St_Francois,Phoebastria_nigripes,0.0
St_Joseph,Phoebastria_nigripes,0.0
Starbuck,Phoebastria_nigripes,0.0
Suheli_Par,Phoebastria_nigripes,0.0
Surprise,Phoebastria_nigripes,0.0
Suwarrow,Phoebastria_nigripes,0.0
Swains,Phoebastria_nigripes,0.0
Tabiteuea,Phoebastria_nigripes,0.0
Tabuaeran,Phoebastria_nigripes,0.0
Taenga,Phoebastria_nigripes,0.0
Tahanea,Phoebastria_nigripes,0.0
Taiaro,Phoebastria_nigripes,0.0
Taka,Phoebastria_nigripes,0.0
Takapoto,Phoebastria_nigripes,0.0
Takaroa,Phoebastria_nigripes,0.0
Takume,Phoebastria_nigripes,0.0
Takuu,Phoebastria_nigripes,0.0
Tarawa,Phoebastria_nigripes,0.0
Tatakoto,Phoebastria_nigripes,0.0
Tauere,Phoebastria_nigripes,0.0
Tekokota,Phoebastria_nigripes,0.0
Temitangi,Phoebastria_nigripes,0.0
Temoe,Phoebastria_nigripes,0.0
Tenararo,Phoebastria_nigripes,0.0
Tenaruga,Phoebastria_nigripes,0.0
Tepoto,Phoebastria_nigripes,0.0
Teraina,Phoebastria_nigripes,0.0
Tetiaroa,Phoebastria_nigripes,0.0
Thiladhunmathi,Phoebastria_nigripes,0.0
Tikehau,Phoebastria_nigripes,0.0
Toau,Phoebastria_nigripes,0.0
Tongareva,Phoebastria_nigripes,0.0
Tuanake,Phoebastria_nigripes,0.0
Tubbataha,Phoebastria_nigripes,0.0
Tupai,Phoebastria_nigripes,0.0
Tureia,Phoebastria_nigripes,0.0
Ujae,Phoebastria_nigripes,0.0
Ujelang,Phoebastria_nigripes,0.0
Ulithi,Phoebastria_nigripes,0.0
Utirik,Phoebastria_nigripes,0.0
Vahanga,Phoebastria_nigripes,0.0
Vahitahi,Phoebastria_nigripes,0.0
Vairaatea,Phoebastria_nigripes,0.0
Vaitupu,Phoebastria_nigripes,0.0
Vanavana,Phoebastria_nigripes,0.0
Vattaru,Phoebastria_nigripes,0.0
Wailagilala,Phoebastria_nigripes,0.0
Wake,Phoebastria_nigripes,2.0
West_Fayu,Phoebastria_nigripes,0.0
Woleai,Phoebastria_nigripes,0.0
Wotho,Phoebastria_nigripes,0.0
Wotje,Phoebastria_nigripes,0.0
Abaiang,Hydrobates_tristrami,0.0
Abariringa,Hydrobates_tristrami,0.0
Abemama,Hydrobates_tristrami,0.0
Addu,Hydrobates_tristrami,0.0
Ahe,Hydrobates_tristrami,0.0
Ahunui,Hydrobates_tristrami,0.0
Ailinginae,Hydrobates_tristrami,0.0
Ailinglaplap,Hydrobates_tristrami,0.0
Ailuk,Hydrobates_tristrami,0.0
Aldabra,Hydrobates_tristrami,0.0
Alphonse,Hydrobates_tristrami,0.0
Amanu,Hydrobates_tristrami,0.0
Anaa,Hydrobates_tristrami,0.0
Analtin,Hydrobates_tristrami,0.0
Ant,Hydrobates_tristrami,0.0
Anuanuraro,Hydrobates_tristrami,0.0
Anuanurunga,Hydrobates_tristrami,0.0
Apataki,Hydrobates_tristrami,0.0
Aranuka,Hydrobates_tristrami,0.0
Aratika,Hydrobates_tristrami,0.0
Ari,Hydrobates_tristrami,0.0
Arno,Hydrobates_tristrami,0.0
Arutua,Hydrobates_tristrami,0.0
Astove,Hydrobates_tristrami,0.0
Atafu,Hydrobates_tristrami,0.0
Aur,Hydrobates_tristrami,0.0
Awin,Hydrobates_tristrami,0.0
Bangaram,Hydrobates_tristrami,0.0
Beautemps-Beaupre,Hydrobates_tristrami,0.0
Bellona,Hydrobates_tristrami,0.0
Beru,Hydrobates_tristrami,0.0
Bikar,Hydrobates_tristrami,0.0
Bikini,Hydrobates_tristrami,0.0
Birnie,Hydrobates_tristrami,0.0
Bitra_Par,Hydrobates_tristrami,0.0
Bokaak,Hydrobates_tristrami,0.0
Bramble_Haven,Hydrobates_tristrami,0.0
Budibudi,Hydrobates_tristrami,0.0
Butaritari,Hydrobates_tristrami,0.0
Byramgore,Hydrobates_tristrami,0.0
Caroline,Hydrobates_tristrami,0.0
Cherbaniani,Hydrobates_tristrami,0.0
Chesterfield,Hydrobates_tristrami,0.0
Chetlat,Hydrobates_tristrami,0.0
Clipperton,Hydrobates_tristrami,0.0
Cocos,Hydrobates_tristrami,0.0
Conflict,Hydrobates_tristrami,0.0
Cosmoledo,Hydrobates_tristrami,0.0
Diego_Garcia,Hydrobates_tristrami,0.0
Ducie,Hydrobates_tristrami,0.0
Eauripik,Hydrobates_tristrami,0.0
Ebon,Hydrobates_tristrami,0.0
Egmont,Hydrobates_tristrami,0.0
Egum,Hydrobates_tristrami,0.0
Elato,Hydrobates_tristrami,0.0
Enderbury,Hydrobates_tristrami,0.0
Eniwetok,Hydrobates_tristrami,0.0
Erikub,Hydrobates_tristrami,0.0
Etal,Hydrobates_tristrami,0.0
Europa,Hydrobates_tristrami,0.0
Faadhippolhu,Hydrobates_tristrami,0.0
Faaite,Hydrobates_tristrami,0.0
Fakahina,Hydrobates_tristrami,0.0
Fakaofo,Hydrobates_tristrami,0.0
Fakarava,Hydrobates_tristrami,0.0
Fangatau,Hydrobates_tristrami,0.0
Fangataufa,Hydrobates_tristrami,0.0
Faraulep,Hydrobates_tristrami,0.0
Farquhar,Hydrobates_tristrami,0.0
Felidhu,Hydrobates_tristrami,0.0
French_Frigate_Shoals,Hydrobates_tristrami,500.0
Funafuti,Hydrobates_tristrami,0.0
Gaafaru,Hydrobates_tristrami,0.0
Glorioso,Hydrobates_tristrami,0.0
Great_Chagos_Bank,Hydrobates_tristrami,0.0
Haddhunmathi,Hydrobates_tristrami,0.0
Hao,Hydrobates_tristrami,0.0
Haraiki,Hydrobates_tristrami,0.0
Helen,Hydrobates_tristrami,0.0
Hereheretui,Hydrobates_tristrami,0.0
Hikueru,Hydrobates_tristrami,0.0
Hiti,Hydrobates_tristrami,0.0
Huon,Hydrobates_tristrami,0.0
Huvadhu,Hydrobates_tristrami,0.0
Ifalik,Hydrobates_tristrami,0.0
Ihavandhippolu,Hydrobates_tristrami,0.0
Jaluit,Hydrobates_tristrami,0.0
Jemo,Hydrobates_tristrami,0.0
Johnston,Hydrobates_tristrami,0.0
Kademat,Hydrobates_tristrami,0.0
Kalpeni,Hydrobates_tristrami,0.0
Kapingamarangi,Hydrobates_tristrami,0.0
Katiu,Hydrobates_tristrami,0.0
Kauehi,Hydrobates_tristrami,0.0
Kaukura,Hydrobates_tristrami,0.0
Kavaratti,Hydrobates_tristrami,0.0
Kilinailau,Hydrobates_tristrami,0.0
Kiltan,Hydrobates_tristrami,0.0
Kiritimati,Hydrobates_tristrami,0.0
Kolhumadulu,Hydrobates_tristrami,0.0
Kuop,Hydrobates_tristrami,0.0
Kure,Hydrobates_tristrami,80.0
Kuria,Hydrobates_tristrami,0.0
Kwajalein,Hydrobates_tristrami,0.0
Lae,Hydrobates_tristrami,0.0
Lamotrek,Hydrobates_tristrami,0.0
Laualau,Hydrobates_tristrami,0.0
Laysan,Hydrobates_tristrami,4000.0
Lib,Hydrobates_tristrami,0.0
Likiep,Hydrobates_tristrami,0.0
Liot,Hydrobates_tristrami,0.0
Lisianski,Hydrobates_tristrami,0.0
Long_Reef,Hydrobates_tristrami,0.0
Losap,Hydrobates_tristrami,0.0
Lukunor,Hydrobates_tristrami,0.0
Maalhosmadulu,Hydrobates_tristrami,0.0
Maiana,Hydrobates_tristrami,0.0
Majuro,Hydrobates_tristrami,0.0
Makemo,Hydrobates_tristrami,0.0
Makunudhoo,Hydrobates_tristrami,0.0
Malden,Hydrobates_tristrami,0.0
Maloelap,Hydrobates_tristrami,0.0
Malum,Hydrobates_tristrami,0.0
Manihi,Hydrobates_tristrami,0.0
Manihiki,Hydrobates_tristrami,0.0
Manra,Hydrobates_tristrami,0.0
Manuae,Hydrobates_tristrami,0.0
Manuhangi,Hydrobates_tristrami,0.0
Marakei,Hydrobates_tristrami,0.0
Maria,Hydrobates_tristrami,0.0
Maria_Est,Hydrobates_tristrami,0.0
Marokau,Hydrobates_tristrami,0.0
Marutea_Nord,Hydrobates_tristrami,0.0
Marutea_Sud,Hydrobates_tristrami,0.0
Mataiva,Hydrobates_tristrami,0.0
Matureivavao,Hydrobates_tristrami,0.0
Maupihaa,Hydrobates_tristrami,0.0
McKean,Hydrobates_tristrami,0.0
Midway,Hydrobates_tristrami,100.0
Miladhunmadulu,Hydrobates_tristrami,0.0
Mili,Hydrobates_tristrami,0.0
Minicoy,Hydrobates_tristrami,0.0
Mokil,Hydrobates_tristrami,0.0
Morane,Hydrobates_tristrami,0.0
Moruroa,Hydrobates_tristrami,0.0
Motu_One,Hydrobates_tristrami,0.0
Motutunga,Hydrobates_tristrami,0.0
Mulaku,Hydrobates_tristrami,0.0
Murilo,Hydrobates_tristrami,0.0
Namoluk,Hydrobates_tristrami,0.0
Namonuito,Hydrobates_tristrami,0.0
Namorik,Hydrobates_tristrami,0.0
Namu,Hydrobates_tristrami,0.0
Nanumanga,Hydrobates_tristrami,0.0
Nanumea,Hydrobates_tristrami,0.0
Napuka,Hydrobates_tristrami,0.0
Nengonengo,Hydrobates_tristrami,0.0
Ngcheangel,Hydrobates_tristrami,0.0
Ngulu,Hydrobates_tristrami,0.0
Niau,Hydrobates_tristrami,0.0
Nihiru,Hydrobates_tristrami,0.0
Nikumaroro,Hydrobates_tristrami,0.0
Nikunau,Hydrobates_tristrami,0.0
Ninigo,Hydrobates_tristrami,0.0
Niutao,Hydrobates_tristrami,0.0
Nomwin,Hydrobates_tristrami,0.0
Nonouti,Hydrobates_tristrami,0.0
North_Male,Hydrobates_tristrami,0.0
North_Nilandhe,Hydrobates_tristrami,0.0
Nuguria,Hydrobates_tristrami,0.0
Nui,Hydrobates_tristrami,0.0
Nukapu,Hydrobates_tristrami,0.0
Nukufetau,Hydrobates_tristrami,0.0
Nukulaelae,Hydrobates_tristrami,0.0
Nukumanu,Hydrobates_tristrami,0.0
Nukumbasanga,Hydrobates_tristrami,0.0
Nukunonu,Hydrobates_tristrami,0.0
Nukuoro,Hydrobates_tristrami,0.0
Nukutepipi,Hydrobates_tristrami,0.0
Numa_Miombilou,Hydrobates_tristrami,0.0
Nupani,Hydrobates_tristrami,0.0
Oeno,Hydrobates_tristrami,0.0
Olimarao,Hydrobates_tristrami,0.0
Onotoa,Hydrobates_tristrami,0.0
Ontong_Java,Hydrobates_tristrami,0.0
Oroluk,Hydrobates_tristrami,0.0
Orona,Hydrobates_tristrami,0.0
Pakin,Hydrobates_tristrami,0.0
Palmerston,Hydrobates_tristrami,0.0
Palmyra,Hydrobates_tristrami,0.0
Paraoa,Hydrobates_tristrami,0.0
Pearl_and_Hermes,Hydrobates_tristrami,1000.0
Peremul_Par,Hydrobates_tristrami,0.0
Peros_Banhos,Hydrobates_tristrami,0.0
Pinaki,Hydrobates_tristrami,0.0
Pingelap,Hydrobates_tristrami,0.0
Pinipel,Hydrobates_tristrami,0.0
Pukapuka,Hydrobates_tristrami,0.0
Puka-Puka,Hydrobates_tristrami,0.0
Pukarua,Hydrobates_tristrami,0.0
Pulap,Hydrobates_tristrami,0.0
Pulusuk,Hydrobates_tristrami,0.0
Puluwat,Hydrobates_tristrami,0.0
Qelelevu,Hydrobates_tristrami,0.0
Rakahanga,Hydrobates_tristrami,0.0
Rangiroa,Hydrobates_tristrami,0.0
Raraka,Hydrobates_tristrami,0.0
Raroia,Hydrobates_tristrami,0.0
Rasdhoo,Hydrobates_tristrami,0.0
Ravahere,Hydrobates_tristrami,0.0
Rawaki,Hydrobates_tristrami,0.0
Reao,Hydrobates_tristrami,0.0
Redlick,Hydrobates_tristrami,0.0
Reitoru,Hydrobates_tristrami,0.0
Rekareka,Hydrobates_tristrami,0.0
Rongelap,Hydrobates_tristrami,0.0
Rongerik,Hydrobates_tristrami,0.0
Rose,Hydrobates_tristrami,0.0
Rowa,Hydrobates_tristrami,0.0
Saloman,Hydrobates_tristrami,0.0
Sama,Hydrobates_tristrami,0.0
Samasuma,Hydrobates_tristrami,0.0
Sapwuahfik,Hydrobates_tristrami,0.0
Satawan,Hydrobates_tristrami,0.0
Scilly,Hydrobates_tristrami,0.0
Sorol,Hydrobates_tristrami,0.0
South_Maalhosmadulu,Hydrobates_tristrami,0.0
South_Nilandhe,Hydrobates_tristrami,0.0
St_Francois,Hydrobates_tristrami,0.0
St_Joseph,Hydrobates_tristrami,0.0
Starbuck,Hydrobates_tristrami,0.0
Suheli_Par,Hydrobates_tristrami,0.0
Surprise,Hydrobates_tristrami,0.0
Suwarrow,Hydrobates_tristrami,0.0
Swains,Hydrobates_tristrami,0.0
Tabiteuea,Hydrobates_tristrami,0.0
Tabuaeran,Hydrobates_tristrami,0.0
Taenga,Hydrobates_tristrami,0.0
Tahanea,Hydrobates_tristrami,0.0
Taiaro,Hydrobates_tristrami,0.0
Taka,Hydrobates_tristrami,0.0
Takapoto,Hydrobates_tristrami,0.0
Takaroa,Hydrobates_tristrami,0.0
Takume,Hydrobates_tristrami,0.0
Takuu,Hydrobates_tristrami,0.0
Tarawa,Hydrobates_tristrami,0.0
Tatakoto,Hydrobates_tristrami,0.0
Tauere,Hydrobates_tristrami,0.0
Tekokota,Hydrobates_tristrami,0.0
Temitangi,Hydrobates_tristrami,0.0
Temoe,Hydrobates_tristrami,0.0
Tenararo,Hydrobates_tristrami,0.0
Tenaruga,Hydrobates_tristrami,0.0
Tepoto,Hydrobates_tristrami,0.0
Teraina,Hydrobates_tristrami,0.0
Tetiaroa,Hydrobates_tristrami,0.0
Thiladhunmathi,Hydrobates_tristrami,0.0
Tikehau,Hydrobates_tristrami,0.0
Toau,Hydrobates_tristrami,0.0
Tongareva,Hydrobates_tristrami,0.0
Tuanake,Hydrobates_tristrami,0.0
Tubbataha,Hydrobates_tristrami,0.0
Tupai,Hydrobates_tristrami,0.0
Tureia,Hydrobates_tristrami,0.0
Ujae,Hydrobates_tristrami,0.0
Ujelang,Hydrobates_tristrami,0.0
Ulithi,Hydrobates_tristrami,0.0
Utirik,Hydrobates_tristrami,0.0
Vahanga,Hydrobates_tristrami,0.0
Vahitahi,Hydrobates_tristrami,0.0
Vairaatea,Hydrobates_tristrami,0.0
Vaitupu,Hydrobates_tristrami,0.0
Vanavana,Hydrobates_tristrami,0.0
Vattaru,Hydrobates_tristrami,0.0
Wailagilala,Hydrobates_tristrami,0.0
Wake,Hydrobates_tristrami,0.0
West_Fayu,Hydrobates_tristrami,0.0
Woleai,Hydrobates_tristrami,0.0
Wotho,Hydrobates_tristrami,0.0
Wotje,Hydrobates_tristrami,0.0
Abaiang,Pterodroma_hypoleuca,0.0
Abariringa,Pterodroma_hypoleuca,0.0
Abemama,Pterodroma_hypoleuca,0.0
Addu,Pterodroma_hypoleuca,0.0
Ahe,Pterodroma_hypoleuca,0.0
Ahunui,Pterodroma_hypoleuca,0.0
Ailinginae,Pterodroma_hypoleuca,0.0
Ailinglaplap,Pterodroma_hypoleuca,0.0
Ailuk,Pterodroma_hypoleuca,0.0
Aldabra,Pterodroma_hypoleuca,0.0
Alphonse,Pterodroma_hypoleuca,0.0
Amanu,Pterodroma_hypoleuca,0.0
Anaa,Pterodroma_hypoleuca,0.0
Analtin,Pterodroma_hypoleuca,0.0
Ant,Pterodroma_hypoleuca,0.0
Anuanuraro,Pterodroma_hypoleuca,0.0
Anuanurunga,Pterodroma_hypoleuca,0.0
Apataki,Pterodroma_hypoleuca,0.0
Aranuka,Pterodroma_hypoleuca,0.0
Aratika,Pterodroma_hypoleuca,0.0
Ari,Pterodroma_hypoleuca,0.0
Arno,Pterodroma_hypoleuca,0.0
Arutua,Pterodroma_hypoleuca,0.0
Astove,Pterodroma_hypoleuca,0.0
Atafu,Pterodroma_hypoleuca,0.0
Aur,Pterodroma_hypoleuca,0.0
Awin,Pterodroma_hypoleuca,0.0
Bangaram,Pterodroma_hypoleuca,0.0
Beautemps-Beaupre,Pterodroma_hypoleuca,0.0
Bellona,Pterodroma_hypoleuca,0.0
Beru,Pterodroma_hypoleuca,0.0
Bikar,Pterodroma_hypoleuca,0.0
Bikini,Pterodroma_hypoleuca,0.0
Birnie,Pterodroma_hypoleuca,0.0
Bitra_Par,Pterodroma_hypoleuca,0.0
Bokaak,Pterodroma_hypoleuca,0.0
Bramble_Haven,Pterodroma_hypoleuca,0.0
Budibudi,Pterodroma_hypoleuca,0.0
Butaritari,Pterodroma_hypoleuca,0.0
Byramgore,Pterodroma_hypoleuca,0.0
Caroline,Pterodroma_hypoleuca,0.0
Cherbaniani,Pterodroma_hypoleuca,0.0
Chesterfield,Pterodroma_hypoleuca,0.0
Chetlat,Pterodroma_hypoleuca,0.0
Clipperton,Pterodroma_hypoleuca,0.0
Cocos,Pterodroma_hypoleuca,0.0
Conflict,Pterodroma_hypoleuca,0.0
Cosmoledo,Pterodroma_hypoleuca,0.0
Diego_Garcia,Pterodroma_hypoleuca,0.0
Ducie,Pterodroma_hypoleuca,0.0
Eauripik,Pterodroma_hypoleuca,0.0
Ebon,Pterodroma_hypoleuca,0.0
Egmont,Pterodroma_hypoleuca,0.0
Egum,Pterodroma_hypoleuca,0.0
Elato,Pterodroma_hypoleuca,0.0
Enderbury,Pterodroma_hypoleuca,0.0
Eniwetok,Pterodroma_hypoleuca,0.0
Erikub,Pterodroma_hypoleuca,0.0
Etal,Pterodroma_hypoleuca,0.0
Europa,Pterodroma_hypoleuca,0.0
Faadhippolhu,Pterodroma_hypoleuca,0.0
Faaite,Pterodroma_hypoleuca,0.0
Fakahina,Pterodroma_hypoleuca,0.0
Fakaofo,Pterodroma_hypoleuca,0.0
Fakarava,Pterodroma_hypoleuca,0.0
Fangatau,Pterodroma_hypoleuca,0.0
Fangataufa,Pterodroma_hypoleuca,0.0
Faraulep,Pterodroma_hypoleuca,0.0
Farquhar,Pterodroma_hypoleuca,0.0
Felidhu,Pterodroma_hypoleuca,0.0
French_Frigate_Shoals,Pterodroma_hypoleuca,750.0
Funafuti,Pterodroma_hypoleuca,0.0
Gaafaru,Pterodroma_hypoleuca,0.0
Glorioso,Pterodroma_hypoleuca,0.0
Great_Chagos_Bank,Pterodroma_hypoleuca,0.0
Haddhunmathi,Pterodroma_hypoleuca,0.0
Hao,Pterodroma_hypoleuca,0.0
Haraiki,Pterodroma_hypoleuca,0.0
Helen,Pterodroma_hypoleuca,0.0
Hereheretui,Pterodroma_hypoleuca,0.0
Hikueru,Pterodroma_hypoleuca,0.0
Hiti,Pterodroma_hypoleuca,0.0
Huon,Pterodroma_hypoleuca,0.0
Huvadhu,Pterodroma_hypoleuca,0.0
Ifalik,Pterodroma_hypoleuca,0.0
Ihavandhippolu,Pterodroma_hypoleuca,0.0
Jaluit,Pterodroma_hypoleuca,0.0
Jemo,Pterodroma_hypoleuca,0.0
Johnston,Pterodroma_hypoleuca,0.0
Kademat,Pterodroma_hypoleuca,0.0
Kalpeni,Pterodroma_hypoleuca,0.0
Kapingamarangi,Pterodroma_hypoleuca,0.0
Katiu,Pterodroma_hypoleuca,0.0
Kauehi,Pterodroma_hypoleuca,0.0
Kaukura,Pterodroma_hypoleuca,0.0
Kavaratti,Pterodroma_hypoleuca,0.0
Kilinailau,Pterodroma_hypoleuca,0.0
Kiltan,Pterodroma_hypoleuca,0.0
Kiritimati,Pterodroma_hypoleuca,0.0
Kolhumadulu,Pterodroma_hypoleuca,0.0
Kuop,Pterodroma_hypoleuca,0.0
Kure,Pterodroma_hypoleuca,1200.0
Kuria,Pterodroma_hypoleuca,0.0
Kwajalein,Pterodroma_hypoleuca,0.0
Lae,Pterodroma_hypoleuca,0.0
Lamotrek,Pterodroma_hypoleuca,0.0
Laualau,Pterodroma_hypoleuca,0.0
Laysan,Pterodroma_hypoleuca,140000.0
Lib,Pterodroma_hypoleuca,0.0
Likiep,Pterodroma_hypoleuca,0.0
Liot,Pterodroma_hypoleuca,0.0
Lisianski,Pterodroma_hypoleuca,400000.0
Long_Reef,Pterodroma_hypoleuca,0.0
Losap,Pterodroma_hypoleuca,0.0
Lukunor,Pterodroma_hypoleuca,0.0
Maalhosmadulu,Pterodroma_hypoleuca,0.0
Maiana,Pterodroma_hypoleuca,0.0
Majuro,Pterodroma_hypoleuca,0.0
Makemo,Pterodroma_hypoleuca,0.0
Makunudhoo,Pterodroma_hypoleuca,0.0
Malden,Pterodroma_hypoleuca,0.0
Maloelap,Pterodroma_hypoleuca,0.0
Malum,Pterodroma_hypoleuca,0.0
Manihi,Pterodroma_hypoleuca,0.0
Manihiki,Pterodroma_hypoleuca,0.0
Manra,Pterodroma_hypoleuca,0.0
Manuae,Pterodroma_hypoleuca,0.0
Manuhangi,Pterodroma_hypoleuca,0.0
Marakei,Pterodroma_hypoleuca,0.0
Maria,Pterodroma_hypoleuca,0.0
Maria_Est,Pterodroma_hypoleuca,0.0
Marokau,Pterodroma_hypoleuca,0.0
Marutea_Nord,Pterodroma_hypoleuca,0.0
Marutea_Sud,Pterodroma_hypoleuca,0.0
Mataiva,Pterodroma_hypoleuca,0.0
Matureivavao,Pterodroma_hypoleuca,0.0
Maupihaa,Pterodroma_hypoleuca,0.0
McKean,Pterodroma_hypoleuca,0.0
Midway,Pterodroma_hypoleuca,300000.0
Miladhunmadulu,Pterodroma_hypoleuca,0.0
Mili,Pterodroma_hypoleuca,0.0
Minicoy,Pterodroma_hypoleuca,0.0
Mokil,Pterodroma_hypoleuca,0.0
Morane,Pterodroma_hypoleuca,0.0
Moruroa,Pterodroma_hypoleuca,0.0
Motu_One,Pterodroma_hypoleuca,0.0
Motutunga,Pterodroma_hypoleuca,0.0
Mulaku,Pterodroma_hypoleuca,0.0
Murilo,Pterodroma_hypoleuca,0.0
Namoluk,Pterodroma_hypoleuca,0.0
Namonuito,Pterodroma_hypoleuca,0.0
Namorik,Pterodroma_hypoleuca,0.0
Namu,Pterodroma_hypoleuca,0.0
Nanumanga,Pterodroma_hypoleuca,0.0
Nanumea,Pterodroma_hypoleuca,0.0
Napuka,Pterodroma_hypoleuca,0.0
Nengonengo,Pterodroma_hypoleuca,0.0
Ngcheangel,Pterodroma_hypoleuca,0.0
Ngulu,Pterodroma_hypoleuca,0.0
Niau,Pterodroma_hypoleuca,0.0
Nihiru,Pterodroma_hypoleuca,0.0
Nikumaroro,Pterodroma_hypoleuca,0.0
Nikunau,Pterodroma_hypoleuca,0.0
Ninigo,Pterodroma_hypoleuca,0.0
Niutao,Pterodroma_hypoleuca,0.0
Nomwin,Pterodroma_hypoleuca,0.0
Nonouti,Pterodroma_hypoleuca,0.0
North_Male,Pterodroma_hypoleuca,0.0
North_Nilandhe,Pterodroma_hypoleuca,0.0
Nuguria,Pterodroma_hypoleuca,0.0
Nui,Pterodroma_hypoleuca,0.0
Nukapu,Pterodroma_hypoleuca,0.0
Nukufetau,Pterodroma_hypoleuca,0.0
Nukulaelae,Pterodroma_hypoleuca,0.0
Nukumanu,Pterodroma_hypoleuca,0.0
Nukumbasanga,Pterodroma_hypoleuca,0.0
Nukunonu,Pterodroma_hypoleuca,0.0
Nukuoro,Pterodroma_hypoleuca,0.0
Nukutepipi,Pterodroma_hypoleuca,0.0
Numa_Miombilou,Pterodroma_hypoleuca,0.0
Nupani,Pterodroma_hypoleuca,0.0
Oeno,Pterodroma_hypoleuca,0.0
Olimarao,Pterodroma_hypoleuca,0.0
Onotoa,Pterodroma_hypoleuca,0.0
Ontong_Java,Pterodroma_hypoleuca,0.0
Oroluk,Pterodroma_hypoleuca,0.0
Orona,Pterodroma_hypoleuca,0.0
Pakin,Pterodroma_hypoleuca,0.0
Palmerston,Pterodroma_hypoleuca,0.0
Palmyra,Pterodroma_hypoleuca,0.0
Paraoa,Pterodroma_hypoleuca,0.0
Pearl_and_Hermes,Pterodroma_hypoleuca,1000.0
Peremul_Par,Pterodroma_hypoleuca,0.0
Peros_Banhos,Pterodroma_hypoleuca,0.0
Pinaki,Pterodroma_hypoleuca,0.0
Pingelap,Pterodroma_hypoleuca,0.0
Pinipel,Pterodroma_hypoleuca,0.0
Pukapuka,Pterodroma_hypoleuca,0.0
Puka-Puka,Pterodroma_hypoleuca,0.0
Pukarua,Pterodroma_hypoleuca,0.0
Pulap,Pterodroma_hypoleuca,0.0
Pulusuk,Pterodroma_hypoleuca,0.0
Puluwat,Pterodroma_hypoleuca,0.0
Qelelevu,Pterodroma_hypoleuca,0.0
Rakahanga,Pterodroma_hypoleuca,0.0
Rangiroa,Pterodroma_hypoleuca,0.0
Raraka,Pterodroma_hypoleuca,0.0
Raroia,Pterodroma_hypoleuca,0.0
Rasdhoo,Pterodroma_hypoleuca,0.0
Ravahere,Pterodroma_hypoleuca,0.0
Rawaki,Pterodroma_hypoleuca,0.0
Reao,Pterodroma_hypoleuca,0.0
Redlick,Pterodroma_hypoleuca,0.0
Reitoru,Pterodroma_hypoleuca,0.0
Rekareka,Pterodroma_hypoleuca,0.0
Rongelap,Pterodroma_hypoleuca,0.0
Rongerik,Pterodroma_hypoleuca,0.0
Rose,Pterodroma_hypoleuca,0.0
Rowa,Pterodroma_hypoleuca,0.0
Saloman,Pterodroma_hypoleuca,0.0
Sama,Pterodroma_hypoleuca,0.0
Samasuma,Pterodroma_hypoleuca,0.0
Sapwuahfik,Pterodroma_hypoleuca,0.0
Satawan,Pterodroma_hypoleuca,0.0
Scilly,Pterodroma_hypoleuca,0.0
Sorol,Pterodroma_hypoleuca,0.0
South_Maalhosmadulu,Pterodroma_hypoleuca,0.0
South_Nilandhe,Pterodroma_hypoleuca,0.0
St_Francois,Pterodroma_hypoleuca,0.0
St_Joseph,Pterodroma_hypoleuca,0.0
Starbuck,Pterodroma_hypoleuca,0.0
Suheli_Par,Pterodroma_hypoleuca,0.0
Surprise,Pterodroma_hypoleuca,0.0
Suwarrow,Pterodroma_hypoleuca,0.0
Swains,Pterodroma_hypoleuca,0.0
Tabiteuea,Pterodroma_hypoleuca,0.0
Tabuaeran,Pterodroma_hypoleuca,0.0
Taenga,Pterodroma_hypoleuca,0.0
Tahanea,Pterodroma_hypoleuca,0.0
Taiaro,Pterodroma_hypoleuca,0.0
Taka,Pterodroma_hypoleuca,0.0
Takapoto,Pterodroma_hypoleuca,0.0
Takaroa,Pterodroma_hypoleuca,0.0
Takume,Pterodroma_hypoleuca,0.0
Takuu,Pterodroma_hypoleuca,0.0
Tarawa,Pterodroma_hypoleuca,0.0
Tatakoto,Pterodroma_hypoleuca,0.0
Tauere,Pterodroma_hypoleuca,0.0
Tekokota,Pterodroma_hypoleuca,0.0
Temitangi,Pterodroma_hypoleuca,0.0
Temoe,Pterodroma_hypoleuca,0.0
Tenararo,Pterodroma_hypoleuca,0.0
Tenaruga,Pterodroma_hypoleuca,0.0
Tepoto,Pterodroma_hypoleuca,0.0
Teraina,Pterodroma_hypoleuca,0.0
Tetiaroa,Pterodroma_hypoleuca,0.0
Thiladhunmathi,Pterodroma_hypoleuca,0.0
Tikehau,Pterodroma_hypoleuca,0.0
Toau,Pterodroma_hypoleuca,0.0
Tongareva,Pterodroma_hypoleuca,0.0
Tuanake,Pterodroma_hypoleuca,0.0
Tubbataha,Pterodroma_hypoleuca,0.0
Tupai,Pterodroma_hypoleuca,0.0
Tureia,Pterodroma_hypoleuca,0.0
Ujae,Pterodroma_hypoleuca,0.0
Ujelang,Pterodroma_hypoleuca,0.0
Ulithi,Pterodroma_hypoleuca,0.0
Utirik,Pterodroma_hypoleuca,0.0
Vahanga,Pterodroma_hypoleuca,0.0
Vahitahi,Pterodroma_hypoleuca,0.0
Vairaatea,Pterodroma_hypoleuca,0.0
Vaitupu,Pterodroma_hypoleuca,0.0
Vanavana,Pterodroma_hypoleuca,0.0
Vattaru,Pterodroma_hypoleuca,0.0
Wailagilala,Pterodroma_hypoleuca,0.0
Wake,Pterodroma_hypoleuca,0.0
West_Fayu,Pterodroma_hypoleuca,0.0
Woleai,Pterodroma_hypoleuca,0.0
Wotho,Pterodroma_hypoleuca,0.0
Wotje,Pterodroma_hypoleuca,0.0
Abaiang,Bulweria_bulwerii,0.0
Abariringa,Bulweria_bulwerii,0.0
Abemama,Bulweria_bulwerii,0.0
Addu,Bulweria_bulwerii,0.0
Ahe,Bulweria_bulwerii,0.0
Ahunui,Bulweria_bulwerii,0.0
Ailinginae,Bulweria_bulwerii,0.0
Ailinglaplap,Bulweria_bulwerii,0.0
Ailuk,Bulweria_bulwerii,0.0
Aldabra,Bulweria_bulwerii,0.0
Alphonse,Bulweria_bulwerii,0.0
Amanu,Bulweria_bulwerii,0.0
Anaa,Bulweria_bulwerii,0.0
Analtin,Bulweria_bulwerii,0.0
Ant,Bulweria_bulwerii,0.0
Anuanuraro,Bulweria_bulwerii,0.0
Anuanurunga,Bulweria_bulwerii,0.0
Apataki,Bulweria_bulwerii,0.0
Aranuka,Bulweria_bulwerii,0.0
Aratika,Bulweria_bulwerii,0.0
Ari,Bulweria_bulwerii,0.0
Arno,Bulweria_bulwerii,0.0
Arutua,Bulweria_bulwerii,0.0
Astove,Bulweria_bulwerii,0.0
Atafu,Bulweria_bulwerii,0.0
Aur,Bulweria_bulwerii,0.0
Awin,Bulweria_bulwerii,0.0
Bangaram,Bulweria_bulwerii,0.0
Beautemps-Beaupre,Bulweria_bulwerii,0.0
Bellona,Bulweria_bulwerii,0.0
Beru,Bulweria_bulwerii,0.0
Bikar,Bulweria_bulwerii,0.0
Bikini,Bulweria_bulwerii,0.0
Birnie,Bulweria_bulwerii,0.0
Bitra_Par,Bulweria_bulwerii,0.0
Bokaak,Bulweria_bulwerii,0.0
Bramble_Haven,Bulweria_bulwerii,0.0
Budibudi,Bulweria_bulwerii,0.0
Butaritari,Bulweria_bulwerii,0.0
Byramgore,Bulweria_bulwerii,0.0
Caroline,Bulweria_bulwerii,0.0
Cherbaniani,Bulweria_bulwerii,0.0
Chesterfield,Bulweria_bulwerii,0.0
Chetlat,Bulweria_bulwerii,0.0
Clipperton,Bulweria_bulwerii,0.0
Cocos,Bulweria_bulwerii,0.0
Conflict,Bulweria_bulwerii,0.0
Cosmoledo,Bulweria_bulwerii,0.0
Diego_Garcia,Bulweria_bulwerii,0.0
Ducie,Bulweria_bulwerii,0.0
Eauripik,Bulweria_bulwerii,0.0
Ebon,Bulweria_bulwerii,0.0
Egmont,Bulweria_bulwerii,0.0
Egum,Bulweria_bulwerii,0.0
Elato,Bulweria_bulwerii,0.0
Enderbury,Bulweria_bulwerii,0.0
Eniwetok,Bulweria_bulwerii,0.0
Erikub,Bulweria_bulwerii,0.0
Etal,Bulweria_bulwerii,0.0
Europa,Bulweria_bulwerii,0.0
Faadhippolhu,Bulweria_bulwerii,0.0
Faaite,Bulweria_bulwerii,0.0
Fakahina,Bulweria_bulwerii,0.0
Fakaofo,Bulweria_bulwerii,0.0
Fakarava,Bulweria_bulwerii,0.0
Fangatau,Bulweria_bulwerii,0.0
Fangataufa,Bulweria_bulwerii,0.0
Faraulep,Bulweria_bulwerii,0.0
Farquhar,Bulweria_bulwerii,0.0
Felidhu,Bulweria_bulwerii,0.0
French_Frigate_Shoals,Bulweria_bulwerii,200.0
Funafuti,Bulweria_bulwerii,0.0
Gaafaru,Bulweria_bulwerii,0.0
Glorioso,Bulweria_bulwerii,0.0
Great_Chagos_Bank,Bulweria_bulwerii,0.0
Haddhunmathi,Bulweria_bulwerii,0.0
Hao,Bulweria_bulwerii,0.0
Haraiki,Bulweria_bulwerii,0.0
Helen,Bulweria_bulwerii,0.0
Hereheretui,Bulweria_bulwerii,0.0
Hikueru,Bulweria_bulwerii,0.0
Hiti,Bulweria_bulwerii,0.0
Huon,Bulweria_bulwerii,0.0
Huvadhu,Bulweria_bulwerii,0.0
Ifalik,Bulweria_bulwerii,0.0
Ihavandhippolu,Bulweria_bulwerii,0.0
Jaluit,Bulweria_bulwerii,0.0
Jemo,Bulweria_bulwerii,0.0
Johnston,Bulweria_bulwerii,120.0
Kademat,Bulweria_bulwerii,0.0
Kalpeni,Bulweria_bulwerii,0.0
Kapingamarangi,Bulweria_bulwerii,0.0
Katiu,Bulweria_bulwerii,0.0
Kauehi,Bulweria_bulwerii,0.0
Kaukura,Bulweria_bulwerii,0.0
Kavaratti,Bulweria_bulwerii,0.0
Kilinailau,Bulweria_bulwerii,0.0
Kiltan,Bulweria_bulwerii,0.0
Kiritimati,Bulweria_bulwerii,0.0
Kolhumadulu,Bulweria_bulwerii,0.0
Kuop,Bulweria_bulwerii,0.0
Kure,Bulweria_bulwerii,20.0
Kuria,Bulweria_bulwerii,0.0
Kwajalein,Bulweria_bulwerii,0.0
Lae,Bulweria_bulwerii,0.0
Lamotrek,Bulweria_bulwerii,0.0
Laualau,Bulweria_bulwerii,0.0
Laysan,Bulweria_bulwerii,3000.0
Lib,Bulweria_bulwerii,0.0
Likiep,Bulweria_bulwerii,0.0
Liot,Bulweria_bulwerii,0.0
Lisianski,Bulweria_bulwerii,150.0
Long_Reef,Bulweria_bulwerii,0.0
Losap,Bulweria_bulwerii,0.0
Lukunor,Bulweria_bulwerii,0.0
Maalhosmadulu,Bulweria_bulwerii,0.0
Maiana,Bulweria_bulwerii,0.0
Majuro,Bulweria_bulwerii,0.0
Makemo,Bulweria_bulwerii,0.0
Makunudhoo,Bulweria_bulwerii,0.0
Malden,Bulweria_bulwerii,0.0
Maloelap,Bulweria_bulwerii,0.0
Malum,Bulweria_bulwerii,0.0
Manihi,Bulweria_bulwerii,0.0
Manihiki,Bulweria_bulwerii,0.0
Manra,Bulweria_bulwerii,0.0
Manuae,Bulweria_bulwerii,0.0
Manuhangi,Bulweria_bulwerii,0.0
Marakei,Bulweria_bulwerii,0.0
Maria,Bulweria_bulwerii,0.0
Maria_Est,Bulweria_bulwerii,0.0
Marokau,Bulweria_bulwerii,0.0
Marutea_Nord,Bulweria_bulwerii,0.0
Marutea_Sud,Bulweria_bulwerii,0.0
Mataiva,Bulweria_bulwerii,0.0
Matureivavao,Bulweria_bulwerii,0.0
Maupihaa,Bulweria_bulwerii,0.0
McKean,Bulweria_bulwerii,0.0
Midway,Bulweria_bulwerii,20.0
Miladhunmadulu,Bulweria_bulwerii,0.0
Mili,Bulweria_bulwerii,0.0
Minicoy,Bulweria_bulwerii,0.0
Mokil,Bulweria_bulwerii,0.0
Morane,Bulweria_bulwerii,0.0
Moruroa,Bulweria_bulwerii,0.0
Motu_One,Bulweria_bulwerii,0.0
Motutunga,Bulweria_bulwerii,0.0
Mulaku,Bulweria_bulwerii,0.0
Murilo,Bulweria_bulwerii,0.0
Namoluk,Bulweria_bulwerii,0.0
Namonuito,Bulweria_bulwerii,0.0
Namorik,Bulweria_bulwerii,0.0
Namu,Bulweria_bulwerii,0.0
Nanumanga,Bulweria_bulwerii,0.0
Nanumea,Bulweria_bulwerii,0.0
Napuka,Bulweria_bulwerii,0.0
Nengonengo,Bulweria_bulwerii,0.0
Ngcheangel,Bulweria_bulwerii,0.0
Ngulu,Bulweria_bulwerii,0.0
Niau,Bulweria_bulwerii,0.0
Nihiru,Bulweria_bulwerii,0.0
Nikumaroro,Bulweria_bulwerii,0.0
Nikunau,Bulweria_bulwerii,0.0
Ninigo,Bulweria_bulwerii,0.0
Niutao,Bulweria_bulwerii,0.0
Nomwin,Bulweria_bulwerii,0.0
Nonouti,Bulweria_bulwerii,0.0
North_Male,Bulweria_bulwerii,0.0
North_Nilandhe,Bulweria_bulwerii,0.0
Nuguria,Bulweria_bulwerii,0.0
Nui,Bulweria_bulwerii,0.0
Nukapu,Bulweria_bulwerii,0.0
Nukufetau,Bulweria_bulwerii,0.0
Nukulaelae,Bulweria_bulwerii,0.0
Nukumanu,Bulweria_bulwerii,0.0
Nukumbasanga,Bulweria_bulwerii,0.0
Nukunonu,Bulweria_bulwerii,0.0
Nukuoro,Bulweria_bulwerii,0.0
Nukutepipi,Bulweria_bulwerii,0.0
Numa_Miombilou,Bulweria_bulwerii,0.0
Nupani,Bulweria_bulwerii,0.0
Oeno,Bulweria_bulwerii,0.0
Olimarao,Bulweria_bulwerii,0.0
Onotoa,Bulweria_bulwerii,0.0
Ontong_Java,Bulweria_bulwerii,0.0
Oroluk,Bulweria_bulwerii,0.0
Orona,Bulweria_bulwerii,0.0
Pakin,Bulweria_bulwerii,0.0
Palmerston,Bulweria_bulwerii,0.0
Palmyra,Bulweria_bulwerii,0.0
Paraoa,Bulweria_bulwerii,0.0
Pearl_and_Hermes,Bulweria_bulwerii,20.0
Peremul_Par,Bulweria_bulwerii,0.0
Peros_Banhos,Bulweria_bulwerii,0.0
Pinaki,Bulweria_bulwerii,0.0
Pingelap,Bulweria_bulwerii,0.0
Pinipel,Bulweria_bulwerii,0.0
Pukapuka,Bulweria_bulwerii,0.0
Puka-Puka,Bulweria_bulwerii,0.0
Pukarua,Bulweria_bulwerii,0.0
Pulap,Bulweria_bulwerii,0.0
Pulusuk,Bulweria_bulwerii,0.0
Puluwat,Bulweria_bulwerii,0.0
Qelelevu,Bulweria_bulwerii,0.0
Rakahanga,Bulweria_bulwerii,0.0
Rangiroa,Bulweria_bulwerii,0.0
Raraka,Bulweria_bulwerii,0.0
Raroia,Bulweria_bulwerii,0.0
Rasdhoo,Bulweria_bulwerii,0.0
Ravahere,Bulweria_bulwerii,0.0
Rawaki,Bulweria_bulwerii,100.0
Reao,Bulweria_bulwerii,0.0
Redlick,Bulweria_bulwerii,0.0
Reitoru,Bulweria_bulwerii,0.0
Rekareka,Bulweria_bulwerii,0.0
Rongelap,Bulweria_bulwerii,0.0
Rongerik,Bulweria_bulwerii,0.0
Rose,Bulweria_bulwerii,0.0
Rowa,Bulweria_bulwerii,0.0
Saloman,Bulweria_bulwerii,0.0
Sama,Bulweria_bulwerii,0.0
Samasuma,Bulweria_bulwerii,0.0
Sapwuahfik,Bulweria_bulwerii,0.0
Satawan,Bulweria_bulwerii,0.0
Scilly,Bulweria_bulwerii,0.0
Sorol,Bulweria_bulwerii,0.0
South_Maalhosmadulu,Bulweria_bulwerii,0.0
South_Nilandhe,Bulweria_bulwerii,0.0
St_Francois,Bulweria_bulwerii,0.0
St_Joseph,Bulweria_bulwerii,0.0
Starbuck,Bulweria_bulwerii,0.0
Suheli_Par,Bulweria_bulwerii,0.0
Surprise,Bulweria_bulwerii,0.0
Suwarrow,Bulweria_bulwerii,0.0
Swains,Bulweria_bulwerii,0.0
Tabiteuea,Bulweria_bulwerii,0.0
Tabuaeran,Bulweria_bulwerii,0.0
Taenga,Bulweria_bulwerii,0.0
Tahanea,Bulweria_bulwerii,0.0
Taiaro,Bulweria_bulwerii,0.0
Taka,Bulweria_bulwerii,0.0
Takapoto,Bulweria_bulwerii,0.0
Takaroa,Bulweria_bulwerii,0.0
Takume,Bulweria_bulwerii,0.0
Takuu,Bulweria_bulwerii,0.0
Tarawa,Bulweria_bulwerii,0.0
Tatakoto,Bulweria_bulwerii,0.0
Tauere,Bulweria_bulwerii,0.0
Tekokota,Bulweria_bulwerii,0.0
Temitangi,Bulweria_bulwerii,0.0
Temoe,Bulweria_bulwerii,0.0
Tenararo,Bulweria_bulwerii,0.0
Tenaruga,Bulweria_bulwerii,0.0
Tepoto,Bulweria_bulwerii,0.0
Teraina,Bulweria_bulwerii,0.0
Tetiaroa,Bulweria_bulwerii,0.0
Thiladhunmathi,Bulweria_bulwerii,0.0
Tikehau,Bulweria_bulwerii,0.0
Toau,Bulweria_bulwerii,0.0
Tongareva,Bulweria_bulwerii,0.0
Tuanake,Bulweria_bulwerii,0.0
Tubbataha,Bulweria_bulwerii,0.0
Tupai,Bulweria_bulwerii,0.0
Tureia,Bulweria_bulwerii,0.0
Ujae,Bulweria_bulwerii,0.0
Ujelang,Bulweria_bulwerii,0.0
Ulithi,Bulweria_bulwerii,0.0
Utirik,Bulweria_bulwerii,0.0
Vahanga,Bulweria_bulwerii,0.0
Vahitahi,Bulweria_bulwerii,0.0
Vairaatea,Bulweria_bulwerii,0.0
Vaitupu,Bulweria_bulwerii,0.0
Vanavana,Bulweria_bulwerii,0.0
Vattaru,Bulweria_bulwerii,0.0
Wailagilala,Bulweria_bulwerii,0.0
Wake,Bulweria_bulwerii,0.0
West_Fayu,Bulweria_bulwerii,0.0
Woleai,Bulweria_bulwerii,0.0
Wotho,Bulweria_bulwerii,0.0
Wotje,Bulweria_bulwerii,0.0
Abaiang,Nesofregetta_fuliginosa,0.0
Abariringa,Nesofregetta_fuliginosa,0.0
Abemama,Nesofregetta_fuliginosa,0.0
Addu,Nesofregetta_fuliginosa,0.0
Ahe,Nesofregetta_fuliginosa,0.0
Ahunui,Nesofregetta_fuliginosa,0.0
Ailinginae,Nesofregetta_fuliginosa,0.0
Ailinglaplap,Nesofregetta_fuliginosa,0.0
Ailuk,Nesofregetta_fuliginosa,0.0
Aldabra,Nesofregetta_fuliginosa,0.0
Alphonse,Nesofregetta_fuliginosa,0.0
Amanu,Nesofregetta_fuliginosa,0.0
Anaa,Nesofregetta_fuliginosa,0.0
Analtin,Nesofregetta_fuliginosa,0.0
Ant,Nesofregetta_fuliginosa,0.0
Anuanuraro,Nesofregetta_fuliginosa,0.0
Anuanurunga,Nesofregetta_fuliginosa,0.0
Apataki,Nesofregetta_fuliginosa,0.0
Aranuka,Nesofregetta_fuliginosa,0.0
Aratika,Nesofregetta_fuliginosa,0.0
Ari,Nesofregetta_fuliginosa,0.0
Arno,Nesofregetta_fuliginosa,0.0
Arutua,Nesofregetta_fuliginosa,0.0
Astove,Nesofregetta_fuliginosa,0.0
Atafu,Nesofregetta_fuliginosa,0.0
Aur,Nesofregetta_fuliginosa,0.0
Awin,Nesofregetta_fuliginosa,0.0
Bangaram,Nesofregetta_fuliginosa,0.0
Beautemps-Beaupre,Nesofregetta_fuliginosa,0.0
Bellona,Nesofregetta_fuliginosa,0.0
Beru,Nesofregetta_fuliginosa,0.0
Bikar,Nesofregetta_fuliginosa,0.0
Bikini,Nesofregetta_fuliginosa,0.0
Birnie,Nesofregetta_fuliginosa,0.0
Bitra_Par,Nesofregetta_fuliginosa,0.0
Bokaak,Nesofregetta_fuliginosa,0.0
Bramble_Haven,Nesofregetta_fuliginosa,0.0
Budibudi,Nesofregetta_fuliginosa,0.0
Butaritari,Nesofregetta_fuliginosa,0.0
Byramgore,Nesofregetta_fuliginosa,0.0
Caroline,Nesofregetta_fuliginosa,0.0
Cherbaniani,Nesofregetta_fuliginosa,0.0
Chesterfield,Nesofregetta_fuliginosa,0.0
Chetlat,Nesofregetta_fuliginosa,0.0
Clipperton,Nesofregetta_fuliginosa,0.0
Cocos,Nesofregetta_fuliginosa,0.0
Conflict,Nesofregetta_fuliginosa,0.0
Cosmoledo,Nesofregetta_fuliginosa,0.0
Diego_Garcia,Nesofregetta_fuliginosa,0.0
Ducie,Nesofregetta_fuliginosa,0.0
Eauripik,Nesofregetta_fuliginosa,0.0
Ebon,Nesofregetta_fuliginosa,0.0
Egmont,Nesofregetta_fuliginosa,0.0
Egum,Nesofregetta_fuliginosa,0.0
Elato,Nesofregetta_fuliginosa,0.0
Enderbury,Nesofregetta_fuliginosa,0.0
Eniwetok,Nesofregetta_fuliginosa,0.0
Erikub,Nesofregetta_fuliginosa,0.0
Etal,Nesofregetta_fuliginosa,0.0
Europa,Nesofregetta_fuliginosa,0.0
Faadhippolhu,Nesofregetta_fuliginosa,0.0
Faaite,Nesofregetta_fuliginosa,0.0
Fakahina,Nesofregetta_fuliginosa,0.0
Fakaofo,Nesofregetta_fuliginosa,0.0
Fakarava,Nesofregetta_fuliginosa,0.0
Fangatau,Nesofregetta_fuliginosa,0.0
Fangataufa,Nesofregetta_fuliginosa,0.0
Faraulep,Nesofregetta_fuliginosa,0.0
Farquhar,Nesofregetta_fuliginosa,0.0
Felidhu,Nesofregetta_fuliginosa,0.0
French_Frigate_Shoals,Nesofregetta_fuliginosa,0.0
Funafuti,Nesofregetta_fuliginosa,0.0
Gaafaru,Nesofregetta_fuliginosa,0.0
Glorioso,Nesofregetta_fuliginosa,0.0
Great_Chagos_Bank,Nesofregetta_fuliginosa,0.0
Haddhunmathi,Nesofregetta_fuliginosa,0.0
Hao,Nesofregetta_fuliginosa,0.0
Haraiki,Nesofregetta_fuliginosa,0.0
Helen,Nesofregetta_fuliginosa,0.0
Hereheretui,Nesofregetta_fuliginosa,0.0
Hikueru,Nesofregetta_fuliginosa,0.0
Hiti,Nesofregetta_fuliginosa,0.0
Huon,Nesofregetta_fuliginosa,0.0
Huvadhu,Nesofregetta_fuliginosa,0.0
Ifalik,Nesofregetta_fuliginosa,0.0
Ihavandhippolu,Nesofregetta_fuliginosa,0.0
Jaluit,Nesofregetta_fuliginosa,0.0
Jemo,Nesofregetta_fuliginosa,0.0
Johnston,Nesofregetta_fuliginosa,0.0
Kademat,Nesofregetta_fuliginosa,0.0
Kalpeni,Nesofregetta_fuliginosa,0.0
Kapingamarangi,Nesofregetta_fuliginosa,0.0
Katiu,Nesofregetta_fuliginosa,0.0
Kauehi,Nesofregetta_fuliginosa,0.0
Kaukura,Nesofregetta_fuliginosa,0.0
Kavaratti,Nesofregetta_fuliginosa,0.0
Kilinailau,Nesofregetta_fuliginosa,0.0
Kiltan,Nesofregetta_fuliginosa,0.0
Kiritimati,Nesofregetta_fuliginosa,700.0
Kolhumadulu,Nesofregetta_fuliginosa,0.0
Kuop,Nesofregetta_fuliginosa,0.0
Kure,Nesofregetta_fuliginosa,0.0
Kuria,Nesofregetta_fuliginosa,0.0
Kwajalein,Nesofregetta_fuliginosa,0.0
Lae,Nesofregetta_fuliginosa,0.0
Lamotrek,Nesofregetta_fuliginosa,0.0
Laualau,Nesofregetta_fuliginosa,0.0
Laysan,Nesofregetta_fuliginosa,0.0
Lib,Nesofregetta_fuliginosa,0.0
Likiep,Nesofregetta_fuliginosa,0.0
Liot,Nesofregetta_fuliginosa,0.0
Lisianski,Nesofregetta_fuliginosa,0.0
Long_Reef,Nesofregetta_fuliginosa,0.0
Losap,Nesofregetta_fuliginosa,0.0
Lukunor,Nesofregetta_fuliginosa,0.0
Maalhosmadulu,Nesofregetta_fuliginosa,0.0
Maiana,Nesofregetta_fuliginosa,0.0
Majuro,Nesofregetta_fuliginosa,0.0
Makemo,Nesofregetta_fuliginosa,0.0
Makunudhoo,Nesofregetta_fuliginosa,0.0
Malden,Nesofregetta_fuliginosa,0.0
Maloelap,Nesofregetta_fuliginosa,0.0
Malum,Nesofregetta_fuliginosa,0.0
Manihi,Nesofregetta_fuliginosa,0.0
Manihiki,Nesofregetta_fuliginosa,0.0
Manra,Nesofregetta_fuliginosa,0.0
Manuae,Nesofregetta_fuliginosa,0.0
Manuhangi,Nesofregetta_fuliginosa,0.0
Marakei,Nesofregetta_fuliginosa,0.0
Maria,Nesofregetta_fuliginosa,0.0
Maria_Est,Nesofregetta_fuliginosa,0.0
Marokau,Nesofregetta_fuliginosa,0.0
Marutea_Nord,Nesofregetta_fuliginosa,0.0
Marutea_Sud,Nesofregetta_fuliginosa,0.0
Mataiva,Nesofregetta_fuliginosa,0.0
Matureivavao,Nesofregetta_fuliginosa,0.0
Maupihaa,Nesofregetta_fuliginosa,0.0
McKean,Nesofregetta_fuliginosa,20.0
Midway,Nesofregetta_fuliginosa,0.0
Miladhunmadulu,Nesofregetta_fuliginosa,0.0
Mili,Nesofregetta_fuliginosa,0.0
Minicoy,Nesofregetta_fuliginosa,0.0
Mokil,Nesofregetta_fuliginosa,0.0
Morane,Nesofregetta_fuliginosa,0.0
Moruroa,Nesofregetta_fuliginosa,0.0
Motu_One,Nesofregetta_fuliginosa,0.0
Motutunga,Nesofregetta_fuliginosa,0.0
Mulaku,Nesofregetta_fuliginosa,0.0
Murilo,Nesofregetta_fuliginosa,0.0
Namoluk,Nesofregetta_fuliginosa,0.0
Namonuito,Nesofregetta_fuliginosa,0.0
Namorik,Nesofregetta_fuliginosa,0.0
Namu,Nesofregetta_fuliginosa,0.0
Nanumanga,Nesofregetta_fuliginosa,0.0
Nanumea,Nesofregetta_fuliginosa,0.0
Napuka,Nesofregetta_fuliginosa,0.0
Nengonengo,Nesofregetta_fuliginosa,0.0
Ngcheangel,Nesofregetta_fuliginosa,0.0
Ngulu,Nesofregetta_fuliginosa,0.0
Niau,Nesofregetta_fuliginosa,0.0
Nihiru,Nesofregetta_fuliginosa,0.0
Nikumaroro,Nesofregetta_fuliginosa,0.0
Nikunau,Nesofregetta_fuliginosa,0.0
Ninigo,Nesofregetta_fuliginosa,0.0
Niutao,Nesofregetta_fuliginosa,0.0
Nomwin,Nesofregetta_fuliginosa,0.0
Nonouti,Nesofregetta_fuliginosa,0.0
North_Male,Nesofregetta_fuliginosa,0.0
North_Nilandhe,Nesofregetta_fuliginosa,0.0
Nuguria,Nesofregetta_fuliginosa,0.0
Nui,Nesofregetta_fuliginosa,0.0
Nukapu,Nesofregetta_fuliginosa,0.0
Nukufetau,Nesofregetta_fuliginosa,0.0
Nukulaelae,Nesofregetta_fuliginosa,0.0
Nukumanu,Nesofregetta_fuliginosa,0.0
Nukumbasanga,Nesofregetta_fuliginosa,0.0
Nukunonu,Nesofregetta_fuliginosa,0.0
Nukuoro,Nesofregetta_fuliginosa,0.0
Nukutepipi,Nesofregetta_fuliginosa,0.0
Numa_Miombilou,Nesofregetta_fuliginosa,0.0
Nupani,Nesofregetta_fuliginosa,0.0
Oeno,Nesofregetta_fuliginosa,0.0
Olimarao,Nesofregetta_fuliginosa,0.0
Onotoa,Nesofregetta_fuliginosa,0.0
Ontong_Java,Nesofregetta_fuliginosa,0.0
Oroluk,Nesofregetta_fuliginosa,0.0
Orona,Nesofregetta_fuliginosa,0.0
Pakin,Nesofregetta_fuliginosa,0.0
Palmerston,Nesofregetta_fuliginosa,0.0
Palmyra,Nesofregetta_fuliginosa,0.0
Paraoa,Nesofregetta_fuliginosa,0.0
Pearl_and_Hermes,Nesofregetta_fuliginosa,0.0
Peremul_Par,Nesofregetta_fuliginosa,0.0
Peros_Banhos,Nesofregetta_fuliginosa,0.0
Pinaki,Nesofregetta_fuliginosa,0.0
Pingelap,Nesofregetta_fuliginosa,0.0
Pinipel,Nesofregetta_fuliginosa,0.0
Pukapuka,Nesofregetta_fuliginosa,0.0
Puka-Puka,Nesofregetta_fuliginosa,0.0
Pukarua,Nesofregetta_fuliginosa,0.0
Pulap,Nesofregetta_fuliginosa,0.0
Pulusuk,Nesofregetta_fuliginosa,0.0
Puluwat,Nesofregetta_fuliginosa,0.0
Qelelevu,Nesofregetta_fuliginosa,0.0
Rakahanga,Nesofregetta_fuliginosa,0.0
Rangiroa,Nesofregetta_fuliginosa,0.0
Raraka,Nesofregetta_fuliginosa,0.0
Raroia,Nesofregetta_fuliginosa,0.0
Rasdhoo,Nesofregetta_fuliginosa,0.0
Ravahere,Nesofregetta_fuliginosa,0.0
Rawaki,Nesofregetta_fuliginosa,100.0
Reao,Nesofregetta_fuliginosa,0.0
Redlick,Nesofregetta_fuliginosa,0.0
Reitoru,Nesofregetta_fuliginosa,0.0
Rekareka,Nesofregetta_fuliginosa,0.0
Rongelap,Nesofregetta_fuliginosa,0.0
Rongerik,Nesofregetta_fuliginosa,0.0
Rose,Nesofregetta_fuliginosa,0.0
Rowa,Nesofregetta_fuliginosa,0.0
Saloman,Nesofregetta_fuliginosa,0.0
Sama,Nesofregetta_fuliginosa,0.0
Samasuma,Nesofregetta_fuliginosa,0.0
Sapwuahfik,Nesofregetta_fuliginosa,0.0
Satawan,Nesofregetta_fuliginosa,0.0
Scilly,Nesofregetta_fuliginosa,0.0
Sorol,Nesofregetta_fuliginosa,0.0
South_Maalhosmadulu,Nesofregetta_fuliginosa,0.0
South_Nilandhe,Nesofregetta_fuliginosa,0.0
St_Francois,Nesofregetta_fuliginosa,0.0
St_Joseph,Nesofregetta_fuliginosa,0.0
Starbuck,Nesofregetta_fuliginosa,0.0
Suheli_Par,Nesofregetta_fuliginosa,0.0
Surprise,Nesofregetta_fuliginosa,0.0
Suwarrow,Nesofregetta_fuliginosa,0.0
Swains,Nesofregetta_fuliginosa,0.0
Tabiteuea,Nesofregetta_fuliginosa,83.0
Tabuaeran,Nesofregetta_fuliginosa,0.0
Taenga,Nesofregetta_fuliginosa,0.0
Tahanea,Nesofregetta_fuliginosa,0.0
Taiaro,Nesofregetta_fuliginosa,0.0
Taka,Nesofregetta_fuliginosa,0.0
Takapoto,Nesofregetta_fuliginosa,0.0
Takaroa,Nesofregetta_fuliginosa,0.0
Takume,Nesofregetta_fuliginosa,0.0
Takuu,Nesofregetta_fuliginosa,0.0
Tarawa,Nesofregetta_fuliginosa,0.0
Tatakoto,Nesofregetta_fuliginosa,0.0
Tauere,Nesofregetta_fuliginosa,0.0
Tekokota,Nesofregetta_fuliginosa,0.0
Temitangi,Nesofregetta_fuliginosa,0.0
Temoe,Nesofregetta_fuliginosa,0.0
Tenararo,Nesofregetta_fuliginosa,0.0
Tenaruga,Nesofregetta_fuliginosa,0.0
Tepoto,Nesofregetta_fuliginosa,0.0
Teraina,Nesofregetta_fuliginosa,0.0
Tetiaroa,Nesofregetta_fuliginosa,0.0
Thiladhunmathi,Nesofregetta_fuliginosa,0.0
Tikehau,Nesofregetta_fuliginosa,0.0
Toau,Nesofregetta_fuliginosa,0.0
Tongareva,Nesofregetta_fuliginosa,0.0
Tuanake,Nesofregetta_fuliginosa,0.0
Tubbataha,Nesofregetta_fuliginosa,0.0
Tupai,Nesofregetta_fuliginosa,0.0
Tureia,Nesofregetta_fuliginosa,0.0
Ujae,Nesofregetta_fuliginosa,0.0
Ujelang,Nesofregetta_fuliginosa,0.0
Ulithi,Nesofregetta_fuliginosa,0.0
Utirik,Nesofregetta_fuliginosa,0.0
Vahanga,Nesofregetta_fuliginosa,0.0
Vahitahi,Nesofregetta_fuliginosa,0.0
Vairaatea,Nesofregetta_fuliginosa,0.0
Vaitupu,Nesofregetta_fuliginosa,0.0
Vanavana,Nesofregetta_fuliginosa,0.0
Vattaru,Nesofregetta_fuliginosa,0.0
Wailagilala,Nesofregetta_fuliginosa,0.0
Wake,Nesofregetta_fuliginosa,0.0
West_Fayu,Nesofregetta_fuliginosa,0.0
Woleai,Nesofregetta_fuliginosa,0.0
Wotho,Nesofregetta_fuliginosa,0.0
Wotje,Nesofregetta_fuliginosa,0.0
Abaiang,Phoebastria_albatrus,0.0
Abariringa,Phoebastria_albatrus,0.0
Abemama,Phoebastria_albatrus,0.0
Addu,Phoebastria_albatrus,0.0
Ahe,Phoebastria_albatrus,0.0
Ahunui,Phoebastria_albatrus,0.0
Ailinginae,Phoebastria_albatrus,0.0
Ailinglaplap,Phoebastria_albatrus,0.0
Ailuk,Phoebastria_albatrus,0.0
Aldabra,Phoebastria_albatrus,0.0
Alphonse,Phoebastria_albatrus,0.0
Amanu,Phoebastria_albatrus,0.0
Anaa,Phoebastria_albatrus,0.0
Analtin,Phoebastria_albatrus,0.0
Ant,Phoebastria_albatrus,0.0
Anuanuraro,Phoebastria_albatrus,0.0
Anuanurunga,Phoebastria_albatrus,0.0
Apataki,Phoebastria_albatrus,0.0
Aranuka,Phoebastria_albatrus,0.0
Aratika,Phoebastria_albatrus,0.0
Ari,Phoebastria_albatrus,0.0
Arno,Phoebastria_albatrus,0.0
Arutua,Phoebastria_albatrus,0.0
Astove,Phoebastria_albatrus,0.0
Atafu,Phoebastria_albatrus,0.0
Aur,Phoebastria_albatrus,0.0
Awin,Phoebastria_albatrus,0.0
Bangaram,Phoebastria_albatrus,0.0
Beautemps-Beaupre,Phoebastria_albatrus,0.0
Bellona,Phoebastria_albatrus,0.0
Beru,Phoebastria_albatrus,0.0
Bikar,Phoebastria_albatrus,0.0
Bikini,Phoebastria_albatrus,0.0
Birnie,Phoebastria_albatrus,0.0
Bitra_Par,Phoebastria_albatrus,0.0
Bokaak,Phoebastria_albatrus,0.0
Bramble_Haven,Phoebastria_albatrus,0.0
Budibudi,Phoebastria_albatrus,0.0
Butaritari,Phoebastria_albatrus,0.0
Byramgore,Phoebastria_albatrus,0.0
Caroline,Phoebastria_albatrus,0.0
Cherbaniani,Phoebastria_albatrus,0.0
Chesterfield,Phoebastria_albatrus,0.0
Chetlat,Phoebastria_albatrus,0.0
Clipperton,Phoebastria_albatrus,0.0
Cocos,Phoebastria_albatrus,0.0
Conflict,Phoebastria_albatrus,0.0
Cosmoledo,Phoebastria_albatrus,0.0
Diego_Garcia,Phoebastria_albatrus,0.0
Ducie,Phoebastria_albatrus,0.0
Eauripik,Phoebastria_albatrus,0.0
Ebon,Phoebastria_albatrus,0.0
Egmont,Phoebastria_albatrus,0.0
Egum,Phoebastria_albatrus,0.0
Elato,Phoebastria_albatrus,0.0
Enderbury,Phoebastria_albatrus,0.0
Eniwetok,Phoebastria_albatrus,0.0
Erikub,Phoebastria_albatrus,0.0
Etal,Phoebastria_albatrus,0.0
Europa,Phoebastria_albatrus,0.0
Faadhippolhu,Phoebastria_albatrus,0.0
Faaite,Phoebastria_albatrus,0.0
Fakahina,Phoebastria_albatrus,0.0
Fakaofo,Phoebastria_albatrus,0.0
Fakarava,Phoebastria_albatrus,0.0
Fangatau,Phoebastria_albatrus,0.0
Fangataufa,Phoebastria_albatrus,0.0
Faraulep,Phoebastria_albatrus,0.0
Farquhar,Phoebastria_albatrus,0.0
Felidhu,Phoebastria_albatrus,0.0
French_Frigate_Shoals,Phoebastria_albatrus,0.0
Funafuti,Phoebastria_albatrus,0.0
Gaafaru,Phoebastria_albatrus,0.0
Glorioso,Phoebastria_albatrus,0.0
Great_Chagos_Bank,Phoebastria_albatrus,0.0
Haddhunmathi,Phoebastria_albatrus,0.0
Hao,Phoebastria_albatrus,0.0
Haraiki,Phoebastria_albatrus,0.0
Helen,Phoebastria_albatrus,0.0
Hereheretui,Phoebastria_albatrus,0.0
Hikueru,Phoebastria_albatrus,0.0
Hiti,Phoebastria_albatrus,0.0
Huon,Phoebastria_albatrus,0.0
Huvadhu,Phoebastria_albatrus,0.0
Ifalik,Phoebastria_albatrus,0.0
Ihavandhippolu,Phoebastria_albatrus,0.0
Jaluit,Phoebastria_albatrus,0.0
Jemo,Phoebastria_albatrus,0.0
Johnston,Phoebastria_albatrus,0.0
Kademat,Phoebastria_albatrus,0.0
Kalpeni,Phoebastria_albatrus,0.0
Kapingamarangi,Phoebastria_albatrus,0.0
Katiu,Phoebastria_albatrus,0.0
Kauehi,Phoebastria_albatrus,0.0
Kaukura,Phoebastria_albatrus,0.0
Kavaratti,Phoebastria_albatrus,0.0
Kilinailau,Phoebastria_albatrus,0.0
Kiltan,Phoebastria_albatrus,0.0
Kiritimati,Phoebastria_albatrus,0.0
Kolhumadulu,Phoebastria_albatrus,0.0
Kuop,Phoebastria_albatrus,0.0
Kure,Phoebastria_albatrus,2.0
Kuria,Phoebastria_albatrus,0.0
Kwajalein,Phoebastria_albatrus,0.0
Lae,Phoebastria_albatrus,0.0
Lamotrek,Phoebastria_albatrus,0.0
Laualau,Phoebastria_albatrus,0.0
Laysan,Phoebastria_albatrus,0.0
Lib,Phoebastria_albatrus,0.0
Likiep,Phoebastria_albatrus,0.0
Liot,Phoebastria_albatrus,0.0
Lisianski,Phoebastria_albatrus,0.0
Long_Reef,Phoebastria_albatrus,0.0
Losap,Phoebastria_albatrus,0.0
Lukunor,Phoebastria_albatrus,0.0
Maalhosmadulu,Phoebastria_albatrus,0.0
Maiana,Phoebastria_albatrus,0.0
Majuro,Phoebastria_albatrus,0.0
Makemo,Phoebastria_albatrus,0.0
Makunudhoo,Phoebastria_albatrus,0.0
Malden,Phoebastria_albatrus,0.0
Maloelap,Phoebastria_albatrus,0.0
Malum,Phoebastria_albatrus,0.0
Manihi,Phoebastria_albatrus,0.0
Manihiki,Phoebastria_albatrus,0.0
Manra,Phoebastria_albatrus,0.0
Manuae,Phoebastria_albatrus,0.0
Manuhangi,Phoebastria_albatrus,0.0
Marakei,Phoebastria_albatrus,0.0
Maria,Phoebastria_albatrus,0.0
Maria_Est,Phoebastria_albatrus,0.0
Marokau,Phoebastria_albatrus,0.0
Marutea_Nord,Phoebastria_albatrus,0.0
Marutea_Sud,Phoebastria_albatrus,0.0
Mataiva,Phoebastria_albatrus,0.0
Matureivavao,Phoebastria_albatrus,0.0
Maupihaa,Phoebastria_albatrus,0.0
McKean,Phoebastria_albatrus,0.0
Midway,Phoebastria_albatrus,2.0
Miladhunmadulu,Phoebastria_albatrus,0.0
Mili,Phoebastria_albatrus,0.0
Minicoy,Phoebastria_albatrus,0.0
Mokil,Phoebastria_albatrus,0.0
Morane,Phoebastria_albatrus,0.0
Moruroa,Phoebastria_albatrus,0.0
Motu_One,Phoebastria_albatrus,0.0
Motutunga,Phoebastria_albatrus,0.0
Mulaku,Phoebastria_albatrus,0.0
Murilo,Phoebastria_albatrus,0.0
Namoluk,Phoebastria_albatrus,0.0
Namonuito,Phoebastria_albatrus,0.0
Namorik,Phoebastria_albatrus,0.0
Namu,Phoebastria_albatrus,0.0
Nanumanga,Phoebastria_albatrus,0.0
Nanumea,Phoebastria_albatrus,0.0
Napuka,Phoebastria_albatrus,0.0
Nengonengo,Phoebastria_albatrus,0.0
Ngcheangel,Phoebastria_albatrus,0.0
Ngulu,Phoebastria_albatrus,0.0
Niau,Phoebastria_albatrus,0.0
Nihiru,Phoebastria_albatrus,0.0
Nikumaroro,Phoebastria_albatrus,0.0
Nikunau,Phoebastria_albatrus,0.0
Ninigo,Phoebastria_albatrus,0.0
Niutao,Phoebastria_albatrus,0.0
Nomwin,Phoebastria_albatrus,0.0
Nonouti,Phoebastria_albatrus,0.0
North_Male,Phoebastria_albatrus,0.0
North_Nilandhe,Phoebastria_albatrus,0.0
Nuguria,Phoebastria_albatrus,0.0
Nui,Phoebastria_albatrus,0.0
Nukapu,Phoebastria_albatrus,0.0
Nukufetau,Phoebastria_albatrus,0.0
Nukulaelae,Phoebastria_albatrus,0.0
Nukumanu,Phoebastria_albatrus,0.0
Nukumbasanga,Phoebastria_albatrus,0.0
Nukunonu,Phoebastria_albatrus,0.0
Nukuoro,Phoebastria_albatrus,0.0
Nukutepipi,Phoebastria_albatrus,0.0
Numa_Miombilou,Phoebastria_albatrus,0.0
Nupani,Phoebastria_albatrus,0.0
Oeno,Phoebastria_albatrus,0.0
Olimarao,Phoebastria_albatrus,0.0
Onotoa,Phoebastria_albatrus,0.0
Ontong_Java,Phoebastria_albatrus,0.0
Oroluk,Phoebastria_albatrus,0.0
Orona,Phoebastria_albatrus,0.0
Pakin,Phoebastria_albatrus,0.0
Palmerston,Phoebastria_albatrus,0.0
Palmyra,Phoebastria_albatrus,0.0
Paraoa,Phoebastria_albatrus,0.0
Pearl_and_Hermes,Phoebastria_albatrus,0.0
Peremul_Par,Phoebastria_albatrus,0.0
Peros_Banhos,Phoebastria_albatrus,0.0
Pinaki,Phoebastria_albatrus,0.0
Pingelap,Phoebastria_albatrus,0.0
Pinipel,Phoebastria_albatrus,0.0
Pukapuka,Phoebastria_albatrus,0.0
Puka-Puka,Phoebastria_albatrus,0.0
Pukarua,Phoebastria_albatrus,0.0
Pulap,Phoebastria_albatrus,0.0
Pulusuk,Phoebastria_albatrus,0.0
Puluwat,Phoebastria_albatrus,0.0
Qelelevu,Phoebastria_albatrus,0.0
Rakahanga,Phoebastria_albatrus,0.0
Rangiroa,Phoebastria_albatrus,0.0
Raraka,Phoebastria_albatrus,0.0
Raroia,Phoebastria_albatrus,0.0
Rasdhoo,Phoebastria_albatrus,0.0
Ravahere,Phoebastria_albatrus,0.0
Rawaki,Phoebastria_albatrus,0.0
Reao,Phoebastria_albatrus,0.0
Redlick,Phoebastria_albatrus,0.0
Reitoru,Phoebastria_albatrus,0.0
Rekareka,Phoebastria_albatrus,0.0
Rongelap,Phoebastria_albatrus,0.0
Rongerik,Phoebastria_albatrus,0.0
Rose,Phoebastria_albatrus,0.0
Rowa,Phoebastria_albatrus,0.0
Saloman,Phoebastria_albatrus,0.0
Sama,Phoebastria_albatrus,0.0
Samasuma,Phoebastria_albatrus,0.0
Sapwuahfik,Phoebastria_albatrus,0.0
Satawan,Phoebastria_albatrus,0.0
Scilly,Phoebastria_albatrus,0.0
Sorol,Phoebastria_albatrus,0.0
South_Maalhosmadulu,Phoebastria_albatrus,0.0
South_Nilandhe,Phoebastria_albatrus,0.0
St_Francois,Phoebastria_albatrus,0.0
St_Joseph,Phoebastria_albatrus,0.0
Starbuck,Phoebastria_albatrus,0.0
Suheli_Par,Phoebastria_albatrus,0.0
Surprise,Phoebastria_albatrus,0.0
Suwarrow,Phoebastria_albatrus,0.0
Swains,Phoebastria_albatrus,0.0
Tabiteuea,Phoebastria_albatrus,0.0
Tabuaeran,Phoebastria_albatrus,0.0
Taenga,Phoebastria_albatrus,0.0
Tahanea,Phoebastria_albatrus,0.0
Taiaro,Phoebastria_albatrus,0.0
Taka,Phoebastria_albatrus,0.0
Takapoto,Phoebastria_albatrus,0.0
Takaroa,Phoebastria_albatrus,0.0
Takume,Phoebastria_albatrus,0.0
Takuu,Phoebastria_albatrus,0.0
Tarawa,Phoebastria_albatrus,0.0
Tatakoto,Phoebastria_albatrus,0.0
Tauere,Phoebastria_albatrus,0.0
Tekokota,Phoebastria_albatrus,0.0
Temitangi,Phoebastria_albatrus,0.0
Temoe,Phoebastria_albatrus,0.0
Tenararo,Phoebastria_albatrus,0.0
Tenaruga,Phoebastria_albatrus,0.0
Tepoto,Phoebastria_albatrus,0.0
Teraina,Phoebastria_albatrus,0.0
Tetiaroa,Phoebastria_albatrus,0.0
Thiladhunmathi,Phoebastria_albatrus,0.0
Tikehau,Phoebastria_albatrus,0.0
Toau,Phoebastria_albatrus,0.0
Tongareva,Phoebastria_albatrus,0.0
Tuanake,Phoebastria_albatrus,0.0
Tubbataha,Phoebastria_albatrus,0.0
Tupai,Phoebastria_albatrus,0.0
Tureia,Phoebastria_albatrus,0.0
Ujae,Phoebastria_albatrus,0.0
Ujelang,Phoebastria_albatrus,0.0
Ulithi,Phoebastria_albatrus,0.0
Utirik,Phoebastria_albatrus,0.0
Vahanga,Phoebastria_albatrus,0.0
Vahitahi,Phoebastria_albatrus,0.0
Vairaatea,Phoebastria_albatrus,0.0
Vaitupu,Phoebastria_albatrus,0.0
Vanavana,Phoebastria_albatrus,0.0
Vattaru,Phoebastria_albatrus,0.0
Wailagilala,Phoebastria_albatrus,0.0
Wake,Phoebastria_albatrus,0.0
West_Fayu,Phoebastria_albatrus,0.0
Woleai,Phoebastria_albatrus,0.0
Wotho,Phoebastria_albatrus,0.0
Wotje,Phoebastria_albatrus,0.0
