atoll,metric,value
Abaiang,total_reef_extent_kmsq,257.569
Abariringa,total_reef_extent_kmsq,65.755
Abemama,total_reef_extent_kmsq,169.138
Addu,total_reef_extent_kmsq,68.087
Agatti,total_reef_extent_kmsq,31.688
Ahe,total_reef_extent_kmsq,55.933
Ahunui,total_reef_extent_kmsq,13.22
Ailinginae,total_reef_extent_kmsq,81.867
Ailinglaplap,total_reef_extent_kmsq,143.199
Ailuk,total_reef_extent_kmsq,88.018
Aldabra,total_reef_extent_kmsq,242.025
Alphonse,total_reef_extent_kmsq,22.903
Amanu,total_reef_extent_kmsq,62.01
Anaa,total_reef_extent_kmsq,137.894
Analtin,total_reef_extent_kmsq,46.485
Ant,total_reef_extent_kmsq,37.173
Anuanuraro,total_reef_extent_kmsq,14.209
Anuanurunga,total_reef_extent_kmsq,6.226
Apataki,total_reef_extent_kmsq,112.518
Aranuka,total_reef_extent_kmsq,69.272
Aratika,total_reef_extent_kmsq,64.581
Ari,total_reef_extent_kmsq,604.023
Arno,total_reef_extent_kmsq,159.532
Arutua,total_reef_extent_kmsq,203.793
Ashmore,total_reef_extent_kmsq,235.593
Astove,total_reef_extent_kmsq,18.016
Atafu,total_reef_extent_kmsq,24.239
Aur,total_reef_extent_kmsq,59.588
Awin,total_reef_extent_kmsq,8.808
Bangaram,total_reef_extent_kmsq,50.398
Beautemps-Beaupre,total_reef_extent_kmsq,33.34
Bellona,total_reef_extent_kmsq,269.846
Beru,total_reef_extent_kmsq,52.402
Bikar,total_reef_extent_kmsq,55.742
Bikini,total_reef_extent_kmsq,151.45
Birnie,total_reef_extent_kmsq,2.107
Bitra_Par,total_reef_extent_kmsq,71.414
Bokaak,total_reef_extent_kmsq,102.421
Bramble_Haven,total_reef_extent_kmsq,74.095
Budibudi,total_reef_extent_kmsq,20.514
Butaritari,total_reef_extent_kmsq,229.213
Byramgore,total_reef_extent_kmsq,112.151
Caroline,total_reef_extent_kmsq,20.623
Cato,total_reef_extent_kmsq,7.506
Cherbaniani,total_reef_extent_kmsq,52.576
Chesterfield,total_reef_extent_kmsq,454.535
Chetlat,total_reef_extent_kmsq,7.113
Clipperton,total_reef_extent_kmsq,4.752
Conflict,total_reef_extent_kmsq,75.415
Cosmoledo,total_reef_extent_kmsq,153.511
Desroches,total_reef_extent_kmsq,69.255
Diego_Garcia,total_reef_extent_kmsq,108.093
Ducie,total_reef_extent_kmsq,4.717
Eauripik,total_reef_extent_kmsq,20.786
Ebon,total_reef_extent_kmsq,39.345
Egmont,total_reef_extent_kmsq,34.996
Egum,total_reef_extent_kmsq,83.867
Elato,total_reef_extent_kmsq,22.072
Enderbury,total_reef_extent_kmsq,3.543
Eniwetok,total_reef_extent_kmsq,187.057
Erikub,total_reef_extent_kmsq,75.338
Etal,total_reef_extent_kmsq,14.495
Europa,total_reef_extent_kmsq,15.382
Faadhippolhu,total_reef_extent_kmsq,190.723
Faaite,total_reef_extent_kmsq,215.26
Fakahina,total_reef_extent_kmsq,18.822
Fakaofo,total_reef_extent_kmsq,50.492
Fakarava,total_reef_extent_kmsq,392.12
Fangatau,total_reef_extent_kmsq,14.153
Fangataufa,total_reef_extent_kmsq,32.65
Faraulep,total_reef_extent_kmsq,10.335
Farquhar,total_reef_extent_kmsq,188.95
Fasdhuthere,total_reef_extent_kmsq,38.655
Felidhu,total_reef_extent_kmsq,361.919
French_Frigate_Shoals,total_reef_extent_kmsq,493.682
Funafuti,total_reef_extent_kmsq,88.345
Fuvahmulah,total_reef_extent_kmsq,5.903
Gaafaru,total_reef_extent_kmsq,44.371
Glorioso,total_reef_extent_kmsq,83.853
Goidhoo,total_reef_extent_kmsq,61.83
Great_Chagos_Bank,total_reef_extent_kmsq,665.982
Haddhunmathi,total_reef_extent_kmsq,199.443
Hao,total_reef_extent_kmsq,144.637
Haraiki,total_reef_extent_kmsq,22.394
Helen,total_reef_extent_kmsq,97.681
Hereheretue,total_reef_extent_kmsq,31.767
Hikueru,total_reef_extent_kmsq,13.247
Hiti,total_reef_extent_kmsq,17.537
Huon,total_reef_extent_kmsq,85.491
Huvadhu,total_reef_extent_kmsq,488.284
Ifalik,total_reef_extent_kmsq,8.615
Ihavandhippolu,total_reef_extent_kmsq,108.877
Jaluit,total_reef_extent_kmsq,244.591
Jemo,total_reef_extent_kmsq,3.071
Johnston,total_reef_extent_kmsq,45.359
Kaashidhoo,total_reef_extent_kmsq,8.296
Kademat,total_reef_extent_kmsq,31.161
Kalpeni,total_reef_extent_kmsq,33.411
Kapingamarangi,total_reef_extent_kmsq,41.083
Katiu,total_reef_extent_kmsq,93.677
Kauehi,total_reef_extent_kmsq,62.898
Kaukura,total_reef_extent_kmsq,324.588
Kavaratti,total_reef_extent_kmsq,11.014
Kilinailau,total_reef_extent_kmsq,103.261
Kiltan,total_reef_extent_kmsq,6.548
Kiritimati,total_reef_extent_kmsq,152.296
Kolhumadulu,total_reef_extent_kmsq,280.484
Kuop,total_reef_extent_kmsq,54.331
Kure,total_reef_extent_kmsq,64.826
Kuria,total_reef_extent_kmsq,29.521
Kurimarau,total_reef_extent_kmsq,3.712
Kwajalein,total_reef_extent_kmsq,353.967
Lae,total_reef_extent_kmsq,16.398
Lamotrek,total_reef_extent_kmsq,28.455
Laualau,total_reef_extent_kmsq,10.607
Laysan,total_reef_extent_kmsq,2.131
Leli,total_reef_extent_kmsq,10.33
Lib,total_reef_extent_kmsq,1.885
Lihou,total_reef_extent_kmsq,258.175
Likiep,total_reef_extent_kmsq,112.077
Liot,total_reef_extent_kmsq,3.748
Lisianski,total_reef_extent_kmsq,151.047
Long_Reef,total_reef_extent_kmsq,499.267
Loraine_Anobat,total_reef_extent_kmsq,4.125
Losap,total_reef_extent_kmsq,24.059
Losiep,total_reef_extent_kmsq,8.275
Lukunor,total_reef_extent_kmsq,32.748
Mabui,total_reef_extent_kmsq,7.355
Maiana,total_reef_extent_kmsq,161.811
Majuro,total_reef_extent_kmsq,102.974
Makemo,total_reef_extent_kmsq,330.468
Makin,total_reef_extent_kmsq,11.703
Makunudhoo,total_reef_extent_kmsq,124.658
Malden,total_reef_extent_kmsq,5.603
Maloelap,total_reef_extent_kmsq,136.868
Malum,total_reef_extent_kmsq,24.589
Manihi,total_reef_extent_kmsq,65.228
Manihiki,total_reef_extent_kmsq,43.272
Manra,total_reef_extent_kmsq,4.072
Manuae,total_reef_extent_kmsq,17.766
Manuhangi,total_reef_extent_kmsq,7.627
Marakei,total_reef_extent_kmsq,30.13
Maria,total_reef_extent_kmsq,12.136
Maria_Est,total_reef_extent_kmsq,10.075
Marokau,total_reef_extent_kmsq,97.433
Marutea_Nord,total_reef_extent_kmsq,249.382
Marutea_Sud,total_reef_extent_kmsq,47.296
Mataiva,total_reef_extent_kmsq,38.434
Matureivavao,total_reef_extent_kmsq,13.179
Maupihaa,total_reef_extent_kmsq,34.786
Mellish,total_reef_extent_kmsq,28.39
Midway,total_reef_extent_kmsq,73.277
Mili,total_reef_extent_kmsq,205.028
Minicoy,total_reef_extent_kmsq,42.276
Mokil,total_reef_extent_kmsq,6.402
Morane,total_reef_extent_kmsq,11.907
Moruroa,total_reef_extent_kmsq,56.838
Motu_One,total_reef_extent_kmsq,12.251
Motutunga,total_reef_extent_kmsq,73.452
Mulaku,total_reef_extent_kmsq,256.039
Murilo,total_reef_extent_kmsq,86.994
Namoluk,total_reef_extent_kmsq,11.002
Namonuito,total_reef_extent_kmsq,128.005
Namorik,total_reef_extent_kmsq,17.293
Namu,total_reef_extent_kmsq,139.88
Nanumanga,total_reef_extent_kmsq,4.011
Nanumea,total_reef_extent_kmsq,22.935
Napuka,total_reef_extent_kmsq,29.305
Nengonengo,total_reef_extent_kmsq,50.89
Ngcheangel,total_reef_extent_kmsq,22.506
Ngulu,total_reef_extent_kmsq,84.221
Niau,total_reef_extent_kmsq,8.597
Nihiru,total_reef_extent_kmsq,65.001
Nikumaroro,total_reef_extent_kmsq,12.342
Nikunau,total_reef_extent_kmsq,15.422
Ninigo,total_reef_extent_kmsq,220.149
Nissan,total_reef_extent_kmsq,25.432
Niulakita,total_reef_extent_kmsq,69.852
Niutao,total_reef_extent_kmsq,2.72
Nomwin,total_reef_extent_kmsq,77.705
Nonouti,total_reef_extent_kmsq,492.491
North_Keeling,total_reef_extent_kmsq,5.185
North_Maalhosmadulu,total_reef_extent_kmsq,313.439
North_Male,total_reef_extent_kmsq,451.895
North_Nilandhe,total_reef_extent_kmsq,202.84
North_Tubbataha,total_reef_extent_kmsq,52.093
Nuguria,total_reef_extent_kmsq,134.25
Nui,total_reef_extent_kmsq,18.97
Nukapu,total_reef_extent_kmsq,7.609
Nukufetau,total_reef_extent_kmsq,53.202
Nukulaelae,total_reef_extent_kmsq,33.871
Nukumanu,total_reef_extent_kmsq,126.641
Nukumbasanga,total_reef_extent_kmsq,17.937
Nukunonu,total_reef_extent_kmsq,54.872
Nukuoro,total_reef_extent_kmsq,18.3
Nukusemanu,total_reef_extent_kmsq,112.372
Nukutepipi,total_reef_extent_kmsq,4.65
Numa_Miombilou,total_reef_extent_kmsq,145.145
Nupani,total_reef_extent_kmsq,22.656
Oeno,total_reef_extent_kmsq,12.697
Olimarao,total_reef_extent_kmsq,9.065
Onotoa,total_reef_extent_kmsq,99.785
Ontong_Java,total_reef_extent_kmsq,517.321
Oroluk,total_reef_extent_kmsq,63.624
Orona,total_reef_extent_kmsq,33.69
Pakin,total_reef_extent_kmsq,18.051
Palmerston,total_reef_extent_kmsq,47.728
Palmyra,total_reef_extent_kmsq,34.495
Paraoa,total_reef_extent_kmsq,13.897
Pearl_and_Hermes,total_reef_extent_kmsq,372.489
Peremul_Par,total_reef_extent_kmsq,89.7
Peros_Banhos,total_reef_extent_kmsq,104.02
Pikelot,total_reef_extent_kmsq,0.568
Pinaki,total_reef_extent_kmsq,3.287
Pingelap,total_reef_extent_kmsq,6.127
Pinipel,total_reef_extent_kmsq,20.838
Platte,total_reef_extent_kmsq,88.814
Providence,total_reef_extent_kmsq,435.441
Pukapuka,total_reef_extent_kmsq,25.497
Puka-Puka,total_reef_extent_kmsq,9.216
Pukarua,total_reef_extent_kmsq,40.78
Pulap,total_reef_extent_kmsq,24.738
Pulusuk,total_reef_extent_kmsq,7.613
Puluwat,total_reef_extent_kmsq,9.072
Qelelevu,total_reef_extent_kmsq,72.243
Rakahanga,total_reef_extent_kmsq,8.572
Rangiroa,total_reef_extent_kmsq,302.138
Raraka,total_reef_extent_kmsq,76.91
Raroia,total_reef_extent_kmsq,203.631
Rasdhoo,total_reef_extent_kmsq,41.414
Ravahere,total_reef_extent_kmsq,53.483
Rawaki,total_reef_extent_kmsq,1.546
Reao,total_reef_extent_kmsq,48.487
Redlick,total_reef_extent_kmsq,33.757
Reitoru,total_reef_extent_kmsq,13.557
Rekareka,total_reef_extent_kmsq,4.027
Rongelap,total_reef_extent_kmsq,193.579
Rongerik,total_reef_extent_kmsq,78.466
Rose,total_reef_extent_kmsq,4.815
Rowa,total_reef_extent_kmsq,30.426
Saloman,total_reef_extent_kmsq,24.218
Sama,total_reef_extent_kmsq,7.561
Samasuma,total_reef_extent_kmsq,10.99
Sapwuahfik,total_reef_extent_kmsq,67.721
Satawan,total_reef_extent_kmsq,94.609
Scilly,total_reef_extent_kmsq,50.393
Sikaiana,total_reef_extent_kmsq,14.803
Sorol,total_reef_extent_kmsq,17.882
South_Keeling,total_reef_extent_kmsq,120.617
South_Maalhosmadulu,total_reef_extent_kmsq,253.839
South_Male,total_reef_extent_kmsq,205.343
South_Nilandhe,total_reef_extent_kmsq,224.624
South_Tubbataha,total_reef_extent_kmsq,16.056
St_Francois,total_reef_extent_kmsq,69.578
St_Joseph,total_reef_extent_kmsq,28.738
Starbuck,total_reef_extent_kmsq,6.402
Suheli_Par,total_reef_extent_kmsq,95.202
Surprise,total_reef_extent_kmsq,117.51
Suwarrow,total_reef_extent_kmsq,55.936
Swains,total_reef_extent_kmsq,3.172
Tabiteuea,total_reef_extent_kmsq,586.542
Tabuaeran,total_reef_extent_kmsq,131.95
Taenga,total_reef_extent_kmsq,66.184
Tahanea,total_reef_extent_kmsq,215.26
Taiaro,total_reef_extent_kmsq,6.449
Taka,total_reef_extent_kmsq,64.575
Takapoto,total_reef_extent_kmsq,51.025
Takaroa,total_reef_extent_kmsq,56.416
Takume,total_reef_extent_kmsq,45.695
Takuu,total_reef_extent_kmsq,50.181
Tarawa,total_reef_extent_kmsq,304.248
Tatakoto,total_reef_extent_kmsq,31.096
Tauere,total_reef_extent_kmsq,13.247
Tekokota,total_reef_extent_kmsq,9.202
Temitangi,total_reef_extent_kmsq,24.148
Temoe,total_reef_extent_kmsq,21.557
Tenararo,total_reef_extent_kmsq,4.458
Tenaruga,total_reef_extent_kmsq,8.126
Tepoto,total_reef_extent_kmsq,4.828
Teraina,total_reef_extent_kmsq,9.868
Tetiaroa,total_reef_extent_kmsq,32.732
Thiladhunmathi,total_reef_extent_kmsq,287.427
Thoddoo,total_reef_extent_kmsq,4.308
Tikehau,total_reef_extent_kmsq,152.664
Tilianu,total_reef_extent_kmsq,2.171
Toau,total_reef_extent_kmsq,220.239
Tongareva,total_reef_extent_kmsq,87.307
Torlesse,total_reef_extent_kmsq,13.852
Tuanake,total_reef_extent_kmsq,24.804
Tupai,total_reef_extent_kmsq,26.308
Tureia,total_reef_extent_kmsq,24.629
Ujae,total_reef_extent_kmsq,100.398
Ujelang,total_reef_extent_kmsq,52.633
Ulithi,total_reef_extent_kmsq,112.802
Utirik,total_reef_extent_kmsq,51.988
Vahanga,total_reef_extent_kmsq,7.415
Vahitahi,total_reef_extent_kmsq,17.133
Vairaatea,total_reef_extent_kmsq,13.869
Vaitupu,total_reef_extent_kmsq,7.295
Vanavana,total_reef_extent_kmsq,5.995
Vattaru,total_reef_extent_kmsq,24.421
Wailagilala,total_reef_extent_kmsq,17.241
Wake,total_reef_extent_kmsq,15.595
West_Fayu,total_reef_extent_kmsq,13.544
Willis,total_reef_extent_kmsq,95.989
Woleai,total_reef_extent_kmsq,34.42
Wotho,total_reef_extent_kmsq,73.07
Wotje,total_reef_extent_kmsq,141.659
Zohhoiiyoru,total_reef_extent_kmsq,22.835
Abaiang,reef_slope_kmsq,16.79
Abariringa,reef_slope_kmsq,2.62
Abemama,reef_slope_kmsq,9.42
Addu,reef_slope_kmsq,8.9
Agatti,reef_slope_kmsq,3.03
Ahe,reef_slope_kmsq,1.27
Ahunui,reef_slope_kmsq,0.42
Ailinginae,reef_slope_kmsq,8.56
Ailinglaplap,reef_slope_kmsq,20.58
Ailuk,reef_slope_kmsq,9.22
Aldabra,reef_slope_kmsq,7.46
Alphonse,reef_slope_kmsq,2.0
Amanu,reef_slope_kmsq,1.71
Anaa,reef_slope_kmsq,1.7
Analtin,reef_slope_kmsq,0.45
Ant,reef_slope_kmsq,1.16
Anuanuraro,reef_slope_kmsq,0.54
Anuanurunga,reef_slope_kmsq,0.34
Apataki,reef_slope_kmsq,2.98
Aranuka,reef_slope_kmsq,4.01
Aratika,reef_slope_kmsq,2.02
Ari,reef_slope_kmsq,41.37
Arno,reef_slope_kmsq,19.31
Arutua,reef_slope_kmsq,2.92
Ashmore,reef_slope_kmsq,5.3
Astove,reef_slope_kmsq,3.53
Atafu,reef_slope_kmsq,0.99
Aur,reef_slope_kmsq,10.34
Awin,reef_slope_kmsq,0.32
Bangaram,reef_slope_kmsq,3.1
Beautemps-Beaupre,reef_slope_kmsq,0.0
Bellona,reef_slope_kmsq,14.17
Beru,reef_slope_kmsq,4.88
Bikar,reef_slope_kmsq,1.06
Bikini,reef_slope_kmsq,20.36
Birnie,reef_slope_kmsq,0.68
Bitra_Par,reef_slope_kmsq,9.93
Bokaak,reef_slope_kmsq,5.44
Bramble_Haven,reef_slope_kmsq,2.92
Budibudi,reef_slope_kmsq,1.11
Butaritari,reef_slope_kmsq,18.5
Byramgore,reef_slope_kmsq,19.68
Caroline,reef_slope_kmsq,0.36
Cato,reef_slope_kmsq,0.93
Cherbaniani,reef_slope_kmsq,3.82
Chesterfield,reef_slope_kmsq,25.47
Chetlat,reef_slope_kmsq,1.97
Clipperton,reef_slope_kmsq,0.93
Conflict,reef_slope_kmsq,4.94
Cosmoledo,reef_slope_kmsq,8.84
Desroches,reef_slope_kmsq,5.13
Diego_Garcia,reef_slope_kmsq,12.87
Ducie,reef_slope_kmsq,0.38
Eauripik,reef_slope_kmsq,0.83
Ebon,reef_slope_kmsq,2.72
Egmont,reef_slope_kmsq,3.52
Egum,reef_slope_kmsq,5.39
Elato,reef_slope_kmsq,3.18
Enderbury,reef_slope_kmsq,0.91
Eniwetok,reef_slope_kmsq,23.74
Erikub,reef_slope_kmsq,15.5
Etal,reef_slope_kmsq,0.74
Europa,reef_slope_kmsq,3.36
Faadhippolhu,reef_slope_kmsq,12.98
Faaite,reef_slope_kmsq,3.21
Fakahina,reef_slope_kmsq,0.55
Fakaofo,reef_slope_kmsq,1.53
Fakarava,reef_slope_kmsq,5.49
Fangatau,reef_slope_kmsq,0.45
Fangataufa,reef_slope_kmsq,0.86
Faraulep,reef_slope_kmsq,1.11
Farquhar,reef_slope_kmsq,17.6
Fasdhuthere,reef_slope_kmsq,1.63
Felidhu,reef_slope_kmsq,11.81
French_Frigate_Shoals,reef_slope_kmsq,32.43
Funafuti,reef_slope_kmsq,0.07
Fuvahmulah,reef_slope_kmsq,0.98
Gaafaru,reef_slope_kmsq,1.16
Glorioso,reef_slope_kmsq,5.19
Goidhoo,reef_slope_kmsq,4.6
Great_Chagos_Bank,reef_slope_kmsq,8.37
Haddhunmathi,reef_slope_kmsq,19.39
Hao,reef_slope_kmsq,4.12
Haraiki,reef_slope_kmsq,0.8
Helen,reef_slope_kmsq,2.29
Hereheretue,reef_slope_kmsq,2.01
Hikueru,reef_slope_kmsq,0.26
Hiti,reef_slope_kmsq,0.55
Huon,reef_slope_kmsq,0.38
Huvadhu,reef_slope_kmsq,38.33
Ifalik,reef_slope_kmsq,0.89
Ihavandhippolu,reef_slope_kmsq,11.15
Jaluit,reef_slope_kmsq,16.81
Jemo,reef_slope_kmsq,0.53
Johnston,reef_slope_kmsq,1.41
Kaashidhoo,reef_slope_kmsq,1.24
Kademat,reef_slope_kmsq,4.89
Kalpeni,reef_slope_kmsq,5.21
Kapingamarangi,reef_slope_kmsq,0.75
Katiu,reef_slope_kmsq,2.19
Kauehi,reef_slope_kmsq,1.87
Kaukura,reef_slope_kmsq,4.17
Kavaratti,reef_slope_kmsq,2.75
Kilinailau,reef_slope_kmsq,1.54
Kiltan,reef_slope_kmsq,1.71
Kiritimati,reef_slope_kmsq,17.18
Kolhumadulu,reef_slope_kmsq,15.76
Kuop,reef_slope_kmsq,1.8
Kure,reef_slope_kmsq,4.17
Kuria,reef_slope_kmsq,4.1
Kurimarau,reef_slope_kmsq,0.0
Kwajalein,reef_slope_kmsq,82.41
Lae,reef_slope_kmsq,1.75
Lamotrek,reef_slope_kmsq,0.67
Laualau,reef_slope_kmsq,0.48
Laysan,reef_slope_kmsq,0.05
Leli,reef_slope_kmsq,1.75
Lib,reef_slope_kmsq,0.25
Lihou,reef_slope_kmsq,26.03
Likiep,reef_slope_kmsq,13.11
Liot,reef_slope_kmsq,0.2
Lisianski,reef_slope_kmsq,21.03
Long_Reef,reef_slope_kmsq,22.31
Loraine_Anobat,reef_slope_kmsq,0.0
Losap,reef_slope_kmsq,0.85
Losiep,reef_slope_kmsq,1.04
Lukunor,reef_slope_kmsq,1.13
Mabui,reef_slope_kmsq,0.0
Maiana,reef_slope_kmsq,20.17
Majuro,reef_slope_kmsq,11.7
Makemo,reef_slope_kmsq,5.02
Makin,reef_slope_kmsq,1.2
Makunudhoo,reef_slope_kmsq,17.08
Malden,reef_slope_kmsq,0.46
Maloelap,reef_slope_kmsq,28.42
Malum,reef_slope_kmsq,0.69
Manihi,reef_slope_kmsq,1.62
Manihiki,reef_slope_kmsq,0.85
Manra,reef_slope_kmsq,0.7
Manuae,reef_slope_kmsq,0.8
Manuhangi,reef_slope_kmsq,0.61
Marakei,reef_slope_kmsq,2.1
Maria,reef_slope_kmsq,1.19
Maria_Est,reef_slope_kmsq,0.46
Marokau,reef_slope_kmsq,2.59
Marutea_Nord,reef_slope_kmsq,3.61
Marutea_Sud,reef_slope_kmsq,2.12
Mataiva,reef_slope_kmsq,0.84
Matureivavao,reef_slope_kmsq,1.2
Maupihaa,reef_slope_kmsq,1.31
Mellish,reef_slope_kmsq,1.74
Midway,reef_slope_kmsq,5.35
Mili,reef_slope_kmsq,25.91
Minicoy,reef_slope_kmsq,6.67
Mokil,reef_slope_kmsq,0.03
Morane,reef_slope_kmsq,0.93
Moruroa,reef_slope_kmsq,4.16
Motu_One,reef_slope_kmsq,0.53
Motutunga,reef_slope_kmsq,2.2
Mulaku,reef_slope_kmsq,16.58
Murilo,reef_slope_kmsq,5.36
Namoluk,reef_slope_kmsq,0.25
Namonuito,reef_slope_kmsq,5.95
Namorik,reef_slope_kmsq,2.11
Namu,reef_slope_kmsq,22.61
Nanumanga,reef_slope_kmsq,1.04
Nanumea,reef_slope_kmsq,2.65
Napuka,reef_slope_kmsq,0.9
Nengonengo,reef_slope_kmsq,1.53
Ngcheangel,reef_slope_kmsq,2.32
Ngulu,reef_slope_kmsq,3.46
Niau,reef_slope_kmsq,1.0
Nihiru,reef_slope_kmsq,1.35
Nikumaroro,reef_slope_kmsq,0.56
Nikunau,reef_slope_kmsq,3.43
Ninigo,reef_slope_kmsq,3.13
Nissan,reef_slope_kmsq,0.32
Niulakita,reef_slope_kmsq,5.11
Niutao,reef_slope_kmsq,0.97
Nomwin,reef_slope_kmsq,5.25
Nonouti,reef_slope_kmsq,48.78
North_Keeling,reef_slope_kmsq,0.19
North_Maalhosmadulu,reef_slope_kmsq,20.54
North_Male,reef_slope_kmsq,24.06
North_Nilandhe,reef_slope_kmsq,10.29
North_Tubbataha,reef_slope_kmsq,0.0
Nuguria,reef_slope_kmsq,3.65
Nui,reef_slope_kmsq,1.87
Nukapu,reef_slope_kmsq,0.0
Nukufetau,reef_slope_kmsq,0.1
Nukulaelae,reef_slope_kmsq,0.86
Nukumanu,reef_slope_kmsq,2.92
Nukumbasanga,reef_slope_kmsq,0.61
Nukunonu,reef_slope_kmsq,2.04
Nukuoro,reef_slope_kmsq,1.02
Nukusemanu,reef_slope_kmsq,16.42
Nukutepipi,reef_slope_kmsq,0.38
Numa_Miombilou,reef_slope_kmsq,0.02
Nupani,reef_slope_kmsq,0.0
Oeno,reef_slope_kmsq,0.6
Olimarao,reef_slope_kmsq,1.31
Onotoa,reef_slope_kmsq,9.78
Ontong_Java,reef_slope_kmsq,3.05
Oroluk,reef_slope_kmsq,0.89
Orona,reef_slope_kmsq,2.11
Pakin,reef_slope_kmsq,0.35
Palmerston,reef_slope_kmsq,2.15
Palmyra,reef_slope_kmsq,5.76
Paraoa,reef_slope_kmsq,0.61
Pearl_and_Hermes,reef_slope_kmsq,12.29
Peremul_Par,reef_slope_kmsq,12.22
Peros_Banhos,reef_slope_kmsq,7.47
Pinaki,reef_slope_kmsq,0.34
Pingelap,reef_slope_kmsq,0.49
Pinipel,reef_slope_kmsq,0.09
Platte,reef_slope_kmsq,9.53
Providence,reef_slope_kmsq,49.85
Pukapuka,reef_slope_kmsq,0.73
Puka-Puka,reef_slope_kmsq,0.96
Pukarua,reef_slope_kmsq,1.84
Pulap,reef_slope_kmsq,2.33
Pulusuk,reef_slope_kmsq,0.65
Puluwat,reef_slope_kmsq,0.54
Qelelevu,reef_slope_kmsq,4.61
Rakahanga,reef_slope_kmsq,0.35
Rangiroa,reef_slope_kmsq,5.91
Raraka,reef_slope_kmsq,2.41
Raroia,reef_slope_kmsq,2.43
Rasdhoo,reef_slope_kmsq,1.98
Ravahere,reef_slope_kmsq,1.78
Reao,reef_slope_kmsq,1.02
Redlick,reef_slope_kmsq,0.45
Reitoru,reef_slope_kmsq,0.33
Rekareka,reef_slope_kmsq,0.42
Rongelap,reef_slope_kmsq,24.25
Rongerik,reef_slope_kmsq,17.94
Rose,reef_slope_kmsq,0.03
Rowa,reef_slope_kmsq,0.0
Saloman,reef_slope_kmsq,2.82
Sama,reef_slope_kmsq,0.0
Samasuma,reef_slope_kmsq,0.0
Sapwuahfik,reef_slope_kmsq,1.45
Satawan,reef_slope_kmsq,3.0
Scilly,reef_slope_kmsq,1.8
Sikaiana,reef_slope_kmsq,0.29
Sorol,reef_slope_kmsq,1.13
South_Keeling,reef_slope_kmsq,6.86
South_Maalhosmadulu,reef_slope_kmsq,12.18
South_Male,reef_slope_kmsq,9.17
South_Nilandhe,reef_slope_kmsq,12.89
South_Tubbataha,reef_slope_kmsq,0.0
St_Francois,reef_slope_kmsq,7.18
St_Joseph,reef_slope_kmsq,3.69
Starbuck,reef_slope_kmsq,0.17
Suheli_Par,reef_slope_kmsq,13.76
Surprise,reef_slope_kmsq,1.07
Suwarrow,reef_slope_kmsq,1.49
Swains,reef_slope_kmsq,0.28
Tabiteuea,reef_slope_kmsq,47.63
Tabuaeran,reef_slope_kmsq,7.93
Taenga,reef_slope_kmsq,1.84
Tahanea,reef_slope_kmsq,3.21
Taiaro,reef_slope_kmsq,0.4
Taka,reef_slope_kmsq,14.21
Takapoto,reef_slope_kmsq,0.63
Takaroa,reef_slope_kmsq,1.3
Takume,reef_slope_kmsq,1.05
Takuu,reef_slope_kmsq,0.6
Tarawa,reef_slope_kmsq,18.38
Tatakoto,reef_slope_kmsq,1.18
Tauere,reef_slope_kmsq,0.26
Tekokota,reef_slope_kmsq,0.73
Temitangi,reef_slope_kmsq,2.24
Temoe,reef_slope_kmsq,2.01
Tenararo,reef_slope_kmsq,0.42
Tenaruga,reef_slope_kmsq,0.5
Tepoto,reef_slope_kmsq,0.2
Teraina,reef_slope_kmsq,2.16
Tetiaroa,reef_slope_kmsq,0.83
Thiladhunmathi,reef_slope_kmsq,30.66
Thoddoo,reef_slope_kmsq,0.57
Tikehau,reef_slope_kmsq,2.33
Tilianu,reef_slope_kmsq,0.0
Toau,reef_slope_kmsq,3.13
Tongareva,reef_slope_kmsq,3.29
Torlesse,reef_slope_kmsq,0.0
Tuanake,reef_slope_kmsq,0.7
Tupai,reef_slope_kmsq,0.84
Tureia,reef_slope_kmsq,1.17
Ujae,reef_slope_kmsq,13.89
Ujelang,reef_slope_kmsq,5.25
Ulithi,reef_slope_kmsq,8.9
Utirik,reef_slope_kmsq,8.18
Vahanga,reef_slope_kmsq,0.54
Vahitahi,reef_slope_kmsq,0.79
Vairaatea,reef_slope_kmsq,0.6
Vaitupu,reef_slope_kmsq,0.0
Vanavana,reef_slope_kmsq,0.44
Vattaru,reef_slope_kmsq,0.62
Wailagilala,reef_slope_kmsq,0.94
Wake,reef_slope_kmsq,0.48
West_Fayu,reef_slope_kmsq,1.47
Willis,reef_slope_kmsq,4.68
Woleai,reef_slope_kmsq,2.5
Wotho,reef_slope_kmsq,12.01
Wotje,reef_slope_kmsq,19.32
Zohhoiiyoru,reef_slope_kmsq,0.74
Abaiang,reef_slope_perc,7.77
Abariringa,reef_slope_perc,4.87
Abemama,reef_slope_perc,6.45
Addu,reef_slope_perc,18.14
Agatti,reef_slope_perc,12.38
Ahe,reef_slope_perc,5.64
Ahunui,reef_slope_perc,22.12
Ailinginae,reef_slope_perc,14.19
Ailinglaplap,reef_slope_perc,20.93
Ailuk,reef_slope_perc,14.03
Aldabra,reef_slope_perc,3.4
Alphonse,reef_slope_perc,10.48
Amanu,reef_slope_perc,7.19
Anaa,reef_slope_perc,3.03
Analtin,reef_slope_perc,1.32
Ant,reef_slope_perc,4.24
Anuanuraro,reef_slope_perc,8.32
Anuanurunga,reef_slope_perc,10.98
Apataki,reef_slope_perc,5.64
Aranuka,reef_slope_perc,7.1
Aratika,reef_slope_perc,8.26
Ari,reef_slope_perc,15.19
Arno,reef_slope_perc,16.55
Arutua,reef_slope_perc,4.25
Ashmore,reef_slope_perc,2.38
Astove,reef_slope_perc,25.62
Atafu,reef_slope_perc,7.3
Aur,reef_slope_perc,23.22
Awin,reef_slope_perc,4.53
Bangaram,reef_slope_perc,7.02
Beautemps-Beaupre,reef_slope_perc,0.0
Bellona,reef_slope_perc,14.5
Beru,reef_slope_perc,11.21
Bikar,reef_slope_perc,2.16
Bikini,reef_slope_perc,18.38
Birnie,reef_slope_perc,70.7
Bitra_Par,reef_slope_perc,15.32
Bokaak,reef_slope_perc,5.8
Bramble_Haven,reef_slope_perc,5.31
Budibudi,reef_slope_perc,9.87
Butaritari,reef_slope_perc,10.19
Byramgore,reef_slope_perc,19.66
Caroline,reef_slope_perc,2.41
Cato,reef_slope_perc,17.1
Cherbaniani,reef_slope_perc,8.0
Chesterfield,reef_slope_perc,9.82
Chetlat,reef_slope_perc,37.28
Clipperton,reef_slope_perc,33.8
Conflict,reef_slope_perc,10.42
Cosmoledo,reef_slope_perc,6.34
Desroches,reef_slope_perc,12.78
Diego_Garcia,reef_slope_perc,17.78
Ducie,reef_slope_perc,10.86
Eauripik,reef_slope_perc,5.89
Ebon,reef_slope_perc,9.18
Egmont,reef_slope_perc,13.16
Egum,reef_slope_perc,13.65
Elato,reef_slope_perc,23.3
Enderbury,reef_slope_perc,46.61
Eniwetok,reef_slope_perc,16.26
Erikub,reef_slope_perc,30.14
Etal,reef_slope_perc,8.05
Europa,reef_slope_perc,26.68
Faadhippolhu,reef_slope_perc,11.5
Faaite,reef_slope_perc,3.03
Fakahina,reef_slope_perc,16.02
Fakaofo,reef_slope_perc,5.27
Fakarava,reef_slope_perc,4.0
Fangatau,reef_slope_perc,15.49
Fangataufa,reef_slope_perc,4.99
Faraulep,reef_slope_perc,15.04
Farquhar,reef_slope_perc,10.47
Fasdhuthere,reef_slope_perc,6.82
Felidhu,reef_slope_perc,5.85
French_Frigate_Shoals,reef_slope_perc,7.06
Funafuti,reef_slope_perc,0.16
Fuvahmulah,reef_slope_perc,34.74
Gaafaru,reef_slope_perc,4.09
Glorioso,reef_slope_perc,10.16
Goidhoo,reef_slope_perc,10.07
Great_Chagos_Bank,reef_slope_perc,14.23
Haddhunmathi,reef_slope_perc,13.18
Hao,reef_slope_perc,6.64
Haraiki,reef_slope_perc,4.96
Helen,reef_slope_perc,3.0
Hereheretue,reef_slope_perc,11.77
Hikueru,reef_slope_perc,2.96
Hiti,reef_slope_perc,5.4
Huon,reef_slope_perc,0.7
Huvadhu,reef_slope_perc,12.0
Ifalik,reef_slope_perc,14.57
Ihavandhippolu,reef_slope_perc,13.31
Jaluit,reef_slope_perc,9.2
Jemo,reef_slope_perc,25.25
Johnston,reef_slope_perc,5.78
Kaashidhoo,reef_slope_perc,19.96
Kademat,reef_slope_perc,18.63
Kalpeni,reef_slope_perc,18.25
Kapingamarangi,reef_slope_perc,3.08
Katiu,reef_slope_perc,6.97
Kauehi,reef_slope_perc,7.94
Kaukura,reef_slope_perc,2.06
Kavaratti,reef_slope_perc,37.18
Kilinailau,reef_slope_perc,2.1
Kiltan,reef_slope_perc,38.71
Kiritimati,reef_slope_perc,13.28
Kolhumadulu,reef_slope_perc,9.46
Kuop,reef_slope_perc,5.03
Kure,reef_slope_perc,7.73
Kuria,reef_slope_perc,20.12
Kurimarau,reef_slope_perc,0.0
Kwajalein,reef_slope_perc,33.28
Lae,reef_slope_perc,13.41
Lamotrek,reef_slope_perc,6.9
Laualau,reef_slope_perc,7.41
Laysan,reef_slope_perc,3.85
Leli,reef_slope_perc,29.31
Lib,reef_slope_perc,21.49
Lihou,reef_slope_perc,21.18
Likiep,reef_slope_perc,15.46
Liot,reef_slope_perc,6.2
Lisianski,reef_slope_perc,16.31
Long_Reef,reef_slope_perc,6.91
Loraine_Anobat,reef_slope_perc,0.0
Losap,reef_slope_perc,5.09
Losiep,reef_slope_perc,16.98
Lukunor,reef_slope_perc,6.74
Mabui,reef_slope_perc,0.0
Maiana,reef_slope_perc,13.87
Majuro,reef_slope_perc,17.15
Makemo,reef_slope_perc,3.61
Makin,reef_slope_perc,14.31
Makunudhoo,reef_slope_perc,18.15
Malden,reef_slope_perc,18.03
Maloelap,reef_slope_perc,29.17
Malum,reef_slope_perc,3.82
Manihi,reef_slope_perc,7.48
Manihiki,reef_slope_perc,6.43
Manra,reef_slope_perc,37.22
Manuae,reef_slope_perc,5.94
Manuhangi,reef_slope_perc,30.44
Marakei,reef_slope_perc,8.55
Maria,reef_slope_perc,14.83
Maria_Est,reef_slope_perc,11.04
Marokau,reef_slope_perc,6.41
Marutea_Nord,reef_slope_perc,3.45
Marutea_Sud,reef_slope_perc,9.22
Mataiva,reef_slope_perc,2.76
Matureivavao,reef_slope_perc,19.8
Maupihaa,reef_slope_perc,6.45
Mellish,reef_slope_perc,8.15
Midway,reef_slope_perc,8.82
Mili,reef_slope_perc,16.68
Minicoy,reef_slope_perc,17.58
Mokil,reef_slope_perc,0.51
Morane,reef_slope_perc,14.89
Moruroa,reef_slope_perc,13.21
Motu_One,reef_slope_perc,6.04
Motutunga,reef_slope_perc,6.39
Mulaku,reef_slope_perc,10.03
Murilo,reef_slope_perc,10.53
Namoluk,reef_slope_perc,3.4
Namonuito,reef_slope_perc,21.07
Namorik,reef_slope_perc,15.02
Namu,reef_slope_perc,23.88
Nanumanga,reef_slope_perc,40.56
Nanumea,reef_slope_perc,14.34
Napuka,reef_slope_perc,4.99
Nengonengo,reef_slope_perc,9.17
Ngcheangel,reef_slope_perc,12.65
Ngulu,reef_slope_perc,7.91
Niau,reef_slope_perc,39.67
Nihiru,reef_slope_perc,4.1
Nikumaroro,reef_slope_perc,6.32
Nikunau,reef_slope_perc,31.85
Ninigo,reef_slope_perc,2.52
Nissan,reef_slope_perc,2.26
Niulakita,reef_slope_perc,81.5
Niutao,reef_slope_perc,61.95
Nomwin,reef_slope_perc,10.98
Nonouti,reef_slope_perc,10.93
North_Keeling,reef_slope_perc,11.6
North_Maalhosmadulu,reef_slope_perc,12.64
North_Male,reef_slope_perc,11.1
North_Nilandhe,reef_slope_perc,8.79
North_Tubbataha,reef_slope_perc,0.0
Nuguria,reef_slope_perc,4.26
Nui,reef_slope_perc,11.52
Nukapu,reef_slope_perc,0.0
Nukufetau,reef_slope_perc,0.38
Nukulaelae,reef_slope_perc,3.45
Nukumanu,reef_slope_perc,7.47
Nukumbasanga,reef_slope_perc,9.93
Nukunonu,reef_slope_perc,9.35
Nukuoro,reef_slope_perc,9.0
Nukusemanu,reef_slope_perc,26.27
Nukutepipi,reef_slope_perc,14.44
Numa_Miombilou,reef_slope_perc,0.02
Nupani,reef_slope_perc,0.0
Oeno,reef_slope_perc,5.13
Olimarao,reef_slope_perc,23.87
Onotoa,reef_slope_perc,32.87
Ontong_Java,reef_slope_perc,2.25
Oroluk,reef_slope_perc,1.77
Orona,reef_slope_perc,8.43
Pakin,reef_slope_perc,2.46
Palmerston,reef_slope_perc,7.64
Palmyra,reef_slope_perc,22.33
Paraoa,reef_slope_perc,9.68
Pearl_and_Hermes,reef_slope_perc,3.95
Peremul_Par,reef_slope_perc,14.93
Peros_Banhos,reef_slope_perc,14.4
Pinaki,reef_slope_perc,16.77
Pingelap,reef_slope_perc,12.57
Pinipel,reef_slope_perc,0.58
Platte,reef_slope_perc,24.18
Providence,reef_slope_perc,11.97
Pukapuka,reef_slope_perc,4.51
Puka-Puka,reef_slope_perc,24.21
Pukarua,reef_slope_perc,10.59
Pulap,reef_slope_perc,26.71
Pulusuk,reef_slope_perc,19.96
Puluwat,reef_slope_perc,13.87
Qelelevu,reef_slope_perc,8.13
Rakahanga,reef_slope_perc,8.57
Rangiroa,reef_slope_perc,3.7
Raraka,reef_slope_perc,7.96
Raroia,reef_slope_perc,4.85
Rasdhoo,reef_slope_perc,8.71
Ravahere,reef_slope_perc,7.03
Reao,reef_slope_perc,4.73
Redlick,reef_slope_perc,1.8
Reitoru,reef_slope_perc,3.11
Rekareka,reef_slope_perc,18.45
Rongelap,reef_slope_perc,16.54
Rongerik,reef_slope_perc,32.72
Rose,reef_slope_perc,0.8
Rowa,reef_slope_perc,0.0
Saloman,reef_slope_perc,16.95
Sama,reef_slope_perc,0.0
Samasuma,reef_slope_perc,0.0
Sapwuahfik,reef_slope_perc,3.39
Satawan,reef_slope_perc,5.14
Scilly,reef_slope_perc,5.88
Sikaiana,reef_slope_perc,2.3
Sorol,reef_slope_perc,9.31
South_Keeling,reef_slope_perc,6.77
South_Maalhosmadulu,reef_slope_perc,8.69
South_Male,reef_slope_perc,7.66
South_Nilandhe,reef_slope_perc,10.05
South_Tubbataha,reef_slope_perc,0.0
St_Francois,reef_slope_perc,11.46
St_Joseph,reef_slope_perc,14.09
Starbuck,reef_slope_perc,5.21
Suheli_Par,reef_slope_perc,15.87
Surprise,reef_slope_perc,1.39
Suwarrow,reef_slope_perc,3.94
Swains,reef_slope_perc,15.56
Tabiteuea,reef_slope_perc,9.1
Tabuaeran,reef_slope_perc,6.53
Taenga,reef_slope_perc,7.1
Tahanea,reef_slope_perc,3.03
Taiaro,reef_slope_perc,38.01
Taka,reef_slope_perc,29.21
Takapoto,reef_slope_perc,3.73
Takaroa,reef_slope_perc,5.2
Takume,reef_slope_perc,4.67
Takuu,reef_slope_perc,2.06
Tarawa,reef_slope_perc,6.95
Tatakoto,reef_slope_perc,5.25
Tauere,reef_slope_perc,2.96
Tekokota,reef_slope_perc,10.41
Temitangi,reef_slope_perc,18.58
Temoe,reef_slope_perc,16.3
Tenararo,reef_slope_perc,15.11
Tenaruga,reef_slope_perc,39.38
Tepoto,reef_slope_perc,6.94
Teraina,reef_slope_perc,53.61
Tetiaroa,reef_slope_perc,3.18
Thiladhunmathi,reef_slope_perc,14.2
Thoddoo,reef_slope_perc,19.64
Tikehau,reef_slope_perc,3.78
Tilianu,reef_slope_perc,0.0
Toau,reef_slope_perc,2.67
Tongareva,reef_slope_perc,6.55
Torlesse,reef_slope_perc,0.0
Tuanake,reef_slope_perc,7.14
Tupai,reef_slope_perc,4.93
Tureia,reef_slope_perc,13.43
Ujae,reef_slope_perc,20.53
Ujelang,reef_slope_perc,15.04
Ulithi,reef_slope_perc,13.99
Utirik,reef_slope_perc,20.77
Vahanga,reef_slope_perc,43.62
Vahitahi,reef_slope_perc,6.46
Vairaatea,reef_slope_perc,8.12
Vaitupu,reef_slope_perc,0.0
Vanavana,reef_slope_perc,27.02
Vattaru,reef_slope_perc,4.53
Wailagilala,reef_slope_perc,8.05
Wake,reef_slope_perc,3.41
West_Fayu,reef_slope_perc,17.67
Willis,reef_slope_perc,8.48
Woleai,reef_slope_perc,13.08
Wotho,reef_slope_perc,24.24
Wotje,reef_slope_perc,18.73
Zohhoiiyoru,reef_slope_perc,29.41
Abaiang,sheltered_reef_slope_kmsq,6.05
Abariringa,sheltered_reef_slope_kmsq,0.31
Abemama,sheltered_reef_slope_kmsq,3.43
Addu,sheltered_reef_slope_kmsq,1.94
Agatti,sheltered_reef_slope_kmsq,0.05
Ahe,sheltered_reef_slope_kmsq,0.57
Ahunui,sheltered_reef_slope_kmsq,0.13
Ailinginae,sheltered_reef_slope_kmsq,0.09
Ailinglaplap,sheltered_reef_slope_kmsq,1.86
Ailuk,sheltered_reef_slope_kmsq,0.7
Aldabra,sheltered_reef_slope_kmsq,7.82
Alphonse,sheltered_reef_slope_kmsq,0.86
Amanu,sheltered_reef_slope_kmsq,0.91
Anaa,sheltered_reef_slope_kmsq,0.22
Analtin,sheltered_reef_slope_kmsq,0.62
Ant,sheltered_reef_slope_kmsq,0.36
Anuanuraro,sheltered_reef_slope_kmsq,0.4
Anuanurunga,sheltered_reef_slope_kmsq,0.01
Apataki,sheltered_reef_slope_kmsq,0.5
Aranuka,sheltered_reef_slope_kmsq,0.78
Aratika,sheltered_reef_slope_kmsq,0.26
Ari,sheltered_reef_slope_kmsq,17.73
Arno,sheltered_reef_slope_kmsq,4.19
Arutua,sheltered_reef_slope_kmsq,1.32
Ashmore,sheltered_reef_slope_kmsq,0.16
Astove,sheltered_reef_slope_kmsq,0.5
Atafu,sheltered_reef_slope_kmsq,0.25
Aur,sheltered_reef_slope_kmsq,0.86
Awin,sheltered_reef_slope_kmsq,0.0
Bangaram,sheltered_reef_slope_kmsq,0.67
Beautemps-Beaupre,sheltered_reef_slope_kmsq,2.07
Bellona,sheltered_reef_slope_kmsq,0.0
Beru,sheltered_reef_slope_kmsq,1.82
Bikar,sheltered_reef_slope_kmsq,0.01
Bikini,sheltered_reef_slope_kmsq,1.17
Birnie,sheltered_reef_slope_kmsq,0.12
Bitra_Par,sheltered_reef_slope_kmsq,2.96
Bokaak,sheltered_reef_slope_kmsq,0.47
Bramble_Haven,sheltered_reef_slope_kmsq,0.0
Budibudi,sheltered_reef_slope_kmsq,0.04
Butaritari,sheltered_reef_slope_kmsq,3.94
Byramgore,sheltered_reef_slope_kmsq,2.83
Caroline,sheltered_reef_slope_kmsq,0.06
Cato,sheltered_reef_slope_kmsq,0.0
Cherbaniani,sheltered_reef_slope_kmsq,0.78
Chesterfield,sheltered_reef_slope_kmsq,0.0
Chetlat,sheltered_reef_slope_kmsq,0.02
Clipperton,sheltered_reef_slope_kmsq,0.51
Conflict,sheltered_reef_slope_kmsq,2.15
Cosmoledo,sheltered_reef_slope_kmsq,4.72
Desroches,sheltered_reef_slope_kmsq,4.75
Diego_Garcia,sheltered_reef_slope_kmsq,1.05
Ducie,sheltered_reef_slope_kmsq,0.03
Eauripik,sheltered_reef_slope_kmsq,0.32
Ebon,sheltered_reef_slope_kmsq,0.04
Egmont,sheltered_reef_slope_kmsq,1.58
Egum,sheltered_reef_slope_kmsq,0.48
Elato,sheltered_reef_slope_kmsq,0.07
Enderbury,sheltered_reef_slope_kmsq,0.06
Eniwetok,sheltered_reef_slope_kmsq,3.09
Erikub,sheltered_reef_slope_kmsq,2.75
Etal,sheltered_reef_slope_kmsq,0.1
Europa,sheltered_reef_slope_kmsq,0.11
Faadhippolhu,sheltered_reef_slope_kmsq,4.51
Faaite,sheltered_reef_slope_kmsq,1.33
Fakahina,sheltered_reef_slope_kmsq,0.31
Fakaofo,sheltered_reef_slope_kmsq,0.36
Fakarava,sheltered_reef_slope_kmsq,0.66
Fangatau,sheltered_reef_slope_kmsq,0.15
Fangataufa,sheltered_reef_slope_kmsq,0.75
Faraulep,sheltered_reef_slope_kmsq,0.02
Farquhar,sheltered_reef_slope_kmsq,6.38
Fasdhuthere,sheltered_reef_slope_kmsq,0.77
Felidhu,sheltered_reef_slope_kmsq,17.83
French_Frigate_Shoals,sheltered_reef_slope_kmsq,0.0
Funafuti,sheltered_reef_slope_kmsq,6.32
Fuvahmulah,sheltered_reef_slope_kmsq,0.04
Gaafaru,sheltered_reef_slope_kmsq,1.08
Glorioso,sheltered_reef_slope_kmsq,2.34
Goidhoo,sheltered_reef_slope_kmsq,2.9
Great_Chagos_Bank,sheltered_reef_slope_kmsq,2.15
Haddhunmathi,sheltered_reef_slope_kmsq,4.88
Hao,sheltered_reef_slope_kmsq,1.05
Haraiki,sheltered_reef_slope_kmsq,0.56
Helen,sheltered_reef_slope_kmsq,0.05
Hereheretue,sheltered_reef_slope_kmsq,0.09
Hikueru,sheltered_reef_slope_kmsq,0.0
Hiti,sheltered_reef_slope_kmsq,0.23
Huon,sheltered_reef_slope_kmsq,6.85
Huvadhu,sheltered_reef_slope_kmsq,15.55
Ifalik,sheltered_reef_slope_kmsq,0.19
Ihavandhippolu,sheltered_reef_slope_kmsq,1.23
Jaluit,sheltered_reef_slope_kmsq,1.97
Jemo,sheltered_reef_slope_kmsq,0.29
Johnston,sheltered_reef_slope_kmsq,0.05
Kaashidhoo,sheltered_reef_slope_kmsq,0.09
Kademat,sheltered_reef_slope_kmsq,0.36
Kalpeni,sheltered_reef_slope_kmsq,0.82
Kapingamarangi,sheltered_reef_slope_kmsq,0.33
Katiu,sheltered_reef_slope_kmsq,0.34
Kauehi,sheltered_reef_slope_kmsq,0.57
Kaukura,sheltered_reef_slope_kmsq,0.32
Kavaratti,sheltered_reef_slope_kmsq,0.39
Kilinailau,sheltered_reef_slope_kmsq,0.63
Kiltan,sheltered_reef_slope_kmsq,0.06
Kiritimati,sheltered_reef_slope_kmsq,8.94
Kolhumadulu,sheltered_reef_slope_kmsq,7.02
Kuop,sheltered_reef_slope_kmsq,0.28
Kure,sheltered_reef_slope_kmsq,0.17
Kuria,sheltered_reef_slope_kmsq,1.4
Kurimarau,sheltered_reef_slope_kmsq,0.17
Kwajalein,sheltered_reef_slope_kmsq,11.59
Lae,sheltered_reef_slope_kmsq,0.06
Lamotrek,sheltered_reef_slope_kmsq,0.06
Laualau,sheltered_reef_slope_kmsq,0.0
Laysan,sheltered_reef_slope_kmsq,0.0
Leli,sheltered_reef_slope_kmsq,0.0
Lib,sheltered_reef_slope_kmsq,0.02
Lihou,sheltered_reef_slope_kmsq,0.0
Likiep,sheltered_reef_slope_kmsq,3.84
Liot,sheltered_reef_slope_kmsq,0.0
Lisianski,sheltered_reef_slope_kmsq,0.0
Long_Reef,sheltered_reef_slope_kmsq,0.91
Loraine_Anobat,sheltered_reef_slope_kmsq,0.54
Losap,sheltered_reef_slope_kmsq,0.15
Losiep,sheltered_reef_slope_kmsq,0.01
Lukunor,sheltered_reef_slope_kmsq,0.29
Mabui,sheltered_reef_slope_kmsq,0.68
Maiana,sheltered_reef_slope_kmsq,9.41
Majuro,sheltered_reef_slope_kmsq,1.02
Makemo,sheltered_reef_slope_kmsq,1.25
Makin,sheltered_reef_slope_kmsq,0.15
Makunudhoo,sheltered_reef_slope_kmsq,4.54
Malden,sheltered_reef_slope_kmsq,0.03
Maloelap,sheltered_reef_slope_kmsq,1.17
Malum,sheltered_reef_slope_kmsq,1.05
Manihi,sheltered_reef_slope_kmsq,0.66
Manihiki,sheltered_reef_slope_kmsq,0.03
Manra,sheltered_reef_slope_kmsq,0.11
Manuae,sheltered_reef_slope_kmsq,0.0
Manuhangi,sheltered_reef_slope_kmsq,0.08
Marakei,sheltered_reef_slope_kmsq,0.49
Maria,sheltered_reef_slope_kmsq,0.04
Maria_Est,sheltered_reef_slope_kmsq,0.12
Marokau,sheltered_reef_slope_kmsq,0.42
Marutea_Nord,sheltered_reef_slope_kmsq,0.59
Marutea_Sud,sheltered_reef_slope_kmsq,0.44
Mataiva,sheltered_reef_slope_kmsq,0.26
Matureivavao,sheltered_reef_slope_kmsq,0.01
Maupihaa,sheltered_reef_slope_kmsq,0.19
Mellish,sheltered_reef_slope_kmsq,0.0
Midway,sheltered_reef_slope_kmsq,0.26
Mili,sheltered_reef_slope_kmsq,3.24
Minicoy,sheltered_reef_slope_kmsq,1.6
Mokil,sheltered_reef_slope_kmsq,0.0
Morane,sheltered_reef_slope_kmsq,0.46
Moruroa,sheltered_reef_slope_kmsq,0.97
Motu_One,sheltered_reef_slope_kmsq,0.22
Motutunga,sheltered_reef_slope_kmsq,0.33
Mulaku,sheltered_reef_slope_kmsq,7.38
Murilo,sheltered_reef_slope_kmsq,0.22
Namoluk,sheltered_reef_slope_kmsq,0.2
Namonuito,sheltered_reef_slope_kmsq,0.15
Namorik,sheltered_reef_slope_kmsq,0.07
Namu,sheltered_reef_slope_kmsq,2.08
Nanumanga,sheltered_reef_slope_kmsq,0.11
Nanumea,sheltered_reef_slope_kmsq,0.12
Napuka,sheltered_reef_slope_kmsq,0.35
Nengonengo,sheltered_reef_slope_kmsq,0.44
Ngcheangel,sheltered_reef_slope_kmsq,0.2
Ngulu,sheltered_reef_slope_kmsq,0.34
Niau,sheltered_reef_slope_kmsq,0.3
Nihiru,sheltered_reef_slope_kmsq,0.25
Nikumaroro,sheltered_reef_slope_kmsq,0.03
Nikunau,sheltered_reef_slope_kmsq,1.14
Ninigo,sheltered_reef_slope_kmsq,3.02
Nissan,sheltered_reef_slope_kmsq,0.38
Niulakita,sheltered_reef_slope_kmsq,0.05
Niutao,sheltered_reef_slope_kmsq,0.04
Nomwin,sheltered_reef_slope_kmsq,0.31
Nonouti,sheltered_reef_slope_kmsq,10.71
North_Keeling,sheltered_reef_slope_kmsq,0.01
North_Maalhosmadulu,sheltered_reef_slope_kmsq,9.41
North_Male,sheltered_reef_slope_kmsq,12.01
North_Nilandhe,sheltered_reef_slope_kmsq,6.79
North_Tubbataha,sheltered_reef_slope_kmsq,3.56
Nuguria,sheltered_reef_slope_kmsq,1.77
Nui,sheltered_reef_slope_kmsq,0.02
Nukapu,sheltered_reef_slope_kmsq,0.56
Nukufetau,sheltered_reef_slope_kmsq,2.52
Nukulaelae,sheltered_reef_slope_kmsq,0.97
Nukumanu,sheltered_reef_slope_kmsq,0.66
Nukumbasanga,sheltered_reef_slope_kmsq,0.53
Nukunonu,sheltered_reef_slope_kmsq,0.62
Nukuoro,sheltered_reef_slope_kmsq,0.34
Nukusemanu,sheltered_reef_slope_kmsq,5.51
Nukutepipi,sheltered_reef_slope_kmsq,0.03
Numa_Miombilou,sheltered_reef_slope_kmsq,8.27
Nupani,sheltered_reef_slope_kmsq,2.4
Oeno,sheltered_reef_slope_kmsq,0.03
Olimarao,sheltered_reef_slope_kmsq,0.17
Onotoa,sheltered_reef_slope_kmsq,4.64
Ontong_Java,sheltered_reef_slope_kmsq,7.29
Oroluk,sheltered_reef_slope_kmsq,0.64
Orona,sheltered_reef_slope_kmsq,0.1
Pakin,sheltered_reef_slope_kmsq,0.35
Palmerston,sheltered_reef_slope_kmsq,0.37
Palmyra,sheltered_reef_slope_kmsq,1.92
Paraoa,sheltered_reef_slope_kmsq,0.17
Pearl_and_Hermes,sheltered_reef_slope_kmsq,0.0
Peremul_Par,sheltered_reef_slope_kmsq,1.27
Peros_Banhos,sheltered_reef_slope_kmsq,2.23
Pinaki,sheltered_reef_slope_kmsq,0.11
Pingelap,sheltered_reef_slope_kmsq,0.01
Pinipel,sheltered_reef_slope_kmsq,0.51
Platte,sheltered_reef_slope_kmsq,4.19
Providence,sheltered_reef_slope_kmsq,34.67
Pukapuka,sheltered_reef_slope_kmsq,0.21
Puka-Puka,sheltered_reef_slope_kmsq,0.01
Pukarua,sheltered_reef_slope_kmsq,0.33
Pulap,sheltered_reef_slope_kmsq,0.12
Pulusuk,sheltered_reef_slope_kmsq,0.07
Puluwat,sheltered_reef_slope_kmsq,0.18
Qelelevu,sheltered_reef_slope_kmsq,2.76
Rakahanga,sheltered_reef_slope_kmsq,0.02
Rangiroa,sheltered_reef_slope_kmsq,1.58
Raraka,sheltered_reef_slope_kmsq,0.53
Raroia,sheltered_reef_slope_kmsq,0.93
Rasdhoo,sheltered_reef_slope_kmsq,0.43
Ravahere,sheltered_reef_slope_kmsq,0.18
Reao,sheltered_reef_slope_kmsq,0.6
Redlick,sheltered_reef_slope_kmsq,0.9
Reitoru,sheltered_reef_slope_kmsq,0.1
Rekareka,sheltered_reef_slope_kmsq,0.08
Rongelap,sheltered_reef_slope_kmsq,0.87
Rongerik,sheltered_reef_slope_kmsq,0.82
Rose,sheltered_reef_slope_kmsq,0.01
Rowa,sheltered_reef_slope_kmsq,2.07
Saloman,sheltered_reef_slope_kmsq,1.6
Sama,sheltered_reef_slope_kmsq,0.29
Samasuma,sheltered_reef_slope_kmsq,0.53
Sapwuahfik,sheltered_reef_slope_kmsq,0.34
Satawan,sheltered_reef_slope_kmsq,0.59
Scilly,sheltered_reef_slope_kmsq,0.32
Sikaiana,sheltered_reef_slope_kmsq,0.0
Sorol,sheltered_reef_slope_kmsq,0.05
South_Keeling,sheltered_reef_slope_kmsq,0.11
South_Maalhosmadulu,sheltered_reef_slope_kmsq,5.81
South_Male,sheltered_reef_slope_kmsq,11.2
South_Nilandhe,sheltered_reef_slope_kmsq,8.77
South_Tubbataha,sheltered_reef_slope_kmsq,0.35
St_Francois,sheltered_reef_slope_kmsq,0.8
St_Joseph,sheltered_reef_slope_kmsq,0.96
Starbuck,sheltered_reef_slope_kmsq,0.08
Suheli_Par,sheltered_reef_slope_kmsq,1.49
Surprise,sheltered_reef_slope_kmsq,10.46
Suwarrow,sheltered_reef_slope_kmsq,0.25
Swains,sheltered_reef_slope_kmsq,0.05
Tabiteuea,sheltered_reef_slope_kmsq,20.54
Tabuaeran,sheltered_reef_slope_kmsq,4.31
Taenga,sheltered_reef_slope_kmsq,0.23
Tahanea,sheltered_reef_slope_kmsq,1.33
Taiaro,sheltered_reef_slope_kmsq,0.15
Taka,sheltered_reef_slope_kmsq,0.87
Takapoto,sheltered_reef_slope_kmsq,0.68
Takaroa,sheltered_reef_slope_kmsq,0.83
Takume,sheltered_reef_slope_kmsq,0.52
Takuu,sheltered_reef_slope_kmsq,0.46
Tarawa,sheltered_reef_slope_kmsq,6.18
Tatakoto,sheltered_reef_slope_kmsq,0.25
Tauere,sheltered_reef_slope_kmsq,0.0
Tekokota,sheltered_reef_slope_kmsq,0.04
Temitangi,sheltered_reef_slope_kmsq,0.57
Temoe,sheltered_reef_slope_kmsq,0.07
Tenararo,sheltered_reef_slope_kmsq,0.27
Tenaruga,sheltered_reef_slope_kmsq,0.09
Tepoto,sheltered_reef_slope_kmsq,0.03
Teraina,sheltered_reef_slope_kmsq,1.26
Tetiaroa,sheltered_reef_slope_kmsq,0.44
Thiladhunmathi,sheltered_reef_slope_kmsq,8.75
Thoddoo,sheltered_reef_slope_kmsq,0.02
Tikehau,sheltered_reef_slope_kmsq,0.7
Tilianu,sheltered_reef_slope_kmsq,0.19
Toau,sheltered_reef_slope_kmsq,0.29
Tongareva,sheltered_reef_slope_kmsq,0.51
Torlesse,sheltered_reef_slope_kmsq,1.03
Tuanake,sheltered_reef_slope_kmsq,0.24
Tupai,sheltered_reef_slope_kmsq,0.35
Tureia,sheltered_reef_slope_kmsq,0.42
Ujae,sheltered_reef_slope_kmsq,0.99
Ujelang,sheltered_reef_slope_kmsq,0.45
Ulithi,sheltered_reef_slope_kmsq,0.8
Utirik,sheltered_reef_slope_kmsq,0.88
Vahanga,sheltered_reef_slope_kmsq,0.08
Vahitahi,sheltered_reef_slope_kmsq,0.07
Vairaatea,sheltered_reef_slope_kmsq,0.22
Vaitupu,sheltered_reef_slope_kmsq,0.92
Vanavana,sheltered_reef_slope_kmsq,0.06
Vattaru,sheltered_reef_slope_kmsq,0.38
Wailagilala,sheltered_reef_slope_kmsq,0.38
Wake,sheltered_reef_slope_kmsq,0.01
West_Fayu,sheltered_reef_slope_kmsq,0.05
Willis,sheltered_reef_slope_kmsq,0.0
Woleai,sheltered_reef_slope_kmsq,0.27
Wotho,sheltered_reef_slope_kmsq,0.69
Wotje,sheltered_reef_slope_kmsq,2.15
Zohhoiiyoru,sheltered_reef_slope_kmsq,0.02
Abaiang,sheltered_reef_slope_perc,2.8
Abariringa,sheltered_reef_slope_perc,0.57
Abemama,sheltered_reef_slope_perc,2.35
Addu,sheltered_reef_slope_perc,3.96
Agatti,sheltered_reef_slope_perc,0.2
Ahe,sheltered_reef_slope_perc,2.52
Ahunui,sheltered_reef_slope_perc,6.53
Ailinginae,sheltered_reef_slope_perc,0.14
Ailinglaplap,sheltered_reef_slope_perc,1.89
Ailuk,sheltered_reef_slope_perc,1.06
Aldabra,sheltered_reef_slope_perc,3.57
Alphonse,sheltered_reef_slope_perc,4.5
Amanu,sheltered_reef_slope_perc,3.85
Anaa,sheltered_reef_slope_perc,0.39
Analtin,sheltered_reef_slope_perc,1.81
Ant,sheltered_reef_slope_perc,1.32
Anuanuraro,sheltered_reef_slope_perc,6.07
Anuanurunga,sheltered_reef_slope_perc,0.38
Apataki,sheltered_reef_slope_perc,0.95
Aranuka,sheltered_reef_slope_perc,1.37
Aratika,sheltered_reef_slope_perc,1.06
Ari,sheltered_reef_slope_perc,6.51
Arno,sheltered_reef_slope_perc,3.59
Arutua,sheltered_reef_slope_perc,1.93
Ashmore,sheltered_reef_slope_perc,0.07
Astove,sheltered_reef_slope_perc,3.65
Atafu,sheltered_reef_slope_perc,1.85
Aur,sheltered_reef_slope_perc,1.93
Awin,sheltered_reef_slope_perc,0.0
Bangaram,sheltered_reef_slope_perc,1.53
Beautemps-Beaupre,sheltered_reef_slope_perc,10.41
Bellona,sheltered_reef_slope_perc,0.0
Beru,sheltered_reef_slope_perc,4.19
Bikar,sheltered_reef_slope_perc,0.02
Bikini,sheltered_reef_slope_perc,1.06
Birnie,sheltered_reef_slope_perc,12.7
Bitra_Par,sheltered_reef_slope_perc,4.57
Bokaak,sheltered_reef_slope_perc,0.5
Bramble_Haven,sheltered_reef_slope_perc,0.0
Budibudi,sheltered_reef_slope_perc,0.37
Butaritari,sheltered_reef_slope_perc,2.17
Byramgore,sheltered_reef_slope_perc,2.82
Caroline,sheltered_reef_slope_perc,0.41
Cato,sheltered_reef_slope_perc,0.0
Cherbaniani,sheltered_reef_slope_perc,1.64
Chesterfield,sheltered_reef_slope_perc,0.0
Chetlat,sheltered_reef_slope_perc,0.32
Clipperton,sheltered_reef_slope_perc,17.87
Conflict,sheltered_reef_slope_perc,4.54
Cosmoledo,sheltered_reef_slope_perc,3.39
Desroches,sheltered_reef_slope_perc,11.82
Diego_Garcia,sheltered_reef_slope_perc,1.45
Ducie,sheltered_reef_slope_perc,0.73
Eauripik,sheltered_reef_slope_perc,2.3
Ebon,sheltered_reef_slope_perc,0.13
Egmont,sheltered_reef_slope_perc,5.93
Egum,sheltered_reef_slope_perc,1.21
Elato,sheltered_reef_slope_perc,0.5
Enderbury,sheltered_reef_slope_perc,3.28
Eniwetok,sheltered_reef_slope_perc,2.11
Erikub,sheltered_reef_slope_perc,5.34
Etal,sheltered_reef_slope_perc,1.11
Europa,sheltered_reef_slope_perc,0.87
Faadhippolhu,sheltered_reef_slope_perc,3.99
Faaite,sheltered_reef_slope_perc,1.26
Fakahina,sheltered_reef_slope_perc,8.91
Fakaofo,sheltered_reef_slope_perc,1.24
Fakarava,sheltered_reef_slope_perc,0.48
Fangatau,sheltered_reef_slope_perc,5.09
Fangataufa,sheltered_reef_slope_perc,4.35
Faraulep,sheltered_reef_slope_perc,0.25
Farquhar,sheltered_reef_slope_perc,3.79
Fasdhuthere,sheltered_reef_slope_perc,3.2
Felidhu,sheltered_reef_slope_perc,8.84
French_Frigate_Shoals,sheltered_reef_slope_perc,0.0
Funafuti,sheltered_reef_slope_perc,14.7
Fuvahmulah,sheltered_reef_slope_perc,1.55
Gaafaru,sheltered_reef_slope_perc,3.82
Glorioso,sheltered_reef_slope_perc,4.59
Goidhoo,sheltered_reef_slope_perc,6.35
Great_Chagos_Bank,sheltered_reef_slope_perc,3.65
Haddhunmathi,sheltered_reef_slope_perc,3.32
Hao,sheltered_reef_slope_perc,1.69
Haraiki,sheltered_reef_slope_perc,3.47
Helen,sheltered_reef_slope_perc,0.06
Hereheretue,sheltered_reef_slope_perc,0.53
Hikueru,sheltered_reef_slope_perc,0.04
Hiti,sheltered_reef_slope_perc,2.23
Huon,sheltered_reef_slope_perc,12.77
Huvadhu,sheltered_reef_slope_perc,4.87
Ifalik,sheltered_reef_slope_perc,3.15
Ihavandhippolu,sheltered_reef_slope_perc,1.47
Jaluit,sheltered_reef_slope_perc,1.08
Jemo,sheltered_reef_slope_perc,13.48
Johnston,sheltered_reef_slope_perc,0.2
Kaashidhoo,sheltered_reef_slope_perc,1.46
Kademat,sheltered_reef_slope_perc,1.38
Kalpeni,sheltered_reef_slope_perc,2.89
Kapingamarangi,sheltered_reef_slope_perc,1.33
Katiu,sheltered_reef_slope_perc,1.09
Kauehi,sheltered_reef_slope_perc,2.42
Kaukura,sheltered_reef_slope_perc,0.16
Kavaratti,sheltered_reef_slope_perc,5.23
Kilinailau,sheltered_reef_slope_perc,0.86
Kiltan,sheltered_reef_slope_perc,1.39
Kiritimati,sheltered_reef_slope_perc,6.92
Kolhumadulu,sheltered_reef_slope_perc,4.22
Kuop,sheltered_reef_slope_perc,0.79
Kure,sheltered_reef_slope_perc,0.31
Kuria,sheltered_reef_slope_perc,6.87
Kurimarau,sheltered_reef_slope_perc,6.53
Kwajalein,sheltered_reef_slope_perc,4.68
Lae,sheltered_reef_slope_perc,0.43
Lamotrek,sheltered_reef_slope_perc,0.58
Laualau,sheltered_reef_slope_perc,0.0
Laysan,sheltered_reef_slope_perc,0.0
Leli,sheltered_reef_slope_perc,0.0
Lib,sheltered_reef_slope_perc,1.58
Lihou,sheltered_reef_slope_perc,0.0
Likiep,sheltered_reef_slope_perc,4.53
Liot,sheltered_reef_slope_perc,0.0
Lisianski,sheltered_reef_slope_perc,0.0
Long_Reef,sheltered_reef_slope_perc,0.28
Loraine_Anobat,sheltered_reef_slope_perc,52.0
Losap,sheltered_reef_slope_perc,0.91
Losiep,sheltered_reef_slope_perc,0.11
Lukunor,sheltered_reef_slope_perc,1.76
Mabui,sheltered_reef_slope_perc,15.42
Maiana,sheltered_reef_slope_perc,6.47
Majuro,sheltered_reef_slope_perc,1.5
Makemo,sheltered_reef_slope_perc,0.9
Makin,sheltered_reef_slope_perc,1.85
Makunudhoo,sheltered_reef_slope_perc,4.82
Malden,sheltered_reef_slope_perc,1.21
Maloelap,sheltered_reef_slope_perc,1.2
Malum,sheltered_reef_slope_perc,5.82
Manihi,sheltered_reef_slope_perc,3.04
Manihiki,sheltered_reef_slope_perc,0.23
Manra,sheltered_reef_slope_perc,5.67
Manuae,sheltered_reef_slope_perc,0.01
Manuhangi,sheltered_reef_slope_perc,3.78
Marakei,sheltered_reef_slope_perc,1.98
Maria,sheltered_reef_slope_perc,0.45
Maria_Est,sheltered_reef_slope_perc,2.97
Marokau,sheltered_reef_slope_perc,1.03
Marutea_Nord,sheltered_reef_slope_perc,0.57
Marutea_Sud,sheltered_reef_slope_perc,1.9
Mataiva,sheltered_reef_slope_perc,0.86
Matureivavao,sheltered_reef_slope_perc,0.23
Maupihaa,sheltered_reef_slope_perc,0.91
Mellish,sheltered_reef_slope_perc,0.0
Midway,sheltered_reef_slope_perc,0.42
Mili,sheltered_reef_slope_perc,2.08
Minicoy,sheltered_reef_slope_perc,4.21
Mokil,sheltered_reef_slope_perc,0.01
Morane,sheltered_reef_slope_perc,7.26
Moruroa,sheltered_reef_slope_perc,3.09
Motu_One,sheltered_reef_slope_perc,2.49
Motutunga,sheltered_reef_slope_perc,0.95
Mulaku,sheltered_reef_slope_perc,4.47
Murilo,sheltered_reef_slope_perc,0.43
Namoluk,sheltered_reef_slope_perc,2.8
Namonuito,sheltered_reef_slope_perc,0.54
Namorik,sheltered_reef_slope_perc,0.48
Namu,sheltered_reef_slope_perc,2.2
Nanumanga,sheltered_reef_slope_perc,4.38
Nanumea,sheltered_reef_slope_perc,0.66
Napuka,sheltered_reef_slope_perc,1.93
Nengonengo,sheltered_reef_slope_perc,2.62
Ngcheangel,sheltered_reef_slope_perc,1.1
Ngulu,sheltered_reef_slope_perc,0.77
Niau,sheltered_reef_slope_perc,11.97
Nihiru,sheltered_reef_slope_perc,0.76
Nikumaroro,sheltered_reef_slope_perc,0.33
Nikunau,sheltered_reef_slope_perc,10.57
Ninigo,sheltered_reef_slope_perc,2.43
Nissan,sheltered_reef_slope_perc,2.72
Niulakita,sheltered_reef_slope_perc,0.86
Niutao,sheltered_reef_slope_perc,2.31
Nomwin,sheltered_reef_slope_perc,0.65
Nonouti,sheltered_reef_slope_perc,2.4
North_Keeling,sheltered_reef_slope_perc,0.57
North_Maalhosmadulu,sheltered_reef_slope_perc,5.79
North_Male,sheltered_reef_slope_perc,5.54
North_Nilandhe,sheltered_reef_slope_perc,5.8
North_Tubbataha,sheltered_reef_slope_perc,7.91
Nuguria,sheltered_reef_slope_perc,2.07
Nui,sheltered_reef_slope_perc,0.13
Nukapu,sheltered_reef_slope_perc,9.29
Nukufetau,sheltered_reef_slope_perc,9.24
Nukulaelae,sheltered_reef_slope_perc,3.91
Nukumanu,sheltered_reef_slope_perc,1.68
Nukumbasanga,sheltered_reef_slope_perc,8.75
Nukunonu,sheltered_reef_slope_perc,2.84
Nukuoro,sheltered_reef_slope_perc,3.05
Nukusemanu,sheltered_reef_slope_perc,8.82
Nukutepipi,sheltered_reef_slope_perc,1.15
Numa_Miombilou,sheltered_reef_slope_perc,9.43
Nupani,sheltered_reef_slope_perc,15.56
Oeno,sheltered_reef_slope_perc,0.26
Olimarao,sheltered_reef_slope_perc,3.07
Onotoa,sheltered_reef_slope_perc,15.61
Ontong_Java,sheltered_reef_slope_perc,5.36
Oroluk,sheltered_reef_slope_perc,1.27
Orona,sheltered_reef_slope_perc,0.41
Pakin,sheltered_reef_slope_perc,2.48
Palmerston,sheltered_reef_slope_perc,1.32
Palmyra,sheltered_reef_slope_perc,7.46
Paraoa,sheltered_reef_slope_perc,2.74
Pearl_and_Hermes,sheltered_reef_slope_perc,0.0
Peremul_Par,sheltered_reef_slope_perc,1.56
Peros_Banhos,sheltered_reef_slope_perc,4.31
Pinaki,sheltered_reef_slope_perc,5.44
Pingelap,sheltered_reef_slope_perc,0.33
Pinipel,sheltered_reef_slope_perc,3.37
Platte,sheltered_reef_slope_perc,10.63
Providence,sheltered_reef_slope_perc,8.32
Pukapuka,sheltered_reef_slope_perc,1.28
Puka-Puka,sheltered_reef_slope_perc,0.28
Pukarua,sheltered_reef_slope_perc,1.88
Pulap,sheltered_reef_slope_perc,1.38
Pulusuk,sheltered_reef_slope_perc,2.13
Puluwat,sheltered_reef_slope_perc,4.62
Qelelevu,sheltered_reef_slope_perc,4.88
Rakahanga,sheltered_reef_slope_perc,0.4
Rangiroa,sheltered_reef_slope_perc,0.99
Raraka,sheltered_reef_slope_perc,1.75
Raroia,sheltered_reef_slope_perc,1.85
Rasdhoo,sheltered_reef_slope_perc,1.88
Ravahere,sheltered_reef_slope_perc,0.73
Reao,sheltered_reef_slope_perc,2.81
Redlick,sheltered_reef_slope_perc,3.62
Reitoru,sheltered_reef_slope_perc,0.92
Rekareka,sheltered_reef_slope_perc,3.6
Rongelap,sheltered_reef_slope_perc,0.59
Rongerik,sheltered_reef_slope_perc,1.49
Rose,sheltered_reef_slope_perc,0.27
Rowa,sheltered_reef_slope_perc,8.7
Saloman,sheltered_reef_slope_perc,9.62
Sama,sheltered_reef_slope_perc,4.76
Samasuma,sheltered_reef_slope_perc,6.03
Sapwuahfik,sheltered_reef_slope_perc,0.79
Satawan,sheltered_reef_slope_perc,1.01
Scilly,sheltered_reef_slope_perc,1.03
Sikaiana,sheltered_reef_slope_perc,0.0
Sorol,sheltered_reef_slope_perc,0.45
South_Keeling,sheltered_reef_slope_perc,0.11
South_Maalhosmadulu,sheltered_reef_slope_perc,4.14
South_Male,sheltered_reef_slope_perc,9.35
South_Nilandhe,sheltered_reef_slope_perc,6.84
South_Tubbataha,sheltered_reef_slope_perc,2.37
St_Francois,sheltered_reef_slope_perc,1.28
St_Joseph,sheltered_reef_slope_perc,3.65
Starbuck,sheltered_reef_slope_perc,2.53
Suheli_Par,sheltered_reef_slope_perc,1.71
Surprise,sheltered_reef_slope_perc,13.57
Suwarrow,sheltered_reef_slope_perc,0.66
Swains,sheltered_reef_slope_perc,2.61
Tabiteuea,sheltered_reef_slope_perc,3.92
Tabuaeran,sheltered_reef_slope_perc,3.55
Taenga,sheltered_reef_slope_perc,0.89
Tahanea,sheltered_reef_slope_perc,1.26
Taiaro,sheltered_reef_slope_perc,14.2
Taka,sheltered_reef_slope_perc,1.79
Takapoto,sheltered_reef_slope_perc,3.99
Takaroa,sheltered_reef_slope_perc,3.34
Takume,sheltered_reef_slope_perc,2.3
Takuu,sheltered_reef_slope_perc,1.58
Tarawa,sheltered_reef_slope_perc,2.34
Tatakoto,sheltered_reef_slope_perc,1.1
Tauere,sheltered_reef_slope_perc,0.04
Tekokota,sheltered_reef_slope_perc,0.54
Temitangi,sheltered_reef_slope_perc,4.76
Temoe,sheltered_reef_slope_perc,0.58
Tenararo,sheltered_reef_slope_perc,9.71
Tenaruga,sheltered_reef_slope_perc,6.92
Tepoto,sheltered_reef_slope_perc,1.11
Teraina,sheltered_reef_slope_perc,31.23
Tetiaroa,sheltered_reef_slope_perc,1.7
Thiladhunmathi,sheltered_reef_slope_perc,4.05
Thoddoo,sheltered_reef_slope_perc,0.58
Tikehau,sheltered_reef_slope_perc,1.13
Tilianu,sheltered_reef_slope_perc,42.0
Toau,sheltered_reef_slope_perc,0.24
Tongareva,sheltered_reef_slope_perc,1.02
Torlesse,sheltered_reef_slope_perc,10.18
Tuanake,sheltered_reef_slope_perc,2.47
Tupai,sheltered_reef_slope_perc,2.06
Tureia,sheltered_reef_slope_perc,4.77
Ujae,sheltered_reef_slope_perc,1.46
Ujelang,sheltered_reef_slope_perc,1.29
Ulithi,sheltered_reef_slope_perc,1.26
Utirik,sheltered_reef_slope_perc,2.24
Vahanga,sheltered_reef_slope_perc,6.56
Vahitahi,sheltered_reef_slope_perc,0.56
Vairaatea,sheltered_reef_slope_perc,2.97
Vaitupu,sheltered_reef_slope_perc,17.26
Vanavana,sheltered_reef_slope_perc,3.74
Vattaru,sheltered_reef_slope_perc,2.75
Wailagilala,sheltered_reef_slope_perc,3.26
Wake,sheltered_reef_slope_perc,0.09
West_Fayu,sheltered_reef_slope_perc,0.58
Willis,sheltered_reef_slope_perc,0.0
Woleai,sheltered_reef_slope_perc,1.44
Wotho,sheltered_reef_slope_perc,1.4
Wotje,sheltered_reef_slope_perc,2.08
Zohhoiiyoru,sheltered_reef_slope_perc,0.7
Abaiang,reef_crest_kmsq,5.07
Abariringa,reef_crest_kmsq,0.96
Abemama,reef_crest_kmsq,1.35
Addu,reef_crest_kmsq,2.23
Agatti,reef_crest_kmsq,0.62
Ahe,reef_crest_kmsq,0.27
Ahunui,reef_crest_kmsq,0.05
Ailinginae,reef_crest_kmsq,1.71
Ailinglaplap,reef_crest_kmsq,2.39
Ailuk,reef_crest_kmsq,2.02
Aldabra,reef_crest_kmsq,8.0
Alphonse,reef_crest_kmsq,1.11
Amanu,reef_crest_kmsq,0.18
Anaa,reef_crest_kmsq,1.26
Analtin,reef_crest_kmsq,1.22
Ant,reef_crest_kmsq,2.4
Anuanuraro,reef_crest_kmsq,0.62
Anuanurunga,reef_crest_kmsq,0.09
Apataki,reef_crest_kmsq,1.44
Aranuka,reef_crest_kmsq,0.83
Aratika,reef_crest_kmsq,1.06
Ari,reef_crest_kmsq,6.39
Arno,reef_crest_kmsq,2.67
Arutua,reef_crest_kmsq,0.55
Ashmore,reef_crest_kmsq,6.47
Astove,reef_crest_kmsq,2.1
Atafu,reef_crest_kmsq,1.45
Aur,reef_crest_kmsq,2.57
Awin,reef_crest_kmsq,0.27
Bangaram,reef_crest_kmsq,0.87
Beautemps-Beaupre,reef_crest_kmsq,0.59
Bellona,reef_crest_kmsq,1.37
Beru,reef_crest_kmsq,0.38
Bikar,reef_crest_kmsq,0.98
Bikini,reef_crest_kmsq,3.61
Birnie,reef_crest_kmsq,0.01
Bitra_Par,reef_crest_kmsq,0.21
Bokaak,reef_crest_kmsq,0.75
Bramble_Haven,reef_crest_kmsq,2.47
Budibudi,reef_crest_kmsq,0.47
Butaritari,reef_crest_kmsq,1.28
Byramgore,reef_crest_kmsq,0.43
Caroline,reef_crest_kmsq,0.16
Cato,reef_crest_kmsq,0.24
Cherbaniani,reef_crest_kmsq,1.04
Chesterfield,reef_crest_kmsq,5.01
Chetlat,reef_crest_kmsq,0.06
Clipperton,reef_crest_kmsq,0.82
Conflict,reef_crest_kmsq,1.6
Cosmoledo,reef_crest_kmsq,4.51
Desroches,reef_crest_kmsq,1.06
Diego_Garcia,reef_crest_kmsq,0.0
Ducie,reef_crest_kmsq,0.12
Eauripik,reef_crest_kmsq,1.65
Ebon,reef_crest_kmsq,0.46
Egmont,reef_crest_kmsq,0.75
Egum,reef_crest_kmsq,1.23
Elato,reef_crest_kmsq,1.61
Enderbury,reef_crest_kmsq,0.71
Eniwetok,reef_crest_kmsq,2.03
Erikub,reef_crest_kmsq,1.87
Etal,reef_crest_kmsq,1.39
Europa,reef_crest_kmsq,1.46
Faadhippolhu,reef_crest_kmsq,2.2
Faaite,reef_crest_kmsq,2.58
Fakahina,reef_crest_kmsq,0.66
Fakaofo,reef_crest_kmsq,2.93
Fakarava,reef_crest_kmsq,2.98
Fangatau,reef_crest_kmsq,0.18
Fangataufa,reef_crest_kmsq,0.49
Faraulep,reef_crest_kmsq,0.95
Farquhar,reef_crest_kmsq,7.61
Fasdhuthere,reef_crest_kmsq,0.32
Felidhu,reef_crest_kmsq,2.69
French_Frigate_Shoals,reef_crest_kmsq,3.52
Funafuti,reef_crest_kmsq,4.29
Fuvahmulah,reef_crest_kmsq,0.1
Gaafaru,reef_crest_kmsq,0.23
Glorioso,reef_crest_kmsq,2.07
Goidhoo,reef_crest_kmsq,0.46
Great_Chagos_Bank,reef_crest_kmsq,0.52
Haddhunmathi,reef_crest_kmsq,5.15
Hao,reef_crest_kmsq,1.36
Haraiki,reef_crest_kmsq,0.19
Helen,reef_crest_kmsq,4.34
Hereheretue,reef_crest_kmsq,0.43
Hikueru,reef_crest_kmsq,0.09
Hiti,reef_crest_kmsq,0.36
Huon,reef_crest_kmsq,3.29
Huvadhu,reef_crest_kmsq,10.33
Ifalik,reef_crest_kmsq,0.73
Ihavandhippolu,reef_crest_kmsq,0.5
Jaluit,reef_crest_kmsq,2.12
Jemo,reef_crest_kmsq,0.14
Johnston,reef_crest_kmsq,0.93
Kaashidhoo,reef_crest_kmsq,0.18
Kademat,reef_crest_kmsq,0.64
Kalpeni,reef_crest_kmsq,0.53
Kapingamarangi,reef_crest_kmsq,2.08
Katiu,reef_crest_kmsq,0.87
Kauehi,reef_crest_kmsq,0.94
Kaukura,reef_crest_kmsq,1.7
Kavaratti,reef_crest_kmsq,0.12
Kilinailau,reef_crest_kmsq,3.32
Kiltan,reef_crest_kmsq,0.1
Kiritimati,reef_crest_kmsq,5.78
Kolhumadulu,reef_crest_kmsq,5.2
Kuop,reef_crest_kmsq,2.74
Kure,reef_crest_kmsq,1.21
Kuria,reef_crest_kmsq,1.12
Kurimarau,reef_crest_kmsq,0.07
Kwajalein,reef_crest_kmsq,8.76
Lae,reef_crest_kmsq,0.74
Lamotrek,reef_crest_kmsq,0.99
Laualau,reef_crest_kmsq,0.51
Laysan,reef_crest_kmsq,0.18
Leli,reef_crest_kmsq,0.16
Lib,reef_crest_kmsq,0.2
Lihou,reef_crest_kmsq,5.5
Likiep,reef_crest_kmsq,2.33
Liot,reef_crest_kmsq,0.3
Lisianski,reef_crest_kmsq,1.33
Long_Reef,reef_crest_kmsq,11.4
Loraine_Anobat,reef_crest_kmsq,0.05
Losap,reef_crest_kmsq,1.97
Losiep,reef_crest_kmsq,0.8
Lukunor,reef_crest_kmsq,2.98
Mabui,reef_crest_kmsq,0.02
Maiana,reef_crest_kmsq,1.54
Majuro,reef_crest_kmsq,1.53
Makemo,reef_crest_kmsq,4.73
Makin,reef_crest_kmsq,0.25
Makunudhoo,reef_crest_kmsq,0.62
Malden,reef_crest_kmsq,0.19
Maloelap,reef_crest_kmsq,5.0
Malum,reef_crest_kmsq,2.35
Manihi,reef_crest_kmsq,0.38
Manihiki,reef_crest_kmsq,0.73
Manra,reef_crest_kmsq,0.31
Manuae,reef_crest_kmsq,0.18
Manuhangi,reef_crest_kmsq,0.28
Marakei,reef_crest_kmsq,0.54
Maria,reef_crest_kmsq,0.11
Maria_Est,reef_crest_kmsq,0.67
Marokau,reef_crest_kmsq,1.98
Marutea_Nord,reef_crest_kmsq,3.07
Marutea_Sud,reef_crest_kmsq,2.05
Mataiva,reef_crest_kmsq,0.76
Matureivavao,reef_crest_kmsq,0.54
Maupihaa,reef_crest_kmsq,0.7
Mellish,reef_crest_kmsq,0.54
Midway,reef_crest_kmsq,2.12
Mili,reef_crest_kmsq,3.26
Minicoy,reef_crest_kmsq,0.35
Mokil,reef_crest_kmsq,1.12
Morane,reef_crest_kmsq,0.47
Moruroa,reef_crest_kmsq,1.38
Motu_One,reef_crest_kmsq,0.04
Motutunga,reef_crest_kmsq,0.64
Mulaku,reef_crest_kmsq,3.63
Murilo,reef_crest_kmsq,4.77
Namoluk,reef_crest_kmsq,1.53
Namonuito,reef_crest_kmsq,3.05
Namorik,reef_crest_kmsq,0.42
Namu,reef_crest_kmsq,3.98
Nanumanga,reef_crest_kmsq,0.62
Nanumea,reef_crest_kmsq,0.89
Napuka,reef_crest_kmsq,0.09
Nengonengo,reef_crest_kmsq,0.8
Ngcheangel,reef_crest_kmsq,0.64
Ngulu,reef_crest_kmsq,3.51
Niau,reef_crest_kmsq,0.49
Nihiru,reef_crest_kmsq,0.73
Nikumaroro,reef_crest_kmsq,0.29
Nikunau,reef_crest_kmsq,0.88
Ninigo,reef_crest_kmsq,2.89
Nissan,reef_crest_kmsq,0.65
Niulakita,reef_crest_kmsq,0.0
Niutao,reef_crest_kmsq,0.21
Nomwin,reef_crest_kmsq,4.32
Nonouti,reef_crest_kmsq,2.65
North_Keeling,reef_crest_kmsq,0.0
North_Maalhosmadulu,reef_crest_kmsq,2.3
North_Male,reef_crest_kmsq,4.57
North_Nilandhe,reef_crest_kmsq,2.03
North_Tubbataha,reef_crest_kmsq,1.83
Nuguria,reef_crest_kmsq,5.05
Nui,reef_crest_kmsq,0.36
Nukapu,reef_crest_kmsq,0.42
Nukufetau,reef_crest_kmsq,4.22
Nukulaelae,reef_crest_kmsq,2.75
Nukumanu,reef_crest_kmsq,3.76
Nukumbasanga,reef_crest_kmsq,0.0
Nukunonu,reef_crest_kmsq,2.71
Nukuoro,reef_crest_kmsq,1.82
Nukusemanu,reef_crest_kmsq,2.31
Nukutepipi,reef_crest_kmsq,0.21
Numa_Miombilou,reef_crest_kmsq,2.99
Nupani,reef_crest_kmsq,0.98
Oeno,reef_crest_kmsq,0.44
Olimarao,reef_crest_kmsq,0.6
Onotoa,reef_crest_kmsq,1.2
Ontong_Java,reef_crest_kmsq,10.73
Oroluk,reef_crest_kmsq,8.61
Orona,reef_crest_kmsq,0.84
Pakin,reef_crest_kmsq,1.61
Palmerston,reef_crest_kmsq,0.7
Palmyra,reef_crest_kmsq,1.07
Paraoa,reef_crest_kmsq,0.32
Pearl_and_Hermes,reef_crest_kmsq,6.24
Peremul_Par,reef_crest_kmsq,1.39
Peros_Banhos,reef_crest_kmsq,2.35
Pinaki,reef_crest_kmsq,0.22
Pingelap,reef_crest_kmsq,0.55
Pinipel,reef_crest_kmsq,0.44
Platte,reef_crest_kmsq,1.17
Providence,reef_crest_kmsq,3.34
Pukapuka,reef_crest_kmsq,0.49
Puka-Puka,reef_crest_kmsq,0.2
Pukarua,reef_crest_kmsq,0.21
Pulap,reef_crest_kmsq,1.26
Pulusuk,reef_crest_kmsq,0.52
Puluwat,reef_crest_kmsq,0.61
Qelelevu,reef_crest_kmsq,2.58
Rakahanga,reef_crest_kmsq,0.22
Rangiroa,reef_crest_kmsq,2.69
Raraka,reef_crest_kmsq,1.31
Raroia,reef_crest_kmsq,0.27
Rasdhoo,reef_crest_kmsq,0.9
Ravahere,reef_crest_kmsq,1.16
Reao,reef_crest_kmsq,0.31
Redlick,reef_crest_kmsq,0.31
Reitoru,reef_crest_kmsq,0.33
Rekareka,reef_crest_kmsq,0.2
Rongelap,reef_crest_kmsq,4.89
Rongerik,reef_crest_kmsq,2.23
Rose,reef_crest_kmsq,0.41
Rowa,reef_crest_kmsq,0.79
Saloman,reef_crest_kmsq,0.51
Sama,reef_crest_kmsq,0.28
Samasuma,reef_crest_kmsq,0.42
Sapwuahfik,reef_crest_kmsq,3.23
Satawan,reef_crest_kmsq,6.04
Scilly,reef_crest_kmsq,1.71
Sikaiana,reef_crest_kmsq,1.32
Sorol,reef_crest_kmsq,2.67
South_Keeling,reef_crest_kmsq,5.0
South_Maalhosmadulu,reef_crest_kmsq,2.28
South_Male,reef_crest_kmsq,3.16
South_Nilandhe,reef_crest_kmsq,4.74
South_Tubbataha,reef_crest_kmsq,0.83
St_Francois,reef_crest_kmsq,2.88
St_Joseph,reef_crest_kmsq,2.12
Starbuck,reef_crest_kmsq,0.87
Suheli_Par,reef_crest_kmsq,0.86
Surprise,reef_crest_kmsq,3.55
Suwarrow,reef_crest_kmsq,1.39
Swains,reef_crest_kmsq,0.23
Tabiteuea,reef_crest_kmsq,2.51
Tabuaeran,reef_crest_kmsq,2.33
Taenga,reef_crest_kmsq,1.41
Tahanea,reef_crest_kmsq,2.58
Taiaro,reef_crest_kmsq,0.26
Taka,reef_crest_kmsq,0.83
Takapoto,reef_crest_kmsq,0.14
Takaroa,reef_crest_kmsq,0.13
Takume,reef_crest_kmsq,0.16
Takuu,reef_crest_kmsq,2.96
Tarawa,reef_crest_kmsq,2.34
Tatakoto,reef_crest_kmsq,0.31
Tauere,reef_crest_kmsq,0.09
Tekokota,reef_crest_kmsq,0.29
Temitangi,reef_crest_kmsq,0.65
Temoe,reef_crest_kmsq,0.78
Tenararo,reef_crest_kmsq,0.1
Tenaruga,reef_crest_kmsq,0.44
Tepoto,reef_crest_kmsq,0.12
Teraina,reef_crest_kmsq,0.34
Tetiaroa,reef_crest_kmsq,0.28
Thiladhunmathi,reef_crest_kmsq,3.44
Thoddoo,reef_crest_kmsq,0.23
Tikehau,reef_crest_kmsq,0.38
Tilianu,reef_crest_kmsq,0.0
Toau,reef_crest_kmsq,1.5
Tongareva,reef_crest_kmsq,1.15
Torlesse,reef_crest_kmsq,0.49
Tuanake,reef_crest_kmsq,0.35
Tupai,reef_crest_kmsq,0.32
Tureia,reef_crest_kmsq,1.19
Ujae,reef_crest_kmsq,1.75
Ujelang,reef_crest_kmsq,1.31
Ulithi,reef_crest_kmsq,4.72
Utirik,reef_crest_kmsq,1.18
Vahanga,reef_crest_kmsq,0.47
Vahitahi,reef_crest_kmsq,0.2
Vairaatea,reef_crest_kmsq,0.11
Vaitupu,reef_crest_kmsq,0.66
Vanavana,reef_crest_kmsq,0.55
Vattaru,reef_crest_kmsq,0.37
Wailagilala,reef_crest_kmsq,0.95
Wake,reef_crest_kmsq,0.41
West_Fayu,reef_crest_kmsq,0.5
Willis,reef_crest_kmsq,2.94
Woleai,reef_crest_kmsq,1.4
Wotho,reef_crest_kmsq,1.92
Wotje,reef_crest_kmsq,2.72
Zohhoiiyoru,reef_crest_kmsq,0.29
Abaiang,reef_crest_perc,2.35
Abariringa,reef_crest_perc,1.79
Abemama,reef_crest_perc,0.92
Addu,reef_crest_perc,4.55
Agatti,reef_crest_perc,2.55
Ahe,reef_crest_perc,1.2
Ahunui,reef_crest_perc,2.45
Ailinginae,reef_crest_perc,2.83
Ailinglaplap,reef_crest_perc,2.43
Ailuk,reef_crest_perc,3.08
Aldabra,reef_crest_perc,3.65
Alphonse,reef_crest_perc,5.8
Amanu,reef_crest_perc,0.75
Anaa,reef_crest_perc,2.25
Analtin,reef_crest_perc,3.56
Ant,reef_crest_perc,8.76
Anuanuraro,reef_crest_perc,9.49
Anuanurunga,reef_crest_perc,3.02
Apataki,reef_crest_perc,2.73
Aranuka,reef_crest_perc,1.47
Aratika,reef_crest_perc,4.33
Ari,reef_crest_perc,2.35
Arno,reef_crest_perc,2.29
Arutua,reef_crest_perc,0.81
Ashmore,reef_crest_perc,2.9
Astove,reef_crest_perc,15.27
Atafu,reef_crest_perc,10.7
Aur,reef_crest_perc,5.77
Awin,reef_crest_perc,3.86
Bangaram,reef_crest_perc,1.97
Beautemps-Beaupre,reef_crest_perc,2.95
Bellona,reef_crest_perc,1.41
Beru,reef_crest_perc,0.88
Bikar,reef_crest_perc,1.99
Bikini,reef_crest_perc,3.26
Birnie,reef_crest_perc,0.65
Bitra_Par,reef_crest_perc,0.33
Bokaak,reef_crest_perc,0.8
Bramble_Haven,reef_crest_perc,4.5
Budibudi,reef_crest_perc,4.14
Butaritari,reef_crest_perc,0.71
Byramgore,reef_crest_perc,0.43
Caroline,reef_crest_perc,1.05
Cato,reef_crest_perc,4.41
Cherbaniani,reef_crest_perc,2.19
Chesterfield,reef_crest_perc,1.93
Chetlat,reef_crest_perc,1.06
Clipperton,reef_crest_perc,28.94
Conflict,reef_crest_perc,3.38
Cosmoledo,reef_crest_perc,3.23
Desroches,reef_crest_perc,2.63
Diego_Garcia,reef_crest_perc,0.0
Ducie,reef_crest_perc,3.33
Eauripik,reef_crest_perc,11.73
Ebon,reef_crest_perc,1.55
Egmont,reef_crest_perc,2.81
Egum,reef_crest_perc,3.12
Elato,reef_crest_perc,11.79
Enderbury,reef_crest_perc,36.45
Eniwetok,reef_crest_perc,1.39
Erikub,reef_crest_perc,3.64
Etal,reef_crest_perc,15.09
Europa,reef_crest_perc,11.57
Faadhippolhu,reef_crest_perc,1.95
Faaite,reef_crest_perc,2.44
Fakahina,reef_crest_perc,19.21
Fakaofo,reef_crest_perc,10.1
Fakarava,reef_crest_perc,2.17
Fangatau,reef_crest_perc,6.24
Fangataufa,reef_crest_perc,2.84
Faraulep,reef_crest_perc,12.9
Farquhar,reef_crest_perc,4.52
Fasdhuthere,reef_crest_perc,1.33
Felidhu,reef_crest_perc,1.33
French_Frigate_Shoals,reef_crest_perc,0.76
Funafuti,reef_crest_perc,9.98
Fuvahmulah,reef_crest_perc,3.69
Gaafaru,reef_crest_perc,0.8
Glorioso,reef_crest_perc,4.05
Goidhoo,reef_crest_perc,1.01
Great_Chagos_Bank,reef_crest_perc,0.88
Haddhunmathi,reef_crest_perc,3.5
Hao,reef_crest_perc,2.2
Haraiki,reef_crest_perc,1.18
Helen,reef_crest_perc,5.69
Hereheretue,reef_crest_perc,2.5
Hikueru,reef_crest_perc,0.98
Hiti,reef_crest_perc,3.52
Huon,reef_crest_perc,6.14
Huvadhu,reef_crest_perc,3.23
Ifalik,reef_crest_perc,11.98
Ihavandhippolu,reef_crest_perc,0.6
Jaluit,reef_crest_perc,1.16
Jemo,reef_crest_perc,6.66
Johnston,reef_crest_perc,3.82
Kaashidhoo,reef_crest_perc,2.85
Kademat,reef_crest_perc,2.45
Kalpeni,reef_crest_perc,1.87
Kapingamarangi,reef_crest_perc,8.49
Katiu,reef_crest_perc,2.78
Kauehi,reef_crest_perc,3.98
Kaukura,reef_crest_perc,0.84
Kavaratti,reef_crest_perc,1.68
Kilinailau,reef_crest_perc,4.54
Kiltan,reef_crest_perc,2.29
Kiritimati,reef_crest_perc,4.47
Kolhumadulu,reef_crest_perc,3.12
Kuop,reef_crest_perc,7.66
Kure,reef_crest_perc,2.24
Kuria,reef_crest_perc,5.48
Kurimarau,reef_crest_perc,2.61
Kwajalein,reef_crest_perc,3.54
Lae,reef_crest_perc,5.66
Lamotrek,reef_crest_perc,10.21
Laualau,reef_crest_perc,7.88
Laysan,reef_crest_perc,14.81
Leli,reef_crest_perc,2.66
Lib,reef_crest_perc,17.44
Lihou,reef_crest_perc,4.48
Likiep,reef_crest_perc,2.75
Liot,reef_crest_perc,9.54
Lisianski,reef_crest_perc,1.03
Long_Reef,reef_crest_perc,3.53
Loraine_Anobat,reef_crest_perc,4.84
Losap,reef_crest_perc,11.78
Losiep,reef_crest_perc,13.04
Lukunor,reef_crest_perc,17.8
Mabui,reef_crest_perc,0.5
Maiana,reef_crest_perc,1.06
Majuro,reef_crest_perc,2.24
Makemo,reef_crest_perc,3.41
Makin,reef_crest_perc,3.02
Makunudhoo,reef_crest_perc,0.66
Malden,reef_crest_perc,7.44
Maloelap,reef_crest_perc,5.13
Malum,reef_crest_perc,13.05
Manihi,reef_crest_perc,1.74
Manihiki,reef_crest_perc,5.59
Manra,reef_crest_perc,16.2
Manuae,reef_crest_perc,1.33
Manuhangi,reef_crest_perc,13.88
Marakei,reef_crest_perc,2.2
Maria,reef_crest_perc,1.4
Maria_Est,reef_crest_perc,16.13
Marokau,reef_crest_perc,4.89
Marutea_Nord,reef_crest_perc,2.93
Marutea_Sud,reef_crest_perc,8.93
Mataiva,reef_crest_perc,2.5
Matureivavao,reef_crest_perc,8.84
Maupihaa,reef_crest_perc,3.44
Mellish,reef_crest_perc,2.51
Midway,reef_crest_perc,3.5
Mili,reef_crest_perc,2.1
Minicoy,reef_crest_perc,0.94
Mokil,reef_crest_perc,20.58
Morane,reef_crest_perc,7.57
Moruroa,reef_crest_perc,4.39
Motu_One,reef_crest_perc,0.45
Motutunga,reef_crest_perc,1.87
Mulaku,reef_crest_perc,2.2
Murilo,reef_crest_perc,9.38
Namoluk,reef_crest_perc,21.06
Namonuito,reef_crest_perc,10.8
Namorik,reef_crest_perc,2.99
Namu,reef_crest_perc,4.21
Nanumanga,reef_crest_perc,23.94
Nanumea,reef_crest_perc,4.84
Napuka,reef_crest_perc,0.48
Nengonengo,reef_crest_perc,4.82
Ngcheangel,reef_crest_perc,3.48
Ngulu,reef_crest_perc,8.03
Niau,reef_crest_perc,19.4
Nihiru,reef_crest_perc,2.24
Nikumaroro,reef_crest_perc,3.31
Nikunau,reef_crest_perc,8.14
Ninigo,reef_crest_perc,2.33
Nissan,reef_crest_perc,4.64
Niulakita,reef_crest_perc,0.06
Niutao,reef_crest_perc,13.58
Nomwin,reef_crest_perc,9.02
Nonouti,reef_crest_perc,0.59
North_Keeling,reef_crest_perc,0.0
North_Maalhosmadulu,reef_crest_perc,1.42
North_Male,reef_crest_perc,2.11
North_Nilandhe,reef_crest_perc,1.74
North_Tubbataha,reef_crest_perc,4.08
Nuguria,reef_crest_perc,5.89
Nui,reef_crest_perc,2.2
Nukapu,reef_crest_perc,6.92
Nukufetau,reef_crest_perc,15.47
Nukulaelae,reef_crest_perc,11.09
Nukumanu,reef_crest_perc,9.6
Nukumbasanga,reef_crest_perc,0.0
Nukunonu,reef_crest_perc,12.42
Nukuoro,reef_crest_perc,16.11
Nukusemanu,reef_crest_perc,3.7
Nukutepipi,reef_crest_perc,7.94
Numa_Miombilou,reef_crest_perc,3.41
Nupani,reef_crest_perc,6.36
Oeno,reef_crest_perc,3.75
Olimarao,reef_crest_perc,10.94
Onotoa,reef_crest_perc,4.03
Ontong_Java,reef_crest_perc,7.89
Oroluk,reef_crest_perc,17.13
Orona,reef_crest_perc,3.34
Pakin,reef_crest_perc,11.43
Palmerston,reef_crest_perc,2.5
Palmyra,reef_crest_perc,4.15
Paraoa,reef_crest_perc,5.05
Pearl_and_Hermes,reef_crest_perc,2.01
Peremul_Par,reef_crest_perc,1.69
Peros_Banhos,reef_crest_perc,4.53
Pinaki,reef_crest_perc,10.92
Pingelap,reef_crest_perc,14.11
Pinipel,reef_crest_perc,2.87
Platte,reef_crest_perc,2.96
Providence,reef_crest_perc,0.8
Pukapuka,reef_crest_perc,2.99
Puka-Puka,reef_crest_perc,5.09
Pukarua,reef_crest_perc,1.19
Pulap,reef_crest_perc,14.44
Pulusuk,reef_crest_perc,16.1
Puluwat,reef_crest_perc,15.79
Qelelevu,reef_crest_perc,4.55
Rakahanga,reef_crest_perc,5.33
Rangiroa,reef_crest_perc,1.68
Raraka,reef_crest_perc,4.32
Raroia,reef_crest_perc,0.53
Rasdhoo,reef_crest_perc,3.93
Ravahere,reef_crest_perc,4.6
Reao,reef_crest_perc,1.46
Redlick,reef_crest_perc,1.24
Reitoru,reef_crest_perc,3.07
Rekareka,reef_crest_perc,9.0
Rongelap,reef_crest_perc,3.33
Rongerik,reef_crest_perc,4.07
Rose,reef_crest_perc,9.58
Rowa,reef_crest_perc,3.31
Saloman,reef_crest_perc,3.07
Sama,reef_crest_perc,4.53
Samasuma,reef_crest_perc,4.82
Sapwuahfik,reef_crest_perc,7.54
Satawan,reef_crest_perc,10.33
Scilly,reef_crest_perc,5.57
Sikaiana,reef_crest_perc,10.33
Sorol,reef_crest_perc,21.97
South_Keeling,reef_crest_perc,4.94
South_Maalhosmadulu,reef_crest_perc,1.63
South_Male,reef_crest_perc,2.64
South_Nilandhe,reef_crest_perc,3.7
South_Tubbataha,reef_crest_perc,5.54
St_Francois,reef_crest_perc,4.59
St_Joseph,reef_crest_perc,8.08
Starbuck,reef_crest_perc,27.32
Suheli_Par,reef_crest_perc,1.0
Surprise,reef_crest_perc,4.61
Suwarrow,reef_crest_perc,3.67
Swains,reef_crest_perc,12.74
Tabiteuea,reef_crest_perc,0.48
Tabuaeran,reef_crest_perc,1.92
Taenga,reef_crest_perc,5.46
Tahanea,reef_crest_perc,2.44
Taiaro,reef_crest_perc,24.56
Taka,reef_crest_perc,1.7
Takapoto,reef_crest_perc,0.8
Takaroa,reef_crest_perc,0.54
Takume,reef_crest_perc,0.7
Takuu,reef_crest_perc,10.25
Tarawa,reef_crest_perc,0.89
Tatakoto,reef_crest_perc,1.36
Tauere,reef_crest_perc,0.98
Tekokota,reef_crest_perc,4.17
Temitangi,reef_crest_perc,5.42
Temoe,reef_crest_perc,6.35
Tenararo,reef_crest_perc,3.45
Tenaruga,reef_crest_perc,34.61
Tepoto,reef_crest_perc,4.1
Teraina,reef_crest_perc,8.33
Tetiaroa,reef_crest_perc,1.07
Thiladhunmathi,reef_crest_perc,1.59
Thoddoo,reef_crest_perc,7.98
Tikehau,reef_crest_perc,0.61
Tilianu,reef_crest_perc,0.0
Toau,reef_crest_perc,1.28
Tongareva,reef_crest_perc,2.28
Torlesse,reef_crest_perc,4.82
Tuanake,reef_crest_perc,3.56
Tupai,reef_crest_perc,1.87
Tureia,reef_crest_perc,13.55
Ujae,reef_crest_perc,2.59
Ujelang,reef_crest_perc,3.76
Ulithi,reef_crest_perc,7.43
Utirik,reef_crest_perc,3.01
Vahanga,reef_crest_perc,37.84
Vahitahi,reef_crest_perc,1.68
Vairaatea,reef_crest_perc,1.48
Vaitupu,reef_crest_perc,12.52
Vanavana,reef_crest_perc,33.56
Vattaru,reef_crest_perc,2.7
Wailagilala,reef_crest_perc,8.14
Wake,reef_crest_perc,2.97
West_Fayu,reef_crest_perc,5.94
Willis,reef_crest_perc,5.32
Woleai,reef_crest_perc,7.35
Wotho,reef_crest_perc,3.88
Wotje,reef_crest_perc,2.64
Zohhoiiyoru,reef_crest_perc,11.52
Abaiang,outer_reef_flat_kmsq,36.79
Abariringa,outer_reef_flat_kmsq,5.06
Abemama,outer_reef_flat_kmsq,39.12
Addu,outer_reef_flat_kmsq,15.48
Agatti,outer_reef_flat_kmsq,9.4
Ahe,outer_reef_flat_kmsq,8.93
Ahunui,outer_reef_flat_kmsq,0.0
Ailinginae,outer_reef_flat_kmsq,21.94
Ailinglaplap,outer_reef_flat_kmsq,36.63
Ailuk,outer_reef_flat_kmsq,24.35
Aldabra,outer_reef_flat_kmsq,32.67
Alphonse,outer_reef_flat_kmsq,9.25
Amanu,outer_reef_flat_kmsq,12.11
Anaa,outer_reef_flat_kmsq,10.3
Analtin,outer_reef_flat_kmsq,5.42
Ant,outer_reef_flat_kmsq,9.54
Anuanuraro,outer_reef_flat_kmsq,1.54
Anuanurunga,outer_reef_flat_kmsq,0.47
Apataki,outer_reef_flat_kmsq,21.95
Aranuka,outer_reef_flat_kmsq,15.07
Aratika,outer_reef_flat_kmsq,7.61
Ari,outer_reef_flat_kmsq,56.02
Arno,outer_reef_flat_kmsq,31.5
Arutua,outer_reef_flat_kmsq,25.84
Ashmore,outer_reef_flat_kmsq,23.21
Astove,outer_reef_flat_kmsq,5.66
Atafu,outer_reef_flat_kmsq,2.37
Aur,outer_reef_flat_kmsq,14.0
Awin,outer_reef_flat_kmsq,1.91
Bangaram,outer_reef_flat_kmsq,4.21
Beautemps-Beaupre,outer_reef_flat_kmsq,1.22
Bellona,outer_reef_flat_kmsq,17.84
Beru,outer_reef_flat_kmsq,14.35
Bikar,outer_reef_flat_kmsq,6.93
Bikini,outer_reef_flat_kmsq,37.46
Birnie,outer_reef_flat_kmsq,0.06
Bitra_Par,outer_reef_flat_kmsq,11.5
Bokaak,outer_reef_flat_kmsq,9.17
Bramble_Haven,outer_reef_flat_kmsq,7.83
Budibudi,outer_reef_flat_kmsq,0.9
Butaritari,outer_reef_flat_kmsq,35.35
Byramgore,outer_reef_flat_kmsq,11.75
Caroline,outer_reef_flat_kmsq,9.05
Cato,outer_reef_flat_kmsq,1.97
Cherbaniani,outer_reef_flat_kmsq,7.27
Chesterfield,outer_reef_flat_kmsq,51.48
Chetlat,outer_reef_flat_kmsq,2.05
Clipperton,outer_reef_flat_kmsq,0.42
Conflict,outer_reef_flat_kmsq,11.0
Cosmoledo,outer_reef_flat_kmsq,43.8
Desroches,outer_reef_flat_kmsq,5.32
Diego_Garcia,outer_reef_flat_kmsq,12.58
Ducie,outer_reef_flat_kmsq,2.02
Eauripik,outer_reef_flat_kmsq,8.78
Ebon,outer_reef_flat_kmsq,15.84
Egmont,outer_reef_flat_kmsq,4.01
Egum,outer_reef_flat_kmsq,5.6
Elato,outer_reef_flat_kmsq,4.87
Enderbury,outer_reef_flat_kmsq,0.27
Eniwetok,outer_reef_flat_kmsq,32.81
Erikub,outer_reef_flat_kmsq,10.43
Etal,outer_reef_flat_kmsq,5.03
Europa,outer_reef_flat_kmsq,1.97
Faadhippolhu,outer_reef_flat_kmsq,27.22
Faaite,outer_reef_flat_kmsq,22.96
Fakahina,outer_reef_flat_kmsq,1.88
Fakaofo,outer_reef_flat_kmsq,6.98
Fakarava,outer_reef_flat_kmsq,36.78
Fangatau,outer_reef_flat_kmsq,2.1
Fangataufa,outer_reef_flat_kmsq,5.41
Faraulep,outer_reef_flat_kmsq,2.57
Farquhar,outer_reef_flat_kmsq,40.15
Fasdhuthere,outer_reef_flat_kmsq,4.15
Felidhu,outer_reef_flat_kmsq,38.0
French_Frigate_Shoals,outer_reef_flat_kmsq,11.47
Funafuti,outer_reef_flat_kmsq,9.88
Fuvahmulah,outer_reef_flat_kmsq,0.62
Gaafaru,outer_reef_flat_kmsq,4.38
Glorioso,outer_reef_flat_kmsq,8.74
Goidhoo,outer_reef_flat_kmsq,9.34
Great_Chagos_Bank,outer_reef_flat_kmsq,2.68
Haddhunmathi,outer_reef_flat_kmsq,46.83
Hao,outer_reef_flat_kmsq,20.4
Haraiki,outer_reef_flat_kmsq,5.27
Helen,outer_reef_flat_kmsq,28.96
Hereheretue,outer_reef_flat_kmsq,2.65
Hikueru,outer_reef_flat_kmsq,2.95
Hiti,outer_reef_flat_kmsq,2.0
Huon,outer_reef_flat_kmsq,7.89
Huvadhu,outer_reef_flat_kmsq,86.99
Ifalik,outer_reef_flat_kmsq,1.11
Ihavandhippolu,outer_reef_flat_kmsq,17.97
Jaluit,outer_reef_flat_kmsq,44.37
Jemo,outer_reef_flat_kmsq,0.03
Johnston,outer_reef_flat_kmsq,2.79
Kaashidhoo,outer_reef_flat_kmsq,1.72
Kademat,outer_reef_flat_kmsq,6.99
Kalpeni,outer_reef_flat_kmsq,4.02
Kapingamarangi,outer_reef_flat_kmsq,12.47
Katiu,outer_reef_flat_kmsq,7.36
Kauehi,outer_reef_flat_kmsq,7.94
Kaukura,outer_reef_flat_kmsq,13.41
Kavaratti,outer_reef_flat_kmsq,1.75
Kilinailau,outer_reef_flat_kmsq,15.41
Kiltan,outer_reef_flat_kmsq,1.57
Kiritimati,outer_reef_flat_kmsq,14.53
Kolhumadulu,outer_reef_flat_kmsq,38.11
Kuop,outer_reef_flat_kmsq,10.45
Kure,outer_reef_flat_kmsq,3.71
Kuria,outer_reef_flat_kmsq,10.12
Kurimarau,outer_reef_flat_kmsq,0.25
Kwajalein,outer_reef_flat_kmsq,53.24
Lae,outer_reef_flat_kmsq,4.18
Lamotrek,outer_reef_flat_kmsq,6.71
Laualau,outer_reef_flat_kmsq,2.82
Laysan,outer_reef_flat_kmsq,0.3
Leli,outer_reef_flat_kmsq,1.54
Lib,outer_reef_flat_kmsq,0.23
Lihou,outer_reef_flat_kmsq,32.64
Likiep,outer_reef_flat_kmsq,22.34
Liot,outer_reef_flat_kmsq,0.94
Lisianski,outer_reef_flat_kmsq,0.81
Long_Reef,outer_reef_flat_kmsq,39.49
Loraine_Anobat,outer_reef_flat_kmsq,0.01
Losap,outer_reef_flat_kmsq,6.58
Losiep,outer_reef_flat_kmsq,3.11
Lukunor,outer_reef_flat_kmsq,8.83
Mabui,outer_reef_flat_kmsq,0.79
Maiana,outer_reef_flat_kmsq,16.09
Majuro,outer_reef_flat_kmsq,22.01
Makemo,outer_reef_flat_kmsq,32.52
Makin,outer_reef_flat_kmsq,4.86
Makunudhoo,outer_reef_flat_kmsq,16.3
Malden,outer_reef_flat_kmsq,1.62
Maloelap,outer_reef_flat_kmsq,30.4
Malum,outer_reef_flat_kmsq,2.95
Manihi,outer_reef_flat_kmsq,8.38
Manihiki,outer_reef_flat_kmsq,2.94
Manra,outer_reef_flat_kmsq,0.77
Manuae,outer_reef_flat_kmsq,3.61
Manuhangi,outer_reef_flat_kmsq,1.0
Marakei,outer_reef_flat_kmsq,6.85
Maria,outer_reef_flat_kmsq,3.0
Maria_Est,outer_reef_flat_kmsq,1.06
Marokau,outer_reef_flat_kmsq,9.64
Marutea_Nord,outer_reef_flat_kmsq,9.4
Marutea_Sud,outer_reef_flat_kmsq,6.18
Mataiva,outer_reef_flat_kmsq,5.33
Matureivavao,outer_reef_flat_kmsq,2.15
Maupihaa,outer_reef_flat_kmsq,3.56
Mellish,outer_reef_flat_kmsq,2.54
Midway,outer_reef_flat_kmsq,4.04
Mili,outer_reef_flat_kmsq,36.72
Minicoy,outer_reef_flat_kmsq,3.81
Mokil,outer_reef_flat_kmsq,3.59
Morane,outer_reef_flat_kmsq,1.74
Moruroa,outer_reef_flat_kmsq,12.6
Motu_One,outer_reef_flat_kmsq,2.97
Motutunga,outer_reef_flat_kmsq,8.81
Mulaku,outer_reef_flat_kmsq,39.07
Murilo,outer_reef_flat_kmsq,19.68
Namoluk,outer_reef_flat_kmsq,2.9
Namonuito,outer_reef_flat_kmsq,5.08
Namorik,outer_reef_flat_kmsq,5.22
Namu,outer_reef_flat_kmsq,32.37
Nanumanga,outer_reef_flat_kmsq,0.32
Nanumea,outer_reef_flat_kmsq,8.08
Napuka,outer_reef_flat_kmsq,5.23
Nengonengo,outer_reef_flat_kmsq,6.5
Ngcheangel,outer_reef_flat_kmsq,4.08
Ngulu,outer_reef_flat_kmsq,20.94
Niau,outer_reef_flat_kmsq,0.73
Nihiru,outer_reef_flat_kmsq,5.45
Nikumaroro,outer_reef_flat_kmsq,2.31
Nikunau,outer_reef_flat_kmsq,3.65
Ninigo,outer_reef_flat_kmsq,28.81
Nissan,outer_reef_flat_kmsq,5.13
Niulakita,outer_reef_flat_kmsq,0.0
Niutao,outer_reef_flat_kmsq,0.34
Nomwin,outer_reef_flat_kmsq,16.0
Nonouti,outer_reef_flat_kmsq,33.88
North_Keeling,outer_reef_flat_kmsq,0.0
North_Maalhosmadulu,outer_reef_flat_kmsq,45.21
North_Male,outer_reef_flat_kmsq,37.95
North_Nilandhe,outer_reef_flat_kmsq,21.84
North_Tubbataha,outer_reef_flat_kmsq,11.55
Nuguria,outer_reef_flat_kmsq,11.01
Nui,outer_reef_flat_kmsq,5.34
Nukapu,outer_reef_flat_kmsq,0.49
Nukufetau,outer_reef_flat_kmsq,9.55
Nukulaelae,outer_reef_flat_kmsq,4.67
Nukumanu,outer_reef_flat_kmsq,8.24
Nukumbasanga,outer_reef_flat_kmsq,0.0
Nukunonu,outer_reef_flat_kmsq,4.95
Nukuoro,outer_reef_flat_kmsq,5.55
Nukusemanu,outer_reef_flat_kmsq,4.32
Nukutepipi,outer_reef_flat_kmsq,0.65
Numa_Miombilou,outer_reef_flat_kmsq,12.58
Nupani,outer_reef_flat_kmsq,2.83
Oeno,outer_reef_flat_kmsq,1.97
Olimarao,outer_reef_flat_kmsq,2.24
Onotoa,outer_reef_flat_kmsq,8.43
Ontong_Java,outer_reef_flat_kmsq,38.09
Oroluk,outer_reef_flat_kmsq,31.46
Orona,outer_reef_flat_kmsq,3.18
Pakin,outer_reef_flat_kmsq,4.68
Palmerston,outer_reef_flat_kmsq,7.69
Palmyra,outer_reef_flat_kmsq,2.8
Paraoa,outer_reef_flat_kmsq,2.1
Pearl_and_Hermes,outer_reef_flat_kmsq,24.27
Peremul_Par,outer_reef_flat_kmsq,9.48
Peros_Banhos,outer_reef_flat_kmsq,17.39
Pinaki,outer_reef_flat_kmsq,0.63
Pingelap,outer_reef_flat_kmsq,2.65
Pinipel,outer_reef_flat_kmsq,4.34
Platte,outer_reef_flat_kmsq,10.17
Providence,outer_reef_flat_kmsq,166.13
Pukapuka,outer_reef_flat_kmsq,7.16
Puka-Puka,outer_reef_flat_kmsq,2.23
Pukarua,outer_reef_flat_kmsq,6.02
Pulap,outer_reef_flat_kmsq,2.96
Pulusuk,outer_reef_flat_kmsq,0.35
Puluwat,outer_reef_flat_kmsq,0.99
Qelelevu,outer_reef_flat_kmsq,5.25
Rakahanga,outer_reef_flat_kmsq,1.32
Rangiroa,outer_reef_flat_kmsq,51.36
Raraka,outer_reef_flat_kmsq,7.33
Raroia,outer_reef_flat_kmsq,19.5
Rasdhoo,outer_reef_flat_kmsq,2.48
Ravahere,outer_reef_flat_kmsq,5.4
Reao,outer_reef_flat_kmsq,8.03
Redlick,outer_reef_flat_kmsq,3.94
Reitoru,outer_reef_flat_kmsq,1.1
Rekareka,outer_reef_flat_kmsq,1.15
Rongelap,outer_reef_flat_kmsq,37.29
Rongerik,outer_reef_flat_kmsq,12.67
Rose,outer_reef_flat_kmsq,1.55
Rowa,outer_reef_flat_kmsq,6.49
Saloman,outer_reef_flat_kmsq,4.54
Sama,outer_reef_flat_kmsq,2.23
Samasuma,outer_reef_flat_kmsq,2.43
Sapwuahfik,outer_reef_flat_kmsq,23.6
Satawan,outer_reef_flat_kmsq,25.87
Scilly,outer_reef_flat_kmsq,7.67
Sikaiana,outer_reef_flat_kmsq,2.41
Sorol,outer_reef_flat_kmsq,4.58
South_Keeling,outer_reef_flat_kmsq,14.53
South_Maalhosmadulu,outer_reef_flat_kmsq,30.64
South_Male,outer_reef_flat_kmsq,21.81
South_Nilandhe,outer_reef_flat_kmsq,23.13
South_Tubbataha,outer_reef_flat_kmsq,4.6
St_Francois,outer_reef_flat_kmsq,28.18
St_Joseph,outer_reef_flat_kmsq,11.11
Starbuck,outer_reef_flat_kmsq,1.95
Suheli_Par,outer_reef_flat_kmsq,6.73
Surprise,outer_reef_flat_kmsq,13.86
Suwarrow,outer_reef_flat_kmsq,17.07
Swains,outer_reef_flat_kmsq,0.0
Tabiteuea,outer_reef_flat_kmsq,65.62
Tabuaeran,outer_reef_flat_kmsq,4.72
Taenga,outer_reef_flat_kmsq,10.29
Tahanea,outer_reef_flat_kmsq,22.96
Taiaro,outer_reef_flat_kmsq,0.22
Taka,outer_reef_flat_kmsq,18.24
Takapoto,outer_reef_flat_kmsq,5.41
Takaroa,outer_reef_flat_kmsq,6.67
Takume,outer_reef_flat_kmsq,12.27
Takuu,outer_reef_flat_kmsq,8.81
Tarawa,outer_reef_flat_kmsq,33.39
Tatakoto,outer_reef_flat_kmsq,5.9
Tauere,outer_reef_flat_kmsq,2.95
Tekokota,outer_reef_flat_kmsq,1.83
Temitangi,outer_reef_flat_kmsq,4.82
Temoe,outer_reef_flat_kmsq,2.14
Tenararo,outer_reef_flat_kmsq,0.82
Tenaruga,outer_reef_flat_kmsq,0.24
Tepoto,outer_reef_flat_kmsq,1.64
Teraina,outer_reef_flat_kmsq,0.26
Tetiaroa,outer_reef_flat_kmsq,4.09
Thiladhunmathi,outer_reef_flat_kmsq,44.19
Thoddoo,outer_reef_flat_kmsq,0.75
Tikehau,outer_reef_flat_kmsq,13.3
Tilianu,outer_reef_flat_kmsq,0.03
Toau,outer_reef_flat_kmsq,56.91
Tongareva,outer_reef_flat_kmsq,8.74
Torlesse,outer_reef_flat_kmsq,2.78
Tuanake,outer_reef_flat_kmsq,3.55
Tupai,outer_reef_flat_kmsq,2.68
Tureia,outer_reef_flat_kmsq,2.8
Ujae,outer_reef_flat_kmsq,23.22
Ujelang,outer_reef_flat_kmsq,17.55
Ulithi,outer_reef_flat_kmsq,26.65
Utirik,outer_reef_flat_kmsq,13.16
Vahanga,outer_reef_flat_kmsq,0.12
Vahitahi,outer_reef_flat_kmsq,3.34
Vairaatea,outer_reef_flat_kmsq,2.69
Vaitupu,outer_reef_flat_kmsq,2.42
Vanavana,outer_reef_flat_kmsq,0.55
Vattaru,outer_reef_flat_kmsq,2.76
Wailagilala,outer_reef_flat_kmsq,2.69
Wake,outer_reef_flat_kmsq,3.25
West_Fayu,outer_reef_flat_kmsq,2.27
Willis,outer_reef_flat_kmsq,16.56
Woleai,outer_reef_flat_kmsq,5.61
Wotho,outer_reef_flat_kmsq,9.47
Wotje,outer_reef_flat_kmsq,30.24
Zohhoiiyoru,outer_reef_flat_kmsq,0.33
Abaiang,outer_reef_flat_perc,17.02
Abariringa,outer_reef_flat_perc,9.4
Abemama,outer_reef_flat_perc,26.78
Addu,outer_reef_flat_perc,31.55
Agatti,outer_reef_flat_perc,38.4
Ahe,outer_reef_flat_perc,39.55
Ahunui,outer_reef_flat_perc,0.0
Ailinginae,outer_reef_flat_perc,36.36
Ailinglaplap,outer_reef_flat_perc,37.25
Ailuk,outer_reef_flat_perc,37.07
Aldabra,outer_reef_flat_perc,14.9
Alphonse,outer_reef_flat_perc,48.55
Amanu,outer_reef_flat_perc,51.04
Anaa,outer_reef_flat_perc,18.4
Analtin,outer_reef_flat_perc,15.76
Ant,outer_reef_flat_perc,34.85
Anuanuraro,outer_reef_flat_perc,23.69
Anuanurunga,outer_reef_flat_perc,14.96
Apataki,outer_reef_flat_perc,41.48
Aranuka,outer_reef_flat_perc,26.65
Aratika,outer_reef_flat_perc,31.09
Ari,outer_reef_flat_perc,20.57
Arno,outer_reef_flat_perc,27.0
Arutua,outer_reef_flat_perc,37.65
Ashmore,outer_reef_flat_perc,10.42
Astove,outer_reef_flat_perc,41.1
Atafu,outer_reef_flat_perc,17.48
Aur,outer_reef_flat_perc,31.42
Awin,outer_reef_flat_perc,26.92
Bangaram,outer_reef_flat_perc,9.54
Beautemps-Beaupre,outer_reef_flat_perc,6.11
Bellona,outer_reef_flat_perc,18.26
Beru,outer_reef_flat_perc,32.94
Bikar,outer_reef_flat_perc,14.07
Bikini,outer_reef_flat_perc,33.82
Birnie,outer_reef_flat_perc,6.75
Bitra_Par,outer_reef_flat_perc,17.75
Bokaak,outer_reef_flat_perc,9.77
Bramble_Haven,outer_reef_flat_perc,14.25
Budibudi,outer_reef_flat_perc,7.93
Butaritari,outer_reef_flat_perc,19.47
Byramgore,outer_reef_flat_perc,11.74
Caroline,outer_reef_flat_perc,60.28
Cato,outer_reef_flat_perc,36.35
Cherbaniani,outer_reef_flat_perc,15.23
Chesterfield,outer_reef_flat_perc,19.84
Chetlat,outer_reef_flat_perc,38.84
Clipperton,outer_reef_flat_perc,14.72
Conflict,outer_reef_flat_perc,23.24
Cosmoledo,outer_reef_flat_perc,31.4
Desroches,outer_reef_flat_perc,13.25
Diego_Garcia,outer_reef_flat_perc,17.38
Ducie,outer_reef_flat_perc,57.48
Eauripik,outer_reef_flat_perc,62.33
Ebon,outer_reef_flat_perc,53.44
Egmont,outer_reef_flat_perc,15.01
Egum,outer_reef_flat_perc,14.18
Elato,outer_reef_flat_perc,35.68
Enderbury,outer_reef_flat_perc,13.59
Eniwetok,outer_reef_flat_perc,22.46
Erikub,outer_reef_flat_perc,20.28
Etal,outer_reef_flat_perc,54.74
Europa,outer_reef_flat_perc,15.66
Faadhippolhu,outer_reef_flat_perc,24.12
Faaite,outer_reef_flat_perc,21.73
Fakahina,outer_reef_flat_perc,54.67
Fakaofo,outer_reef_flat_perc,24.03
Fakarava,outer_reef_flat_perc,26.8
Fangatau,outer_reef_flat_perc,73.12
Fangataufa,outer_reef_flat_perc,31.33
Faraulep,outer_reef_flat_perc,34.84
Farquhar,outer_reef_flat_perc,23.88
Fasdhuthere,outer_reef_flat_perc,17.33
Felidhu,outer_reef_flat_perc,18.84
French_Frigate_Shoals,outer_reef_flat_perc,2.5
Funafuti,outer_reef_flat_perc,22.98
Fuvahmulah,outer_reef_flat_perc,22.06
Gaafaru,outer_reef_flat_perc,15.47
Glorioso,outer_reef_flat_perc,17.1
Goidhoo,outer_reef_flat_perc,20.47
Great_Chagos_Bank,outer_reef_flat_perc,4.55
Haddhunmathi,outer_reef_flat_perc,31.84
Hao,outer_reef_flat_perc,32.85
Haraiki,outer_reef_flat_perc,32.5
Helen,outer_reef_flat_perc,37.94
Hereheretue,outer_reef_flat_perc,15.53
Hikueru,outer_reef_flat_perc,33.83
Hiti,outer_reef_flat_perc,19.78
Huon,outer_reef_flat_perc,14.71
Huvadhu,outer_reef_flat_perc,27.23
Ifalik,outer_reef_flat_perc,18.07
Ihavandhippolu,outer_reef_flat_perc,21.43
Jaluit,outer_reef_flat_perc,24.27
Jemo,outer_reef_flat_perc,1.23
Johnston,outer_reef_flat_perc,11.41
Kaashidhoo,outer_reef_flat_perc,27.6
Kademat,outer_reef_flat_perc,26.62
Kalpeni,outer_reef_flat_perc,14.08
Kapingamarangi,outer_reef_flat_perc,50.91
Katiu,outer_reef_flat_perc,23.41
Kauehi,outer_reef_flat_perc,33.73
Kaukura,outer_reef_flat_perc,6.64
Kavaratti,outer_reef_flat_perc,23.69
Kilinailau,outer_reef_flat_perc,21.09
Kiltan,outer_reef_flat_perc,35.57
Kiritimati,outer_reef_flat_perc,11.24
Kolhumadulu,outer_reef_flat_perc,22.88
Kuop,outer_reef_flat_perc,29.19
Kure,outer_reef_flat_perc,6.88
Kuria,outer_reef_flat_perc,49.69
Kurimarau,outer_reef_flat_perc,9.53
Kwajalein,outer_reef_flat_perc,21.5
Lae,outer_reef_flat_perc,32.07
Lamotrek,outer_reef_flat_perc,69.3
Laualau,outer_reef_flat_perc,43.97
Laysan,outer_reef_flat_perc,24.09
Leli,outer_reef_flat_perc,25.92
Lib,outer_reef_flat_perc,19.4
Lihou,outer_reef_flat_perc,26.56
Likiep,outer_reef_flat_perc,26.34
Liot,outer_reef_flat_perc,29.86
Lisianski,outer_reef_flat_perc,0.63
Long_Reef,outer_reef_flat_perc,12.24
Loraine_Anobat,outer_reef_flat_perc,1.15
Losap,outer_reef_flat_perc,39.27
Losiep,outer_reef_flat_perc,50.75
Lukunor,outer_reef_flat_perc,52.79
Mabui,outer_reef_flat_perc,17.95
Maiana,outer_reef_flat_perc,11.06
Majuro,outer_reef_flat_perc,32.26
Makemo,outer_reef_flat_perc,23.4
Makin,outer_reef_flat_perc,58.14
Makunudhoo,outer_reef_flat_perc,17.32
Malden,outer_reef_flat_perc,64.18
Maloelap,outer_reef_flat_perc,31.2
Malum,outer_reef_flat_perc,16.4
Manihi,outer_reef_flat_perc,38.81
Manihiki,outer_reef_flat_perc,22.35
Manra,outer_reef_flat_perc,40.9
Manuae,outer_reef_flat_perc,26.79
Manuhangi,outer_reef_flat_perc,49.58
Marakei,outer_reef_flat_perc,27.84
Maria,outer_reef_flat_perc,37.47
Maria_Est,outer_reef_flat_perc,25.6
Marokau,outer_reef_flat_perc,23.81
Marutea_Nord,outer_reef_flat_perc,8.98
Marutea_Sud,outer_reef_flat_perc,26.88
Mataiva,outer_reef_flat_perc,17.46
Matureivavao,outer_reef_flat_perc,35.56
Maupihaa,outer_reef_flat_perc,17.53
Mellish,outer_reef_flat_perc,11.87
Midway,outer_reef_flat_perc,6.65
Mili,outer_reef_flat_perc,23.63
Minicoy,outer_reef_flat_perc,10.05
Mokil,outer_reef_flat_perc,65.78
Morane,outer_reef_flat_perc,27.66
Moruroa,outer_reef_flat_perc,40.0
Motu_One,outer_reef_flat_perc,33.82
Motutunga,outer_reef_flat_perc,25.65
Mulaku,outer_reef_flat_perc,23.64
Murilo,outer_reef_flat_perc,38.66
Namoluk,outer_reef_flat_perc,39.85
Namonuito,outer_reef_flat_perc,18.0
Namorik,outer_reef_flat_perc,37.21
Namu,outer_reef_flat_perc,34.2
Nanumanga,outer_reef_flat_perc,12.44
Nanumea,outer_reef_flat_perc,43.68
Napuka,outer_reef_flat_perc,28.94
Nengonengo,outer_reef_flat_perc,38.92
Ngcheangel,outer_reef_flat_perc,22.22
Ngulu,outer_reef_flat_perc,47.87
Niau,outer_reef_flat_perc,28.88
Nihiru,outer_reef_flat_perc,16.57
Nikumaroro,outer_reef_flat_perc,26.2
Nikunau,outer_reef_flat_perc,33.87
Ninigo,outer_reef_flat_perc,23.18
Nissan,outer_reef_flat_perc,36.7
Niulakita,outer_reef_flat_perc,0.02
Niutao,outer_reef_flat_perc,21.51
Nomwin,outer_reef_flat_perc,33.45
Nonouti,outer_reef_flat_perc,7.59
North_Keeling,outer_reef_flat_perc,0.0
North_Maalhosmadulu,outer_reef_flat_perc,27.84
North_Male,outer_reef_flat_perc,17.5
North_Nilandhe,outer_reef_flat_perc,18.65
North_Tubbataha,outer_reef_flat_perc,25.69
Nuguria,outer_reef_flat_perc,12.84
Nui,outer_reef_flat_perc,32.86
Nukapu,outer_reef_flat_perc,8.11
Nukufetau,outer_reef_flat_perc,35.03
Nukulaelae,outer_reef_flat_perc,18.8
Nukumanu,outer_reef_flat_perc,21.03
Nukumbasanga,outer_reef_flat_perc,0.05
Nukunonu,outer_reef_flat_perc,22.72
Nukuoro,outer_reef_flat_perc,49.16
Nukusemanu,outer_reef_flat_perc,6.92
Nukutepipi,outer_reef_flat_perc,24.61
Numa_Miombilou,outer_reef_flat_perc,14.34
Nupani,outer_reef_flat_perc,18.34
Oeno,outer_reef_flat_perc,16.72
Olimarao,outer_reef_flat_perc,40.88
Onotoa,outer_reef_flat_perc,28.33
Ontong_Java,outer_reef_flat_perc,28.0
Oroluk,outer_reef_flat_perc,62.62
Orona,outer_reef_flat_perc,12.73
Pakin,outer_reef_flat_perc,33.11
Palmerston,outer_reef_flat_perc,27.26
Palmyra,outer_reef_flat_perc,10.85
Paraoa,outer_reef_flat_perc,33.35
Pearl_and_Hermes,outer_reef_flat_perc,7.81
Peremul_Par,outer_reef_flat_perc,11.58
Peros_Banhos,outer_reef_flat_perc,33.52
Pinaki,outer_reef_flat_perc,30.81
Pingelap,outer_reef_flat_perc,67.45
Pinipel,outer_reef_flat_perc,28.43
Platte,outer_reef_flat_perc,25.79
Providence,outer_reef_flat_perc,39.88
Pukapuka,outer_reef_flat_perc,44.07
Puka-Puka,outer_reef_flat_perc,56.45
Pukarua,outer_reef_flat_perc,34.73
Pulap,outer_reef_flat_perc,33.86
Pulusuk,outer_reef_flat_perc,10.72
Puluwat,outer_reef_flat_perc,25.46
Qelelevu,outer_reef_flat_perc,9.27
Rakahanga,outer_reef_flat_perc,32.2
Rangiroa,outer_reef_flat_perc,32.12
Raraka,outer_reef_flat_perc,24.15
Raroia,outer_reef_flat_perc,38.91
Rasdhoo,outer_reef_flat_perc,10.9
Ravahere,outer_reef_flat_perc,21.37
Reao,outer_reef_flat_perc,37.32
Redlick,outer_reef_flat_perc,15.93
Reitoru,outer_reef_flat_perc,10.39
Rekareka,outer_reef_flat_perc,50.68
Rongelap,outer_reef_flat_perc,25.43
Rongerik,outer_reef_flat_perc,23.12
Rose,outer_reef_flat_perc,36.37
Rowa,outer_reef_flat_perc,27.23
Saloman,outer_reef_flat_perc,27.28
Sama,outer_reef_flat_perc,36.36
Samasuma,outer_reef_flat_perc,27.82
Sapwuahfik,outer_reef_flat_perc,55.03
Satawan,outer_reef_flat_perc,44.25
Scilly,outer_reef_flat_perc,25.01
Sikaiana,outer_reef_flat_perc,18.79
Sorol,outer_reef_flat_perc,37.67
South_Keeling,outer_reef_flat_perc,14.35
South_Maalhosmadulu,outer_reef_flat_perc,21.87
South_Male,outer_reef_flat_perc,18.21
South_Nilandhe,outer_reef_flat_perc,18.05
South_Tubbataha,outer_reef_flat_perc,30.77
St_Francois,outer_reef_flat_perc,44.98
St_Joseph,outer_reef_flat_perc,42.38
Starbuck,outer_reef_flat_perc,61.45
Suheli_Par,outer_reef_flat_perc,7.76
Surprise,outer_reef_flat_perc,17.98
Suwarrow,outer_reef_flat_perc,45.24
Swains,outer_reef_flat_perc,0.0
Tabiteuea,outer_reef_flat_perc,12.54
Tabuaeran,outer_reef_flat_perc,3.89
Taenga,outer_reef_flat_perc,39.8
Tahanea,outer_reef_flat_perc,21.73
Taiaro,outer_reef_flat_perc,21.24
Taka,outer_reef_flat_perc,37.49
Takapoto,outer_reef_flat_perc,31.82
Takaroa,outer_reef_flat_perc,26.78
Takume,outer_reef_flat_perc,54.48
Takuu,outer_reef_flat_perc,30.5
Tarawa,outer_reef_flat_perc,12.63
Tatakoto,outer_reef_flat_perc,26.17
Tauere,outer_reef_flat_perc,33.83
Tekokota,outer_reef_flat_perc,26.04
Temitangi,outer_reef_flat_perc,39.96
Temoe,outer_reef_flat_perc,17.42
Tenararo,outer_reef_flat_perc,29.41
Tenaruga,outer_reef_flat_perc,19.01
Tepoto,outer_reef_flat_perc,56.15
Teraina,outer_reef_flat_perc,6.49
Tetiaroa,outer_reef_flat_perc,15.61
Thiladhunmathi,outer_reef_flat_perc,20.47
Thoddoo,outer_reef_flat_perc,26.0
Tikehau,outer_reef_flat_perc,21.59
Tilianu,outer_reef_flat_perc,5.84
Toau,outer_reef_flat_perc,48.5
Tongareva,outer_reef_flat_perc,17.4
Torlesse,outer_reef_flat_perc,27.41
Tuanake,outer_reef_flat_perc,36.13
Tupai,outer_reef_flat_perc,15.65
Tureia,outer_reef_flat_perc,32.05
Ujae,outer_reef_flat_perc,34.31
Ujelang,outer_reef_flat_perc,50.29
Ulithi,outer_reef_flat_perc,41.91
Utirik,outer_reef_flat_perc,33.44
Vahanga,outer_reef_flat_perc,9.45
Vahitahi,outer_reef_flat_perc,27.45
Vairaatea,outer_reef_flat_perc,36.15
Vaitupu,outer_reef_flat_perc,45.72
Vanavana,outer_reef_flat_perc,33.21
Vattaru,outer_reef_flat_perc,20.04
Wailagilala,outer_reef_flat_perc,23.14
Wake,outer_reef_flat_perc,23.29
West_Fayu,outer_reef_flat_perc,27.27
Willis,outer_reef_flat_perc,30.02
Woleai,outer_reef_flat_perc,29.4
Wotho,outer_reef_flat_perc,19.11
Wotje,outer_reef_flat_perc,29.31
Zohhoiiyoru,outer_reef_flat_perc,13.03
Abaiang,inner_reef_flat_kmsq,15.98
Abariringa,inner_reef_flat_kmsq,4.99
Abemama,inner_reef_flat_kmsq,24.38
Addu,inner_reef_flat_kmsq,4.65
Agatti,inner_reef_flat_kmsq,3.35
Ahe,inner_reef_flat_kmsq,1.26
Ahunui,inner_reef_flat_kmsq,0.0
Ailinginae,inner_reef_flat_kmsq,4.46
Ailinglaplap,inner_reef_flat_kmsq,7.86
Ailuk,inner_reef_flat_kmsq,9.06
Aldabra,inner_reef_flat_kmsq,33.77
Alphonse,inner_reef_flat_kmsq,0.92
Amanu,inner_reef_flat_kmsq,2.08
Anaa,inner_reef_flat_kmsq,9.03
Analtin,inner_reef_flat_kmsq,15.23
Ant,inner_reef_flat_kmsq,5.52
Anuanuraro,inner_reef_flat_kmsq,1.54
Anuanurunga,inner_reef_flat_kmsq,0.35
Apataki,inner_reef_flat_kmsq,11.07
Aranuka,inner_reef_flat_kmsq,21.04
Aratika,inner_reef_flat_kmsq,5.73
Ari,inner_reef_flat_kmsq,61.96
Arno,inner_reef_flat_kmsq,13.91
Arutua,inner_reef_flat_kmsq,14.79
Ashmore,inner_reef_flat_kmsq,48.52
Astove,inner_reef_flat_kmsq,1.02
Atafu,inner_reef_flat_kmsq,2.01
Aur,inner_reef_flat_kmsq,3.6
Awin,inner_reef_flat_kmsq,2.36
Bangaram,inner_reef_flat_kmsq,14.91
Beautemps-Beaupre,inner_reef_flat_kmsq,1.11
Bellona,inner_reef_flat_kmsq,16.08
Beru,inner_reef_flat_kmsq,8.48
Bikar,inner_reef_flat_kmsq,2.65
Bikini,inner_reef_flat_kmsq,7.7
Birnie,inner_reef_flat_kmsq,0.0
Bitra_Par,inner_reef_flat_kmsq,10.82
Bokaak,inner_reef_flat_kmsq,1.14
Bramble_Haven,inner_reef_flat_kmsq,15.82
Budibudi,inner_reef_flat_kmsq,2.82
Butaritari,inner_reef_flat_kmsq,40.18
Byramgore,inner_reef_flat_kmsq,13.78
Caroline,inner_reef_flat_kmsq,2.58
Cato,inner_reef_flat_kmsq,0.79
Cherbaniani,inner_reef_flat_kmsq,7.36
Chesterfield,inner_reef_flat_kmsq,24.22
Chetlat,inner_reef_flat_kmsq,0.24
Clipperton,inner_reef_flat_kmsq,0.05
Conflict,inner_reef_flat_kmsq,9.7
Cosmoledo,inner_reef_flat_kmsq,15.87
Desroches,inner_reef_flat_kmsq,0.05
Diego_Garcia,inner_reef_flat_kmsq,9.7
Ducie,inner_reef_flat_kmsq,0.26
Eauripik,inner_reef_flat_kmsq,1.34
Ebon,inner_reef_flat_kmsq,2.85
Egmont,inner_reef_flat_kmsq,3.3
Egum,inner_reef_flat_kmsq,1.31
Elato,inner_reef_flat_kmsq,1.09
Enderbury,inner_reef_flat_kmsq,0.0
Eniwetok,inner_reef_flat_kmsq,12.38
Erikub,inner_reef_flat_kmsq,1.01
Etal,inner_reef_flat_kmsq,0.92
Europa,inner_reef_flat_kmsq,3.95
Faadhippolhu,inner_reef_flat_kmsq,24.63
Faaite,inner_reef_flat_kmsq,32.94
Fakahina,inner_reef_flat_kmsq,0.0
Fakaofo,inner_reef_flat_kmsq,5.33
Fakarava,inner_reef_flat_kmsq,58.41
Fangatau,inner_reef_flat_kmsq,0.0
Fangataufa,inner_reef_flat_kmsq,0.63
Faraulep,inner_reef_flat_kmsq,1.43
Farquhar,inner_reef_flat_kmsq,7.32
Fasdhuthere,inner_reef_flat_kmsq,10.66
Felidhu,inner_reef_flat_kmsq,76.42
French_Frigate_Shoals,inner_reef_flat_kmsq,17.44
Funafuti,inner_reef_flat_kmsq,8.92
Fuvahmulah,inner_reef_flat_kmsq,0.03
Gaafaru,inner_reef_flat_kmsq,7.96
Glorioso,inner_reef_flat_kmsq,7.86
Goidhoo,inner_reef_flat_kmsq,17.37
Great_Chagos_Bank,inner_reef_flat_kmsq,0.29
Haddhunmathi,inner_reef_flat_kmsq,39.89
Hao,inner_reef_flat_kmsq,13.14
Haraiki,inner_reef_flat_kmsq,2.32
Helen,inner_reef_flat_kmsq,18.0
Hereheretue,inner_reef_flat_kmsq,3.4
Hikueru,inner_reef_flat_kmsq,0.86
Hiti,inner_reef_flat_kmsq,3.85
Huon,inner_reef_flat_kmsq,11.81
Huvadhu,inner_reef_flat_kmsq,89.14
Ifalik,inner_reef_flat_kmsq,0.15
Ihavandhippolu,inner_reef_flat_kmsq,16.96
Jaluit,inner_reef_flat_kmsq,19.58
Jemo,inner_reef_flat_kmsq,0.04
Johnston,inner_reef_flat_kmsq,2.07
Kaashidhoo,inner_reef_flat_kmsq,0.86
Kademat,inner_reef_flat_kmsq,6.95
Kalpeni,inner_reef_flat_kmsq,4.8
Kapingamarangi,inner_reef_flat_kmsq,2.87
Katiu,inner_reef_flat_kmsq,9.87
Kauehi,inner_reef_flat_kmsq,2.24
Kaukura,inner_reef_flat_kmsq,42.05
Kavaratti,inner_reef_flat_kmsq,0.6
Kilinailau,inner_reef_flat_kmsq,32.26
Kiltan,inner_reef_flat_kmsq,0.31
Kiritimati,inner_reef_flat_kmsq,18.02
Kolhumadulu,inner_reef_flat_kmsq,57.93
Kuop,inner_reef_flat_kmsq,10.74
Kure,inner_reef_flat_kmsq,8.65
Kuria,inner_reef_flat_kmsq,1.76
Kurimarau,inner_reef_flat_kmsq,0.29
Kwajalein,inner_reef_flat_kmsq,15.74
Lae,inner_reef_flat_kmsq,1.62
Lamotrek,inner_reef_flat_kmsq,0.44
Laualau,inner_reef_flat_kmsq,0.77
Laysan,inner_reef_flat_kmsq,0.15
Leli,inner_reef_flat_kmsq,0.9
Lib,inner_reef_flat_kmsq,0.32
Lihou,inner_reef_flat_kmsq,15.03
Likiep,inner_reef_flat_kmsq,9.19
Liot,inner_reef_flat_kmsq,1.42
Lisianski,inner_reef_flat_kmsq,14.38
Long_Reef,inner_reef_flat_kmsq,61.73
Loraine_Anobat,inner_reef_flat_kmsq,0.01
Losap,inner_reef_flat_kmsq,3.94
Losiep,inner_reef_flat_kmsq,0.87
Lukunor,inner_reef_flat_kmsq,1.8
Mabui,inner_reef_flat_kmsq,1.3
Maiana,inner_reef_flat_kmsq,17.67
Majuro,inner_reef_flat_kmsq,2.61
Makemo,inner_reef_flat_kmsq,42.52
Makin,inner_reef_flat_kmsq,1.53
Makunudhoo,inner_reef_flat_kmsq,29.46
Malden,inner_reef_flat_kmsq,0.03
Maloelap,inner_reef_flat_kmsq,7.57
Malum,inner_reef_flat_kmsq,6.54
Manihi,inner_reef_flat_kmsq,0.93
Manihiki,inner_reef_flat_kmsq,1.6
Manra,inner_reef_flat_kmsq,0.0
Manuae,inner_reef_flat_kmsq,3.35
Manuhangi,inner_reef_flat_kmsq,0.03
Marakei,inner_reef_flat_kmsq,3.19
Maria,inner_reef_flat_kmsq,0.98
Maria_Est,inner_reef_flat_kmsq,0.17
Marokau,inner_reef_flat_kmsq,12.32
Marutea_Nord,inner_reef_flat_kmsq,27.98
Marutea_Sud,inner_reef_flat_kmsq,4.62
Mataiva,inner_reef_flat_kmsq,6.77
Matureivavao,inner_reef_flat_kmsq,0.48
Maupihaa,inner_reef_flat_kmsq,8.15
Mellish,inner_reef_flat_kmsq,4.39
Midway,inner_reef_flat_kmsq,16.6
Mili,inner_reef_flat_kmsq,20.25
Minicoy,inner_reef_flat_kmsq,4.43
Mokil,inner_reef_flat_kmsq,0.4
Morane,inner_reef_flat_kmsq,1.12
Moruroa,inner_reef_flat_kmsq,2.62
Motu_One,inner_reef_flat_kmsq,1.74
Motutunga,inner_reef_flat_kmsq,15.0
Mulaku,inner_reef_flat_kmsq,57.11
Murilo,inner_reef_flat_kmsq,3.0
Namoluk,inner_reef_flat_kmsq,1.04
Namonuito,inner_reef_flat_kmsq,5.04
Namorik,inner_reef_flat_kmsq,1.61
Namu,inner_reef_flat_kmsq,5.45
Nanumanga,inner_reef_flat_kmsq,0.17
Nanumea,inner_reef_flat_kmsq,4.2
Napuka,inner_reef_flat_kmsq,2.77
Nengonengo,inner_reef_flat_kmsq,4.06
Ngcheangel,inner_reef_flat_kmsq,4.13
Ngulu,inner_reef_flat_kmsq,4.51
Niau,inner_reef_flat_kmsq,0.0
Nihiru,inner_reef_flat_kmsq,5.7
Nikumaroro,inner_reef_flat_kmsq,0.96
Nikunau,inner_reef_flat_kmsq,0.3
Ninigo,inner_reef_flat_kmsq,29.47
Nissan,inner_reef_flat_kmsq,0.87
Niulakita,inner_reef_flat_kmsq,0.02
Niutao,inner_reef_flat_kmsq,0.0
Nomwin,inner_reef_flat_kmsq,9.61
Nonouti,inner_reef_flat_kmsq,30.02
North_Keeling,inner_reef_flat_kmsq,0.05
North_Maalhosmadulu,inner_reef_flat_kmsq,34.25
North_Male,inner_reef_flat_kmsq,44.53
North_Nilandhe,inner_reef_flat_kmsq,40.28
North_Tubbataha,inner_reef_flat_kmsq,9.76
Nuguria,inner_reef_flat_kmsq,23.34
Nui,inner_reef_flat_kmsq,5.54
Nukapu,inner_reef_flat_kmsq,2.72
Nukufetau,inner_reef_flat_kmsq,6.28
Nukulaelae,inner_reef_flat_kmsq,6.57
Nukumanu,inner_reef_flat_kmsq,11.97
Nukumbasanga,inner_reef_flat_kmsq,0.0
Nukunonu,inner_reef_flat_kmsq,6.7
Nukuoro,inner_reef_flat_kmsq,1.67
Nukusemanu,inner_reef_flat_kmsq,2.49
Nukutepipi,inner_reef_flat_kmsq,0.78
Numa_Miombilou,inner_reef_flat_kmsq,28.64
Nupani,inner_reef_flat_kmsq,6.28
Oeno,inner_reef_flat_kmsq,4.19
Olimarao,inner_reef_flat_kmsq,0.53
Onotoa,inner_reef_flat_kmsq,3.88
Ontong_Java,inner_reef_flat_kmsq,39.23
Oroluk,inner_reef_flat_kmsq,3.1
Orona,inner_reef_flat_kmsq,0.68
Pakin,inner_reef_flat_kmsq,3.0
Palmerston,inner_reef_flat_kmsq,5.45
Palmyra,inner_reef_flat_kmsq,6.84
Paraoa,inner_reef_flat_kmsq,0.46
Pearl_and_Hermes,inner_reef_flat_kmsq,50.99
Peremul_Par,inner_reef_flat_kmsq,11.46
Peros_Banhos,inner_reef_flat_kmsq,8.21
Pinaki,inner_reef_flat_kmsq,0.2
Pingelap,inner_reef_flat_kmsq,0.03
Pinipel,inner_reef_flat_kmsq,7.23
Platte,inner_reef_flat_kmsq,0.36
Providence,inner_reef_flat_kmsq,10.0
Pukapuka,inner_reef_flat_kmsq,1.88
Puka-Puka,inner_reef_flat_kmsq,0.52
Pukarua,inner_reef_flat_kmsq,1.86
Pulap,inner_reef_flat_kmsq,0.61
Pulusuk,inner_reef_flat_kmsq,0.01
Puluwat,inner_reef_flat_kmsq,0.51
Qelelevu,inner_reef_flat_kmsq,12.52
Rakahanga,inner_reef_flat_kmsq,0.56
Rangiroa,inner_reef_flat_kmsq,37.3
Raraka,inner_reef_flat_kmsq,5.22
Raroia,inner_reef_flat_kmsq,9.04
Rasdhoo,inner_reef_flat_kmsq,7.74
Ravahere,inner_reef_flat_kmsq,5.93
Reao,inner_reef_flat_kmsq,1.83
Redlick,inner_reef_flat_kmsq,5.52
Reitoru,inner_reef_flat_kmsq,2.06
Rekareka,inner_reef_flat_kmsq,0.0
Rongelap,inner_reef_flat_kmsq,21.09
Rongerik,inner_reef_flat_kmsq,2.15
Rose,inner_reef_flat_kmsq,1.8
Rowa,inner_reef_flat_kmsq,11.57
Saloman,inner_reef_flat_kmsq,4.57
Sama,inner_reef_flat_kmsq,2.78
Samasuma,inner_reef_flat_kmsq,3.41
Sapwuahfik,inner_reef_flat_kmsq,6.39
Satawan,inner_reef_flat_kmsq,12.4
Scilly,inner_reef_flat_kmsq,8.88
Sikaiana,inner_reef_flat_kmsq,6.77
Sorol,inner_reef_flat_kmsq,1.69
South_Keeling,inner_reef_flat_kmsq,27.89
South_Maalhosmadulu,inner_reef_flat_kmsq,36.75
South_Male,inner_reef_flat_kmsq,38.52
South_Nilandhe,inner_reef_flat_kmsq,42.85
South_Tubbataha,inner_reef_flat_kmsq,7.67
St_Francois,inner_reef_flat_kmsq,5.82
St_Joseph,inner_reef_flat_kmsq,1.69
Starbuck,inner_reef_flat_kmsq,0.09
Suheli_Par,inner_reef_flat_kmsq,10.69
Surprise,inner_reef_flat_kmsq,14.39
Suwarrow,inner_reef_flat_kmsq,9.62
Swains,inner_reef_flat_kmsq,0.67
Tabiteuea,inner_reef_flat_kmsq,71.85
Tabuaeran,inner_reef_flat_kmsq,20.16
Taenga,inner_reef_flat_kmsq,3.53
Tahanea,inner_reef_flat_kmsq,32.94
Taiaro,inner_reef_flat_kmsq,0.0
Taka,inner_reef_flat_kmsq,2.35
Takapoto,inner_reef_flat_kmsq,1.85
Takaroa,inner_reef_flat_kmsq,1.88
Takume,inner_reef_flat_kmsq,2.41
Takuu,inner_reef_flat_kmsq,11.95
Tarawa,inner_reef_flat_kmsq,37.87
Tatakoto,inner_reef_flat_kmsq,2.57
Tauere,inner_reef_flat_kmsq,0.86
Tekokota,inner_reef_flat_kmsq,0.66
Temitangi,inner_reef_flat_kmsq,0.67
Temoe,inner_reef_flat_kmsq,0.54
Tenararo,inner_reef_flat_kmsq,0.01
Tenaruga,inner_reef_flat_kmsq,0.0
Tepoto,inner_reef_flat_kmsq,0.1
Teraina,inner_reef_flat_kmsq,0.0
Tetiaroa,inner_reef_flat_kmsq,7.8
Thiladhunmathi,inner_reef_flat_kmsq,43.48
Thoddoo,inner_reef_flat_kmsq,0.53
Tikehau,inner_reef_flat_kmsq,9.2
Tilianu,inner_reef_flat_kmsq,0.0
Toau,inner_reef_flat_kmsq,25.93
Tongareva,inner_reef_flat_kmsq,8.18
Torlesse,inner_reef_flat_kmsq,3.23
Tuanake,inner_reef_flat_kmsq,1.58
Tupai,inner_reef_flat_kmsq,4.36
Tureia,inner_reef_flat_kmsq,0.17
Ujae,inner_reef_flat_kmsq,9.03
Ujelang,inner_reef_flat_kmsq,2.18
Ulithi,inner_reef_flat_kmsq,3.88
Utirik,inner_reef_flat_kmsq,2.59
Vahanga,inner_reef_flat_kmsq,0.0
Vahitahi,inner_reef_flat_kmsq,0.96
Vairaatea,inner_reef_flat_kmsq,0.7
Vaitupu,inner_reef_flat_kmsq,0.9
Vanavana,inner_reef_flat_kmsq,0.03
Vattaru,inner_reef_flat_kmsq,6.26
Wailagilala,inner_reef_flat_kmsq,2.97
Wake,inner_reef_flat_kmsq,1.43
West_Fayu,inner_reef_flat_kmsq,1.82
Willis,inner_reef_flat_kmsq,10.31
Woleai,inner_reef_flat_kmsq,1.64
Wotho,inner_reef_flat_kmsq,1.29
Wotje,inner_reef_flat_kmsq,7.42
Zohhoiiyoru,inner_reef_flat_kmsq,0.05
Abaiang,inner_reef_flat_perc,7.39
Abariringa,inner_reef_flat_perc,9.26
Abemama,inner_reef_flat_perc,16.69
Addu,inner_reef_flat_perc,9.48
Agatti,inner_reef_flat_perc,13.67
Ahe,inner_reef_flat_perc,5.57
Ahunui,inner_reef_flat_perc,0.0
Ailinginae,inner_reef_flat_perc,7.4
Ailinglaplap,inner_reef_flat_perc,7.99
Ailuk,inner_reef_flat_perc,13.8
Aldabra,inner_reef_flat_perc,15.4
Alphonse,inner_reef_flat_perc,4.85
Amanu,inner_reef_flat_perc,8.76
Anaa,inner_reef_flat_perc,16.12
Analtin,inner_reef_flat_perc,44.32
Ant,inner_reef_flat_perc,20.17
Anuanuraro,inner_reef_flat_perc,23.69
Anuanurunga,inner_reef_flat_perc,11.14
Apataki,inner_reef_flat_perc,20.92
Aranuka,inner_reef_flat_perc,37.22
Aratika,inner_reef_flat_perc,23.42
Ari,inner_reef_flat_perc,22.76
Arno,inner_reef_flat_perc,11.92
Arutua,inner_reef_flat_perc,21.56
Ashmore,inner_reef_flat_perc,21.78
Astove,inner_reef_flat_perc,7.44
Atafu,inner_reef_flat_perc,14.8
Aur,inner_reef_flat_perc,8.07
Awin,inner_reef_flat_perc,33.38
Bangaram,inner_reef_flat_perc,33.78
Beautemps-Beaupre,inner_reef_flat_perc,5.59
Bellona,inner_reef_flat_perc,16.46
Beru,inner_reef_flat_perc,19.45
Bikar,inner_reef_flat_perc,5.38
Bikini,inner_reef_flat_perc,6.95
Birnie,inner_reef_flat_perc,0.0
Bitra_Par,inner_reef_flat_perc,16.71
Bokaak,inner_reef_flat_perc,1.21
Bramble_Haven,inner_reef_flat_perc,28.79
Budibudi,inner_reef_flat_perc,24.98
Butaritari,inner_reef_flat_perc,22.12
Byramgore,inner_reef_flat_perc,13.77
Caroline,inner_reef_flat_perc,17.18
Cato,inner_reef_flat_perc,14.67
Cherbaniani,inner_reef_flat_perc,15.43
Chesterfield,inner_reef_flat_perc,9.33
Chetlat,inner_reef_flat_perc,4.57
Clipperton,inner_reef_flat_perc,1.81
Conflict,inner_reef_flat_perc,20.48
Cosmoledo,inner_reef_flat_perc,11.37
Desroches,inner_reef_flat_perc,0.14
Diego_Garcia,inner_reef_flat_perc,13.4
Ducie,inner_reef_flat_perc,7.5
Eauripik,inner_reef_flat_perc,9.51
Ebon,inner_reef_flat_perc,9.62
Egmont,inner_reef_flat_perc,12.33
Egum,inner_reef_flat_perc,3.32
Elato,inner_reef_flat_perc,8.01
Enderbury,inner_reef_flat_perc,0.0
Eniwetok,inner_reef_flat_perc,8.47
Erikub,inner_reef_flat_perc,1.95
Etal,inner_reef_flat_perc,9.99
Europa,inner_reef_flat_perc,31.31
Faadhippolhu,inner_reef_flat_perc,21.82
Faaite,inner_reef_flat_perc,31.17
Fakahina,inner_reef_flat_perc,0.0
Fakaofo,inner_reef_flat_perc,18.34
Fakarava,inner_reef_flat_perc,42.57
Fangatau,inner_reef_flat_perc,0.0
Fangataufa,inner_reef_flat_perc,3.63
Faraulep,inner_reef_flat_perc,19.33
Farquhar,inner_reef_flat_perc,4.36
Fasdhuthere,inner_reef_flat_perc,44.49
Felidhu,inner_reef_flat_perc,37.89
French_Frigate_Shoals,inner_reef_flat_perc,3.8
Funafuti,inner_reef_flat_perc,20.75
Fuvahmulah,inner_reef_flat_perc,1.09
Gaafaru,inner_reef_flat_perc,28.15
Glorioso,inner_reef_flat_perc,15.39
Goidhoo,inner_reef_flat_perc,38.06
Great_Chagos_Bank,inner_reef_flat_perc,0.49
Haddhunmathi,inner_reef_flat_perc,27.12
Hao,inner_reef_flat_perc,21.17
Haraiki,inner_reef_flat_perc,14.29
Helen,inner_reef_flat_perc,23.58
Hereheretue,inner_reef_flat_perc,1995.0
Hikueru,inner_reef_flat_perc,9.89
Hiti,inner_reef_flat_perc,37.98
Huon,inner_reef_flat_perc,22.02
Huvadhu,inner_reef_flat_perc,27.9
Ifalik,inner_reef_flat_perc,2.52
Ihavandhippolu,inner_reef_flat_perc,20.23
Jaluit,inner_reef_flat_perc,10.71
Jemo,inner_reef_flat_perc,1.81
Johnston,inner_reef_flat_perc,8.46
Kaashidhoo,inner_reef_flat_perc,13.75
Kademat,inner_reef_flat_perc,26.44
Kalpeni,inner_reef_flat_perc,16.81
Kapingamarangi,inner_reef_flat_perc,11.71
Katiu,inner_reef_flat_perc,31.38
Kauehi,inner_reef_flat_perc,9.5
Kaukura,inner_reef_flat_perc,20.81
Kavaratti,inner_reef_flat_perc,8.11
Kilinailau,inner_reef_flat_perc,44.14
Kiltan,inner_reef_flat_perc,6.99
Kiritimati,inner_reef_flat_perc,13.93
Kolhumadulu,inner_reef_flat_perc,34.78
Kuop,inner_reef_flat_perc,29.99
Kure,inner_reef_flat_perc,16.04
Kuria,inner_reef_flat_perc,8.63
Kurimarau,inner_reef_flat_perc,10.75
Kwajalein,inner_reef_flat_perc,6.36
Lae,inner_reef_flat_perc,12.39
Lamotrek,inner_reef_flat_perc,4.58
Laualau,inner_reef_flat_perc,12.0
Laysan,inner_reef_flat_perc,11.99
Leli,inner_reef_flat_perc,15.07
Lib,inner_reef_flat_perc,27.89
Lihou,inner_reef_flat_perc,12.24
Likiep,inner_reef_flat_perc,10.83
Liot,inner_reef_flat_perc,45.11
Lisianski,inner_reef_flat_perc,11.15
Long_Reef,inner_reef_flat_perc,19.13
Loraine_Anobat,inner_reef_flat_perc,0.79
Losap,inner_reef_flat_perc,23.54
Losiep,inner_reef_flat_perc,14.19
Lukunor,inner_reef_flat_perc,10.79
Mabui,inner_reef_flat_perc,29.39
Maiana,inner_reef_flat_perc,12.15
Majuro,inner_reef_flat_perc,3.83
Makemo,inner_reef_flat_perc,30.59
Makin,inner_reef_flat_perc,18.25
Makunudhoo,inner_reef_flat_perc,31.3
Malden,inner_reef_flat_perc,1.28
Maloelap,inner_reef_flat_perc,7.77
Malum,inner_reef_flat_perc,36.34
Manihi,inner_reef_flat_perc,4.31
Manihiki,inner_reef_flat_perc,12.14
Manra,inner_reef_flat_perc,0.0
Manuae,inner_reef_flat_perc,24.8
Manuhangi,inner_reef_flat_perc,1.57
Marakei,inner_reef_flat_perc,12.98
Maria,inner_reef_flat_perc,12.21
Maria_Est,inner_reef_flat_perc,4.08
Marokau,inner_reef_flat_perc,30.42
Marutea_Nord,inner_reef_flat_perc,26.71
Marutea_Sud,inner_reef_flat_perc,20.12
Mataiva,inner_reef_flat_perc,22.17
Matureivavao,inner_reef_flat_perc,7.93
Maupihaa,inner_reef_flat_perc,40.09
Mellish,inner_reef_flat_perc,20.55
Midway,inner_reef_flat_perc,27.35
Mili,inner_reef_flat_perc,13.03
Minicoy,inner_reef_flat_perc,11.69
Mokil,inner_reef_flat_perc,7.4
Morane,inner_reef_flat_perc,17.87
Moruroa,inner_reef_flat_perc,8.31
Motu_One,inner_reef_flat_perc,19.84
Motutunga,inner_reef_flat_perc,43.69
Mulaku,inner_reef_flat_perc,34.56
Murilo,inner_reef_flat_perc,5.89
Namoluk,inner_reef_flat_perc,14.26
Namonuito,inner_reef_flat_perc,17.87
Namorik,inner_reef_flat_perc,11.45
Namu,inner_reef_flat_perc,5.75
Nanumanga,inner_reef_flat_perc,6.5
Nanumea,inner_reef_flat_perc,22.69
Napuka,inner_reef_flat_perc,15.32
Nengonengo,inner_reef_flat_perc,24.35
Ngcheangel,inner_reef_flat_perc,22.51
Ngulu,inner_reef_flat_perc,10.31
Niau,inner_reef_flat_perc,0.0
Nihiru,inner_reef_flat_perc,17.36
Nikumaroro,inner_reef_flat_perc,10.86
Nikunau,inner_reef_flat_perc,2.78
Ninigo,inner_reef_flat_perc,23.71
Nissan,inner_reef_flat_perc,6.21
Niulakita,inner_reef_flat_perc,0.25
Niutao,inner_reef_flat_perc,0.0
Nomwin,inner_reef_flat_perc,20.09
Nonouti,inner_reef_flat_perc,6.73
North_Keeling,inner_reef_flat_perc,2.71
North_Maalhosmadulu,inner_reef_flat_perc,21.09
North_Male,inner_reef_flat_perc,20.53
North_Nilandhe,inner_reef_flat_perc,34.4
North_Tubbataha,inner_reef_flat_perc,21.71
Nuguria,inner_reef_flat_perc,27.21
Nui,inner_reef_flat_perc,34.11
Nukapu,inner_reef_flat_perc,44.8
Nukufetau,inner_reef_flat_perc,23.05
Nukulaelae,inner_reef_flat_perc,26.49
Nukumanu,inner_reef_flat_perc,30.57
Nukumbasanga,inner_reef_flat_perc,0.0
Nukunonu,inner_reef_flat_perc,30.74
Nukuoro,inner_reef_flat_perc,14.78
Nukusemanu,inner_reef_flat_perc,3.99
Nukutepipi,inner_reef_flat_perc,29.53
Numa_Miombilou,inner_reef_flat_perc,32.66
Nupani,inner_reef_flat_perc,40.66
Oeno,inner_reef_flat_perc,35.61
Olimarao,inner_reef_flat_perc,9.65
Onotoa,inner_reef_flat_perc,13.06
Ontong_Java,inner_reef_flat_perc,28.84
Oroluk,inner_reef_flat_perc,6.18
Orona,inner_reef_flat_perc,2.72
Pakin,inner_reef_flat_perc,21.26
Palmerston,inner_reef_flat_perc,19.31
Palmyra,inner_reef_flat_perc,26.52
Paraoa,inner_reef_flat_perc,7.28
Pearl_and_Hermes,inner_reef_flat_perc,16.41
Peremul_Par,inner_reef_flat_perc,14.0
Peros_Banhos,inner_reef_flat_perc,15.82
Pinaki,inner_reef_flat_perc,10.07
Pingelap,inner_reef_flat_perc,0.7
Pinipel,inner_reef_flat_perc,47.42
Platte,inner_reef_flat_perc,0.9
Providence,inner_reef_flat_perc,2.4
Pukapuka,inner_reef_flat_perc,11.55
Puka-Puka,inner_reef_flat_perc,13.25
Pukarua,inner_reef_flat_perc,10.75
Pulap,inner_reef_flat_perc,6.99
Pulusuk,inner_reef_flat_perc,0.3
Puluwat,inner_reef_flat_perc,12.98
Qelelevu,inner_reef_flat_perc,22.09
Rakahanga,inner_reef_flat_perc,13.67
Rangiroa,inner_reef_flat_perc,23.33
Raraka,inner_reef_flat_perc,17.18
Raroia,inner_reef_flat_perc,18.04
Rasdhoo,inner_reef_flat_perc,33.97
Ravahere,inner_reef_flat_perc,23.45
Reao,inner_reef_flat_perc,8.48
Redlick,inner_reef_flat_perc,22.3
Reitoru,inner_reef_flat_perc,19.46
Rekareka,inner_reef_flat_perc,0.22
Rongelap,inner_reef_flat_perc,14.38
Rongerik,inner_reef_flat_perc,3.91
Rose,inner_reef_flat_perc,42.1
Rowa,inner_reef_flat_perc,48.53
Saloman,inner_reef_flat_perc,27.43
Sama,inner_reef_flat_perc,45.4
Samasuma,inner_reef_flat_perc,39.06
Sapwuahfik,inner_reef_flat_perc,14.89
Satawan,inner_reef_flat_perc,21.21
Scilly,inner_reef_flat_perc,28.95
Sikaiana,inner_reef_flat_perc,52.81
Sorol,inner_reef_flat_perc,13.87
South_Keeling,inner_reef_flat_perc,27.54
South_Maalhosmadulu,inner_reef_flat_perc,26.22
South_Male,inner_reef_flat_perc,32.15
South_Nilandhe,inner_reef_flat_perc,33.42
South_Tubbataha,inner_reef_flat_perc,51.28
St_Francois,inner_reef_flat_perc,9.29
St_Joseph,inner_reef_flat_perc,6.45
Starbuck,inner_reef_flat_perc,2.75
Suheli_Par,inner_reef_flat_perc,12.34
Surprise,inner_reef_flat_perc,18.66
Suwarrow,inner_reef_flat_perc,25.5
Swains,inner_reef_flat_perc,37.33
Tabiteuea,inner_reef_flat_perc,13.73
Tabuaeran,inner_reef_flat_perc,16.61
Taenga,inner_reef_flat_perc,13.67
Tahanea,inner_reef_flat_perc,31.17
Taiaro,inner_reef_flat_perc,0.0
Taka,inner_reef_flat_perc,4.82
Takapoto,inner_reef_flat_perc,10.88
Takaroa,inner_reef_flat_perc,7.56
Takume,inner_reef_flat_perc,10.7
Takuu,inner_reef_flat_perc,41.35
Tarawa,inner_reef_flat_perc,14.32
Tatakoto,inner_reef_flat_perc,11.42
Tauere,inner_reef_flat_perc,9.89
Tekokota,inner_reef_flat_perc,9.45
Temitangi,inner_reef_flat_perc,5.57
Temoe,inner_reef_flat_perc,4.4
Tenararo,inner_reef_flat_perc,0.31
Tenaruga,inner_reef_flat_perc,0.0
Tepoto,inner_reef_flat_perc,3.35
Teraina,inner_reef_flat_perc,0.0
Tetiaroa,inner_reef_flat_perc,29.79
Thiladhunmathi,inner_reef_flat_perc,20.14
Thoddoo,inner_reef_flat_perc,18.43
Tikehau,inner_reef_flat_perc,14.93
Tilianu,inner_reef_flat_perc,0.0
Toau,inner_reef_flat_perc,22.1
Tongareva,inner_reef_flat_perc,16.28
Torlesse,inner_reef_flat_perc,31.86
Tuanake,inner_reef_flat_perc,16.09
Tupai,inner_reef_flat_perc,25.46
Tureia,inner_reef_flat_perc,1.93
Ujae,inner_reef_flat_perc,13.34
Ujelang,inner_reef_flat_perc,6.26
Ulithi,inner_reef_flat_perc,6.11
Utirik,inner_reef_flat_perc,6.58
Vahanga,inner_reef_flat_perc,0.0
Vahitahi,inner_reef_flat_perc,7.93
Vairaatea,inner_reef_flat_perc,9.42
Vaitupu,inner_reef_flat_perc,16.91
Vanavana,inner_reef_flat_perc,2.0
Vattaru,inner_reef_flat_perc,45.44
Wailagilala,inner_reef_flat_perc,25.54
Wake,inner_reef_flat_perc,10.28
West_Fayu,inner_reef_flat_perc,21.82
Willis,inner_reef_flat_perc,18.68
Woleai,inner_reef_flat_perc,8.59
Wotho,inner_reef_flat_perc,2.61
Wotje,inner_reef_flat_perc,7.19
Zohhoiiyoru,inner_reef_flat_perc,1.89
Abaiang,terrestrial_reef_flat_kmsq,0.0
Abariringa,terrestrial_reef_flat_kmsq,0.0
Abemama,terrestrial_reef_flat_kmsq,0.0
Addu,terrestrial_reef_flat_kmsq,0.0
Agatti,terrestrial_reef_flat_kmsq,0.0
Ahe,terrestrial_reef_flat_kmsq,0.0
Ahunui,terrestrial_reef_flat_kmsq,0.0
Ailinginae,terrestrial_reef_flat_kmsq,0.0
Ailinglaplap,terrestrial_reef_flat_kmsq,0.0
Ailuk,terrestrial_reef_flat_kmsq,0.0
Aldabra,terrestrial_reef_flat_kmsq,0.0
Alphonse,terrestrial_reef_flat_kmsq,0.09
Amanu,terrestrial_reef_flat_kmsq,0.0
Anaa,terrestrial_reef_flat_kmsq,0.0
Analtin,terrestrial_reef_flat_kmsq,0.0
Ant,terrestrial_reef_flat_kmsq,0.0
Anuanuraro,terrestrial_reef_flat_kmsq,0.0
Anuanurunga,terrestrial_reef_flat_kmsq,0.0
Apataki,terrestrial_reef_flat_kmsq,0.0
Aranuka,terrestrial_reef_flat_kmsq,0.0
Aratika,terrestrial_reef_flat_kmsq,0.0
Ari,terrestrial_reef_flat_kmsq,0.0
Arno,terrestrial_reef_flat_kmsq,0.0
Arutua,terrestrial_reef_flat_kmsq,0.0
Ashmore,terrestrial_reef_flat_kmsq,0.0
Astove,terrestrial_reef_flat_kmsq,0.0
Atafu,terrestrial_reef_flat_kmsq,0.0
Aur,terrestrial_reef_flat_kmsq,0.0
Awin,terrestrial_reef_flat_kmsq,0.0
Bangaram,terrestrial_reef_flat_kmsq,0.0
Beautemps-Beaupre,terrestrial_reef_flat_kmsq,0.0
Bellona,terrestrial_reef_flat_kmsq,0.0
Beru,terrestrial_reef_flat_kmsq,0.0
Bikar,terrestrial_reef_flat_kmsq,0.0
Bikini,terrestrial_reef_flat_kmsq,0.0
Birnie,terrestrial_reef_flat_kmsq,0.0
Bitra_Par,terrestrial_reef_flat_kmsq,0.0
Bokaak,terrestrial_reef_flat_kmsq,0.0
Bramble_Haven,terrestrial_reef_flat_kmsq,0.0
Budibudi,terrestrial_reef_flat_kmsq,0.49
Butaritari,terrestrial_reef_flat_kmsq,0.0
Byramgore,terrestrial_reef_flat_kmsq,0.0
Caroline,terrestrial_reef_flat_kmsq,0.0
Cato,terrestrial_reef_flat_kmsq,0.0
Cherbaniani,terrestrial_reef_flat_kmsq,0.0
Chesterfield,terrestrial_reef_flat_kmsq,0.0
Chetlat,terrestrial_reef_flat_kmsq,0.0
Clipperton,terrestrial_reef_flat_kmsq,0.0
Conflict,terrestrial_reef_flat_kmsq,0.0
Cosmoledo,terrestrial_reef_flat_kmsq,0.0
Desroches,terrestrial_reef_flat_kmsq,0.01
Diego_Garcia,terrestrial_reef_flat_kmsq,0.0
Ducie,terrestrial_reef_flat_kmsq,0.0
Eauripik,terrestrial_reef_flat_kmsq,0.0
Ebon,terrestrial_reef_flat_kmsq,0.0
Egmont,terrestrial_reef_flat_kmsq,0.0
Egum,terrestrial_reef_flat_kmsq,0.0
Elato,terrestrial_reef_flat_kmsq,0.0
Enderbury,terrestrial_reef_flat_kmsq,0.0
Eniwetok,terrestrial_reef_flat_kmsq,0.0
Erikub,terrestrial_reef_flat_kmsq,0.0
Etal,terrestrial_reef_flat_kmsq,0.0
Europa,terrestrial_reef_flat_kmsq,0.0
Faadhippolhu,terrestrial_reef_flat_kmsq,0.0
Faaite,terrestrial_reef_flat_kmsq,0.0
Fakahina,terrestrial_reef_flat_kmsq,0.0
Fakaofo,terrestrial_reef_flat_kmsq,0.0
Fakarava,terrestrial_reef_flat_kmsq,0.0
Fangatau,terrestrial_reef_flat_kmsq,0.0
Fangataufa,terrestrial_reef_flat_kmsq,0.0
Faraulep,terrestrial_reef_flat_kmsq,0.0
Farquhar,terrestrial_reef_flat_kmsq,0.0
Fasdhuthere,terrestrial_reef_flat_kmsq,0.0
Felidhu,terrestrial_reef_flat_kmsq,0.0
French_Frigate_Shoals,terrestrial_reef_flat_kmsq,0.06
Funafuti,terrestrial_reef_flat_kmsq,0.0
Fuvahmulah,terrestrial_reef_flat_kmsq,0.0
Gaafaru,terrestrial_reef_flat_kmsq,0.0
Glorioso,terrestrial_reef_flat_kmsq,0.0
Goidhoo,terrestrial_reef_flat_kmsq,0.0
Great_Chagos_Bank,terrestrial_reef_flat_kmsq,0.0
Haddhunmathi,terrestrial_reef_flat_kmsq,0.0
Hao,terrestrial_reef_flat_kmsq,0.0
Haraiki,terrestrial_reef_flat_kmsq,0.0
Helen,terrestrial_reef_flat_kmsq,0.0
Hereheretue,terrestrial_reef_flat_kmsq,0.0
Hikueru,terrestrial_reef_flat_kmsq,0.0
Hiti,terrestrial_reef_flat_kmsq,0.0
Huon,terrestrial_reef_flat_kmsq,0.0
Huvadhu,terrestrial_reef_flat_kmsq,0.0
Ifalik,terrestrial_reef_flat_kmsq,0.0
Ihavandhippolu,terrestrial_reef_flat_kmsq,0.0
Jaluit,terrestrial_reef_flat_kmsq,0.0
Jemo,terrestrial_reef_flat_kmsq,0.0
Johnston,terrestrial_reef_flat_kmsq,0.0
Kaashidhoo,terrestrial_reef_flat_kmsq,0.0
Kademat,terrestrial_reef_flat_kmsq,0.0
Kalpeni,terrestrial_reef_flat_kmsq,0.0
Kapingamarangi,terrestrial_reef_flat_kmsq,0.0
Katiu,terrestrial_reef_flat_kmsq,0.0
Kauehi,terrestrial_reef_flat_kmsq,0.0
Kaukura,terrestrial_reef_flat_kmsq,0.0
Kavaratti,terrestrial_reef_flat_kmsq,0.0
Kilinailau,terrestrial_reef_flat_kmsq,0.0
Kiltan,terrestrial_reef_flat_kmsq,0.0
Kiritimati,terrestrial_reef_flat_kmsq,0.0
Kolhumadulu,terrestrial_reef_flat_kmsq,0.0
Kuop,terrestrial_reef_flat_kmsq,0.0
Kure,terrestrial_reef_flat_kmsq,0.0
Kuria,terrestrial_reef_flat_kmsq,0.0
Kurimarau,terrestrial_reef_flat_kmsq,0.0
Kwajalein,terrestrial_reef_flat_kmsq,0.0
Lae,terrestrial_reef_flat_kmsq,0.0
Lamotrek,terrestrial_reef_flat_kmsq,0.0
Laualau,terrestrial_reef_flat_kmsq,0.0
Laysan,terrestrial_reef_flat_kmsq,0.53
Leli,terrestrial_reef_flat_kmsq,0.72
Lib,terrestrial_reef_flat_kmsq,0.0
Lihou,terrestrial_reef_flat_kmsq,0.0
Likiep,terrestrial_reef_flat_kmsq,0.0
Liot,terrestrial_reef_flat_kmsq,0.27
Lisianski,terrestrial_reef_flat_kmsq,0.1
Long_Reef,terrestrial_reef_flat_kmsq,0.29
Loraine_Anobat,terrestrial_reef_flat_kmsq,0.22
Losap,terrestrial_reef_flat_kmsq,0.0
Losiep,terrestrial_reef_flat_kmsq,0.0
Lukunor,terrestrial_reef_flat_kmsq,0.0
Mabui,terrestrial_reef_flat_kmsq,0.0
Maiana,terrestrial_reef_flat_kmsq,0.0
Majuro,terrestrial_reef_flat_kmsq,0.0
Makemo,terrestrial_reef_flat_kmsq,0.0
Makin,terrestrial_reef_flat_kmsq,0.0
Makunudhoo,terrestrial_reef_flat_kmsq,0.0
Malden,terrestrial_reef_flat_kmsq,0.0
Maloelap,terrestrial_reef_flat_kmsq,0.0
Malum,terrestrial_reef_flat_kmsq,0.0
Manihi,terrestrial_reef_flat_kmsq,0.0
Manihiki,terrestrial_reef_flat_kmsq,0.0
Manra,terrestrial_reef_flat_kmsq,0.0
Manuae,terrestrial_reef_flat_kmsq,0.0
Manuhangi,terrestrial_reef_flat_kmsq,0.0
Marakei,terrestrial_reef_flat_kmsq,0.0
Maria,terrestrial_reef_flat_kmsq,0.0
Maria_Est,terrestrial_reef_flat_kmsq,0.0
Marokau,terrestrial_reef_flat_kmsq,0.0
Marutea_Nord,terrestrial_reef_flat_kmsq,0.0
Marutea_Sud,terrestrial_reef_flat_kmsq,0.0
Mataiva,terrestrial_reef_flat_kmsq,0.0
Matureivavao,terrestrial_reef_flat_kmsq,0.0
Maupihaa,terrestrial_reef_flat_kmsq,0.0
Mellish,terrestrial_reef_flat_kmsq,0.0
Midway,terrestrial_reef_flat_kmsq,0.0
Mili,terrestrial_reef_flat_kmsq,0.0
Minicoy,terrestrial_reef_flat_kmsq,0.0
Mokil,terrestrial_reef_flat_kmsq,0.0
Morane,terrestrial_reef_flat_kmsq,0.0
Moruroa,terrestrial_reef_flat_kmsq,0.0
Motu_One,terrestrial_reef_flat_kmsq,0.0
Motutunga,terrestrial_reef_flat_kmsq,0.0
Mulaku,terrestrial_reef_flat_kmsq,0.0
Murilo,terrestrial_reef_flat_kmsq,0.0
Namoluk,terrestrial_reef_flat_kmsq,0.0
Namonuito,terrestrial_reef_flat_kmsq,0.0
Namorik,terrestrial_reef_flat_kmsq,0.0
Namu,terrestrial_reef_flat_kmsq,0.0
Nanumanga,terrestrial_reef_flat_kmsq,0.0
Nanumea,terrestrial_reef_flat_kmsq,0.0
Napuka,terrestrial_reef_flat_kmsq,0.0
Nengonengo,terrestrial_reef_flat_kmsq,0.0
Ngcheangel,terrestrial_reef_flat_kmsq,0.0
Ngulu,terrestrial_reef_flat_kmsq,0.0
Niau,terrestrial_reef_flat_kmsq,0.0
Nihiru,terrestrial_reef_flat_kmsq,0.0
Nikumaroro,terrestrial_reef_flat_kmsq,0.0
Nikunau,terrestrial_reef_flat_kmsq,0.0
Ninigo,terrestrial_reef_flat_kmsq,0.15
Nissan,terrestrial_reef_flat_kmsq,0.0
Niulakita,terrestrial_reef_flat_kmsq,0.36
Niutao,terrestrial_reef_flat_kmsq,0.0
Nomwin,terrestrial_reef_flat_kmsq,0.0
Nonouti,terrestrial_reef_flat_kmsq,0.0
North_Keeling,terrestrial_reef_flat_kmsq,0.16
North_Maalhosmadulu,terrestrial_reef_flat_kmsq,0.0
North_Male,terrestrial_reef_flat_kmsq,0.0
North_Nilandhe,terrestrial_reef_flat_kmsq,0.0
North_Tubbataha,terrestrial_reef_flat_kmsq,0.0
Nuguria,terrestrial_reef_flat_kmsq,0.0
Nui,terrestrial_reef_flat_kmsq,0.0
Nukapu,terrestrial_reef_flat_kmsq,0.0
Nukufetau,terrestrial_reef_flat_kmsq,0.0
Nukulaelae,terrestrial_reef_flat_kmsq,0.0
Nukumanu,terrestrial_reef_flat_kmsq,0.0
Nukumbasanga,terrestrial_reef_flat_kmsq,0.0
Nukunonu,terrestrial_reef_flat_kmsq,0.0
Nukuoro,terrestrial_reef_flat_kmsq,0.0
Nukusemanu,terrestrial_reef_flat_kmsq,0.09
Nukutepipi,terrestrial_reef_flat_kmsq,0.0
Numa_Miombilou,terrestrial_reef_flat_kmsq,0.19
Nupani,terrestrial_reef_flat_kmsq,0.0
Oeno,terrestrial_reef_flat_kmsq,0.0
Olimarao,terrestrial_reef_flat_kmsq,0.0
Onotoa,terrestrial_reef_flat_kmsq,0.0
Ontong_Java,terrestrial_reef_flat_kmsq,0.0
Oroluk,terrestrial_reef_flat_kmsq,0.0
Orona,terrestrial_reef_flat_kmsq,0.0
Pakin,terrestrial_reef_flat_kmsq,0.0
Palmerston,terrestrial_reef_flat_kmsq,0.0
Palmyra,terrestrial_reef_flat_kmsq,0.0
Paraoa,terrestrial_reef_flat_kmsq,0.0
Pearl_and_Hermes,terrestrial_reef_flat_kmsq,0.0
Peremul_Par,terrestrial_reef_flat_kmsq,0.0
Peros_Banhos,terrestrial_reef_flat_kmsq,0.0
Pinaki,terrestrial_reef_flat_kmsq,0.0
Pingelap,terrestrial_reef_flat_kmsq,0.0
Pinipel,terrestrial_reef_flat_kmsq,0.0
Platte,terrestrial_reef_flat_kmsq,0.0
Providence,terrestrial_reef_flat_kmsq,0.0
Pukapuka,terrestrial_reef_flat_kmsq,0.0
Puka-Puka,terrestrial_reef_flat_kmsq,0.0
Pukarua,terrestrial_reef_flat_kmsq,0.0
Pulap,terrestrial_reef_flat_kmsq,0.0
Pulusuk,terrestrial_reef_flat_kmsq,0.02
Puluwat,terrestrial_reef_flat_kmsq,0.0
Qelelevu,terrestrial_reef_flat_kmsq,0.0
Rakahanga,terrestrial_reef_flat_kmsq,0.0
Rangiroa,terrestrial_reef_flat_kmsq,0.0
Raraka,terrestrial_reef_flat_kmsq,0.0
Raroia,terrestrial_reef_flat_kmsq,0.0
Rasdhoo,terrestrial_reef_flat_kmsq,0.0
Ravahere,terrestrial_reef_flat_kmsq,0.0
Reao,terrestrial_reef_flat_kmsq,0.0
Redlick,terrestrial_reef_flat_kmsq,0.0
Reitoru,terrestrial_reef_flat_kmsq,0.0
Rekareka,terrestrial_reef_flat_kmsq,0.0
Rongelap,terrestrial_reef_flat_kmsq,0.0
Rongerik,terrestrial_reef_flat_kmsq,0.0
Rose,terrestrial_reef_flat_kmsq,0.0
Rowa,terrestrial_reef_flat_kmsq,0.0
Saloman,terrestrial_reef_flat_kmsq,0.0
Sama,terrestrial_reef_flat_kmsq,0.0
Samasuma,terrestrial_reef_flat_kmsq,0.0
Sapwuahfik,terrestrial_reef_flat_kmsq,0.0
Satawan,terrestrial_reef_flat_kmsq,0.0
Scilly,terrestrial_reef_flat_kmsq,0.0
Sikaiana,terrestrial_reef_flat_kmsq,0.0
Sorol,terrestrial_reef_flat_kmsq,0.0
South_Keeling,terrestrial_reef_flat_kmsq,0.2
South_Maalhosmadulu,terrestrial_reef_flat_kmsq,0.0
South_Male,terrestrial_reef_flat_kmsq,0.0
South_Nilandhe,terrestrial_reef_flat_kmsq,0.0
South_Tubbataha,terrestrial_reef_flat_kmsq,0.0
St_Francois,terrestrial_reef_flat_kmsq,0.0
St_Joseph,terrestrial_reef_flat_kmsq,0.0
Starbuck,terrestrial_reef_flat_kmsq,0.0
Suheli_Par,terrestrial_reef_flat_kmsq,0.0
Surprise,terrestrial_reef_flat_kmsq,0.0
Suwarrow,terrestrial_reef_flat_kmsq,0.0
Swains,terrestrial_reef_flat_kmsq,0.53
Tabiteuea,terrestrial_reef_flat_kmsq,0.0
Tabuaeran,terrestrial_reef_flat_kmsq,0.0
Taenga,terrestrial_reef_flat_kmsq,0.0
Tahanea,terrestrial_reef_flat_kmsq,0.0
Taiaro,terrestrial_reef_flat_kmsq,0.0
Taka,terrestrial_reef_flat_kmsq,0.0
Takapoto,terrestrial_reef_flat_kmsq,0.0
Takaroa,terrestrial_reef_flat_kmsq,0.0
Takume,terrestrial_reef_flat_kmsq,0.0
Takuu,terrestrial_reef_flat_kmsq,0.0
Tarawa,terrestrial_reef_flat_kmsq,0.0
Tatakoto,terrestrial_reef_flat_kmsq,0.0
Tauere,terrestrial_reef_flat_kmsq,0.0
Tekokota,terrestrial_reef_flat_kmsq,0.0
Temitangi,terrestrial_reef_flat_kmsq,0.0
Temoe,terrestrial_reef_flat_kmsq,0.0
Tenararo,terrestrial_reef_flat_kmsq,0.0
Tenaruga,terrestrial_reef_flat_kmsq,0.0
Tepoto,terrestrial_reef_flat_kmsq,0.0
Teraina,terrestrial_reef_flat_kmsq,0.0
Tetiaroa,terrestrial_reef_flat_kmsq,0.0
Thiladhunmathi,terrestrial_reef_flat_kmsq,0.0
Thoddoo,terrestrial_reef_flat_kmsq,0.0
Tikehau,terrestrial_reef_flat_kmsq,0.0
Tilianu,terrestrial_reef_flat_kmsq,0.14
Toau,terrestrial_reef_flat_kmsq,0.0
Tongareva,terrestrial_reef_flat_kmsq,0.0
Torlesse,terrestrial_reef_flat_kmsq,0.0
Tuanake,terrestrial_reef_flat_kmsq,0.0
Tupai,terrestrial_reef_flat_kmsq,0.0
Tureia,terrestrial_reef_flat_kmsq,0.0
Ujae,terrestrial_reef_flat_kmsq,0.0
Ujelang,terrestrial_reef_flat_kmsq,0.0
Ulithi,terrestrial_reef_flat_kmsq,0.05
Utirik,terrestrial_reef_flat_kmsq,0.0
Vahanga,terrestrial_reef_flat_kmsq,0.0
Vahitahi,terrestrial_reef_flat_kmsq,0.0
Vairaatea,terrestrial_reef_flat_kmsq,0.0
Vaitupu,terrestrial_reef_flat_kmsq,0.0
Vanavana,terrestrial_reef_flat_kmsq,0.0
Vattaru,terrestrial_reef_flat_kmsq,0.0
Wailagilala,terrestrial_reef_flat_kmsq,0.0
Wake,terrestrial_reef_flat_kmsq,0.0
West_Fayu,terrestrial_reef_flat_kmsq,0.0
Willis,terrestrial_reef_flat_kmsq,0.0
Woleai,terrestrial_reef_flat_kmsq,0.0
Wotho,terrestrial_reef_flat_kmsq,0.0
Wotje,terrestrial_reef_flat_kmsq,0.0
Zohhoiiyoru,terrestrial_reef_flat_kmsq,0.03
Abaiang,terrestrial_reef_flat_perc,0.0
Abariringa,terrestrial_reef_flat_perc,0.0
Abemama,terrestrial_reef_flat_perc,0.0
Addu,terrestrial_reef_flat_perc,0.0
Agatti,terrestrial_reef_flat_perc,0.0
Ahe,terrestrial_reef_flat_perc,0.0
Ahunui,terrestrial_reef_flat_perc,0.0
Ailinginae,terrestrial_reef_flat_perc,0.0
Ailinglaplap,terrestrial_reef_flat_perc,0.0
Ailuk,terrestrial_reef_flat_perc,0.0
Aldabra,terrestrial_reef_flat_perc,0.0
Alphonse,terrestrial_reef_flat_perc,0.48
Amanu,terrestrial_reef_flat_perc,0.0
Anaa,terrestrial_reef_flat_perc,0.0
Analtin,terrestrial_reef_flat_perc,0.0
Ant,terrestrial_reef_flat_perc,0.0
Anuanuraro,terrestrial_reef_flat_perc,0.0
Anuanurunga,terrestrial_reef_flat_perc,0.0
Apataki,terrestrial_reef_flat_perc,0.0
Aranuka,terrestrial_reef_flat_perc,0.0
Aratika,terrestrial_reef_flat_perc,0.0
Ari,terrestrial_reef_flat_perc,0.0
Arno,terrestrial_reef_flat_perc,0.0
Arutua,terrestrial_reef_flat_perc,0.0
Ashmore,terrestrial_reef_flat_perc,0.0
Astove,terrestrial_reef_flat_perc,0.0
Atafu,terrestrial_reef_flat_perc,0.0
Aur,terrestrial_reef_flat_perc,0.0
Awin,terrestrial_reef_flat_perc,0.0
Bangaram,terrestrial_reef_flat_perc,0.0
Beautemps-Beaupre,terrestrial_reef_flat_perc,0.0
Bellona,terrestrial_reef_flat_perc,0.0
Beru,terrestrial_reef_flat_perc,0.0
Bikar,terrestrial_reef_flat_perc,0.0
Bikini,terrestrial_reef_flat_perc,0.0
Birnie,terrestrial_reef_flat_perc,0.0
Bitra_Par,terrestrial_reef_flat_perc,0.0
Bokaak,terrestrial_reef_flat_perc,0.0
Bramble_Haven,terrestrial_reef_flat_perc,0.0
Budibudi,terrestrial_reef_flat_perc,4.35
Butaritari,terrestrial_reef_flat_perc,0.0
Byramgore,terrestrial_reef_flat_perc,0.0
Caroline,terrestrial_reef_flat_perc,0.0
Cato,terrestrial_reef_flat_perc,0.0
Cherbaniani,terrestrial_reef_flat_perc,0.0
Chesterfield,terrestrial_reef_flat_perc,0.0
Chetlat,terrestrial_reef_flat_perc,0.0
Clipperton,terrestrial_reef_flat_perc,0.0
Conflict,terrestrial_reef_flat_perc,0.01
Cosmoledo,terrestrial_reef_flat_perc,0.0
Desroches,terrestrial_reef_flat_perc,0.03
Diego_Garcia,terrestrial_reef_flat_perc,0.0
Ducie,terrestrial_reef_flat_perc,0.0
Eauripik,terrestrial_reef_flat_perc,0.0
Ebon,terrestrial_reef_flat_perc,0.0
Egmont,terrestrial_reef_flat_perc,0.0
Egum,terrestrial_reef_flat_perc,0.0
Elato,terrestrial_reef_flat_perc,0.0
Enderbury,terrestrial_reef_flat_perc,0.0
Eniwetok,terrestrial_reef_flat_perc,0.0
Erikub,terrestrial_reef_flat_perc,0.0
Etal,terrestrial_reef_flat_perc,0.0
Europa,terrestrial_reef_flat_perc,0.0
Faadhippolhu,terrestrial_reef_flat_perc,0.0
Faaite,terrestrial_reef_flat_perc,0.0
Fakahina,terrestrial_reef_flat_perc,0.0
Fakaofo,terrestrial_reef_flat_perc,0.0
Fakarava,terrestrial_reef_flat_perc,0.0
Fangatau,terrestrial_reef_flat_perc,0.0
Fangataufa,terrestrial_reef_flat_perc,0.0
Faraulep,terrestrial_reef_flat_perc,0.0
Farquhar,terrestrial_reef_flat_perc,0.0
Fasdhuthere,terrestrial_reef_flat_perc,0.0
Felidhu,terrestrial_reef_flat_perc,0.0
French_Frigate_Shoals,terrestrial_reef_flat_perc,0.01
Funafuti,terrestrial_reef_flat_perc,0.0
Fuvahmulah,terrestrial_reef_flat_perc,0.0
Gaafaru,terrestrial_reef_flat_perc,0.0
Glorioso,terrestrial_reef_flat_perc,0.0
Goidhoo,terrestrial_reef_flat_perc,0.0
Great_Chagos_Bank,terrestrial_reef_flat_perc,0.0
Haddhunmathi,terrestrial_reef_flat_perc,0.0
Hao,terrestrial_reef_flat_perc,0.0
Haraiki,terrestrial_reef_flat_perc,0.0
Helen,terrestrial_reef_flat_perc,0.0
Hereheretue,terrestrial_reef_flat_perc,0.0
Hikueru,terrestrial_reef_flat_perc,0.0
Hiti,terrestrial_reef_flat_perc,0.0
Huon,terrestrial_reef_flat_perc,0.0
Huvadhu,terrestrial_reef_flat_perc,0.0
Ifalik,terrestrial_reef_flat_perc,0.0
Ihavandhippolu,terrestrial_reef_flat_perc,0.0
Jaluit,terrestrial_reef_flat_perc,0.0
Jemo,terrestrial_reef_flat_perc,0.0
Johnston,terrestrial_reef_flat_perc,0.0
Kaashidhoo,terrestrial_reef_flat_perc,0.0
Kademat,terrestrial_reef_flat_perc,0.0
Kalpeni,terrestrial_reef_flat_perc,0.0
Kapingamarangi,terrestrial_reef_flat_perc,0.0
Katiu,terrestrial_reef_flat_perc,0.0
Kauehi,terrestrial_reef_flat_perc,0.0
Kaukura,terrestrial_reef_flat_perc,0.0
Kavaratti,terrestrial_reef_flat_perc,0.0
Kilinailau,terrestrial_reef_flat_perc,0.0
Kiltan,terrestrial_reef_flat_perc,0.0
Kiritimati,terrestrial_reef_flat_perc,0.0
Kolhumadulu,terrestrial_reef_flat_perc,0.0
Kuop,terrestrial_reef_flat_perc,0.0
Kure,terrestrial_reef_flat_perc,0.0
Kuria,terrestrial_reef_flat_perc,0.0
Kurimarau,terrestrial_reef_flat_perc,0.17
Kwajalein,terrestrial_reef_flat_perc,0.0
Lae,terrestrial_reef_flat_perc,0.0
Lamotrek,terrestrial_reef_flat_perc,0.0
Laualau,terrestrial_reef_flat_perc,0.0
Laysan,terrestrial_reef_flat_perc,42.53
Leli,terrestrial_reef_flat_perc,12.08
Lib,terrestrial_reef_flat_perc,0.0
Lihou,terrestrial_reef_flat_perc,0.0
Likiep,terrestrial_reef_flat_perc,0.0
Liot,terrestrial_reef_flat_perc,8.42
Lisianski,terrestrial_reef_flat_perc,0.08
Long_Reef,terrestrial_reef_flat_perc,0.09
Loraine_Anobat,terrestrial_reef_flat_perc,20.92
Losap,terrestrial_reef_flat_perc,0.0
Losiep,terrestrial_reef_flat_perc,0.0
Lukunor,terrestrial_reef_flat_perc,0.0
Mabui,terrestrial_reef_flat_perc,0.0
Maiana,terrestrial_reef_flat_perc,0.0
Majuro,terrestrial_reef_flat_perc,0.0
Makemo,terrestrial_reef_flat_perc,0.0
Makin,terrestrial_reef_flat_perc,0.0
Makunudhoo,terrestrial_reef_flat_perc,0.0
Malden,terrestrial_reef_flat_perc,0.0
Maloelap,terrestrial_reef_flat_perc,0.0
Malum,terrestrial_reef_flat_perc,0.0
Manihi,terrestrial_reef_flat_perc,0.0
Manihiki,terrestrial_reef_flat_perc,0.0
Manra,terrestrial_reef_flat_perc,0.0
Manuae,terrestrial_reef_flat_perc,0.0
Manuhangi,terrestrial_reef_flat_perc,0.0
Marakei,terrestrial_reef_flat_perc,0.0
Maria,terrestrial_reef_flat_perc,0.0
Maria_Est,terrestrial_reef_flat_perc,0.0
Marokau,terrestrial_reef_flat_perc,0.0
Marutea_Nord,terrestrial_reef_flat_perc,0.0
Marutea_Sud,terrestrial_reef_flat_perc,0.0
Mataiva,terrestrial_reef_flat_perc,0.0
Matureivavao,terrestrial_reef_flat_perc,0.0
Maupihaa,terrestrial_reef_flat_perc,0.0
Mellish,terrestrial_reef_flat_perc,0.0
Midway,terrestrial_reef_flat_perc,0.0
Mili,terrestrial_reef_flat_perc,0.0
Minicoy,terrestrial_reef_flat_perc,0.0
Mokil,terrestrial_reef_flat_perc,0.0
Morane,terrestrial_reef_flat_perc,0.0
Moruroa,terrestrial_reef_flat_perc,0.0
Motu_One,terrestrial_reef_flat_perc,0.0
Motutunga,terrestrial_reef_flat_perc,0.0
Mulaku,terrestrial_reef_flat_perc,0.0
Murilo,terrestrial_reef_flat_perc,0.0
Namoluk,terrestrial_reef_flat_perc,0.0
Namonuito,terrestrial_reef_flat_perc,0.0
Namorik,terrestrial_reef_flat_perc,0.0
Namu,terrestrial_reef_flat_perc,0.0
Nanumanga,terrestrial_reef_flat_perc,0.0
Nanumea,terrestrial_reef_flat_perc,0.0
Napuka,terrestrial_reef_flat_perc,0.0
Nengonengo,terrestrial_reef_flat_perc,0.0
Ngcheangel,terrestrial_reef_flat_perc,0.0
Ngulu,terrestrial_reef_flat_perc,0.0
Niau,terrestrial_reef_flat_perc,0.0
Nihiru,terrestrial_reef_flat_perc,0.0
Nikumaroro,terrestrial_reef_flat_perc,0.0
Nikunau,terrestrial_reef_flat_perc,0.0
Ninigo,terrestrial_reef_flat_perc,0.12
Nissan,terrestrial_reef_flat_perc,0.0
Niulakita,terrestrial_reef_flat_perc,5.71
Niutao,terrestrial_reef_flat_perc,0.0
Nomwin,terrestrial_reef_flat_perc,0.0
Nonouti,terrestrial_reef_flat_perc,0.0
North_Keeling,terrestrial_reef_flat_perc,9.36
North_Maalhosmadulu,terrestrial_reef_flat_perc,0.0
North_Male,terrestrial_reef_flat_perc,0.0
North_Nilandhe,terrestrial_reef_flat_perc,0.0
North_Tubbataha,terrestrial_reef_flat_perc,0.0
Nuguria,terrestrial_reef_flat_perc,0.0
Nui,terrestrial_reef_flat_perc,0.0
Nukapu,terrestrial_reef_flat_perc,0.0
Nukufetau,terrestrial_reef_flat_perc,0.0
Nukulaelae,terrestrial_reef_flat_perc,0.0
Nukumanu,terrestrial_reef_flat_perc,0.0
Nukumbasanga,terrestrial_reef_flat_perc,0.0
Nukunonu,terrestrial_reef_flat_perc,0.0
Nukuoro,terrestrial_reef_flat_perc,0.0
Nukusemanu,terrestrial_reef_flat_perc,0.15
Nukutepipi,terrestrial_reef_flat_perc,0.0
Numa_Miombilou,terrestrial_reef_flat_perc,0.22
Nupani,terrestrial_reef_flat_perc,0.0
Oeno,terrestrial_reef_flat_perc,0.0
Olimarao,terrestrial_reef_flat_perc,0.0
Onotoa,terrestrial_reef_flat_perc,0.0
Ontong_Java,terrestrial_reef_flat_perc,0.0
Oroluk,terrestrial_reef_flat_perc,0.0
Orona,terrestrial_reef_flat_perc,0.0
Pakin,terrestrial_reef_flat_perc,0.0
Palmerston,terrestrial_reef_flat_perc,0.0
Palmyra,terrestrial_reef_flat_perc,0.0
Paraoa,terrestrial_reef_flat_perc,0.0
Pearl_and_Hermes,terrestrial_reef_flat_perc,0.0
Peremul_Par,terrestrial_reef_flat_perc,0.0
Peros_Banhos,terrestrial_reef_flat_perc,0.0
Pinaki,terrestrial_reef_flat_perc,0.0
Pingelap,terrestrial_reef_flat_perc,0.0
Pinipel,terrestrial_reef_flat_perc,0.0
Platte,terrestrial_reef_flat_perc,0.0
Providence,terrestrial_reef_flat_perc,0.0
Pukapuka,terrestrial_reef_flat_perc,0.0
Puka-Puka,terrestrial_reef_flat_perc,0.0
Pukarua,terrestrial_reef_flat_perc,0.0
Pulap,terrestrial_reef_flat_perc,0.0
Pulusuk,terrestrial_reef_flat_perc,0.67
Puluwat,terrestrial_reef_flat_perc,0.0
Qelelevu,terrestrial_reef_flat_perc,0.0
Rakahanga,terrestrial_reef_flat_perc,0.0
Rangiroa,terrestrial_reef_flat_perc,0.0
Raraka,terrestrial_reef_flat_perc,0.0
Raroia,terrestrial_reef_flat_perc,0.0
Rasdhoo,terrestrial_reef_flat_perc,0.0
Ravahere,terrestrial_reef_flat_perc,0.0
Reao,terrestrial_reef_flat_perc,0.0
Redlick,terrestrial_reef_flat_perc,0.0
Reitoru,terrestrial_reef_flat_perc,0.0
Rekareka,terrestrial_reef_flat_perc,0.0
Rongelap,terrestrial_reef_flat_perc,0.0
Rongerik,terrestrial_reef_flat_perc,0.0
Rose,terrestrial_reef_flat_perc,0.0
Rowa,terrestrial_reef_flat_perc,0.0
Saloman,terrestrial_reef_flat_perc,0.0
Sama,terrestrial_reef_flat_perc,0.0
Samasuma,terrestrial_reef_flat_perc,0.0
Sapwuahfik,terrestrial_reef_flat_perc,0.0
Satawan,terrestrial_reef_flat_perc,0.0
Scilly,terrestrial_reef_flat_perc,0.0
Sikaiana,terrestrial_reef_flat_perc,0.0
Sorol,terrestrial_reef_flat_perc,0.0
South_Keeling,terrestrial_reef_flat_perc,0.2
South_Maalhosmadulu,terrestrial_reef_flat_perc,0.0
South_Male,terrestrial_reef_flat_perc,0.0
South_Nilandhe,terrestrial_reef_flat_perc,0.0
South_Tubbataha,terrestrial_reef_flat_perc,0.0
St_Francois,terrestrial_reef_flat_perc,0.0
St_Joseph,terrestrial_reef_flat_perc,0.0
Starbuck,terrestrial_reef_flat_perc,0.0
Suheli_Par,terrestrial_reef_flat_perc,0.0
Surprise,terrestrial_reef_flat_perc,0.0
Suwarrow,terrestrial_reef_flat_perc,0.0
Swains,terrestrial_reef_flat_perc,29.55
Tabiteuea,terrestrial_reef_flat_perc,0.0
Tabuaeran,terrestrial_reef_flat_perc,0.0
Taenga,terrestrial_reef_flat_perc,0.0
Tahanea,terrestrial_reef_flat_perc,0.0
Taiaro,terrestrial_reef_flat_perc,0.0
Taka,terrestrial_reef_flat_perc,0.0
Takapoto,terrestrial_reef_flat_perc,0.0
Takaroa,terrestrial_reef_flat_perc,0.0
Takume,terrestrial_reef_flat_perc,0.0
Takuu,terrestrial_reef_flat_perc,0.0
Tarawa,terrestrial_reef_flat_perc,0.0
Tatakoto,terrestrial_reef_flat_perc,0.0
Tauere,terrestrial_reef_flat_perc,0.0
Tekokota,terrestrial_reef_flat_perc,0.0
Temitangi,terrestrial_reef_flat_perc,0.0
Temoe,terrestrial_reef_flat_perc,0.0
Tenararo,terrestrial_reef_flat_perc,0.0
Tenaruga,terrestrial_reef_flat_perc,0.0
Tepoto,terrestrial_reef_flat_perc,0.0
Teraina,terrestrial_reef_flat_perc,0.0
Tetiaroa,terrestrial_reef_flat_perc,0.0
Thiladhunmathi,terrestrial_reef_flat_perc,0.0
Thoddoo,terrestrial_reef_flat_perc,0.0
Tikehau,terrestrial_reef_flat_perc,0.0
Tilianu,terrestrial_reef_flat_perc,30.59
Toau,terrestrial_reef_flat_perc,0.0
Tongareva,terrestrial_reef_flat_perc,0.0
Torlesse,terrestrial_reef_flat_perc,0.0
Tuanake,terrestrial_reef_flat_perc,0.0
Tupai,terrestrial_reef_flat_perc,0.0
Tureia,terrestrial_reef_flat_perc,0.0
Ujae,terrestrial_reef_flat_perc,0.0
Ujelang,terrestrial_reef_flat_perc,0.0
Ulithi,terrestrial_reef_flat_perc,0.07
Utirik,terrestrial_reef_flat_perc,0.0
Vahanga,terrestrial_reef_flat_perc,0.0
Vahitahi,terrestrial_reef_flat_perc,0.0
Vairaatea,terrestrial_reef_flat_perc,0.0
Vaitupu,terrestrial_reef_flat_perc,0.0
Vanavana,terrestrial_reef_flat_perc,0.0
Vattaru,terrestrial_reef_flat_perc,0.0
Wailagilala,terrestrial_reef_flat_perc,0.0
Wake,terrestrial_reef_flat_perc,0.0
West_Fayu,terrestrial_reef_flat_perc,0.0
Willis,terrestrial_reef_flat_perc,0.0
Woleai,terrestrial_reef_flat_perc,0.0
Wotho,terrestrial_reef_flat_perc,0.0
Wotje,terrestrial_reef_flat_perc,0.0
Zohhoiiyoru,terrestrial_reef_flat_perc,1.08
Abaiang,plateau_kmsq,2.35
Abariringa,plateau_kmsq,0.04
Abemama,plateau_kmsq,0.46
Addu,plateau_kmsq,0.85
Agatti,plateau_kmsq,0.01
Ahe,plateau_kmsq,1.55
Ahunui,plateau_kmsq,0.0
Ailinginae,plateau_kmsq,1.65
Ailinglaplap,plateau_kmsq,0.57
Ailuk,plateau_kmsq,0.31
Aldabra,plateau_kmsq,0.07
Alphonse,plateau_kmsq,0.04
Amanu,plateau_kmsq,0.16
Anaa,plateau_kmsq,1.58
Analtin,plateau_kmsq,1.36
Ant,plateau_kmsq,0.24
Anuanuraro,plateau_kmsq,0.03
Anuanurunga,plateau_kmsq,0.21
Apataki,plateau_kmsq,1.52
Aranuka,plateau_kmsq,0.0
Aratika,plateau_kmsq,0.58
Ari,plateau_kmsq,4.99
Arno,plateau_kmsq,6.05
Arutua,plateau_kmsq,1.91
Ashmore,plateau_kmsq,0.0
Astove,plateau_kmsq,0.01
Atafu,plateau_kmsq,0.18
Aur,plateau_kmsq,0.38
Awin,plateau_kmsq,0.2
Bangaram,plateau_kmsq,0.0
Beautemps-Beaupre,plateau_kmsq,0.05
Bellona,plateau_kmsq,1.12
Beru,plateau_kmsq,0.56
Bikar,plateau_kmsq,3.34
Bikini,plateau_kmsq,12.44
Birnie,plateau_kmsq,0.0
Bitra_Par,plateau_kmsq,0.2
Bokaak,plateau_kmsq,4.31
Bramble_Haven,plateau_kmsq,1.84
Budibudi,plateau_kmsq,0.23
Butaritari,plateau_kmsq,1.35
Byramgore,plateau_kmsq,5.68
Caroline,plateau_kmsq,0.01
Cato,plateau_kmsq,0.04
Cherbaniani,plateau_kmsq,0.5
Chesterfield,plateau_kmsq,4.12
Chetlat,plateau_kmsq,0.04
Clipperton,plateau_kmsq,0.04
Conflict,plateau_kmsq,2.56
Cosmoledo,plateau_kmsq,0.27
Desroches,plateau_kmsq,0.06
Diego_Garcia,plateau_kmsq,3.57
Ducie,plateau_kmsq,0.06
Eauripik,plateau_kmsq,0.19
Ebon,plateau_kmsq,0.1
Egmont,plateau_kmsq,4.77
Egum,plateau_kmsq,9.62
Elato,plateau_kmsq,0.8
Enderbury,plateau_kmsq,0.0
Eniwetok,plateau_kmsq,4.39
Erikub,plateau_kmsq,0.5
Etal,plateau_kmsq,0.03
Europa,plateau_kmsq,0.0
Faadhippolhu,plateau_kmsq,0.73
Faaite,plateau_kmsq,1.8
Fakahina,plateau_kmsq,0.04
Fakaofo,plateau_kmsq,0.42
Fakarava,plateau_kmsq,1.05
Fangatau,plateau_kmsq,0.0
Fangataufa,plateau_kmsq,1.5
Faraulep,plateau_kmsq,0.09
Farquhar,plateau_kmsq,0.07
Fasdhuthere,plateau_kmsq,0.04
Felidhu,plateau_kmsq,1.0
French_Frigate_Shoals,plateau_kmsq,11.53
Funafuti,plateau_kmsq,1.04
Fuvahmulah,plateau_kmsq,0.11
Gaafaru,plateau_kmsq,0.13
Glorioso,plateau_kmsq,0.33
Goidhoo,plateau_kmsq,0.17
Great_Chagos_Bank,plateau_kmsq,29.02
Haddhunmathi,plateau_kmsq,1.43
Hao,plateau_kmsq,0.64
Haraiki,plateau_kmsq,1.12
Helen,plateau_kmsq,0.44
Hereheretue,plateau_kmsq,0.29
Hikueru,plateau_kmsq,0.26
Hiti,plateau_kmsq,0.26
Huon,plateau_kmsq,1.33
Huvadhu,plateau_kmsq,1.98
Ifalik,plateau_kmsq,0.48
Ihavandhippolu,plateau_kmsq,2.1
Jaluit,plateau_kmsq,3.34
Jemo,plateau_kmsq,0.0
Johnston,plateau_kmsq,2.82
Kaashidhoo,plateau_kmsq,0.02
Kademat,plateau_kmsq,0.83
Kalpeni,plateau_kmsq,0.11
Kapingamarangi,plateau_kmsq,1.52
Katiu,plateau_kmsq,0.83
Kauehi,plateau_kmsq,0.67
Kaukura,plateau_kmsq,8.29
Kavaratti,plateau_kmsq,0.03
Kilinailau,plateau_kmsq,2.37
Kiltan,plateau_kmsq,0.01
Kiritimati,plateau_kmsq,0.18
Kolhumadulu,plateau_kmsq,1.19
Kuop,plateau_kmsq,0.09
Kure,plateau_kmsq,0.24
Kuria,plateau_kmsq,0.22
Kurimarau,plateau_kmsq,0.14
Kwajalein,plateau_kmsq,8.28
Lae,plateau_kmsq,0.44
Lamotrek,plateau_kmsq,0.02
Laualau,plateau_kmsq,0.5
Laysan,plateau_kmsq,0.0
Leli,plateau_kmsq,0.42
Lib,plateau_kmsq,0.0
Lihou,plateau_kmsq,6.84
Likiep,plateau_kmsq,0.65
Liot,plateau_kmsq,0.0
Lisianski,plateau_kmsq,4.01
Long_Reef,plateau_kmsq,24.65
Loraine_Anobat,plateau_kmsq,0.12
Losap,plateau_kmsq,0.5
Losiep,plateau_kmsq,0.03
Lukunor,plateau_kmsq,0.2
Mabui,plateau_kmsq,0.01
Maiana,plateau_kmsq,0.6
Majuro,plateau_kmsq,0.02
Makemo,plateau_kmsq,1.5
Makin,plateau_kmsq,0.0
Makunudhoo,plateau_kmsq,2.79
Malden,plateau_kmsq,0.0
Maloelap,plateau_kmsq,1.85
Malum,plateau_kmsq,0.07
Manihi,plateau_kmsq,1.34
Manihiki,plateau_kmsq,0.21
Manra,plateau_kmsq,0.0
Manuae,plateau_kmsq,0.05
Manuhangi,plateau_kmsq,0.02
Marakei,plateau_kmsq,0.0
Maria,plateau_kmsq,0.03
Maria_Est,plateau_kmsq,0.08
Marokau,plateau_kmsq,0.24
Marutea_Nord,plateau_kmsq,1.49
Marutea_Sud,plateau_kmsq,0.46
Mataiva,plateau_kmsq,0.06
Matureivavao,plateau_kmsq,0.01
Maupihaa,plateau_kmsq,0.03
Mellish,plateau_kmsq,0.01
Midway,plateau_kmsq,1.01
Mili,plateau_kmsq,2.91
Minicoy,plateau_kmsq,0.17
Mokil,plateau_kmsq,0.0
Morane,plateau_kmsq,0.11
Moruroa,plateau_kmsq,0.55
Motu_One,plateau_kmsq,0.5
Motutunga,plateau_kmsq,0.78
Mulaku,plateau_kmsq,1.78
Murilo,plateau_kmsq,4.1
Namoluk,plateau_kmsq,0.28
Namonuito,plateau_kmsq,3.06
Namorik,plateau_kmsq,0.66
Namu,plateau_kmsq,1.61
Nanumanga,plateau_kmsq,0.0
Nanumea,plateau_kmsq,0.0
Napuka,plateau_kmsq,0.24
Nengonengo,plateau_kmsq,0.17
Ngcheangel,plateau_kmsq,0.63
Ngulu,plateau_kmsq,3.14
Niau,plateau_kmsq,0.0
Nihiru,plateau_kmsq,1.14
Nikumaroro,plateau_kmsq,0.0
Nikunau,plateau_kmsq,0.01
Ninigo,plateau_kmsq,12.83
Nissan,plateau_kmsq,1.17
Niulakita,plateau_kmsq,0.49
Niutao,plateau_kmsq,0.0
Nomwin,plateau_kmsq,1.67
Nonouti,plateau_kmsq,97.8
North_Keeling,plateau_kmsq,0.43
North_Maalhosmadulu,plateau_kmsq,1.78
North_Male,plateau_kmsq,3.35
North_Nilandhe,plateau_kmsq,0.95
North_Tubbataha,plateau_kmsq,1.17
Nuguria,plateau_kmsq,3.09
Nui,plateau_kmsq,0.08
Nukapu,plateau_kmsq,0.01
Nukufetau,plateau_kmsq,0.25
Nukulaelae,plateau_kmsq,0.36
Nukumanu,plateau_kmsq,1.55
Nukumbasanga,plateau_kmsq,1.35
Nukunonu,plateau_kmsq,0.02
Nukuoro,plateau_kmsq,0.04
Nukusemanu,plateau_kmsq,4.23
Nukutepipi,plateau_kmsq,0.1
Numa_Miombilou,plateau_kmsq,2.42
Nupani,plateau_kmsq,0.18
Oeno,plateau_kmsq,0.0
Olimarao,plateau_kmsq,0.08
Onotoa,plateau_kmsq,0.04
Ontong_Java,plateau_kmsq,1.14
Oroluk,plateau_kmsq,0.07
Orona,plateau_kmsq,1.84
Pakin,plateau_kmsq,0.18
Palmerston,plateau_kmsq,1.23
Palmyra,plateau_kmsq,0.3
Paraoa,plateau_kmsq,0.67
Pearl_and_Hermes,plateau_kmsq,11.61
Peremul_Par,plateau_kmsq,0.13
Peros_Banhos,plateau_kmsq,5.99
Pinaki,plateau_kmsq,0.0
Pingelap,plateau_kmsq,0.03
Pinipel,plateau_kmsq,0.2
Platte,plateau_kmsq,0.39
Providence,plateau_kmsq,1.62
Pukapuka,plateau_kmsq,0.48
Puka-Puka,plateau_kmsq,0.03
Pukarua,plateau_kmsq,0.22
Pulap,plateau_kmsq,1.07
Pulusuk,plateau_kmsq,0.79
Puluwat,plateau_kmsq,0.21
Qelelevu,plateau_kmsq,0.53
Rakahanga,plateau_kmsq,0.0
Rangiroa,plateau_kmsq,3.15
Raraka,plateau_kmsq,0.19
Raroia,plateau_kmsq,0.84
Rasdhoo,plateau_kmsq,0.11
Ravahere,plateau_kmsq,0.23
Reao,plateau_kmsq,0.93
Redlick,plateau_kmsq,5.54
Reitoru,plateau_kmsq,0.1
Rekareka,plateau_kmsq,0.07
Rongelap,plateau_kmsq,9.21
Rongerik,plateau_kmsq,1.45
Rose,plateau_kmsq,0.0
Rowa,plateau_kmsq,0.12
Saloman,plateau_kmsq,0.69
Sama,plateau_kmsq,0.01
Samasuma,plateau_kmsq,0.07
Sapwuahfik,plateau_kmsq,0.86
Satawan,plateau_kmsq,0.26
Scilly,plateau_kmsq,0.01
Sikaiana,plateau_kmsq,0.0
Sorol,plateau_kmsq,0.07
South_Keeling,plateau_kmsq,10.92
South_Maalhosmadulu,plateau_kmsq,0.58
South_Male,plateau_kmsq,0.73
South_Nilandhe,plateau_kmsq,1.58
South_Tubbataha,plateau_kmsq,0.2
St_Francois,plateau_kmsq,0.03
St_Joseph,plateau_kmsq,0.02
Starbuck,plateau_kmsq,0.0
Suheli_Par,plateau_kmsq,0.25
Surprise,plateau_kmsq,2.67
Suwarrow,plateau_kmsq,0.41
Swains,plateau_kmsq,0.01
Tabiteuea,plateau_kmsq,43.53
Tabuaeran,plateau_kmsq,0.01
Taenga,plateau_kmsq,0.42
Tahanea,plateau_kmsq,1.8
Taiaro,plateau_kmsq,0.02
Taka,plateau_kmsq,1.35
Takapoto,plateau_kmsq,2.18
Takaroa,plateau_kmsq,0.97
Takume,plateau_kmsq,0.14
Takuu,plateau_kmsq,0.05
Tarawa,plateau_kmsq,0.39
Tatakoto,plateau_kmsq,0.51
Tauere,plateau_kmsq,0.26
Tekokota,plateau_kmsq,0.03
Temitangi,plateau_kmsq,0.12
Temoe,plateau_kmsq,0.61
Tenararo,plateau_kmsq,0.01
Tenaruga,plateau_kmsq,0.0
Tepoto,plateau_kmsq,0.01
Teraina,plateau_kmsq,0.01
Tetiaroa,plateau_kmsq,0.01
Thiladhunmathi,plateau_kmsq,2.86
Thoddoo,plateau_kmsq,0.04
Tikehau,plateau_kmsq,5.11
Tilianu,plateau_kmsq,0.02
Toau,plateau_kmsq,1.2
Tongareva,plateau_kmsq,1.0
Torlesse,plateau_kmsq,0.03
Tuanake,plateau_kmsq,0.14
Tupai,plateau_kmsq,0.01
Tureia,plateau_kmsq,0.05
Ujae,plateau_kmsq,0.56
Ujelang,plateau_kmsq,0.31
Ulithi,plateau_kmsq,4.27
Utirik,plateau_kmsq,1.1
Vahanga,plateau_kmsq,0.03
Vahitahi,plateau_kmsq,0.14
Vairaatea,plateau_kmsq,0.23
Vaitupu,plateau_kmsq,0.11
Vanavana,plateau_kmsq,0.01
Vattaru,plateau_kmsq,0.03
Wailagilala,plateau_kmsq,0.11
Wake,plateau_kmsq,1.25
West_Fayu,plateau_kmsq,0.41
Willis,plateau_kmsq,0.37
Woleai,plateau_kmsq,1.14
Wotho,plateau_kmsq,6.1
Wotje,plateau_kmsq,1.97
Zohhoiiyoru,plateau_kmsq,0.47
Abaiang,plateau_perc,1.09
Abariringa,plateau_perc,0.07
Abemama,plateau_perc,0.32
Addu,plateau_perc,1.73
Agatti,plateau_perc,0.03
Ahe,plateau_perc,6.86
Ahunui,plateau_perc,0.25
Ailinginae,plateau_perc,2.74
Ailinglaplap,plateau_perc,0.58
Ailuk,plateau_perc,0.48
Aldabra,plateau_perc,0.03
Alphonse,plateau_perc,0.23
Amanu,plateau_perc,0.67
Anaa,plateau_perc,2.82
Analtin,plateau_perc,3.97
Ant,plateau_perc,0.87
Anuanuraro,plateau_perc,0.45
Anuanurunga,plateau_perc,6.86
Apataki,plateau_perc,2.86
Aranuka,plateau_perc,0.0
Aratika,plateau_perc,2.38
Ari,plateau_perc,1.83
Arno,plateau_perc,5.19
Arutua,plateau_perc,2.79
Ashmore,plateau_perc,0.0
Astove,plateau_perc,0.05
Atafu,plateau_perc,1.35
Aur,plateau_perc,0.86
Awin,plateau_perc,2.77
Bangaram,plateau_perc,0.01
Beautemps-Beaupre,plateau_perc,0.27
Bellona,plateau_perc,1.15
Beru,plateau_perc,1.28
Bikar,plateau_perc,6.78
Bikini,plateau_perc,11.23
Birnie,plateau_perc,0.0
Bitra_Par,plateau_perc,0.31
Bokaak,plateau_perc,4.6
Bramble_Haven,plateau_perc,3.35
Budibudi,plateau_perc,2.07
Butaritari,plateau_perc,0.74
Byramgore,plateau_perc,5.67
Caroline,plateau_perc,0.1
Cato,plateau_perc,0.77
Cherbaniani,plateau_perc,1.06
Chesterfield,plateau_perc,1.59
Chetlat,plateau_perc,0.76
Clipperton,plateau_perc,1.58
Conflict,plateau_perc,5.41
Cosmoledo,plateau_perc,0.19
Desroches,plateau_perc,0.16
Diego_Garcia,plateau_perc,4.93
Ducie,plateau_perc,1.65
Eauripik,plateau_perc,1.34
Ebon,plateau_perc,0.35
Egmont,plateau_perc,17.84
Egum,plateau_perc,24.39
Elato,plateau_perc,5.84
Enderbury,plateau_perc,0.0
Eniwetok,plateau_perc,3.0
Erikub,plateau_perc,0.98
Etal,plateau_perc,0.32
Europa,plateau_perc,0.03
Faadhippolhu,plateau_perc,0.65
Faaite,plateau_perc,1.71
Fakahina,plateau_perc,1.19
Fakaofo,plateau_perc,1.45
Fakarava,plateau_perc,0.77
Fangatau,plateau_perc,0.07
Fangataufa,plateau_perc,8.71
Faraulep,plateau_perc,1.22
Farquhar,plateau_perc,0.04
Fasdhuthere,plateau_perc,0.18
Felidhu,plateau_perc,0.5
French_Frigate_Shoals,plateau_perc,2.51
Funafuti,plateau_perc,2.42
Fuvahmulah,plateau_perc,3.97
Gaafaru,plateau_perc,0.45
Glorioso,plateau_perc,0.65
Goidhoo,plateau_perc,0.38
Great_Chagos_Bank,plateau_perc,49.34
Haddhunmathi,plateau_perc,0.97
Hao,plateau_perc,1.02
Haraiki,plateau_perc,6.92
Helen,plateau_perc,0.58
Hereheretue,plateau_perc,1.73
Hikueru,plateau_perc,2.99
Hiti,plateau_perc,2.58
Huon,plateau_perc,2.49
Huvadhu,plateau_perc,0.62
Ifalik,plateau_perc,7.85
Ihavandhippolu,plateau_perc,2.51
Jaluit,plateau_perc,1.83
Jemo,plateau_perc,0.0
Johnston,plateau_perc,11.56
Kaashidhoo,plateau_perc,0.29
Kademat,plateau_perc,3.14
Kalpeni,plateau_perc,0.39
Kapingamarangi,plateau_perc,6.21
Katiu,plateau_perc,2.63
Kauehi,plateau_perc,2.83
Kaukura,plateau_perc,4.1
Kavaratti,plateau_perc,0.41
Kilinailau,plateau_perc,3.24
Kiltan,plateau_perc,0.16
Kiritimati,plateau_perc,0.14
Kolhumadulu,plateau_perc,0.71
Kuop,plateau_perc,0.26
Kure,plateau_perc,0.45
Kuria,plateau_perc,1.1
Kurimarau,plateau_perc,5.45
Kwajalein,plateau_perc,3.25
Lae,plateau_perc,3.36
Lamotrek,plateau_perc,0.18
Laualau,plateau_perc,7.77
Laysan,plateau_perc,0.07
Leli,plateau_perc,7.04
Lib,plateau_perc,0.0
Lihou,plateau_perc,5.56
Likiep,plateau_perc,0.77
Liot,plateau_perc,0.03
Lisianski,plateau_perc,3.11
Long_Reef,plateau_perc,7.64
Loraine_Anobat,plateau_perc,11.29
Losap,plateau_perc,3.0
Losiep,plateau_perc,0.42
Lukunor,plateau_perc,1.19
Mabui,plateau_perc,0.26
Maiana,plateau_perc,0.41
Majuro,plateau_perc,0.03
Makemo,plateau_perc,1.08
Makin,plateau_perc,0.0
Makunudhoo,plateau_perc,2.97
Malden,plateau_perc,0.0
Maloelap,plateau_perc,1.9
Malum,plateau_perc,0.37
Manihi,plateau_perc,6.21
Manihiki,plateau_perc,1.63
Manra,plateau_perc,0.0
Manuae,plateau_perc,0.35
Manuhangi,plateau_perc,0.74
Marakei,plateau_perc,0.01
Maria,plateau_perc,0.34
Maria_Est,plateau_perc,2.01
Marokau,plateau_perc,0.59
Marutea_Nord,plateau_perc,1.42
Marutea_Sud,plateau_perc,2.01
Mataiva,plateau_perc,0.18
Matureivavao,plateau_perc,0.13
Maupihaa,plateau_perc,0.16
Mellish,plateau_perc,0.03
Midway,plateau_perc,1.66
Mili,plateau_perc,1.87
Minicoy,plateau_perc,0.44
Mokil,plateau_perc,0.0
Morane,plateau_perc,1.76
Moruroa,plateau_perc,1.76
Motu_One,plateau_perc,5.74
Motutunga,plateau_perc,2.28
Mulaku,plateau_perc,1.08
Murilo,plateau_perc,8.04
Namoluk,plateau_perc,3.86
Namonuito,plateau_perc,10.84
Namorik,plateau_perc,4.71
Namu,plateau_perc,1.7
Nanumanga,plateau_perc,0.0
Nanumea,plateau_perc,0.0
Napuka,plateau_perc,1.32
Nengonengo,plateau_perc,1.01
Ngcheangel,plateau_perc,3.45
Ngulu,plateau_perc,7.18
Niau,plateau_perc,0.08
Nihiru,plateau_perc,3.47
Nikumaroro,plateau_perc,0.0
Nikunau,plateau_perc,0.1
Ninigo,plateau_perc,10.33
Nissan,plateau_perc,8.33
Niulakita,plateau_perc,7.85
Niutao,plateau_perc,0.0
Nomwin,plateau_perc,3.49
Nonouti,plateau_perc,21.91
North_Keeling,plateau_perc,25.77
North_Maalhosmadulu,plateau_perc,1.1
North_Male,plateau_perc,1.54
North_Nilandhe,plateau_perc,0.81
North_Tubbataha,plateau_perc,2.61
Nuguria,plateau_perc,3.6
Nui,plateau_perc,0.52
Nukapu,plateau_perc,0.1
Nukufetau,plateau_perc,0.91
Nukulaelae,plateau_perc,1.44
Nukumanu,plateau_perc,3.97
Nukumbasanga,plateau_perc,22.03
Nukunonu,plateau_perc,0.1
Nukuoro,plateau_perc,0.37
Nukusemanu,plateau_perc,6.76
Nukutepipi,plateau_perc,3.87
Numa_Miombilou,plateau_perc,2.76
Nupani,plateau_perc,1.19
Oeno,plateau_perc,0.0
Olimarao,plateau_perc,1.47
Onotoa,plateau_perc,0.12
Ontong_Java,plateau_perc,0.84
Oroluk,plateau_perc,0.14
Orona,plateau_perc,7.36
Pakin,plateau_perc,1.27
Palmerston,plateau_perc,4.35
Palmyra,plateau_perc,1.17
Paraoa,plateau_perc,10.72
Pearl_and_Hermes,plateau_perc,3.74
Peremul_Par,plateau_perc,0.16
Peros_Banhos,plateau_perc,11.55
Pinaki,plateau_perc,0.0
Pingelap,plateau_perc,0.72
Pinipel,plateau_perc,1.33
Platte,plateau_perc,1.0
Providence,plateau_perc,0.39
Pukapuka,plateau_perc,2.95
Puka-Puka,plateau_perc,0.68
Pukarua,plateau_perc,1.26
Pulap,plateau_perc,12.28
Pulusuk,plateau_perc,24.32
Puluwat,plateau_perc,5.31
Qelelevu,plateau_perc,0.94
Rakahanga,plateau_perc,0.0
Rangiroa,plateau_perc,1.97
Raraka,plateau_perc,0.64
Raroia,plateau_perc,1.68
Rasdhoo,plateau_perc,0.5
Ravahere,plateau_perc,0.9
Reao,plateau_perc,4.33
Redlick,plateau_perc,22.38
Reitoru,plateau_perc,0.93
Rekareka,plateau_perc,3.26
Rongelap,plateau_perc,6.28
Rongerik,plateau_perc,2.64
Rose,plateau_perc,0.0
Rowa,plateau_perc,0.5
Saloman,plateau_perc,4.17
Sama,plateau_perc,0.12
Samasuma,plateau_perc,0.75
Sapwuahfik,plateau_perc,2.0
Satawan,plateau_perc,0.44
Scilly,plateau_perc,0.03
Sikaiana,plateau_perc,0.01
Sorol,plateau_perc,0.54
South_Keeling,plateau_perc,10.78
South_Maalhosmadulu,plateau_perc,0.42
South_Male,plateau_perc,0.61
South_Nilandhe,plateau_perc,1.23
South_Tubbataha,plateau_perc,1.33
St_Francois,plateau_perc,0.05
St_Joseph,plateau_perc,0.09
Starbuck,plateau_perc,0.0
Suheli_Par,plateau_perc,0.29
Surprise,plateau_perc,3.46
Suwarrow,plateau_perc,1.09
Swains,plateau_perc,0.41
Tabiteuea,plateau_perc,8.32
Tabuaeran,plateau_perc,0.01
Taenga,plateau_perc,1.61
Tahanea,plateau_perc,1.71
Taiaro,plateau_perc,1.99
Taka,plateau_perc,2.77
Takapoto,plateau_perc,12.84
Takaroa,plateau_perc,3.88
Takume,plateau_perc,0.64
Takuu,plateau_perc,0.19
Tarawa,plateau_perc,0.15
Tatakoto,plateau_perc,2.26
Tauere,plateau_perc,2.99
Tekokota,plateau_perc,0.36
Temitangi,plateau_perc,1.0
Temoe,plateau_perc,4.96
Tenararo,plateau_perc,0.25
Tenaruga,plateau_perc,0.09
Tepoto,plateau_perc,0.44
Teraina,plateau_perc,0.34
Tetiaroa,plateau_perc,0.02
Thiladhunmathi,plateau_perc,1.32
Thoddoo,plateau_perc,1.36
Tikehau,plateau_perc,8.3
Tilianu,plateau_perc,3.39
Toau,plateau_perc,1.02
Tongareva,plateau_perc,1.98
Torlesse,plateau_perc,0.3
Tuanake,plateau_perc,1.39
Tupai,plateau_perc,0.07
Tureia,plateau_perc,0.55
Ujae,plateau_perc,0.83
Ujelang,plateau_perc,0.9
Ulithi,plateau_perc,6.71
Utirik,plateau_perc,2.79
Vahanga,plateau_perc,2.52
Vahitahi,plateau_perc,1.16
Vairaatea,plateau_perc,3.06
Vaitupu,plateau_perc,2.06
Vanavana,plateau_perc,0.47
Vattaru,plateau_perc,0.2
Wailagilala,plateau_perc,0.94
Wake,plateau_perc,8.95
West_Fayu,plateau_perc,4.9
Willis,plateau_perc,0.68
Woleai,plateau_perc,5.97
Wotho,plateau_perc,12.32
Wotje,plateau_perc,1.91
Zohhoiiyoru,plateau_perc,18.77
Abaiang,patch_reefs_kmsq,0.0
Abariringa,patch_reefs_kmsq,0.0
Abemama,patch_reefs_kmsq,0.0
Addu,patch_reefs_kmsq,0.0
Agatti,patch_reefs_kmsq,0.0
Ahe,patch_reefs_kmsq,0.0
Ahunui,patch_reefs_kmsq,0.0
Ailinginae,patch_reefs_kmsq,0.0
Ailinglaplap,patch_reefs_kmsq,0.0
Ailuk,patch_reefs_kmsq,0.0
Aldabra,patch_reefs_kmsq,0.0
Alphonse,patch_reefs_kmsq,0.0
Amanu,patch_reefs_kmsq,0.0
Anaa,patch_reefs_kmsq,0.0
Analtin,patch_reefs_kmsq,0.0
Ant,patch_reefs_kmsq,0.0
Anuanuraro,patch_reefs_kmsq,0.0
Anuanurunga,patch_reefs_kmsq,0.0
Apataki,patch_reefs_kmsq,0.0
Aranuka,patch_reefs_kmsq,0.0
Aratika,patch_reefs_kmsq,0.0
Ari,patch_reefs_kmsq,0.0
Arno,patch_reefs_kmsq,0.0
Arutua,patch_reefs_kmsq,0.0
Ashmore,patch_reefs_kmsq,0.0
Astove,patch_reefs_kmsq,0.0
Atafu,patch_reefs_kmsq,0.0
Aur,patch_reefs_kmsq,0.0
Awin,patch_reefs_kmsq,0.0
Bangaram,patch_reefs_kmsq,0.0
Beautemps-Beaupre,patch_reefs_kmsq,0.0
Bellona,patch_reefs_kmsq,0.08
Beru,patch_reefs_kmsq,0.0
Bikar,patch_reefs_kmsq,0.0
Bikini,patch_reefs_kmsq,0.0
Birnie,patch_reefs_kmsq,0.0
Bitra_Par,patch_reefs_kmsq,0.0
Bokaak,patch_reefs_kmsq,0.0
Bramble_Haven,patch_reefs_kmsq,0.0
Budibudi,patch_reefs_kmsq,0.0
Butaritari,patch_reefs_kmsq,0.0
Byramgore,patch_reefs_kmsq,0.0
Caroline,patch_reefs_kmsq,0.0
Cato,patch_reefs_kmsq,0.01
Cherbaniani,patch_reefs_kmsq,0.0
Chesterfield,patch_reefs_kmsq,0.09
Chetlat,patch_reefs_kmsq,0.0
Clipperton,patch_reefs_kmsq,0.0
Conflict,patch_reefs_kmsq,0.0
Cosmoledo,patch_reefs_kmsq,0.0
Desroches,patch_reefs_kmsq,0.0
Diego_Garcia,patch_reefs_kmsq,0.0
Ducie,patch_reefs_kmsq,0.0
Eauripik,patch_reefs_kmsq,0.0
Ebon,patch_reefs_kmsq,0.0
Egmont,patch_reefs_kmsq,0.0
Egum,patch_reefs_kmsq,0.0
Elato,patch_reefs_kmsq,0.0
Enderbury,patch_reefs_kmsq,0.0
Eniwetok,patch_reefs_kmsq,0.0
Erikub,patch_reefs_kmsq,0.0
Etal,patch_reefs_kmsq,0.0
Europa,patch_reefs_kmsq,0.0
Faadhippolhu,patch_reefs_kmsq,0.0
Faaite,patch_reefs_kmsq,0.0
Fakahina,patch_reefs_kmsq,0.0
Fakaofo,patch_reefs_kmsq,0.0
Fakarava,patch_reefs_kmsq,0.0
Fangatau,patch_reefs_kmsq,0.0
Fangataufa,patch_reefs_kmsq,0.0
Faraulep,patch_reefs_kmsq,0.0
Farquhar,patch_reefs_kmsq,0.0
Fasdhuthere,patch_reefs_kmsq,0.0
Felidhu,patch_reefs_kmsq,20.98
French_Frigate_Shoals,patch_reefs_kmsq,0.0
Funafuti,patch_reefs_kmsq,0.0
Fuvahmulah,patch_reefs_kmsq,0.0
Gaafaru,patch_reefs_kmsq,0.0
Glorioso,patch_reefs_kmsq,0.0
Goidhoo,patch_reefs_kmsq,0.0
Great_Chagos_Bank,patch_reefs_kmsq,0.0
Haddhunmathi,patch_reefs_kmsq,0.0
Hao,patch_reefs_kmsq,0.0
Haraiki,patch_reefs_kmsq,0.0
Helen,patch_reefs_kmsq,0.0
Hereheretue,patch_reefs_kmsq,0.0
Hikueru,patch_reefs_kmsq,0.0
Hiti,patch_reefs_kmsq,0.0
Huon,patch_reefs_kmsq,0.0
Huvadhu,patch_reefs_kmsq,0.0
Ifalik,patch_reefs_kmsq,0.0
Ihavandhippolu,patch_reefs_kmsq,0.0
Jaluit,patch_reefs_kmsq,0.0
Jemo,patch_reefs_kmsq,0.0
Johnston,patch_reefs_kmsq,0.0
Kaashidhoo,patch_reefs_kmsq,0.0
Kademat,patch_reefs_kmsq,0.0
Kalpeni,patch_reefs_kmsq,0.0
Kapingamarangi,patch_reefs_kmsq,0.0
Katiu,patch_reefs_kmsq,0.0
Kauehi,patch_reefs_kmsq,0.0
Kaukura,patch_reefs_kmsq,0.0
Kavaratti,patch_reefs_kmsq,0.0
Kilinailau,patch_reefs_kmsq,0.0
Kiltan,patch_reefs_kmsq,0.0
Kiritimati,patch_reefs_kmsq,0.0
Kolhumadulu,patch_reefs_kmsq,0.0
Kuop,patch_reefs_kmsq,0.0
Kure,patch_reefs_kmsq,0.0
Kuria,patch_reefs_kmsq,0.0
Kurimarau,patch_reefs_kmsq,0.0
Kwajalein,patch_reefs_kmsq,0.0
Lae,patch_reefs_kmsq,0.0
Lamotrek,patch_reefs_kmsq,0.0
Laualau,patch_reefs_kmsq,0.0
Laysan,patch_reefs_kmsq,0.0
Leli,patch_reefs_kmsq,0.0
Lib,patch_reefs_kmsq,0.0
Lihou,patch_reefs_kmsq,0.03
Likiep,patch_reefs_kmsq,0.0
Liot,patch_reefs_kmsq,0.0
Lisianski,patch_reefs_kmsq,0.0
Long_Reef,patch_reefs_kmsq,0.0
Loraine_Anobat,patch_reefs_kmsq,0.0
Losap,patch_reefs_kmsq,0.0
Losiep,patch_reefs_kmsq,0.0
Lukunor,patch_reefs_kmsq,0.0
Mabui,patch_reefs_kmsq,0.0
Maiana,patch_reefs_kmsq,0.0
Majuro,patch_reefs_kmsq,0.0
Makemo,patch_reefs_kmsq,0.0
Makin,patch_reefs_kmsq,0.0
Makunudhoo,patch_reefs_kmsq,0.0
Malden,patch_reefs_kmsq,0.0
Maloelap,patch_reefs_kmsq,0.0
Malum,patch_reefs_kmsq,0.0
Manihi,patch_reefs_kmsq,0.0
Manihiki,patch_reefs_kmsq,0.0
Manra,patch_reefs_kmsq,0.0
Manuae,patch_reefs_kmsq,0.0
Manuhangi,patch_reefs_kmsq,0.0
Marakei,patch_reefs_kmsq,0.0
Maria,patch_reefs_kmsq,0.0
Maria_Est,patch_reefs_kmsq,0.0
Marokau,patch_reefs_kmsq,0.0
Marutea_Nord,patch_reefs_kmsq,0.0
Marutea_Sud,patch_reefs_kmsq,0.0
Mataiva,patch_reefs_kmsq,0.0
Matureivavao,patch_reefs_kmsq,0.0
Maupihaa,patch_reefs_kmsq,0.0
Mellish,patch_reefs_kmsq,0.0
Midway,patch_reefs_kmsq,0.0
Mili,patch_reefs_kmsq,0.0
Minicoy,patch_reefs_kmsq,0.0
Mokil,patch_reefs_kmsq,0.0
Morane,patch_reefs_kmsq,0.0
Moruroa,patch_reefs_kmsq,0.0
Motu_One,patch_reefs_kmsq,0.0
Motutunga,patch_reefs_kmsq,0.0
Mulaku,patch_reefs_kmsq,0.0
Murilo,patch_reefs_kmsq,0.0
Namoluk,patch_reefs_kmsq,0.0
Namonuito,patch_reefs_kmsq,0.0
Namorik,patch_reefs_kmsq,0.0
Namu,patch_reefs_kmsq,0.0
Nanumanga,patch_reefs_kmsq,0.0
Nanumea,patch_reefs_kmsq,0.0
Napuka,patch_reefs_kmsq,0.0
Nengonengo,patch_reefs_kmsq,0.0
Ngcheangel,patch_reefs_kmsq,0.0
Ngulu,patch_reefs_kmsq,0.0
Niau,patch_reefs_kmsq,0.0
Nihiru,patch_reefs_kmsq,0.0
Nikumaroro,patch_reefs_kmsq,0.0
Nikunau,patch_reefs_kmsq,0.0
Ninigo,patch_reefs_kmsq,0.0
Nissan,patch_reefs_kmsq,0.0
Niulakita,patch_reefs_kmsq,0.0
Niutao,patch_reefs_kmsq,0.0
Nomwin,patch_reefs_kmsq,0.0
Nonouti,patch_reefs_kmsq,0.0
North_Keeling,patch_reefs_kmsq,0.0
North_Maalhosmadulu,patch_reefs_kmsq,0.0
North_Male,patch_reefs_kmsq,0.0
North_Nilandhe,patch_reefs_kmsq,0.0
North_Tubbataha,patch_reefs_kmsq,0.1
Nuguria,patch_reefs_kmsq,0.0
Nui,patch_reefs_kmsq,0.0
Nukapu,patch_reefs_kmsq,0.0
Nukufetau,patch_reefs_kmsq,0.0
Nukulaelae,patch_reefs_kmsq,0.0
Nukumanu,patch_reefs_kmsq,0.0
Nukumbasanga,patch_reefs_kmsq,0.0
Nukunonu,patch_reefs_kmsq,0.0
Nukuoro,patch_reefs_kmsq,0.0
Nukusemanu,patch_reefs_kmsq,0.0
Nukutepipi,patch_reefs_kmsq,0.0
Numa_Miombilou,patch_reefs_kmsq,0.0
Nupani,patch_reefs_kmsq,0.0
Oeno,patch_reefs_kmsq,0.0
Olimarao,patch_reefs_kmsq,0.0
Onotoa,patch_reefs_kmsq,0.0
Ontong_Java,patch_reefs_kmsq,0.0
Oroluk,patch_reefs_kmsq,0.0
Orona,patch_reefs_kmsq,0.0
Pakin,patch_reefs_kmsq,0.0
Palmerston,patch_reefs_kmsq,0.0
Palmyra,patch_reefs_kmsq,0.0
Paraoa,patch_reefs_kmsq,0.0
Pearl_and_Hermes,patch_reefs_kmsq,0.0
Peremul_Par,patch_reefs_kmsq,0.0
Peros_Banhos,patch_reefs_kmsq,0.0
Pinaki,patch_reefs_kmsq,0.0
Pingelap,patch_reefs_kmsq,0.0
Pinipel,patch_reefs_kmsq,0.0
Platte,patch_reefs_kmsq,0.0
Providence,patch_reefs_kmsq,0.0
Pukapuka,patch_reefs_kmsq,0.0
Puka-Puka,patch_reefs_kmsq,0.0
Pukarua,patch_reefs_kmsq,0.0
Pulap,patch_reefs_kmsq,0.0
Pulusuk,patch_reefs_kmsq,0.0
Puluwat,patch_reefs_kmsq,0.0
Qelelevu,patch_reefs_kmsq,0.0
Rakahanga,patch_reefs_kmsq,0.0
Rangiroa,patch_reefs_kmsq,0.0
Raraka,patch_reefs_kmsq,0.0
Raroia,patch_reefs_kmsq,0.0
Rasdhoo,patch_reefs_kmsq,0.0
Ravahere,patch_reefs_kmsq,0.0
Reao,patch_reefs_kmsq,0.0
Redlick,patch_reefs_kmsq,0.0
Reitoru,patch_reefs_kmsq,0.0
Rekareka,patch_reefs_kmsq,0.0
Rongelap,patch_reefs_kmsq,0.0
Rongerik,patch_reefs_kmsq,0.0
Rose,patch_reefs_kmsq,0.0
Rowa,patch_reefs_kmsq,0.0
Saloman,patch_reefs_kmsq,0.0
Sama,patch_reefs_kmsq,0.0
Samasuma,patch_reefs_kmsq,0.0
Sapwuahfik,patch_reefs_kmsq,0.0
Satawan,patch_reefs_kmsq,0.0
Scilly,patch_reefs_kmsq,0.0
Sikaiana,patch_reefs_kmsq,0.0
Sorol,patch_reefs_kmsq,0.0
South_Keeling,patch_reefs_kmsq,0.0
South_Maalhosmadulu,patch_reefs_kmsq,0.0
South_Male,patch_reefs_kmsq,0.0
South_Nilandhe,patch_reefs_kmsq,0.0
South_Tubbataha,patch_reefs_kmsq,0.16
St_Francois,patch_reefs_kmsq,0.0
St_Joseph,patch_reefs_kmsq,0.0
Starbuck,patch_reefs_kmsq,0.0
Suheli_Par,patch_reefs_kmsq,0.0
Surprise,patch_reefs_kmsq,0.0
Suwarrow,patch_reefs_kmsq,0.0
Swains,patch_reefs_kmsq,0.0
Tabiteuea,patch_reefs_kmsq,0.0
Tabuaeran,patch_reefs_kmsq,0.0
Taenga,patch_reefs_kmsq,0.0
Tahanea,patch_reefs_kmsq,0.0
Taiaro,patch_reefs_kmsq,0.0
Taka,patch_reefs_kmsq,0.0
Takapoto,patch_reefs_kmsq,0.0
Takaroa,patch_reefs_kmsq,0.0
Takume,patch_reefs_kmsq,0.0
Takuu,patch_reefs_kmsq,0.0
Tarawa,patch_reefs_kmsq,0.0
Tatakoto,patch_reefs_kmsq,0.0
Tauere,patch_reefs_kmsq,0.0
Tekokota,patch_reefs_kmsq,0.0
Temitangi,patch_reefs_kmsq,0.0
Temoe,patch_reefs_kmsq,0.0
Tenararo,patch_reefs_kmsq,0.0
Tenaruga,patch_reefs_kmsq,0.0
Tepoto,patch_reefs_kmsq,0.0
Teraina,patch_reefs_kmsq,0.0
Tetiaroa,patch_reefs_kmsq,0.0
Thiladhunmathi,patch_reefs_kmsq,0.0
Thoddoo,patch_reefs_kmsq,0.0
Tikehau,patch_reefs_kmsq,0.0
Tilianu,patch_reefs_kmsq,0.0
Toau,patch_reefs_kmsq,0.0
Tongareva,patch_reefs_kmsq,0.0
Torlesse,patch_reefs_kmsq,0.0
Tuanake,patch_reefs_kmsq,0.0
Tupai,patch_reefs_kmsq,0.0
Tureia,patch_reefs_kmsq,0.0
Ujae,patch_reefs_kmsq,0.0
Ujelang,patch_reefs_kmsq,0.0
Ulithi,patch_reefs_kmsq,0.0
Utirik,patch_reefs_kmsq,0.0
Vahanga,patch_reefs_kmsq,0.0
Vahitahi,patch_reefs_kmsq,0.0
Vairaatea,patch_reefs_kmsq,0.0
Vaitupu,patch_reefs_kmsq,0.0
Vanavana,patch_reefs_kmsq,0.0
Vattaru,patch_reefs_kmsq,0.0
Wailagilala,patch_reefs_kmsq,0.0
Wake,patch_reefs_kmsq,0.0
West_Fayu,patch_reefs_kmsq,0.0
Willis,patch_reefs_kmsq,0.0
Woleai,patch_reefs_kmsq,0.0
Wotho,patch_reefs_kmsq,0.0
Wotje,patch_reefs_kmsq,0.0
Zohhoiiyoru,patch_reefs_kmsq,0.0
Abaiang,patch_reefs_perc,0.0
Abariringa,patch_reefs_perc,0.0
Abemama,patch_reefs_perc,0.0
Addu,patch_reefs_perc,0.0
Agatti,patch_reefs_perc,0.0
Ahe,patch_reefs_perc,0.0
Ahunui,patch_reefs_perc,0.0
Ailinginae,patch_reefs_perc,0.0
Ailinglaplap,patch_reefs_perc,0.0
Ailuk,patch_reefs_perc,0.0
Aldabra,patch_reefs_perc,0.0
Alphonse,patch_reefs_perc,0.0
Amanu,patch_reefs_perc,0.0
Anaa,patch_reefs_perc,0.0
Analtin,patch_reefs_perc,0.0
Ant,patch_reefs_perc,0.0
Anuanuraro,patch_reefs_perc,0.0
Anuanurunga,patch_reefs_perc,0.0
Apataki,patch_reefs_perc,0.0
Aranuka,patch_reefs_perc,0.0
Aratika,patch_reefs_perc,0.0
Ari,patch_reefs_perc,0.0
Arno,patch_reefs_perc,0.0
Arutua,patch_reefs_perc,0.0
Ashmore,patch_reefs_perc,0.0
Astove,patch_reefs_perc,0.0
Atafu,patch_reefs_perc,0.0
Aur,patch_reefs_perc,0.0
Awin,patch_reefs_perc,0.0
Bangaram,patch_reefs_perc,0.0
Beautemps-Beaupre,patch_reefs_perc,0.0
Bellona,patch_reefs_perc,0.08
Beru,patch_reefs_perc,0.0
Bikar,patch_reefs_perc,0.0
Bikini,patch_reefs_perc,0.0
Birnie,patch_reefs_perc,0.0
Bitra_Par,patch_reefs_perc,0.0
Bokaak,patch_reefs_perc,0.0
Bramble_Haven,patch_reefs_perc,0.0
Budibudi,patch_reefs_perc,0.0
Butaritari,patch_reefs_perc,0.0
Byramgore,patch_reefs_perc,0.0
Caroline,patch_reefs_perc,0.0
Cato,patch_reefs_perc,0.16
Cherbaniani,patch_reefs_perc,0.0
Chesterfield,patch_reefs_perc,0.03
Chetlat,patch_reefs_perc,0.0
Clipperton,patch_reefs_perc,0.0
Conflict,patch_reefs_perc,0.0
Cosmoledo,patch_reefs_perc,0.0
Desroches,patch_reefs_perc,0.0
Diego_Garcia,patch_reefs_perc,0.0
Ducie,patch_reefs_perc,0.0
Eauripik,patch_reefs_perc,0.0
Ebon,patch_reefs_perc,0.0
Egmont,patch_reefs_perc,0.0
Egum,patch_reefs_perc,0.0
Elato,patch_reefs_perc,0.0
Enderbury,patch_reefs_perc,0.0
Eniwetok,patch_reefs_perc,0.0
Erikub,patch_reefs_perc,0.0
Etal,patch_reefs_perc,0.0
Europa,patch_reefs_perc,0.0
Faadhippolhu,patch_reefs_perc,0.0
Faaite,patch_reefs_perc,0.0
Fakahina,patch_reefs_perc,0.0
Fakaofo,patch_reefs_perc,0.0
Fakarava,patch_reefs_perc,0.0
Fangatau,patch_reefs_perc,0.0
Fangataufa,patch_reefs_perc,0.0
Faraulep,patch_reefs_perc,0.0
Farquhar,patch_reefs_perc,0.0
Fasdhuthere,patch_reefs_perc,0.0
Felidhu,patch_reefs_perc,10.4
French_Frigate_Shoals,patch_reefs_perc,0.0
Funafuti,patch_reefs_perc,0.0
Fuvahmulah,patch_reefs_perc,0.0
Gaafaru,patch_reefs_perc,0.0
Glorioso,patch_reefs_perc,0.0
Goidhoo,patch_reefs_perc,0.0
Great_Chagos_Bank,patch_reefs_perc,0.0
Haddhunmathi,patch_reefs_perc,0.0
Hao,patch_reefs_perc,0.0
Haraiki,patch_reefs_perc,0.0
Helen,patch_reefs_perc,0.0
Hereheretue,patch_reefs_perc,0.0
Hikueru,patch_reefs_perc,0.0
Hiti,patch_reefs_perc,0.0
Huon,patch_reefs_perc,0.0
Huvadhu,patch_reefs_perc,0.0
Ifalik,patch_reefs_perc,0.0
Ihavandhippolu,patch_reefs_perc,0.0
Jaluit,patch_reefs_perc,0.0
Jemo,patch_reefs_perc,0.0
Johnston,patch_reefs_perc,0.0
Kaashidhoo,patch_reefs_perc,0.0
Kademat,patch_reefs_perc,0.0
Kalpeni,patch_reefs_perc,0.0
Kapingamarangi,patch_reefs_perc,0.0
Katiu,patch_reefs_perc,0.0
Kauehi,patch_reefs_perc,0.0
Kaukura,patch_reefs_perc,0.0
Kavaratti,patch_reefs_perc,0.0
Kilinailau,patch_reefs_perc,0.0
Kiltan,patch_reefs_perc,0.0
Kiritimati,patch_reefs_perc,0.0
Kolhumadulu,patch_reefs_perc,0.0
Kuop,patch_reefs_perc,0.0
Kure,patch_reefs_perc,0.0
Kuria,patch_reefs_perc,0.0
Kurimarau,patch_reefs_perc,0.0
Kwajalein,patch_reefs_perc,0.0
Lae,patch_reefs_perc,0.0
Lamotrek,patch_reefs_perc,0.0
Laualau,patch_reefs_perc,0.0
Laysan,patch_reefs_perc,0.0
Leli,patch_reefs_perc,0.0
Lib,patch_reefs_perc,0.0
Lihou,patch_reefs_perc,0.03
Likiep,patch_reefs_perc,0.0
Liot,patch_reefs_perc,0.0
Lisianski,patch_reefs_perc,0.0
Long_Reef,patch_reefs_perc,0.0
Loraine_Anobat,patch_reefs_perc,0.0
Losap,patch_reefs_perc,0.0
Losiep,patch_reefs_perc,0.0
Lukunor,patch_reefs_perc,0.0
Mabui,patch_reefs_perc,0.0
Maiana,patch_reefs_perc,0.0
Majuro,patch_reefs_perc,0.0
Makemo,patch_reefs_perc,0.0
Makin,patch_reefs_perc,0.0
Makunudhoo,patch_reefs_perc,0.0
Malden,patch_reefs_perc,0.0
Maloelap,patch_reefs_perc,0.0
Malum,patch_reefs_perc,0.0
Manihi,patch_reefs_perc,0.0
Manihiki,patch_reefs_perc,0.0
Manra,patch_reefs_perc,0.0
Manuae,patch_reefs_perc,0.0
Manuhangi,patch_reefs_perc,0.0
Marakei,patch_reefs_perc,0.0
Maria,patch_reefs_perc,0.0
Maria_Est,patch_reefs_perc,0.0
Marokau,patch_reefs_perc,0.0
Marutea_Nord,patch_reefs_perc,0.0
Marutea_Sud,patch_reefs_perc,0.0
Mataiva,patch_reefs_perc,0.0
Matureivavao,patch_reefs_perc,0.0
Maupihaa,patch_reefs_perc,0.0
Mellish,patch_reefs_perc,0.02
Midway,patch_reefs_perc,0.0
Mili,patch_reefs_perc,0.0
Minicoy,patch_reefs_perc,0.0
Mokil,patch_reefs_perc,0.0
Morane,patch_reefs_perc,0.0
Moruroa,patch_reefs_perc,0.0
Motu_One,patch_reefs_perc,0.0
Motutunga,patch_reefs_perc,0.0
Mulaku,patch_reefs_perc,0.0
Murilo,patch_reefs_perc,0.0
Namoluk,patch_reefs_perc,0.0
Namonuito,patch_reefs_perc,0.0
Namorik,patch_reefs_perc,0.0
Namu,patch_reefs_perc,0.0
Nanumanga,patch_reefs_perc,0.0
Nanumea,patch_reefs_perc,0.0
Napuka,patch_reefs_perc,0.0
Nengonengo,patch_reefs_perc,0.0
Ngcheangel,patch_reefs_perc,0.0
Ngulu,patch_reefs_perc,0.0
Niau,patch_reefs_perc,0.0
Nihiru,patch_reefs_perc,0.0
Nikumaroro,patch_reefs_perc,0.0
Nikunau,patch_reefs_perc,0.0
Ninigo,patch_reefs_perc,0.0
Nissan,patch_reefs_perc,0.0
Niulakita,patch_reefs_perc,0.0
Niutao,patch_reefs_perc,0.0
Nomwin,patch_reefs_perc,0.0
Nonouti,patch_reefs_perc,0.0
North_Keeling,patch_reefs_perc,0.0
North_Maalhosmadulu,patch_reefs_perc,0.0
North_Male,patch_reefs_perc,0.0
North_Nilandhe,patch_reefs_perc,0.0
North_Tubbataha,patch_reefs_perc,0.22
Nuguria,patch_reefs_perc,0.0
Nui,patch_reefs_perc,0.0
Nukapu,patch_reefs_perc,0.0
Nukufetau,patch_reefs_perc,0.0
Nukulaelae,patch_reefs_perc,0.0
Nukumanu,patch_reefs_perc,0.0
Nukumbasanga,patch_reefs_perc,0.0
Nukunonu,patch_reefs_perc,0.0
Nukuoro,patch_reefs_perc,0.0
Nukusemanu,patch_reefs_perc,0.0
Nukutepipi,patch_reefs_perc,0.0
Numa_Miombilou,patch_reefs_perc,0.0
Nupani,patch_reefs_perc,0.0
Oeno,patch_reefs_perc,0.0
Olimarao,patch_reefs_perc,0.0
Onotoa,patch_reefs_perc,0.0
Ontong_Java,patch_reefs_perc,0.0
Oroluk,patch_reefs_perc,0.0
Orona,patch_reefs_perc,0.0
Pakin,patch_reefs_perc,0.0
Palmerston,patch_reefs_perc,0.0
Palmyra,patch_reefs_perc,0.0
Paraoa,patch_reefs_perc,0.0
Pearl_and_Hermes,patch_reefs_perc,0.0
Peremul_Par,patch_reefs_perc,0.0
Peros_Banhos,patch_reefs_perc,0.0
Pinaki,patch_reefs_perc,0.0
Pingelap,patch_reefs_perc,0.0
Pinipel,patch_reefs_perc,0.0
Platte,patch_reefs_perc,0.0
Providence,patch_reefs_perc,0.0
Pukapuka,patch_reefs_perc,0.0
Puka-Puka,patch_reefs_perc,0.0
Pukarua,patch_reefs_perc,0.0
Pulap,patch_reefs_perc,0.0
Pulusuk,patch_reefs_perc,0.0
Puluwat,patch_reefs_perc,0.0
Qelelevu,patch_reefs_perc,0.0
Rakahanga,patch_reefs_perc,0.0
Rangiroa,patch_reefs_perc,0.0
Raraka,patch_reefs_perc,0.0
Raroia,patch_reefs_perc,0.0
Rasdhoo,patch_reefs_perc,0.0
Ravahere,patch_reefs_perc,0.0
Reao,patch_reefs_perc,0.0
Redlick,patch_reefs_perc,0.0
Reitoru,patch_reefs_perc,0.0
Rekareka,patch_reefs_perc,0.0
Rongelap,patch_reefs_perc,0.0
Rongerik,patch_reefs_perc,0.0
Rose,patch_reefs_perc,0.0
Rowa,patch_reefs_perc,0.0
Saloman,patch_reefs_perc,0.0
Sama,patch_reefs_perc,0.0
Samasuma,patch_reefs_perc,0.0
Sapwuahfik,patch_reefs_perc,0.0
Satawan,patch_reefs_perc,0.0
Scilly,patch_reefs_perc,0.0
Sikaiana,patch_reefs_perc,0.0
Sorol,patch_reefs_perc,0.0
South_Keeling,patch_reefs_perc,0.0
South_Maalhosmadulu,patch_reefs_perc,0.0
South_Male,patch_reefs_perc,0.0
South_Nilandhe,patch_reefs_perc,0.0
South_Tubbataha,patch_reefs_perc,1.05
St_Francois,patch_reefs_perc,0.0
St_Joseph,patch_reefs_perc,0.0
Starbuck,patch_reefs_perc,0.0
Suheli_Par,patch_reefs_perc,0.0
Surprise,patch_reefs_perc,0.0
Suwarrow,patch_reefs_perc,0.0
Swains,patch_reefs_perc,0.0
Tabiteuea,patch_reefs_perc,0.0
Tabuaeran,patch_reefs_perc,0.0
Taenga,patch_reefs_perc,0.0
Tahanea,patch_reefs_perc,0.0
Taiaro,patch_reefs_perc,0.0
Taka,patch_reefs_perc,0.0
Takapoto,patch_reefs_perc,0.0
Takaroa,patch_reefs_perc,0.0
Takume,patch_reefs_perc,0.0
Takuu,patch_reefs_perc,0.0
Tarawa,patch_reefs_perc,0.0
Tatakoto,patch_reefs_perc,0.0
Tauere,patch_reefs_perc,0.0
Tekokota,patch_reefs_perc,0.0
Temitangi,patch_reefs_perc,0.0
Temoe,patch_reefs_perc,0.0
Tenararo,patch_reefs_perc,0.0
Tenaruga,patch_reefs_perc,0.0
Tepoto,patch_reefs_perc,0.0
Teraina,patch_reefs_perc,0.0
Tetiaroa,patch_reefs_perc,0.0
Thiladhunmathi,patch_reefs_perc,0.0
Thoddoo,patch_reefs_perc,0.0
Tikehau,patch_reefs_perc,0.0
Tilianu,patch_reefs_perc,0.0
Toau,patch_reefs_perc,0.0
Tongareva,patch_reefs_perc,0.0
Torlesse,patch_reefs_perc,0.0
Tuanake,patch_reefs_perc,0.0
Tupai,patch_reefs_perc,0.0
Tureia,patch_reefs_perc,0.0
Ujae,patch_reefs_perc,0.0
Ujelang,patch_reefs_perc,0.0
Ulithi,patch_reefs_perc,0.0
Utirik,patch_reefs_perc,0.0
Vahanga,patch_reefs_perc,0.0
Vahitahi,patch_reefs_perc,0.0
Vairaatea,patch_reefs_perc,0.0
Vaitupu,patch_reefs_perc,0.0
Vanavana,patch_reefs_perc,0.0
Vattaru,patch_reefs_perc,0.0
Wailagilala,patch_reefs_perc,0.0
Wake,patch_reefs_perc,0.0
West_Fayu,patch_reefs_perc,0.0
Willis,patch_reefs_perc,0.0
Woleai,patch_reefs_perc,0.0
Wotho,patch_reefs_perc,0.0
Wotje,patch_reefs_perc,0.0
Zohhoiiyoru,patch_reefs_perc,0.0
Abaiang,back_reef_slope_kmsq,65.63
Abariringa,back_reef_slope_kmsq,27.39
Abemama,back_reef_slope_kmsq,35.56
Addu,back_reef_slope_kmsq,3.18
Agatti,back_reef_slope_kmsq,0.79
Ahe,back_reef_slope_kmsq,5.03
Ahunui,back_reef_slope_kmsq,0.0
Ailinginae,back_reef_slope_kmsq,8.3
Ailinglaplap,back_reef_slope_kmsq,19.37
Ailuk,back_reef_slope_kmsq,8.56
Aldabra,back_reef_slope_kmsq,7.61
Alphonse,back_reef_slope_kmsq,0.74
Amanu,back_reef_slope_kmsq,2.66
Anaa,back_reef_slope_kmsq,11.56
Analtin,back_reef_slope_kmsq,4.11
Ant,back_reef_slope_kmsq,1.47
Anuanuraro,back_reef_slope_kmsq,0.6
Anuanurunga,back_reef_slope_kmsq,0.13
Apataki,back_reef_slope_kmsq,5.22
Aranuka,back_reef_slope_kmsq,2.18
Aratika,back_reef_slope_kmsq,2.75
Ari,back_reef_slope_kmsq,37.02
Arno,back_reef_slope_kmsq,16.86
Arutua,back_reef_slope_kmsq,11.16
Ashmore,back_reef_slope_kmsq,0.02
Astove,back_reef_slope_kmsq,0.0
Atafu,back_reef_slope_kmsq,4.16
Aur,back_reef_slope_kmsq,5.5
Awin,back_reef_slope_kmsq,1.45
Bangaram,back_reef_slope_kmsq,6.77
Beautemps-Beaupre,back_reef_slope_kmsq,5.36
Bellona,back_reef_slope_kmsq,20.71
Beru,back_reef_slope_kmsq,3.84
Bikar,back_reef_slope_kmsq,22.36
Bikini,back_reef_slope_kmsq,9.42
Birnie,back_reef_slope_kmsq,0.07
Bitra_Par,back_reef_slope_kmsq,19.57
Bokaak,back_reef_slope_kmsq,57.06
Bramble_Haven,back_reef_slope_kmsq,9.19
Budibudi,back_reef_slope_kmsq,1.98
Butaritari,back_reef_slope_kmsq,32.39
Byramgore,back_reef_slope_kmsq,31.17
Caroline,back_reef_slope_kmsq,1.4
Cato,back_reef_slope_kmsq,0.03
Cherbaniani,back_reef_slope_kmsq,5.4
Chesterfield,back_reef_slope_kmsq,138.34
Chetlat,back_reef_slope_kmsq,0.55
Clipperton,back_reef_slope_kmsq,0.04
Conflict,back_reef_slope_kmsq,6.9
Cosmoledo,back_reef_slope_kmsq,17.6
Desroches,back_reef_slope_kmsq,23.52
Diego_Garcia,back_reef_slope_kmsq,8.0
Ducie,back_reef_slope_kmsq,0.12
Eauripik,back_reef_slope_kmsq,0.05
Ebon,back_reef_slope_kmsq,6.34
Egmont,back_reef_slope_kmsq,4.36
Egum,back_reef_slope_kmsq,13.33
Elato,back_reef_slope_kmsq,0.52
Enderbury,back_reef_slope_kmsq,0.0
Eniwetok,back_reef_slope_kmsq,20.76
Erikub,back_reef_slope_kmsq,8.78
Etal,back_reef_slope_kmsq,0.47
Europa,back_reef_slope_kmsq,0.0
Faadhippolhu,back_reef_slope_kmsq,13.07
Faaite,back_reef_slope_kmsq,13.11
Fakahina,back_reef_slope_kmsq,0.0
Fakaofo,back_reef_slope_kmsq,9.28
Fakarava,back_reef_slope_kmsq,11.21
Fangatau,back_reef_slope_kmsq,0.0
Fangataufa,back_reef_slope_kmsq,5.37
Faraulep,back_reef_slope_kmsq,0.09
Farquhar,back_reef_slope_kmsq,22.44
Fasdhuthere,back_reef_slope_kmsq,1.12
Felidhu,back_reef_slope_kmsq,21.6
French_Frigate_Shoals,back_reef_slope_kmsq,9.0
Funafuti,back_reef_slope_kmsq,8.16
Fuvahmulah,back_reef_slope_kmsq,0.89
Gaafaru,back_reef_slope_kmsq,3.16
Glorioso,back_reef_slope_kmsq,5.89
Goidhoo,back_reef_slope_kmsq,2.38
Great_Chagos_Bank,back_reef_slope_kmsq,10.4
Haddhunmathi,back_reef_slope_kmsq,4.88
Hao,back_reef_slope_kmsq,9.01
Haraiki,back_reef_slope_kmsq,2.64
Helen,back_reef_slope_kmsq,6.84
Hereheretue,back_reef_slope_kmsq,3.35
Hikueru,back_reef_slope_kmsq,3.29
Hiti,back_reef_slope_kmsq,0.32
Huon,back_reef_slope_kmsq,10.73
Huvadhu,back_reef_slope_kmsq,11.73
Ifalik,back_reef_slope_kmsq,0.02
Ihavandhippolu,back_reef_slope_kmsq,10.33
Jaluit,back_reef_slope_kmsq,50.51
Jemo,back_reef_slope_kmsq,0.0
Johnston,back_reef_slope_kmsq,4.1
Kaashidhoo,back_reef_slope_kmsq,0.09
Kademat,back_reef_slope_kmsq,0.67
Kalpeni,back_reef_slope_kmsq,5.81
Kapingamarangi,back_reef_slope_kmsq,3.59
Katiu,back_reef_slope_kmsq,3.44
Kauehi,back_reef_slope_kmsq,3.23
Kaukura,back_reef_slope_kmsq,28.51
Kavaratti,back_reef_slope_kmsq,0.01
Kilinailau,back_reef_slope_kmsq,10.42
Kiltan,back_reef_slope_kmsq,0.26
Kiritimati,back_reef_slope_kmsq,4.31
Kolhumadulu,back_reef_slope_kmsq,14.0
Kuop,back_reef_slope_kmsq,0.26
Kure,back_reef_slope_kmsq,0.61
Kuria,back_reef_slope_kmsq,1.24
Kurimarau,back_reef_slope_kmsq,0.92
Kwajalein,back_reef_slope_kmsq,34.61
Lae,back_reef_slope_kmsq,2.11
Lamotrek,back_reef_slope_kmsq,0.25
Laualau,back_reef_slope_kmsq,0.8
Laysan,back_reef_slope_kmsq,0.0
Leli,back_reef_slope_kmsq,0.11
Lib,back_reef_slope_kmsq,0.0
Lihou,back_reef_slope_kmsq,33.34
Likiep,back_reef_slope_kmsq,19.07
Liot,back_reef_slope_kmsq,0.02
Lisianski,back_reef_slope_kmsq,0.0
Long_Reef,back_reef_slope_kmsq,56.73
Loraine_Anobat,back_reef_slope_kmsq,0.0
Losap,back_reef_slope_kmsq,1.0
Losiep,back_reef_slope_kmsq,0.03
Lukunor,back_reef_slope_kmsq,0.37
Mabui,back_reef_slope_kmsq,0.56
Maiana,back_reef_slope_kmsq,1.6
Majuro,back_reef_slope_kmsq,22.83
Makemo,back_reef_slope_kmsq,15.96
Makin,back_reef_slope_kmsq,0.04
Makunudhoo,back_reef_slope_kmsq,10.01
Malden,back_reef_slope_kmsq,0.11
Maloelap,back_reef_slope_kmsq,8.51
Malum,back_reef_slope_kmsq,1.46
Manihi,back_reef_slope_kmsq,4.68
Manihiki,back_reef_slope_kmsq,1.4
Manra,back_reef_slope_kmsq,0.0
Manuae,back_reef_slope_kmsq,0.0
Manuhangi,back_reef_slope_kmsq,0.0
Marakei,back_reef_slope_kmsq,0.88
Maria,back_reef_slope_kmsq,0.0
Maria_Est,back_reef_slope_kmsq,0.22
Marokau,back_reef_slope_kmsq,3.51
Marutea_Nord,back_reef_slope_kmsq,12.79
Marutea_Sud,back_reef_slope_kmsq,2.77
Mataiva,back_reef_slope_kmsq,0.21
Matureivavao,back_reef_slope_kmsq,0.37
Maupihaa,back_reef_slope_kmsq,1.06
Mellish,back_reef_slope_kmsq,1.55
Midway,back_reef_slope_kmsq,1.99
Mili,back_reef_slope_kmsq,34.26
Minicoy,back_reef_slope_kmsq,11.94
Mokil,back_reef_slope_kmsq,0.01
Morane,back_reef_slope_kmsq,0.52
Moruroa,back_reef_slope_kmsq,4.03
Motu_One,back_reef_slope_kmsq,1.9
Motutunga,back_reef_slope_kmsq,2.18
Mulaku,back_reef_slope_kmsq,15.07
Murilo,back_reef_slope_kmsq,4.76
Namoluk,back_reef_slope_kmsq,0.16
Namonuito,back_reef_slope_kmsq,0.0
Namorik,back_reef_slope_kmsq,1.96
Namu,back_reef_slope_kmsq,12.86
Nanumanga,back_reef_slope_kmsq,0.0
Nanumea,back_reef_slope_kmsq,2.43
Napuka,back_reef_slope_kmsq,3.21
Nengonengo,back_reef_slope_kmsq,0.8
Ngcheangel,back_reef_slope_kmsq,0.15
Ngulu,back_reef_slope_kmsq,6.42
Niau,back_reef_slope_kmsq,0.0
Nihiru,back_reef_slope_kmsq,10.45
Nikumaroro,back_reef_slope_kmsq,0.4
Nikunau,back_reef_slope_kmsq,0.45
Ninigo,back_reef_slope_kmsq,19.28
Nissan,back_reef_slope_kmsq,1.97
Niulakita,back_reef_slope_kmsq,0.15
Niutao,back_reef_slope_kmsq,0.01
Nomwin,back_reef_slope_kmsq,1.79
Nonouti,back_reef_slope_kmsq,41.84
North_Keeling,back_reef_slope_kmsq,0.2
North_Maalhosmadulu,back_reef_slope_kmsq,16.68
North_Male,back_reef_slope_kmsq,30.8
North_Nilandhe,back_reef_slope_kmsq,16.22
North_Tubbataha,back_reef_slope_kmsq,10.11
Nuguria,back_reef_slope_kmsq,17.3
Nui,back_reef_slope_kmsq,1.85
Nukapu,back_reef_slope_kmsq,0.64
Nukufetau,back_reef_slope_kmsq,2.9
Nukulaelae,back_reef_slope_kmsq,4.38
Nukumanu,back_reef_slope_kmsq,7.01
Nukumbasanga,back_reef_slope_kmsq,3.29
Nukunonu,back_reef_slope_kmsq,3.86
Nukuoro,back_reef_slope_kmsq,0.32
Nukusemanu,back_reef_slope_kmsq,19.99
Nukutepipi,back_reef_slope_kmsq,0.14
Numa_Miombilou,back_reef_slope_kmsq,12.14
Nupani,back_reef_slope_kmsq,0.53
Oeno,back_reef_slope_kmsq,0.0
Olimarao,back_reef_slope_kmsq,0.13
Onotoa,back_reef_slope_kmsq,0.62
Ontong_Java,back_reef_slope_kmsq,28.37
Oroluk,back_reef_slope_kmsq,1.79
Orona,back_reef_slope_kmsq,6.96
Pakin,back_reef_slope_kmsq,0.84
Palmerston,back_reef_slope_kmsq,2.43
Palmyra,back_reef_slope_kmsq,1.26
Paraoa,back_reef_slope_kmsq,1.33
Pearl_and_Hermes,back_reef_slope_kmsq,52.28
Peremul_Par,back_reef_slope_kmsq,16.05
Peros_Banhos,back_reef_slope_kmsq,5.12
Pinaki,back_reef_slope_kmsq,0.07
Pingelap,back_reef_slope_kmsq,0.1
Pinipel,back_reef_slope_kmsq,0.75
Platte,back_reef_slope_kmsq,10.89
Providence,back_reef_slope_kmsq,34.89
Pukapuka,back_reef_slope_kmsq,1.83
Puka-Puka,back_reef_slope_kmsq,0.0
Pukarua,back_reef_slope_kmsq,5.35
Pulap,back_reef_slope_kmsq,0.0
Pulusuk,back_reef_slope_kmsq,0.0
Puluwat,back_reef_slope_kmsq,0.13
Qelelevu,back_reef_slope_kmsq,4.48
Rakahanga,back_reef_slope_kmsq,0.5
Rangiroa,back_reef_slope_kmsq,20.48
Raraka,back_reef_slope_kmsq,2.6
Raroia,back_reef_slope_kmsq,6.94
Rasdhoo,back_reef_slope_kmsq,1.55
Ravahere,back_reef_slope_kmsq,1.08
Reao,back_reef_slope_kmsq,3.94
Redlick,back_reef_slope_kmsq,3.31
Reitoru,back_reef_slope_kmsq,1.87
Rekareka,back_reef_slope_kmsq,0.0
Rongelap,back_reef_slope_kmsq,14.6
Rongerik,back_reef_slope_kmsq,4.68
Rose,back_reef_slope_kmsq,0.03
Rowa,back_reef_slope_kmsq,0.35
Saloman,back_reef_slope_kmsq,0.55
Sama,back_reef_slope_kmsq,0.46
Samasuma,back_reef_slope_kmsq,1.6
Sapwuahfik,back_reef_slope_kmsq,2.32
Satawan,back_reef_slope_kmsq,1.46
Scilly,back_reef_slope_kmsq,0.88
Sikaiana,back_reef_slope_kmsq,0.27
Sorol,back_reef_slope_kmsq,0.43
South_Keeling,back_reef_slope_kmsq,7.53
South_Maalhosmadulu,back_reef_slope_kmsq,10.51
South_Male,back_reef_slope_kmsq,9.96
South_Nilandhe,back_reef_slope_kmsq,13.1
South_Tubbataha,back_reef_slope_kmsq,0.36
St_Francois,back_reef_slope_kmsq,3.17
St_Joseph,back_reef_slope_kmsq,0.32
Starbuck,back_reef_slope_kmsq,0.02
Suheli_Par,back_reef_slope_kmsq,11.21
Surprise,back_reef_slope_kmsq,13.53
Suwarrow,back_reef_slope_kmsq,4.56
Swains,back_reef_slope_kmsq,0.03
Tabiteuea,back_reef_slope_kmsq,86.25
Tabuaeran,back_reef_slope_kmsq,6.62
Taenga,back_reef_slope_kmsq,4.26
Tahanea,back_reef_slope_kmsq,13.11
Taiaro,back_reef_slope_kmsq,0.0
Taka,back_reef_slope_kmsq,4.66
Takapoto,back_reef_slope_kmsq,2.4
Takaroa,back_reef_slope_kmsq,7.39
Takume,back_reef_slope_kmsq,3.49
Takuu,back_reef_slope_kmsq,2.34
Tarawa,back_reef_slope_kmsq,73.81
Tatakoto,back_reef_slope_kmsq,10.57
Tauere,back_reef_slope_kmsq,3.29
Tekokota,back_reef_slope_kmsq,0.0
Temitangi,back_reef_slope_kmsq,1.69
Temoe,back_reef_slope_kmsq,2.35
Tenararo,back_reef_slope_kmsq,0.96
Tenaruga,back_reef_slope_kmsq,0.0
Tepoto,back_reef_slope_kmsq,0.0
Teraina,back_reef_slope_kmsq,0.0
Tetiaroa,back_reef_slope_kmsq,1.35
Thiladhunmathi,back_reef_slope_kmsq,24.23
Thoddoo,back_reef_slope_kmsq,0.08
Tikehau,back_reef_slope_kmsq,13.44
Tilianu,back_reef_slope_kmsq,0.01
Toau,back_reef_slope_kmsq,8.07
Tongareva,back_reef_slope_kmsq,12.93
Torlesse,back_reef_slope_kmsq,1.14
Tuanake,back_reef_slope_kmsq,0.36
Tupai,back_reef_slope_kmsq,0.02
Tureia,back_reef_slope_kmsq,0.46
Ujae,back_reef_slope_kmsq,5.91
Ujelang,back_reef_slope_kmsq,4.11
Ulithi,back_reef_slope_kmsq,4.77
Utirik,back_reef_slope_kmsq,3.59
Vahanga,back_reef_slope_kmsq,0.0
Vahitahi,back_reef_slope_kmsq,5.11
Vairaatea,back_reef_slope_kmsq,1.76
Vaitupu,back_reef_slope_kmsq,0.28
Vanavana,back_reef_slope_kmsq,0.0
Vattaru,back_reef_slope_kmsq,0.88
Wailagilala,back_reef_slope_kmsq,0.87
Wake,back_reef_slope_kmsq,0.19
West_Fayu,back_reef_slope_kmsq,0.53
Willis,back_reef_slope_kmsq,14.71
Woleai,back_reef_slope_kmsq,1.64
Wotho,back_reef_slope_kmsq,5.4
Wotje,back_reef_slope_kmsq,17.07
Zohhoiiyoru,back_reef_slope_kmsq,0.0
Abaiang,back_reef_slope_perc,30.37
Abariringa,back_reef_slope_perc,50.87
Abemama,back_reef_slope_perc,24.35
Addu,back_reef_slope_perc,6.48
Agatti,back_reef_slope_perc,3.24
Ahe,back_reef_slope_perc,22.28
Ahunui,back_reef_slope_perc,0.0
Ailinginae,back_reef_slope_perc,13.76
Ailinglaplap,back_reef_slope_perc,19.7
Ailuk,back_reef_slope_perc,13.03
Aldabra,back_reef_slope_perc,3.47
Alphonse,back_reef_slope_perc,3.86
Amanu,back_reef_slope_perc,11.22
Anaa,back_reef_slope_perc,20.64
Analtin,back_reef_slope_perc,11.96
Ant,back_reef_slope_perc,5.38
Anuanuraro,back_reef_slope_perc,9.19
Anuanurunga,back_reef_slope_perc,4.14
Apataki,back_reef_slope_perc,9.87
Aranuka,back_reef_slope_perc,3.86
Aratika,back_reef_slope_perc,11.24
Ari,back_reef_slope_perc,13.6
Arno,back_reef_slope_perc,14.43
Arutua,back_reef_slope_perc,16.26
Ashmore,back_reef_slope_perc,0.01
Astove,back_reef_slope_perc,0.0
Atafu,back_reef_slope_perc,30.64
Aur,back_reef_slope_perc,12.36
Awin,back_reef_slope_perc,20.48
Bangaram,back_reef_slope_perc,15.33
Beautemps-Beaupre,back_reef_slope_perc,26.89
Bellona,back_reef_slope_perc,21.2
Beru,back_reef_slope_perc,8.8
Bikar,back_reef_slope_perc,45.4
Bikini,back_reef_slope_perc,8.5
Birnie,back_reef_slope_perc,7.46
Bitra_Par,back_reef_slope_perc,30.2
Bokaak,back_reef_slope_perc,60.79
Bramble_Haven,back_reef_slope_perc,16.72
Budibudi,back_reef_slope_perc,17.54
Butaritari,back_reef_slope_perc,17.83
Byramgore,back_reef_slope_perc,31.14
Caroline,back_reef_slope_perc,9.32
Cato,back_reef_slope_perc,0.58
Cherbaniani,back_reef_slope_perc,11.31
Chesterfield,back_reef_slope_perc,53.3
Chetlat,back_reef_slope_perc,10.32
Clipperton,back_reef_slope_perc,1.29
Conflict,back_reef_slope_perc,14.57
Cosmoledo,back_reef_slope_perc,12.62
Desroches,back_reef_slope_perc,58.58
Diego_Garcia,back_reef_slope_perc,11.05
Ducie,back_reef_slope_perc,3.43
Eauripik,back_reef_slope_perc,0.37
Ebon,back_reef_slope_perc,21.38
Egmont,back_reef_slope_perc,16.33
Egum,back_reef_slope_perc,33.79
Elato,back_reef_slope_perc,3.84
Enderbury,back_reef_slope_perc,0.06
Eniwetok,back_reef_slope_perc,14.22
Erikub,back_reef_slope_perc,17.07
Etal,back_reef_slope_perc,5.13
Europa,back_reef_slope_perc,0.0
Faadhippolhu,back_reef_slope_perc,11.58
Faaite,back_reef_slope_perc,12.4
Fakahina,back_reef_slope_perc,0.0
Fakaofo,back_reef_slope_perc,31.93
Fakarava,back_reef_slope_perc,8.17
Fangatau,back_reef_slope_perc,0.0
Fangataufa,back_reef_slope_perc,31.12
Faraulep,back_reef_slope_perc,1.18
Farquhar,back_reef_slope_perc,13.35
Fasdhuthere,back_reef_slope_perc,4.68
Felidhu,back_reef_slope_perc,10.71
French_Frigate_Shoals,back_reef_slope_perc,1.96
Funafuti,back_reef_slope_perc,18.97
Fuvahmulah,back_reef_slope_perc,31.4
Gaafaru,back_reef_slope_perc,11.16
Glorioso,back_reef_slope_perc,11.53
Goidhoo,back_reef_slope_perc,5.21
Great_Chagos_Bank,back_reef_slope_perc,17.68
Haddhunmathi,back_reef_slope_perc,3.32
Hao,back_reef_slope_perc,14.52
Haraiki,back_reef_slope_perc,16.26
Helen,back_reef_slope_perc,8.96
Hereheretue,back_reef_slope_perc,19.68
Hikueru,back_reef_slope_perc,37.71
Hiti,back_reef_slope_perc,3.19
Huon,back_reef_slope_perc,20.01
Huvadhu,back_reef_slope_perc,3.67
Ifalik,back_reef_slope_perc,0.41
Ihavandhippolu,back_reef_slope_perc,12.32
Jaluit,back_reef_slope_perc,27.62
Jemo,back_reef_slope_perc,0.0
Johnston,back_reef_slope_perc,16.77
Kaashidhoo,back_reef_slope_perc,1.42
Kademat,back_reef_slope_perc,2.55
Kalpeni,back_reef_slope_perc,20.37
Kapingamarangi,back_reef_slope_perc,14.64
Katiu,back_reef_slope_perc,10.93
Kauehi,back_reef_slope_perc,13.72
Kaukura,back_reef_slope_perc,14.11
Kavaratti,back_reef_slope_perc,0.12
Kilinailau,back_reef_slope_perc,14.26
Kiltan,back_reef_slope_perc,5.89
Kiritimati,back_reef_slope_perc,3.33
Kolhumadulu,back_reef_slope_perc,8.41
Kuop,back_reef_slope_perc,0.72
Kure,back_reef_slope_perc,1.14
Kuria,back_reef_slope_perc,6.08
Kurimarau,back_reef_slope_perc,34.74
Kwajalein,back_reef_slope_perc,13.98
Lae,back_reef_slope_perc,16.16
Lamotrek,back_reef_slope_perc,2.61
Laualau,back_reef_slope_perc,12.44
Laysan,back_reef_slope_perc,0.0
Leli,back_reef_slope_perc,1.92
Lib,back_reef_slope_perc,0.0
Lihou,back_reef_slope_perc,27.13
Likiep,back_reef_slope_perc,22.49
Liot,back_reef_slope_perc,0.58
Lisianski,back_reef_slope_perc,0.0
Long_Reef,back_reef_slope_perc,17.58
Loraine_Anobat,back_reef_slope_perc,0.37
Losap,back_reef_slope_perc,5.95
Losiep,back_reef_slope_perc,0.41
Lukunor,back_reef_slope_perc,2.21
Mabui,back_reef_slope_perc,12.73
Maiana,back_reef_slope_perc,1.1
Majuro,back_reef_slope_perc,33.46
Makemo,back_reef_slope_perc,11.48
Makin,back_reef_slope_perc,0.43
Makunudhoo,back_reef_slope_perc,10.63
Malden,back_reef_slope_perc,4.47
Maloelap,back_reef_slope_perc,8.74
Malum,back_reef_slope_perc,8.1
Manihi,back_reef_slope_perc,21.68
Manihiki,back_reef_slope_perc,10.65
Manra,back_reef_slope_perc,0.0
Manuae,back_reef_slope_perc,0.0
Manuhangi,back_reef_slope_perc,0.0
Marakei,back_reef_slope_perc,3.59
Maria,back_reef_slope_perc,0.0
Maria_Est,back_reef_slope_perc,5.42
Marokau,back_reef_slope_perc,8.68
Marutea_Nord,back_reef_slope_perc,12.21
Marutea_Sud,back_reef_slope_perc,12.04
Mataiva,back_reef_slope_perc,0.69
Matureivavao,back_reef_slope_perc,6.12
Maupihaa,back_reef_slope_perc,5.23
Mellish,back_reef_slope_perc,7.27
Midway,back_reef_slope_perc,3.29
Mili,back_reef_slope_perc,22.04
Minicoy,back_reef_slope_perc,31.49
Mokil,back_reef_slope_perc,0.23
Morane,back_reef_slope_perc,8.36
Moruroa,back_reef_slope_perc,12.78
Motu_One,back_reef_slope_perc,21.67
Motutunga,back_reef_slope_perc,6.36
Mulaku,back_reef_slope_perc,9.12
Murilo,back_reef_slope_perc,9.35
Namoluk,back_reef_slope_perc,2.21
Namonuito,back_reef_slope_perc,0.0
Namorik,back_reef_slope_perc,13.97
Namu,back_reef_slope_perc,13.58
Nanumanga,back_reef_slope_perc,0.09
Nanumea,back_reef_slope_perc,13.15
Napuka,back_reef_slope_perc,17.76
Nengonengo,back_reef_slope_perc,4.78
Ngcheangel,back_reef_slope_perc,0.82
Ngulu,back_reef_slope_perc,14.68
Niau,back_reef_slope_perc,0.0
Nihiru,back_reef_slope_perc,31.8
Nikumaroro,back_reef_slope_perc,4.49
Nikunau,back_reef_slope_perc,4.16
Ninigo,back_reef_slope_perc,15.51
Nissan,back_reef_slope_perc,14.05
Niulakita,back_reef_slope_perc,2.37
Niutao,back_reef_slope_perc,0.32
Nomwin,back_reef_slope_perc,3.74
Nonouti,back_reef_slope_perc,9.37
North_Keeling,back_reef_slope_perc,11.93
North_Maalhosmadulu,back_reef_slope_perc,10.27
North_Male,back_reef_slope_perc,14.2
North_Nilandhe,back_reef_slope_perc,13.85
North_Tubbataha,back_reef_slope_perc,22.48
Nuguria,back_reef_slope_perc,20.17
Nui,back_reef_slope_perc,11.42
Nukapu,back_reef_slope_perc,10.51
Nukufetau,back_reef_slope_perc,10.64
Nukulaelae,back_reef_slope_perc,17.64
Nukumanu,back_reef_slope_perc,17.91
Nukumbasanga,back_reef_slope_perc,53.83
Nukunonu,back_reef_slope_perc,17.73
Nukuoro,back_reef_slope_perc,2.82
Nukusemanu,back_reef_slope_perc,31.98
Nukutepipi,back_reef_slope_perc,5.32
Numa_Miombilou,back_reef_slope_perc,13.84
Nupani,back_reef_slope_perc,3.41
Oeno,back_reef_slope_perc,0.01
Olimarao,back_reef_slope_perc,2.29
Onotoa,back_reef_slope_perc,2.08
Ontong_Java,back_reef_slope_perc,20.86
Oroluk,back_reef_slope_perc,3.55
Orona,back_reef_slope_perc,27.84
Pakin,back_reef_slope_perc,5.97
Palmerston,back_reef_slope_perc,8.6
Palmyra,back_reef_slope_perc,4.87
Paraoa,back_reef_slope_perc,21.13
Pearl_and_Hermes,back_reef_slope_perc,16.82
Peremul_Par,back_reef_slope_perc,19.61
Peros_Banhos,back_reef_slope_perc,9.88
Pinaki,back_reef_slope_perc,3.39
Pingelap,back_reef_slope_perc,2.59
Pinipel,back_reef_slope_perc,4.93
Platte,back_reef_slope_perc,27.63
Providence,back_reef_slope_perc,8.38
Pukapuka,back_reef_slope_perc,11.27
Puka-Puka,back_reef_slope_perc,0.0
Pukarua,back_reef_slope_perc,30.9
Pulap,back_reef_slope_perc,0.0
Pulusuk,back_reef_slope_perc,0.0
Puluwat,back_reef_slope_perc,3.26
Qelelevu,back_reef_slope_perc,7.91
Rakahanga,back_reef_slope_perc,12.29
Rangiroa,back_reef_slope_perc,12.81
Raraka,back_reef_slope_perc,8.57
Raroia,back_reef_slope_perc,13.84
Rasdhoo,back_reef_slope_perc,6.8
Ravahere,back_reef_slope_perc,4.29
Reao,back_reef_slope_perc,18.32
Redlick,back_reef_slope_perc,13.38
Reitoru,back_reef_slope_perc,17.6
Rekareka,back_reef_slope_perc,0.0
Rongelap,back_reef_slope_perc,9.96
Rongerik,back_reef_slope_perc,8.54
Rose,back_reef_slope_perc,0.61
Rowa,back_reef_slope_perc,1.45
Saloman,back_reef_slope_perc,3.33
Sama,back_reef_slope_perc,7.52
Samasuma,back_reef_slope_perc,18.38
Sapwuahfik,back_reef_slope_perc,5.41
Satawan,back_reef_slope_perc,2.49
Scilly,back_reef_slope_perc,2.86
Sikaiana,back_reef_slope_perc,2.11
Sorol,back_reef_slope_perc,3.53
South_Keeling,back_reef_slope_perc,7.43
South_Maalhosmadulu,back_reef_slope_perc,7.5
South_Male,back_reef_slope_perc,8.31
South_Nilandhe,back_reef_slope_perc,10.22
South_Tubbataha,back_reef_slope_perc,2.39
St_Francois,back_reef_slope_perc,5.06
St_Joseph,back_reef_slope_perc,1.2
Starbuck,back_reef_slope_perc,0.62
Suheli_Par,back_reef_slope_perc,12.94
Surprise,back_reef_slope_perc,17.54
Suwarrow,back_reef_slope_perc,12.1
Swains,back_reef_slope_perc,1.79
Tabiteuea,back_reef_slope_perc,16.48
Tabuaeran,back_reef_slope_perc,5.46
Taenga,back_reef_slope_perc,16.49
Tahanea,back_reef_slope_perc,12.4
Taiaro,back_reef_slope_perc,0.0
Taka,back_reef_slope_perc,9.57
Takapoto,back_reef_slope_perc,14.1
Takaroa,back_reef_slope_perc,29.68
Takume,back_reef_slope_perc,15.48
Takuu,back_reef_slope_perc,8.09
Tarawa,back_reef_slope_perc,27.92
Tatakoto,back_reef_slope_perc,46.91
Tauere,back_reef_slope_perc,37.71
Tekokota,back_reef_slope_perc,0.05
Temitangi,back_reef_slope_perc,14.02
Temoe,back_reef_slope_perc,19.11
Tenararo,back_reef_slope_perc,34.63
Tenaruga,back_reef_slope_perc,0.0
Tepoto,back_reef_slope_perc,0.0
Teraina,back_reef_slope_perc,0.0
Tetiaroa,back_reef_slope_perc,5.15
Thiladhunmathi,back_reef_slope_perc,11.22
Thoddoo,back_reef_slope_perc,2.76
Tikehau,back_reef_slope_perc,21.82
Tilianu,back_reef_slope_perc,3.16
Toau,back_reef_slope_perc,6.88
Tongareva,back_reef_slope_perc,25.74
Torlesse,back_reef_slope_perc,11.19
Tuanake,back_reef_slope_perc,3.69
Tupai,back_reef_slope_perc,0.13
Tureia,back_reef_slope_perc,5.22
Ujae,back_reef_slope_perc,8.74
Ujelang,back_reef_slope_perc,11.78
Ulithi,back_reef_slope_perc,7.5
Utirik,back_reef_slope_perc,9.11
Vahanga,back_reef_slope_perc,0.0
Vahitahi,back_reef_slope_perc,42.03
Vairaatea,back_reef_slope_perc,23.68
Vaitupu,back_reef_slope_perc,5.28
Vanavana,back_reef_slope_perc,0.0
Vattaru,back_reef_slope_perc,6.37
Wailagilala,back_reef_slope_perc,7.51
Wake,back_reef_slope_perc,1.34
West_Fayu,back_reef_slope_perc,6.29
Willis,back_reef_slope_perc,26.66
Woleai,back_reef_slope_perc,8.6
Wotho,back_reef_slope_perc,10.9
Wotje,back_reef_slope_perc,16.55
Zohhoiiyoru,back_reef_slope_perc,0.0
Abaiang,shallow_lagoon_kmsq,51.83
Abariringa,shallow_lagoon_kmsq,4.16
Abemama,shallow_lagoon_kmsq,22.41
Addu,shallow_lagoon_kmsq,9.38
Agatti,shallow_lagoon_kmsq,7.21
Ahe,shallow_lagoon_kmsq,1.75
Ahunui,shallow_lagoon_kmsq,0.0
Ailinginae,shallow_lagoon_kmsq,12.17
Ailinglaplap,shallow_lagoon_kmsq,2.64
Ailuk,shallow_lagoon_kmsq,6.67
Aldabra,shallow_lagoon_kmsq,118.59
Alphonse,shallow_lagoon_kmsq,0.69
Amanu,shallow_lagoon_kmsq,2.28
Anaa,shallow_lagoon_kmsq,7.46
Analtin,shallow_lagoon_kmsq,4.78
Ant,shallow_lagoon_kmsq,4.87
Anuanuraro,shallow_lagoon_kmsq,1.87
Anuanurunga,shallow_lagoon_kmsq,1.04
Apataki,shallow_lagoon_kmsq,5.23
Aranuka,shallow_lagoon_kmsq,9.82
Aratika,shallow_lagoon_kmsq,2.42
Ari,shallow_lagoon_kmsq,33.65
Arno,shallow_lagoon_kmsq,11.48
Arutua,shallow_lagoon_kmsq,5.12
Ashmore,shallow_lagoon_kmsq,91.5
Astove,shallow_lagoon_kmsq,0.94
Atafu,shallow_lagoon_kmsq,0.95
Aur,shallow_lagoon_kmsq,5.53
Awin,shallow_lagoon_kmsq,0.17
Bangaram,shallow_lagoon_kmsq,12.81
Beautemps-Beaupre,shallow_lagoon_kmsq,3.12
Bellona,shallow_lagoon_kmsq,26.2
Beru,shallow_lagoon_kmsq,8.13
Bikar,shallow_lagoon_kmsq,11.1
Bikini,shallow_lagoon_kmsq,16.28
Birnie,shallow_lagoon_kmsq,0.02
Bitra_Par,shallow_lagoon_kmsq,9.33
Bokaak,shallow_lagoon_kmsq,9.11
Bramble_Haven,shallow_lagoon_kmsq,14.34
Budibudi,shallow_lagoon_kmsq,3.19
Butaritari,shallow_lagoon_kmsq,34.09
Byramgore,shallow_lagoon_kmsq,10.94
Caroline,shallow_lagoon_kmsq,0.45
Cato,shallow_lagoon_kmsq,1.41
Cherbaniani,shallow_lagoon_kmsq,19.1
Chesterfield,shallow_lagoon_kmsq,10.49
Chetlat,shallow_lagoon_kmsq,0.31
Clipperton,shallow_lagoon_kmsq,0.0
Conflict,shallow_lagoon_kmsq,7.63
Cosmoledo,shallow_lagoon_kmsq,29.52
Desroches,shallow_lagoon_kmsq,0.1
Diego_Garcia,shallow_lagoon_kmsq,7.97
Ducie,shallow_lagoon_kmsq,0.44
Eauripik,shallow_lagoon_kmsq,0.42
Ebon,shallow_lagoon_kmsq,0.36
Egmont,shallow_lagoon_kmsq,2.11
Egum,shallow_lagoon_kmsq,1.25
Elato,shallow_lagoon_kmsq,0.63
Enderbury,shallow_lagoon_kmsq,0.0
Eniwetok,shallow_lagoon_kmsq,33.43
Erikub,shallow_lagoon_kmsq,4.59
Etal,shallow_lagoon_kmsq,0.35
Europa,shallow_lagoon_kmsq,1.75
Faadhippolhu,shallow_lagoon_kmsq,22.89
Faaite,shallow_lagoon_kmsq,16.32
Fakahina,shallow_lagoon_kmsq,0.0
Fakaofo,shallow_lagoon_kmsq,1.22
Fakarava,shallow_lagoon_kmsq,12.8
Fangatau,shallow_lagoon_kmsq,0.0
Fangataufa,shallow_lagoon_kmsq,0.97
Faraulep,shallow_lagoon_kmsq,0.71
Farquhar,shallow_lagoon_kmsq,38.72
Fasdhuthere,shallow_lagoon_kmsq,4.13
Felidhu,shallow_lagoon_kmsq,11.39
French_Frigate_Shoals,shallow_lagoon_kmsq,20.48
Funafuti,shallow_lagoon_kmsq,2.35
Fuvahmulah,shallow_lagoon_kmsq,0.03
Gaafaru,shallow_lagoon_kmsq,8.24
Glorioso,shallow_lagoon_kmsq,16.31
Goidhoo,shallow_lagoon_kmsq,7.67
Great_Chagos_Bank,shallow_lagoon_kmsq,0.33
Haddhunmathi,shallow_lagoon_kmsq,21.45
Hao,shallow_lagoon_kmsq,5.86
Haraiki,shallow_lagoon_kmsq,1.62
Helen,shallow_lagoon_kmsq,13.22
Hereheretue,shallow_lagoon_kmsq,3.58
Hikueru,shallow_lagoon_kmsq,0.81
Hiti,shallow_lagoon_kmsq,1.84
Huon,shallow_lagoon_kmsq,7.75
Huvadhu,shallow_lagoon_kmsq,55.67
Ifalik,shallow_lagoon_kmsq,1.25
Ihavandhippolu,shallow_lagoon_kmsq,19.3
Jaluit,shallow_lagoon_kmsq,18.88
Jemo,shallow_lagoon_kmsq,0.64
Johnston,shallow_lagoon_kmsq,1.06
Kaashidhoo,shallow_lagoon_kmsq,1.95
Kademat,shallow_lagoon_kmsq,4.71
Kalpeni,shallow_lagoon_kmsq,7.02
Kapingamarangi,shallow_lagoon_kmsq,0.28
Katiu,shallow_lagoon_kmsq,4.56
Kauehi,shallow_lagoon_kmsq,3.89
Kaukura,shallow_lagoon_kmsq,56.97
Kavaratti,shallow_lagoon_kmsq,1.64
Kilinailau,shallow_lagoon_kmsq,4.27
Kiltan,shallow_lagoon_kmsq,0.19
Kiritimati,shallow_lagoon_kmsq,45.26
Kolhumadulu,shallow_lagoon_kmsq,21.33
Kuop,shallow_lagoon_kmsq,5.93
Kure,shallow_lagoon_kmsq,32.58
Kuria,shallow_lagoon_kmsq,0.2
Kurimarau,shallow_lagoon_kmsq,0.77
Kwajalein,shallow_lagoon_kmsq,20.66
Lae,shallow_lagoon_kmsq,1.2
Lamotrek,shallow_lagoon_kmsq,0.21
Laualau,shallow_lagoon_kmsq,0.54
Laysan,shallow_lagoon_kmsq,0.0
Leli,shallow_lagoon_kmsq,0.3
Lib,shallow_lagoon_kmsq,0.0
Lihou,shallow_lagoon_kmsq,3.22
Likiep,shallow_lagoon_kmsq,10.24
Liot,shallow_lagoon_kmsq,0.01
Lisianski,shallow_lagoon_kmsq,12.75
Long_Reef,shallow_lagoon_kmsq,79.2
Loraine_Anobat,shallow_lagoon_kmsq,0.04
Losap,shallow_lagoon_kmsq,0.69
Losiep,shallow_lagoon_kmsq,0.24
Lukunor,shallow_lagoon_kmsq,0.55
Mabui,shallow_lagoon_kmsq,1.05
Maiana,shallow_lagoon_kmsq,75.98
Majuro,shallow_lagoon_kmsq,1.34
Makemo,shallow_lagoon_kmsq,17.13
Makin,shallow_lagoon_kmsq,0.01
Makunudhoo,shallow_lagoon_kmsq,8.62
Malden,shallow_lagoon_kmsq,0.03
Maloelap,shallow_lagoon_kmsq,12.41
Malum,shallow_lagoon_kmsq,2.86
Manihi,shallow_lagoon_kmsq,1.24
Manihiki,shallow_lagoon_kmsq,1.47
Manra,shallow_lagoon_kmsq,0.0
Manuae,shallow_lagoon_kmsq,5.35
Manuhangi,shallow_lagoon_kmsq,0.0
Marakei,shallow_lagoon_kmsq,10.15
Maria,shallow_lagoon_kmsq,2.67
Maria_Est,shallow_lagoon_kmsq,0.79
Marokau,shallow_lagoon_kmsq,5.28
Marutea_Nord,shallow_lagoon_kmsq,27.76
Marutea_Sud,shallow_lagoon_kmsq,2.65
Mataiva,shallow_lagoon_kmsq,10.26
Matureivavao,shallow_lagoon_kmsq,0.44
Maupihaa,shallow_lagoon_kmsq,3.98
Mellish,shallow_lagoon_kmsq,10.6
Midway,shallow_lagoon_kmsq,22.43
Mili,shallow_lagoon_kmsq,15.39
Minicoy,shallow_lagoon_kmsq,7.71
Mokil,shallow_lagoon_kmsq,0.29
Morane,shallow_lagoon_kmsq,0.81
Moruroa,shallow_lagoon_kmsq,3.27
Motu_One,shallow_lagoon_kmsq,0.85
Motutunga,shallow_lagoon_kmsq,3.13
Mulaku,shallow_lagoon_kmsq,16.66
Murilo,shallow_lagoon_kmsq,1.69
Namoluk,shallow_lagoon_kmsq,0.43
Namonuito,shallow_lagoon_kmsq,2.62
Namorik,shallow_lagoon_kmsq,1.59
Namu,shallow_lagoon_kmsq,8.36
Nanumanga,shallow_lagoon_kmsq,0.0
Nanumea,shallow_lagoon_kmsq,0.1
Napuka,shallow_lagoon_kmsq,0.58
Nengonengo,shallow_lagoon_kmsq,1.17
Ngcheangel,shallow_lagoon_kmsq,5.75
Ngulu,shallow_lagoon_kmsq,0.42
Niau,shallow_lagoon_kmsq,0.0
Nihiru,shallow_lagoon_kmsq,3.39
Nikumaroro,shallow_lagoon_kmsq,1.97
Nikunau,shallow_lagoon_kmsq,0.73
Ninigo,shallow_lagoon_kmsq,18.22
Nissan,shallow_lagoon_kmsq,2.87
Niulakita,shallow_lagoon_kmsq,0.0
Niutao,shallow_lagoon_kmsq,0.01
Nomwin,shallow_lagoon_kmsq,3.3
Nonouti,shallow_lagoon_kmsq,156.6
North_Keeling,shallow_lagoon_kmsq,0.1
North_Maalhosmadulu,shallow_lagoon_kmsq,27.04
North_Male,shallow_lagoon_kmsq,39.63
North_Nilandhe,shallow_lagoon_kmsq,15.1
North_Tubbataha,shallow_lagoon_kmsq,2.0
Nuguria,shallow_lagoon_kmsq,20.39
Nui,shallow_lagoon_kmsq,1.16
Nukapu,shallow_lagoon_kmsq,1.22
Nukufetau,shallow_lagoon_kmsq,1.12
Nukulaelae,shallow_lagoon_kmsq,3.37
Nukumanu,shallow_lagoon_kmsq,2.42
Nukumbasanga,shallow_lagoon_kmsq,0.01
Nukunonu,shallow_lagoon_kmsq,0.53
Nukuoro,shallow_lagoon_kmsq,0.16
Nukusemanu,shallow_lagoon_kmsq,5.84
Nukutepipi,shallow_lagoon_kmsq,0.33
Numa_Miombilou,shallow_lagoon_kmsq,15.68
Nupani,shallow_lagoon_kmsq,2.18
Oeno,shallow_lagoon_kmsq,4.5
Olimarao,shallow_lagoon_kmsq,0.25
Onotoa,shallow_lagoon_kmsq,0.87
Ontong_Java,shallow_lagoon_kmsq,7.79
Oroluk,shallow_lagoon_kmsq,2.71
Orona,shallow_lagoon_kmsq,3.72
Pakin,shallow_lagoon_kmsq,2.36
Palmerston,shallow_lagoon_kmsq,6.09
Palmyra,shallow_lagoon_kmsq,4.67
Paraoa,shallow_lagoon_kmsq,0.5
Pearl_and_Hermes,shallow_lagoon_kmsq,45.52
Peremul_Par,shallow_lagoon_kmsq,26.24
Peros_Banhos,shallow_lagoon_kmsq,0.66
Pinaki,shallow_lagoon_kmsq,0.45
Pingelap,shallow_lagoon_kmsq,0.02
Pinipel,shallow_lagoon_kmsq,1.67
Platte,shallow_lagoon_kmsq,0.15
Providence,shallow_lagoon_kmsq,101.99
Pukapuka,shallow_lagoon_kmsq,1.56
Puka-Puka,shallow_lagoon_kmsq,0.0
Pukarua,shallow_lagoon_kmsq,0.42
Pulap,shallow_lagoon_kmsq,0.07
Pulusuk,shallow_lagoon_kmsq,0.0
Puluwat,shallow_lagoon_kmsq,0.41
Qelelevu,shallow_lagoon_kmsq,19.0
Rakahanga,shallow_lagoon_kmsq,0.57
Rangiroa,shallow_lagoon_kmsq,16.72
Raraka,shallow_lagoon_kmsq,6.63
Raroia,shallow_lagoon_kmsq,5.68
Rasdhoo,shallow_lagoon_kmsq,5.45
Ravahere,shallow_lagoon_kmsq,4.52
Reao,shallow_lagoon_kmsq,1.15
Redlick,shallow_lagoon_kmsq,4.41
Reitoru,shallow_lagoon_kmsq,2.65
Rekareka,shallow_lagoon_kmsq,0.34
Rongelap,shallow_lagoon_kmsq,31.18
Rongerik,shallow_lagoon_kmsq,8.16
Rose,shallow_lagoon_kmsq,0.43
Rowa,shallow_lagoon_kmsq,2.35
Saloman,shallow_lagoon_kmsq,0.64
Sama,shallow_lagoon_kmsq,0.0
Samasuma,shallow_lagoon_kmsq,0.23
Sapwuahfik,shallow_lagoon_kmsq,3.69
Satawan,shallow_lagoon_kmsq,6.56
Scilly,shallow_lagoon_kmsq,8.49
Sikaiana,shallow_lagoon_kmsq,1.75
Sorol,shallow_lagoon_kmsq,0.63
South_Keeling,shallow_lagoon_kmsq,24.34
South_Maalhosmadulu,shallow_lagoon_kmsq,30.7
South_Male,shallow_lagoon_kmsq,18.08
South_Nilandhe,shallow_lagoon_kmsq,14.72
South_Tubbataha,shallow_lagoon_kmsq,0.73
St_Francois,shallow_lagoon_kmsq,12.32
St_Joseph,shallow_lagoon_kmsq,6.31
Starbuck,shallow_lagoon_kmsq,0.0
Suheli_Par,shallow_lagoon_kmsq,38.37
Surprise,shallow_lagoon_kmsq,12.29
Suwarrow,shallow_lagoon_kmsq,1.56
Swains,shallow_lagoon_kmsq,0.0
Tabiteuea,shallow_lagoon_kmsq,152.25
Tabuaeran,shallow_lagoon_kmsq,55.63
Taenga,shallow_lagoon_kmsq,2.44
Tahanea,shallow_lagoon_kmsq,16.32
Taiaro,shallow_lagoon_kmsq,0.0
Taka,shallow_lagoon_kmsq,4.12
Takapoto,shallow_lagoon_kmsq,1.74
Takaroa,shallow_lagoon_kmsq,1.12
Takume,shallow_lagoon_kmsq,0.86
Takuu,shallow_lagoon_kmsq,1.72
Tarawa,shallow_lagoon_kmsq,75.98
Tatakoto,shallow_lagoon_kmsq,0.94
Tauere,shallow_lagoon_kmsq,0.81
Tekokota,shallow_lagoon_kmsq,2.85
Temitangi,shallow_lagoon_kmsq,1.12
Temoe,shallow_lagoon_kmsq,0.43
Tenararo,shallow_lagoon_kmsq,0.0
Tenaruga,shallow_lagoon_kmsq,0.0
Tepoto,shallow_lagoon_kmsq,0.5
Teraina,shallow_lagoon_kmsq,0.0
Tetiaroa,shallow_lagoon_kmsq,7.45
Thiladhunmathi,shallow_lagoon_kmsq,47.08
Thoddoo,shallow_lagoon_kmsq,0.67
Tikehau,shallow_lagoon_kmsq,6.05
Tilianu,shallow_lagoon_kmsq,0.0
Toau,shallow_lagoon_kmsq,10.05
Tongareva,shallow_lagoon_kmsq,6.82
Torlesse,shallow_lagoon_kmsq,1.44
Tuanake,shallow_lagoon_kmsq,1.64
Tupai,shallow_lagoon_kmsq,6.06
Tureia,shallow_lagoon_kmsq,1.39
Ujae,shallow_lagoon_kmsq,9.73
Ujelang,shallow_lagoon_kmsq,2.65
Ulithi,shallow_lagoon_kmsq,3.11
Utirik,shallow_lagoon_kmsq,7.28
Vahanga,shallow_lagoon_kmsq,0.0
Vahitahi,shallow_lagoon_kmsq,0.53
Vairaatea,shallow_lagoon_kmsq,0.26
Vaitupu,shallow_lagoon_kmsq,0.01
Vanavana,shallow_lagoon_kmsq,0.0
Vattaru,shallow_lagoon_kmsq,1.7
Wailagilala,shallow_lagoon_kmsq,2.37
Wake,shallow_lagoon_kmsq,6.49
West_Fayu,shallow_lagoon_kmsq,0.77
Willis,shallow_lagoon_kmsq,5.58
Woleai,shallow_lagoon_kmsq,2.63
Wotho,shallow_lagoon_kmsq,10.19
Wotje,shallow_lagoon_kmsq,13.62
Zohhoiiyoru,shallow_lagoon_kmsq,0.14
Abaiang,shallow_lagoon_perc,23.98
Abariringa,shallow_lagoon_perc,7.73
Abemama,shallow_lagoon_perc,15.34
Addu,shallow_lagoon_perc,19.13
Agatti,shallow_lagoon_perc,29.47
Ahe,shallow_lagoon_perc,7.75
Ahunui,shallow_lagoon_perc,0.0
Ailinginae,shallow_lagoon_perc,20.16
Ailinglaplap,shallow_lagoon_perc,2.68
Ailuk,shallow_lagoon_perc,10.16
Aldabra,shallow_lagoon_perc,54.07
Alphonse,shallow_lagoon_perc,3.63
Amanu,shallow_lagoon_perc,9.6
Anaa,shallow_lagoon_perc,13.32
Analtin,shallow_lagoon_perc,13.91
Ant,shallow_lagoon_perc,17.8
Anuanuraro,shallow_lagoon_perc,28.66
Anuanurunga,shallow_lagoon_perc,33.35
Apataki,shallow_lagoon_perc,9.89
Aranuka,shallow_lagoon_perc,17.38
Aratika,shallow_lagoon_perc,9.89
Ari,shallow_lagoon_perc,12.36
Arno,shallow_lagoon_perc,9.84
Arutua,shallow_lagoon_perc,7.47
Ashmore,shallow_lagoon_perc,41.08
Astove,shallow_lagoon_perc,6.86
Atafu,shallow_lagoon_perc,6.98
Aur,shallow_lagoon_perc,12.41
Awin,shallow_lagoon_perc,2.38
Bangaram,shallow_lagoon_perc,29.01
Beautemps-Beaupre,shallow_lagoon_perc,15.66
Bellona,shallow_lagoon_perc,26.82
Beru,shallow_lagoon_perc,18.65
Bikar,shallow_lagoon_perc,22.54
Bikini,shallow_lagoon_perc,14.7
Birnie,shallow_lagoon_perc,2.07
Bitra_Par,shallow_lagoon_perc,14.4
Bokaak,shallow_lagoon_perc,9.71
Bramble_Haven,shallow_lagoon_perc,26.1
Budibudi,shallow_lagoon_perc,28.29
Butaritari,shallow_lagoon_perc,18.77
Byramgore,shallow_lagoon_perc,10.93
Caroline,shallow_lagoon_perc,2.97
Cato,shallow_lagoon_perc,25.97
Cherbaniani,shallow_lagoon_perc,40.02
Chesterfield,shallow_lagoon_perc,4.04
Chetlat,shallow_lagoon_perc,5.87
Clipperton,shallow_lagoon_perc,0.0
Conflict,shallow_lagoon_perc,16.11
Cosmoledo,shallow_lagoon_perc,21.16
Desroches,shallow_lagoon_perc,0.26
Diego_Garcia,shallow_lagoon_perc,11.02
Ducie,shallow_lagoon_perc,12.6
Eauripik,shallow_lagoon_perc,2.97
Ebon,shallow_lagoon_perc,1.22
Egmont,shallow_lagoon_perc,7.9
Egum,shallow_lagoon_perc,3.16
Elato,shallow_lagoon_perc,4.59
Enderbury,shallow_lagoon_perc,0.0
Eniwetok,shallow_lagoon_perc,22.89
Erikub,shallow_lagoon_perc,8.91
Etal,shallow_lagoon_perc,3.81
Europa,shallow_lagoon_perc,13.89
Faadhippolhu,shallow_lagoon_perc,20.28
Faaite,shallow_lagoon_perc,15.44
Fakahina,shallow_lagoon_perc,0.0
Fakaofo,shallow_lagoon_perc,4.2
Fakarava,shallow_lagoon_perc,9.33
Fangatau,shallow_lagoon_perc,0.0
Fangataufa,shallow_lagoon_perc,5.61
Faraulep,shallow_lagoon_perc,9.57
Farquhar,shallow_lagoon_perc,23.03
Fasdhuthere,shallow_lagoon_perc,17.25
Felidhu,shallow_lagoon_perc,5.65
French_Frigate_Shoals,shallow_lagoon_perc,4.46
Funafuti,shallow_lagoon_perc,5.45
Fuvahmulah,shallow_lagoon_perc,1.24
Gaafaru,shallow_lagoon_perc,29.14
Glorioso,shallow_lagoon_perc,31.94
Goidhoo,shallow_lagoon_perc,16.81
Great_Chagos_Bank,shallow_lagoon_perc,0.56
Haddhunmathi,shallow_lagoon_perc,14.58
Hao,shallow_lagoon_perc,9.44
Haraiki,shallow_lagoon_perc,9.98
Helen,shallow_lagoon_perc,17.32
Hereheretue,shallow_lagoon_perc,20.99
Hikueru,shallow_lagoon_perc,9.24
Hiti,shallow_lagoon_perc,18.18
Huon,shallow_lagoon_perc,14.45
Huvadhu,shallow_lagoon_perc,17.42
Ifalik,shallow_lagoon_perc,20.35
Ihavandhippolu,shallow_lagoon_perc,23.02
Jaluit,shallow_lagoon_perc,10.33
Jemo,shallow_lagoon_perc,30.28
Johnston,shallow_lagoon_perc,4.33
Kaashidhoo,shallow_lagoon_perc,31.34
Kademat,shallow_lagoon_perc,17.95
Kalpeni,shallow_lagoon_perc,24.6
Kapingamarangi,shallow_lagoon_perc,1.16
Katiu,shallow_lagoon_perc,14.51
Kauehi,shallow_lagoon_perc,16.5
Kaukura,shallow_lagoon_perc,28.2
Kavaratti,shallow_lagoon_perc,22.24
Kilinailau,shallow_lagoon_perc,5.84
Kiltan,shallow_lagoon_perc,4.32
Kiritimati,shallow_lagoon_perc,35.0
Kolhumadulu,shallow_lagoon_perc,12.88
Kuop,shallow_lagoon_perc,16.56
Kure,shallow_lagoon_perc,60.42
Kuria,shallow_lagoon_perc,0.97
Kurimarau,shallow_lagoon_perc,29.02
Kwajalein,shallow_lagoon_perc,8.34
Lae,shallow_lagoon_perc,9.18
Lamotrek,shallow_lagoon_perc,2.17
Laualau,shallow_lagoon_perc,8.47
Laysan,shallow_lagoon_perc,0.0
Leli,shallow_lagoon_perc,5.04
Lib,shallow_lagoon_perc,0.0
Lihou,shallow_lagoon_perc,2.62
Likiep,shallow_lagoon_perc,12.08
Liot,shallow_lagoon_perc,0.27
Lisianski,shallow_lagoon_perc,9.89
Long_Reef,shallow_lagoon_perc,24.54
Loraine_Anobat,shallow_lagoon_perc,4.0
Losap,shallow_lagoon_perc,4.11
Losiep,shallow_lagoon_perc,3.92
Lukunor,shallow_lagoon_perc,3.29
Mabui,shallow_lagoon_perc,23.76
Maiana,shallow_lagoon_perc,52.23
Majuro,shallow_lagoon_perc,1.96
Makemo,shallow_lagoon_perc,12.32
Makin,shallow_lagoon_perc,0.14
Makunudhoo,shallow_lagoon_perc,9.16
Malden,shallow_lagoon_perc,1.0
Maloelap,shallow_lagoon_perc,12.74
Malum,shallow_lagoon_perc,15.86
Manihi,shallow_lagoon_perc,5.72
Manihiki,shallow_lagoon_perc,11.15
Manra,shallow_lagoon_perc,0.0
Manuae,shallow_lagoon_perc,39.63
Manuhangi,shallow_lagoon_perc,0.0
Marakei,shallow_lagoon_perc,41.25
Maria,shallow_lagoon_perc,33.3
Maria_Est,shallow_lagoon_perc,19.04
Marokau,shallow_lagoon_perc,13.04
Marutea_Nord,shallow_lagoon_perc,26.5
Marutea_Sud,shallow_lagoon_perc,11.53
Mataiva,shallow_lagoon_perc,33.62
Matureivavao,shallow_lagoon_perc,7.26
Maupihaa,shallow_lagoon_perc,19.56
Mellish,shallow_lagoon_perc,49.59
Midway,shallow_lagoon_perc,36.96
Mili,shallow_lagoon_perc,9.9
Minicoy,shallow_lagoon_perc,20.33
Mokil,shallow_lagoon_perc,5.38
Morane,shallow_lagoon_perc,12.89
Moruroa,shallow_lagoon_perc,10.37
Motu_One,shallow_lagoon_perc,9.74
Motutunga,shallow_lagoon_perc,9.12
Mulaku,shallow_lagoon_perc,10.08
Murilo,shallow_lagoon_perc,3.31
Namoluk,shallow_lagoon_perc,5.84
Namonuito,shallow_lagoon_perc,9.27
Namorik,shallow_lagoon_perc,11.35
Namu,shallow_lagoon_perc,8.83
Nanumanga,shallow_lagoon_perc,0.0
Nanumea,shallow_lagoon_perc,0.52
Napuka,shallow_lagoon_perc,3.19
Nengonengo,shallow_lagoon_perc,7.0
Ngcheangel,shallow_lagoon_perc,31.31
Ngulu,shallow_lagoon_perc,0.96
Niau,shallow_lagoon_perc,0.0
Nihiru,shallow_lagoon_perc,10.31
Nikumaroro,shallow_lagoon_perc,22.35
Nikunau,shallow_lagoon_perc,6.77
Ninigo,shallow_lagoon_perc,14.66
Nissan,shallow_lagoon_perc,20.48
Niulakita,shallow_lagoon_perc,0.0
Niutao,shallow_lagoon_perc,0.33
Nomwin,shallow_lagoon_perc,6.89
Nonouti,shallow_lagoon_perc,35.08
North_Keeling,shallow_lagoon_perc,6.28
North_Maalhosmadulu,shallow_lagoon_perc,16.65
North_Male,shallow_lagoon_perc,18.28
North_Nilandhe,shallow_lagoon_perc,12.9
North_Tubbataha,shallow_lagoon_perc,4.44
Nuguria,shallow_lagoon_perc,23.77
Nui,shallow_lagoon_perc,7.15
Nukapu,shallow_lagoon_perc,20.03
Nukufetau,shallow_lagoon_perc,4.11
Nukulaelae,shallow_lagoon_perc,13.59
Nukumanu,shallow_lagoon_perc,6.17
Nukumbasanga,shallow_lagoon_perc,0.11
Nukunonu,shallow_lagoon_perc,2.45
Nukuoro,shallow_lagoon_perc,1.38
Nukusemanu,shallow_lagoon_perc,9.35
Nukutepipi,shallow_lagoon_perc,12.51
Numa_Miombilou,shallow_lagoon_perc,17.88
Nupani,shallow_lagoon_perc,14.13
Oeno,shallow_lagoon_perc,38.24
Olimarao,shallow_lagoon_perc,4.57
Onotoa,shallow_lagoon_perc,2.92
Ontong_Java,shallow_lagoon_perc,5.72
Oroluk,shallow_lagoon_perc,5.4
Orona,shallow_lagoon_perc,14.88
Pakin,shallow_lagoon_perc,16.71
Palmerston,shallow_lagoon_perc,21.59
Palmyra,shallow_lagoon_perc,18.12
Paraoa,shallow_lagoon_perc,7.92
Pearl_and_Hermes,shallow_lagoon_perc,14.65
Peremul_Par,shallow_lagoon_perc,32.07
Peros_Banhos,shallow_lagoon_perc,1.28
Pinaki,shallow_lagoon_perc,21.94
Pingelap,shallow_lagoon_perc,0.61
Pinipel,shallow_lagoon_perc,10.96
Platte,shallow_lagoon_perc,0.38
Providence,shallow_lagoon_perc,24.49
Pukapuka,shallow_lagoon_perc,9.6
Puka-Puka,shallow_lagoon_perc,0.04
Pukarua,shallow_lagoon_perc,2.45
Pulap,shallow_lagoon_perc,0.78
Pulusuk,shallow_lagoon_perc,0.0
Puluwat,shallow_lagoon_perc,10.61
Qelelevu,shallow_lagoon_perc,33.54
Rakahanga,shallow_lagoon_perc,13.94
Rangiroa,shallow_lagoon_perc,10.45
Raraka,shallow_lagoon_perc,21.84
Raroia,shallow_lagoon_perc,11.34
Rasdhoo,shallow_lagoon_perc,23.91
Ravahere,shallow_lagoon_perc,17.89
Reao,shallow_lagoon_perc,5.33
Redlick,shallow_lagoon_perc,17.83
Reitoru,shallow_lagoon_perc,25.01
Rekareka,shallow_lagoon_perc,14.79
Rongelap,shallow_lagoon_perc,21.26
Rongerik,shallow_lagoon_perc,14.88
Rose,shallow_lagoon_perc,10.1
Rowa,shallow_lagoon_perc,9.87
Saloman,shallow_lagoon_perc,3.85
Sama,shallow_lagoon_perc,0.04
Samasuma,shallow_lagoon_perc,2.59
Sapwuahfik,shallow_lagoon_perc,8.61
Satawan,shallow_lagoon_perc,11.22
Scilly,shallow_lagoon_perc,27.69
Sikaiana,shallow_lagoon_perc,13.65
Sorol,shallow_lagoon_perc,5.15
South_Keeling,shallow_lagoon_perc,24.04
South_Maalhosmadulu,shallow_lagoon_perc,21.9
South_Male,shallow_lagoon_perc,15.09
South_Nilandhe,shallow_lagoon_perc,11.48
South_Tubbataha,shallow_lagoon_perc,4.88
St_Francois,shallow_lagoon_perc,19.66
St_Joseph,shallow_lagoon_perc,24.06
Starbuck,shallow_lagoon_perc,0.0
Suheli_Par,shallow_lagoon_perc,44.26
Surprise,shallow_lagoon_perc,15.93
Suwarrow,shallow_lagoon_perc,4.13
Swains,shallow_lagoon_perc,0.0
Tabiteuea,shallow_lagoon_perc,29.09
Tabuaeran,shallow_lagoon_perc,45.85
Taenga,shallow_lagoon_perc,9.45
Tahanea,shallow_lagoon_perc,15.44
Taiaro,shallow_lagoon_perc,0.0
Taka,shallow_lagoon_perc,8.47
Takapoto,shallow_lagoon_perc,10.26
Takaroa,shallow_lagoon_perc,4.51
Takume,shallow_lagoon_perc,3.82
Takuu,shallow_lagoon_perc,5.96
Tarawa,shallow_lagoon_perc,28.74
Tatakoto,shallow_lagoon_perc,4.16
Tauere,shallow_lagoon_perc,9.24
Tekokota,shallow_lagoon_perc,40.55
Temitangi,shallow_lagoon_perc,9.27
Temoe,shallow_lagoon_perc,3.5
Tenararo,shallow_lagoon_perc,0.0
Tenaruga,shallow_lagoon_perc,0.0
Tepoto,shallow_lagoon_perc,17.22
Teraina,shallow_lagoon_perc,0.0
Tetiaroa,shallow_lagoon_perc,28.45
Thiladhunmathi,shallow_lagoon_perc,21.81
Thoddoo,shallow_lagoon_perc,23.25
Tikehau,shallow_lagoon_perc,9.81
Tilianu,shallow_lagoon_perc,0.0
Toau,shallow_lagoon_perc,8.56
Tongareva,shallow_lagoon_perc,13.57
Torlesse,shallow_lagoon_perc,14.22
Tuanake,shallow_lagoon_perc,16.65
Tupai,shallow_lagoon_perc,35.39
Tureia,shallow_lagoon_perc,15.95
Ujae,shallow_lagoon_perc,14.38
Ujelang,shallow_lagoon_perc,7.6
Ulithi,shallow_lagoon_perc,4.88
Utirik,shallow_lagoon_perc,18.5
Vahanga,shallow_lagoon_perc,0.0
Vahitahi,shallow_lagoon_perc,4.35
Vairaatea,shallow_lagoon_perc,3.51
Vaitupu,shallow_lagoon_perc,0.2
Vanavana,shallow_lagoon_perc,0.0
Vattaru,shallow_lagoon_perc,12.32
Wailagilala,shallow_lagoon_perc,20.36
Wake,shallow_lagoon_perc,46.5
West_Fayu,shallow_lagoon_perc,9.21
Willis,shallow_lagoon_perc,10.12
Woleai,shallow_lagoon_perc,13.78
Wotho,shallow_lagoon_perc,20.56
Wotje,shallow_lagoon_perc,13.2
Zohhoiiyoru,shallow_lagoon_perc,5.49
Abaiang,deep_lagoon_kmsq,15.64
Abariringa,deep_lagoon_kmsq,8.3
Abemama,deep_lagoon_kmsq,9.92
Addu,deep_lagoon_kmsq,2.44
Agatti,deep_lagoon_kmsq,0.01
Ahe,deep_lagoon_kmsq,1.95
Ahunui,deep_lagoon_kmsq,0.0
Ailinginae,deep_lagoon_kmsq,1.47
Ailinglaplap,deep_lagoon_kmsq,6.42
Ailuk,deep_lagoon_kmsq,4.79
Aldabra,deep_lagoon_kmsq,3.32
Alphonse,deep_lagoon_kmsq,3.36
Amanu,deep_lagoon_kmsq,1.64
Anaa,deep_lagoon_kmsq,12.9
Analtin,deep_lagoon_kmsq,1.17
Ant,deep_lagoon_kmsq,1.81
Anuanuraro,deep_lagoon_kmsq,0.92
Anuanurunga,deep_lagoon_kmsq,0.47
Apataki,deep_lagoon_kmsq,2.99
Aranuka,deep_lagoon_kmsq,2.8
Aratika,deep_lagoon_kmsq,2.04
Ari,deep_lagoon_kmsq,13.16
Arno,deep_lagoon_kmsq,10.72
Arutua,deep_lagoon_kmsq,5.0
Ashmore,deep_lagoon_kmsq,47.57
Astove,deep_lagoon_kmsq,0.0
Atafu,deep_lagoon_kmsq,1.21
Aur,deep_lagoon_kmsq,1.76
Awin,deep_lagoon_kmsq,0.4
Bangaram,deep_lagoon_kmsq,0.81
Beautemps-Beaupre,deep_lagoon_kmsq,6.4
Bellona,deep_lagoon_kmsq,0.13
Beru,deep_lagoon_kmsq,1.13
Bikar,deep_lagoon_kmsq,0.82
Bikini,deep_lagoon_kmsq,2.34
Birnie,deep_lagoon_kmsq,0.0
Bitra_Par,deep_lagoon_kmsq,0.27
Bokaak,deep_lagoon_kmsq,6.41
Bramble_Haven,deep_lagoon_kmsq,0.53
Budibudi,deep_lagoon_kmsq,0.05
Butaritari,deep_lagoon_kmsq,14.53
Byramgore,deep_lagoon_kmsq,3.84
Caroline,deep_lagoon_kmsq,0.94
Cato,deep_lagoon_kmsq,0.0
Cherbaniani,deep_lagoon_kmsq,2.45
Chesterfield,deep_lagoon_kmsq,0.3
Chetlat,deep_lagoon_kmsq,0.05
Clipperton,deep_lagoon_kmsq,0.0
Conflict,deep_lagoon_kmsq,0.87
Cosmoledo,deep_lagoon_kmsq,14.36
Desroches,deep_lagoon_kmsq,0.15
Diego_Garcia,deep_lagoon_kmsq,16.63
Ducie,deep_lagoon_kmsq,0.09
Eauripik,deep_lagoon_kmsq,0.5
Ebon,deep_lagoon_kmsq,0.93
Egmont,deep_lagoon_kmsq,2.32
Egum,deep_lagoon_kmsq,1.26
Elato,deep_lagoon_kmsq,0.88
Enderbury,deep_lagoon_kmsq,0.0
Eniwetok,deep_lagoon_kmsq,13.42
Erikub,deep_lagoon_kmsq,6.0
Etal,deep_lagoon_kmsq,0.16
Europa,deep_lagoon_kmsq,0.0
Faadhippolhu,deep_lagoon_kmsq,4.64
Faaite,deep_lagoon_kmsq,11.44
Fakahina,deep_lagoon_kmsq,0.0
Fakaofo,deep_lagoon_kmsq,1.0
Fakarava,deep_lagoon_kmsq,7.83
Fangatau,deep_lagoon_kmsq,0.0
Fangataufa,deep_lagoon_kmsq,1.28
Faraulep,deep_lagoon_kmsq,0.42
Farquhar,deep_lagoon_kmsq,27.82
Fasdhuthere,deep_lagoon_kmsq,1.13
Felidhu,deep_lagoon_kmsq,39.36
French_Frigate_Shoals,deep_lagoon_kmsq,353.62
Funafuti,deep_lagoon_kmsq,1.98
Fuvahmulah,deep_lagoon_kmsq,0.01
Gaafaru,deep_lagoon_kmsq,1.96
Glorioso,deep_lagoon_kmsq,2.35
Goidhoo,deep_lagoon_kmsq,0.76
Great_Chagos_Bank,deep_lagoon_kmsq,5.08
Haddhunmathi,deep_lagoon_kmsq,3.19
Hao,deep_lagoon_kmsq,6.49
Haraiki,deep_lagoon_kmsq,1.69
Helen,deep_lagoon_kmsq,2.19
Hereheretue,deep_lagoon_kmsq,1.25
Hikueru,deep_lagoon_kmsq,0.21
Hiti,deep_lagoon_kmsq,0.72
Huon,deep_lagoon_kmsq,3.6
Huvadhu,deep_lagoon_kmsq,9.81
Ifalik,deep_lagoon_kmsq,1.29
Ihavandhippolu,deep_lagoon_kmsq,4.29
Jaluit,deep_lagoon_kmsq,25.26
Jemo,deep_lagoon_kmsq,0.45
Johnston,deep_lagoon_kmsq,9.2
Kaashidhoo,deep_lagoon_kmsq,0.08
Kademat,deep_lagoon_kmsq,0.22
Kalpeni,deep_lagoon_kmsq,0.21
Kapingamarangi,deep_lagoon_kmsq,0.61
Katiu,deep_lagoon_kmsq,1.98
Kauehi,deep_lagoon_kmsq,2.21
Kaukura,deep_lagoon_kmsq,46.62
Kavaratti,deep_lagoon_kmsq,0.1
Kilinailau,deep_lagoon_kmsq,2.88
Kiltan,deep_lagoon_kmsq,0.21
Kiritimati,deep_lagoon_kmsq,15.1
Kolhumadulu,deep_lagoon_kmsq,6.03
Kuop,deep_lagoon_kmsq,3.51
Kure,deep_lagoon_kmsq,2.59
Kuria,deep_lagoon_kmsq,0.21
Kurimarau,deep_lagoon_kmsq,0.03
Kwajalein,deep_lagoon_kmsq,12.36
Lae,deep_lagoon_kmsq,0.96
Lamotrek,deep_lagoon_kmsq,0.34
Laualau,deep_lagoon_kmsq,0.0
Laysan,deep_lagoon_kmsq,0.03
Leli,deep_lagoon_kmsq,0.06
Lib,deep_lagoon_kmsq,0.14
Lihou,deep_lagoon_kmsq,0.24
Likiep,deep_lagoon_kmsq,4.04
Liot,deep_lagoon_kmsq,0.0
Lisianski,deep_lagoon_kmsq,74.56
Long_Reef,deep_lagoon_kmsq,25.99
Loraine_Anobat,deep_lagoon_kmsq,0.05
Losap,deep_lagoon_kmsq,1.07
Losiep,deep_lagoon_kmsq,0.01
Lukunor,deep_lagoon_kmsq,0.57
Mabui,deep_lagoon_kmsq,0.0
Maiana,deep_lagoon_kmsq,2.4
Majuro,deep_lagoon_kmsq,5.17
Makemo,deep_lagoon_kmsq,18.36
Makin,deep_lagoon_kmsq,0.32
Makunudhoo,deep_lagoon_kmsq,4.7
Malden,deep_lagoon_kmsq,0.06
Maloelap,deep_lagoon_kmsq,2.09
Malum,deep_lagoon_kmsq,0.04
Manihi,deep_lagoon_kmsq,2.38
Manihiki,deep_lagoon_kmsq,3.93
Manra,deep_lagoon_kmsq,0.0
Manuae,deep_lagoon_kmsq,0.16
Manuhangi,deep_lagoon_kmsq,0.0
Marakei,deep_lagoon_kmsq,0.39
Maria,deep_lagoon_kmsq,0.0
Maria_Est,deep_lagoon_kmsq,0.57
Marokau,deep_lagoon_kmsq,4.51
Marutea_Nord,deep_lagoon_kmsq,18.05
Marutea_Sud,deep_lagoon_kmsq,1.69
Mataiva,deep_lagoon_kmsq,6.03
Matureivavao,deep_lagoon_kmsq,0.86
Maupihaa,deep_lagoon_kmsq,1.35
Mellish,deep_lagoon_kmsq,0.0
Midway,deep_lagoon_kmsq,6.89
Mili,deep_lagoon_kmsq,13.45
Minicoy,deep_lagoon_kmsq,1.24
Mokil,deep_lagoon_kmsq,0.01
Morane,deep_lagoon_kmsq,0.11
Moruroa,deep_lagoon_kmsq,1.92
Motu_One,deep_lagoon_kmsq,0.02
Motutunga,deep_lagoon_kmsq,1.27
Mulaku,deep_lagoon_kmsq,7.98
Murilo,deep_lagoon_kmsq,7.34
Namoluk,deep_lagoon_kmsq,0.49
Namonuito,deep_lagoon_kmsq,3.27
Namorik,deep_lagoon_kmsq,0.4
Namu,deep_lagoon_kmsq,5.34
Nanumanga,deep_lagoon_kmsq,0.31
Nanumea,deep_lagoon_kmsq,0.02
Napuka,deep_lagoon_kmsq,4.71
Nengonengo,deep_lagoon_kmsq,1.23
Ngcheangel,deep_lagoon_kmsq,0.45
Ngulu,deep_lagoon_kmsq,1.0
Niau,deep_lagoon_kmsq,0.0
Nihiru,deep_lagoon_kmsq,4.4
Nikumaroro,deep_lagoon_kmsq,2.31
Nikunau,deep_lagoon_kmsq,0.19
Ninigo,deep_lagoon_kmsq,6.49
Nissan,deep_lagoon_kmsq,0.64
Niulakita,deep_lagoon_kmsq,0.09
Niutao,deep_lagoon_kmsq,0.0
Nomwin,deep_lagoon_kmsq,5.59
Nonouti,deep_lagoon_kmsq,24.14
North_Keeling,deep_lagoon_kmsq,0.53
North_Maalhosmadulu,deep_lagoon_kmsq,5.21
North_Male,deep_lagoon_kmsq,19.96
North_Nilandhe,deep_lagoon_kmsq,3.6
North_Tubbataha,deep_lagoon_kmsq,4.88
Nuguria,deep_lagoon_kmsq,0.17
Nui,deep_lagoon_kmsq,0.02
Nukapu,deep_lagoon_kmsq,0.01
Nukufetau,deep_lagoon_kmsq,0.31
Nukulaelae,deep_lagoon_kmsq,0.89
Nukumanu,deep_lagoon_kmsq,0.63
Nukumbasanga,deep_lagoon_kmsq,0.32
Nukunonu,deep_lagoon_kmsq,0.36
Nukuoro,deep_lagoon_kmsq,0.38
Nukusemanu,deep_lagoon_kmsq,1.28
Nukutepipi,deep_lagoon_kmsq,0.02
Numa_Miombilou,deep_lagoon_kmsq,4.78
Nupani,deep_lagoon_kmsq,0.05
Oeno,deep_lagoon_kmsq,0.03
Olimarao,deep_lagoon_kmsq,0.18
Onotoa,deep_lagoon_kmsq,0.29
Ontong_Java,deep_lagoon_kmsq,0.34
Oroluk,deep_lagoon_kmsq,0.98
Orona,deep_lagoon_kmsq,5.57
Pakin,deep_lagoon_kmsq,0.75
Palmerston,deep_lagoon_kmsq,2.1
Palmyra,deep_lagoon_kmsq,1.17
Paraoa,deep_lagoon_kmsq,0.13
Pearl_and_Hermes,deep_lagoon_kmsq,107.54
Peremul_Par,deep_lagoon_kmsq,3.61
Peros_Banhos,deep_lagoon_kmsq,2.45
Pinaki,deep_lagoon_kmsq,0.01
Pingelap,deep_lagoon_kmsq,0.04
Pinipel,deep_lagoon_kmsq,0.02
Platte,deep_lagoon_kmsq,2.57
Providence,deep_lagoon_kmsq,14.06
Pukapuka,deep_lagoon_kmsq,1.91
Puka-Puka,deep_lagoon_kmsq,0.0
Pukarua,deep_lagoon_kmsq,1.08
Pulap,deep_lagoon_kmsq,0.31
Pulusuk,deep_lagoon_kmsq,0.84
Puluwat,deep_lagoon_kmsq,0.32
Qelelevu,deep_lagoon_kmsq,4.92
Rakahanga,deep_lagoon_kmsq,0.56
Rangiroa,deep_lagoon_kmsq,20.7
Raraka,deep_lagoon_kmsq,4.12
Raroia,deep_lagoon_kmsq,4.49
Rasdhoo,deep_lagoon_kmsq,2.14
Ravahere,deep_lagoon_kmsq,4.99
Reao,deep_lagoon_kmsq,3.71
Redlick,deep_lagoon_kmsq,0.37
Reitoru,deep_lagoon_kmsq,2.07
Rekareka,deep_lagoon_kmsq,0.0
Rongelap,deep_lagoon_kmsq,3.26
Rongerik,deep_lagoon_kmsq,4.73
Rose,deep_lagoon_kmsq,0.01
Rowa,deep_lagoon_kmsq,0.1
Saloman,deep_lagoon_kmsq,0.72
Sama,deep_lagoon_kmsq,0.08
Samasuma,deep_lagoon_kmsq,0.05
Sapwuahfik,deep_lagoon_kmsq,1.0
Satawan,deep_lagoon_kmsq,2.29
Scilly,deep_lagoon_kmsq,0.92
Sikaiana,deep_lagoon_kmsq,0.0
Sorol,deep_lagoon_kmsq,0.91
South_Keeling,deep_lagoon_kmsq,3.88
South_Maalhosmadulu,deep_lagoon_kmsq,10.7
South_Male,deep_lagoon_kmsq,7.17
South_Nilandhe,deep_lagoon_kmsq,6.43
South_Tubbataha,deep_lagoon_kmsq,0.06
St_Francois,deep_lagoon_kmsq,2.27
St_Joseph,deep_lagoon_kmsq,0.0
Starbuck,deep_lagoon_kmsq,0.0
Suheli_Par,deep_lagoon_kmsq,3.32
Surprise,deep_lagoon_kmsq,5.3
Suwarrow,deep_lagoon_kmsq,1.38
Swains,deep_lagoon_kmsq,0.0
Tabiteuea,deep_lagoon_kmsq,33.17
Tabuaeran,deep_lagoon_kmsq,19.62
Taenga,deep_lagoon_kmsq,1.43
Tahanea,deep_lagoon_kmsq,11.44
Taiaro,deep_lagoon_kmsq,0.0
Taka,deep_lagoon_kmsq,2.03
Takapoto,deep_lagoon_kmsq,1.97
Takaroa,deep_lagoon_kmsq,4.61
Takume,deep_lagoon_kmsq,1.62
Takuu,deep_lagoon_kmsq,0.0
Tarawa,deep_lagoon_kmsq,16.04
Tatakoto,deep_lagoon_kmsq,0.31
Tauere,deep_lagoon_kmsq,0.21
Tekokota,deep_lagoon_kmsq,0.59
Temitangi,deep_lagoon_kmsq,0.17
Temoe,deep_lagoon_kmsq,3.37
Tenararo,deep_lagoon_kmsq,0.2
Tenaruga,deep_lagoon_kmsq,0.0
Tepoto,deep_lagoon_kmsq,0.31
Teraina,deep_lagoon_kmsq,0.0
Tetiaroa,deep_lagoon_kmsq,3.94
Thiladhunmathi,deep_lagoon_kmsq,11.19
Thoddoo,deep_lagoon_kmsq,0.0
Tikehau,deep_lagoon_kmsq,11.11
Tilianu,deep_lagoon_kmsq,0.07
Toau,deep_lagoon_kmsq,10.26
Tongareva,deep_lagoon_kmsq,7.62
Torlesse,deep_lagoon_kmsq,0.0
Tuanake,deep_lagoon_kmsq,1.27
Tupai,deep_lagoon_kmsq,2.47
Tureia,deep_lagoon_kmsq,1.1
Ujae,deep_lagoon_kmsq,2.58
Ujelang,deep_lagoon_kmsq,1.08
Ulithi,deep_lagoon_kmsq,6.45
Utirik,deep_lagoon_kmsq,1.4
Vahanga,deep_lagoon_kmsq,0.0
Vahitahi,deep_lagoon_kmsq,1.02
Vairaatea,deep_lagoon_kmsq,0.86
Vaitupu,deep_lagoon_kmsq,0.0
Vanavana,deep_lagoon_kmsq,0.0
Vattaru,deep_lagoon_kmsq,0.78
Wailagilala,deep_lagoon_kmsq,0.36
Wake,deep_lagoon_kmsq,0.44
West_Fayu,deep_lagoon_kmsq,0.53
Willis,deep_lagoon_kmsq,0.02
Woleai,deep_lagoon_kmsq,2.25
Wotho,deep_lagoon_kmsq,2.47
Wotje,deep_lagoon_kmsq,8.66
Zohhoiiyoru,deep_lagoon_kmsq,0.46
Abaiang,deep_lagoon_perc,7.24
Abariringa,deep_lagoon_perc,15.42
Abemama,deep_lagoon_perc,6.79
Addu,deep_lagoon_perc,4.97
Agatti,deep_lagoon_perc,0.06
Ahe,deep_lagoon_perc,8.62
Ahunui,deep_lagoon_perc,0.0
Ailinginae,deep_lagoon_perc,2.44
Ailinglaplap,deep_lagoon_perc,6.53
Ailuk,deep_lagoon_perc,7.29
Aldabra,deep_lagoon_perc,1.51
Alphonse,deep_lagoon_perc,17.62
Amanu,deep_lagoon_perc,6.92
Anaa,deep_lagoon_perc,23.04
Analtin,deep_lagoon_perc,3.39
Ant,deep_lagoon_perc,6.61
Anuanuraro,deep_lagoon_perc,14.15
Anuanurunga,deep_lagoon_perc,15.18
Apataki,deep_lagoon_perc,5.66
Aranuka,deep_lagoon_perc,4.95
Aratika,deep_lagoon_perc,8.33
Ari,deep_lagoon_perc,4.83
Arno,deep_lagoon_perc,9.19
Arutua,deep_lagoon_perc,7.28
Ashmore,deep_lagoon_perc,21.35
Astove,deep_lagoon_perc,0.0
Atafu,deep_lagoon_perc,8.89
Aur,deep_lagoon_perc,3.95
Awin,deep_lagoon_perc,5.69
Bangaram,deep_lagoon_perc,1.83
Beautemps-Beaupre,deep_lagoon_perc,32.11
Bellona,deep_lagoon_perc,0.13
Beru,deep_lagoon_perc,2.6
Bikar,deep_lagoon_perc,1.67
Bikini,deep_lagoon_perc,2.11
Birnie,deep_lagoon_perc,0.0
Bitra_Par,deep_lagoon_perc,0.41
Bokaak,deep_lagoon_perc,6.83
Bramble_Haven,deep_lagoon_perc,0.97
Budibudi,deep_lagoon_perc,0.45
Butaritari,deep_lagoon_perc,8.0
Byramgore,deep_lagoon_perc,3.83
Caroline,deep_lagoon_perc,6.28
Cato,deep_lagoon_perc,0.0
Cherbaniani,deep_lagoon_perc,5.13
Chesterfield,deep_lagoon_perc,0.12
Chetlat,deep_lagoon_perc,0.98
Clipperton,deep_lagoon_perc,0.0
Conflict,deep_lagoon_perc,1.84
Cosmoledo,deep_lagoon_perc,10.29
Desroches,deep_lagoon_perc,0.37
Diego_Garcia,deep_lagoon_perc,22.98
Ducie,deep_lagoon_perc,2.42
Eauripik,deep_lagoon_perc,3.56
Ebon,deep_lagoon_perc,3.13
Egmont,deep_lagoon_perc,8.68
Egum,deep_lagoon_perc,3.18
Elato,deep_lagoon_perc,6.45
Enderbury,deep_lagoon_perc,0.0
Eniwetok,deep_lagoon_perc,9.19
Erikub,deep_lagoon_perc,11.67
Etal,deep_lagoon_perc,1.78
Europa,deep_lagoon_perc,0.0
Faadhippolhu,deep_lagoon_perc,4.11
Faaite,deep_lagoon_perc,10.82
Fakahina,deep_lagoon_perc,0.0
Fakaofo,deep_lagoon_perc,3.44
Fakarava,deep_lagoon_perc,5.71
Fangatau,deep_lagoon_perc,0.0
Fangataufa,deep_lagoon_perc,7.42
Faraulep,deep_lagoon_perc,5.67
Farquhar,deep_lagoon_perc,16.55
Fasdhuthere,deep_lagoon_perc,4.72
Felidhu,deep_lagoon_perc,20.75
French_Frigate_Shoals,deep_lagoon_perc,76.95
Funafuti,deep_lagoon_perc,4.6
Fuvahmulah,deep_lagoon_perc,0.26
Gaafaru,deep_lagoon_perc,6.93
Glorioso,deep_lagoon_perc,4.61
Goidhoo,deep_lagoon_perc,1.66
Great_Chagos_Bank,deep_lagoon_perc,8.63
Haddhunmathi,deep_lagoon_perc,2.17
Hao,deep_lagoon_perc,10.46
Haraiki,deep_lagoon_perc,10.44
Helen,deep_lagoon_perc,2.87
Hereheretue,deep_lagoon_perc,7.33
Hikueru,deep_lagoon_perc,2.36
Hiti,deep_lagoon_perc,7.14
Huon,deep_lagoon_perc,6.72
Huvadhu,deep_lagoon_perc,3.07
Ifalik,deep_lagoon_perc,21.11
Ihavandhippolu,deep_lagoon_perc,5.12
Jaluit,deep_lagoon_perc,13.82
Jemo,deep_lagoon_perc,21.29
Johnston,deep_lagoon_perc,37.68
Kaashidhoo,deep_lagoon_perc,1.32
Kademat,deep_lagoon_perc,0.83
Kalpeni,deep_lagoon_perc,0.75
Kapingamarangi,deep_lagoon_perc,2.48
Katiu,deep_lagoon_perc,6.31
Kauehi,deep_lagoon_perc,9.37
Kaukura,deep_lagoon_perc,23.07
Kavaratti,deep_lagoon_perc,1.34
Kilinailau,deep_lagoon_perc,3.93
Kiltan,deep_lagoon_perc,4.68
Kiritimati,deep_lagoon_perc,11.68
Kolhumadulu,deep_lagoon_perc,3.62
Kuop,deep_lagoon_perc,9.81
Kure,deep_lagoon_perc,4.81
Kuria,deep_lagoon_perc,1.06
Kurimarau,deep_lagoon_perc,1.2
Kwajalein,deep_lagoon_perc,4.99
Lae,deep_lagoon_perc,7.34
Lamotrek,deep_lagoon_perc,3.47
Laualau,deep_lagoon_perc,0.05
Laysan,deep_lagoon_perc,2.66
Leli,deep_lagoon_perc,0.95
Lib,deep_lagoon_perc,12.19
Lihou,deep_lagoon_perc,0.19
Likiep,deep_lagoon_perc,4.76
Liot,deep_lagoon_perc,0.0
Lisianski,deep_lagoon_perc,57.81
Long_Reef,deep_lagoon_perc,8.05
Loraine_Anobat,deep_lagoon_perc,4.65
Losap,deep_lagoon_perc,6.36
Losiep,deep_lagoon_perc,0.17
Lukunor,deep_lagoon_perc,3.43
Mabui,deep_lagoon_perc,0.0
Maiana,deep_lagoon_perc,1.65
Majuro,deep_lagoon_perc,7.58
Makemo,deep_lagoon_perc,13.2
Makin,deep_lagoon_perc,3.85
Makunudhoo,deep_lagoon_perc,4.99
Malden,deep_lagoon_perc,2.39
Maloelap,deep_lagoon_perc,2.14
Malum,deep_lagoon_perc,0.24
Manihi,deep_lagoon_perc,11.01
Manihiki,deep_lagoon_perc,29.83
Manra,deep_lagoon_perc,0.0
Manuae,deep_lagoon_perc,1.16
Manuhangi,deep_lagoon_perc,0.0
Marakei,deep_lagoon_perc,1.6
Maria,deep_lagoon_perc,0.0
Maria_Est,deep_lagoon_perc,13.71
Marokau,deep_lagoon_perc,11.13
Marutea_Nord,deep_lagoon_perc,17.23
Marutea_Sud,deep_lagoon_perc,7.37
Mataiva,deep_lagoon_perc,19.76
Matureivavao,deep_lagoon_perc,14.13
Maupihaa,deep_lagoon_perc,6.64
Mellish,deep_lagoon_perc,0.01
Midway,deep_lagoon_perc,11.35
Mili,deep_lagoon_perc,8.66
Minicoy,deep_lagoon_perc,3.27
Mokil,deep_lagoon_perc,0.11
Morane,deep_lagoon_perc,1.75
Moruroa,deep_lagoon_perc,6.1
Motu_One,deep_lagoon_perc,0.21
Motutunga,deep_lagoon_perc,3.69
Mulaku,deep_lagoon_perc,4.83
Murilo,deep_lagoon_perc,14.42
Namoluk,deep_lagoon_perc,6.76
Namonuito,deep_lagoon_perc,11.59
Namorik,deep_lagoon_perc,2.82
Namu,deep_lagoon_perc,5.64
Nanumanga,deep_lagoon_perc,12.08
Nanumea,deep_lagoon_perc,0.11
Napuka,deep_lagoon_perc,26.06
Nengonengo,deep_lagoon_perc,7.34
Ngcheangel,deep_lagoon_perc,2.45
Ngulu,deep_lagoon_perc,2.28
Niau,deep_lagoon_perc,0.0
Nihiru,deep_lagoon_perc,13.4
Nikumaroro,deep_lagoon_perc,26.15
Nikunau,deep_lagoon_perc,1.77
Ninigo,deep_lagoon_perc,5.22
Nissan,deep_lagoon_perc,4.61
Niulakita,deep_lagoon_perc,1.38
Niutao,deep_lagoon_perc,0.0
Nomwin,deep_lagoon_perc,11.7
Nonouti,deep_lagoon_perc,5.41
North_Keeling,deep_lagoon_perc,31.77
North_Maalhosmadulu,deep_lagoon_perc,3.21
North_Male,deep_lagoon_perc,9.2
North_Nilandhe,deep_lagoon_perc,3.08
North_Tubbataha,deep_lagoon_perc,10.86
Nuguria,deep_lagoon_perc,0.2
Nui,deep_lagoon_perc,0.1
Nukapu,deep_lagoon_perc,0.24
Nukufetau,deep_lagoon_perc,1.15
Nukulaelae,deep_lagoon_perc,3.59
Nukumanu,deep_lagoon_perc,1.6
Nukumbasanga,deep_lagoon_perc,5.31
Nukunonu,deep_lagoon_perc,1.65
Nukuoro,deep_lagoon_perc,3.32
Nukusemanu,deep_lagoon_perc,2.06
Nukutepipi,deep_lagoon_perc,0.64
Numa_Miombilou,deep_lagoon_perc,5.45
Nupani,deep_lagoon_perc,0.35
Oeno,deep_lagoon_perc,0.28
Olimarao,deep_lagoon_perc,3.28
Onotoa,deep_lagoon_perc,0.97
Ontong_Java,deep_lagoon_perc,0.25
Oroluk,deep_lagoon_perc,1.94
Orona,deep_lagoon_perc,22.28
Pakin,deep_lagoon_perc,5.31
Palmerston,deep_lagoon_perc,7.44
Palmyra,deep_lagoon_perc,4.53
Paraoa,deep_lagoon_perc,2.15
Pearl_and_Hermes,deep_lagoon_perc,34.61
Peremul_Par,deep_lagoon_perc,4.41
Peros_Banhos,deep_lagoon_perc,4.72
Pinaki,deep_lagoon_perc,0.66
Pingelap,deep_lagoon_perc,0.91
Pinipel,deep_lagoon_perc,0.12
Platte,deep_lagoon_perc,6.52
Providence,deep_lagoon_perc,3.38
Pukapuka,deep_lagoon_perc,11.78
Puka-Puka,deep_lagoon_perc,0.0
Pukarua,deep_lagoon_perc,6.26
Pulap,deep_lagoon_perc,3.57
Pulusuk,deep_lagoon_perc,25.81
Puluwat,deep_lagoon_perc,8.1
Qelelevu,deep_lagoon_perc,8.68
Rakahanga,deep_lagoon_perc,13.6
Rangiroa,deep_lagoon_perc,12.95
Raraka,deep_lagoon_perc,13.59
Raroia,deep_lagoon_perc,8.96
Rasdhoo,deep_lagoon_perc,9.41
Ravahere,deep_lagoon_perc,19.75
Reao,deep_lagoon_perc,17.22
Redlick,deep_lagoon_perc,1.51
Reitoru,deep_lagoon_perc,19.52
Rekareka,deep_lagoon_perc,0.0
Rongelap,deep_lagoon_perc,2.22
Rongerik,deep_lagoon_perc,8.63
Rose,deep_lagoon_perc,0.18
Rowa,deep_lagoon_perc,0.4
Saloman,deep_lagoon_perc,4.3
Sama,deep_lagoon_perc,1.27
Samasuma,deep_lagoon_perc,0.55
Sapwuahfik,deep_lagoon_perc,2.33
Satawan,deep_lagoon_perc,3.92
Scilly,deep_lagoon_perc,2.99
Sikaiana,deep_lagoon_perc,0.0
Sorol,deep_lagoon_perc,7.52
South_Keeling,deep_lagoon_perc,3.83
South_Maalhosmadulu,deep_lagoon_perc,7.63
South_Male,deep_lagoon_perc,5.99
South_Nilandhe,deep_lagoon_perc,5.01
South_Tubbataha,deep_lagoon_perc,0.4
St_Francois,deep_lagoon_perc,3.63
St_Joseph,deep_lagoon_perc,0.0
Starbuck,deep_lagoon_perc,0.11
Suheli_Par,deep_lagoon_perc,3.83
Surprise,deep_lagoon_perc,6.87
Suwarrow,deep_lagoon_perc,3.66
Swains,deep_lagoon_perc,0.0
Tabiteuea,deep_lagoon_perc,6.34
Tabuaeran,deep_lagoon_perc,16.17
Taenga,deep_lagoon_perc,5.53
Tahanea,deep_lagoon_perc,10.82
Taiaro,deep_lagoon_perc,0.0
Taka,deep_lagoon_perc,4.18
Takapoto,deep_lagoon_perc,11.58
Takaroa,deep_lagoon_perc,18.51
Takume,deep_lagoon_perc,7.22
Takuu,deep_lagoon_perc,0.02
Tarawa,deep_lagoon_perc,6.07
Tatakoto,deep_lagoon_perc,1.38
Tauere,deep_lagoon_perc,2.36
Tekokota,deep_lagoon_perc,8.43
Temitangi,deep_lagoon_perc,1.42
Temoe,deep_lagoon_perc,27.4
Tenararo,deep_lagoon_perc,7.13
Tenaruga,deep_lagoon_perc,0.0
Tepoto,deep_lagoon_perc,10.7
Teraina,deep_lagoon_perc,0.0
Tetiaroa,deep_lagoon_perc,15.03
Thiladhunmathi,deep_lagoon_perc,5.19
Thoddoo,deep_lagoon_perc,0.01
Tikehau,deep_lagoon_perc,18.03
Tilianu,deep_lagoon_perc,15.02
Toau,deep_lagoon_perc,8.74
Tongareva,deep_lagoon_perc,15.18
Torlesse,deep_lagoon_perc,0.02
Tuanake,deep_lagoon_perc,12.89
Tupai,deep_lagoon_perc,14.45
Tureia,deep_lagoon_perc,12.55
Ujae,deep_lagoon_perc,3.82
Ujelang,deep_lagoon_perc,3.08
Ulithi,deep_lagoon_perc,10.14
Utirik,deep_lagoon_perc,3.56
Vahanga,deep_lagoon_perc,0.0
Vahitahi,deep_lagoon_perc,8.39
Vairaatea,deep_lagoon_perc,11.61
Vaitupu,deep_lagoon_perc,0.05
Vanavana,deep_lagoon_perc,0.0
Vattaru,deep_lagoon_perc,5.66
Wailagilala,deep_lagoon_perc,3.06
Wake,deep_lagoon_perc,3.18
West_Fayu,deep_lagoon_perc,6.32
Willis,deep_lagoon_perc,0.03
Woleai,deep_lagoon_perc,11.8
Wotho,deep_lagoon_perc,4.98
Wotje,deep_lagoon_perc,8.39
Zohhoiiyoru,deep_lagoon_perc,18.11
Abaiang,coral-algae_kmsq,63.85
Abariringa,coral-algae_kmsq,24.68
Abemama,coral-algae_kmsq,32.04
Addu,coral-algae_kmsq,15.24
Agatti,coral-algae_kmsq,5.16
Ahe,coral-algae_kmsq,4.23
Ahunui,coral-algae_kmsq,0.81
Ailinginae,coral-algae_kmsq,12.22
Ailinglaplap,coral-algae_kmsq,41.34
Ailuk,coral-algae_kmsq,19.04
Aldabra,coral-algae_kmsq,17.51
Alphonse,coral-algae_kmsq,2.57
Amanu,coral-algae_kmsq,3.93
Anaa,coral-algae_kmsq,5.05
Analtin,coral-algae_kmsq,1.98
Ant,coral-algae_kmsq,2.85
Anuanuraro,coral-algae_kmsq,0.29
Anuanurunga,coral-algae_kmsq,0.25
Apataki,coral-algae_kmsq,6.4
Aranuka,coral-algae_kmsq,8.11
Aratika,coral-algae_kmsq,2.81
Ari,coral-algae_kmsq,81.1
Arno,coral-algae_kmsq,42.46
Arutua,coral-algae_kmsq,14.39
Ashmore,coral-algae_kmsq,13.05
Astove,coral-algae_kmsq,2.27
Atafu,coral-algae_kmsq,1.97
Aur,coral-algae_kmsq,17.65
Awin,coral-algae_kmsq,1.15
Bangaram,coral-algae_kmsq,5.4
Beautemps-Beaupre,coral-algae_kmsq,5.32
Bellona,coral-algae_kmsq,22.14
Beru,coral-algae_kmsq,11.12
Bikar,coral-algae_kmsq,4.11
Bikini,coral-algae_kmsq,29.05
Birnie,coral-algae_kmsq,0.79
Bitra_Par,coral-algae_kmsq,23.05
Bokaak,coral-algae_kmsq,12.72
Bramble_Haven,coral-algae_kmsq,6.29
Budibudi,coral-algae_kmsq,1.35
Butaritari,coral-algae_kmsq,53.99
Byramgore,coral-algae_kmsq,41.86
Caroline,coral-algae_kmsq,2.05
Cato,coral-algae_kmsq,1.44
Cherbaniani,coral-algae_kmsq,8.16
Chesterfield,coral-algae_kmsq,53.03
Chetlat,coral-algae_kmsq,2.89
Clipperton,coral-algae_kmsq,0.45
Conflict,coral-algae_kmsq,5.55
Cosmoledo,coral-algae_kmsq,20.01
Desroches,coral-algae_kmsq,15.53
Diego_Garcia,coral-algae_kmsq,17.52
Ducie,coral-algae_kmsq,0.66
Eauripik,coral-algae_kmsq,1.77
Ebon,coral-algae_kmsq,6.77
Egmont,coral-algae_kmsq,7.25
Egum,coral-algae_kmsq,7.33
Elato,coral-algae_kmsq,3.54
Enderbury,coral-algae_kmsq,1.37
Eniwetok,coral-algae_kmsq,41.58
Erikub,coral-algae_kmsq,27.9
Etal,coral-algae_kmsq,1.3
Europa,coral-algae_kmsq,3.75
Faadhippolhu,coral-algae_kmsq,29.24
Faaite,coral-algae_kmsq,8.51
Fakahina,coral-algae_kmsq,0.86
Fakaofo,coral-algae_kmsq,6.32
Fakarava,coral-algae_kmsq,12.87
Fangatau,coral-algae_kmsq,0.91
Fangataufa,coral-algae_kmsq,7.26
Faraulep,coral-algae_kmsq,0.99
Farquhar,coral-algae_kmsq,24.12
Fasdhuthere,coral-algae_kmsq,3.14
Felidhu,coral-algae_kmsq,0.21
French_Frigate_Shoals,coral-algae_kmsq,17.97
Funafuti,coral-algae_kmsq,11.45
Fuvahmulah,coral-algae_kmsq,1.42
Gaafaru,coral-algae_kmsq,3.72
Glorioso,coral-algae_kmsq,2.02
Goidhoo,coral-algae_kmsq,10.39
Great_Chagos_Bank,coral-algae_kmsq,9.58
Haddhunmathi,coral-algae_kmsq,36.28
Hao,coral-algae_kmsq,9.37
Haraiki,coral-algae_kmsq,2.11
Helen,coral-algae_kmsq,9.54
Hereheretue,coral-algae_kmsq,1.73
Hikueru,coral-algae_kmsq,2.53
Hiti,coral-algae_kmsq,0.79
Huon,coral-algae_kmsq,11.76
Huvadhu,coral-algae_kmsq,78.12
Ifalik,coral-algae_kmsq,1.4
Ihavandhippolu,coral-algae_kmsq,22.74
Jaluit,coral-algae_kmsq,63.78
Jemo,coral-algae_kmsq,1.07
Johnston,coral-algae_kmsq,6.84
Kaashidhoo,coral-algae_kmsq,2.13
Kademat,coral-algae_kmsq,8.62
Kalpeni,coral-algae_kmsq,8.21
Kapingamarangi,coral-algae_kmsq,5.11
Katiu,coral-algae_kmsq,3.56
Kauehi,coral-algae_kmsq,2.91
Kaukura,coral-algae_kmsq,5.62
Kavaratti,coral-algae_kmsq,3.91
Kilinailau,coral-algae_kmsq,5.63
Kiltan,coral-algae_kmsq,2.34
Kiritimati,coral-algae_kmsq,32.35
Kolhumadulu,coral-algae_kmsq,31.35
Kuop,coral-algae_kmsq,3.03
Kure,coral-algae_kmsq,5.6
Kuria,coral-algae_kmsq,7.99
Kurimarau,coral-algae_kmsq,0.28
Kwajalein,coral-algae_kmsq,126.91
Lae,coral-algae_kmsq,3.93
Lamotrek,coral-algae_kmsq,1.49
Laualau,coral-algae_kmsq,0.81
Laysan,coral-algae_kmsq,0.21
Leli,coral-algae_kmsq,2.0
Lib,coral-algae_kmsq,0.6
Lihou,coral-algae_kmsq,41.3
Likiep,coral-algae_kmsq,31.57
Liot,coral-algae_kmsq,0.34
Lisianski,coral-algae_kmsq,19.89
Long_Reef,coral-algae_kmsq,34.93
Loraine_Anobat,coral-algae_kmsq,0.69
Losap,coral-algae_kmsq,2.04
Losiep,coral-algae_kmsq,1.54
Lukunor,coral-algae_kmsq,2.54
Mabui,coral-algae_kmsq,0.65
Maiana,coral-algae_kmsq,32.69
Majuro,coral-algae_kmsq,34.63
Makemo,coral-algae_kmsq,14.06
Makin,coral-algae_kmsq,1.95
Makunudhoo,coral-algae_kmsq,28.06
Malden,coral-algae_kmsq,0.94
Maloelap,coral-algae_kmsq,39.1
Malum,coral-algae_kmsq,2.16
Manihi,coral-algae_kmsq,5.81
Manihiki,coral-algae_kmsq,0.58
Manra,coral-algae_kmsq,0.85
Manuae,coral-algae_kmsq,0.5
Manuhangi,coral-algae_kmsq,0.82
Marakei,coral-algae_kmsq,3.44
Maria,coral-algae_kmsq,1.1
Maria_Est,coral-algae_kmsq,0.69
Marokau,coral-algae_kmsq,4.16
Marutea_Nord,coral-algae_kmsq,6.58
Marutea_Sud,coral-algae_kmsq,3.74
Mataiva,coral-algae_kmsq,1.99
Matureivavao,coral-algae_kmsq,1.31
Maupihaa,coral-algae_kmsq,1.64
Mellish,coral-algae_kmsq,2.73
Midway,coral-algae_kmsq,9.43
Mili,coral-algae_kmsq,55.56
Minicoy,coral-algae_kmsq,12.81
Mokil,coral-algae_kmsq,0.53
Morane,coral-algae_kmsq,1.34
Moruroa,coral-algae_kmsq,9.1
Motu_One,coral-algae_kmsq,2.25
Motutunga,coral-algae_kmsq,3.36
Mulaku,coral-algae_kmsq,35.55
Murilo,coral-algae_kmsq,10.82
Namoluk,coral-algae_kmsq,0.75
Namonuito,coral-algae_kmsq,5.92
Namorik,coral-algae_kmsq,3.73
Namu,coral-algae_kmsq,37.97
Nanumanga,coral-algae_kmsq,1.96
Nanumea,coral-algae_kmsq,4.9
Napuka,coral-algae_kmsq,2.2
Nengonengo,coral-algae_kmsq,2.31
Ngcheangel,coral-algae_kmsq,1.73
Ngulu,coral-algae_kmsq,12.69
Niau,coral-algae_kmsq,1.26
Nihiru,coral-algae_kmsq,2.32
Nikumaroro,coral-algae_kmsq,0.8
Nikunau,coral-algae_kmsq,6.18
Ninigo,coral-algae_kmsq,19.96
Nissan,coral-algae_kmsq,3.85
Niulakita,coral-algae_kmsq,3.94
Niutao,coral-algae_kmsq,1.2
Nomwin,coral-algae_kmsq,7.55
Nonouti,coral-algae_kmsq,72.64
North_Keeling,coral-algae_kmsq,0.17
North_Maalhosmadulu,coral-algae_kmsq,45.91
North_Male,coral-algae_kmsq,50.69
North_Nilandhe,coral-algae_kmsq,23.83
North_Tubbataha,coral-algae_kmsq,7.92
Nuguria,coral-algae_kmsq,6.43
Nui,coral-algae_kmsq,2.61
Nukapu,coral-algae_kmsq,0.82
Nukufetau,coral-algae_kmsq,4.61
Nukulaelae,coral-algae_kmsq,3.4
Nukumanu,coral-algae_kmsq,4.52
Nukumbasanga,coral-algae_kmsq,2.44
Nukunonu,coral-algae_kmsq,3.84
Nukuoro,coral-algae_kmsq,1.49
Nukusemanu,coral-algae_kmsq,30.77
Nukutepipi,coral-algae_kmsq,0.43
Numa_Miombilou,coral-algae_kmsq,14.83
Nupani,coral-algae_kmsq,3.38
Oeno,coral-algae_kmsq,0.99
Olimarao,coral-algae_kmsq,1.31
Onotoa,coral-algae_kmsq,16.21
Ontong_Java,coral-algae_kmsq,16.08
Oroluk,coral-algae_kmsq,8.14
Orona,coral-algae_kmsq,3.78
Pakin,coral-algae_kmsq,1.17
Palmerston,coral-algae_kmsq,1.99
Palmyra,coral-algae_kmsq,6.94
Paraoa,coral-algae_kmsq,1.43
Pearl_and_Hermes,coral-algae_kmsq,77.64
Peremul_Par,coral-algae_kmsq,16.31
Peros_Banhos,coral-algae_kmsq,13.01
Pinaki,coral-algae_kmsq,0.44
Pingelap,coral-algae_kmsq,0.65
Pinipel,coral-algae_kmsq,3.31
Platte,coral-algae_kmsq,20.88
Providence,coral-algae_kmsq,103.89
Pukapuka,coral-algae_kmsq,0.92
Puka-Puka,coral-algae_kmsq,0.64
Pukarua,coral-algae_kmsq,3.85
Pulap,coral-algae_kmsq,2.24
Pulusuk,coral-algae_kmsq,0.79
Puluwat,coral-algae_kmsq,0.76
Qelelevu,coral-algae_kmsq,8.28
Rakahanga,coral-algae_kmsq,0.35
Rangiroa,coral-algae_kmsq,18.58
Raraka,coral-algae_kmsq,3.38
Raroia,coral-algae_kmsq,6.98
Rasdhoo,coral-algae_kmsq,3.26
Ravahere,coral-algae_kmsq,1.76
Reao,coral-algae_kmsq,4.39
Redlick,coral-algae_kmsq,1.34
Reitoru,coral-algae_kmsq,0.61
Rekareka,coral-algae_kmsq,0.4
Rongelap,coral-algae_kmsq,35.82
Rongerik,coral-algae_kmsq,23.86
Rose,coral-algae_kmsq,0.37
Rowa,coral-algae_kmsq,2.39
Saloman,coral-algae_kmsq,4.64
Sama,coral-algae_kmsq,0.7
Samasuma,coral-algae_kmsq,0.87
Sapwuahfik,coral-algae_kmsq,3.78
Satawan,coral-algae_kmsq,5.96
Scilly,coral-algae_kmsq,3.73
Sikaiana,coral-algae_kmsq,1.0
Sorol,coral-algae_kmsq,1.39
South_Keeling,coral-algae_kmsq,11.66
South_Maalhosmadulu,coral-algae_kmsq,26.38
South_Male,coral-algae_kmsq,27.45
South_Nilandhe,coral-algae_kmsq,28.31
South_Tubbataha,coral-algae_kmsq,0.56
St_Francois,coral-algae_kmsq,6.71
St_Joseph,coral-algae_kmsq,3.64
Starbuck,coral-algae_kmsq,1.45
Suheli_Par,coral-algae_kmsq,22.68
Surprise,coral-algae_kmsq,17.32
Suwarrow,coral-algae_kmsq,5.65
Swains,coral-algae_kmsq,0.52
Tabiteuea,coral-algae_kmsq,119.07
Tabuaeran,coral-algae_kmsq,20.07
Taenga,coral-algae_kmsq,2.44
Tahanea,coral-algae_kmsq,8.51
Taiaro,coral-algae_kmsq,0.43
Taka,coral-algae_kmsq,19.59
Takapoto,coral-algae_kmsq,2.18
Takaroa,coral-algae_kmsq,3.79
Takume,coral-algae_kmsq,3.48
Takuu,coral-algae_kmsq,2.11
Tarawa,coral-algae_kmsq,74.51
Tatakoto,coral-algae_kmsq,8.05
Tauere,coral-algae_kmsq,2.53
Tekokota,coral-algae_kmsq,0.53
Temitangi,coral-algae_kmsq,5.04
Temoe,coral-algae_kmsq,2.2
Tenararo,coral-algae_kmsq,1.54
Tenaruga,coral-algae_kmsq,0.53
Tepoto,coral-algae_kmsq,0.23
Teraina,coral-algae_kmsq,3.12
Tetiaroa,coral-algae_kmsq,1.83
Thiladhunmathi,coral-algae_kmsq,60.27
Thoddoo,coral-algae_kmsq,0.88
Tikehau,coral-algae_kmsq,5.22
Tilianu,coral-algae_kmsq,0.23
Toau,coral-algae_kmsq,10.91
Tongareva,coral-algae_kmsq,7.44
Torlesse,coral-algae_kmsq,0.7
Tuanake,coral-algae_kmsq,0.84
Tupai,coral-algae_kmsq,2.25
Tureia,coral-algae_kmsq,2.04
Ujae,coral-algae_kmsq,20.12
Ujelang,coral-algae_kmsq,8.55
Ulithi,coral-algae_kmsq,16.0
Utirik,coral-algae_kmsq,12.38
Vahanga,coral-algae_kmsq,0.61
Vahitahi,coral-algae_kmsq,1.37
Vairaatea,coral-algae_kmsq,1.65
Vaitupu,coral-algae_kmsq,1.59
Vanavana,coral-algae_kmsq,0.63
Vattaru,coral-algae_kmsq,1.38
Wailagilala,coral-algae_kmsq,2.55
Wake,coral-algae_kmsq,1.09
West_Fayu,coral-algae_kmsq,1.92
Willis,coral-algae_kmsq,9.33
Woleai,coral-algae_kmsq,4.49
Wotho,coral-algae_kmsq,17.48
Wotje,coral-algae_kmsq,39.51
Zohhoiiyoru,coral-algae_kmsq,1.18
Abaiang,coral-algae_perc,29.62
Abariringa,coral-algae_perc,48.51
Abemama,coral-algae_perc,21.96
Addu,coral-algae_perc,32.3
Agatti,coral-algae_perc,21.15
Ahe,coral-algae_perc,24.93
Ahunui,coral-algae_perc,47.87
Ailinginae,coral-algae_perc,20.41
Ailinglaplap,coral-algae_perc,42.99
Ailuk,coral-algae_perc,29.44
Aldabra,coral-algae_perc,8.2
Alphonse,coral-algae_perc,13.76
Amanu,coral-algae_perc,19.18
Anaa,coral-algae_perc,13.85
Analtin,coral-algae_perc,6.3
Ant,coral-algae_perc,11.07
Anuanuraro,coral-algae_perc,5.67
Anuanurunga,coral-algae_perc,10.87
Apataki,coral-algae_perc,13.65
Aranuka,coral-algae_perc,14.39
Aratika,coral-algae_perc,13.73
Ari,coral-algae_perc,31.78
Arno,coral-algae_perc,37.08
Arutua,coral-algae_perc,24.41
Ashmore,coral-algae_perc,6.26
Astove,coral-algae_perc,17.51
Atafu,coral-algae_perc,16.59
Aur,coral-algae_perc,40.25
Awin,coral-algae_perc,18.02
Bangaram,coral-algae_perc,12.27
Beautemps-Beaupre,coral-algae_perc,29.24
Bellona,coral-algae_perc,23.19
Beru,coral-algae_perc,25.54
Bikar,coral-algae_perc,8.42
Bikini,coral-algae_perc,26.45
Birnie,coral-algae_perc,92.5
Bitra_Par,coral-algae_perc,36.24
Bokaak,coral-algae_perc,13.59
Bramble_Haven,coral-algae_perc,11.97
Budibudi,coral-algae_perc,13.0
Butaritari,coral-algae_perc,29.88
Byramgore,coral-algae_perc,44.66
Caroline,coral-algae_perc,14.75
Cato,coral-algae_perc,26.96
Cherbaniani,coral-algae_perc,17.36
Chesterfield,coral-algae_perc,20.76
Chetlat,coral-algae_perc,55.22
Clipperton,coral-algae_perc,18.58
Conflict,coral-algae_perc,13.25
Cosmoledo,coral-algae_perc,14.71
Desroches,coral-algae_perc,65.06
Diego_Garcia,coral-algae_perc,33.36
Ducie,coral-algae_perc,18.75
Eauripik,coral-algae_perc,13.38
Ebon,coral-algae_perc,23.19
Egmont,coral-algae_perc,38.73
Egum,coral-algae_perc,24.94
Elato,coral-algae_perc,30.7
Enderbury,coral-algae_perc,83.79
Eniwetok,coral-algae_perc,28.72
Erikub,coral-algae_perc,55.47
Etal,coral-algae_perc,15.4
Europa,coral-algae_perc,30.75
Faadhippolhu,coral-algae_perc,26.75
Faaite,coral-algae_perc,9.69
Fakahina,coral-algae_perc,28.49
Fakaofo,coral-algae_perc,24.52
Fakarava,coral-algae_perc,10.07
Fangatau,coral-algae_perc,34.04
Fangataufa,coral-algae_perc,57.45
Faraulep,coral-algae_perc,14.73
Farquhar,coral-algae_perc,14.84
Fasdhuthere,coral-algae_perc,13.6
Felidhu,coral-algae_perc,0.11
French_Frigate_Shoals,coral-algae_perc,6.15
Funafuti,coral-algae_perc,30.56
Fuvahmulah,coral-algae_perc,60.41
Gaafaru,coral-algae_perc,14.18
Glorioso,coral-algae_perc,4.25
Goidhoo,coral-algae_perc,23.31
Great_Chagos_Bank,coral-algae_perc,61.64
Haddhunmathi,coral-algae_perc,25.27
Hao,coral-algae_perc,18.82
Haraiki,coral-algae_perc,16.36
Helen,coral-algae_perc,13.19
Hereheretue,coral-algae_perc,14.06
Hikueru,coral-algae_perc,30.67
Hiti,coral-algae_perc,8.78
Huon,coral-algae_perc,25.3
Huvadhu,coral-algae_perc,25.12
Ifalik,coral-algae_perc,28.48
Ihavandhippolu,coral-algae_perc,28.04
Jaluit,coral-algae_perc,35.39
Jemo,coral-algae_perc,50.73
Johnston,coral-algae_perc,40.59
Kaashidhoo,coral-algae_perc,34.66
Kademat,coral-algae_perc,33.36
Kalpeni,coral-algae_perc,28.99
Kapingamarangi,coral-algae_perc,23.59
Katiu,coral-algae_perc,12.9
Kauehi,coral-algae_perc,15.11
Kaukura,coral-algae_perc,3.94
Kavaratti,coral-algae_perc,53.97
Kilinailau,coral-algae_perc,8.75
Kiltan,coral-algae_perc,53.25
Kiritimati,coral-algae_perc,26.48
Kolhumadulu,coral-algae_perc,19.5
Kuop,coral-algae_perc,9.33
Kure,coral-algae_perc,10.99
Kuria,coral-algae_perc,39.35
Kurimarau,coral-algae_perc,11.3
Kwajalein,coral-algae_perc,52.26
Lae,coral-algae_perc,30.91
Lamotrek,coral-algae_perc,16.31
Laualau,coral-algae_perc,13.47
Laysan,coral-algae_perc,17.15
Leli,coral-algae_perc,37.26
Lib,coral-algae_perc,52.41
Lihou,coral-algae_perc,34.41
Likiep,coral-algae_perc,37.57
Liot,coral-algae_perc,10.86
Lisianski,coral-algae_perc,17.28
Long_Reef,coral-algae_perc,13.46
Loraine_Anobat,coral-algae_perc,71.96
Losap,coral-algae_perc,13.52
Losiep,coral-algae_perc,25.95
Lukunor,coral-algae_perc,16.86
Mabui,coral-algae_perc,16.23
Maiana,coral-algae_perc,22.53
Majuro,coral-algae_perc,51.84
Makemo,coral-algae_perc,12.5
Makin,coral-algae_perc,23.39
Makunudhoo,coral-algae_perc,31.72
Malden,coral-algae_perc,46.85
Maloelap,coral-algae_perc,40.88
Malum,coral-algae_perc,12.44
Manihi,coral-algae_perc,37.01
Manihiki,coral-algae_perc,6.61
Manra,coral-algae_perc,52.44
Manuae,coral-algae_perc,3.84
Manuhangi,coral-algae_perc,44.94
Marakei,coral-algae_perc,13.99
Maria,coral-algae_perc,14.51
Maria_Est,coral-algae_perc,19.05
Marokau,coral-algae_perc,12.39
Marutea_Nord,coral-algae_perc,8.24
Marutea_Sud,coral-algae_perc,18.86
Mataiva,coral-algae_perc,6.62
Matureivavao,coral-algae_perc,27.39
Maupihaa,coral-algae_perc,8.92
Mellish,coral-algae_perc,13.04
Midway,coral-algae_perc,17.8
Mili,coral-algae_perc,36.4
Minicoy,coral-algae_perc,34.48
Mokil,coral-algae_perc,10.15
Morane,coral-algae_perc,24.81
Moruroa,coral-algae_perc,32.5
Motu_One,coral-algae_perc,26.7
Motutunga,coral-algae_perc,10.79
Mulaku,coral-algae_perc,22.48
Murilo,coral-algae_perc,26.03
Namoluk,coral-algae_perc,11.84
Namonuito,coral-algae_perc,27.59
Namorik,coral-algae_perc,27.02
Namu,coral-algae_perc,41.02
Nanumanga,coral-algae_perc,80.09
Nanumea,coral-algae_perc,26.82
Napuka,coral-algae_perc,18.1
Nengonengo,coral-algae_perc,15.95
Ngcheangel,coral-algae_perc,9.89
Ngulu,coral-algae_perc,32.25
Niau,coral-algae_perc,66.24
Nihiru,coral-algae_perc,11.79
Nikumaroro,coral-algae_perc,9.34
Nikunau,coral-algae_perc,57.79
Ninigo,coral-algae_perc,18.37
Nissan,coral-algae_perc,28.95
Niulakita,coral-algae_perc,90.71
Niutao,coral-algae_perc,77.97
Nomwin,coral-algae_perc,17.6
Nonouti,coral-algae_perc,16.3
North_Keeling,coral-algae_perc,17.24
North_Maalhosmadulu,coral-algae_perc,29.79
North_Male,coral-algae_perc,25.19
North_Nilandhe,coral-algae_perc,21.63
North_Tubbataha,coral-algae_perc,21.52
Nuguria,coral-algae_perc,8.51
Nui,coral-algae_perc,16.15
Nukapu,coral-algae_perc,14.31
Nukufetau,coral-algae_perc,18.29
Nukulaelae,coral-algae_perc,14.9
Nukumanu,coral-algae_perc,12.63
Nukumbasanga,coral-algae_perc,59.75
Nukunonu,coral-algae_perc,20.02
Nukuoro,coral-algae_perc,14.49
Nukusemanu,coral-algae_perc,57.41
Nukutepipi,coral-algae_perc,18.74
Numa_Miombilou,coral-algae_perc,19.7
Nupani,coral-algae_perc,22.65
Oeno,coral-algae_perc,8.42
Olimarao,coral-algae_perc,27.4
Onotoa,coral-algae_perc,54.64
Ontong_Java,coral-algae_perc,12.67
Oroluk,coral-algae_perc,16.83
Orona,coral-algae_perc,22.97
Pakin,coral-algae_perc,8.64
Palmerston,coral-algae_perc,8.58
Palmyra,coral-algae_perc,32.91
Paraoa,coral-algae_perc,30.37
Pearl_and_Hermes,coral-algae_perc,35.13
Peremul_Par,coral-algae_perc,20.4
Peros_Banhos,coral-algae_perc,30.89
Pinaki,coral-algae_perc,23.71
Pingelap,coral-algae_perc,17.62
Pinipel,coral-algae_perc,22.2
Platte,coral-algae_perc,61.49
Providence,coral-algae_perc,25.25
Pukapuka,coral-algae_perc,7.2
Puka-Puka,coral-algae_perc,19.72
Pukarua,coral-algae_perc,31.86
Pulap,coral-algae_perc,33.4
Pulusuk,coral-algae_perc,45.68
Puluwat,coral-algae_perc,24.58
Qelelevu,coral-algae_perc,15.41
Rakahanga,coral-algae_perc,10.97
Rangiroa,coral-algae_perc,14.44
Raraka,coral-algae_perc,13.04
Raroia,coral-algae_perc,16.63
Rasdhoo,coral-algae_perc,15.2
Ravahere,coral-algae_perc,8.79
Reao,coral-algae_perc,27.93
Redlick,coral-algae_perc,7.26
Reitoru,coral-algae_perc,7.33
Rekareka,coral-algae_perc,20.46
Rongelap,coral-algae_perc,24.8
Rongerik,coral-algae_perc,43.98
Rose,coral-algae_perc,8.66
Rowa,coral-algae_perc,10.22
Saloman,coral-algae_perc,31.16
Sama,coral-algae_perc,11.72
Samasuma,coral-algae_perc,10.96
Sapwuahfik,coral-algae_perc,9.5
Satawan,coral-algae_perc,10.79
Scilly,coral-algae_perc,12.65
Sikaiana,coral-algae_perc,7.84
Sorol,coral-algae_perc,12.81
South_Keeling,coral-algae_perc,12.25
South_Maalhosmadulu,coral-algae_perc,19.77
South_Male,coral-algae_perc,24.46
South_Nilandhe,coral-algae_perc,23.52
South_Tubbataha,coral-algae_perc,3.75
St_Francois,coral-algae_perc,11.23
St_Joseph,coral-algae_perc,14.32
Starbuck,coral-algae_perc,46.22
Suheli_Par,coral-algae_perc,26.61
Surprise,coral-algae_perc,25.34
Suwarrow,coral-algae_perc,16.63
Swains,coral-algae_perc,30.1
Tabiteuea,coral-algae_perc,22.79
Tabuaeran,coral-algae_perc,16.78
Taenga,coral-algae_perc,11.52
Tahanea,coral-algae_perc,9.69
Taiaro,coral-algae_perc,57.15
Taka,coral-algae_perc,40.58
Takapoto,coral-algae_perc,18.21
Takaroa,coral-algae_perc,27.44
Takume,coral-algae_perc,18.56
Takuu,coral-algae_perc,7.62
Tarawa,coral-algae_perc,28.24
Tatakoto,coral-algae_perc,46.88
Tauere,coral-algae_perc,30.67
Tekokota,coral-algae_perc,7.95
Temitangi,coral-algae_perc,46.56
Temoe,coral-algae_perc,32.39
Tenararo,coral-algae_perc,80.57
Tenaruga,coral-algae_perc,52.39
Tepoto,coral-algae_perc,7.98
Teraina,coral-algae_perc,92.24
Tetiaroa,coral-algae_perc,7.69
Thiladhunmathi,coral-algae_perc,28.69
Thoddoo,coral-algae_perc,31.07
Tikehau,coral-algae_perc,13.81
Tilianu,coral-algae_perc,66.94
Toau,coral-algae_perc,10.49
Tongareva,coral-algae_perc,21.95
Torlesse,coral-algae_perc,7.2
Tuanake,coral-algae_perc,10.08
Tupai,coral-algae_perc,13.31
Tureia,coral-algae_perc,27.13
Ujae,coral-algae_perc,30.15
Ujelang,coral-algae_perc,24.82
Ulithi,coral-algae_perc,28.62
Utirik,coral-algae_perc,31.77
Vahanga,coral-algae_perc,61.99
Vahitahi,coral-algae_perc,17.73
Vairaatea,coral-algae_perc,33.08
Vaitupu,coral-algae_perc,32.09
Vanavana,coral-algae_perc,43.25
Vattaru,coral-algae_perc,10.76
Wailagilala,coral-algae_perc,22.77
Wake,coral-algae_perc,7.81
West_Fayu,coral-algae_perc,26.42
Willis,coral-algae_perc,17.18
Woleai,coral-algae_perc,27.22
Wotho,coral-algae_perc,36.13
Wotje,coral-algae_perc,39.18
Zohhoiiyoru,coral-algae_perc,63.41
Abaiang,seagrass_kmsq,6.78
Abariringa,seagrass_kmsq,6.9
Abemama,seagrass_kmsq,2.12
Addu,seagrass_kmsq,2.07
Agatti,seagrass_kmsq,0.09
Ahe,seagrass_kmsq,0.0
Ahunui,seagrass_kmsq,0.0
Ailinginae,seagrass_kmsq,0.56
Ailinglaplap,seagrass_kmsq,0.22
Ailuk,seagrass_kmsq,0.19
Aldabra,seagrass_kmsq,2.27
Alphonse,seagrass_kmsq,8.24
Amanu,seagrass_kmsq,0.0
Anaa,seagrass_kmsq,0.0
Analtin,seagrass_kmsq,0.01
Ant,seagrass_kmsq,0.17
Anuanuraro,seagrass_kmsq,0.0
Anuanurunga,seagrass_kmsq,0.0
Apataki,seagrass_kmsq,0.0
Aranuka,seagrass_kmsq,2.05
Aratika,seagrass_kmsq,0.0
Ari,seagrass_kmsq,1.21
Arno,seagrass_kmsq,0.15
Arutua,seagrass_kmsq,0.03
Ashmore,seagrass_kmsq,0.0
Astove,seagrass_kmsq,0.17
Atafu,seagrass_kmsq,0.0
Aur,seagrass_kmsq,0.09
Awin,seagrass_kmsq,0.07
Bangaram,seagrass_kmsq,0.01
Beautemps-Beaupre,seagrass_kmsq,0.0
Bellona,seagrass_kmsq,0.0
Beru,seagrass_kmsq,0.36
Bikar,seagrass_kmsq,0.08
Bikini,seagrass_kmsq,0.44
Birnie,seagrass_kmsq,0.01
Bitra_Par,seagrass_kmsq,0.36
Bokaak,seagrass_kmsq,2.81
Bramble_Haven,seagrass_kmsq,0.15
Budibudi,seagrass_kmsq,0.05
Butaritari,seagrass_kmsq,0.82
Byramgore,seagrass_kmsq,1.55
Caroline,seagrass_kmsq,0.0
Cato,seagrass_kmsq,0.0
Cherbaniani,seagrass_kmsq,0.34
Chesterfield,seagrass_kmsq,0.0
Chetlat,seagrass_kmsq,0.26
Clipperton,seagrass_kmsq,0.0
Conflict,seagrass_kmsq,0.14
Cosmoledo,seagrass_kmsq,20.45
Desroches,seagrass_kmsq,0.13
Diego_Garcia,seagrass_kmsq,0.11
Ducie,seagrass_kmsq,0.0
Eauripik,seagrass_kmsq,0.0
Ebon,seagrass_kmsq,0.06
Egmont,seagrass_kmsq,0.01
Egum,seagrass_kmsq,0.03
Elato,seagrass_kmsq,0.0
Enderbury,seagrass_kmsq,0.0
Eniwetok,seagrass_kmsq,4.5
Erikub,seagrass_kmsq,1.27
Etal,seagrass_kmsq,0.0
Europa,seagrass_kmsq,0.21
Faadhippolhu,seagrass_kmsq,1.14
Faaite,seagrass_kmsq,0.0
Fakahina,seagrass_kmsq,0.0
Fakaofo,seagrass_kmsq,0.53
Fakarava,seagrass_kmsq,0.02
Fangatau,seagrass_kmsq,0.0
Fangataufa,seagrass_kmsq,0.0
Faraulep,seagrass_kmsq,0.0
Farquhar,seagrass_kmsq,13.05
Fasdhuthere,seagrass_kmsq,0.02
Felidhu,seagrass_kmsq,0.78
French_Frigate_Shoals,seagrass_kmsq,0.0
Funafuti,seagrass_kmsq,0.05
Fuvahmulah,seagrass_kmsq,0.0
Gaafaru,seagrass_kmsq,0.07
Glorioso,seagrass_kmsq,0.14
Goidhoo,seagrass_kmsq,0.72
Great_Chagos_Bank,seagrass_kmsq,0.03
Haddhunmathi,seagrass_kmsq,6.72
Hao,seagrass_kmsq,0.0
Haraiki,seagrass_kmsq,0.0
Helen,seagrass_kmsq,0.53
Hereheretue,seagrass_kmsq,0.0
Hikueru,seagrass_kmsq,0.0
Hiti,seagrass_kmsq,0.0
Huon,seagrass_kmsq,0.02
Huvadhu,seagrass_kmsq,19.77
Ifalik,seagrass_kmsq,0.0
Ihavandhippolu,seagrass_kmsq,1.28
Jaluit,seagrass_kmsq,1.68
Jemo,seagrass_kmsq,0.04
Johnston,seagrass_kmsq,0.0
Kaashidhoo,seagrass_kmsq,0.82
Kademat,seagrass_kmsq,0.26
Kalpeni,seagrass_kmsq,0.3
Kapingamarangi,seagrass_kmsq,0.01
Katiu,seagrass_kmsq,0.0
Kauehi,seagrass_kmsq,0.0
Kaukura,seagrass_kmsq,0.0
Kavaratti,seagrass_kmsq,0.1
Kilinailau,seagrass_kmsq,0.02
Kiltan,seagrass_kmsq,0.18
Kiritimati,seagrass_kmsq,2.98
Kolhumadulu,seagrass_kmsq,0.84
Kuop,seagrass_kmsq,0.0
Kure,seagrass_kmsq,0.0
Kuria,seagrass_kmsq,0.0
Kurimarau,seagrass_kmsq,0.01
Kwajalein,seagrass_kmsq,0.84
Lae,seagrass_kmsq,0.0
Lamotrek,seagrass_kmsq,0.0
Laualau,seagrass_kmsq,0.03
Laysan,seagrass_kmsq,0.0
Leli,seagrass_kmsq,0.13
Lib,seagrass_kmsq,0.0
Lihou,seagrass_kmsq,0.0
Likiep,seagrass_kmsq,0.16
Liot,seagrass_kmsq,0.0
Lisianski,seagrass_kmsq,0.0
Long_Reef,seagrass_kmsq,1.05
Loraine_Anobat,seagrass_kmsq,0.0
Losap,seagrass_kmsq,0.17
Losiep,seagrass_kmsq,0.01
Lukunor,seagrass_kmsq,0.03
Mabui,seagrass_kmsq,0.05
Maiana,seagrass_kmsq,0.36
Majuro,seagrass_kmsq,0.3
Makemo,seagrass_kmsq,0.0
Makin,seagrass_kmsq,0.01
Makunudhoo,seagrass_kmsq,0.42
Malden,seagrass_kmsq,0.0
Maloelap,seagrass_kmsq,0.09
Malum,seagrass_kmsq,0.0
Manihi,seagrass_kmsq,0.0
Manihiki,seagrass_kmsq,0.0
Manra,seagrass_kmsq,0.0
Manuae,seagrass_kmsq,0.0
Manuhangi,seagrass_kmsq,0.0
Marakei,seagrass_kmsq,0.33
Maria,seagrass_kmsq,0.0
Maria_Est,seagrass_kmsq,0.0
Marokau,seagrass_kmsq,0.0
Marutea_Nord,seagrass_kmsq,0.0
Marutea_Sud,seagrass_kmsq,0.0
Mataiva,seagrass_kmsq,0.0
Matureivavao,seagrass_kmsq,0.0
Maupihaa,seagrass_kmsq,0.0
Mellish,seagrass_kmsq,0.0
Midway,seagrass_kmsq,0.0
Mili,seagrass_kmsq,2.7
Minicoy,seagrass_kmsq,0.4
Mokil,seagrass_kmsq,0.0
Morane,seagrass_kmsq,0.0
Moruroa,seagrass_kmsq,0.05
Motu_One,seagrass_kmsq,0.0
Motutunga,seagrass_kmsq,0.0
Mulaku,seagrass_kmsq,2.48
Murilo,seagrass_kmsq,0.04
Namoluk,seagrass_kmsq,0.0
Namonuito,seagrass_kmsq,0.12
Namorik,seagrass_kmsq,0.0
Namu,seagrass_kmsq,0.69
Nanumanga,seagrass_kmsq,0.0
Nanumea,seagrass_kmsq,0.06
Napuka,seagrass_kmsq,0.0
Nengonengo,seagrass_kmsq,0.0
Ngcheangel,seagrass_kmsq,0.02
Ngulu,seagrass_kmsq,0.14
Niau,seagrass_kmsq,0.0
Nihiru,seagrass_kmsq,0.0
Nikumaroro,seagrass_kmsq,2.01
Nikunau,seagrass_kmsq,0.57
Ninigo,seagrass_kmsq,0.73
Nissan,seagrass_kmsq,0.24
Niulakita,seagrass_kmsq,0.03
Niutao,seagrass_kmsq,0.0
Nomwin,seagrass_kmsq,0.02
Nonouti,seagrass_kmsq,1.43
North_Keeling,seagrass_kmsq,0.0
North_Maalhosmadulu,seagrass_kmsq,0.74
North_Male,seagrass_kmsq,0.37
North_Nilandhe,seagrass_kmsq,0.05
North_Tubbataha,seagrass_kmsq,0.07
Nuguria,seagrass_kmsq,0.04
Nui,seagrass_kmsq,0.01
Nukapu,seagrass_kmsq,0.02
Nukufetau,seagrass_kmsq,0.0
Nukulaelae,seagrass_kmsq,0.0
Nukumanu,seagrass_kmsq,0.02
Nukumbasanga,seagrass_kmsq,0.0
Nukunonu,seagrass_kmsq,0.0
Nukuoro,seagrass_kmsq,0.02
Nukusemanu,seagrass_kmsq,0.0
Nukutepipi,seagrass_kmsq,0.0
Numa_Miombilou,seagrass_kmsq,0.03
Nupani,seagrass_kmsq,0.0
Oeno,seagrass_kmsq,0.0
Olimarao,seagrass_kmsq,0.01
Onotoa,seagrass_kmsq,0.13
Ontong_Java,seagrass_kmsq,0.4
Oroluk,seagrass_kmsq,0.01
Orona,seagrass_kmsq,0.09
Pakin,seagrass_kmsq,0.19
Palmerston,seagrass_kmsq,0.0
Palmyra,seagrass_kmsq,0.22
Paraoa,seagrass_kmsq,0.0
Pearl_and_Hermes,seagrass_kmsq,0.0
Peremul_Par,seagrass_kmsq,0.14
Peros_Banhos,seagrass_kmsq,0.05
Pinaki,seagrass_kmsq,0.0
Pingelap,seagrass_kmsq,0.0
Pinipel,seagrass_kmsq,0.39
Platte,seagrass_kmsq,5.27
Providence,seagrass_kmsq,137.91
Pukapuka,seagrass_kmsq,0.0
Puka-Puka,seagrass_kmsq,0.0
Pukarua,seagrass_kmsq,0.0
Pulap,seagrass_kmsq,0.02
Pulusuk,seagrass_kmsq,0.0
Puluwat,seagrass_kmsq,0.0
Qelelevu,seagrass_kmsq,0.0
Rakahanga,seagrass_kmsq,0.0
Rangiroa,seagrass_kmsq,0.01
Raraka,seagrass_kmsq,0.0
Raroia,seagrass_kmsq,0.0
Rasdhoo,seagrass_kmsq,0.0
Ravahere,seagrass_kmsq,0.0
Reao,seagrass_kmsq,0.0
Redlick,seagrass_kmsq,0.01
Reitoru,seagrass_kmsq,0.01
Rekareka,seagrass_kmsq,0.0
Rongelap,seagrass_kmsq,0.14
Rongerik,seagrass_kmsq,1.41
Rose,seagrass_kmsq,0.0
Rowa,seagrass_kmsq,0.0
Saloman,seagrass_kmsq,0.0
Sama,seagrass_kmsq,0.01
Samasuma,seagrass_kmsq,0.01
Sapwuahfik,seagrass_kmsq,0.02
Satawan,seagrass_kmsq,0.02
Scilly,seagrass_kmsq,0.02
Sikaiana,seagrass_kmsq,0.0
Sorol,seagrass_kmsq,0.0
South_Keeling,seagrass_kmsq,0.07
South_Maalhosmadulu,seagrass_kmsq,0.41
South_Male,seagrass_kmsq,0.22
South_Nilandhe,seagrass_kmsq,0.16
South_Tubbataha,seagrass_kmsq,0.01
St_Francois,seagrass_kmsq,5.57
St_Joseph,seagrass_kmsq,0.9
Starbuck,seagrass_kmsq,0.0
Suheli_Par,seagrass_kmsq,0.04
Surprise,seagrass_kmsq,0.12
Suwarrow,seagrass_kmsq,0.06
Swains,seagrass_kmsq,0.0
Tabiteuea,seagrass_kmsq,6.96
Tabuaeran,seagrass_kmsq,8.25
Taenga,seagrass_kmsq,0.0
Tahanea,seagrass_kmsq,0.0
Taiaro,seagrass_kmsq,0.0
Taka,seagrass_kmsq,0.58
Takapoto,seagrass_kmsq,0.0
Takaroa,seagrass_kmsq,0.0
Takume,seagrass_kmsq,0.0
Takuu,seagrass_kmsq,0.0
Tarawa,seagrass_kmsq,10.8
Tatakoto,seagrass_kmsq,0.0
Tauere,seagrass_kmsq,0.0
Tekokota,seagrass_kmsq,0.0
Temitangi,seagrass_kmsq,0.0
Temoe,seagrass_kmsq,0.0
Tenararo,seagrass_kmsq,0.0
Tenaruga,seagrass_kmsq,0.0
Tepoto,seagrass_kmsq,0.0
Teraina,seagrass_kmsq,0.0
Tetiaroa,seagrass_kmsq,0.0
Thiladhunmathi,seagrass_kmsq,1.39
Thoddoo,seagrass_kmsq,0.01
Tikehau,seagrass_kmsq,0.0
Tilianu,seagrass_kmsq,0.03
Toau,seagrass_kmsq,0.02
Tongareva,seagrass_kmsq,0.0
Torlesse,seagrass_kmsq,0.0
Tuanake,seagrass_kmsq,0.0
Tupai,seagrass_kmsq,0.0
Tureia,seagrass_kmsq,0.0
Ujae,seagrass_kmsq,0.14
Ujelang,seagrass_kmsq,0.28
Ulithi,seagrass_kmsq,0.16
Utirik,seagrass_kmsq,0.49
Vahanga,seagrass_kmsq,0.0
Vahitahi,seagrass_kmsq,0.0
Vairaatea,seagrass_kmsq,0.0
Vaitupu,seagrass_kmsq,0.0
Vanavana,seagrass_kmsq,0.0
Vattaru,seagrass_kmsq,0.01
Wailagilala,seagrass_kmsq,0.0
Wake,seagrass_kmsq,0.08
West_Fayu,seagrass_kmsq,0.01
Willis,seagrass_kmsq,0.0
Woleai,seagrass_kmsq,0.01
Wotho,seagrass_kmsq,0.03
Wotje,seagrass_kmsq,1.9
Zohhoiiyoru,seagrass_kmsq,0.01
Abaiang,seagrass_perc,3.15
Abariringa,seagrass_perc,13.56
Abemama,seagrass_perc,1.45
Addu,seagrass_perc,4.39
Agatti,seagrass_perc,0.37
Ahe,seagrass_perc,0.0
Ahunui,seagrass_perc,0.0
Ailinginae,seagrass_perc,0.93
Ailinglaplap,seagrass_perc,0.23
Ailuk,seagrass_perc,0.29
Aldabra,seagrass_perc,1.06
Alphonse,seagrass_perc,44.17
Amanu,seagrass_perc,0.0
Anaa,seagrass_perc,0.0
Analtin,seagrass_perc,0.04
Ant,seagrass_perc,0.66
Anuanuraro,seagrass_perc,0.0
Anuanurunga,seagrass_perc,0.0
Apataki,seagrass_perc,0.0
Aranuka,seagrass_perc,3.63
Aratika,seagrass_perc,0.0
Ari,seagrass_perc,0.48
Arno,seagrass_perc,0.13
Arutua,seagrass_perc,0.05
Ashmore,seagrass_perc,0.0
Astove,seagrass_perc,1.32
Atafu,seagrass_perc,0.0
Aur,seagrass_perc,0.2
Awin,seagrass_perc,1.16
Bangaram,seagrass_perc,0.03
Beautemps-Beaupre,seagrass_perc,0.01
Bellona,seagrass_perc,0.0
Beru,seagrass_perc,0.82
Bikar,seagrass_perc,0.17
Bikini,seagrass_perc,0.4
Birnie,seagrass_perc,0.71
Bitra_Par,seagrass_perc,0.56
Bokaak,seagrass_perc,3.0
Bramble_Haven,seagrass_perc,0.28
Budibudi,seagrass_perc,0.44
Butaritari,seagrass_perc,0.45
Byramgore,seagrass_perc,1.65
Caroline,seagrass_perc,0.0
Cato,seagrass_perc,0.0
Cherbaniani,seagrass_perc,0.73
Chesterfield,seagrass_perc,0.0
Chetlat,seagrass_perc,4.9
Clipperton,seagrass_perc,0.0
Conflict,seagrass_perc,0.33
Cosmoledo,seagrass_perc,15.03
Desroches,seagrass_perc,0.54
Diego_Garcia,seagrass_perc,0.21
Ducie,seagrass_perc,0.0
Eauripik,seagrass_perc,0.0
Ebon,seagrass_perc,0.21
Egmont,seagrass_perc,0.04
Egum,seagrass_perc,0.11
Elato,seagrass_perc,0.03
Enderbury,seagrass_perc,0.0
Eniwetok,seagrass_perc,3.11
Erikub,seagrass_perc,2.53
Etal,seagrass_perc,0.02
Europa,seagrass_perc,1.75
Faadhippolhu,seagrass_perc,1.04
Faaite,seagrass_perc,0.0
Fakahina,seagrass_perc,0.0
Fakaofo,seagrass_perc,2.06
Fakarava,seagrass_perc,0.02
Fangatau,seagrass_perc,0.0
Fangataufa,seagrass_perc,0.01
Faraulep,seagrass_perc,0.02
Farquhar,seagrass_perc,8.03
Fasdhuthere,seagrass_perc,0.08
Felidhu,seagrass_perc,0.41
French_Frigate_Shoals,seagrass_perc,0.0
Funafuti,seagrass_perc,0.12
Fuvahmulah,seagrass_perc,0.0
Gaafaru,seagrass_perc,0.25
Glorioso,seagrass_perc,0.3
Goidhoo,seagrass_perc,1.61
Great_Chagos_Bank,seagrass_perc,0.2
Haddhunmathi,seagrass_perc,4.68
Hao,seagrass_perc,0.0
Haraiki,seagrass_perc,0.0
Helen,seagrass_perc,0.73
Hereheretue,seagrass_perc,0.0
Hikueru,seagrass_perc,0.0
Hiti,seagrass_perc,0.0
Huon,seagrass_perc,0.04
Huvadhu,seagrass_perc,6.36
Ifalik,seagrass_perc,0.01
Ihavandhippolu,seagrass_perc,1.58
Jaluit,seagrass_perc,0.93
Jemo,seagrass_perc,1.73
Johnston,seagrass_perc,0.0
Kaashidhoo,seagrass_perc,13.38
Kademat,seagrass_perc,1.02
Kalpeni,seagrass_perc,1.07
Kapingamarangi,seagrass_perc,0.04
Katiu,seagrass_perc,0.0
Kauehi,seagrass_perc,0.0
Kaukura,seagrass_perc,0.0
Kavaratti,seagrass_perc,1.34
Kilinailau,seagrass_perc,0.03
Kiltan,seagrass_perc,4.11
Kiritimati,seagrass_perc,2.44
Kolhumadulu,seagrass_perc,0.52
Kuop,seagrass_perc,0.0
Kure,seagrass_perc,0.0
Kuria,seagrass_perc,0.01
Kurimarau,seagrass_perc,0.34
Kwajalein,seagrass_perc,0.35
Lae,seagrass_perc,0.02
Lamotrek,seagrass_perc,0.02
Laualau,seagrass_perc,0.44
Laysan,seagrass_perc,0.0
Leli,seagrass_perc,2.35
Lib,seagrass_perc,0.02
Lihou,seagrass_perc,0.0
Likiep,seagrass_perc,0.19
Liot,seagrass_perc,0.06
Lisianski,seagrass_perc,0.0
Long_Reef,seagrass_perc,0.4
Loraine_Anobat,seagrass_perc,0.24
Losap,seagrass_perc,1.11
Losiep,seagrass_perc,0.19
Lukunor,seagrass_perc,0.23
Mabui,seagrass_perc,1.34
Maiana,seagrass_perc,0.25
Majuro,seagrass_perc,0.45
Makemo,seagrass_perc,0.0
Makin,seagrass_perc,0.09
Makunudhoo,seagrass_perc,0.47
Malden,seagrass_perc,0.0
Maloelap,seagrass_perc,0.1
Malum,seagrass_perc,0.01
Manihi,seagrass_perc,0.01
Manihiki,seagrass_perc,0.0
Manra,seagrass_perc,0.0
Manuae,seagrass_perc,0.0
Manuhangi,seagrass_perc,0.0
Marakei,seagrass_perc,1.32
Maria,seagrass_perc,0.0
Maria_Est,seagrass_perc,0.0
Marokau,seagrass_perc,0.0
Marutea_Nord,seagrass_perc,0.0
Marutea_Sud,seagrass_perc,0.0
Mataiva,seagrass_perc,0.0
Matureivavao,seagrass_perc,0.0
Maupihaa,seagrass_perc,0.0
Mellish,seagrass_perc,0.0
Midway,seagrass_perc,0.0
Mili,seagrass_perc,1.77
Minicoy,seagrass_perc,1.07
Mokil,seagrass_perc,0.0
Morane,seagrass_perc,0.0
Moruroa,seagrass_perc,0.18
Motu_One,seagrass_perc,0.01
Motutunga,seagrass_perc,0.0
Mulaku,seagrass_perc,1.57
Murilo,seagrass_perc,0.11
Namoluk,seagrass_perc,0.01
Namonuito,seagrass_perc,0.54
Namorik,seagrass_perc,0.01
Namu,seagrass_perc,0.74
Nanumanga,seagrass_perc,0.0
Nanumea,seagrass_perc,0.34
Napuka,seagrass_perc,0.0
Nengonengo,seagrass_perc,0.01
Ngcheangel,seagrass_perc,0.09
Ngulu,seagrass_perc,0.35
Niau,seagrass_perc,0.0
Nihiru,seagrass_perc,0.0
Nikumaroro,seagrass_perc,23.48
Nikunau,seagrass_perc,5.31
Ninigo,seagrass_perc,0.67
Nissan,seagrass_perc,1.84
Niulakita,seagrass_perc,0.71
Niutao,seagrass_perc,0.31
Nomwin,seagrass_perc,0.05
Nonouti,seagrass_perc,0.32
North_Keeling,seagrass_perc,0.03
North_Maalhosmadulu,seagrass_perc,0.48
North_Male,seagrass_perc,0.18
North_Nilandhe,seagrass_perc,0.04
North_Tubbataha,seagrass_perc,0.2
Nuguria,seagrass_perc,0.05
Nui,seagrass_perc,0.09
Nukapu,seagrass_perc,0.26
Nukufetau,seagrass_perc,0.0
Nukulaelae,seagrass_perc,0.0
Nukumanu,seagrass_perc,0.05
Nukumbasanga,seagrass_perc,0.0
Nukunonu,seagrass_perc,0.01
Nukuoro,seagrass_perc,0.22
Nukusemanu,seagrass_perc,0.01
Nukutepipi,seagrass_perc,0.0
Numa_Miombilou,seagrass_perc,0.03
Nupani,seagrass_perc,0.0
Oeno,seagrass_perc,0.0
Olimarao,seagrass_perc,0.14
Onotoa,seagrass_perc,0.43
Ontong_Java,seagrass_perc,0.31
Oroluk,seagrass_perc,0.02
Orona,seagrass_perc,0.58
Pakin,seagrass_perc,1.4
Palmerston,seagrass_perc,0.0
Palmyra,seagrass_perc,1.03
Paraoa,seagrass_perc,0.0
Pearl_and_Hermes,seagrass_perc,0.0
Peremul_Par,seagrass_perc,0.17
Peros_Banhos,seagrass_perc,0.11
Pinaki,seagrass_perc,0.0
Pingelap,seagrass_perc,0.0
Pinipel,seagrass_perc,2.61
Platte,seagrass_perc,15.52
Providence,seagrass_perc,33.52
Pukapuka,seagrass_perc,0.01
Puka-Puka,seagrass_perc,0.0
Pukarua,seagrass_perc,0.0
Pulap,seagrass_perc,0.34
Pulusuk,seagrass_perc,0.21
Puluwat,seagrass_perc,0.13
Qelelevu,seagrass_perc,0.0
Rakahanga,seagrass_perc,0.0
Rangiroa,seagrass_perc,0.01
Raraka,seagrass_perc,0.01
Raroia,seagrass_perc,0.01
Rasdhoo,seagrass_perc,0.0
Ravahere,seagrass_perc,0.0
Reao,seagrass_perc,0.0
Redlick,seagrass_perc,0.04
Reitoru,seagrass_perc,0.09
Rekareka,seagrass_perc,0.0
Rongelap,seagrass_perc,0.09
Rongerik,seagrass_perc,2.6
Rose,seagrass_perc,0.0
Rowa,seagrass_perc,0.0
Saloman,seagrass_perc,0.03
Sama,seagrass_perc,0.21
Samasuma,seagrass_perc,0.1
Sapwuahfik,seagrass_perc,0.06
Satawan,seagrass_perc,0.04
Scilly,seagrass_perc,0.08
Sikaiana,seagrass_perc,0.04
Sorol,seagrass_perc,0.04
South_Keeling,seagrass_perc,0.07
South_Maalhosmadulu,seagrass_perc,0.31
South_Male,seagrass_perc,0.2
South_Nilandhe,seagrass_perc,0.13
South_Tubbataha,seagrass_perc,0.1
St_Francois,seagrass_perc,9.31
St_Joseph,seagrass_perc,3.55
Starbuck,seagrass_perc,0.0
Suheli_Par,seagrass_perc,0.05
Surprise,seagrass_perc,0.17
Suwarrow,seagrass_perc,0.18
Swains,seagrass_perc,0.0
Tabiteuea,seagrass_perc,1.33
Tabuaeran,seagrass_perc,6.9
Taenga,seagrass_perc,0.0
Tahanea,seagrass_perc,0.0
Taiaro,seagrass_perc,0.0
Taka,seagrass_perc,1.21
Takapoto,seagrass_perc,0.01
Takaroa,seagrass_perc,0.02
Takume,seagrass_perc,0.0
Takuu,seagrass_perc,0.02
Tarawa,seagrass_perc,4.09
Tatakoto,seagrass_perc,0.01
Tauere,seagrass_perc,0.0
Tekokota,seagrass_perc,0.0
Temitangi,seagrass_perc,0.0
Temoe,seagrass_perc,0.0
Tenararo,seagrass_perc,0.0
Tenaruga,seagrass_perc,0.0
Tepoto,seagrass_perc,0.0
Teraina,seagrass_perc,0.0
Tetiaroa,seagrass_perc,0.0
Thiladhunmathi,seagrass_perc,0.66
Thoddoo,seagrass_perc,0.21
Tikehau,seagrass_perc,0.01
Tilianu,seagrass_perc,8.37
Toau,seagrass_perc,0.02
Tongareva,seagrass_perc,0.01
Torlesse,seagrass_perc,0.01
Tuanake,seagrass_perc,0.0
Tupai,seagrass_perc,0.0
Tureia,seagrass_perc,0.0
Ujae,seagrass_perc,0.21
Ujelang,seagrass_perc,0.82
Ulithi,seagrass_perc,0.28
Utirik,seagrass_perc,1.25
Vahanga,seagrass_perc,0.0
Vahitahi,seagrass_perc,0.01
Vairaatea,seagrass_perc,0.01
Vaitupu,seagrass_perc,0.01
Vanavana,seagrass_perc,0.0
Vattaru,seagrass_perc,0.05
Wailagilala,seagrass_perc,0.0
Wake,seagrass_perc,0.59
West_Fayu,seagrass_perc,0.16
Willis,seagrass_perc,0.0
Woleai,seagrass_perc,0.03
Wotho,seagrass_perc,0.05
Wotje,seagrass_perc,1.88
Zohhoiiyoru,seagrass_perc,0.37
Abaiang,microalgal_mats_kmsq,7.43
Abariringa,microalgal_mats_kmsq,0.1
Abemama,microalgal_mats_kmsq,8.9
Addu,microalgal_mats_kmsq,0.05
Agatti,microalgal_mats_kmsq,0.11
Ahe,microalgal_mats_kmsq,0.51
Ahunui,microalgal_mats_kmsq,0.0
Ailinginae,microalgal_mats_kmsq,0.32
Ailinglaplap,microalgal_mats_kmsq,0.4
Ailuk,microalgal_mats_kmsq,0.12
Aldabra,microalgal_mats_kmsq,32.91
Alphonse,microalgal_mats_kmsq,0.05
Amanu,microalgal_mats_kmsq,0.33
Anaa,microalgal_mats_kmsq,1.23
Analtin,microalgal_mats_kmsq,0.79
Ant,microalgal_mats_kmsq,0.9
Anuanuraro,microalgal_mats_kmsq,0.73
Anuanurunga,microalgal_mats_kmsq,0.39
Apataki,microalgal_mats_kmsq,0.77
Aranuka,microalgal_mats_kmsq,1.35
Aratika,microalgal_mats_kmsq,0.3
Ari,microalgal_mats_kmsq,0.89
Arno,microalgal_mats_kmsq,0.5
Arutua,microalgal_mats_kmsq,1.6
Ashmore,microalgal_mats_kmsq,23.14
Astove,microalgal_mats_kmsq,0.0
Atafu,microalgal_mats_kmsq,3.0
Aur,microalgal_mats_kmsq,0.11
Awin,microalgal_mats_kmsq,0.01
Bangaram,microalgal_mats_kmsq,0.38
Beautemps-Beaupre,microalgal_mats_kmsq,6.95
Bellona,microalgal_mats_kmsq,0.0
Beru,microalgal_mats_kmsq,0.12
Bikar,microalgal_mats_kmsq,0.32
Bikini,microalgal_mats_kmsq,0.88
Birnie,microalgal_mats_kmsq,0.0
Bitra_Par,microalgal_mats_kmsq,2.12
Bokaak,microalgal_mats_kmsq,0.25
Bramble_Haven,microalgal_mats_kmsq,4.89
Budibudi,microalgal_mats_kmsq,0.49
Butaritari,microalgal_mats_kmsq,3.13
Byramgore,microalgal_mats_kmsq,0.93
Caroline,microalgal_mats_kmsq,0.03
Cato,microalgal_mats_kmsq,0.0
Cherbaniani,microalgal_mats_kmsq,1.18
Chesterfield,microalgal_mats_kmsq,0.0
Chetlat,microalgal_mats_kmsq,0.0
Clipperton,microalgal_mats_kmsq,0.0
Conflict,microalgal_mats_kmsq,1.12
Cosmoledo,microalgal_mats_kmsq,16.2
Desroches,microalgal_mats_kmsq,0.05
Diego_Garcia,microalgal_mats_kmsq,1.23
Ducie,microalgal_mats_kmsq,0.03
Eauripik,microalgal_mats_kmsq,0.03
Ebon,microalgal_mats_kmsq,0.1
Egmont,microalgal_mats_kmsq,0.04
Egum,microalgal_mats_kmsq,0.25
Elato,microalgal_mats_kmsq,0.11
Enderbury,microalgal_mats_kmsq,0.0
Eniwetok,microalgal_mats_kmsq,2.16
Erikub,microalgal_mats_kmsq,0.52
Etal,microalgal_mats_kmsq,0.04
Europa,microalgal_mats_kmsq,0.0
Faadhippolhu,microalgal_mats_kmsq,1.17
Faaite,microalgal_mats_kmsq,9.85
Fakahina,microalgal_mats_kmsq,0.0
Fakaofo,microalgal_mats_kmsq,2.9
Fakarava,microalgal_mats_kmsq,2.8
Fangatau,microalgal_mats_kmsq,0.0
Fangataufa,microalgal_mats_kmsq,0.19
Faraulep,microalgal_mats_kmsq,0.06
Farquhar,microalgal_mats_kmsq,19.86
Fasdhuthere,microalgal_mats_kmsq,0.19
Felidhu,microalgal_mats_kmsq,31.55
French_Frigate_Shoals,microalgal_mats_kmsq,0.92
Funafuti,microalgal_mats_kmsq,3.09
Fuvahmulah,microalgal_mats_kmsq,0.0
Gaafaru,microalgal_mats_kmsq,0.65
Glorioso,microalgal_mats_kmsq,5.0
Goidhoo,microalgal_mats_kmsq,0.6
Great_Chagos_Bank,microalgal_mats_kmsq,0.0
Haddhunmathi,microalgal_mats_kmsq,0.21
Hao,microalgal_mats_kmsq,0.85
Haraiki,microalgal_mats_kmsq,0.34
Helen,microalgal_mats_kmsq,2.02
Hereheretue,microalgal_mats_kmsq,0.37
Hikueru,microalgal_mats_kmsq,0.08
Hiti,microalgal_mats_kmsq,1.06
Huon,microalgal_mats_kmsq,5.16
Huvadhu,microalgal_mats_kmsq,0.84
Ifalik,microalgal_mats_kmsq,0.08
Ihavandhippolu,microalgal_mats_kmsq,0.68
Jaluit,microalgal_mats_kmsq,2.39
Jemo,microalgal_mats_kmsq,0.36
Johnston,microalgal_mats_kmsq,0.0
Kaashidhoo,microalgal_mats_kmsq,0.05
Kademat,microalgal_mats_kmsq,0.37
Kalpeni,microalgal_mats_kmsq,0.3
Kapingamarangi,microalgal_mats_kmsq,0.04
Katiu,microalgal_mats_kmsq,1.8
Kauehi,microalgal_mats_kmsq,0.62
Kaukura,microalgal_mats_kmsq,29.78
Kavaratti,microalgal_mats_kmsq,0.57
Kilinailau,microalgal_mats_kmsq,0.26
Kiltan,microalgal_mats_kmsq,0.0
Kiritimati,microalgal_mats_kmsq,2.22
Kolhumadulu,microalgal_mats_kmsq,0.32
Kuop,microalgal_mats_kmsq,1.41
Kure,microalgal_mats_kmsq,1.19
Kuria,microalgal_mats_kmsq,0.0
Kurimarau,microalgal_mats_kmsq,0.35
Kwajalein,microalgal_mats_kmsq,1.83
Lae,microalgal_mats_kmsq,0.02
Lamotrek,microalgal_mats_kmsq,0.04
Laualau,microalgal_mats_kmsq,0.08
Laysan,microalgal_mats_kmsq,0.0
Leli,microalgal_mats_kmsq,0.05
Lib,microalgal_mats_kmsq,0.0
Lihou,microalgal_mats_kmsq,0.0
Likiep,microalgal_mats_kmsq,0.95
Liot,microalgal_mats_kmsq,0.0
Lisianski,microalgal_mats_kmsq,2.02
Long_Reef,microalgal_mats_kmsq,17.3
Loraine_Anobat,microalgal_mats_kmsq,0.01
Losap,microalgal_mats_kmsq,0.16
Losiep,microalgal_mats_kmsq,0.11
Lukunor,microalgal_mats_kmsq,0.02
Mabui,microalgal_mats_kmsq,0.54
Maiana,microalgal_mats_kmsq,3.03
Majuro,microalgal_mats_kmsq,0.37
Makemo,microalgal_mats_kmsq,5.68
Makin,microalgal_mats_kmsq,0.0
Makunudhoo,microalgal_mats_kmsq,0.72
Malden,microalgal_mats_kmsq,0.0
Maloelap,microalgal_mats_kmsq,0.37
Malum,microalgal_mats_kmsq,0.1
Manihi,microalgal_mats_kmsq,0.17
Manihiki,microalgal_mats_kmsq,0.4
Manra,microalgal_mats_kmsq,0.0
Manuae,microalgal_mats_kmsq,1.71
Manuhangi,microalgal_mats_kmsq,0.0
Marakei,microalgal_mats_kmsq,1.05
Maria,microalgal_mats_kmsq,0.06
Maria_Est,microalgal_mats_kmsq,0.03
Marokau,microalgal_mats_kmsq,2.21
Marutea_Nord,microalgal_mats_kmsq,12.34
Marutea_Sud,microalgal_mats_kmsq,0.64
Mataiva,microalgal_mats_kmsq,2.39
Matureivavao,microalgal_mats_kmsq,0.01
Maupihaa,microalgal_mats_kmsq,1.65
Mellish,microalgal_mats_kmsq,0.0
Midway,microalgal_mats_kmsq,0.84
Mili,microalgal_mats_kmsq,1.02
Minicoy,microalgal_mats_kmsq,0.26
Mokil,microalgal_mats_kmsq,0.02
Morane,microalgal_mats_kmsq,0.39
Moruroa,microalgal_mats_kmsq,0.76
Motu_One,microalgal_mats_kmsq,0.09
Motutunga,microalgal_mats_kmsq,1.26
Mulaku,microalgal_mats_kmsq,0.18
Murilo,microalgal_mats_kmsq,0.28
Namoluk,microalgal_mats_kmsq,0.0
Namonuito,microalgal_mats_kmsq,0.09
Namorik,microalgal_mats_kmsq,0.06
Namu,microalgal_mats_kmsq,0.38
Nanumanga,microalgal_mats_kmsq,0.0
Nanumea,microalgal_mats_kmsq,0.04
Napuka,microalgal_mats_kmsq,0.12
Nengonengo,microalgal_mats_kmsq,0.33
Ngcheangel,microalgal_mats_kmsq,3.61
Ngulu,microalgal_mats_kmsq,0.07
Niau,microalgal_mats_kmsq,0.0
Nihiru,microalgal_mats_kmsq,1.24
Nikumaroro,microalgal_mats_kmsq,0.08
Nikunau,microalgal_mats_kmsq,0.0
Ninigo,microalgal_mats_kmsq,6.11
Nissan,microalgal_mats_kmsq,1.12
Niulakita,microalgal_mats_kmsq,0.01
Niutao,microalgal_mats_kmsq,0.0
Nomwin,microalgal_mats_kmsq,0.78
Nonouti,microalgal_mats_kmsq,4.82
North_Keeling,microalgal_mats_kmsq,0.0
North_Maalhosmadulu,microalgal_mats_kmsq,2.56
North_Male,microalgal_mats_kmsq,1.98
North_Nilandhe,microalgal_mats_kmsq,0.49
North_Tubbataha,microalgal_mats_kmsq,0.26
Nuguria,microalgal_mats_kmsq,1.03
Nui,microalgal_mats_kmsq,0.12
Nukapu,microalgal_mats_kmsq,0.32
Nukufetau,microalgal_mats_kmsq,0.97
Nukulaelae,microalgal_mats_kmsq,1.92
Nukumanu,microalgal_mats_kmsq,0.27
Nukumbasanga,microalgal_mats_kmsq,1.27
Nukunonu,microalgal_mats_kmsq,0.45
Nukuoro,microalgal_mats_kmsq,0.01
Nukusemanu,microalgal_mats_kmsq,6.68
Nukutepipi,microalgal_mats_kmsq,0.23
Numa_Miombilou,microalgal_mats_kmsq,7.84
Nupani,microalgal_mats_kmsq,0.53
Oeno,microalgal_mats_kmsq,1.94
Olimarao,microalgal_mats_kmsq,0.03
Onotoa,microalgal_mats_kmsq,0.04
Ontong_Java,microalgal_mats_kmsq,1.77
Oroluk,microalgal_mats_kmsq,0.52
Orona,microalgal_mats_kmsq,0.35
Pakin,microalgal_mats_kmsq,0.33
Palmerston,microalgal_mats_kmsq,2.37
Palmyra,microalgal_mats_kmsq,0.04
Paraoa,microalgal_mats_kmsq,0.12
Pearl_and_Hermes,microalgal_mats_kmsq,1.66
Peremul_Par,microalgal_mats_kmsq,1.44
Peros_Banhos,microalgal_mats_kmsq,0.0
Pinaki,microalgal_mats_kmsq,0.03
Pingelap,microalgal_mats_kmsq,0.0
Pinipel,microalgal_mats_kmsq,0.55
Platte,microalgal_mats_kmsq,0.15
Providence,microalgal_mats_kmsq,12.36
Pukapuka,microalgal_mats_kmsq,0.6
Puka-Puka,microalgal_mats_kmsq,0.0
Pukarua,microalgal_mats_kmsq,0.06
Pulap,microalgal_mats_kmsq,0.03
Pulusuk,microalgal_mats_kmsq,0.0
Puluwat,microalgal_mats_kmsq,0.1
Qelelevu,microalgal_mats_kmsq,7.56
Rakahanga,microalgal_mats_kmsq,0.1
Rangiroa,microalgal_mats_kmsq,3.99
Raraka,microalgal_mats_kmsq,0.73
Raroia,microalgal_mats_kmsq,1.32
Rasdhoo,microalgal_mats_kmsq,0.08
Ravahere,microalgal_mats_kmsq,1.93
Reao,microalgal_mats_kmsq,0.11
Redlick,microalgal_mats_kmsq,1.04
Reitoru,microalgal_mats_kmsq,1.56
Rekareka,microalgal_mats_kmsq,0.0
Rongelap,microalgal_mats_kmsq,0.57
Rongerik,microalgal_mats_kmsq,1.05
Rose,microalgal_mats_kmsq,0.01
Rowa,microalgal_mats_kmsq,0.84
Saloman,microalgal_mats_kmsq,0.0
Sama,microalgal_mats_kmsq,0.0
Samasuma,microalgal_mats_kmsq,0.01
Sapwuahfik,microalgal_mats_kmsq,1.0
Satawan,microalgal_mats_kmsq,1.23
Scilly,microalgal_mats_kmsq,2.41
Sikaiana,microalgal_mats_kmsq,0.03
Sorol,microalgal_mats_kmsq,0.03
South_Keeling,microalgal_mats_kmsq,0.0
South_Maalhosmadulu,microalgal_mats_kmsq,1.52
South_Male,microalgal_mats_kmsq,0.52
South_Nilandhe,microalgal_mats_kmsq,0.41
South_Tubbataha,microalgal_mats_kmsq,0.07
St_Francois,microalgal_mats_kmsq,3.74
St_Joseph,microalgal_mats_kmsq,2.99
Starbuck,microalgal_mats_kmsq,0.0
Suheli_Par,microalgal_mats_kmsq,1.47
Surprise,microalgal_mats_kmsq,7.02
Suwarrow,microalgal_mats_kmsq,0.33
Swains,microalgal_mats_kmsq,0.01
Tabiteuea,microalgal_mats_kmsq,13.63
Tabuaeran,microalgal_mats_kmsq,3.48
Taenga,microalgal_mats_kmsq,0.16
Tahanea,microalgal_mats_kmsq,9.85
Taiaro,microalgal_mats_kmsq,0.0
Taka,microalgal_mats_kmsq,0.02
Takapoto,microalgal_mats_kmsq,0.46
Takaroa,microalgal_mats_kmsq,0.16
Takume,microalgal_mats_kmsq,0.07
Takuu,microalgal_mats_kmsq,0.04
Tarawa,microalgal_mats_kmsq,8.51
Tatakoto,microalgal_mats_kmsq,0.06
Tauere,microalgal_mats_kmsq,0.08
Tekokota,microalgal_mats_kmsq,0.11
Temitangi,microalgal_mats_kmsq,0.14
Temoe,microalgal_mats_kmsq,0.03
Tenararo,microalgal_mats_kmsq,0.0
Tenaruga,microalgal_mats_kmsq,0.0
Tepoto,microalgal_mats_kmsq,0.03
Teraina,microalgal_mats_kmsq,0.0
Tetiaroa,microalgal_mats_kmsq,3.27
Thiladhunmathi,microalgal_mats_kmsq,3.5
Thoddoo,microalgal_mats_kmsq,0.01
Tikehau,microalgal_mats_kmsq,1.55
Tilianu,microalgal_mats_kmsq,0.0
Toau,microalgal_mats_kmsq,1.41
Tongareva,microalgal_mats_kmsq,0.76
Torlesse,microalgal_mats_kmsq,0.29
Tuanake,microalgal_mats_kmsq,0.52
Tupai,microalgal_mats_kmsq,1.63
Tureia,microalgal_mats_kmsq,0.07
Ujae,microalgal_mats_kmsq,0.41
Ujelang,microalgal_mats_kmsq,0.12
Ulithi,microalgal_mats_kmsq,1.02
Utirik,microalgal_mats_kmsq,0.49
Vahanga,microalgal_mats_kmsq,0.0
Vahitahi,microalgal_mats_kmsq,0.14
Vairaatea,microalgal_mats_kmsq,0.02
Vaitupu,microalgal_mats_kmsq,0.07
Vanavana,microalgal_mats_kmsq,0.0
Vattaru,microalgal_mats_kmsq,0.02
Wailagilala,microalgal_mats_kmsq,0.92
Wake,microalgal_mats_kmsq,0.05
West_Fayu,microalgal_mats_kmsq,0.23
Willis,microalgal_mats_kmsq,0.0
Woleai,microalgal_mats_kmsq,0.38
Wotho,microalgal_mats_kmsq,0.47
Wotje,microalgal_mats_kmsq,0.87
Zohhoiiyoru,microalgal_mats_kmsq,0.01
Abaiang,microalgal_mats_perc,3.45
Abariringa,microalgal_mats_perc,0.2
Abemama,microalgal_mats_perc,6.1
Addu,microalgal_mats_perc,0.1
Agatti,microalgal_mats_perc,0.47
Ahe,microalgal_mats_perc,2.98
Ahunui,microalgal_mats_perc,0.0
Ailinginae,microalgal_mats_perc,0.53
Ailinglaplap,microalgal_mats_perc,0.42
Ailuk,microalgal_mats_perc,0.18
Aldabra,microalgal_mats_perc,15.41
Alphonse,microalgal_mats_perc,0.24
Amanu,microalgal_mats_perc,1.61
Anaa,microalgal_mats_perc,3.37
Analtin,microalgal_mats_perc,2.53
Ant,microalgal_mats_perc,3.49
Anuanuraro,microalgal_mats_perc,14.16
Anuanurunga,microalgal_mats_perc,16.92
Apataki,microalgal_mats_perc,1.64
Aranuka,microalgal_mats_perc,2.4
Aratika,microalgal_mats_perc,1.46
Ari,microalgal_mats_perc,0.35
Arno,microalgal_mats_perc,0.43
Arutua,microalgal_mats_perc,2.71
Ashmore,microalgal_mats_perc,11.09
Astove,microalgal_mats_perc,0.01
Atafu,microalgal_mats_perc,25.32
Aur,microalgal_mats_perc,0.25
Awin,microalgal_mats_perc,0.18
Bangaram,microalgal_mats_perc,0.85
Beautemps-Beaupre,microalgal_mats_perc,38.18
Bellona,microalgal_mats_perc,0.0
Beru,microalgal_mats_perc,0.28
Bikar,microalgal_mats_perc,0.66
Bikini,microalgal_mats_perc,0.8
Birnie,microalgal_mats_perc,0.0
Bitra_Par,microalgal_mats_perc,3.34
Bokaak,microalgal_mats_perc,0.27
Bramble_Haven,microalgal_mats_perc,9.3
Budibudi,microalgal_mats_perc,4.73
Butaritari,microalgal_mats_perc,1.73
Byramgore,microalgal_mats_perc,0.99
Caroline,microalgal_mats_perc,0.19
Cato,microalgal_mats_perc,0.0
Cherbaniani,microalgal_mats_perc,2.51
Chesterfield,microalgal_mats_perc,0.0
Chetlat,microalgal_mats_perc,0.05
Clipperton,microalgal_mats_perc,0.0
Conflict,microalgal_mats_perc,2.68
Cosmoledo,microalgal_mats_perc,11.91
Desroches,microalgal_mats_perc,0.2
Diego_Garcia,microalgal_mats_perc,2.34
Ducie,microalgal_mats_perc,0.75
Eauripik,microalgal_mats_perc,0.25
Ebon,microalgal_mats_perc,0.35
Egmont,microalgal_mats_perc,0.22
Egum,microalgal_mats_perc,0.86
Elato,microalgal_mats_perc,0.93
Enderbury,microalgal_mats_perc,0.0
Eniwetok,microalgal_mats_perc,1.49
Erikub,microalgal_mats_perc,1.03
Etal,microalgal_mats_perc,0.46
Europa,microalgal_mats_perc,0.03
Faadhippolhu,microalgal_mats_perc,1.07
Faaite,microalgal_mats_perc,11.21
Fakahina,microalgal_mats_perc,0.0
Fakaofo,microalgal_mats_perc,11.25
Fakarava,microalgal_mats_perc,2.19
Fangatau,microalgal_mats_perc,0.0
Fangataufa,microalgal_mats_perc,1.52
Faraulep,microalgal_mats_perc,0.95
Farquhar,microalgal_mats_perc,12.22
Fasdhuthere,microalgal_mats_perc,0.82
Felidhu,microalgal_mats_perc,16.63
French_Frigate_Shoals,microalgal_mats_perc,0.31
Funafuti,microalgal_mats_perc,8.24
Fuvahmulah,microalgal_mats_perc,0.0
Gaafaru,microalgal_mats_perc,2.5
Glorioso,microalgal_mats_perc,10.5
Goidhoo,microalgal_mats_perc,1.35
Great_Chagos_Bank,microalgal_mats_perc,0.0
Haddhunmathi,microalgal_mats_perc,0.14
Hao,microalgal_mats_perc,1.71
Haraiki,microalgal_mats_perc,2.65
Helen,microalgal_mats_perc,2.8
Hereheretue,microalgal_mats_perc,3.01
Hikueru,microalgal_mats_perc,0.95
Hiti,microalgal_mats_perc,11.76
Huon,microalgal_mats_perc,11.1
Huvadhu,microalgal_mats_perc,0.27
Ifalik,microalgal_mats_perc,1.7
Ihavandhippolu,microalgal_mats_perc,0.84
Jaluit,microalgal_mats_perc,1.32
Jemo,microalgal_mats_perc,16.98
Johnston,microalgal_mats_perc,0.0
Kaashidhoo,microalgal_mats_perc,0.8
Kademat,microalgal_mats_perc,1.45
Kalpeni,microalgal_mats_perc,1.05
Kapingamarangi,microalgal_mats_perc,0.2
Katiu,microalgal_mats_perc,6.51
Kauehi,microalgal_mats_perc,3.2
Kaukura,microalgal_mats_perc,20.88
Kavaratti,microalgal_mats_perc,7.88
Kilinailau,microalgal_mats_perc,0.4
Kiltan,microalgal_mats_perc,0.0
Kiritimati,microalgal_mats_perc,1.81
Kolhumadulu,microalgal_mats_perc,0.2
Kuop,microalgal_mats_perc,4.35
Kure,microalgal_mats_perc,2.34
Kuria,microalgal_mats_perc,0.0
Kurimarau,microalgal_mats_perc,13.86
Kwajalein,microalgal_mats_perc,0.75
Lae,microalgal_mats_perc,0.12
Lamotrek,microalgal_mats_perc,0.43
Laualau,microalgal_mats_perc,1.38
Laysan,microalgal_mats_perc,0.0
Leli,microalgal_mats_perc,1.02
Lib,microalgal_mats_perc,0.0
Lihou,microalgal_mats_perc,0.0
Likiep,microalgal_mats_perc,1.13
Liot,microalgal_mats_perc,0.0
Lisianski,microalgal_mats_perc,1.76
Long_Reef,microalgal_mats_perc,6.66
Loraine_Anobat,microalgal_mats_perc,0.6
Losap,microalgal_mats_perc,1.08
Losiep,microalgal_mats_perc,1.81
Lukunor,microalgal_mats_perc,0.16
Mabui,microalgal_mats_perc,13.38
Maiana,microalgal_mats_perc,2.09
Majuro,microalgal_mats_perc,0.56
Makemo,microalgal_mats_perc,5.05
Makin,microalgal_mats_perc,0.0
Makunudhoo,microalgal_mats_perc,0.81
Malden,microalgal_mats_perc,0.04
Maloelap,microalgal_mats_perc,0.39
Malum,microalgal_mats_perc,0.6
Manihi,microalgal_mats_perc,1.08
Manihiki,microalgal_mats_perc,4.65
Manra,microalgal_mats_perc,0.0
Manuae,microalgal_mats_perc,13.11
Manuhangi,microalgal_mats_perc,0.0
Marakei,microalgal_mats_perc,4.29
Maria,microalgal_mats_perc,0.77
Maria_Est,microalgal_mats_perc,0.74
Marokau,microalgal_mats_perc,6.6
Marutea_Nord,microalgal_mats_perc,15.46
Marutea_Sud,microalgal_mats_perc,3.23
Mataiva,microalgal_mats_perc,7.96
Matureivavao,microalgal_mats_perc,0.13
Maupihaa,microalgal_mats_perc,8.97
Mellish,microalgal_mats_perc,0.0
Midway,microalgal_mats_perc,1.58
Mili,microalgal_mats_perc,0.67
Minicoy,microalgal_mats_perc,0.7
Mokil,microalgal_mats_perc,0.36
Morane,microalgal_mats_perc,7.21
Moruroa,microalgal_mats_perc,2.71
Motu_One,microalgal_mats_perc,1.02
Motutunga,microalgal_mats_perc,4.04
Mulaku,microalgal_mats_perc,0.12
Murilo,microalgal_mats_perc,0.66
Namoluk,microalgal_mats_perc,0.03
Namonuito,microalgal_mats_perc,0.43
Namorik,microalgal_mats_perc,0.41
Namu,microalgal_mats_perc,0.41
Nanumanga,microalgal_mats_perc,0.0
Nanumea,microalgal_mats_perc,0.23
Napuka,microalgal_mats_perc,0.96
Nengonengo,microalgal_mats_perc,2.29
Ngcheangel,microalgal_mats_perc,20.67
Ngulu,microalgal_mats_perc,0.18
Niau,microalgal_mats_perc,0.0
Nihiru,microalgal_mats_perc,6.27
Nikumaroro,microalgal_mats_perc,0.9
Nikunau,microalgal_mats_perc,0.0
Ninigo,microalgal_mats_perc,5.62
Nissan,microalgal_mats_perc,8.43
Niulakita,microalgal_mats_perc,0.3
Niutao,microalgal_mats_perc,0.0
Nomwin,microalgal_mats_perc,1.82
Nonouti,microalgal_mats_perc,1.08
North_Keeling,microalgal_mats_perc,0.0
North_Maalhosmadulu,microalgal_mats_perc,1.66
North_Male,microalgal_mats_perc,0.98
North_Nilandhe,microalgal_mats_perc,0.44
North_Tubbataha,microalgal_mats_perc,0.7
Nuguria,microalgal_mats_perc,1.36
Nui,microalgal_mats_perc,0.76
Nukapu,microalgal_mats_perc,5.58
Nukufetau,microalgal_mats_perc,3.86
Nukulaelae,microalgal_mats_perc,8.4
Nukumanu,microalgal_mats_perc,0.75
Nukumbasanga,microalgal_mats_perc,31.23
Nukunonu,microalgal_mats_perc,2.36
Nukuoro,microalgal_mats_perc,0.14
Nukusemanu,microalgal_mats_perc,12.47
Nukutepipi,microalgal_mats_perc,10.04
Numa_Miombilou,microalgal_mats_perc,10.42
Nupani,microalgal_mats_perc,3.56
Oeno,microalgal_mats_perc,16.48
Olimarao,microalgal_mats_perc,0.56
Onotoa,microalgal_mats_perc,0.15
Ontong_Java,microalgal_mats_perc,1.4
Oroluk,microalgal_mats_perc,1.07
Orona,microalgal_mats_perc,2.13
Pakin,microalgal_mats_perc,2.43
Palmerston,microalgal_mats_perc,10.2
Palmyra,microalgal_mats_perc,0.17
Paraoa,microalgal_mats_perc,2.53
Pearl_and_Hermes,microalgal_mats_perc,0.75
Peremul_Par,microalgal_mats_perc,1.8
Peros_Banhos,microalgal_mats_perc,0.0
Pinaki,microalgal_mats_perc,1.9
Pingelap,microalgal_mats_perc,0.0
Pinipel,microalgal_mats_perc,3.68
Platte,microalgal_mats_perc,0.43
Providence,microalgal_mats_perc,3.0
Pukapuka,microalgal_mats_perc,4.66
Puka-Puka,microalgal_mats_perc,0.0
Pukarua,microalgal_mats_perc,0.51
Pulap,microalgal_mats_perc,0.42
Pulusuk,microalgal_mats_perc,0.0
Puluwat,microalgal_mats_perc,3.27
Qelelevu,microalgal_mats_perc,14.08
Rakahanga,microalgal_mats_perc,3.11
Rangiroa,microalgal_mats_perc,3.1
Raraka,microalgal_mats_perc,2.84
Raroia,microalgal_mats_perc,3.14
Rasdhoo,microalgal_mats_perc,0.39
Ravahere,microalgal_mats_perc,9.63
Reao,microalgal_mats_perc,0.68
Redlick,microalgal_mats_perc,5.64
Reitoru,microalgal_mats_perc,18.6
Rekareka,microalgal_mats_perc,0.18
Rongelap,microalgal_mats_perc,0.39
Rongerik,microalgal_mats_perc,1.94
Rose,microalgal_mats_perc,0.27
Rowa,microalgal_mats_perc,3.6
Saloman,microalgal_mats_perc,0.03
Sama,microalgal_mats_perc,0.0
Samasuma,microalgal_mats_perc,0.14
Sapwuahfik,microalgal_mats_perc,2.51
Satawan,microalgal_mats_perc,2.23
Scilly,microalgal_mats_perc,8.17
Sikaiana,microalgal_mats_perc,0.22
Sorol,microalgal_mats_perc,0.27
South_Keeling,microalgal_mats_perc,0.0
South_Maalhosmadulu,microalgal_mats_perc,1.14
South_Male,microalgal_mats_perc,0.46
South_Nilandhe,microalgal_mats_perc,0.34
South_Tubbataha,microalgal_mats_perc,0.46
St_Francois,microalgal_mats_perc,6.26
St_Joseph,microalgal_mats_perc,11.77
Starbuck,microalgal_mats_perc,0.0
Suheli_Par,microalgal_mats_perc,1.72
Surprise,microalgal_mats_perc,10.28
Suwarrow,microalgal_mats_perc,0.97
Swains,microalgal_mats_perc,0.73
Tabiteuea,microalgal_mats_perc,2.61
Tabuaeran,microalgal_mats_perc,2.91
Taenga,microalgal_mats_perc,0.76
Tahanea,microalgal_mats_perc,11.21
Taiaro,microalgal_mats_perc,0.0
Taka,microalgal_mats_perc,0.03
Takapoto,microalgal_mats_perc,3.88
Takaroa,microalgal_mats_perc,1.14
Takume,microalgal_mats_perc,0.4
Takuu,microalgal_mats_perc,0.15
Tarawa,microalgal_mats_perc,3.22
Tatakoto,microalgal_mats_perc,0.33
Tauere,microalgal_mats_perc,0.95
Tekokota,microalgal_mats_perc,1.59
Temitangi,microalgal_mats_perc,1.34
Temoe,microalgal_mats_perc,0.39
Tenararo,microalgal_mats_perc,0.0
Tenaruga,microalgal_mats_perc,0.0
Tepoto,microalgal_mats_perc,0.92
Teraina,microalgal_mats_perc,0.0
Tetiaroa,microalgal_mats_perc,13.7
Thiladhunmathi,microalgal_mats_perc,1.66
Thoddoo,microalgal_mats_perc,0.48
Tikehau,microalgal_mats_perc,4.1
Tilianu,microalgal_mats_perc,0.0
Toau,microalgal_mats_perc,1.36
Tongareva,microalgal_mats_perc,2.25
Torlesse,microalgal_mats_perc,3.03
Tuanake,microalgal_mats_perc,6.26
Tupai,microalgal_mats_perc,9.65
Tureia,microalgal_mats_perc,0.93
Ujae,microalgal_mats_perc,0.62
Ujelang,microalgal_mats_perc,0.36
Ulithi,microalgal_mats_perc,1.83
Utirik,microalgal_mats_perc,1.26
Vahanga,microalgal_mats_perc,0.0
Vahitahi,microalgal_mats_perc,1.79
Vairaatea,microalgal_mats_perc,0.33
Vaitupu,microalgal_mats_perc,1.37
Vanavana,microalgal_mats_perc,0.0
Vattaru,microalgal_mats_perc,0.18
Wailagilala,microalgal_mats_perc,8.25
Wake,microalgal_mats_perc,0.36
West_Fayu,microalgal_mats_perc,3.14
Willis,microalgal_mats_perc,0.0
Woleai,microalgal_mats_perc,2.29
Wotho,microalgal_mats_perc,0.97
Wotje,microalgal_mats_perc,0.86
Zohhoiiyoru,microalgal_mats_perc,0.33
Abaiang,rock_kmsq,48.0
Abariringa,rock_kmsq,5.6
Abemama,rock_kmsq,50.54
Addu,rock_kmsq,14.8
Agatti,rock_kmsq,9.69
Ahe,rock_kmsq,7.39
Ahunui,rock_kmsq,0.77
Ailinginae,rock_kmsq,25.89
Ailinglaplap,rock_kmsq,42.71
Ailuk,rock_kmsq,28.06
Aldabra,rock_kmsq,22.69
Alphonse,rock_kmsq,3.94
Amanu,rock_kmsq,9.1
Anaa,rock_kmsq,9.93
Analtin,rock_kmsq,5.65
Ant,rock_kmsq,10.05
Anuanuraro,rock_kmsq,0.75
Anuanurunga,rock_kmsq,0.49
Apataki,rock_kmsq,17.94
Aranuka,rock_kmsq,17.64
Aratika,rock_kmsq,6.43
Ari,rock_kmsq,48.95
Arno,rock_kmsq,37.74
Arutua,rock_kmsq,9.65
Ashmore,rock_kmsq,33.65
Astove,rock_kmsq,4.96
Atafu,rock_kmsq,1.17
Aur,rock_kmsq,16.52
Awin,rock_kmsq,1.82
Bangaram,rock_kmsq,3.49
Beautemps-Beaupre,rock_kmsq,0.77
Bellona,rock_kmsq,20.27
Beru,rock_kmsq,15.09
Bikar,rock_kmsq,20.16
Bikini,rock_kmsq,41.27
Birnie,rock_kmsq,0.06
Bitra_Par,rock_kmsq,7.79
Bokaak,rock_kmsq,47.76
Bramble_Haven,rock_kmsq,7.59
Budibudi,rock_kmsq,1.2
Butaritari,rock_kmsq,43.41
Byramgore,rock_kmsq,10.81
Caroline,rock_kmsq,6.92
Cato,rock_kmsq,1.71
Cherbaniani,rock_kmsq,6.2
Chesterfield,rock_kmsq,54.87
Chetlat,rock_kmsq,1.78
Clipperton,rock_kmsq,1.51
Conflict,rock_kmsq,9.67
Cosmoledo,rock_kmsq,22.64
Desroches,rock_kmsq,1.67
Diego_Garcia,rock_kmsq,9.37
Ducie,rock_kmsq,1.42
Eauripik,rock_kmsq,6.06
Ebon,rock_kmsq,18.47
Egmont,rock_kmsq,3.14
Egum,rock_kmsq,5.01
Elato,rock_kmsq,4.63
Enderbury,rock_kmsq,0.26
Eniwetok,rock_kmsq,39.01
Erikub,rock_kmsq,12.93
Etal,rock_kmsq,3.64
Europa,rock_kmsq,1.86
Faadhippolhu,rock_kmsq,20.71
Faaite,rock_kmsq,21.26
Fakahina,rock_kmsq,1.89
Fakaofo,rock_kmsq,1.92
Fakarava,rock_kmsq,32.65
Fangatau,rock_kmsq,1.75
Fangataufa,rock_kmsq,2.16
Faraulep,rock_kmsq,2.46
Farquhar,rock_kmsq,23.08
Fasdhuthere,rock_kmsq,3.68
Felidhu,rock_kmsq,59.23
French_Frigate_Shoals,rock_kmsq,6.14
Funafuti,rock_kmsq,6.51
Fuvahmulah,rock_kmsq,0.48
Gaafaru,rock_kmsq,3.45
Glorioso,rock_kmsq,10.22
Goidhoo,rock_kmsq,7.78
Great_Chagos_Bank,rock_kmsq,2.15
Haddhunmathi,rock_kmsq,43.32
Hao,rock_kmsq,17.39
Haraiki,rock_kmsq,3.91
Helen,rock_kmsq,21.04
Hereheretue,rock_kmsq,2.58
Hikueru,rock_kmsq,2.02
Hiti,rock_kmsq,2.08
Huon,rock_kmsq,5.56
Huvadhu,rock_kmsq,78.9
Ifalik,rock_kmsq,0.51
Ihavandhippolu,rock_kmsq,15.97
Jaluit,rock_kmsq,61.43
Jemo,rock_kmsq,0.09
Johnston,rock_kmsq,0.85
Kaashidhoo,rock_kmsq,1.78
Kademat,rock_kmsq,5.6
Kalpeni,rock_kmsq,3.26
Kapingamarangi,rock_kmsq,10.09
Katiu,rock_kmsq,6.52
Kauehi,rock_kmsq,7.05
Kaukura,rock_kmsq,8.88
Kavaratti,rock_kmsq,1.42
Kilinailau,rock_kmsq,14.86
Kiltan,rock_kmsq,1.47
Kiritimati,rock_kmsq,15.06
Kolhumadulu,rock_kmsq,37.24
Kuop,rock_kmsq,5.78
Kure,rock_kmsq,1.69
Kuria,rock_kmsq,10.14
Kurimarau,rock_kmsq,0.2
Kwajalein,rock_kmsq,64.12
Lae,rock_kmsq,5.39
Lamotrek,rock_kmsq,4.44
Laualau,rock_kmsq,2.56
Laysan,rock_kmsq,0.57
Leli,rock_kmsq,1.49
Lib,rock_kmsq,0.33
Lihou,rock_kmsq,34.32
Likiep,rock_kmsq,27.85
Liot,rock_kmsq,1.04
Lisianski,rock_kmsq,7.48
Long_Reef,rock_kmsq,43.34
Loraine_Anobat,rock_kmsq,0.07
Losap,rock_kmsq,6.81
Losiep,rock_kmsq,2.17
Lukunor,rock_kmsq,7.76
Mabui,rock_kmsq,0.54
Maiana,rock_kmsq,16.23
Majuro,rock_kmsq,26.19
Makemo,rock_kmsq,36.02
Makin,rock_kmsq,5.48
Makunudhoo,rock_kmsq,13.72
Malden,rock_kmsq,0.94
Maloelap,rock_kmsq,33.87
Malum,rock_kmsq,3.91
Manihi,rock_kmsq,6.02
Manihiki,rock_kmsq,2.55
Manra,rock_kmsq,0.77
Manuae,rock_kmsq,3.51
Manuhangi,rock_kmsq,0.8
Marakei,rock_kmsq,7.06
Maria,rock_kmsq,2.43
Maria_Est,rock_kmsq,1.37
Marokau,rock_kmsq,9.93
Marutea_Nord,rock_kmsq,10.19
Marutea_Sud,rock_kmsq,6.3
Mataiva,rock_kmsq,4.58
Matureivavao,rock_kmsq,2.04
Maupihaa,rock_kmsq,2.34
Mellish,rock_kmsq,3.23
Midway,rock_kmsq,3.1
Mili,rock_kmsq,48.0
Minicoy,rock_kmsq,2.9
Mokil,rock_kmsq,2.99
Morane,rock_kmsq,1.61
Moruroa,rock_kmsq,6.95
Motu_One,rock_kmsq,1.11
Motutunga,rock_kmsq,5.36
Mulaku,rock_kmsq,35.97
Murilo,rock_kmsq,16.91
Namoluk,rock_kmsq,2.3
Namonuito,rock_kmsq,5.34
Namorik,rock_kmsq,5.75
Namu,rock_kmsq,37.0
Nanumanga,rock_kmsq,0.34
Nanumea,rock_kmsq,10.38
Napuka,rock_kmsq,4.7
Nengonengo,rock_kmsq,6.85
Ngcheangel,rock_kmsq,3.66
Ngulu,rock_kmsq,17.26
Niau,rock_kmsq,0.58
Nihiru,rock_kmsq,5.78
Nikumaroro,rock_kmsq,2.46
Nikunau,rock_kmsq,3.71
Ninigo,rock_kmsq,25.4
Nissan,rock_kmsq,1.85
Niulakita,rock_kmsq,0.13
Niutao,rock_kmsq,0.33
Nomwin,rock_kmsq,14.83
Nonouti,rock_kmsq,41.75
North_Keeling,rock_kmsq,0.0
North_Maalhosmadulu,rock_kmsq,35.73
North_Male,rock_kmsq,31.51
North_Nilandhe,rock_kmsq,18.87
North_Tubbataha,rock_kmsq,8.07
Nuguria,rock_kmsq,13.19
Nui,rock_kmsq,6.58
Nukapu,rock_kmsq,0.41
Nukufetau,rock_kmsq,3.89
Nukulaelae,rock_kmsq,2.01
Nukumanu,rock_kmsq,8.42
Nukumbasanga,rock_kmsq,0.11
Nukunonu,rock_kmsq,2.05
Nukuoro,rock_kmsq,4.25
Nukusemanu,rock_kmsq,6.95
Nukutepipi,rock_kmsq,0.66
Numa_Miombilou,rock_kmsq,8.26
Nupani,rock_kmsq,2.71
Oeno,rock_kmsq,1.36
Olimarao,rock_kmsq,2.3
Onotoa,rock_kmsq,8.75
Ontong_Java,rock_kmsq,35.19
Oroluk,rock_kmsq,28.61
Orona,rock_kmsq,4.34
Pakin,rock_kmsq,4.22
Palmerston,rock_kmsq,5.73
Palmyra,rock_kmsq,3.09
Paraoa,rock_kmsq,1.3
Pearl_and_Hermes,rock_kmsq,4.33
Peremul_Par,rock_kmsq,10.4
Peros_Banhos,rock_kmsq,16.23
Pinaki,rock_kmsq,0.57
Pingelap,rock_kmsq,2.19
Pinipel,rock_kmsq,1.67
Platte,rock_kmsq,4.87
Providence,rock_kmsq,43.62
Pukapuka,rock_kmsq,5.86
Puka-Puka,rock_kmsq,1.46
Pukarua,rock_kmsq,3.55
Pulap,rock_kmsq,2.74
Pulusuk,rock_kmsq,0.6
Puluwat,rock_kmsq,1.07
Qelelevu,rock_kmsq,3.9
Rakahanga,rock_kmsq,1.19
Rangiroa,rock_kmsq,31.15
Raraka,rock_kmsq,7.82
Raroia,rock_kmsq,15.77
Rasdhoo,rock_kmsq,2.8
Ravahere,rock_kmsq,5.73
Reao,rock_kmsq,5.96
Redlick,rock_kmsq,3.66
Reitoru,rock_kmsq,0.75
Rekareka,rock_kmsq,1.1
Rongelap,rock_kmsq,43.84
Rongerik,rock_kmsq,14.84
Rose,rock_kmsq,0.44
Rowa,rock_kmsq,2.81
Saloman,rock_kmsq,4.35
Sama,rock_kmsq,2.42
Samasuma,rock_kmsq,2.53
Sapwuahfik,rock_kmsq,19.89
Satawan,rock_kmsq,22.56
Scilly,rock_kmsq,4.11
Sikaiana,rock_kmsq,3.03
Sorol,rock_kmsq,6.17
South_Keeling,rock_kmsq,3.19
South_Maalhosmadulu,rock_kmsq,25.92
South_Male,rock_kmsq,18.33
South_Nilandhe,rock_kmsq,21.84
South_Tubbataha,rock_kmsq,1.81
St_Francois,rock_kmsq,16.63
St_Joseph,rock_kmsq,5.8
Starbuck,rock_kmsq,1.49
Suheli_Par,rock_kmsq,5.9
Surprise,rock_kmsq,8.79
Suwarrow,rock_kmsq,14.54
Swains,rock_kmsq,0.07
Tabiteuea,rock_kmsq,79.53
Tabuaeran,rock_kmsq,5.43
Taenga,rock_kmsq,9.93
Tahanea,rock_kmsq,21.26
Taiaro,rock_kmsq,0.32
Taka,rock_kmsq,19.68
Takapoto,rock_kmsq,4.27
Takaroa,rock_kmsq,5.38
Takume,rock_kmsq,8.77
Takuu,rock_kmsq,6.4
Tarawa,rock_kmsq,40.38
Tatakoto,rock_kmsq,4.41
Tauere,rock_kmsq,2.02
Tekokota,rock_kmsq,1.85
Temitangi,rock_kmsq,2.32
Temoe,rock_kmsq,2.31
Tenararo,rock_kmsq,0.32
Tenaruga,rock_kmsq,0.46
Tepoto,rock_kmsq,1.26
Teraina,rock_kmsq,0.26
Tetiaroa,rock_kmsq,2.33
Thiladhunmathi,rock_kmsq,35.64
Thoddoo,rock_kmsq,0.76
Tikehau,rock_kmsq,8.84
Tilianu,rock_kmsq,0.02
Toau,rock_kmsq,26.63
Tongareva,rock_kmsq,6.91
Torlesse,rock_kmsq,2.51
Tuanake,rock_kmsq,2.79
Tupai,rock_kmsq,1.7
Tureia,rock_kmsq,2.51
Ujae,rock_kmsq,26.65
Ujelang,rock_kmsq,19.25
Ulithi,rock_kmsq,23.43
Utirik,rock_kmsq,14.53
Vahanga,rock_kmsq,0.37
Vahitahi,rock_kmsq,3.09
Vairaatea,rock_kmsq,1.46
Vaitupu,rock_kmsq,1.33
Vanavana,rock_kmsq,0.64
Vattaru,rock_kmsq,2.67
Wailagilala,rock_kmsq,2.63
Wake,rock_kmsq,3.26
West_Fayu,rock_kmsq,2.14
Willis,rock_kmsq,18.5
Woleai,rock_kmsq,4.07
Wotho,rock_kmsq,11.38
Wotje,rock_kmsq,35.5
Zohhoiiyoru,rock_kmsq,0.4
Abaiang,rock_perc,22.27
Abariringa,rock_perc,11.0
Abemama,rock_perc,34.64
Addu,rock_perc,31.37
Agatti,rock_perc,39.68
Ahe,rock_perc,43.61
Ahunui,rock_perc,45.35
Ailinginae,rock_perc,43.22
Ailinglaplap,rock_perc,44.42
Ailuk,rock_perc,43.39
Aldabra,rock_perc,10.62
Alphonse,rock_perc,21.12
Amanu,rock_perc,44.37
Anaa,rock_perc,27.25
Analtin,rock_perc,17.98
Ant,rock_perc,39.08
Anuanuraro,rock_perc,14.56
Anuanurunga,rock_perc,21.12
Apataki,rock_perc,38.24
Aranuka,rock_perc,31.3
Aratika,rock_perc,31.42
Ari,rock_perc,19.18
Arno,rock_perc,32.96
Arutua,rock_perc,16.38
Ashmore,rock_perc,16.13
Astove,rock_perc,38.28
Atafu,rock_perc,9.91
Aur,rock_perc,37.67
Awin,rock_perc,28.61
Bangaram,rock_perc,7.93
Beautemps-Beaupre,rock_perc,4.23
Bellona,rock_perc,21.23
Beru,rock_perc,34.67
Bikar,rock_perc,41.3
Bikini,rock_perc,37.57
Birnie,rock_perc,6.55
Bitra_Par,rock_perc,12.25
Bokaak,rock_perc,51.03
Bramble_Haven,rock_perc,14.45
Budibudi,rock_perc,11.51
Butaritari,rock_perc,24.02
Byramgore,rock_perc,11.53
Caroline,rock_perc,49.73
Cato,rock_perc,31.92
Cherbaniani,rock_perc,13.19
Chesterfield,rock_perc,21.48
Chetlat,rock_perc,34.1
Clipperton,rock_perc,62.7
Conflict,rock_perc,23.1
Cosmoledo,rock_perc,16.63
Desroches,rock_perc,6.99
Diego_Garcia,rock_perc,17.84
Ducie,rock_perc,40.33
Eauripik,rock_perc,45.82
Ebon,rock_perc,63.28
Egmont,rock_perc,16.8
Egum,rock_perc,17.05
Elato,rock_perc,40.18
Enderbury,rock_perc,16.21
Eniwetok,rock_perc,26.94
Erikub,rock_perc,25.7
Etal,rock_perc,43.13
Europa,rock_perc,15.31
Faadhippolhu,rock_perc,18.95
Faaite,rock_perc,24.21
Fakahina,rock_perc,62.34
Fakaofo,rock_perc,7.44
Fakarava,rock_perc,25.55
Fangatau,rock_perc,65.22
Fangataufa,rock_perc,17.07
Faraulep,rock_perc,36.51
Farquhar,rock_perc,14.2
Fasdhuthere,rock_perc,15.9
Felidhu,rock_perc,31.23
French_Frigate_Shoals,rock_perc,2.1
Funafuti,rock_perc,17.37
Fuvahmulah,rock_perc,20.54
Gaafaru,rock_perc,13.18
Glorioso,rock_perc,21.46
Goidhoo,rock_perc,17.46
Great_Chagos_Bank,rock_perc,13.81
Haddhunmathi,rock_perc,30.18
Hao,rock_perc,35.1
Haraiki,rock_perc,30.28
Helen,rock_perc,29.08
Hereheretue,rock_perc,20.96
Hikueru,rock_perc,24.52
Hiti,rock_perc,23.1
Huon,rock_perc,11.96
Huvadhu,rock_perc,25.38
Ifalik,rock_perc,10.28
Ihavandhippolu,rock_perc,19.69
Jaluit,rock_perc,34.09
Jemo,rock_perc,4.28
Johnston,rock_perc,5.06
Kaashidhoo,rock_perc,29.01
Kademat,rock_perc,21.66
Kalpeni,rock_perc,11.5
Kapingamarangi,rock_perc,46.61
Katiu,rock_perc,23.62
Kauehi,rock_perc,36.56
Kaukura,rock_perc,6.23
Kavaratti,rock_perc,19.55
Kilinailau,rock_perc,23.09
Kiltan,rock_perc,33.46
Kiritimati,rock_perc,12.32
Kolhumadulu,rock_perc,23.16
Kuop,rock_perc,17.81
Kure,rock_perc,3.31
Kuria,rock_perc,49.94
Kurimarau,rock_perc,7.95
Kwajalein,rock_perc,26.4
Lae,rock_perc,42.38
Lamotrek,rock_perc,48.42
Laualau,rock_perc,42.61
Laysan,rock_perc,46.44
Leli,rock_perc,27.79
Lib,rock_perc,28.75
Lihou,rock_perc,28.6
Likiep,rock_perc,33.15
Liot,rock_perc,33.12
Lisianski,rock_perc,6.5
Long_Reef,rock_perc,16.7
Loraine_Anobat,rock_perc,7.57
Losap,rock_perc,45.15
Losiep,rock_perc,36.51
Lukunor,rock_perc,51.39
Mabui,rock_perc,13.43
Maiana,rock_perc,11.18
Majuro,rock_perc,39.21
Makemo,rock_perc,32.03
Makin,rock_perc,65.78
Makunudhoo,rock_perc,15.51
Malden,rock_perc,46.63
Maloelap,rock_perc,35.41
Malum,rock_perc,22.54
Manihi,rock_perc,38.34
Manihiki,rock_perc,29.37
Manra,rock_perc,47.56
Manuae,rock_perc,26.94
Manuhangi,rock_perc,43.67
Marakei,rock_perc,28.75
Maria,rock_perc,32.03
Maria_Est,rock_perc,37.78
Marokau,rock_perc,29.6
Marutea_Nord,rock_perc,12.76
Marutea_Sud,rock_perc,31.78
Mataiva,rock_perc,15.26
Matureivavao,rock_perc,42.64
Maupihaa,rock_perc,12.73
Mellish,rock_perc,15.41
Midway,rock_perc,5.85
Mili,rock_perc,31.44
Minicoy,rock_perc,7.81
Mokil,rock_perc,57.46
Morane,rock_perc,29.99
Moruroa,rock_perc,24.82
Motu_One,rock_perc,13.11
Motutunga,rock_perc,17.24
Mulaku,rock_perc,22.74
Murilo,rock_perc,40.69
Namoluk,rock_perc,36.25
Namonuito,rock_perc,24.88
Namorik,rock_perc,41.68
Namu,rock_perc,39.97
Nanumanga,rock_perc,13.87
Nanumea,rock_perc,56.79
Napuka,rock_perc,38.74
Nengonengo,rock_perc,47.2
Ngcheangel,rock_perc,20.94
Ngulu,rock_perc,43.89
Niau,rock_perc,30.63
Nihiru,rock_perc,29.36
Nikumaroro,rock_perc,28.72
Nikunau,rock_perc,34.65
Ninigo,rock_perc,23.38
Nissan,rock_perc,13.92
Niulakita,rock_perc,3.05
Niutao,rock_perc,21.61
Nomwin,rock_perc,34.59
Nonouti,rock_perc,9.33
North_Keeling,rock_perc,0.38
North_Maalhosmadulu,rock_perc,23.19
North_Male,rock_perc,15.65
North_Nilandhe,rock_perc,17.13
North_Tubbataha,rock_perc,21.93
Nuguria,rock_perc,17.46
Nui,rock_perc,40.75
Nukapu,rock_perc,7.08
Nukufetau,rock_perc,15.43
Nukulaelae,rock_perc,8.83
Nukumanu,rock_perc,23.52
Nukumbasanga,rock_perc,2.6
Nukunonu,rock_perc,10.71
Nukuoro,rock_perc,41.37
Nukusemanu,rock_perc,12.97
Nukutepipi,rock_perc,28.99
Numa_Miombilou,rock_perc,10.98
Nupani,rock_perc,18.17
Oeno,rock_perc,11.53
Olimarao,rock_perc,48.0
Onotoa,rock_perc,29.48
Ontong_Java,rock_perc,27.73
Oroluk,rock_perc,59.17
Orona,rock_perc,26.34
Pakin,rock_perc,31.12
Palmerston,rock_perc,24.7
Palmyra,rock_perc,14.65
Paraoa,rock_perc,27.63
Pearl_and_Hermes,rock_perc,1.96
Peremul_Par,rock_perc,13.0
Peros_Banhos,rock_perc,38.54
Pinaki,rock_perc,30.75
Pingelap,rock_perc,59.61
Pinipel,rock_perc,11.17
Platte,rock_perc,14.34
Providence,rock_perc,10.6
Pukapuka,rock_perc,45.64
Puka-Puka,rock_perc,45.21
Pukarua,rock_perc,29.38
Pulap,rock_perc,40.86
Pulusuk,rock_perc,34.61
Puluwat,rock_perc,34.4
Qelelevu,rock_perc,7.27
Rakahanga,rock_perc,37.55
Rangiroa,rock_perc,24.2
Raraka,rock_perc,30.21
Raroia,rock_perc,37.54
Rasdhoo,rock_perc,13.07
Ravahere,rock_perc,28.62
Reao,rock_perc,37.88
Redlick,rock_perc,19.89
Reitoru,rock_perc,8.95
Rekareka,rock_perc,56.2
Rongelap,rock_perc,30.35
Rongerik,rock_perc,27.36
Rose,rock_perc,10.31
Rowa,rock_perc,12.01
Saloman,rock_perc,29.16
Sama,rock_perc,40.7
Samasuma,rock_perc,31.76
Sapwuahfik,rock_perc,49.95
Satawan,rock_perc,40.88
Scilly,rock_perc,13.93
Sikaiana,rock_perc,23.66
Sorol,rock_perc,56.81
South_Keeling,rock_perc,3.36
South_Maalhosmadulu,rock_perc,19.43
South_Male,rock_perc,16.33
South_Nilandhe,rock_perc,18.15
South_Tubbataha,rock_perc,12.14
St_Francois,rock_perc,27.82
St_Joseph,rock_perc,22.84
Starbuck,rock_perc,47.79
Suheli_Par,rock_perc,6.92
Surprise,rock_perc,12.86
Suwarrow,rock_perc,42.82
Swains,rock_perc,3.77
Tabiteuea,rock_perc,15.22
Tabuaeran,rock_perc,4.54
Taenga,rock_perc,46.8
Tahanea,rock_perc,24.21
Taiaro,rock_perc,42.09
Taka,rock_perc,40.78
Takapoto,rock_perc,35.76
Takaroa,rock_perc,38.95
Takume,rock_perc,46.86
Takuu,rock_perc,23.12
Tarawa,rock_perc,15.3
Tatakoto,rock_perc,25.68
Tauere,rock_perc,24.52
Tekokota,rock_perc,27.6
Temitangi,rock_perc,21.42
Temoe,rock_perc,34.08
Tenararo,rock_perc,16.5
Tenaruga,rock_perc,46.2
Tepoto,rock_perc,44.55
Teraina,rock_perc,7.61
Tetiaroa,rock_perc,9.77
Thiladhunmathi,rock_perc,16.96
Thoddoo,rock_perc,26.81
Tikehau,rock_perc,23.41
Tilianu,rock_perc,6.89
Toau,rock_perc,25.61
Tongareva,rock_perc,20.39
Torlesse,rock_perc,25.85
Tuanake,rock_perc,33.64
Tupai,rock_perc,10.09
Tureia,rock_perc,33.42
Ujae,rock_perc,39.95
Ujelang,rock_perc,55.89
Ulithi,rock_perc,41.89
Utirik,rock_perc,37.27
Vahanga,rock_perc,37.71
Vahitahi,rock_perc,39.93
Vairaatea,rock_perc,29.32
Vaitupu,rock_perc,26.83
Vanavana,rock_perc,44.3
Vattaru,rock_perc,20.78
Wailagilala,rock_perc,23.48
Wake,rock_perc,23.37
West_Fayu,rock_perc,29.45
Willis,rock_perc,34.05
Woleai,rock_perc,24.69
Wotho,rock_perc,23.52
Wotje,rock_perc,35.2
Zohhoiiyoru,rock_perc,21.36
Abaiang,rubble_kmsq,14.42
Abariringa,rubble_kmsq,4.24
Abemama,rubble_kmsq,21.95
Addu,rubble_kmsq,3.67
Agatti,rubble_kmsq,4.82
Ahe,rubble_kmsq,1.19
Ahunui,rubble_kmsq,0.12
Ailinginae,rubble_kmsq,6.16
Ailinglaplap,rubble_kmsq,6.3
Ailuk,rubble_kmsq,10.36
Aldabra,rubble_kmsq,39.03
Alphonse,rubble_kmsq,2.57
Amanu,rubble_kmsq,2.82
Anaa,rubble_kmsq,3.72
Analtin,rubble_kmsq,10.39
Ant,rubble_kmsq,5.47
Anuanuraro,rubble_kmsq,0.55
Anuanurunga,rubble_kmsq,0.26
Apataki,rubble_kmsq,10.61
Aranuka,rubble_kmsq,16.4
Aratika,rubble_kmsq,3.86
Ari,rubble_kmsq,46.71
Arno,rubble_kmsq,12.83
Arutua,rubble_kmsq,22.36
Ashmore,rubble_kmsq,37.35
Astove,rubble_kmsq,3.42
Atafu,rubble_kmsq,0.95
Aur,rubble_kmsq,3.27
Awin,rubble_kmsq,1.48
Bangaram,rubble_kmsq,6.41
Beautemps-Beaupre,rubble_kmsq,1.02
Bellona,rubble_kmsq,30.61
Beru,rubble_kmsq,10.83
Bikar,rubble_kmsq,3.25
Bikini,rubble_kmsq,7.82
Birnie,rubble_kmsq,0.0
Bitra_Par,rubble_kmsq,9.51
Bokaak,rubble_kmsq,1.57
Bramble_Haven,rubble_kmsq,17.19
Budibudi,rubble_kmsq,2.87
Butaritari,rubble_kmsq,40.16
Byramgore,rubble_kmsq,15.06
Caroline,rubble_kmsq,2.95
Cato,rubble_kmsq,1.03
Cherbaniani,rubble_kmsq,7.12
Chesterfield,rubble_kmsq,86.02
Chetlat,rubble_kmsq,0.26
Clipperton,rubble_kmsq,0.15
Conflict,rubble_kmsq,10.27
Cosmoledo,rubble_kmsq,22.71
Desroches,rubble_kmsq,1.93
Diego_Garcia,rubble_kmsq,11.14
Ducie,rubble_kmsq,0.7
Eauripik,rubble_kmsq,3.98
Ebon,rubble_kmsq,2.34
Egmont,rubble_kmsq,2.63
Egum,rubble_kmsq,2.73
Elato,rubble_kmsq,2.19
Enderbury,rubble_kmsq,0.0
Eniwetok,rubble_kmsq,16.78
Erikub,rubble_kmsq,1.15
Etal,rubble_kmsq,2.53
Europa,rubble_kmsq,2.02
Faadhippolhu,rubble_kmsq,19.91
Faaite,rubble_kmsq,9.75
Fakahina,rubble_kmsq,0.28
Fakaofo,rubble_kmsq,2.11
Fakarava,rubble_kmsq,45.97
Fangatau,rubble_kmsq,0.02
Fangataufa,rubble_kmsq,0.91
Faraulep,rubble_kmsq,1.93
Farquhar,rubble_kmsq,21.99
Fasdhuthere,rubble_kmsq,9.37
Felidhu,rubble_kmsq,59.23
French_Frigate_Shoals,rubble_kmsq,29.87
Funafuti,rubble_kmsq,5.44
Fuvahmulah,rubble_kmsq,0.05
Gaafaru,rubble_kmsq,6.2
Glorioso,rubble_kmsq,14.22
Goidhoo,rubble_kmsq,10.59
Great_Chagos_Bank,rubble_kmsq,0.77
Haddhunmathi,rubble_kmsq,24.07
Hao,rubble_kmsq,7.72
Haraiki,rubble_kmsq,2.4
Helen,rubble_kmsq,22.28
Hereheretue,rubble_kmsq,1.16
Hikueru,rubble_kmsq,1.13
Hiti,rubble_kmsq,2.29
Huon,rubble_kmsq,9.87
Huvadhu,rubble_kmsq,58.99
Ifalik,rubble_kmsq,1.26
Ihavandhippolu,rubble_kmsq,12.52
Jaluit,rubble_kmsq,20.61
Jemo,rubble_kmsq,0.03
Johnston,rubble_kmsq,2.41
Kaashidhoo,rubble_kmsq,0.49
Kademat,rubble_kmsq,6.38
Kalpeni,rubble_kmsq,3.66
Kapingamarangi,rubble_kmsq,4.7
Katiu,rubble_kmsq,7.09
Kauehi,rubble_kmsq,2.31
Kaukura,rubble_kmsq,16.16
Kavaratti,rubble_kmsq,1.17
Kilinailau,rubble_kmsq,28.34
Kiltan,rubble_kmsq,0.36
Kiritimati,rubble_kmsq,18.98
Kolhumadulu,rubble_kmsq,33.23
Kuop,rubble_kmsq,10.84
Kure,rubble_kmsq,9.24
Kuria,rubble_kmsq,1.17
Kurimarau,rubble_kmsq,0.44
Kwajalein,rubble_kmsq,15.31
Lae,rubble_kmsq,1.39
Lamotrek,rubble_kmsq,2.44
Laualau,rubble_kmsq,0.81
Laysan,rubble_kmsq,0.38
Leli,rubble_kmsq,1.35
Lib,rubble_kmsq,0.19
Lihou,rubble_kmsq,28.43
Likiep,rubble_kmsq,10.13
Liot,rubble_kmsq,1.04
Lisianski,rubble_kmsq,13.24
Long_Reef,rubble_kmsq,76.32
Loraine_Anobat,rubble_kmsq,0.08
Losap,rubble_kmsq,4.11
Losiep,rubble_kmsq,2.0
Lukunor,rubble_kmsq,3.43
Mabui,rubble_kmsq,1.58
Maiana,rubble_kmsq,22.64
Majuro,rubble_kmsq,1.63
Makemo,rubble_kmsq,20.96
Makin,rubble_kmsq,0.89
Makunudhoo,rubble_kmsq,21.19
Malden,rubble_kmsq,0.09
Maloelap,rubble_kmsq,8.5
Malum,rubble_kmsq,4.05
Manihi,rubble_kmsq,1.14
Manihiki,rubble_kmsq,1.83
Manra,rubble_kmsq,0.0
Manuae,rubble_kmsq,0.67
Manuhangi,rubble_kmsq,0.2
Marakei,rubble_kmsq,3.85
Maria,rubble_kmsq,2.89
Maria_Est,rubble_kmsq,0.2
Marokau,rubble_kmsq,3.18
Marutea_Nord,rubble_kmsq,8.75
Marutea_Sud,rubble_kmsq,2.95
Mataiva,rubble_kmsq,2.52
Matureivavao,rubble_kmsq,0.62
Maupihaa,rubble_kmsq,5.23
Mellish,rubble_kmsq,7.97
Midway,rubble_kmsq,15.37
Mili,rubble_kmsq,21.41
Minicoy,rubble_kmsq,2.99
Mokil,rubble_kmsq,1.08
Morane,rubble_kmsq,0.81
Moruroa,rubble_kmsq,5.23
Motu_One,rubble_kmsq,3.2
Motutunga,rubble_kmsq,12.02
Mulaku,rubble_kmsq,37.49
Murilo,rubble_kmsq,5.89
Namoluk,rubble_kmsq,1.3
Namonuito,rubble_kmsq,5.47
Namorik,rubble_kmsq,1.49
Namu,rubble_kmsq,5.16
Nanumanga,rubble_kmsq,0.14
Nanumea,rubble_kmsq,2.56
Napuka,rubble_kmsq,2.33
Nengonengo,rubble_kmsq,1.11
Ngcheangel,rubble_kmsq,5.66
Ngulu,rubble_kmsq,7.76
Niau,rubble_kmsq,0.05
Nihiru,rubble_kmsq,2.2
Nikumaroro,rubble_kmsq,0.98
Nikunau,rubble_kmsq,0.22
Ninigo,rubble_kmsq,30.33
Nissan,rubble_kmsq,1.81
Niulakita,rubble_kmsq,0.06
Niutao,rubble_kmsq,0.0
Nomwin,rubble_kmsq,10.43
Nonouti,rubble_kmsq,33.75
North_Keeling,rubble_kmsq,0.12
North_Maalhosmadulu,rubble_kmsq,33.7
North_Male,rubble_kmsq,42.25
North_Nilandhe,rubble_kmsq,27.72
North_Tubbataha,rubble_kmsq,7.98
Nuguria,rubble_kmsq,24.46
Nui,rubble_kmsq,4.62
Nukapu,rubble_kmsq,1.2
Nukufetau,rubble_kmsq,3.44
Nukulaelae,rubble_kmsq,1.81
Nukumanu,rubble_kmsq,10.3
Nukumbasanga,rubble_kmsq,0.01
Nukunonu,rubble_kmsq,2.09
Nukuoro,rubble_kmsq,2.32
Nukusemanu,rubble_kmsq,3.25
Nukutepipi,rubble_kmsq,0.24
Numa_Miombilou,rubble_kmsq,24.52
Nupani,rubble_kmsq,4.66
Oeno,rubble_kmsq,2.73
Olimarao,rubble_kmsq,0.74
Onotoa,rubble_kmsq,3.7
Ontong_Java,rubble_kmsq,40.56
Oroluk,rubble_kmsq,7.55
Orona,rubble_kmsq,0.98
Pakin,rubble_kmsq,3.16
Palmerston,rubble_kmsq,6.19
Palmyra,rubble_kmsq,7.32
Paraoa,rubble_kmsq,1.06
Pearl_and_Hermes,rubble_kmsq,43.37
Peremul_Par,rubble_kmsq,13.17
Peros_Banhos,rubble_kmsq,6.91
Pinaki,rubble_kmsq,0.31
Pingelap,rubble_kmsq,0.75
Pinipel,rubble_kmsq,5.35
Platte,rubble_kmsq,2.33
Providence,rubble_kmsq,43.47
Pukapuka,rubble_kmsq,2.56
Puka-Puka,rubble_kmsq,0.95
Pukarua,rubble_kmsq,3.47
Pulap,rubble_kmsq,1.58
Pulusuk,rubble_kmsq,0.1
Puluwat,rubble_kmsq,0.54
Qelelevu,rubble_kmsq,11.76
Rakahanga,rubble_kmsq,0.42
Rangiroa,rubble_kmsq,41.45
Raraka,rubble_kmsq,2.72
Raroia,rubble_kmsq,6.54
Rasdhoo,rubble_kmsq,2.55
Ravahere,rubble_kmsq,1.61
Reao,rubble_kmsq,1.89
Redlick,rubble_kmsq,4.72
Reitoru,rubble_kmsq,0.78
Rekareka,rubble_kmsq,0.11
Rongelap,rubble_kmsq,23.59
Rongerik,rubble_kmsq,2.03
Rose,rubble_kmsq,1.61
Rowa,rubble_kmsq,8.21
Saloman,rubble_kmsq,3.84
Sama,rubble_kmsq,2.07
Samasuma,rubble_kmsq,1.13
Sapwuahfik,rubble_kmsq,8.91
Satawan,rubble_kmsq,13.2
Scilly,rubble_kmsq,6.11
Sikaiana,rubble_kmsq,5.19
Sorol,rubble_kmsq,1.95
South_Keeling,rubble_kmsq,16.84
South_Maalhosmadulu,rubble_kmsq,32.89
South_Male,rubble_kmsq,28.38
South_Nilandhe,rubble_kmsq,26.93
South_Tubbataha,rubble_kmsq,5.01
St_Francois,rubble_kmsq,6.97
St_Joseph,rubble_kmsq,4.34
Starbuck,rubble_kmsq,0.19
Suheli_Par,rubble_kmsq,19.66
Surprise,rubble_kmsq,13.54
Suwarrow,rubble_kmsq,6.14
Swains,rubble_kmsq,0.36
Tabiteuea,rubble_kmsq,65.26
Tabuaeran,rubble_kmsq,17.34
Taenga,rubble_kmsq,2.79
Tahanea,rubble_kmsq,9.75
Taiaro,rubble_kmsq,0.01
Taka,rubble_kmsq,2.49
Takapoto,rubble_kmsq,1.74
Takaroa,rubble_kmsq,1.33
Takume,rubble_kmsq,3.67
Takuu,rubble_kmsq,7.34
Tarawa,rubble_kmsq,33.06
Tatakoto,rubble_kmsq,2.1
Tauere,rubble_kmsq,1.13
Tekokota,rubble_kmsq,0.47
Temitangi,rubble_kmsq,1.51
Temoe,rubble_kmsq,0.32
Tenararo,rubble_kmsq,0.05
Tenaruga,rubble_kmsq,0.01
Tepoto,rubble_kmsq,0.47
Teraina,rubble_kmsq,0.0
Tetiaroa,rubble_kmsq,3.94
Thiladhunmathi,rubble_kmsq,34.82
Thoddoo,rubble_kmsq,0.32
Tikehau,rubble_kmsq,8.61
Tilianu,rubble_kmsq,0.02
Toau,rubble_kmsq,45.38
Tongareva,rubble_kmsq,6.35
Torlesse,rubble_kmsq,1.05
Tuanake,rubble_kmsq,1.22
Tupai,rubble_kmsq,2.69
Tureia,rubble_kmsq,0.64
Ujae,rubble_kmsq,9.49
Ujelang,rubble_kmsq,2.93
Ulithi,rubble_kmsq,7.95
Utirik,rubble_kmsq,2.62
Vahanga,rubble_kmsq,0.0
Vahitahi,rubble_kmsq,0.48
Vairaatea,rubble_kmsq,1.33
Vaitupu,rubble_kmsq,0.78
Vanavana,rubble_kmsq,0.16
Vattaru,rubble_kmsq,2.53
Wailagilala,rubble_kmsq,3.28
Wake,rubble_kmsq,2.01
West_Fayu,rubble_kmsq,2.24
Willis,rubble_kmsq,14.21
Woleai,rubble_kmsq,3.29
Wotho,rubble_kmsq,1.53
Wotje,rubble_kmsq,7.9
Zohhoiiyoru,rubble_kmsq,0.13
Abaiang,rubble_perc,6.69
Abariringa,rubble_perc,8.33
Abemama,rubble_perc,15.05
Addu,rubble_perc,7.77
Agatti,rubble_perc,19.73
Ahe,rubble_perc,6.99
Ahunui,rubble_perc,6.76
Ailinginae,rubble_perc,10.29
Ailinglaplap,rubble_perc,6.55
Ailuk,rubble_perc,16.01
Aldabra,rubble_perc,18.27
Alphonse,rubble_perc,13.79
Amanu,rubble_perc,13.73
Anaa,rubble_perc,10.2
Analtin,rubble_perc,33.06
Ant,rubble_perc,21.26
Anuanuraro,rubble_perc,10.7
Anuanurunga,rubble_perc,11.28
Apataki,rubble_perc,22.61
Aranuka,rubble_perc,29.1
Aratika,rubble_perc,18.87
Ari,rubble_perc,18.31
Arno,rubble_perc,11.2
Arutua,rubble_perc,37.93
Ashmore,rubble_perc,17.9
Astove,rubble_perc,26.4
Atafu,rubble_perc,8.0
Aur,rubble_perc,7.45
Awin,rubble_perc,23.25
Bangaram,rubble_perc,14.56
Beautemps-Beaupre,rubble_perc,5.6
Bellona,rubble_perc,32.06
Beru,rubble_perc,24.87
Bikar,rubble_perc,6.65
Bikini,rubble_perc,7.12
Birnie,rubble_perc,0.0
Bitra_Par,rubble_perc,14.96
Bokaak,rubble_perc,1.68
Bramble_Haven,rubble_perc,32.73
Budibudi,rubble_perc,27.61
Butaritari,rubble_perc,22.22
Byramgore,rubble_perc,16.07
Caroline,rubble_perc,21.23
Cato,rubble_perc,19.26
Cherbaniani,rubble_perc,15.16
Chesterfield,rubble_perc,33.68
Chetlat,rubble_perc,4.92
Clipperton,rubble_perc,6.32
Conflict,rubble_perc,24.54
Cosmoledo,rubble_perc,16.69
Desroches,rubble_perc,8.08
Diego_Garcia,rubble_perc,21.21
Ducie,rubble_perc,19.97
Eauripik,rubble_perc,30.11
Ebon,rubble_perc,8.0
Egmont,rubble_perc,14.05
Egum,rubble_perc,9.28
Elato,rubble_perc,18.97
Enderbury,rubble_perc,0.0
Eniwetok,rubble_perc,11.59
Erikub,rubble_perc,2.29
Etal,rubble_perc,30.02
Europa,rubble_perc,16.6
Faadhippolhu,rubble_perc,18.22
Faaite,rubble_perc,11.1
Fakahina,rubble_perc,9.17
Fakaofo,rubble_perc,8.17
Fakarava,rubble_perc,35.97
Fangatau,rubble_perc,0.75
Fangataufa,rubble_perc,7.18
Faraulep,rubble_perc,28.75
Farquhar,rubble_perc,13.53
Fasdhuthere,rubble_perc,40.55
Felidhu,rubble_perc,31.23
French_Frigate_Shoals,rubble_perc,10.23
Funafuti,rubble_perc,14.52
Fuvahmulah,rubble_perc,2.33
Gaafaru,rubble_perc,23.66
Glorioso,rubble_perc,29.88
Goidhoo,rubble_perc,23.77
Great_Chagos_Bank,rubble_perc,4.96
Haddhunmathi,rubble_perc,16.77
Hao,rubble_perc,15.58
Haraiki,rubble_perc,18.6
Helen,rubble_perc,30.8
Hereheretue,rubble_perc,9.47
Hikueru,rubble_perc,13.73
Hiti,rubble_perc,25.43
Huon,rubble_perc,21.24
Huvadhu,rubble_perc,18.97
Ifalik,rubble_perc,25.64
Ihavandhippolu,rubble_perc,15.43
Jaluit,rubble_perc,11.43
Jemo,rubble_perc,1.4
Johnston,rubble_perc,14.27
Kaashidhoo,rubble_perc,7.96
Kademat,rubble_perc,24.7
Kalpeni,rubble_perc,12.91
Kapingamarangi,rubble_perc,21.7
Katiu,rubble_perc,25.68
Kauehi,rubble_perc,12.01
Kaukura,rubble_perc,11.33
Kavaratti,rubble_perc,16.15
Kilinailau,rubble_perc,44.04
Kiltan,rubble_perc,8.11
Kiritimati,rubble_perc,15.54
Kolhumadulu,rubble_perc,20.66
Kuop,rubble_perc,33.41
Kure,rubble_perc,18.13
Kuria,rubble_perc,5.78
Kurimarau,rubble_perc,17.5
Kwajalein,rubble_perc,6.3
Lae,rubble_perc,10.96
Lamotrek,rubble_perc,26.66
Laualau,rubble_perc,13.44
Laysan,rubble_perc,31.38
Leli,rubble_perc,25.15
Lib,rubble_perc,16.23
Lihou,rubble_perc,23.68
Likiep,rubble_perc,12.05
Liot,rubble_perc,32.95
Lisianski,rubble_perc,11.5
Long_Reef,rubble_perc,29.41
Loraine_Anobat,rubble_perc,8.65
Losap,rubble_perc,27.23
Losiep,rubble_perc,33.61
Lukunor,rubble_perc,22.74
Mabui,rubble_perc,39.11
Maiana,rubble_perc,15.6
Majuro,rubble_perc,2.44
Makemo,rubble_perc,18.64
Makin,rubble_perc,10.67
Makunudhoo,rubble_perc,23.95
Malden,rubble_perc,4.54
Maloelap,rubble_perc,8.89
Malum,rubble_perc,23.35
Manihi,rubble_perc,7.24
Manihiki,rubble_perc,21.04
Manra,rubble_perc,0.0
Manuae,rubble_perc,5.11
Manuhangi,rubble_perc,10.89
Marakei,rubble_perc,15.67
Maria,rubble_perc,37.97
Maria_Est,rubble_perc,5.5
Marokau,rubble_perc,9.49
Marutea_Nord,rubble_perc,10.96
Marutea_Sud,rubble_perc,14.89
Mataiva,rubble_perc,8.4
Matureivavao,rubble_perc,12.96
Maupihaa,rubble_perc,28.46
Mellish,rubble_perc,38.05
Midway,rubble_perc,29.02
Mili,rubble_perc,14.03
Minicoy,rubble_perc,8.05
Mokil,rubble_perc,20.78
Morane,rubble_perc,15.02
Moruroa,rubble_perc,18.66
Motu_One,rubble_perc,37.92
Motutunga,rubble_perc,38.65
Mulaku,rubble_perc,23.7
Murilo,rubble_perc,14.17
Namoluk,rubble_perc,20.46
Namonuito,rubble_perc,25.47
Namorik,rubble_perc,10.8
Namu,rubble_perc,5.58
Nanumanga,rubble_perc,5.73
Nanumea,rubble_perc,13.99
Napuka,rubble_perc,19.24
Nengonengo,rubble_perc,7.64
Ngcheangel,rubble_perc,32.36
Ngulu,rubble_perc,19.73
Niau,rubble_perc,2.78
Nihiru,rubble_perc,11.17
Nikumaroro,rubble_perc,11.5
Nikunau,rubble_perc,2.05
Ninigo,rubble_perc,27.92
Nissan,rubble_perc,13.58
Niulakita,rubble_perc,1.39
Niutao,rubble_perc,0.0
Nomwin,rubble_perc,24.32
Nonouti,rubble_perc,7.57
North_Keeling,rubble_perc,12.57
North_Maalhosmadulu,rubble_perc,21.87
North_Male,rubble_perc,20.99
North_Nilandhe,rubble_perc,25.16
North_Tubbataha,rubble_perc,21.66
Nuguria,rubble_perc,32.37
Nui,rubble_perc,28.6
Nukapu,rubble_perc,20.98
Nukufetau,rubble_perc,13.66
Nukulaelae,rubble_perc,7.91
Nukumanu,rubble_perc,28.77
Nukumbasanga,rubble_perc,0.32
Nukunonu,rubble_perc,10.91
Nukuoro,rubble_perc,22.63
Nukusemanu,rubble_perc,6.06
Nukutepipi,rubble_perc,10.55
Numa_Miombilou,rubble_perc,32.57
Nupani,rubble_perc,31.22
Oeno,rubble_perc,23.21
Olimarao,rubble_perc,15.38
Onotoa,rubble_perc,12.48
Ontong_Java,rubble_perc,31.97
Oroluk,rubble_perc,15.61
Orona,rubble_perc,5.98
Pakin,rubble_perc,23.3
Palmerston,rubble_perc,26.68
Palmyra,rubble_perc,34.69
Paraoa,rubble_perc,22.5
Pearl_and_Hermes,rubble_perc,19.63
Peremul_Par,rubble_perc,16.47
Peros_Banhos,rubble_perc,16.4
Pinaki,rubble_perc,17.05
Pingelap,rubble_perc,20.35
Pinipel,rubble_perc,35.87
Platte,rubble_perc,6.87
Providence,rubble_perc,10.56
Pukapuka,rubble_perc,19.94
Puka-Puka,rubble_perc,29.36
Pukarua,rubble_perc,28.74
Pulap,rubble_perc,23.55
Pulusuk,rubble_perc,5.54
Puluwat,rubble_perc,17.24
Qelelevu,rubble_perc,21.89
Rakahanga,rubble_perc,13.22
Rangiroa,rubble_perc,32.2
Raraka,rubble_perc,10.52
Raroia,rubble_perc,15.58
Rasdhoo,rubble_perc,11.91
Ravahere,rubble_perc,8.01
Reao,rubble_perc,12.03
Redlick,rubble_perc,25.65
Reitoru,rubble_perc,9.26
Rekareka,rubble_perc,5.84
Rongelap,rubble_perc,16.33
Rongerik,rubble_perc,3.74
Rose,rubble_perc,37.6
Rowa,rubble_perc,35.06
Saloman,rubble_perc,25.78
Sama,rubble_perc,34.73
Samasuma,rubble_perc,14.13
Sapwuahfik,rubble_perc,22.39
Satawan,rubble_perc,23.92
Scilly,rubble_perc,20.7
Sikaiana,rubble_perc,40.54
Sorol,rubble_perc,17.96
South_Keeling,rubble_perc,17.69
South_Maalhosmadulu,rubble_perc,25.66
South_Male,rubble_perc,25.28
South_Nilandhe,rubble_perc,22.38
South_Tubbataha,rubble_perc,33.49
St_Francois,rubble_perc,11.66
St_Joseph,rubble_perc,17.1
Starbuck,rubble_perc,6.18
Suheli_Par,rubble_perc,23.06
Surprise,rubble_perc,19.81
Suwarrow,rubble_perc,18.08
Swains,rubble_perc,20.52
Tabiteuea,rubble_perc,12.49
Tabuaeran,rubble_perc,14.5
Taenga,rubble_perc,13.13
Tahanea,rubble_perc,11.1
Taiaro,rubble_perc,0.72
Taka,rubble_perc,5.17
Takapoto,rubble_perc,14.55
Takaroa,rubble_perc,9.63
Takume,rubble_perc,19.61
Takuu,rubble_perc,26.52
Tarawa,rubble_perc,12.53
Tatakoto,rubble_perc,12.2
Tauere,rubble_perc,13.73
Tekokota,rubble_perc,6.94
Temitangi,rubble_perc,13.92
Temoe,rubble_perc,4.76
Tenararo,rubble_perc,2.79
Tenaruga,rubble_perc,1.18
Tepoto,rubble_perc,16.5
Teraina,rubble_perc,0.0
Tetiaroa,rubble_perc,16.55
Thiladhunmathi,rubble_perc,16.57
Thoddoo,rubble_perc,11.31
Tikehau,rubble_perc,22.8
Tilianu,rubble_perc,6.15
Toau,rubble_perc,43.64
Tongareva,rubble_perc,18.72
Torlesse,rubble_perc,10.77
Tuanake,rubble_perc,14.75
Tupai,rubble_perc,15.94
Tureia,rubble_perc,8.5
Ujae,rubble_perc,14.22
Ujelang,rubble_perc,8.5
Ulithi,rubble_perc,14.22
Utirik,rubble_perc,6.72
Vahanga,rubble_perc,0.26
Vahitahi,rubble_perc,6.27
Vairaatea,rubble_perc,26.57
Vaitupu,rubble_perc,15.74
Vanavana,rubble_perc,10.75
Vattaru,rubble_perc,19.67
Wailagilala,rubble_perc,29.28
Wake,rubble_perc,14.41
West_Fayu,rubble_perc,30.92
Willis,rubble_perc,26.16
Woleai,rubble_perc,19.93
Wotho,rubble_perc,3.17
Wotje,rubble_perc,7.84
Zohhoiiyoru,rubble_perc,7.17
Abaiang,sand_kmsq,75.05
Abariringa,sand_kmsq,9.36
Abemama,sand_kmsq,30.34
Addu,sand_kmsq,11.36
Agatti,sand_kmsq,4.54
Ahe,sand_kmsq,3.64
Ahunui,sand_kmsq,0.0
Ailinginae,sand_kmsq,14.74
Ailinglaplap,sand_kmsq,5.19
Ailuk,sand_kmsq,6.91
Aldabra,sand_kmsq,99.21
Alphonse,sand_kmsq,1.29
Amanu,sand_kmsq,4.33
Anaa,sand_kmsq,16.52
Analtin,sand_kmsq,12.6
Ant,sand_kmsq,6.28
Anuanuraro,sand_kmsq,2.82
Anuanurunga,sand_kmsq,0.92
Apataki,sand_kmsq,11.19
Aranuka,sand_kmsq,10.8
Aratika,sand_kmsq,7.06
Ari,sand_kmsq,76.3
Arno,sand_kmsq,20.82
Arutua,sand_kmsq,10.92
Ashmore,sand_kmsq,101.45
Astove,sand_kmsq,2.13
Atafu,sand_kmsq,4.76
Aur,sand_kmsq,6.22
Awin,sand_kmsq,1.83
Bangaram,sand_kmsq,28.33
Beautemps-Beaupre,sand_kmsq,4.14
Bellona,sand_kmsq,22.45
Beru,sand_kmsq,6.02
Bikar,sand_kmsq,20.89
Bikini,sand_kmsq,30.39
Birnie,sand_kmsq,0.0
Bitra_Par,sand_kmsq,20.76
Bokaak,sand_kmsq,28.49
Bramble_Haven,sand_kmsq,16.43
Budibudi,sand_kmsq,4.44
Butaritari,sand_kmsq,39.22
Byramgore,sand_kmsq,23.52
Caroline,sand_kmsq,1.96
Cato,sand_kmsq,1.17
Cherbaniani,sand_kmsq,24.0
Chesterfield,sand_kmsq,61.48
Chetlat,sand_kmsq,0.04
Clipperton,sand_kmsq,0.3
Conflict,sand_kmsq,15.11
Cosmoledo,sand_kmsq,34.06
Desroches,sand_kmsq,4.57
Diego_Garcia,sand_kmsq,13.15
Ducie,sand_kmsq,0.71
Eauripik,sand_kmsq,1.38
Ebon,sand_kmsq,1.45
Egmont,sand_kmsq,5.64
Egum,sand_kmsq,14.04
Elato,sand_kmsq,1.06
Enderbury,sand_kmsq,0.0
Eniwetok,sand_kmsq,40.77
Erikub,sand_kmsq,6.53
Etal,sand_kmsq,0.92
Europa,sand_kmsq,4.33
Faadhippolhu,sand_kmsq,37.12
Faaite,sand_kmsq,38.47
Fakahina,sand_kmsq,0.0
Fakaofo,sand_kmsq,12.0
Fakarava,sand_kmsq,33.47
Fangatau,sand_kmsq,0.0
Fangataufa,sand_kmsq,2.12
Faraulep,sand_kmsq,1.28
Farquhar,sand_kmsq,60.44
Fasdhuthere,sand_kmsq,6.72
Felidhu,sand_kmsq,58.55
French_Frigate_Shoals,sand_kmsq,237.09
Funafuti,sand_kmsq,10.94
Fuvahmulah,sand_kmsq,0.39
Gaafaru,sand_kmsq,12.12
Glorioso,sand_kmsq,16.0
Goidhoo,sand_kmsq,14.48
Great_Chagos_Bank,sand_kmsq,3.01
Haddhunmathi,sand_kmsq,32.94
Hao,sand_kmsq,14.22
Haraiki,sand_kmsq,4.14
Helen,sand_kmsq,16.94
Hereheretue,sand_kmsq,6.46
Hikueru,sand_kmsq,2.49
Hiti,sand_kmsq,2.78
Huon,sand_kmsq,14.11
Huvadhu,sand_kmsq,74.31
Ifalik,sand_kmsq,1.66
Ihavandhippolu,sand_kmsq,27.93
Jaluit,sand_kmsq,30.34
Jemo,sand_kmsq,0.53
Johnston,sand_kmsq,6.76
Kaashidhoo,sand_kmsq,0.87
Kademat,sand_kmsq,4.6
Kalpeni,sand_kmsq,12.6
Kapingamarangi,sand_kmsq,1.7
Katiu,sand_kmsq,8.64
Kauehi,sand_kmsq,6.38
Kaukura,sand_kmsq,82.15
Kavaratti,sand_kmsq,0.08
Kilinailau,sand_kmsq,15.25
Kiltan,sand_kmsq,0.05
Kiritimati,sand_kmsq,50.59
Kolhumadulu,sand_kmsq,57.84
Kuop,sand_kmsq,11.39
Kure,sand_kmsq,33.26
Kuria,sand_kmsq,1.0
Kurimarau,sand_kmsq,1.23
Kwajalein,sand_kmsq,33.84
Lae,sand_kmsq,1.98
Lamotrek,sand_kmsq,0.75
Laualau,sand_kmsq,1.72
Laysan,sand_kmsq,0.06
Leli,sand_kmsq,0.35
Lib,sand_kmsq,0.03
Lihou,sand_kmsq,15.98
Likiep,sand_kmsq,13.37
Liot,sand_kmsq,0.72
Lisianski,sand_kmsq,72.45
Long_Reef,sand_kmsq,86.6
Loraine_Anobat,sand_kmsq,0.1
Losap,sand_kmsq,1.8
Losiep,sand_kmsq,0.11
Lukunor,sand_kmsq,1.3
Mabui,sand_kmsq,0.66
Maiana,sand_kmsq,70.17
Majuro,sand_kmsq,3.68
Makemo,sand_kmsq,35.73
Makin,sand_kmsq,0.01
Makunudhoo,sand_kmsq,24.37
Malden,sand_kmsq,0.04
Maloelap,sand_kmsq,13.7
Malum,sand_kmsq,7.12
Manihi,sand_kmsq,2.56
Manihiki,sand_kmsq,3.33
Manra,sand_kmsq,0.0
Manuae,sand_kmsq,6.64
Manuhangi,sand_kmsq,0.01
Marakei,sand_kmsq,8.84
Maria,sand_kmsq,1.12
Maria_Est,sand_kmsq,1.34
Marokau,sand_kmsq,14.07
Marutea_Nord,sand_kmsq,41.97
Marutea_Sud,sand_kmsq,6.19
Mataiva,sand_kmsq,18.56
Matureivavao,sand_kmsq,0.81
Maupihaa,sand_kmsq,7.52
Mellish,sand_kmsq,7.01
Midway,sand_kmsq,24.23
Mili,sand_kmsq,23.95
Minicoy,sand_kmsq,17.79
Mokil,sand_kmsq,0.59
Morane,sand_kmsq,1.24
Moruroa,sand_kmsq,5.92
Motu_One,sand_kmsq,1.79
Motutunga,sand_kmsq,9.11
Mulaku,sand_kmsq,46.5
Murilo,sand_kmsq,7.62
Namoluk,sand_kmsq,2.0
Namonuito,sand_kmsq,4.53
Namorik,sand_kmsq,2.77
Namu,sand_kmsq,11.37
Nanumanga,sand_kmsq,0.01
Nanumea,sand_kmsq,0.33
Napuka,sand_kmsq,2.79
Nengonengo,sand_kmsq,3.91
Ngcheangel,sand_kmsq,2.81
Ngulu,sand_kmsq,1.42
Niau,sand_kmsq,0.01
Nihiru,sand_kmsq,8.16
Nikumaroro,sand_kmsq,2.23
Nikunau,sand_kmsq,0.02
Ninigo,sand_kmsq,26.11
Nissan,sand_kmsq,4.43
Niulakita,sand_kmsq,0.17
Niutao,sand_kmsq,0.0
Nomwin,sand_kmsq,9.27
Nonouti,sand_kmsq,291.52
North_Keeling,sand_kmsq,0.69
North_Maalhosmadulu,sand_kmsq,35.46
North_Male,sand_kmsq,74.49
North_Nilandhe,sand_kmsq,39.21
North_Tubbataha,sand_kmsq,12.51
Nuguria,sand_kmsq,30.4
Nui,sand_kmsq,2.2
Nukapu,sand_kmsq,2.97
Nukufetau,sand_kmsq,12.3
Nukulaelae,sand_kmsq,13.68
Nukumanu,sand_kmsq,12.27
Nukumbasanga,sand_kmsq,0.25
Nukunonu,sand_kmsq,10.74
Nukuoro,sand_kmsq,2.17
Nukusemanu,sand_kmsq,5.94
Nukutepipi,sand_kmsq,0.73
Numa_Miombilou,sand_kmsq,19.79
Nupani,sand_kmsq,3.64
Oeno,sand_kmsq,4.74
Olimarao,sand_kmsq,0.41
Onotoa,sand_kmsq,0.84
Ontong_Java,sand_kmsq,32.88
Oroluk,sand_kmsq,3.53
Orona,sand_kmsq,6.91
Pakin,sand_kmsq,4.49
Palmerston,sand_kmsq,6.93
Palmyra,sand_kmsq,3.49
Paraoa,sand_kmsq,0.8
Pearl_and_Hermes,sand_kmsq,93.97
Peremul_Par,sand_kmsq,38.5
Peros_Banhos,sand_kmsq,5.92
Pinaki,sand_kmsq,0.49
Pingelap,sand_kmsq,0.09
Pinipel,sand_kmsq,3.65
Platte,sand_kmsq,0.46
Providence,sand_kmsq,70.23
Pukapuka,sand_kmsq,2.89
Puka-Puka,sand_kmsq,0.18
Pukarua,sand_kmsq,1.15
Pulap,sand_kmsq,0.1
Pulusuk,sand_kmsq,0.24
Puluwat,sand_kmsq,0.63
Qelelevu,sand_kmsq,22.21
Rakahanga,sand_kmsq,1.12
Rangiroa,sand_kmsq,33.53
Raraka,sand_kmsq,11.23
Raroia,sand_kmsq,11.38
Rasdhoo,sand_kmsq,12.73
Ravahere,sand_kmsq,9.0
Reao,sand_kmsq,3.38
Redlick,sand_kmsq,7.64
Reitoru,sand_kmsq,4.67
Rekareka,sand_kmsq,0.34
Rongelap,sand_kmsq,40.51
Rongerik,sand_kmsq,11.05
Rose,sand_kmsq,1.84
Rowa,sand_kmsq,9.16
Saloman,sand_kmsq,2.06
Sama,sand_kmsq,0.75
Samasuma,sand_kmsq,3.42
Sapwuahfik,sand_kmsq,6.21
Satawan,sand_kmsq,12.22
Scilly,sand_kmsq,13.13
Sikaiana,sand_kmsq,3.55
Sorol,sand_kmsq,1.32
South_Keeling,sand_kmsq,63.41
South_Maalhosmadulu,sand_kmsq,46.29
South_Male,sand_kmsq,37.34
South_Nilandhe,sand_kmsq,42.69
South_Tubbataha,sand_kmsq,7.49
St_Francois,sand_kmsq,20.16
St_Joseph,sand_kmsq,7.73
Starbuck,sand_kmsq,0.0
Suheli_Par,sand_kmsq,35.49
Surprise,sand_kmsq,21.55
Suwarrow,sand_kmsq,7.24
Swains,sand_kmsq,0.78
Tabiteuea,sand_kmsq,237.95
Tabuaeran,sand_kmsq,65.02
Taenga,sand_kmsq,5.9
Tahanea,sand_kmsq,38.47
Taiaro,sand_kmsq,0.0
Taka,sand_kmsq,5.91
Takapoto,sand_kmsq,3.3
Takaroa,sand_kmsq,3.15
Takume,sand_kmsq,2.73
Takuu,sand_kmsq,11.78
Tarawa,sand_kmsq,96.57
Tatakoto,sand_kmsq,2.56
Tauere,sand_kmsq,2.49
Tekokota,sand_kmsq,3.74
Temitangi,sand_kmsq,1.81
Temoe,sand_kmsq,1.93
Tenararo,sand_kmsq,0.0
Tenaruga,sand_kmsq,0.0
Tepoto,sand_kmsq,0.85
Teraina,sand_kmsq,0.01
Tetiaroa,sand_kmsq,12.46
Thiladhunmathi,sand_kmsq,74.49
Thoddoo,sand_kmsq,0.86
Tikehau,sand_kmsq,13.55
Tilianu,sand_kmsq,0.04
Toau,sand_kmsq,19.64
Tongareva,sand_kmsq,12.43
Torlesse,sand_kmsq,5.16
Tuanake,sand_kmsq,2.92
Tupai,sand_kmsq,8.61
Tureia,sand_kmsq,2.25
Ujae,sand_kmsq,9.91
Ujelang,sand_kmsq,3.31
Ulithi,sand_kmsq,7.36
Utirik,sand_kmsq,8.48
Vahanga,sand_kmsq,0.0
Vahitahi,sand_kmsq,2.65
Vairaatea,sand_kmsq,0.53
Vaitupu,sand_kmsq,1.19
Vanavana,sand_kmsq,0.02
Vattaru,sand_kmsq,6.24
Wailagilala,sand_kmsq,1.82
Wake,sand_kmsq,7.46
West_Fayu,sand_kmsq,0.72
Willis,sand_kmsq,12.28
Woleai,sand_kmsq,4.26
Wotho,sand_kmsq,17.5
Wotje,sand_kmsq,15.16
Zohhoiiyoru,sand_kmsq,0.14
Abaiang,sand_perc,34.82
Abariringa,sand_perc,18.4
Abemama,sand_perc,20.8
Addu,sand_perc,24.07
Agatti,sand_perc,18.61
Ahe,sand_perc,21.49
Ahunui,sand_perc,0.01
Ailinginae,sand_perc,24.61
Ailinglaplap,sand_perc,5.39
Ailuk,sand_perc,10.69
Aldabra,sand_perc,46.44
Alphonse,sand_perc,6.92
Amanu,sand_perc,21.1
Anaa,sand_perc,45.33
Analtin,sand_perc,40.09
Ant,sand_perc,24.44
Anuanuraro,sand_perc,54.9
Anuanurunga,sand_perc,39.81
Apataki,sand_perc,23.85
Aranuka,sand_perc,19.17
Aratika,sand_perc,34.52
Ari,sand_perc,29.9
Arno,sand_perc,18.18
Arutua,sand_perc,18.52
Ashmore,sand_perc,48.62
Astove,sand_perc,16.49
Atafu,sand_perc,40.18
Aur,sand_perc,14.17
Awin,sand_perc,28.78
Bangaram,sand_perc,64.36
Beautemps-Beaupre,sand_perc,22.73
Bellona,sand_perc,23.52
Beru,sand_perc,13.83
Bikar,sand_perc,42.8
Bikini,sand_perc,27.66
Birnie,sand_perc,0.24
Bitra_Par,sand_perc,32.65
Bokaak,sand_perc,30.44
Bramble_Haven,sand_perc,31.27
Budibudi,sand_perc,42.71
Butaritari,sand_perc,21.7
Byramgore,sand_perc,25.1
Caroline,sand_perc,14.09
Cato,sand_perc,21.86
Cherbaniani,sand_perc,51.05
Chesterfield,sand_perc,24.07
Chetlat,sand_perc,0.79
Clipperton,sand_perc,12.4
Conflict,sand_perc,36.09
Cosmoledo,sand_perc,25.03
Desroches,sand_perc,19.13
Diego_Garcia,sand_perc,25.04
Ducie,sand_perc,20.21
Eauripik,sand_perc,10.44
Ebon,sand_perc,4.97
Egmont,sand_perc,30.16
Egum,sand_perc,47.76
Elato,sand_perc,9.18
Enderbury,sand_perc,0.0
Eniwetok,sand_perc,28.15
Erikub,sand_perc,12.97
Etal,sand_perc,10.96
Europa,sand_perc,35.56
Faadhippolhu,sand_perc,33.96
Faaite,sand_perc,43.79
Fakahina,sand_perc,0.0
Fakaofo,sand_perc,46.55
Fakarava,sand_perc,26.19
Fangatau,sand_perc,0.0
Fangataufa,sand_perc,16.77
Faraulep,sand_perc,19.04
Farquhar,sand_perc,37.19
Fasdhuthere,sand_perc,29.05
Felidhu,sand_perc,30.87
French_Frigate_Shoals,sand_perc,81.2
Funafuti,sand_perc,29.2
Fuvahmulah,sand_perc,16.72
Gaafaru,sand_perc,46.24
Glorioso,sand_perc,33.61
Goidhoo,sand_perc,32.5
Great_Chagos_Bank,sand_perc,19.38
Haddhunmathi,sand_perc,22.95
Hao,sand_perc,28.69
Haraiki,sand_perc,32.1
Helen,sand_perc,23.41
Hereheretue,sand_perc,52.5
Hikueru,sand_perc,30.13
Hiti,sand_perc,30.94
Huon,sand_perc,30.36
Huvadhu,sand_perc,23.9
Ifalik,sand_perc,33.88
Ihavandhippolu,sand_perc,34.42
Jaluit,sand_perc,16.83
Jemo,sand_perc,24.89
Johnston,sand_perc,40.07
Kaashidhoo,sand_perc,14.19
Kademat,sand_perc,17.81
Kalpeni,sand_perc,44.48
Kapingamarangi,sand_perc,7.86
Katiu,sand_perc,31.3
Kauehi,sand_perc,33.11
Kaukura,sand_perc,57.61
Kavaratti,sand_perc,1.11
Kilinailau,sand_perc,23.7
Kiltan,sand_perc,1.07
Kiritimati,sand_perc,41.4
Kolhumadulu,sand_perc,35.97
Kuop,sand_perc,35.1
Kure,sand_perc,65.24
Kuria,sand_perc,4.92
Kurimarau,sand_perc,49.07
Kwajalein,sand_perc,13.93
Lae,sand_perc,15.61
Lamotrek,sand_perc,8.16
Laualau,sand_perc,28.67
Laysan,sand_perc,5.03
Leli,sand_perc,6.43
Lib,sand_perc,2.58
Lihou,sand_perc,13.31
Likiep,sand_perc,15.91
Liot,sand_perc,23.01
Lisianski,sand_perc,62.95
Long_Reef,sand_perc,33.37
Loraine_Anobat,sand_perc,10.97
Losap,sand_perc,11.91
Losiep,sand_perc,1.93
Lukunor,sand_perc,8.64
Mabui,sand_perc,16.5
Maiana,sand_perc,48.35
Majuro,sand_perc,5.5
Makemo,sand_perc,31.77
Makin,sand_perc,0.07
Makunudhoo,sand_perc,27.55
Malden,sand_perc,1.94
Maloelap,sand_perc,14.33
Malum,sand_perc,41.06
Manihi,sand_perc,16.31
Manihiki,sand_perc,38.32
Manra,sand_perc,0.0
Manuae,sand_perc,50.99
Manuhangi,sand_perc,0.5
Marakei,sand_perc,35.98
Maria,sand_perc,14.72
Maria_Est,sand_perc,36.93
Marokau,sand_perc,41.92
Marutea_Nord,sand_perc,52.57
Marutea_Sud,sand_perc,31.23
Mataiva,sand_perc,61.77
Matureivavao,sand_perc,16.88
Maupihaa,sand_perc,40.93
Mellish,sand_perc,33.5
Midway,sand_perc,45.75
Mili,sand_perc,15.69
Minicoy,sand_perc,47.9
Mokil,sand_perc,11.26
Morane,sand_perc,22.97
Moruroa,sand_perc,21.13
Motu_One,sand_perc,21.24
Motutunga,sand_perc,29.27
Mulaku,sand_perc,29.4
Murilo,sand_perc,18.34
Namoluk,sand_perc,31.42
Namonuito,sand_perc,21.1
Namorik,sand_perc,20.08
Namu,sand_perc,12.28
Nanumanga,sand_perc,0.3
Nanumea,sand_perc,1.82
Napuka,sand_perc,22.97
Nengonengo,sand_perc,26.91
Ngcheangel,sand_perc,16.05
Ngulu,sand_perc,3.6
Niau,sand_perc,0.35
Nihiru,sand_perc,41.41
Nikumaroro,sand_perc,26.07
Nikunau,sand_perc,0.2
Ninigo,sand_perc,24.03
Nissan,sand_perc,33.28
Niulakita,sand_perc,3.84
Niutao,sand_perc,0.11
Nomwin,sand_perc,21.62
Nonouti,sand_perc,65.4
North_Keeling,sand_perc,69.78
North_Maalhosmadulu,sand_perc,23.01
North_Male,sand_perc,37.01
North_Nilandhe,sand_perc,35.59
North_Tubbataha,sand_perc,33.99
Nuguria,sand_perc,40.24
Nui,sand_perc,13.65
Nukapu,sand_perc,51.79
Nukufetau,sand_perc,48.76
Nukulaelae,sand_perc,59.95
Nukumanu,sand_perc,34.28
Nukumbasanga,sand_perc,6.1
Nukunonu,sand_perc,56.0
Nukuoro,sand_perc,21.15
Nukusemanu,sand_perc,11.08
Nukutepipi,sand_perc,31.69
Numa_Miombilou,sand_perc,26.29
Nupani,sand_perc,24.39
Oeno,sand_perc,40.36
Olimarao,sand_perc,8.51
Onotoa,sand_perc,2.81
Ontong_Java,sand_perc,25.92
Oroluk,sand_perc,7.3
Orona,sand_perc,42.0
Pakin,sand_perc,33.11
Palmerston,sand_perc,29.84
Palmyra,sand_perc,16.55
Paraoa,sand_perc,16.97
Pearl_and_Hermes,sand_perc,42.53
Peremul_Par,sand_perc,48.15
Peros_Banhos,sand_perc,14.06
Pinaki,sand_perc,26.59
Pingelap,sand_perc,2.42
Pinipel,sand_perc,24.47
Platte,sand_perc,1.34
Providence,sand_perc,17.07
Pukapuka,sand_perc,22.55
Puka-Puka,sand_perc,5.7
Pukarua,sand_perc,9.5
Pulap,sand_perc,1.44
Pulusuk,sand_perc,13.95
Puluwat,sand_perc,20.37
Qelelevu,sand_perc,41.35
Rakahanga,sand_perc,35.15
Rangiroa,sand_perc,26.05
Raraka,sand_perc,43.39
Raroia,sand_perc,27.1
Rasdhoo,sand_perc,59.44
Ravahere,sand_perc,44.94
Reao,sand_perc,21.48
Redlick,sand_perc,41.51
Reitoru,sand_perc,55.77
Rekareka,sand_perc,17.32
Rongelap,sand_perc,28.04
Rongerik,sand_perc,20.37
Rose,sand_perc,43.15
Rowa,sand_perc,39.11
Saloman,sand_perc,13.85
Sama,sand_perc,12.64
Samasuma,sand_perc,42.91
Sapwuahfik,sand_perc,15.59
Satawan,sand_perc,22.14
Scilly,sand_perc,44.47
Sikaiana,sand_perc,27.69
Sorol,sand_perc,12.1
South_Keeling,sand_perc,66.63
South_Maalhosmadulu,sand_perc,34.7
South_Male,sand_perc,33.27
South_Nilandhe,sand_perc,35.48
South_Tubbataha,sand_perc,50.06
St_Francois,sand_perc,33.72
St_Joseph,sand_perc,30.42
Starbuck,sand_perc,0.11
Suheli_Par,sand_perc,41.63
Surprise,sand_perc,31.54
Suwarrow,sand_perc,21.32
Swains,sand_perc,44.89
Tabiteuea,sand_perc,45.55
Tabuaeran,sand_perc,54.37
Taenga,sand_perc,27.79
Tahanea,sand_perc,43.79
Taiaro,sand_perc,0.03
Taka,sand_perc,12.24
Takapoto,sand_perc,27.59
Takaroa,sand_perc,22.82
Takume,sand_perc,14.58
Takuu,sand_perc,42.57
Tarawa,sand_perc,36.6
Tatakoto,sand_perc,14.89
Tauere,sand_perc,30.13
Tekokota,sand_perc,55.91
Temitangi,sand_perc,16.76
Temoe,sand_perc,28.37
Tenararo,sand_perc,0.14
Tenaruga,sand_perc,0.23
Tepoto,sand_perc,30.04
Teraina,sand_perc,0.15
Tetiaroa,sand_perc,52.29
Thiladhunmathi,sand_perc,35.45
Thoddoo,sand_perc,30.12
Tikehau,sand_perc,35.87
Tilianu,sand_perc,11.66
Toau,sand_perc,18.89
Tongareva,sand_perc,36.68
Torlesse,sand_perc,53.14
Tuanake,sand_perc,35.27
Tupai,sand_perc,51.01
Tureia,sand_perc,30.02
Ujae,sand_perc,14.85
Ujelang,sand_perc,9.62
Ulithi,sand_perc,13.17
Utirik,sand_perc,21.74
Vahanga,sand_perc,0.04
Vahitahi,sand_perc,34.28
Vairaatea,sand_perc,10.68
Vaitupu,sand_perc,23.96
Vanavana,sand_perc,1.7
Vattaru,sand_perc,48.57
Wailagilala,sand_perc,16.22
Wake,sand_perc,53.46
West_Fayu,sand_perc,9.91
Willis,sand_perc,22.61
Woleai,sand_perc,25.83
Wotho,sand_perc,36.16
Wotje,sand_perc,15.03
Zohhoiiyoru,sand_perc,7.36
