atoll,order,family,species,presence
Kure,Sarcoptiformes,Carabodidae,Carabodes_sp,1
Nukunonu,Sarcoptiformes,Epilohmanniidae,Epilohmannia_cylindrica,1
Kure,Sarcoptiformes,Galumnidae,Pergalumna_sp,1
Nukunonu,Sarcoptiformes,Hermanniidae,Hermannia_foliata,1
Funafuti,Sarcoptiformes,Neoliodidae,Neoliodes_lamellatus,1
Rangiroa,Sarcoptiformes,Phthiracaridae,Hoplophorella_rangiroaensis,1
Clipperton,Sarcoptiformes,Scheloribatidae,Scheloribates_fimbriatus,1
Laysan,Sarcoptiformes,Scheloribatidae,Scheloribates_fimbriatus,1
Clipperton,Sarcoptiformes,Scheloribatidae,Scheloribates_indicus,1
Takapoto,Sarcoptiformes,Scheloribatidae,Scheloribates_indicus,1
Kure,Trombidiformes,Bdellidae,Bdellodes_longirostris,1
Kavaratti,Trombidiformes,Eriophyidae,Aceria_guerreronis,1
Kwajalein,Trombidiformes,Smarididae,Calorema_sp,1
Kure,Trombidiformes,Tenuipalpidae,Brevipalpus_obovatus,1
Laysan,Trombidiformes,Tenuipalpidae,Brevipalpus_obovatus,1
Kure,Trombidiformes,Tetranychidae,Tetranychus_neocaledonicus,1
Kwajalein,Trombidiformes,Tetranychidae,Tetranychus_tumidus,1
Kure,Trombidiformes,Tetranychidae,Tetranychus_urticae,1
Kwajalein,Trombidiformes,Tetranychidae,Tetranychus_urticae,1
Rangiroa,Trombidiformes,Tetranychidae,Tetranychus_sp,1
Clipperton,Mesostigmata,Ascidae,Asca_quinquesetosa,1
Nukunonu,Mesostigmata,Ascidae,Proctolaelaps_sp,1
Clipperton,Mesostigmata,Dinychidae,Fuscuropoda_sp,1
Clipperton,Mesostigmata,Laelapidae,Cosmolaelaps_sp,1
Arno,Mesostigmata,Laelapidae,Echinolaelaps_echidninus,1
Majuro,Mesostigmata,Laelapidae,Echinolaelaps_echidninus,1
Rose,Mesostigmata,Laelapidae,Echinolaelaps_echidninus,1
Takapoto,Mesostigmata,Laelapidae,Echinolaelaps_echidninus,1
Clipperton,Mesostigmata,Laelapidae,Hypoaspis_sp,1
Abariringa,Mesostigmata,Laelapidae,Laelaps_hawaiiensis,1
Takapoto,Mesostigmata,Laelapidae,Laelaps_hawaiiensis,1
Arno,Mesostigmata,Laelapidae,Laelaps_nuttalli,1
Kwajalein,Mesostigmata,Laelapidae,Laelaps_nuttalli,1
Majuro,Mesostigmata,Laelapidae,Laelaps_nuttalli,1
Rose,Mesostigmata,Laelapidae,Laelaps_nuttalli,1
Arno,Mesostigmata,Macrochelidae,Glyptholaspis_asperrima,1
Eniwetok,Mesostigmata,Macronyssidae,Ornithonyssus_sp,1
Laysan,Mesostigmata,Ologamasidae,Gamasiphis_sp,1
Clipperton,Mesostigmata,Pachylaelapidae,Onchodellus_roosevelti,1
Nukunonu,Mesostigmata,Phytoseiidae,Amblyseius_caudatus,1
Kure,Mesostigmata,Phytoseiidae,Amblyseius_largoensis,1
Laysan,Mesostigmata,Phytoseiidae,Amblyseius_largoensis,1
Clipperton,Mesostigmata,Uropodidae,Uropoda_sp,1
Ant,Ixodida,Ixodidae,Amblyomma_breviscutatum,1
Kwajalein,Ixodida,Ixodidae,Rhipicephalus_sanguineus,1
Onotoa,Ixodida,Ixodidae,Rhipicephalus_sanguineus,1
Funafuti,Scorpiones,Buthidae,Buthus_brevicaudatus,1
Kapingamarangi,Scorpiones,Buthidae,Buthus_brevicaudatus,1
Onotoa,Scorpiones,Buthidae,Buthus_brevicaudatus,1
Abariringa,Scorpiones,Buthidae,Isometrus_maculatus,1
Aldabra,Scorpiones,Buthidae,Isometrus_maculatus,1
Astove,Scorpiones,Buthidae,Isometrus_maculatus,1
Kwajalein,Scorpiones,Buthidae,Isometrus_maculatus,1
Midway,Scorpiones,Buthidae,Isometrus_maculatus,1
Nukunonu,Scorpiones,Buthidae,Isometrus_maculatus,1
Onotoa,Scorpiones,Buthidae,Isometrus_maculatus,1
South_Keeling,Scorpiones,Buthidae,Isometrus_maculatus,1
South_Keeling,Scorpiones,Buthidae,Lychas_scutilus,1
Ailuk,Scorpiones,Hormuridae,Liocheles_australasiae,1
Arno,Scorpiones,Hormuridae,Liocheles_australasiae,1
Bikini,Scorpiones,Hormuridae,Liocheles_australasiae,1
Eniwetok,Scorpiones,Hormuridae,Liocheles_australasiae,1
Funafuti,Scorpiones,Hormuridae,Liocheles_australasiae,1
Kapingamarangi,Scorpiones,Hormuridae,Liocheles_australasiae,1
Lae,Scorpiones,Hormuridae,Liocheles_australasiae,1
Takapoto,Scorpiones,Hormuridae,Liocheles_australasiae,1
Ujae,Scorpiones,Hormuridae,Liocheles_australasiae,1
Ulithi,Scorpiones,Hormuridae,Liocheles_australasiae,1
Wotho,Scorpiones,Hormuridae,Liocheles_australasiae,1
Ailuk,Pseudoscorpiones,Atemnidae,Oratemnus_samoanus,1
Eniwetok,Pseudoscorpiones,Atemnidae,Oratemnus_samoanus,1
Likiep,Pseudoscorpiones,Atemnidae,Oratemnus_samoanus,1
Pokak,Pseudoscorpiones,Atemnidae,Oratemnus_samoanus,1
Taka,Pseudoscorpiones,Atemnidae,Oratemnus_samoanus,1
Wotho,Pseudoscorpiones,Atemnidae,Oratemnus_samoanus,1
Eniwetok,Pseudoscorpiones,Chernetidae,Haplochernes_insulanus,1
Arno,Pseudoscorpiones,Chernetidae,Nesidiochernes_maculatus,1
Taka,Pseudoscorpiones,Chernetidae,Nesidiochernes_maculatus,1
Ulithi,Pseudoscorpiones,Chernetidae,Smeringochernes_yapensis,1
Arno,Pseudoscorpiones,Chernetidae,Verrucachernes_oca,1
Ujae,Pseudoscorpiones,Chernetidae,Verrucachernes_oca,1
Eniwetok,Pseudoscorpiones,Chthoniidae,Lechytia_sakagamii,1
Midway,Pseudoscorpiones,Chthoniidae,Lechytia_sakagamii,1
Taka,Pseudoscorpiones,Chthoniidae,Lechytia_sakagamii,1
Ulithi,Pseudoscorpiones,Chthoniidae,Lechytia_sakagamii,1
Aldabra,Pseudoscorpiones,Chthoniidae,Tyrannochthonius_contractus,1
Aldabra,Pseudoscorpiones,Garypidae,Anagarypus_oceanusindicus,1
Aldabra,Pseudoscorpiones,Garypidae,Garypus_impressus,1
Addu,Pseudoscorpiones,Garypidae,Garypus_maldivensis,1
Bikini,Pseudoscorpiones,Garypidae,Garypus_ornatus,1
Funafuti,Pseudoscorpiones,Geogarypidae,Geogarypus_longidigitatus,1
Taka,Pseudoscorpiones,Geogarypidae,Geogarypus_longidigitatus,1
Ulithi,Pseudoscorpiones,Geogarypidae,Geogarypus_longidigitatus,1
Utirik,Pseudoscorpiones,Geogarypidae,Geogarypus_longidigitatus,1
Funafuti,Pseudoscorpiones,Olpiidae,Xenolpium_longiventer,1
Aldabra,Pseudoscorpiones,Olpiidae,Xenolpium_madagascariense,1
Lae,Pseudoscorpiones,Olpiidae,Xenolpium_oceanicum,1
Ujae,Pseudoscorpiones,Olpiidae,Xenolpium_oceanicum,1
Utirik,Pseudoscorpiones,Olpiidae,Xenolpium_oceanicum,1
Aldabra,Pseudoscorpiones,Pseudochiridiidae,Pseudochiridium_africanum,1
Funafuti,Pseudoscorpiones,Syarinidae,Ideobisium_antipodum,1
Aldabra,Pseudoscorpiones,Withiidae,Withius_congicus,1
Laysan,Pseudoscorpiones,Withiidae,Withius_laysanensis,1
Kwajalein,Araneae,Araneidae,Araneus_sp,1
Addu,Araneae,Araneidae,Argiope_anasuja,1
Diego_Garcia,Araneae,Araneidae,Argiope_anasuja,1
Majuro,Araneae,Araneidae,Argiope_appensa,1
Ngcheangel,Araneae,Araneidae,Argiope_appensa,1
Kavaratti,Araneae,Araneidae,Argiope_pulchella,1
Aldabra,Araneae,Araneidae,Argiope_trifasciata,1
Aldabra,Araneae,Araneidae,Caerostris_sexcuspidata,1
Aldabra,Araneae,Araneidae,Cyclosa_camelodes,1
Astove,Araneae,Araneidae,Cyclosa_camelodes,1
Aldabra,Araneae,Araneidae,Cyrtophora_citricola,1
Kavaratti,Araneae,Araneidae,Gasteracantha_diardi,1
Aldabra,Araneae,Araneidae,Gasteracantha_sanguinolenta,1
Cosmoledo,Araneae,Araneidae,Gasteracantha_sanguinolenta,1
Aldabra,Araneae,Araneidae,Larinia_dasia,1
Aldabra,Araneae,Araneidae,Neoscona_angulatula,1
Johnston,Araneae,Araneidae,Neoscona_crucifera,1
Aldabra,Araneae,Araneidae,Neoscona_moreli,1
Kure,Araneae,Araneidae,Neoscona_oaxacensis,1
Midway,Araneae,Araneidae,Neoscona_oaxacensis,1
Aldabra,Araneae,Araneidae,Neoscona_quincasea,1
Funafuti,Araneae,Araneidae,Neoscona_plebeja,1
Kavaratti,Araneae,Araneidae,Neoscona_punctigera,1
Abariringa,Araneae,Araneidae,Neoscona_theisi,1
Anaa,Araneae,Araneidae,Neoscona_theisi,1
Diego_Garcia,Araneae,Araneidae,Neoscona_theisi,1
Ducie,Araneae,Araneidae,Neoscona_theisi,1
Eniwetok,Araneae,Araneidae,Neoscona_theisi,1
Farquhar,Araneae,Araneidae,Neoscona_theisi,1
Funafuti,Araneae,Araneidae,Neoscona_theisi,1
Kwajalein,Araneae,Araneidae,Neoscona_theisi,1
Manihiki,Araneae,Araneidae,Neoscona_theisi,1
Nukunonu,Araneae,Araneidae,Neoscona_theisi,1
Oeno,Araneae,Araneidae,Neoscona_theisi,1
Palmyra,Araneae,Araneidae,Neoscona_theisi,1
Rose,Araneae,Araneidae,Neoscona_theisi,1
Swains,Araneae,Araneidae,Neoscona_theisi,1
Takapoto,Araneae,Araneidae,Neoscona_theisi,1
Aldabra,Araneae,Araneidae,Neoscona_triangula,1
Farquhar,Araneae,Araneidae,Neoscona_vigilans,1
French_Frigate_Shoals,Araneae,Araneidae,Neoscona_sp,1
Pearl_and_Hermes,Araneae,Araneidae,Neoscona_sp,1
Farquhar,Araneae,Araneidae,Nephilingis_cruentata,1
Aldabra,Araneae,Araneidae,Nephilingis_livida,1
Aldabra,Araneae,Araneidae,Poltys_horridus,1
Kavaratti,Araneae,Araneidae,Poltys_illepidus,1
Aldabra,Araneae,Araneidae,Prasonica_anarillea,1
Aldabra,Araneae,Araneidae,Prasonicella_marsa,1
Kavaratti,Araneae,Araneidae,Thelacantha_brevispina,1
Kavaratti,Araneae,Araneidae,Trichonephila_clavata,1
South_Keeling,Araneae,Araneidae,Trichonephila_edulis,1
Aldabra,Araneae,Araneidae,Trichonephila_inaurata,1
Astove,Araneae,Araneidae,Trichonephila_inaurata,1
Eniwetok,Araneae,Barychelidae,Idioctis_eniwetok,1
Eniwetok,Araneae,Cheiracanthiidae,Cheiracanthium_mordax,1
French_Frigate_Shoals,Araneae,Cheiracanthiidae,Cheiracanthium_mordax,1
Kure,Araneae,Cheiracanthiidae,Cheiracanthium_mordax,1
Laysan,Araneae,Cheiracanthiidae,Cheiracanthium_mordax,1
Midway,Araneae,Cheiracanthiidae,Cheiracanthium_mordax,1
Funafuti,Araneae,Clubionidae,Clubiona_alveolata,1
Midway,Araneae,Clubionidae,Clubiona_alveolata,1
Rose,Araneae,Clubionidae,Clubiona_cf_upoluensis,1
Midway,Araneae,Corinnidae,Creugas_gulosus,1
Kavaratti,Araneae,Desidae,Desis_gardineri,1
Swains,Araneae,Dictynidae,Paratheuma_armara,1
Eniwetok,Araneae,Dipluridae,Masteria_hirsuta,1
Abariringa,Araneae,Filistatidae,Pritha_bakeri,1
Kiritimati,Araneae,Filistatidae,Pritha_bakeri,1
Aldabra,Araneae,Gnaphosidae,Camillina_aldabrae,1
Midway,Araneae,Gnaphosidae,Camillina_elegans,1
Ducie,Araneae,Gnaphosidae,Trachyzelotes_kulczynskii,1
Aldabra,Araneae,Hersiliidae,Hersilia_aldabrensis,1
Kavaratti,Araneae,Hersiliidae,Hersilia_savignyi,1
Midway,Araneae,Linyphiidae,Coloncus_sp,1
Majuro,Araneae,Linyphiidae,Erigone_prominens,1
Eniwetok,Araneae,Linyphiidae,Erigone_sp,1
Majuro,Araneae,Linyphiidae,Maorineta_ambigua,1
Aldabra,Araneae,Linyphiidae,Metaleptyphantes_praecipuus,1
Kwajalein,Araneae,Linyphiidae,Neonesiotes_remiformis,1
Majuro,Araneae,Linyphiidae,Neonesiotes_remiformis,1
Kwajalein,Araneae,Linyphiidae,Nesioneta_lepida,1
Majuro,Araneae,Linyphiidae,Nesioneta_lepida,1
Ngcheangel,Araneae,Linyphiidae,Nesioneta_lepida,1
Rangiroa,Araneae,Linyphiidae,Nesioneta_pacificana,1
Kwajalein,Araneae,Linyphiidae,Tennesseellum_formica,1
Laysan,Araneae,Lycosidae,Alopecosa_oahuensis,1
Aldabra,Araneae,Lycosidae,Bristowiella_seychellensis,1
Rose,Araneae,Lycosidae,Hogna_crispipes,1
Takapoto,Araneae,Lycosidae,Hogna_crispipes,1
South_Keeling,Araneae,Lycosidae,Lycosa_sp,1
Astove,Araneae,Lycosidae,Trochosa_urbana,1
Ngcheangel,Araneae,Lycosidae,Venatrix_palau,1
Majuro,Araneae,Lycosidae,Zoica_pacifica,1
Swains,Araneae,Ochyroceratidae,Ochyrocera_ransfordi,1
Midway,Araneae,Ochyroceratidae,Theotima_radiata,1
Farquhar,Araneae,Oonopidae,Farqua_quadrimaculata,1
Kure,Araneae,Oonopidae,Gamasomorpha_sp,1
Kwajalein,Araneae,Oonopidae,Gamasomorpha_sp,1
Abariringa,Araneae,Oonopidae,Pelicinus_marmoratus,1
Midway,Araneae,Oonopidae,Ischnothyreus_peltifer,1
Ducie,Araneae,Oonopidae,Ischnothyreus_sp,1
Aldabra,Araneae,Oonopidae,Noideattella_assumptia,1
Farquhar,Araneae,Oonopidae,Noideattella_assumptia,1
Aldabra,Araneae,Oonopidae,Oonopinu_kilikus,1
Midway,Araneae,Oonopidae,Oonops_sp,1
Eniwetok,Araneae,Oonopidae,Opopaea_apicalis,1
Kwajalein,Araneae,Oonopidae,Opopaea_apicalis,1
Midway,Araneae,Oonopidae,Opopaea_apicalis,1
Aldabra,Araneae,Oonopidae,Opopaea_deserticola,1
Eniwetok,Araneae,Oonopidae,Opopaea_deserticola,1
Farquhar,Araneae,Oonopidae,Opopaea_deserticola,1
Kwajalein,Araneae,Oonopidae,Opopaea_deserticola,1
Rangiroa,Araneae,Oonopidae,Opopaea_deserticola,1
Eniwetok,Araneae,Oonopidae,Opopaea_foveolata,1
Kwajalein,Araneae,Oonopidae,Opopaea_foveolata,1
Majuro,Araneae,Oonopidae,Opopaea_foveolata,1
Ngcheangel,Araneae,Oonopidae,Opopaea_foveolata,1
Rangiroa,Araneae,Oonopidae,Opopaea_foveolata,1
Ulithi,Araneae,Oonopidae,Opopaea_foveolata,1
Farquhar,Araneae,Oonopidae,Opopaea_probosciella,1
Kavaratti,Araneae,Oxyopidae,Oxyopes_hindostanicus,1
Johnston,Araneae,Oxyopidae,Oxyopes_sp,1
Farquhar,Araneae,Pholcidae,Artema_atlanta,1
Midway,Araneae,Pholcidae,Artema_atlanta,1
Ngcheangel,Araneae,Pholcidae,Belisana_yap,1
Majuro,Araneae,Pholcidae,Crossopriza_lyoni,1
Eniwetok,Araneae,Pholcidae,Holocneminus_piritarsis,1
Kwajalein,Araneae,Pholcidae,Holocneminus_piritarsis,1
Majuro,Araneae,Pholcidae,Holocneminus_piritarsis,1
Majuro,Araneae,Pholcidae,Micropholcus_fauroti,1
Eniwetok,Araneae,Pholcidae,Modisimus_culicinus,1
Kwajalein,Araneae,Pholcidae,Modisimus_culicinus,1
Rangiroa,Araneae,Pholcidae,Modisimus_culicinus,1
Arno,Araneae,Pholcidae,Physocyclus_globosus,1
Eniwetok,Araneae,Pholcidae,Physocyclus_globosus,1
Majuro,Araneae,Pholcidae,Physocyclus_globosus,1
Manihiki,Araneae,Pholcidae,Physocyclus_globosus,1
Ngcheangel,Araneae,Pholcidae,Physocyclus_globosus,1
Nukunonu,Araneae,Pholcidae,Physocyclus_globosus,1
South_Keeling,Araneae,Pholcidae,Physocyclus_globosus,1
Arno,Araneae,Pholcidae,Smeringopus_pallidus,1
Eniwetok,Araneae,Pholcidae,Smeringopus_pallidus,1
Farquhar,Araneae,Pholcidae,Smeringopus_pallidus,1
Kwajalein,Araneae,Pholcidae,Smeringopus_pallidus,1
Majuro,Araneae,Pholcidae,Smeringopus_pallidus,1
Midway,Araneae,Pholcidae,Smeringopus_pallidus,1
Nukunonu,Araneae,Pholcidae,Smeringopus_pallidus,1
Palmyra,Araneae,Pholcidae,Smeringopus_pallidus,1
South_Keeling,Araneae,Pholcidae,Smeringopus_pallidus,1
Eniwetok,Araneae,Salticidae,Afraflacilla_kraussi,1
Majuro,Araneae,Salticidae,Afraflacilla_kraussi,1
Funafuti,Araneae,Salticidae,Ascyltus_audax,1
Funafuti,Araneae,Salticidae,Ascyltus_ferox,1
Funafuti,Araneae,Salticidae,Ascyltus_pterygodes,1
Nukunonu,Araneae,Salticidae,Ascyltus_pterygodes,1
Ducie,Araneae,Salticidae,Athamas_whitmeei,1
Eniwetok,Araneae,Salticidae,Athamas_whitmeei,1
Kwajalein,Araneae,Salticidae,Athamas_whitmeei,1
Majuro,Araneae,Salticidae,Athamas_whitmeei,1
Ulithi,Araneae,Salticidae,Athamas_whitmeei,1
Funafuti,Araneae,Salticidae,Bavia_aericeps,1
Nukunonu,Araneae,Salticidae,Bavia_aericeps,1
Kwajalein,Araneae,Salticidae,Bavia_sexpunctata,1
South_Keeling,Araneae,Salticidae,Bavia_sp,1
Kavaratti,Araneae,Salticidae,Carrhotus_viduus,1
South_Keeling,Araneae,Salticidae,Cosmophasis_lami,1
Kwajalein,Araneae,Salticidae,Efate_fimbriatus,1
Majuro,Araneae,Salticidae,Efate_fimbriatus,1
Eniwetok,Araneae,Salticidae,Flacillula_minuta,1
Rangiroa,Araneae,Salticidae,Frigga_crocuta,1
Aldabra,Araneae,Salticidae,Goleba_pallens,1
Aldabra,Araneae,Salticidae,Hasarius_adansoni,1
Eniwetok,Araneae,Salticidae,Hasarius_adansoni,1
French_Frigate_Shoals,Araneae,Salticidae,Hasarius_adansoni,1
Kure,Araneae,Salticidae,Hasarius_adansoni,1
Laysan,Araneae,Salticidae,Hasarius_adansoni,1
Majuro,Araneae,Salticidae,Hasarius_adansoni,1
Midway,Araneae,Salticidae,Hasarius_adansoni,1
Palmyra,Araneae,Salticidae,Hasarius_adansoni,1
Pearl_and_Hermes,Araneae,Salticidae,Hasarius_adansoni,1
Aldabra,Araneae,Salticidae,Heliophanus_activus,1
Aldabra,Araneae,Salticidae,Hyllus_acutus,1
Kavaratti,Araneae,Salticidae,Hyllus_pudicus,1
Ngcheangel,Araneae,Salticidae,Ligurra_opelli,1
Johnston,Araneae,Salticidae,Menemerus_bivittatus,1
Kwajalein,Araneae,Salticidae,Menemerus_bivittatus,1
Laysan,Araneae,Salticidae,Menemerus_bivittatus,1
Majuro,Araneae,Salticidae,Menemerus_bivittatus,1
Midway,Araneae,Salticidae,Menemerus_bivittatus,1
Palmyra,Araneae,Salticidae,Menemerus_bivittatus,1
Rangiroa,Araneae,Salticidae,Menemerus_bivittatus,1
Midway,Araneae,Salticidae,Messua_cf_felix,1
Palmyra,Araneae,Salticidae,Messua_cf_felix,1
Kure,Araneae,Salticidae,Metaphidippus_sp,1
Palmyra,Araneae,Salticidae,Metaphidippus_sp,1
Ngcheangel,Araneae,Salticidae,Myrmarachne_edwardsi,1
Midway,Araneae,Salticidae,Phintelloides_versicolor,1
Palmyra,Araneae,Salticidae,Phintelloides_versicolor,1
Abariringa,Araneae,Salticidae,Plexippus_paykulli,1
Aldabra,Araneae,Salticidae,Plexippus_paykulli,1
Eniwetok,Araneae,Salticidae,Plexippus_paykulli,1
Kavaratti,Araneae,Salticidae,Plexippus_paykulli,1
Midway,Araneae,Salticidae,Plexippus_paykulli,1
Palmyra,Araneae,Salticidae,Plexippus_paykulli,1
Majuro,Araneae,Salticidae,Plexippus_petersi,1
Kwajalein,Araneae,Salticidae,Psenuc_nuclearis,1
Ulithi,Araneae,Salticidae,Psenuc_nuclearis,1
Palmyra,Araneae,Salticidae,Sandalodes_sp,1
Anaa,Araneae,Salticidae,Thorelliola_ensifera,1
Ducie,Araneae,Salticidae,Thorelliola_ensifera,1
Eniwetok,Araneae,Salticidae,Thorelliola_ensifera,1
Kwajalein,Araneae,Salticidae,Thorelliola_ensifera,1
Majuro,Araneae,Salticidae,Thorelliola_ensifera,1
Rose,Araneae,Salticidae,Thorelliola_ensifera,1
Swains,Araneae,Salticidae,Thorelliola_ensifera,1
Takapoto,Araneae,Salticidae,Thorelliola_ensifera,1
Ulithi,Araneae,Salticidae,Thorelliola_ensifera,1
Ngcheangel,Araneae,Salticidae,Xenocytaea_anomala,1
Kwajalein,Araneae,Salticidae,Zenodorus_microphthalmus,1
Abariringa,Araneae,Scytodidae,Dictis_striatipes,1
Bikar,Araneae,Scytodidae,Dictis_striatipes,1
Eniwetok,Araneae,Scytodidae,Dictis_striatipes,1
Funafuti,Araneae,Scytodidae,Dictis_striatipes,1
Kapingamarangi,Araneae,Scytodidae,Dictis_striatipes,1
Kure,Araneae,Scytodidae,Dictis_striatipes,1
Laysan,Araneae,Scytodidae,Dictis_striatipes,1
Mokil,Araneae,Scytodidae,Dictis_striatipes,1
Palmyra,Araneae,Scytodidae,Dictis_striatipes,1
Pokak,Araneae,Scytodidae,Dictis_striatipes,1
Midway,Araneae,Scytodidae,Scytodes_fusca,1
Rose,Araneae,Scytodidae,Scytodes_fusca,1
Midway,Araneae,Scytodidae,Scytodes_longipes,1
Palmyra,Araneae,Scytodidae,Scytodes_longipes,1
Johnston,Araneae,Scytodidae,Scytodes_lugubris,1
Kure,Araneae,Scytodidae,Scytodes_lugubris,1
Abariringa,Araneae,Scytodidae,Scytodes_sp,1
Aldabra,Araneae,Sicariidae,Loxosceles_rufescens,1
Kavaratti,Araneae,Sicariidae,Loxosceles_rufescens,1
Farquhar,Araneae,Sparassidae,Damastes_validus,1
Kavaratti,Araneae,Sparassidae,Heteropoda_atollicola,1
Funafuti,Araneae,Sparassidae,Heteropoda_debilis,1
Diego_Garcia,Araneae,Sparassidae,Heteropoda_venatoria,1
Eniwetok,Araneae,Sparassidae,Heteropoda_venatoria,1
Funafuti,Araneae,Sparassidae,Heteropoda_venatoria,1
Kavaratti,Araneae,Sparassidae,Heteropoda_venatoria,1
Kwajalein,Araneae,Sparassidae,Heteropoda_venatoria,1
Manihiki,Araneae,Sparassidae,Heteropoda_venatoria,1
Midway,Araneae,Sparassidae,Heteropoda_venatoria,1
Nukunonu,Araneae,Sparassidae,Heteropoda_venatoria,1
Palmyra,Araneae,Sparassidae,Heteropoda_venatoria,1
South_Keeling,Araneae,Sparassidae,Heteropoda_venatoria,1
Tabuaeran,Araneae,Sparassidae,Heteropoda_venatoria,1
Tongareva,Araneae,Sparassidae,Heteropoda_venatoria,1
Addu,Araneae,Sparassidae,Olios_lamarcki,1
Kavaratti,Araneae,Sparassidae,Olios_lamarcki,1
Taka,Araneae,Tetrablemmidae,Brignoliella_quadricornis,1
Kwajalein,Araneae,Tetragnathidae,Leucauge_granulata,1
Niau,Araneae,Tetragnathidae,Leucauge_granulata,1
Aldabra,Araneae,Tetragnathidae,Tetragnatha_demissa,1
Kavaratti,Araneae,Tetragnathidae,Tetragnatha_foveata,1
Kiritimati,Araneae,Tetragnathidae,Tetragnatha_keyserlingi,1
Palmyra,Araneae,Tetragnathidae,Tetragnatha_keyserlingi,1
Funafuti,Araneae,Tetragnathidae,Tetragnatha_laqueata,1
Aldabra,Araneae,Tetragnathidae,Tetragnatha_maralba,1
Laysan,Araneae,Tetragnathidae,Tetragnatha_nitens,1
Midway,Araneae,Tetragnathidae,Tetragnatha_nitens,1
Funafuti,Araneae,Tetragnathidae,Tetragnatha_panopea,1
Clipperton,Araneae,Tetragnathidae,Tetragnatha_sp,1
French_Frigate_Shoals,Araneae,Tetragnathidae,Tetragnatha_sp,1
Pearl_and_Hermes,Araneae,Tetragnathidae,Tetragnatha_sp,1
Kavaratti,Araneae,Tetragnathidae,Tylorida_ventralis,1
Pingelap,Araneae,Teraphosidae,Plesiophrictus_senffti,1
Aldabra,Araneae,Theridiidae,Anelosimus_decaryi,1
Astove,Araneae,Theridiidae,Anelosimus_decaryi,1
Aldabra,Araneae,Theridiidae,Argyrodes_argyrodes,1
Aldabra,Araneae,Theridiidae,Argyrodes_chionus,1
Aldabra,Araneae,Theridiidae,Bardala_labarda,1
Palmyra,Araneae,Theridiidae,Coleosoma_blandum,1
Ducie,Araneae,Theridiidae,Coleosoma_floridanum,1
Laysan,Araneae,Theridiidae,Coleosoma_floridanum,1
Palmyra,Araneae,Theridiidae,Coleosoma_floridanum,1
Rose,Araneae,Theridiidae,Coleosoma_sp,1
Aldabra,Araneae,Theridiidae,Dipoena_hasra,1
Aldabra,Araneae,Theridiidae,Dipoena_pristea,1
Aldabra,Araneae,Theridiidae,Euryopis_helcra,1
Abariringa,Araneae,Theridiidae,Latrodectus_geometricus,1
Aldabra,Araneae,Theridiidae,Latrodectus_geometricus,1
Eniwetok,Araneae,Theridiidae,Latrodectus_geometricus,1
Johnston,Araneae,Theridiidae,Latrodectus_geometricus,1
Palmyra,Araneae,Theridiidae,Latrodectus_geometricus,1
Midway,Araneae,Theridiidae,Latrodectus_hesperus,1
Abariringa,Araneae,Theridiidae,Latrodectus_mactans,1
Aldabra,Araneae,Theridiidae,Latrodectus_mactans,1
Midway,Araneae,Theridiidae,Latrodectus_mactans,1
Aldabra,Araneae,Theridiidae,Latrodectus_menavodi,1
Farquhar,Araneae,Theridiidae,Latrodectus_menavodi,1
Aldabra,Araneae,Theridiidae,Nanume_naneum,1
Kwajalein,Araneae,Theridiidae,Nesticodes_rufipes,1
Laysan,Araneae,Theridiidae,Nesticodes_rufipes,1
Palmyra,Araneae,Theridiidae,Nesticodes_rufipes,1
Midway,Araneae,Theridiidae,Parasteatoda_tepidariorum,1
Aldabra,Araneae,Theridiidae,Phycosoma_martinae,1
Aldabra,Araneae,Theridiidae,Phycosoma_menustya,1
Aldabra,Araneae,Theridiidae,Platnickina_mneon,1
Aldabra,Araneae,Theridiidae,Rhomphaea_barycephala,1
Takapoto,Araneae,Theridiidae,Theridion_buxtoni,1
Aldabra,Araneae,Theridiidae,Theridion_cloxum,1
Aldabra,Araneae,Theridiidae,Theridion_mehlum,1
Aldabra,Araneae,Theridiidae,Theridion_melanostictum,1
Midway,Araneae,Theridiidae,Theridion_melanostictum,1
Aldabra,Araneae,Theridiidae,Theridion_nagorum,1
Aldabra,Araneae,Theridiidae,Theridion_palanum,1
Aldabra,Araneae,Theridiidae,Theridula_gonygaster,1
Kavaratti,Araneae,Thomisidae,Thomisus_pugilis,1
Aldabra,Araneae,Trochanteriidae,Platyoides_grandidieri,1
Farquhar,Araneae,Trochanteriidae,Platyoides_sp,1
Addu,Araneae,Uloboridae,Zosis_geniculata,1
Funafuti,Araneae,Uloboridae,Zosis_geniculata,1
Kavaratti,Araneae,Uloboridae,Zosis_geniculata,1
Addu,Geophilomorpha,Ballophilidae,Ballophilus_maldivensis,1
Aldabra,Geophilomorpha,Ballophilidae,Ityphilus_cf_taeniaformis,1
Aldabra,Geophilomorpha,Geophilidae,Ribautia_cf_paucipes,1
Aldabra,Geophilomorpha,Geophilidae,Tuoba_sydneyensis,1
Johnston,Geophilomorpha,Geophilidae,Tuoba_sydneyensis,1
Kure,Geophilomorpha,Geophilidae,Tuoba_sydneyensis,1
Laysan,Geophilomorpha,Geophilidae,Tuoba_sydneyensis,1
Pearl_and_Hermes,Geophilomorpha,Geophilidae,Tuoba_sydneyensis,1
Aldabra,Geophilomorpha,Mecistocephalidae,Mecistocephalus_angusticeps,1
Aldabra,Geophilomorpha,Mecistocephalidae,Mecistocephalus_lohmanderi,1
Abariringa,Geophilomorpha,Mecistocephalidae,Mecistocephalus_maxillaris,1
Clipperton,Geophilomorpha,Mecistocephalidae,Mecistocephalus_parvus,1
Funafuti,Geophilomorpha,Mecistocephalidae,Mecistocephalus_punctifrons,1
Rose,Geophilomorpha,Mecistocephalidae,Mecistocephalus_cf_maxillaris,1
Nukunonu,Geophilomorpha,Mecistocephalidae,Mecistocephalus_sp,1
Aldabra,Geophilomorpha,Oryidae,Orphnaeus_dekanius,1
Funafuti,Geophilomorpha,Oryidae,Orphnaeus_brevilabiatus,1
Wake,Geophilomorpha,Oryidae,Orphnaeus_brevilabiatus,1
Aldabra,Scolopendromorpha,Cryptopidae,Cryptops_mauritianus,1
Clipperton,Scolopendromorpha,Cryptopidae,Cryptops_navigans,1
Aldabra,Scolopendromorpha,Cryptopidae,Cryptops_nigropictus,1
Aldabra,Scolopendromorpha,Cryptopidae,Cryptops_cf_japonicus,1
Nukunonu,Scolopendromorpha,Cryptopidae,Cryptops_sp,1
Funafuti,Scolopendromorpha,Scolopendridae,Otostigmus_astenus,1
Nukunonu,Scolopendromorpha,Scolopendridae,Otostigmus_sp,1
Rose,Scolopendromorpha,Scolopendridae,Otostigmus_sp,1
Clipperton,Scolopendromorpha,Scolopendridae,Rhysida_longipes,1
Aldabra,Scolopendromorpha,Scolopendridae,Scolopendra_morsitans,1
Arno,Scolopendromorpha,Scolopendridae,Scolopendra_morsitans,1
Funafuti,Scolopendromorpha,Scolopendridae,Scolopendra_morsitans,1
Johnston,Scolopendromorpha,Scolopendridae,Scolopendra_morsitans,1
Majuro,Scolopendromorpha,Scolopendridae,Scolopendra_morsitans,1
Nukunonu,Scolopendromorpha,Scolopendridae,Scolopendra_morsitans,1
Ulithi,Scolopendromorpha,Scolopendridae,Scolopendra_morsitans,1
Jaluit,Scolopendromorpha,Scolopendridae,Scolopendra_subspinipes,1
Midway,Scolopendromorpha,Scolopendridae,Scolopendra_subspinipes,1
Palmyra,Scolopendromorpha,Scolopendridae,Scolopendra_subspinipes,1
Rangiroa,Scolopendromorpha,Scolopendridae,Scolopendra_subspinipes,1
Takapoto,Scolopendromorpha,Scolopendridae,Scolopendra_subspinipes,1
Wake,Scolopendromorpha,Scolopendridae,Scolopendra_subspinipes,1
Midway,Lithobiomorpha,Henicopidae,Lamyctes_africanus,1
Aldabra,Lithobiomorpha,Henicopidae,Lamyctes_tristani,1
Diego_Garcia,Lithobiomorpha,Henicopidae,Lamyctes_tristani,1
Aldabra,Lithobiomorpha,Lithobiidae,Australobius_inflatitarsis,1
Kure,Lithobiomorpha,Lithobiidae,Lithobius_moananus,1
Midway,Lithobiomorpha,Lithobiidae,Lithobius_moananus,1
Aldabra,Spirobolida,Pachybolidae,Dactylolobus_bivirgatus,1
Ducie,Spirobolida,Pachybolidae,Leptogoniulus_sorornus,1
Takapoto,Spirobolida,Pachybolidae,Leptogoniulus_sorornus,1
Clipperton,Spirobolida,Pachybolidae,Machilis_mutica,1
Arno,Spirobolida,Pachybolidae,Machilis_sp,1
South_Keeling,Spirobolida,Pachybolidae,Trigoniulus_sp,1
Funafuti,Spirostreptida,Cambalopsidae,Trichocambala_sollasii,1
South_Keeling,Polydesmida,Paradoxosomatidae,Orthomorpha_coarctata,1
Takapoto,Polydesmida,Paradoxosomatidae,Orthomorpha_coarctata,1
Eniwetok,Polydesmida,Paradoxosomatidae,Oxidus_gracilis,1
Kwajalein,Polydesmida,Paradoxosomatidae,Oxidus_gracilis,1
Farquhar,Isopoda,Agnaridae,Agnara_madagascariensis,1
Kiritimati,Isopoda,Alloniscidae,Alloniscus_oahuensis,1
Palmyra,Isopoda,Alloniscidae,Alloniscus_oahuensis,1
Tabuaeran,Isopoda,Alloniscidae,Alloniscus_oahuensis,1
Aldabra,Isopoda,Alloniscidae,Alloniscus_pigmentatus,1
Farquhar,Isopoda,Alloniscidae,Alloniscus_pigmentatus,1
Farquhar,Isopoda,Armadillidae,Bethalus_simplex,1
Addu,Isopoda,Armadillidae,Cubaris_murina,1
South_Keeling,Isopoda,Armadillidae,Cubaris_murina,1
Tabuaeran,Isopoda,Armadillidae,Cubaris_murina,1
Kure,Isopoda,Armadillidae,Cubaris_sp,1
Aldabra,Isopoda,Armadillidae,Pseudodiploexochus_cuspidatus,1
Jaluit,Isopoda,Armadillidae,Spherillo_bocki,1
Takapoto,Isopoda,Armadillidae,Spherillo_vitiensis,1
Palmyra,Isopoda,Armadillidae,Spherillo_sp,1
Midway,Isopoda,Armadillidae,Venezillo_parvus,1
South_Keeling,Isopoda,Armadillidae,Venezillo_parvus,1
Aldabra,Isopoda,Armadillidae,Venezillo_pseudoparvus,1
Midway,Isopoda,Detonidae,Armadilloniscus_ellipticus,1
Midway,Isopoda,Halophilosciidae,Halophiloscia_couchii,1
Aldabra,Isopoda,Halophilosciidae,Littorophiloscia_aldabrana,1
Ducie,Isopoda,Halophilosciidae,Littorophiloscia_bifasciata,1
Midway,Isopoda,Halophilosciidae,Littorophiloscia_culebrae,1
Laysan,Isopoda,Halophilosciidae,Littorophiloscia_hawaiiensis,1
Aldabra,Isopoda,Halophilosciidae,Littorophiloscia_sp,1
Aldabra,Isopoda,Ligiidae,Ligia_exotica,1
Clipperton,Isopoda,Ligiidae,Ligia_exotica,1
Palmyra,Isopoda,Ligiidae,Ligia_pallida,1
Farquhar,Isopoda,Philosciidae,Anchiphiloscia_karongae,1
Diego_Garcia,Isopoda,Philosciidae,Anchiphiloscia_pilosa,1
Aldabra,Isopoda,Philosciidae,Aphiloscia_annulicornis,1
Farquhar,Isopoda,Philosciidae,Aphiloscia_annulicornis,1
Palmyra,Isopoda,Philosciidae,Australophiloscia_societatis,1
Addu,Isopoda,Philosciidae,Paraphiloscia_gracilis,1
Palmyra,Isopoda,Philosciidae,Philoscia_sp,1
Aldabra,Isopoda,Philosciidae,Philoscina_insularis,1
Aldabra,Isopoda,Platyarthridae,Trichorhina_triocellata,1
Midway,Isopoda,Porcellionidae,Agabiformius_lentus,1
Midway,Isopoda,Porcellionidae,Porcellio_laevis,1
Midway,Isopoda,Porcellionidae,Porcellio_lamellatus,1
Kure,Isopoda,Porcellionidae,Porcellio_sp,1
Abariringa,Isopoda,Porcellionidae,Porcellionides_pruinosus,1
Diego_Garcia,Isopoda,Porcellionidae,Porcellionides_pruinosus,1
Farquhar,Isopoda,Porcellionidae,Porcellionides_pruinosus,1
Kure,Isopoda,Porcellionidae,Porcellionides_pruinosus,1
Laysan,Isopoda,Porcellionidae,Porcellionides_pruinosus,1
Midway,Isopoda,Porcellionidae,Porcellionides_pruinosus,1
Tabuaeran,Isopoda,Porcellionidae,Porcellionides_pruinosus,1
Takapoto,Isopoda,Porcellionidae,Porcellionides_pruinosus,1
Aldabra,Isopoda,Porcellionidae,Tura_angusta,1
Aldabra,Isopoda,Porcellionidae,Tura_testacea,1
Aldabra,Isopoda,Rhyscotidae,Rhyscotus_globiceps,1
Aldabra,Isopoda,Trachelipodidae,Nagurus_kensleyi,1
Midway,Isopoda,Trachelipodidae,Nagurus_nanus,1
Kiritimati,Isopoda,Trachelipodidae,Nagurus_tahitiensis,1
Palmyra,Isopoda,Trachelipodidae,Nagurus_tahitiensis,1
Aldabra,Isopoda,Tylidae,Tylos_minor,1
Midway,Zygentoma,Lepismatidae,Ctenolepisma_longicaudatum,1
Glorioso,Zygentoma,Nicoletiidae,Nicoletia_meinerti,1
Takapoto,Zygentoma,Nicoletiidae,Nicoletia_meinerti,1
Clipperton,Odonata,Aeshnidae,Anax_amazili,1
Diego_Garcia,Odonata,Aeshnidae,Anax_ephippiger,1
Ant,Odonata,Aeshnidae,Anax_guttatus,1
Arno,Odonata,Aeshnidae,Anax_guttatus,1
Diego_Garcia,Odonata,Aeshnidae,Anax_guttatus,1
Eniwetok,Odonata,Aeshnidae,Anax_guttatus,1
Jaluit,Odonata,Aeshnidae,Anax_guttatus,1
Kwajalein,Odonata,Aeshnidae,Anax_guttatus,1
Majuro,Odonata,Aeshnidae,Anax_guttatus,1
Mokil,Odonata,Aeshnidae,Anax_guttatus,1
Onotoa,Odonata,Aeshnidae,Anax_guttatus,1
Pingelap,Odonata,Aeshnidae,Anax_guttatus,1
South_Keeling,Odonata,Aeshnidae,Anax_guttatus,1
Ulithi,Odonata,Aeshnidae,Anax_guttatus,1
Wake,Odonata,Aeshnidae,Anax_guttatus,1
Palmyra,Odonata,Aeshnidae,Anax_junius,1
Aldabra,Odonata,Aeshnidae,Anax_tristis,1
Ulithi,Odonata,Coenagrionidae,Agriocnemis_femina,1
Diego_Garcia,Odonata,Coenagrionidae,Agriocnemis_pygmaea,1
Arno,Odonata,Coenagrionidae,Ischnura_aurora,1
Jaluit,Odonata,Coenagrionidae,Ischnura_aurora,1
Kwajalein,Odonata,Coenagrionidae,Ischnura_aurora,1
Majuro,Odonata,Coenagrionidae,Ischnura_aurora,1
Onotoa,Odonata,Coenagrionidae,Ischnura_aurora,1
Palmyra,Odonata,Coenagrionidae,Ischnura_aurora,1
Pingelap,Odonata,Coenagrionidae,Ischnura_aurora,1
Takapoto,Odonata,Coenagrionidae,Ischnura_aurora,1
Utirik,Odonata,Coenagrionidae,Ischnura_aurora,1
Clipperton,Odonata,Coenagrionidae,Ischnura_ramburii,1
Aldabra,Odonata,Coenagrionidae,Ischnura_senegalensis,1
Diego_Garcia,Odonata,Coenagrionidae,Ischnura_senegalensis,1
Takapoto,Odonata,Corduliidae,Hemicordulia_assimilis,1
Kwajalein,Odonata,Isostictidae,Tanymecosticta_sp,1
Aldabra,Odonata,Lestidae,Lestes_ochraceus,1
Cosmoledo,Odonata,Lestidae,Lestes_ochraceus,1
Ant,Odonata,Libellulidae,Agrionoptera_sanguinolenta,1
Mokil,Odonata,Libellulidae,Agrionoptera_sanguinolenta,1
Palmyra,Odonata,Libellulidae,Crocothemis_servilia,1
Abariringa,Odonata,Libellulidae,Diplacodes_bipunctata,1
Arno,Odonata,Libellulidae,Diplacodes_bipunctata,1
Jaluit,Odonata,Libellulidae,Diplacodes_bipunctata,1
Kwajalein,Odonata,Libellulidae,Diplacodes_bipunctata,1
Likiep,Odonata,Libellulidae,Diplacodes_bipunctata,1
Majuro,Odonata,Libellulidae,Diplacodes_bipunctata,1
Mokil,Odonata,Libellulidae,Diplacodes_bipunctata,1
Pingelap,Odonata,Libellulidae,Diplacodes_bipunctata,1
Ulithi,Odonata,Libellulidae,Diplacodes_bipunctata,1
Aldabra,Odonata,Libellulidae,Diplacodes_trivialis,1
Diego_Garcia,Odonata,Libellulidae,Diplacodes_trivialis,1
Diego_Garcia,Odonata,Libellulidae,Macrodiplax_cora,1
Ulithi,Odonata,Libellulidae,Neurothemis_terminata,1
Diego_Garcia,Odonata,Libellulidae,Orthetrum_stemmale,1
Abariringa,Odonata,Libellulidae,Pantala_flavescens,1
Aldabra,Odonata,Libellulidae,Pantala_flavescens,1
Ant,Odonata,Libellulidae,Pantala_flavescens,1
Arno,Odonata,Libellulidae,Pantala_flavescens,1
Diego_Garcia,Odonata,Libellulidae,Pantala_flavescens,1
Eniwetok,Odonata,Libellulidae,Pantala_flavescens,1
French_Frigate_Shoals,Odonata,Libellulidae,Pantala_flavescens,1
Glorioso,Odonata,Libellulidae,Pantala_flavescens,1
Jaluit,Odonata,Libellulidae,Pantala_flavescens,1
Kapingamarangi,Odonata,Libellulidae,Pantala_flavescens,1
Kwajalein,Odonata,Libellulidae,Pantala_flavescens,1
Majuro,Odonata,Libellulidae,Pantala_flavescens,1
Midway,Odonata,Libellulidae,Pantala_flavescens,1
Mokil,Odonata,Libellulidae,Pantala_flavescens,1
Nukunonu,Odonata,Libellulidae,Pantala_flavescens,1
Onotoa,Odonata,Libellulidae,Pantala_flavescens,1
Palmyra,Odonata,Libellulidae,Pantala_flavescens,1
Pingelap,Odonata,Libellulidae,Pantala_flavescens,1
South_Keeling,Odonata,Libellulidae,Pantala_flavescens,1
Ulithi,Odonata,Libellulidae,Pantala_flavescens,1
Ulithi,Odonata,Libellulidae,Rhyothemis_phyllis,1
Diego_Garcia,Odonata,Libellulidae,Rhyothemis_variegata,1
Ant,Odonata,Libellulidae,Tholymis_tillarga,1
Arno,Odonata,Libellulidae,Tholymis_tillarga,1
Kapingamarangi,Odonata,Libellulidae,Tholymis_tillarga,1
Kwajalein,Odonata,Libellulidae,Tholymis_tillarga,1
Majuro,Odonata,Libellulidae,Tholymis_tillarga,1
Mokil,Odonata,Libellulidae,Tholymis_tillarga,1
Pingelap,Odonata,Libellulidae,Tholymis_tillarga,1
Satawan,Odonata,Libellulidae,Tholymis_tillarga,1
Ulithi,Odonata,Libellulidae,Tholymis_tillarga,1
Aldabra,Odonata,Libellulidae,Tramea_basilaris,1
Glorioso,Odonata,Libellulidae,Tramea_basilaris,1
Diego_Garcia,Odonata,Libellulidae,Tramea_continentalis,1
Eniwetok,Odonata,Libellulidae,Tramea_lacerata,1
Diego_Garcia,Odonata,Libellulidae,Tramea_limbata,1
South_Keeling,Odonata,Libellulidae,Tramea_rosenbergi,1
Ant,Odonata,Libellulidae,Tramea_transmarina,1
Arno,Odonata,Libellulidae,Tramea_transmarina,1
Eniwetok,Odonata,Libellulidae,Tramea_transmarina,1
Kwajalein,Odonata,Libellulidae,Tramea_transmarina,1
Likiep,Odonata,Libellulidae,Tramea_transmarina,1
Majuro,Odonata,Libellulidae,Tramea_transmarina,1
Mokil,Odonata,Libellulidae,Tramea_transmarina,1
Onotoa,Odonata,Libellulidae,Tramea_transmarina,1
Pingelap,Odonata,Libellulidae,Tramea_transmarina,1
Diego_Garcia,Odonata,Libellulidae,Zyxomma_petiolatum,1
Jaluit,Dermaptera,Anisolabididae,Anisolabis_maritima,1
Johnston,Dermaptera,Anisolabididae,Anisolabis_maritima,1
Kwajalein,Dermaptera,Anisolabididae,Anisolabis_maritima,1
Laysan,Dermaptera,Anisolabididae,Anisolabis_maritima,1
Midway,Dermaptera,Anisolabididae,Anisolabis_maritima,1
Ulithi,Dermaptera,Anisolabididae,Anisolabis_maritima,1
Wake,Dermaptera,Anisolabididae,Anisolabis_maritima,1
Laysan,Dermaptera,Anisolabididae,Anisolabis_pacifica,1
Diego_Garcia,Dermaptera,Anisolabididae,Anisolabis_sp,1
Abariringa,Dermaptera,Anisolabididae,Euborellia_annulipes,1
Clipperton,Dermaptera,Anisolabididae,Euborellia_annulipes,1
Eniwetok,Dermaptera,Anisolabididae,Euborellia_annulipes,1
French_Frigate_Shoals,Dermaptera,Anisolabididae,Euborellia_annulipes,1
Glorioso,Dermaptera,Anisolabididae,Euborellia_annulipes,1
Johnston,Dermaptera,Anisolabididae,Euborellia_annulipes,1
Kure,Dermaptera,Anisolabididae,Euborellia_annulipes,1
Kwajalein,Dermaptera,Anisolabididae,Euborellia_annulipes,1
Laysan,Dermaptera,Anisolabididae,Euborellia_annulipes,1
Midway,Dermaptera,Anisolabididae,Euborellia_annulipes,1
Palmyra,Dermaptera,Anisolabididae,Euborellia_annulipes,1
Pearl_and_Hermes,Dermaptera,Anisolabididae,Euborellia_annulipes,1
Rose,Dermaptera,Anisolabididae,Euborellia_annulipes,1
South_Keeling,Dermaptera,Anisolabididae,Euborellia_annulipes,1
Takapoto,Dermaptera,Anisolabididae,Euborellia_annulipes,1
Wake,Dermaptera,Anisolabididae,Euborellia_annulipes,1
Abariringa,Dermaptera,Anisolabididae,Euborellia_eteronoma,1
French_Frigate_Shoals,Dermaptera,Anisolabididae,Euborellia_eteronoma,1
Kure,Dermaptera,Anisolabididae,Euborellia_eteronoma,1
Laysan,Dermaptera,Anisolabididae,Euborellia_eteronoma,1
Pearl_and_Hermes,Dermaptera,Anisolabididae,Euborellia_eteronoma,1
Aldabra,Dermaptera,Anisolabididae,Euborellia_plebeja,1
Aldabra,Dermaptera,Anisolabididae,Euborellia_stali,1
Cosmoledo,Dermaptera,Anisolabididae,Euborellia_stali,1
Farquhar,Dermaptera,Anisolabididae,Euborellia_stali,1
Kavaratti,Dermaptera,Anisolabididae,Euborellia_stali,1
Kwajalein,Dermaptera,Anisolabididae,Euborellia_stali,1
Wake,Dermaptera,Anisolabididae,Euborellia_stali,1
Kavaratti,Dermaptera,Anisolabididae,Euborellia_sp,1
Arno,Dermaptera,Chelisochidae,Chelisoches_morio,1
Diego_Garcia,Dermaptera,Chelisochidae,Chelisoches_morio,1
Eniwetok,Dermaptera,Chelisochidae,Chelisoches_morio,1
Farquhar,Dermaptera,Chelisochidae,Chelisoches_morio,1
Jaluit,Dermaptera,Chelisochidae,Chelisoches_morio,1
Kapingamarangi,Dermaptera,Chelisochidae,Chelisoches_morio,1
Kwajalein,Dermaptera,Chelisochidae,Chelisoches_morio,1
Majuro,Dermaptera,Chelisochidae,Chelisoches_morio,1
Nukunonu,Dermaptera,Chelisochidae,Chelisoches_morio,1
Takapoto,Dermaptera,Chelisochidae,Chelisoches_morio,1
Ulithi,Dermaptera,Chelisochidae,Chelisoches_morio,1
Diego_Garcia,Dermaptera,Chelisochidae,Hamaxas_sp,1
Diego_Garcia,Dermaptera,Labiduridae,Labidura_riparia,1
Eniwetok,Dermaptera,Labiduridae,Labidura_riparia,1
Jaluit,Dermaptera,Labiduridae,Labidura_riparia,1
Kiritimati,Dermaptera,Labiduridae,Labidura_riparia,1
Kwajalein,Dermaptera,Labiduridae,Labidura_riparia,1
Majuro,Dermaptera,Labiduridae,Labidura_riparia,1
Midway,Dermaptera,Labiduridae,Labidura_riparia,1
Wake,Dermaptera,Labiduridae,Labidura_riparia,1
Jaluit,Dermaptera,Spongiphoridae,Marava_arachidis,1
Kwajalein,Dermaptera,Spongiphoridae,Marava_arachidis,1
Arno,Dermaptera,Spongiphoridae,Paralabella_curvicauda,1
Diego_Garcia,Dermaptera,Spongiphoridae,Paralabella_curvicauda,1
Jaluit,Dermaptera,Spongiphoridae,Paralabella_curvicauda,1
Kapingamarangi,Dermaptera,Spongiphoridae,Paralabella_curvicauda,1
Kwajalein,Dermaptera,Spongiphoridae,Paralabella_curvicauda,1
Majuro,Dermaptera,Spongiphoridae,Paralabella_curvicauda,1
Pingelap,Dermaptera,Spongiphoridae,Paralabella_curvicauda,1
Ulithi,Dermaptera,Spongiphoridae,Paralabella_curvicauda,1
Kavaratti,Orthoptera,Acrididae,Acrotylus_humbertianus,1
Aldabra,Orthoptera,Acrididae,Acrotylus_patruelis,1
South_Keeling,Orthoptera,Acrididae,Acrydium_Patanga_cf_japonicum,1
Diego_Garcia,Orthoptera,Acrididae,Aiolopus_simulatrix,1
Kavaratti,Orthoptera,Acrididae,Aiolopus_simulatrix,1
Abariringa,Orthoptera,Acrididae,Aiolopus_thalassinus,1
Aldabra,Orthoptera,Acrididae,Aiolopus_thalassinus,1
Bikini,Orthoptera,Acrididae,Aiolopus_thalassinus,1
Cosmoledo,Orthoptera,Acrididae,Aiolopus_thalassinus,1
Diego_Garcia,Orthoptera,Acrididae,Aiolopus_thalassinus,1
Eniwetok,Orthoptera,Acrididae,Aiolopus_thalassinus,1
Farquhar,Orthoptera,Acrididae,Aiolopus_thalassinus,1
Glorioso,Orthoptera,Acrididae,Aiolopus_thalassinus,1
Kwajalein,Orthoptera,Acrididae,Aiolopus_thalassinus,1
Majuro,Orthoptera,Acrididae,Aiolopus_thalassinus,1
Nukunonu,Orthoptera,Acrididae,Aiolopus_thalassinus,1
Rongelap,Orthoptera,Acrididae,Aiolopus_thalassinus,1
Ujae,Orthoptera,Acrididae,Aiolopus_thalassinus,1
Wake,Orthoptera,Acrididae,Aiolopus_thalassinus,1
Wotho,Orthoptera,Acrididae,Aiolopus_thalassinus,1
Kavaratti,Orthoptera,Acrididae,Anacridium_flavescens,1
South_Keeling,Orthoptera,Acrididae,Austracris_guttulosa,1
Glorioso,Orthoptera,Acrididae,Catantopsis_malagassus,1
Glorioso,Orthoptera,Acrididae,Catantopsis_sacalava,1
Aldabra,Orthoptera,Acrididae,Conipoda_aldabrae,1
Cosmoledo,Orthoptera,Acrididae,Conipoda_aldabrae,1
Glorioso,Orthoptera,Acrididae,Conipoda_calcarata,1
Aldabra,Orthoptera,Acrididae,Cyrtacanthacris_tatarica,1
Astove,Orthoptera,Acrididae,Cyrtacanthacris_tatarica,1
Cosmoledo,Orthoptera,Acrididae,Cyrtacanthacris_tatarica,1
Glorioso,Orthoptera,Acrididae,Cyrtacanthacris_tatarica,1
Aldabra,Orthoptera,Acrididae,Diabolocatantops_axillaris,1
Cosmoledo,Orthoptera,Acrididae,Diabolocatantops_axillaris,1
Glorioso,Orthoptera,Acrididae,Diabolocatantops_axillaris,1
Kavaratti,Orthoptera,Acrididae,Diabolocatantops_innotabilis,1
Ulithi,Orthoptera,Acrididae,Heteropternis_obscurella,1
Kwajalein,Orthoptera,Acrididae,Locusta_migratoria,1
Majuro,Orthoptera,Acrididae,Locusta_migratoria,1
South_Keeling,Orthoptera,Acrididae,Locusta_migratoria,1
Kavaratti,Orthoptera,Acrididae,Morphacris_fasciata,1
Glorioso,Orthoptera,Acrididae,Oedaleus_virgula,1
Palmyra,Orthoptera,Acrididae,Oxya_chinensis,1
Jaluit,Orthoptera,Acrididae,Oxya_hyla,1
Kapingamarangi,Orthoptera,Acrididae,Oxya_japonica,1
Midway,Orthoptera,Acrididae,Oxya_japonica,1
Palmyra,Orthoptera,Acrididae,Oxya_japonica,1
Ngcheangel,Orthoptera,Acrididae,Valanga_nigricornis,1
Ulithi,Orthoptera,Acrididae,Valanga_nigricornis,1
Aldabra,Orthoptera,Gryllacrididae,Claudiagryllacris_fryeri,1
Arno,Orthoptera,Gryllacrididae,Gryllacris_appendiculata,1
Jaluit,Orthoptera,Gryllacrididae,Gryllacris_appendiculata,1
Likiep,Orthoptera,Gryllacrididae,Gryllacris_appendiculata,1
South_Keeling,Orthoptera,Gryllacrididae,Gryllacris_cf_signifera,1
Takapoto,Orthoptera,Gryllacrididae,Teleogryllus_oceanicus,1
Diego_Garcia,Orthoptera,Gryllidae,Acheta_domesticus,1
Aldabra,Orthoptera,Gryllidae,Fryerius_aphonoides,1
Abariringa,Orthoptera,Gryllidae,Gryllodes_sigillatus,1
Diego_Garcia,Orthoptera,Gryllidae,Gryllodes_sigillatus,1
Eniwetok,Orthoptera,Gryllidae,Gryllodes_sigillatus,1
French_Frigate_Shoals,Orthoptera,Gryllidae,Gryllodes_sigillatus,1
Johnston,Orthoptera,Gryllidae,Gryllodes_sigillatus,1
Midway,Orthoptera,Gryllidae,Gryllodes_sigillatus,1
Nukunonu,Orthoptera,Gryllidae,Gryllodes_sigillatus,1
South_Keeling,Orthoptera,Gryllidae,Gryllodes_sigillatus,1
Takapoto,Orthoptera,Gryllidae,Gryllodes_sigillatus,1
Aldabra,Orthoptera,Gryllidae,Gryllus_bimaculatus,1
Cosmoledo,Orthoptera,Gryllidae,Gryllus_bimaculatus,1
Midway,Orthoptera,Gryllidae,Modicogryllus_conspersus,1
Aldabra,Orthoptera,Gryllidae,Oecanthus_lineolatus,1
Farquhar,Orthoptera,Gryllidae,Oecanthus_lineolatus,1
Cosmoledo,Orthoptera,Gryllidae,Scapsipedus_marginatus,1
French_Frigate_Shoals,Orthoptera,Gryllidae,Teleogryllus_oceanicus,1
Palmyra,Orthoptera,Gryllidae,Teleogryllus_oceanicus,1
Aldabra,Orthoptera,Gryllotalpidae,Gryllotalpa_africana,1
Diego_Garcia,Orthoptera,Gryllotalpidae,Gryllotalpa_sp,1
Aldabra,Orthoptera,Mogoplistidae,Arachnocephalus_subsulcatus,1
Astove,Orthoptera,Mogoplistidae,Arachnocephalus_subsulcatus,1
Cosmoledo,Orthoptera,Mogoplistidae,Arachnocephalus_subsulcatus,1
Funafuti,Orthoptera,Mogoplistidae,Arachnocephalus_vestitus,1
Palmyra,Orthoptera,Mogoplistidae,Cycloptilum_sp,1
Kavaratti,Orthoptera,Mogoplistidae,Ectatoderus_ceylonicus,1
Aldabra,Orthoptera,Mogoplistidae,Ectatoderus_nigriceps,1
Aldabra,Orthoptera,Mogoplistidae,Ectatoderus_squamiger,1
Cosmoledo,Orthoptera,Mogoplistidae,Ectatoderus_squamiger,1
Eniwetok,Orthoptera,Mogoplistidae,Ornebius_bimaculatus,1
Nukunonu,Orthoptera,Mogoplistidae,Ornebius_novarae,1
Takapoto,Orthoptera,Mogoplistidae,Ornebius_novarae,1
Aldabra,Orthoptera,Mogoplistidae,Ornebius_syrticus,1
Astove,Orthoptera,Mogoplistidae,Ornebius_syrticus,1
Cosmoledo,Orthoptera,Mogoplistidae,Ornebius_syrticus,1
Farquhar,Orthoptera,Mogoplistidae,Ornebius_syrticus,1
Diego_Garcia,Orthoptera,Mogoplistidae,Ornebius_validus,1
Kwajalein,Orthoptera,Mogoplistidae,Ornebius_sp,1
Palmyra,Orthoptera,Mogoplistidae,Ornebius_sp,1
Rose,Orthoptera,Mogoplistidae,Ornebius_sp,1
South_Keeling,Orthoptera,Mogoplistidae,Ornebius_sp,1
Midway,Orthoptera,Myrmecophilidae,Myrmecophilus_quadrispinus,1
Rose,Orthoptera,Myrmecophilidae,Myrmecophilus_cf_quadrispinus,1
Diego_Garcia,Orthoptera,Pyrgomorphidae,Atractomorpha_acutipennis,1
Kavaratti,Orthoptera,Pyrgomorphidae,Atractomorpha_crenulata,1
Palmyra,Orthoptera,Pyrgomorphidae,Atractomorpha_psittacina,1
Kure,Orthoptera,Pyrgomorphidae,Atractomorpha_sinensis,1
Midway,Orthoptera,Pyrgomorphidae,Atractomorpha_sinensis,1
Palmyra,Orthoptera,Pyrgomorphidae,Atractomorpha_sinensis,1
Diego_Garcia,Orthoptera,Tetrigidae,Paratettix_chagosensis,1
Ulithi,Orthoptera,Tetrigidae,Paratettix_pullus,1
Aldabra,Orthoptera,Tetrigidae,Paratettix_scaber,1
Aldabra,Orthoptera,Tetrigidae,Procytettix_thalassanax,1
Takapoto,Orthoptera,Tettigoniidae,Conocephalus_affinis,1
Cosmoledo,Orthoptera,Tettigoniidae,Conocephalus_iris,1
Ulithi,Orthoptera,Tettigoniidae,Conocephalus_longipennis,1
Aldabra,Orthoptera,Tettigoniidae,Conocephalus_maculatus,1
Abariringa,Orthoptera,Tettigoniidae,Conocephalus_saltator,1
Kure,Orthoptera,Tettigoniidae,Conocephalus_saltator,1
Midway,Orthoptera,Tettigoniidae,Conocephalus_saltator,1
Palmyra,Orthoptera,Tettigoniidae,Conocephalus_saltator,1
Wake,Orthoptera,Tettigoniidae,Conocephalus_saltator,1
Ulithi,Orthoptera,Tettigoniidae,Conocephalus_upoluensis,1
Midway,Orthoptera,Tettigoniidae,Elimaea_punctifera,1
South_Keeling,Orthoptera,Tettigoniidae,Euconocephalus_mucro,1
Ngcheangel,Orthoptera,Tettigoniidae,Euconocephalus_nasutus,1
Ulithi,Orthoptera,Tettigoniidae,Euconocephalus_nasutus,1
Wake,Orthoptera,Tettigoniidae,Euconocephalus_nasutus,1
Takapoto,Orthoptera,Tettigoniidae,Homorocoryphus_sp,1
Funafuti,Orthoptera,Tettigoniidae,Neoconocephalus_ensiger,1
Kwajalein,Orthoptera,Tettigoniidae,Ocica_karschi,1
Kwajalein,Orthoptera,Tettigoniidae,Phaneroptera_furcifera,1
Addu,Orthoptera,Tettigoniidae,Phaneroptera_gracilis,1
Aldabra,Orthoptera,Tettigoniidae,Phaneroptera_nana,1
Cosmoledo,Orthoptera,Tettigoniidae,Phaneroptera_nana,1
Diego_Garcia,Orthoptera,Tettigoniidae,Phaneroptera_nana,1
Glorioso,Orthoptera,Tettigoniidae,Phaneroptera_nana,1
Ngcheangel,Orthoptera,Tettigoniidae,Phaulula_trukensis,1
Kapingamarangi,Orthoptera,Tettigoniidae,Phisis_holdhausi,1
Ngcheangel,Orthoptera,Tettigoniidae,Phisis_holdhausi,1
Palmyra,Orthoptera,Tettigoniidae,Phisis_holdhausi,1
Eniwetok,Orthoptera,Tettigoniidae,Phisis_pallida,1
Nukunonu,Orthoptera,Tettigoniidae,Phisis_pallida,1
South_Keeling,Orthoptera,Tettigoniidae,Phisis_pectinata,1
Arno,Orthoptera,Tettigoniidae,Phisis_willemsei,1
Bikini,Orthoptera,Tettigoniidae,Phisis_willemsei,1
Eniwetok,Orthoptera,Tettigoniidae,Phisis_willemsei,1
Jaluit,Orthoptera,Tettigoniidae,Phisis_willemsei,1
Kwajalein,Orthoptera,Tettigoniidae,Phisis_willemsei,1
Lae,Orthoptera,Tettigoniidae,Phisis_willemsei,1
Nomwin,Orthoptera,Tettigoniidae,Phisis_willemsei,1
Onotoa,Orthoptera,Tettigoniidae,Phisis_willemsei,1
Pingelap,Orthoptera,Tettigoniidae,Phisis_willemsei,1
Sorol,Orthoptera,Tettigoniidae,Phisis_willemsei,1
Ulithi,Orthoptera,Tettigoniidae,Phisis_willemsei,1
Wotho,Orthoptera,Tettigoniidae,Phisis_willemsei,1
Aldabra,Orthoptera,Tettigoniidae,Plangia_ovalifolia,1
Diego_Garcia,Orthoptera,Tettigoniidae,Ruspolia_breviceps,1
Midway,Orthoptera,Tettigoniidae,Scudderia_paronae,1
Ngcheangel,Orthoptera,Tettigoniidae,Segestes_unicolor,1
Midway,Orthoptera,Tettigoniidae,Xiphidiopsis_lita,1
Nukunonu,Orthoptera,Trigonidiidae,Anaxipha_sp,1
Wake,Orthoptera,Trigonidiidae,Metioche_flavipes,1
Kavaratti,Orthoptera,Trigonidiidae,Metioche_pallipes,1
Eniwetok,Orthoptera,Trigonidiidae,Tahitinemobius_tigrinus,1
Palmyra,Orthoptera,Trigonidiidae,Tahitinemobius_tigrinus,1
French_Frigate_Shoals,Orthoptera,Trigonidiidae,Metioche_vittaticollis,1
Eniwetok,Embioptera,Oligotomidae,Aposthonia_micronesiae,1
Jaluit,Embioptera,Oligotomidae,Aposthonia_micronesiae,1
Laysan,Embioptera,Oligotomidae,Aposthonia_oceanica,1
Tabuaeran,Embioptera,Oligotomidae,Aposthonia_oceanica,1
Abariringa,Embioptera,Oligotomidae,Oligotoma_saundersii,1
Aldabra,Embioptera,Oligotomidae,Oligotoma_saundersii,1
Diego_Garcia,Embioptera,Oligotomidae,Oligotoma_saundersii,1
Laysan,Embioptera,Oligotomidae,Oligotoma_saundersii,1
Midway,Embioptera,Oligotomidae,Oligotoma_saundersii,1
Ulithi,Phasmida,Phasmatidae,Acanthograeffea_modesta,1
Nukunonu,Phasmida,Phasmatidae,Graeffea_crouanii,1
Ulithi,Phasmida,Phasmatidae,Graeffea_crouanii,1
Eniwetok,Phasmida,Phasmatidae,Megacrania_batesii,1
Kapingamarangi,Phasmida,Phasmatidae,Megacrania_batesii,1
Johnston,Mantodea,Mantidae,Hierodula_patellifera,1
Kavaratti,Mantodea,Mantidae,Hierodula_tenuidentata,1
Kwajalein,Mantodea,Mantidae,Orthodera_burmeisteri,1
Wake,Mantodea,Mantidae,Orthodera_burmeisteri,1
Aldabra,Mantodea,Mantidae,Polyspilota_aeruginosa,1
Cosmoledo,Mantodea,Mantidae,Polyspilota_aeruginosa,1
Farquhar,Mantodea,Mantidae,Polyspilota_aeruginosa,1
Glorioso,Mantodea,Mantidae,Polyspilota_aeruginosa,1
Aldabra,Mantodea,Mantidae,Polyspilota_voelzkowiana,1
Midway,Mantodea,Mantidae,Tenodera_angustipennis,1
Funafuti,Blattodea,Blaberidae,Ancaudellia_serratissima,1
Midway,Blattodea,Blaberidae,Diploptera_punctata,1
Kavaratti,Blattodea,Blaberidae,Haanina_patinifera,1
Aldabra,Blattodea,Blaberidae,Jagrehnia_madecassa,1
Cosmoledo,Blattodea,Blaberidae,Jagrehnia_madecassa,1
South_Keeling,Blattodea,Blaberidae,Molytria_sp,1
Diego_Garcia,Blattodea,Blaberidae,Nauphoeta_cinerea,1
Diego_Garcia,Blattodea,Blaberidae,Pycnoscelus_indicus,1
Kwajalein,Blattodea,Blaberidae,Pycnoscelus_indicus,1
Palmyra,Blattodea,Blaberidae,Pycnoscelus_indicus,1
Rose,Blattodea,Blaberidae,Pycnoscelus_indicus,1
Abariringa,Blattodea,Blaberidae,Pycnoscelus_surinamensis,1
Aldabra,Blattodea,Blaberidae,Pycnoscelus_surinamensis,1
Astove,Blattodea,Blaberidae,Pycnoscelus_surinamensis,1
Bikini,Blattodea,Blaberidae,Pycnoscelus_surinamensis,1
Cosmoledo,Blattodea,Blaberidae,Pycnoscelus_surinamensis,1
Diego_Garcia,Blattodea,Blaberidae,Pycnoscelus_surinamensis,1
Eniwetok,Blattodea,Blaberidae,Pycnoscelus_surinamensis,1
Farquhar,Blattodea,Blaberidae,Pycnoscelus_surinamensis,1
French_Frigate_Shoals,Blattodea,Blaberidae,Pycnoscelus_surinamensis,1
Glorioso,Blattodea,Blaberidae,Pycnoscelus_surinamensis,1
Johnston,Blattodea,Blaberidae,Pycnoscelus_surinamensis,1
Kiritimati,Blattodea,Blaberidae,Pycnoscelus_surinamensis,1
Kure,Blattodea,Blaberidae,Pycnoscelus_surinamensis,1
Kwajalein,Blattodea,Blaberidae,Pycnoscelus_surinamensis,1
Laysan,Blattodea,Blaberidae,Pycnoscelus_surinamensis,1
Midway,Blattodea,Blaberidae,Pycnoscelus_surinamensis,1
Nukunonu,Blattodea,Blaberidae,Pycnoscelus_surinamensis,1
Onotoa,Blattodea,Blaberidae,Pycnoscelus_surinamensis,1
Pearl_and_Hermes,Blattodea,Blaberidae,Pycnoscelus_surinamensis,1
South_Keeling,Blattodea,Blaberidae,Pycnoscelus_surinamensis,1
Takapoto,Blattodea,Blaberidae,Pycnoscelus_surinamensis,1
Wake,Blattodea,Blaberidae,Pycnoscelus_surinamensis,1
Kavaratti,Blattodea,Blaberidae,Rhabdoblatta_lineaticollis,1
Diego_Garcia,Blattodea,Blaberidae,Rhyparobia_maderae,1
Kavaratti,Blattodea,Blaberidae,Thorax_porcellana,1
Abariringa,Blattodea,Blattidae,Melanozosteria_nitida,1
Arno,Blattodea,Blattidae,Melanozosteria_nitida,1
Bikini,Blattodea,Blattidae,Melanozosteria_nitida,1
Kwajalein,Blattodea,Blattidae,Melanozosteria_nitida,1
Nukunonu,Blattodea,Blattidae,Melanozosteria_nitida,1
Takapoto,Blattodea,Blattidae,Melanozosteria_nitida,1
Ulithi,Blattodea,Blattidae,Melanozosteria_nitida,1
Abariringa,Blattodea,Blattidae,Melanozosteria_soror,1
Bikini,Blattodea,Blattidae,Melanozosteria_soror,1
Eniwetok,Blattodea,Blattidae,Melanozosteria_soror,1
Johnston,Blattodea,Blattidae,Melanozosteria_soror,1
Kure,Blattodea,Blattidae,Melanozosteria_soror,1
Kwajalein,Blattodea,Blattidae,Melanozosteria_soror,1
Laysan,Blattodea,Blattidae,Melanozosteria_soror,1
Likiep,Blattodea,Blattidae,Melanozosteria_soror,1
Nukunonu,Blattodea,Blattidae,Melanozosteria_soror,1
Onotoa,Blattodea,Blattidae,Melanozosteria_soror,1
Palmyra,Blattodea,Blattidae,Melanozosteria_soror,1
Ulithi,Blattodea,Blattidae,Melanozosteria_soror,1
Wake,Blattodea,Blattidae,Melanozosteria_soror,1
Diego_Garcia,Blattodea,Blattidae,Neostylopyga_rhombifolia,1
Eniwetok,Blattodea,Blattidae,Neostylopyga_rhombifolia,1
Johnston,Blattodea,Blattidae,Neostylopyga_rhombifolia,1
Kwajalein,Blattodea,Blattidae,Neostylopyga_rhombifolia,1
Abariringa,Blattodea,Blattidae,Periplaneta_americana,1
Aldabra,Blattodea,Blattidae,Periplaneta_americana,1
Arno,Blattodea,Blattidae,Periplaneta_americana,1
Clipperton,Blattodea,Blattidae,Periplaneta_americana,1
Diego_Garcia,Blattodea,Blattidae,Periplaneta_americana,1
Eniwetok,Blattodea,Blattidae,Periplaneta_americana,1
French_Frigate_Shoals,Blattodea,Blattidae,Periplaneta_americana,1
Johnston,Blattodea,Blattidae,Periplaneta_americana,1
Kwajalein,Blattodea,Blattidae,Periplaneta_americana,1
Laysan,Blattodea,Blattidae,Periplaneta_americana,1
Midway,Blattodea,Blattidae,Periplaneta_americana,1
Nukunonu,Blattodea,Blattidae,Periplaneta_americana,1
Palmyra,Blattodea,Blattidae,Periplaneta_americana,1
Pearl_and_Hermes,Blattodea,Blattidae,Periplaneta_americana,1
South_Keeling,Blattodea,Blattidae,Periplaneta_americana,1
Takapoto,Blattodea,Blattidae,Periplaneta_americana,1
Arno,Blattodea,Blattidae,Periplaneta_australasiae,1
Diego_Garcia,Blattodea,Blattidae,Periplaneta_australasiae,1
Ducie,Blattodea,Blattidae,Periplaneta_australasiae,1
Eniwetok,Blattodea,Blattidae,Periplaneta_australasiae,1
Farquhar,Blattodea,Blattidae,Periplaneta_australasiae,1
Kure,Blattodea,Blattidae,Periplaneta_australasiae,1
Midway,Blattodea,Blattidae,Periplaneta_australasiae,1
Nukunonu,Blattodea,Blattidae,Periplaneta_australasiae,1
Palmyra,Blattodea,Blattidae,Periplaneta_australasiae,1
Rose,Blattodea,Blattidae,Periplaneta_australasiae,1
Takapoto,Blattodea,Blattidae,Periplaneta_australasiae,1
Takapoto,Blattodea,Corydiidae,Holocompsa_nitidula,1
Diego_Garcia,Blattodea,Ectobiidae,Blattella_germanica,1
Johnston,Blattodea,Ectobiidae,Blattella_germanica,1
Kavaratti,Blattodea,Ectobiidae,Blattella_germanica,1
Kwajalein,Blattodea,Ectobiidae,Blattella_germanica,1
Laysan,Blattodea,Ectobiidae,Blattella_germanica,1
Midway,Blattodea,Ectobiidae,Blattella_germanica,1
South_Keeling,Blattodea,Ectobiidae,Blattella_germanica,1
Wake,Blattodea,Ectobiidae,Blattella_germanica,1
Eniwetok,Blattodea,Ectobiidae,Blattella_lituricollis,1
Johnston,Blattodea,Ectobiidae,Blattella_lituricollis,1
Kwajalein,Blattodea,Ectobiidae,Blattella_lituricollis,1
Majuro,Blattodea,Ectobiidae,Blattella_lituricollis,1
Midway,Blattodea,Ectobiidae,Blattella_lituricollis,1
Wake,Blattodea,Ectobiidae,Blattella_lituricollis,1
Laysan,Blattodea,Ectobiidae,Blattella_sp,1
Aldabra,Blattodea,Ectobiidae,Balta_longicercata,1
Farquhar,Blattodea,Ectobiidae,Balta_longicercata,1
Arno,Blattodea,Ectobiidae,Balta_notulata,1
Eniwetok,Blattodea,Ectobiidae,Balta_notulata,1
Kure,Blattodea,Ectobiidae,Balta_notulata,1
Nukunonu,Blattodea,Ectobiidae,Balta_notulata,1
South_Keeling,Blattodea,Ectobiidae,Balta_notulata,1
Aldabra,Blattodea,Ectobiidae,Balta_parvula,1
Diego_Garcia,Blattodea,Ectobiidae,Balta_parvula,1
Farquhar,Blattodea,Ectobiidae,Balta_parvula,1
South_Keeling,Blattodea,Ectobiidae,Balta_similis,1
Abariringa,Blattodea,Ectobiidae,Balta_sp,1
Ducie,Blattodea,Ectobiidae,Balta_sp,1
Kiritimati,Blattodea,Ectobiidae,Balta_sp,1
Aldabra,Blattodea,Ectobiidae,Lobopterella_dimidiatipes,1
Funafuti,Blattodea,Ectobiidae,Lobopterella_dimidiatipes,1
Ulithi,Blattodea,Ectobiidae,Lobopterella_dimidiatipes,1
South_Keeling,Blattodea,Ectobiidae,Loboptera_sp,1
Aldabra,Blattodea,Ectobiidae,Miriamrothschildia_aldabrensis,1
Abariringa,Blattodea,Ectobiidae,Supella_longipalpa,1
Midway,Blattodea,Ectobiidae,Supella_longipalpa,1
Palmyra,Blattodea,Ectobiidae,Supella_longipalpa,1
Abariringa,Blattodea,Ectobiidae,Symploce_pallens,1
Midway,Blattodea,Ectobiidae,Symploce_pallens,1
Kwajalein,Blattodea,Kalotermitidae,Cryptotermes_brevis,1
Laysan,Blattodea,Kalotermitidae,Cryptotermes_brevis,1
Midway,Blattodea,Kalotermitidae,Cryptotermes_brevis,1
Oeno,Blattodea,Kalotermitidae,Cryptotermes_domesticus,1
Tabuaeran,Blattodea,Kalotermitidae,Cryptotermes_domesticus,1
Arno,Blattodea,Kalotermitidae,Cryptotermes_dudleyi,1
Diego_Garcia,Blattodea,Kalotermitidae,Cryptotermes_dudleyi,1
Glorioso,Blattodea,Kalotermitidae,Cryptotermes_sp,1
Diego_Garcia,Blattodea,Kalotermitidae,Glyptotermes_scotti,1
Arno,Blattodea,Kalotermitidae,Glyptotermes_xantholabrum,1
Kwajalein,Blattodea,Kalotermitidae,Glyptotermes_xantholabrum,1
Nukunonu,Blattodea,Kalotermitidae,Glyptotermes_xantholabrum,1
Abariringa,Blattodea,Kalotermitidae,Incisitermes_immigrans,1
Midway,Blattodea,Kalotermitidae,Incisitermes_immigrans,1
Tabuaeran,Blattodea,Kalotermitidae,Incisitermes_immigrans,1
Teraina,Blattodea,Kalotermitidae,Incisitermes_immigrans,1
Arno,Blattodea,Kalotermitidae,Incisitermes_repandus,1
Bikini,Blattodea,Kalotermitidae,Incisitermes_repandus,1
Eniwetok,Blattodea,Kalotermitidae,Incisitermes_repandus,1
Nukunonu,Blattodea,Kalotermitidae,Incisitermes_repandus,1
Kwajalein,Blattodea,Kalotermitidae,Kalotermes_sp,1
South_Keeling,Blattodea,Kalotermitidae,Kalotermes_sp,1
Takapoto,Blattodea,Kalotermitidae,Kalotermes_sp,1
Funafuti,Blattodea,Kalotermitidae,Neotermes_rainbowi,1
Manihiki,Blattodea,Kalotermitidae,Neotermes_rainbowi,1
Glorioso,Blattodea,Kalotermitidae,Neotermes_sp,1
Aldabra,Blattodea,Kalotermitidae,Procryptotermes_fryeri,1
Aldabra,Blattodea,Kalotermitidae,Postelectrotermes_longus,1
Abariringa,Blattodea,Rhinotermitidae,Coptotermes_formosanus,1
Arno,Blattodea,Rhinotermitidae,Coptotermes_formosanus,1
Eniwetok,Blattodea,Rhinotermitidae,Coptotermes_formosanus,1
Kwajalein,Blattodea,Rhinotermitidae,Coptotermes_formosanus,1
Midway,Blattodea,Rhinotermitidae,Coptotermes_formosanus,1
Kwajalein,Blattodea,Rhinotermitidae,Coptotermes_gestroi,1
Aldabra,Blattodea,Rhinotermitidae,Prorhinotermes_canalifrons,1
Diego_Garcia,Blattodea,Rhinotermitidae,Prorhinotermes_canalifrons,1
Midway,Blattodea,Rhinotermitidae,Prorhinotermes_canalifrons,1
South_Keeling,Blattodea,Rhinotermitidae,Prorhinotermes_canalifrons,1
Eniwetok,Blattodea,Rhinotermitidae,Prorhinotermes_inopinatus,1
Kwajalein,Blattodea,Rhinotermitidae,Prorhinotermes_inopinatus,1
Nukunonu,Blattodea,Rhinotermitidae,Prorhinotermes_inopinatus,1
Onotoa,Blattodea,Rhinotermitidae,Prorhinotermes_inopinatus,1
Kavaratti,Blattodea,Termitidae,Amitermes_kavarattiensis,1
Glorioso,Blattodea,Termitidae,Microcerotermes_sp,1
Eniwetok,Blattodea,Termitidae,Nasutitermes_brevirostris,1
Ulithi,Blattodea,Termitidae,Nasutitermes_brevirostris,1
Kwajalein,Blattodea,Termitidae,Nasutitermes_sp,1
Glorioso,Thysanoptera,Aeolothripidae,Franklinothrips_megalops,1
Nukunonu,Thysanoptera,Phlaeothripidae,Aleurodothrips_fasciapennis,1
Swains,Thysanoptera,Phlaeothripidae,Ethirothrips_stenomelas,1
Diego_Garcia,Thysanoptera,Phlaeothripidae,Haplothrips_gowdeyi,1
Eniwetok,Thysanoptera,Phlaeothripidae,Haplothrips_gowdeyi,1
Glorioso,Thysanoptera,Phlaeothripidae,Haplothrips_gowdeyi,1
Kure,Thysanoptera,Phlaeothripidae,Haplothrips_gowdeyi,1
Laysan,Thysanoptera,Phlaeothripidae,Haplothrips_gowdeyi,1
Midway,Thysanoptera,Phlaeothripidae,Haplothrips_gowdeyi,1
Laysan,Thysanoptera,Phlaeothripidae,Haplothrips_robustus,1
Midway,Thysanoptera,Thripidae,Arorathrips_mexicanus,1
Glorioso,Thysanoptera,Thripidae,Caliothrips_helini,1
Midway,Thysanoptera,Thripidae,Frankliniella_minuta,1
French_Frigate_Shoals,Thysanoptera,Thripidae,Frankliniella_sulphurea,1
Johnston,Thysanoptera,Thripidae,Frankliniella_sulphurea,1
Kure,Thysanoptera,Thripidae,Frankliniella_sulphurea,1
Laysan,Thysanoptera,Thripidae,Frankliniella_sulphurea,1
Midway,Thysanoptera,Thripidae,Heliothrips_haemorrhoidales,1
Nukunonu,Thysanoptera,Thripidae,Projectothrips_sp,1
Kwajalein,Thysanoptera,Thripidae,Taeniothrips_viticornis,1
Midway,Thysanoptera,Thripidae,Thrips_hawaiiensis,1
Kure,Thysanoptera,Thripidae,Thrips_tabaci,1
Midway,Thysanoptera,Thripidae,Thrips_tabaci,1
Aldabra,Hemiptera,Achilidae,Akotropis_cf_quercicola,1
Astove,Hemiptera,Achilidae,Akotropis_cf_quercicola,1
Kavaratti,Hemiptera,Aleyrodidae,Aleurodicus_dispersus,1
Majuro,Hemiptera,Aleyrodidae,Aleurodicus_dispersus,1
Kavaratti,Hemiptera,Aleyrodidae,Aleurodicus_rugioperculatus,1
Kavaratti,Hemiptera,Aleyrodidae,Aleurothrixus_floccosus,1
Rangiroa,Hemiptera,Aleyrodidae,Aleurotrachelus_trachoides,1
Kavaratti,Hemiptera,Aleyrodidae,Bemisia_euphorbiae,1
Rangiroa,Hemiptera,Aleyrodidae,Dialeurodes_kirkaldyi,1
Rangiroa,Hemiptera,Aleyrodidae,Neomaskellia_bergii,1
Kavaratti,Hemiptera,Aleyrodidae,Paraleyrodes_bondari,1
Midway,Hemiptera,Aleyrodidae,Trialeurodes_vaporarium,1
Kwajalein,Hemiptera,Alydidae,Riptortus_saileri,1
Aldabra,Hemiptera,Alydidae,Tenosius_proletarius,1
Arno,Hemiptera,Anthocoridae,Alofa_sodalis,1
Clipperton,Hemiptera,Anthocoridae,Buchananiella_continua,1
Ulithi,Hemiptera,Anthocoridae,Cardiastethus_minutissimus,1
Arno,Hemiptera,Anthocoridae,Lasiochilus_marianensis,1
Kure,Hemiptera,Anthocoridae,Orius_persequens,1
Laysan,Hemiptera,Anthocoridae,Orius_persequens,1
Midway,Hemiptera,Anthocoridae,Orius_persequens,1
Pearl_and_Hermes,Hemiptera,Anthocoridae,Orius_persequens,1
Arno,Hemiptera,Anthocoridae,Physopleurella_mundula,1
Eniwetok,Hemiptera,Anthocoridae,Physopleurella_mundula,1
Eniwetok,Hemiptera,Anthocoridae,Xylocoris_galactinus,1
Rangiroa,Hemiptera,Aphelinidae,Aphytis_chrysomphalis,1
Midway,Hemiptera,Aphelinidae,Aphytis_cf_hispanicus,1
Midway,Hemiptera,Aphelinidae,Azotus_sp,1
Midway,Hemiptera,Aphelinidae,Centrodora_xiphidii,1
Midway,Hemiptera,Aphelinidae,Coccophagus_ceroplastae,1
Palmyra,Hemiptera,Aphelinidae,Coccophagus_ceroplastae,1
Rangiroa,Hemiptera,Aphelinidae,Encarsia_citrina,1
Midway,Hemiptera,Aphelinidae,Encarsia_lounsburyi,1
Midway,Hemiptera,Aphelinidae,Encarsia_pergandiella,1
Midway,Hemiptera,Aphelinidae,Encarsia_sp,1
Midway,Hemiptera,Aphelinidae,Eretmocerus_sp,1
Palmyra,Hemiptera,Aphelinidae,Euryischomyia_flavithorax,1
Eniwetok,Hemiptera,Aphididae,Aphis_craccivora,1
French_Frigate_Shoals,Hemiptera,Aphididae,Aphis_craccivora,1
Kwajalein,Hemiptera,Aphididae,Aphis_craccivora,1
Laysan,Hemiptera,Aphididae,Aphis_craccivora,1
Majuro,Hemiptera,Aphididae,Aphis_craccivora,1
Midway,Hemiptera,Aphididae,Aphis_craccivora,1
Pearl_and_Hermes,Hemiptera,Aphididae,Aphis_craccivora,1
Abariringa,Hemiptera,Aphididae,Aphis_gossypii,1
Arno,Hemiptera,Aphididae,Aphis_gossypii,1
Clipperton,Hemiptera,Aphididae,Aphis_gossypii,1
Diego_Garcia,Hemiptera,Aphididae,Aphis_gossypii,1
Eniwetok,Hemiptera,Aphididae,Aphis_gossypii,1
Jaluit,Hemiptera,Aphididae,Aphis_gossypii,1
Johnston,Hemiptera,Aphididae,Aphis_gossypii,1
Kapingamarangi,Hemiptera,Aphididae,Aphis_gossypii,1
Kwajalein,Hemiptera,Aphididae,Aphis_gossypii,1
Laysan,Hemiptera,Aphididae,Aphis_gossypii,1
Likiep,Hemiptera,Aphididae,Aphis_gossypii,1
Majuro,Hemiptera,Aphididae,Aphis_gossypii,1
Midway,Hemiptera,Aphididae,Aphis_gossypii,1
Namoluk,Hemiptera,Aphididae,Aphis_gossypii,1
Nukunonu,Hemiptera,Aphididae,Aphis_gossypii,1
Onotoa,Hemiptera,Aphididae,Aphis_gossypii,1
Rangiroa,Hemiptera,Aphididae,Aphis_gossypii,1
Sorol,Hemiptera,Aphididae,Aphis_gossypii,1
South_Keeling,Hemiptera,Aphididae,Aphis_gossypii,1
Swains,Hemiptera,Aphididae,Aphis_gossypii,1
Ujae,Hemiptera,Aphididae,Aphis_gossypii,1
Arno,Hemiptera,Aphididae,Aphis_medicaginis,1
Eniwetok,Hemiptera,Aphididae,Aphis_medicaginis,1
Johnston,Hemiptera,Aphididae,Aphis_medicaginis,1
Kwajalein,Hemiptera,Aphididae,Aphis_medicaginis,1
Laysan,Hemiptera,Aphididae,Aphis_medicaginis,1
Majuro,Hemiptera,Aphididae,Aphis_medicaginis,1
Wake,Hemiptera,Aphididae,Aphis_medicaginis,1
Rangiroa,Hemiptera,Aphididae,Aphis_sp,1
Rangiroa,Hemiptera,Aphididae,Brevicoryne_brassicae,1
Midway,Hemiptera,Aphididae,Hyperomyzus_lactucae,1
Kwajalein,Hemiptera,Aphididae,Hysteroneura_setariae,1
Majuro,Hemiptera,Aphididae,Hysteroneura_setariae,1
Midway,Hemiptera,Aphididae,Hysteroneura_setariae,1
Midway,Hemiptera,Aphididae,Lipaphis_pseudobrassicae,1
Rangiroa,Hemiptera,Aphididae,Lipaphis_pseudobrassicae,1
Majuro,Hemiptera,Aphididae,Pentalonia_caladii,1
Arno,Hemiptera,Aphididae,Pentalonia_nigronervosa,1
Majuro,Hemiptera,Aphididae,Pentalonia_nigronervosa,1
Nukunonu,Hemiptera,Aphididae,Pentalonia_nigronervosa,1
South_Keeling,Hemiptera,Aphididae,Pentalonia_nigronervosa,1
Kure,Hemiptera,Aphididae,Rhopalosiphum_maidis,1
Laysan,Hemiptera,Aphididae,Rhopalosiphum_maidis,1
Majuro,Hemiptera,Aphididae,Rhopalosiphum_maidis,1
Midway,Hemiptera,Aphididae,Rhopalosiphum_maidis,1
South_Keeling,Hemiptera,Aphididae,Rhopalosiphum_maidis,1
Midway,Hemiptera,Aphididae,Schizaphis_rotundiventris,1
Nomwin,Hemiptera,Aphroporidae,Lallemandana_phalerata,1
Aldabra,Hemiptera,Aradidae,Breviscutaneurus_micromorphus,1
South_Keeling,Hemiptera,Aradidae,Mezira_membranacea,1
Ulithi,Hemiptera,Aradidae,Mezira_membranacea,1
Abariringa,Hemiptera,Asterolecanidae,Asterolecanium_pustulans,1
Likiep,Hemiptera,Asterolecanidae,Asterolecanium_pustulans,1
Majuro,Hemiptera,Asterolecanidae,Asterolecanium_pustulans,1
Glorioso,Hemiptera,Caliscelidae,Issopulex_gloriosus,1
Diego_Garcia,Hemiptera,Carsidaridae,Mesohomotoma_hibisci,1
Kapingamarangi,Hemiptera,Carsidaridae,Mesohomotoma_hibisci,1
Kwajalein,Hemiptera,Carsidaridae,Mesohomotoma_hibisci,1
Mokil,Hemiptera,Carsidaridae,Mesohomotoma_hibisci,1
Pingelap,Hemiptera,Carsidaridae,Mesohomotoma_hibisci,1
Arno,Hemiptera,Ceratocombidae,Ceratocombus_hawaiiensis,1
Ngcheangel,Hemiptera,Cercopidae,Poeciloterpa_minuta,1
Aldabra,Hemiptera,Cicadellidae,Aconurella_africia,1
Wake,Hemiptera,Cicadellidae,Amrasca_sesuvii,1
Aldabra,Hemiptera,Cicadellidae,Austrogallia_caboverdensis,1
Astove,Hemiptera,Cicadellidae,Austrogallia_caboverdensis,1
Cosmoledo,Hemiptera,Cicadellidae,Austrogallia_caboverdensis,1
Aldabra,Hemiptera,Cicadellidae,Balclutha_dufela,1
Aldabra,Hemiptera,Cicadellidae,Balclutha_dunaca,1
Aldabra,Hemiptera,Cicadellidae,Balclutha_frontalis,1
South_Keeling,Hemiptera,Cicadellidae,Balclutha_frontalis,1
Aldabra,Hemiptera,Cicadellidae,Balclutha_lucida,1
Eniwetok,Hemiptera,Cicadellidae,Balclutha_incisa,1
Jaluit,Hemiptera,Cicadellidae,Balclutha_incisa,1
Kwajalein,Hemiptera,Cicadellidae,Balclutha_incisa,1
Nukunonu,Hemiptera,Cicadellidae,Balclutha_incisa,1
Aldabra,Hemiptera,Cicadellidae,Balclutha_jafara,1
Aldabra,Hemiptera,Cicadellidae,Balclutha_saltuella,1
Eniwetok,Hemiptera,Cicadellidae,Balclutha_saltuella,1
Kwajalein,Hemiptera,Cicadellidae,Balclutha_saltuella,1
Midway,Hemiptera,Cicadellidae,Balclutha_timberlakei,1
Aldabra,Hemiptera,Cicadellidae,Batracomorphus_opticus,1
Losap,Hemiptera,Cicadellidae,Batracomorphus_viridoflavidus,1
Ngcheangel,Hemiptera,Cicadellidae,Batracomorphus_viridoflavidus,1
Aldabra,Hemiptera,Cicadellidae,Caloduferna_minuta,1
Kwajalein,Hemiptera,Cicadellidae,Carneocephala_sp,1
Takapoto,Hemiptera,Cicadellidae,Cicadula_sp,1
Aldabra,Hemiptera,Cicadellidae,Cicadulina_bipunctata,1
Cosmoledo,Hemiptera,Cicadellidae,Cicadulina_bipunctata,1
French_Frigate_Shoals,Hemiptera,Cicadellidae,Circulifer_tenellus,1
Kure,Hemiptera,Cicadellidae,Circulifer_tenellus,1
Laysan,Hemiptera,Cicadellidae,Circulifer_tenellus,1
Eniwetok,Hemiptera,Cicadellidae,Deltocephalus_hospes,1
Aldabra,Hemiptera,Cicadellidae,Dryadomorpha_pallida,1
Takapoto,Hemiptera,Cicadellidae,Dryadomorpha_sp,1
Kwajalein,Hemiptera,Cicadellidae,Empoasca_sp,1
Majuro,Hemiptera,Cicadellidae,Empoasca_sp,1
Arno,Hemiptera,Cicadellidae,Exitianus_capicola,1
Bikar,Hemiptera,Cicadellidae,Exitianus_capicola,1
Bikini,Hemiptera,Cicadellidae,Exitianus_capicola,1
Eniwetok,Hemiptera,Cicadellidae,Exitianus_capicola,1
Etal,Hemiptera,Cicadellidae,Exitianus_capicola,1
Jaluit,Hemiptera,Cicadellidae,Exitianus_capicola,1
Kapingamarangi,Hemiptera,Cicadellidae,Exitianus_capicola,1
Kwajalein,Hemiptera,Cicadellidae,Exitianus_capicola,1
Lae,Hemiptera,Cicadellidae,Exitianus_capicola,1
Likiep,Hemiptera,Cicadellidae,Exitianus_capicola,1
Losap,Hemiptera,Cicadellidae,Exitianus_capicola,1
Lukunor,Hemiptera,Cicadellidae,Exitianus_capicola,1
Majuro,Hemiptera,Cicadellidae,Exitianus_capicola,1
Mokil,Hemiptera,Cicadellidae,Exitianus_capicola,1
Namoluk,Hemiptera,Cicadellidae,Exitianus_capicola,1
Nomwin,Hemiptera,Cicadellidae,Exitianus_capicola,1
Nukunonu,Hemiptera,Cicadellidae,Exitianus_capicola,1
Onotoa,Hemiptera,Cicadellidae,Exitianus_capicola,1
Pingelap,Hemiptera,Cicadellidae,Exitianus_capicola,1
Pokak,Hemiptera,Cicadellidae,Exitianus_capicola,1
Rongelap,Hemiptera,Cicadellidae,Exitianus_capicola,1
Satawan,Hemiptera,Cicadellidae,Exitianus_capicola,1
Taka,Hemiptera,Cicadellidae,Exitianus_capicola,1
Ujae,Hemiptera,Cicadellidae,Exitianus_capicola,1
Ujelang,Hemiptera,Cicadellidae,Exitianus_capicola,1
Wotho,Hemiptera,Cicadellidae,Exitianus_capicola,1
Astove,Hemiptera,Cicadellidae,Exitianus_frontalis,1
Eniwetok,Hemiptera,Cicadellidae,Exitianus_fusconervosus,1
Jaluit,Hemiptera,Cicadellidae,Exitianus_fusconervosus,1
Kapingamarangi,Hemiptera,Cicadellidae,Exitianus_fusconervosus,1
Kwajalein,Hemiptera,Cicadellidae,Exitianus_fusconervosus,1
Aldabra,Hemiptera,Cicadellidae,Exitianus_nanus,1
Eniwetok,Hemiptera,Cicadellidae,Exitianus_plebeius,1
Jaluit,Hemiptera,Cicadellidae,Exitianus_plebeius,1
Kwajalein,Hemiptera,Cicadellidae,Exitianus_plebeius,1
Takapoto,Hemiptera,Cicadellidae,Exitianus_plebeius,1
Wake,Hemiptera,Cicadellidae,Exitianus_plebeius,1
Aldabra,Hemiptera,Cicadellidae,Frutioidia_dwukropka,1
Cosmoledo,Hemiptera,Cicadellidae,Frutioidia_dwukropka,1
Aldabra,Hemiptera,Cicadellidae,Frutioidia_mitella,1
Aldabra,Hemiptera,Cicadellidae,Goniagnathus_albomaculatus,1
Astove,Hemiptera,Cicadellidae,Goniagnathus_albomaculatus,1
French_Frigate_Shoals,Hemiptera,Cicadellidae,Graminella_sonora,1
Kure,Hemiptera,Cicadellidae,Graminella_sonora,1
Laysan,Hemiptera,Cicadellidae,Graminella_sonora,1
Midway,Hemiptera,Cicadellidae,Graminella_sonora,1
Aldabra,Hemiptera,Cicadellidae,Gullifera_idas,1
Aldabra,Hemiptera,Cicadellidae,Hecalus_dubius,1
Aldabra,Hemiptera,Cicadellidae,Helionida_dworakowskae,1
Aldabra,Hemiptera,Cicadellidae,Iassomorphus_ondecus,1
Aldabra,Hemiptera,Cicadellidae,Igerna_neosa,1
Aldabra,Hemiptera,Cicadellidae,Irenaella_okara,1
Aldabra,Hemiptera,Cicadellidae,Irenaella_zalara,1
Aldabra,Hemiptera,Cicadellidae,Jacobiella_ludora,1
Aldabra,Hemiptera,Cicadellidae,Jakarellus_ineffectus,1
Astove,Hemiptera,Cicadellidae,Jakarellus_ineffectus,1
Aldabra,Hemiptera,Cicadellidae,Kaila_misera,1
Aldabra,Hemiptera,Cicadellidae,Limentinus_aldabranus,1
Astove,Hemiptera,Cicadellidae,Limentinus_aldabranus,1
Cosmoledo,Hemiptera,Cicadellidae,Limentinus_aldabranus,1
Etal,Hemiptera,Cicadellidae,Maiestas_subviridis,1
Kwajalein,Hemiptera,Cicadellidae,Maiestas_subviridis,1
Ngcheangel,Hemiptera,Cicadellidae,Maiestas_subviridis,1
Sorol,Hemiptera,Cicadellidae,Maiestas_subviridis,1
Ujae,Hemiptera,Cicadellidae,Maiestas_subviridis,1
Ujelang,Hemiptera,Cicadellidae,Maiestas_subviridis,1
Ulithi,Hemiptera,Cicadellidae,Maiestas_subviridis,1
Aldabra,Hemiptera,Cicadellidae,Matsumurasca_cinqosa,1
Aldabra,Hemiptera,Cicadellidae,Matsumurina_aphila,1
Kure,Hemiptera,Cicadellidae,Matsumursca_solana,1
Midway,Hemiptera,Cicadellidae,Matsumursca_solana,1
Aldabra,Hemiptera,Cicadellidae,Naevus_subparallelus,1
Takapoto,Hemiptera,Cicadellidae,Nesophyla_sp,1
Aldabra,Hemiptera,Cicadellidae,Optya_asidia,1
Abariringa,Hemiptera,Cicadellidae,Orosius_argentatus,1
Eniwetok,Hemiptera,Cicadellidae,Orosius_argentatus,1
Pokak,Hemiptera,Cicadellidae,Orosius_argentatus,1
Ulithi,Hemiptera,Cicadellidae,Orosius_argentatus,1
Wake,Hemiptera,Cicadellidae,Orosius_argentatus,1
Wake,Hemiptera,Cicadellidae,Orosius_lotophagorum,1
Ulithi,Hemiptera,Cicadellidae,Orosius_ryukyuensis,1
Astove,Hemiptera,Cicadellidae,Orosius_sp,1
Aldabra,Hemiptera,Cicadellidae,Penthimiola_bella,1
Astove,Hemiptera,Cicadellidae,Penthimiola_bella,1
Aldabra,Hemiptera,Cicadellidae,Remoya_aldabraensis,1
Ngcheangel,Hemiptera,Cicadellidae,Tartessus_fieberi,1
Eniwetok,Hemiptera,Cicadellidae,Thamnotettix_hopponis,1
Jaluit,Hemiptera,Cicadellidae,Thamnotettix_hopponis,1
Kwajalein,Hemiptera,Cicadellidae,Thamnotettix_hopponis,1
Ulithi,Hemiptera,Cicadellidae,Thamnotettix_hopponis,1
Ngcheangel,Hemiptera,Cicadellidae,Tharra_flavomaculata,1
Ngcheangel,Hemiptera,Cicadellidae,Thomsonia_gressitti,1
Ulithi,Hemiptera,Cicadellidae,Thomsonia_gressitti,1
Aldabra,Hemiptera,Cicadellidae,Vulturnus_sp,1
Aldabra,Hemiptera,Cicadellidae,Xestocephalus_sp,1
Ngcheangel,Hemiptera,Cicadidae,Hamza_ciliaris,1
Aldabra,Hemiptera,Cicadidae,Orientafroinsularis_pulverulenta,1
Aldabra,Hemiptera,Cimicidae,Afrius_flavirostrum,1
Aldabra,Hemiptera,Cimicidae,Cimex_hemipterus,1
Kwajalein,Hemiptera,Cimicidae,Cimex_hemipterus,1
Takapoto,Hemiptera,Cimicidae,Cimex_lectularius,1
Aldabra,Hemiptera,Cixiidae,Achaemenes_major,1
Aldabra,Hemiptera,Cixiidae,Brixia_stellata,1
Jaluit,Hemiptera,Cixiidae,Myndus_apicalis,1
Nomwin,Hemiptera,Cixiidae,Myndus_oxalme,1
Jaluit,Hemiptera,Cixiidae,Myndus_praecanus,1
Aldabra,Hemiptera,Cixiidae,Oliarus_nosibeanus,1
Glorioso,Hemiptera,Cixiidae,Oliarus_nosibeanus,1
Astove,Hemiptera,Cixiidae,Oliarus_sp,1
Ulithi,Hemiptera,Cixiidae,Romabenna_praetor,1
Eniwetok,Hemiptera,Coccidae,Ceroplastes_cirripediformis,1
Kwajalein,Hemiptera,Coccidae,Ceroplastes_cirripediformis,1
Wake,Hemiptera,Coccidae,Ceroplastes_cirripediformis,1
Kwajalein,Hemiptera,Coccidae,Ceroplastes_rubens,1
Likiep,Hemiptera,Coccidae,Ceroplastes_rubens,1
Majuro,Hemiptera,Coccidae,Ceroplastes_rubens,1
Ngcheangel,Hemiptera,Coccidae,Ceroplastes_rubens,1
Rangiroa,Hemiptera,Coccidae,Ceroplastes_rubens,1
South_Keeling,Hemiptera,Coccidae,Ceroplastes_rubens,1
Aldabra,Hemiptera,Coccidae,Ceroplastes_rusci,1
Abariringa,Hemiptera,Coccidae,Coccus_hesperidum,1
Aldabra,Hemiptera,Coccidae,Coccus_hesperidum,1
Eniwetok,Hemiptera,Coccidae,Coccus_hesperidum,1
Jaluit,Hemiptera,Coccidae,Coccus_hesperidum,1
Johnston,Hemiptera,Coccidae,Coccus_hesperidum,1
Kwajalein,Hemiptera,Coccidae,Coccus_hesperidum,1
Majuro,Hemiptera,Coccidae,Coccus_hesperidum,1
Nukunonu,Hemiptera,Coccidae,Coccus_hesperidum,1
Rongelap,Hemiptera,Coccidae,Coccus_hesperidum,1
Swains,Hemiptera,Coccidae,Coccus_hesperidum,1
Ujelang,Hemiptera,Coccidae,Coccus_hesperidum,1
Wotho,Hemiptera,Coccidae,Coccus_hesperidum,1
Kwajalein,Hemiptera,Coccidae,Coccus_longulus,1
Majuro,Hemiptera,Coccidae,Coccus_longulus,1
Midway,Hemiptera,Coccidae,Coccus_viridis,1
Rangiroa,Hemiptera,Coccidae,Coccus_sp,1
Farquhar,Hemiptera,Coccidae,Eucalymnatus_tessellatus,1
Jaluit,Hemiptera,Coccidae,Eucalymnatus_tessellatus,1
Midway,Hemiptera,Coccidae,Kilifia_acuminata,1
Losap,Hemiptera,Coccidae,Paralecanium_carolinensis,1
Nomwin,Hemiptera,Coccidae,Paralecanium_carolinensis,1
Johnston,Hemiptera,Coccidae,Parasaissetia_nigra,1
Kwajalein,Hemiptera,Coccidae,Parasaissetia_nigra,1
Laysan,Hemiptera,Coccidae,Parasaissetia_nigra,1
Midway,Hemiptera,Coccidae,Parasaissetia_nigra,1
Swains,Hemiptera,Coccidae,Parasaissetia_nigra,1
Farquhar,Hemiptera,Coccidae,Pulvinaria_floccifera,1
Diego_Garcia,Hemiptera,Coccidae,Pulvinaria_grabhami,1
Astove,Hemiptera,Coccidae,Pulvinaria_psidii,1
Farquhar,Hemiptera,Coccidae,Pulvinaria_psidii,1
Jaluit,Hemiptera,Coccidae,Pulvinaria_psidii,1
Majuro,Hemiptera,Coccidae,Pulvinaria_psidii,1
Rangiroa,Hemiptera,Coccidae,Pulvinaria_psidii,1
Jaluit,Hemiptera,Coccidae,Pulvinaria_urbicola,1
Majuro,Hemiptera,Coccidae,Pulvinaria_urbicola,1
Palmyra,Hemiptera,Coccidae,Pulvinaria_urbicola,1
Rose,Hemiptera,Coccidae,Pulvinaria_urbicola,1
Sorol,Hemiptera,Coccidae,Pulvinaria_urbicola,1
Abariringa,Hemiptera,Coccidae,Saissetia_coffae,1
Eniwetok,Hemiptera,Coccidae,Saissetia_coffae,1
Kwajalein,Hemiptera,Coccidae,Saissetia_coffae,1
Majuro,Hemiptera,Coccidae,Saissetia_coffae,1
Rangiroa,Hemiptera,Coccidae,Saissetia_coffae,1
Midway,Hemiptera,Coccidae,Saissetia_miranda,1
Aldabra,Hemiptera,Coccidae,Saissetia_oleae,1
French_Frigate_Shoals,Hemiptera,Coccidae,Saissetia_oleae,1
Johnston,Hemiptera,Coccidae,Saissetia_oleae,1
Rangiroa,Hemiptera,Coccidae,Saissetia_oleae,1
Ujelang,Hemiptera,Coccidae,Saissetia_oleae,1
Aldabra,Hemiptera,Coreidae,Anoplocnemis_curvipes,1
Astove,Hemiptera,Coreidae,Anoplocnemis_curvipes,1
Cosmoledo,Hemiptera,Coreidae,Anoplocnemis_curvipes,1
Ngcheangel,Hemiptera,Coreidae,Arbela_nitidula,1
Aldabra,Hemiptera,Coreidae,Cletus_clavatus,1
Aldabra,Hemiptera,Coreidae,Plinachtus_aldabrensis,1
Abariringa,Hemiptera,Cydnidae,Fromundus_pygmaeus,1
Eniwetok,Hemiptera,Cydnidae,Fromundus_pygmaeus,1
Jaluit,Hemiptera,Cydnidae,Fromundus_pygmaeus,1
Kwajalein,Hemiptera,Cydnidae,Fromundus_pygmaeus,1
Laysan,Hemiptera,Cydnidae,Fromundus_pygmaeus,1
Midway,Hemiptera,Cydnidae,Fromundus_pygmaeus,1
Ngcheangel,Hemiptera,Cydnidae,Fromundus_pygmaeus,1
Palmyra,Hemiptera,Cydnidae,Fromundus_pygmaeus,1
Pearl_and_Hermes,Hemiptera,Cydnidae,Fromundus_pygmaeus,1
South_Keeling,Hemiptera,Cydnidae,Fromundus_pygmaeus,1
Takapoto,Hemiptera,Cydnidae,Fromundus_pygmaeus,1
Aldabra,Hemiptera,Cydnidae,Macroscytus_fryeri,1
Midway,Hemiptera,Cydnidae,Rhytidoporus_indentatus,1
Ngcheangel,Hemiptera,Delphacidae,Cemus_granulinervis,1
Ulithi,Hemiptera,Delphacidae,Cemus_granulinervis,1
Ulithi,Hemiptera,Delphacidae,Cemus_nigromaculosus,1
Jaluit,Hemiptera,Delphacidae,Coronacella_sinhalana,1
Majuro,Hemiptera,Delphacidae,Coronacella_sinhalana,1
Aldabra,Hemiptera,Delphacidae,Dicranotropis_ibadanensis,1
Aldabra,Hemiptera,Delphacidae,Eripison_cf_illex,1
Ulithi,Hemiptera,Delphacidae,Euidellana_carolinensis,1
Cosmoledo,Hemiptera,Delphacidae,Falcotoya_sp,1
Majuro,Hemiptera,Delphacidae,Laodelphax_striatellus,1
Aldabra,Hemiptera,Delphacidae,Liburnia_krugeri,1
Kiritimati,Hemiptera,Delphacidae,Liburnia_paludum,1
Laysan,Hemiptera,Delphacidae,Liburnia_paludum,1
Aldabra,Hemiptera,Delphacidae,Matutinus_sp,1
Aldabra,Hemiptera,Delphacidae,Metadelphax_propinquus,1
Cosmoledo,Hemiptera,Delphacidae,Metadelphax_propinquus,1
Aldabra,Hemiptera,Delphacidae,Nilaparvata_maeander,1
Nukunonu,Hemiptera,Delphacidae,Opiconsiva_dodona,1
Jaluit,Hemiptera,Delphacidae,Opiconsiva_guamensis,1
Kapingamarangi,Hemiptera,Delphacidae,Opiconsiva_guamensis,1
Kwajalein,Hemiptera,Delphacidae,Opiconsiva_guamensis,1
Wake,Hemiptera,Delphacidae,Opiconsiva_messalina,1
Arno,Hemiptera,Delphacidae,Opiconsiva_paludum,1
Jaluit,Hemiptera,Delphacidae,Opiconsiva_paludum,1
Kapingamarangi,Hemiptera,Delphacidae,Opiconsiva_paludum,1
Kure,Hemiptera,Delphacidae,Opiconsiva_paludum,1
Kwajalein,Hemiptera,Delphacidae,Opiconsiva_paludum,1
Lae,Hemiptera,Delphacidae,Opiconsiva_paludum,1
Laysan,Hemiptera,Delphacidae,Opiconsiva_paludum,1
Losap,Hemiptera,Delphacidae,Opiconsiva_paludum,1
Majuro,Hemiptera,Delphacidae,Opiconsiva_paludum,1
Midway,Hemiptera,Delphacidae,Opiconsiva_paludum,1
Pearl_and_Hermes,Hemiptera,Delphacidae,Opiconsiva_paludum,1
Pingelap,Hemiptera,Delphacidae,Opiconsiva_paludum,1
Satawan,Hemiptera,Delphacidae,Opiconsiva_paludum,1
Ujae,Hemiptera,Delphacidae,Opiconsiva_paludum,1
Jaluit,Hemiptera,Delphacidae,Sardia_rostrata,1
South_Keeling,Hemiptera,Delphacidae,Sardia_rostrata,1
Swains,Hemiptera,Delphacidae,Sogatella_eupompe,1
Glorioso,Hemiptera,Delphacidae,Sogatella_furcifera,1
Jaluit,Hemiptera,Delphacidae,Sogatella_furcifera,1
Kwajalein,Hemiptera,Delphacidae,Sogatella_furcifera,1
Majuro,Hemiptera,Delphacidae,Sogatella_furcifera,1
Ngcheangel,Hemiptera,Delphacidae,Sogatella_geranor,1
Aldabra,Hemiptera,Delphacidae,Sogatella_kolophon,1
Eniwetok,Hemiptera,Delphacidae,Sogatella_kolophon,1
Kwajalein,Hemiptera,Delphacidae,Sogatella_kolophon,1
Majuro,Hemiptera,Delphacidae,Sogatella_kolophon,1
Ujae,Hemiptera,Delphacidae,Sogatella_kolophon,1
Ujelang,Hemiptera,Delphacidae,Sogatella_kolophon,1
Ulithi,Hemiptera,Delphacidae,Sogatella_kolophon,1
Wotho,Hemiptera,Delphacidae,Sogatella_kolophon,1
Aldabra,Hemiptera,Delphacidae,Sogatella_nigeriensis,1
Cosmoledo,Hemiptera,Delphacidae,Sogatella_sp,1
Aldabra,Hemiptera,Delphacidae,Tagosodes_cubanus,1
Cosmoledo,Hemiptera,Delphacidae,Tagosodes_cubanus,1
Kwajalein,Hemiptera,Delphacidae,Tarophagus_proserpina,1
Majuro,Hemiptera,Delphacidae,Tarophagus_proserpina,1
Satawan,Hemiptera,Delphacidae,Tarophagus_proserpina,1
Aldabra,Hemiptera,Delphacidae,Thriambus_sp,1
Aldabra,Hemiptera,Delphacidae,Toya_ceresensis,1
Midway,Hemiptera,Delphacidae,Toya_dryope,1
Ulithi,Hemiptera,Delphacidae,Toya_lyraeformis,1
Aldabra,Hemiptera,Delphacidae,Toya_thomasseti,1
Aldabra,Hemiptera,Delphacidae,Toya_sp,1
Cosmoledo,Hemiptera,Delphacidae,Toya_sp,1
Ulithi,Hemiptera,Delphacidae,Ugyops_ariadne,1
Kapingamarangi,Hemiptera,Delphacidae,Ugyops_eos,1
Aldabra,Hemiptera,Delphacidae,Ugyops_facialis,1
Arno,Hemiptera,Delphacidae,Ugyops_kinbergi,1
Etal,Hemiptera,Delphacidae,Ugyops_kinbergi,1
Jaluit,Hemiptera,Delphacidae,Ugyops_kinbergi,1
Losap,Hemiptera,Delphacidae,Ugyops_kinbergi,1
Ngcheangel,Hemiptera,Delphacidae,Ugyops_kinbergi,1
Nomwin,Hemiptera,Delphacidae,Ugyops_kinbergi,1
Satawan,Hemiptera,Delphacidae,Ugyops_kinbergi,1
Sorol,Hemiptera,Delphacidae,Ugyops_kinbergi,1
Ulithi,Hemiptera,Delphacidae,Ugyops_kinbergi,1
Nukunonu,Hemiptera,Delphacidae,Ugyops_oromedon,1
Swains,Hemiptera,Delphacidae,Ugyops_oromedon,1
Arno,Hemiptera,Delphacidae,Ugyops_superciliatus,1
Jaluit,Hemiptera,Delphacidae,Ugyops_superciliatus,1
Kwajalein,Hemiptera,Delphacidae,Ugyops_superciliatus,1
Majuro,Hemiptera,Delphacidae,Ugyops_superciliatus,1
Mokil,Hemiptera,Delphacidae,Ugyops_superciliatus,1
Pingelap,Hemiptera,Delphacidae,Ugyops_superciliatus,1
Kwajalein,Hemiptera,Delphacidae,Ugyops_sp,1
Arno,Hemiptera,Derbidae,Flaccia_dione,1
Jaluit,Hemiptera,Derbidae,Flaccia_dione,1
Majuro,Hemiptera,Derbidae,Flaccia_dione,1
Mokil,Hemiptera,Derbidae,Flaccia_dione,1
Pingelap,Hemiptera,Derbidae,Flaccia_dione,1
Sorol,Hemiptera,Derbidae,Kamendaka_lar,1
Ulithi,Hemiptera,Derbidae,Kamendaka_lar,1
Arno,Hemiptera,Derbidae,Lamenia_caliginea,1
Eniwetok,Hemiptera,Derbidae,Lamenia_caliginea,1
Jaluit,Hemiptera,Derbidae,Lamenia_caliginea,1
Kapingamarangi,Hemiptera,Derbidae,Lamenia_caliginea,1
Kwajalein,Hemiptera,Derbidae,Lamenia_caliginea,1
Lae,Hemiptera,Derbidae,Lamenia_caliginea,1
Likiep,Hemiptera,Derbidae,Lamenia_caliginea,1
Losap,Hemiptera,Derbidae,Lamenia_caliginea,1
Majuro,Hemiptera,Derbidae,Lamenia_caliginea,1
Mokil,Hemiptera,Derbidae,Lamenia_caliginea,1
Nomwin,Hemiptera,Derbidae,Lamenia_caliginea,1
Nukunonu,Hemiptera,Derbidae,Lamenia_caliginea,1
Pingelap,Hemiptera,Derbidae,Lamenia_caliginea,1
Satawan,Hemiptera,Derbidae,Lamenia_caliginea,1
Sorol,Hemiptera,Derbidae,Lamenia_caliginea,1
Swains,Hemiptera,Derbidae,Lamenia_caliginea,1
Ujelang,Hemiptera,Derbidae,Lamenia_caliginea,1
Ulithi,Hemiptera,Derbidae,Lamenia_caliginea,1
Ngcheangel,Hemiptera,Derbidae,Lamenia_candida,1
Kapingamarangi,Hemiptera,Derbidae,Lamenia_numitor,1
Ngcheangel,Hemiptera,Derbidae,Lamenia_numitor,1
Ngcheangel,Hemiptera,Derbidae,Phaciocephalus_carolinensis,1
Nomwin,Hemiptera,Derbidae,Phaciocephalus_carolinensis,1
Nomwin,Hemiptera,Derbidae,Phaciocephalus_phaedra,1
Satawan,Hemiptera,Derbidae,Phaciocephalus_phaedra,1
Losap,Hemiptera,Derbidae,Proutista_moesta,1
Nomwin,Hemiptera,Derbidae,Proutista_moesta,1
Swains,Hemiptera,Derbidae,Pyrrhoneura_saccharicida,1
Swains,Hemiptera,Derbidae,Swezeyia_maurellei,1
Nukunonu,Hemiptera,Derbidae,Swezeyia_lyricen,1
Onotoa,Hemiptera,Derbidae,Swezeyia_pero,1
Ulithi,Hemiptera,Derbidae,Swezeyia_polyxo,1
Arno,Hemiptera,Derbidae,Swezeyia_zephyra,1
Etal,Hemiptera,Derbidae,Swezeyia_zephyra,1
Jaluit,Hemiptera,Derbidae,Swezeyia_zephyra,1
Kapingamarangi,Hemiptera,Derbidae,Swezeyia_zephyra,1
Kwajalein,Hemiptera,Derbidae,Swezeyia_zephyra,1
Losap,Hemiptera,Derbidae,Swezeyia_zephyra,1
Majuro,Hemiptera,Derbidae,Swezeyia_zephyra,1
Mokil,Hemiptera,Derbidae,Swezeyia_zephyra,1
Nomwin,Hemiptera,Derbidae,Swezeyia_zephyra,1
Onotoa,Hemiptera,Derbidae,Swezeyia_zephyra,1
Pingelap,Hemiptera,Derbidae,Swezeyia_zephyra,1
Ujae,Hemiptera,Derbidae,Swezeyia_zephyra,1
Ulithi,Hemiptera,Derbidae,Swezeyia_zephyra,1
Kwajalein,Hemiptera,Derbidae,Swezeyia_sp,1
Kwajalein,Hemiptera,Diaspididae,Abgrallaspis_cyanophylli,1
Bikini,Hemiptera,Diaspididae,Aonidiella_aurantii,1
Jaluit,Hemiptera,Diaspididae,Aonidiella_comperei,1
Ulithi,Hemiptera,Diaspididae,Aonidiella_comperei,1
Jaluit,Hemiptera,Diaspididae,Aonidiella_inornata,1
Kwajalein,Hemiptera,Diaspididae,Aonidiella_inornata,1
Majuro,Hemiptera,Diaspididae,Aonidiella_inornata,1
Midway,Hemiptera,Diaspididae,Aonidiella_inornata,1
Wake,Hemiptera,Diaspididae,Aonidiella_inornata,1
Kwajalein,Hemiptera,Diaspididae,Aspidiella_sacchari,1
Majuro,Hemiptera,Diaspididae,Aspidiotus_destructor,1
Rangiroa,Hemiptera,Diaspididae,Aspidiotus_destructor,1
Takapoto,Hemiptera,Diaspididae,Aspidiotus_destructor,1
Ulithi,Hemiptera,Diaspididae,Aspidiotus_excisus,1
Abariringa,Hemiptera,Diaspididae,Chrysomphalus_aonidum,1
Midway,Hemiptera,Diaspididae,Chrysomphalus_aonidum,1
Johnston,Hemiptera,Diaspididae,Chrysomphalus_dictyospermi,1
Majuro,Hemiptera,Diaspididae,Chrysomphalus_dictyospermi,1
Midway,Hemiptera,Diaspididae,Chrysomphalus_dictyospermi,1
Rangiroa,Hemiptera,Diaspididae,Chrysomphalus_dictyospermi,1
Midway,Hemiptera,Diaspididae,Clavaspis_herculeana,1
Midway,Hemiptera,Diaspididae,Duponchelia_fovealis,1
Arno,Hemiptera,Diaspididae,Furcaspis_oceanica,1
Jaluit,Hemiptera,Diaspididae,Furcaspis_oceanica,1
Kwajalein,Hemiptera,Diaspididae,Furcaspis_oceanica,1
Likiep,Hemiptera,Diaspididae,Furcaspis_oceanica,1
Losap,Hemiptera,Diaspididae,Furcaspis_oceanica,1
Majuro,Hemiptera,Diaspididae,Furcaspis_oceanica,1
Mokil,Hemiptera,Diaspididae,Furcaspis_oceanica,1
Nomwin,Hemiptera,Diaspididae,Furcaspis_oceanica,1
Pingelap,Hemiptera,Diaspididae,Furcaspis_oceanica,1
Ulithi,Hemiptera,Diaspididae,Furcaspis_oceanica,1
Diego_Garcia,Hemiptera,Diaspididae,Hemiberlesia_lataniae,1
French_Frigate_Shoals,Hemiptera,Diaspididae,Hemiberlesia_lataniae,1
Johnston,Hemiptera,Diaspididae,Hemiberlesia_lataniae,1
Kure,Hemiptera,Diaspididae,Hemiberlesia_lataniae,1
Kwajalein,Hemiptera,Diaspididae,Hemiberlesia_lataniae,1
Laysan,Hemiptera,Diaspididae,Hemiberlesia_lataniae,1
Majuro,Hemiptera,Diaspididae,Hemiberlesia_lataniae,1
Midway,Hemiptera,Diaspididae,Hemiberlesia_lataniae,1
Wake,Hemiptera,Diaspididae,Hemiberlesia_lataniae,1
Kwajalein,Hemiptera,Diaspididae,Lepidosaphes_beckii,1
Majuro,Hemiptera,Diaspididae,Lepidosaphes_beckii,1
Rangiroa,Hemiptera,Diaspididae,Lepidosaphes_beckii,1
Eniwetok,Hemiptera,Diaspididae,Lepidosaphes_esakii,1
Jaluit,Hemiptera,Diaspididae,Lepidosaphes_esakii,1
Kwajalein,Hemiptera,Diaspididae,Lepidosaphes_esakii,1
Likiep,Hemiptera,Diaspididae,Lepidosaphes_esakii,1
Majuro,Hemiptera,Diaspididae,Lepidosaphes_esakii,1
Ujelang,Hemiptera,Diaspididae,Lepidosaphes_esakii,1
Wake,Hemiptera,Diaspididae,Lepidosaphes_laterochitinosa,1
Midway,Hemiptera,Diaspididae,Lepidosaphes_cf_laterochitinosa,1
Midway,Hemiptera,Diaspididae,Lepidosaphes_tokionis,1
Rangiroa,Hemiptera,Diaspididae,Morganella_longispina,1
French_Frigate_Shoals,Hemiptera,Diaspididae,Odonaspis_ruthae,1
Kure,Hemiptera,Diaspididae,Odonaspis_ruthae,1
Midway,Hemiptera,Diaspididae,Odonaspis_ruthae,1
Pearl_and_Hermes,Hemiptera,Diaspididae,Odonaspis_ruthae,1
Kwajalein,Hemiptera,Diaspididae,Parlatoria_crotonis,1
Rangiroa,Hemiptera,Diaspididae,Pinnaspis_aspidistrae,1
Abariringa,Hemiptera,Diaspididae,Pinnaspis_dysoxyli,1
Abariringa,Hemiptera,Diaspididae,Pinnaspis_strachani,1
Johnston,Hemiptera,Diaspididae,Pinnaspis_strachani,1
Kwajalein,Hemiptera,Diaspididae,Pinnaspis_strachani,1
Majuro,Hemiptera,Diaspididae,Pinnaspis_strachani,1
Midway,Hemiptera,Diaspididae,Pinnaspis_strachani,1
Nukunonu,Hemiptera,Diaspididae,Pinnaspis_strachani,1
Onotoa,Hemiptera,Diaspididae,Pinnaspis_strachani,1
Pingelap,Hemiptera,Diaspididae,Pinnaspis_strachani,1
Swains,Hemiptera,Diaspididae,Pinnaspis_strachani,1
Wake,Hemiptera,Diaspididae,Pinnaspis_strachani,1
Rangiroa,Hemiptera,Diaspididae,Pinnaspis_sp,1
Midway,Hemiptera,Diaspididae,Pseudaulacaspis_cockerelli,1
Jaluit,Hemiptera,Diaspididae,Pseudaulacaspis_pentagona,1
Majuro,Hemiptera,Diaspididae,Pseudaulacaspis_pentagona,1
Midway,Hemiptera,Eriococcidae,Eriococcus_araucariae,1
Aldabra,Hemiptera,Flatidae,Chaetormenis_madagascariensis,1
Cosmoledo,Hemiptera,Flatidae,Chaetormenis_madagascariensis,1
Midway,Hemiptera,Flatidae,Melormenis_basalis,1
Aldabra,Hemiptera,Flatidae,Ulundia_madagascariensis,1
Glorioso,Hemiptera,Flatidae,Ulundia_madagascariensis,1
Midway,Hemiptera,Geocoridae,Geocoris_pallens,1
Johnston,Hemiptera,Geocoridae,Geocoris_punctipes,1
Aldabra,Hemiptera,Gerridae,Halobates_alluaudi,1
Cosmoledo,Hemiptera,Gerridae,Halobates_alluaudi,1
Diego_Garcia,Hemiptera,Gerridae,Halobates_alluaudi,1
Aldabra,Hemiptera,Gerridae,Halobates_flaviventris,1
Cosmoledo,Hemiptera,Gerridae,Halobates_flaviventris,1
Addu,Hemiptera,Gerridae,Halobates_formidabilis,1
Aldabra,Hemiptera,Gerridae,Halobates_germanus,1
Cosmoledo,Hemiptera,Gerridae,Halobates_germanus,1
Nukunonu,Hemiptera,Gerridae,Halobates_kelleni,1
Arno,Hemiptera,Gerridae,Halobates_mariannarum,1
Majuro,Hemiptera,Gerridae,Halobates_mariannarum,1
Abariringa,Hemiptera,Gerridae,Halobates_micans,1
Aldabra,Hemiptera,Gerridae,Halobates_micans,1
Arno,Hemiptera,Gerridae,Halobates_micans,1
Clipperton,Hemiptera,Gerridae,Halobates_micans,1
Cosmoledo,Hemiptera,Gerridae,Halobates_micans,1
Eniwetok,Hemiptera,Gerridae,Halobates_micans,1
Kwajalein,Hemiptera,Gerridae,Halobates_micans,1
Palmyra,Hemiptera,Gerridae,Halobates_micans,1
Aldabra,Hemiptera,Gerridae,Halobates_poseidon,1
Cosmoledo,Hemiptera,Gerridae,Halobates_poseidon,1
Johnston,Hemiptera,Gerridae,Halobates_sericeus,1
Clipperton,Hemiptera,Gerridae,Halobates_sobrinus,1
Funafuti,Hemiptera,Gerridae,Halobates_sp,1
Onotoa,Hemiptera,Gerridae,Halobates_sp,1
Aldabra,Hemiptera,Gerridae,Limnogonus_cereiventris,1
Aldabra,Hemiptera,Hermatobatidae,Hermatobates_djiboutensis,1
Cosmoledo,Hemiptera,Hermatobatidae,Hermatobates_djiboutensis,1
Eniwetok,Hemiptera,Hermatobatidae,Hermatobates_sp,1
Kwajalein,Hemiptera,Lygaeidae,Nysius_caledoniae,1
South_Keeling,Hemiptera,Lygaeidae,Nysius_caledoniae,1
Ulithi,Hemiptera,Lygaeidae,Nysius_caledoniae,1
French_Frigate_Shoals,Hemiptera,Lygaeidae,Nysius_coenosulus,1
French_Frigate_Shoals,Hemiptera,Lygaeidae,Nysius_frigatensis,1
Kure,Hemiptera,Lygaeidae,Nysius_fullawayi,1
Laysan,Hemiptera,Lygaeidae,Nysius_fullawayi,1
Midway,Hemiptera,Lygaeidae,Nysius_fullawayi,1
Pearl_and_Hermes,Hemiptera,Lygaeidae,Nysius_fullawayi,1
Midway,Hemiptera,Lygaeidae,Nysius_kinbergi,1
Kure,Hemiptera,Lygaeidae,Nysius_palor,1
Pearl_and_Hermes,Hemiptera,Lygaeidae,Nysius_palor,1
Arno,Hemiptera,Lygaeidae,Nysius_picipes,1
Bikar,Hemiptera,Lygaeidae,Nysius_picipes,1
Bikini,Hemiptera,Lygaeidae,Nysius_picipes,1
Eniwetok,Hemiptera,Lygaeidae,Nysius_picipes,1
Likiep,Hemiptera,Lygaeidae,Nysius_picipes,1
Onotoa,Hemiptera,Lygaeidae,Nysius_picipes,1
Pokak,Hemiptera,Lygaeidae,Nysius_picipes,1
Rongelap,Hemiptera,Lygaeidae,Nysius_picipes,1
Taka,Hemiptera,Lygaeidae,Nysius_picipes,1
Wake,Hemiptera,Lygaeidae,Nysius_picipes,1
Wotho,Hemiptera,Lygaeidae,Nysius_picipes,1
Midway,Hemiptera,Lygaeidae,Nysius_plebeius,1
Eniwetok,Hemiptera,Lygaeidae,Nysius_pulchellus,1
Jaluit,Hemiptera,Lygaeidae,Nysius_pulchellus,1
Kwajalein,Hemiptera,Lygaeidae,Nysius_pulchellus,1
Majuro,Hemiptera,Lygaeidae,Nysius_pulchellus,1
Nomwin,Hemiptera,Lygaeidae,Nysius_pulchellus,1
Ujelang,Hemiptera,Lygaeidae,Nysius_pulchellus,1
Ulithi,Hemiptera,Lygaeidae,Nysius_pulchellus,1
Johnston,Hemiptera,Lygaeidae,Nysius_terrestris,1
Midway,Hemiptera,Lygaeidae,Nysius_terrestris,1
South_Keeling,Hemiptera,Lygaeidae,Nysius_vinitor,1
Laysan,Hemiptera,Lygaeidae,Nysius_sp,1
Wake,Hemiptera,Lygaeidae,Nysius_sp,1
Ngcheangel,Hemiptera,Margarodidae,Drosicha_littorea,1
Sorol,Hemiptera,Margarodidae,Drosicha_littorea,1
Ulithi,Hemiptera,Margarodidae,Drosicha_littorea,1
Jaluit,Hemiptera,Margarodidae,Icerya_aegyptiaca,1
Kwajalein,Hemiptera,Margarodidae,Icerya_aegyptiaca,1
Lae,Hemiptera,Margarodidae,Icerya_aegyptiaca,1
Likiep,Hemiptera,Margarodidae,Icerya_aegyptiaca,1
Majuro,Hemiptera,Margarodidae,Icerya_aegyptiaca,1
Nomwin,Hemiptera,Margarodidae,Icerya_aegyptiaca,1
Ulithi,Hemiptera,Margarodidae,Icerya_aegyptiaca,1
Wake,Hemiptera,Margarodidae,Icerya_aegyptiaca,1
Eniwetok,Hemiptera,Margarodidae,Icerya_purchasi,1
Johnston,Hemiptera,Margarodidae,Icerya_purchasi,1
Kure,Hemiptera,Margarodidae,Icerya_purchasi,1
Kwajalein,Hemiptera,Margarodidae,Icerya_purchasi,1
Majuro,Hemiptera,Margarodidae,Icerya_purchasi,1
Midway,Hemiptera,Margarodidae,Icerya_purchasi,1
Palmyra,Hemiptera,Margarodidae,Icerya_purchasi,1
Rangiroa,Hemiptera,Margarodidae,Icerya_seychellarum,1
Ulithi,Hemiptera,Margarodidae,Icerya_seychellarum,1
South_Keeling,Hemiptera,Margarodidae,Icerya_sp,1
Aldabra,Hemiptera,Meenoplidae,Nisia_atrovenosa,1
Midway,Hemiptera,Membracidae,Spissistilus_festina,1
Ngcheangel,Hemiptera,Membracidae,Tricentrus_dubius,1
Midway,Hemiptera,Membracidae,Vanduzea_segmentata,1
Aldabra,Hemiptera,Mesoveliidae,Mesovelia_vittigera,1
Aldabra,Hemiptera,Micronectidae,Micronecta_praetermissa,1
Eniwetok,Hemiptera,Miridae,Campylomma_eniwetok,1
Abariringa,Hemiptera,Miridae,Campylomma_cf_hawaiiensis,1
Kwajalein,Hemiptera,Miridae,Campylomma_lividicornis,1
Majuro,Hemiptera,Miridae,Campylomma_lividicornis,1
Wake,Hemiptera,Miridae,Campylomma_lividicornis,1
Eniwetok,Hemiptera,Miridae,Campylomma_marshallensis,1
Ulithi,Hemiptera,Miridae,Campylomma_ulithiensis,1
Arno,Hemiptera,Miridae,Campylomma_sp,1
Ulithi,Hemiptera,Miridae,Creontiades_pacificus,1
Kure,Hemiptera,Miridae,Engytatus_modestus,1
Laysan,Hemiptera,Miridae,Engytatus_modestus,1
Pearl_and_Hermes,Hemiptera,Miridae,Engytatus_modestus,1
Ulithi,Hemiptera,Miridae,Engytatus_nicotianae,1
Arno,Hemiptera,Miridae,Halticus_tibialis,1
Jaluit,Hemiptera,Miridae,Halticus_tibialis,1
Kwajalein,Hemiptera,Miridae,Halticus_tibialis,1
Majuro,Hemiptera,Miridae,Halticus_tibialis,1
Namoluk,Hemiptera,Miridae,Halticus_tibialis,1
Nomwin,Hemiptera,Miridae,Halticus_tibialis,1
Ulithi,Hemiptera,Miridae,Halticus_tibialis,1
South_Keeling,Hemiptera,Miridae,Nesidiocoris_tenuis,1
Wake,Hemiptera,Miridae,Opuna_hawaiiensis,1
Arno,Hemiptera,Miridae,Orthotylus_sp,1
Arno,Hemiptera,Miridae,Sthenaridea_piceonigra,1
Abariringa,Hemiptera,Miridae,Trigonotylus_brevipes,1
Kiritimati,Hemiptera,Miridae,Trigonotylus_brevipes,1
Palmyra,Hemiptera,Miridae,Trigonotylus_brevipes,1
Laysan,Hemiptera,Miridae,Trigonotylus_hawaiiensis,1
Arno,Hemiptera,Miridae,Trigonotylus_tenuis,1
Eniwetok,Hemiptera,Miridae,Trigonotylus_tenuis,1
Jaluit,Hemiptera,Miridae,Trigonotylus_tenuis,1
Kwajalein,Hemiptera,Miridae,Trigonotylus_tenuis,1
Lukunor,Hemiptera,Miridae,Trigonotylus_tenuis,1
Mokil,Hemiptera,Miridae,Trigonotylus_tenuis,1
Namoluk,Hemiptera,Miridae,Trigonotylus_tenuis,1
Nukunonu,Hemiptera,Miridae,Trigonotylus_tenuis,1
Pingelap,Hemiptera,Miridae,Trigonotylus_tenuis,1
South_Keeling,Hemiptera,Miridae,Trigonotylus_tenuis,1
Ujae,Hemiptera,Miridae,Trigonotylus_tenuis,1
Ujelang,Hemiptera,Miridae,Trigonotylus_tenuis,1
Ulithi,Hemiptera,Miridae,Trigonotylus_tenuis,1
Swains,Hemiptera,Miridae,Tytthus_chinensis,1
Abariringa,Hemiptera,Miridae,Tytthus_zwaluwenburgi,1
Laysan,Hemiptera,Nabidae,Nabis_blackburni,1
Abariringa,Hemiptera,Nabidae,Nabis_capsiformis,1
Arno,Hemiptera,Nabidae,Nabis_capsiformis,1
Clipperton,Hemiptera,Nabidae,Nabis_capsiformis,1
Eniwetok,Hemiptera,Nabidae,Nabis_capsiformis,1
French_Frigate_Shoals,Hemiptera,Nabidae,Nabis_capsiformis,1
Jaluit,Hemiptera,Nabidae,Nabis_capsiformis,1
Johnston,Hemiptera,Nabidae,Nabis_capsiformis,1
Kure,Hemiptera,Nabidae,Nabis_capsiformis,1
Kwajalein,Hemiptera,Nabidae,Nabis_capsiformis,1
Lae,Hemiptera,Nabidae,Nabis_capsiformis,1
Laysan,Hemiptera,Nabidae,Nabis_capsiformis,1
Midway,Hemiptera,Nabidae,Nabis_capsiformis,1
Mokil,Hemiptera,Nabidae,Nabis_capsiformis,1
Pearl_and_Hermes,Hemiptera,Nabidae,Nabis_capsiformis,1
Satawan,Hemiptera,Nabidae,Nabis_capsiformis,1
South_Keeling,Hemiptera,Nabidae,Nabis_capsiformis,1
Ujae,Hemiptera,Nabidae,Nabis_capsiformis,1
Ulithi,Hemiptera,Nabidae,Nabis_capsiformis,1
Wake,Hemiptera,Nabidae,Nabis_capsiformis,1
Wotho,Hemiptera,Nabidae,Nabis_capsiformis,1
Wake,Hemiptera,Nabidae,Nabis_kavahalu,1
Takapoto,Hemiptera,Nabidae,Nabis_sp,1
Arno,Hemiptera,Ninidae,Ninus_insignis,1
Etal,Hemiptera,Ninidae,Ninus_insignis,1
Lukunor,Hemiptera,Ninidae,Ninus_insignis,1
South_Keeling,Hemiptera,Nogodinidae,Miriza_bohemani,1
Aldabra,Hemiptera,Notonectidae,Anisops_aldabrana,1
Aldabra,Hemiptera,Notonectidae,Anisops_vitrea,1
Aldabra,Hemiptera,Omaniidae,Corallocoris_aldabrae,1
Cosmoledo,Hemiptera,Oxycarenidae,Oxycarenus_fumigatus,1
Aldabra,Hemiptera,Pentatomidae,Acrosternum_heegeri,1
Johnston,Hemiptera,Pentatomidae,Brochymena_quadripustulata,1
Midway,Hemiptera,Pentatomidae,Brochymena_quadripustulata,1
Aldabra,Hemiptera,Pentatomidae,Carbula_limpoponus,1
Cosmoledo,Hemiptera,Pentatomidae,Carbula_limpoponus,1
Takapoto,Hemiptera,Pentatomidae,Coleotichus_sp,1
Aldabra,Hemiptera,Pentatomidae,Eysarcoris_imperator,1
Nukunonu,Hemiptera,Pentatomidae,Glaucias_sp,1
Aldabra,Hemiptera,Pentatomidae,Menida_distanti,1
Eniwetok,Hemiptera,Pentatomidae,Montrouzierellus_falleni,1
Kwajalein,Hemiptera,Pentatomidae,Montrouzierellus_falleni,1
Aldabra,Hemiptera,Pentatomidae,Nezara_viridula,1
Johnston,Hemiptera,Pentatomidae,Nezara_viridula,1
Rangiroa,Hemiptera,Pentatomidae,Nezara_viridula,1
South_Keeling,Hemiptera,Pentatomidae,Nezara_viridula,1
Abariringa,Hemiptera,Pentatomidae,Oechalia_schellenbergii,1
Bikini,Hemiptera,Pentatomidae,Oechalia_schellenbergii,1
Ducie,Hemiptera,Pentatomidae,Oechalia_schellenbergii,1
Eniwetok,Hemiptera,Pentatomidae,Oechalia_schellenbergii,1
Kiritimati,Hemiptera,Pentatomidae,Oechalia_schellenbergii,1
Kwajalein,Hemiptera,Pentatomidae,Oechalia_schellenbergii,1
Majuro,Hemiptera,Pentatomidae,Oechalia_schellenbergii,1
Rose,Hemiptera,Pentatomidae,Oechalia_schellenbergii,1
South_Keeling,Hemiptera,Pentatomidae,Oechalia_schellenbergii,1
Tabuaeran,Hemiptera,Pentatomidae,Oechalia_schellenbergii,1
Wake,Hemiptera,Pentatomidae,Oechalia_schellenbergii,1
Wotho,Hemiptera,Pentatomidae,Oechalia_schellenbergii,1
Nukunonu,Hemiptera,Pentatomidae,Pegala_biguttula,1
Aldabra,Hemiptera,Pentatomidae,Stenozygum_aldabranum,1
Cosmoledo,Hemiptera,Pentatomidae,Stenozygum_insularum,1
Jaluit,Hemiptera,Platyspidae,Brachyplatys_pacificus,1
Majuro,Hemiptera,Platyspidae,Brachyplatys_pacificus,1
Kure,Hemiptera,Pseudococcidae,Antonina_graminis,1
Kwajalein,Hemiptera,Pseudococcidae,Antonina_graminis,1
Laysan,Hemiptera,Pseudococcidae,Antonina_graminis,1
Midway,Hemiptera,Pseudococcidae,Antonina_graminis,1
Pearl_and_Hermes,Hemiptera,Pseudococcidae,Antonina_graminis,1
Rangiroa,Hemiptera,Pseudococcidae,Antonina_graminis,1
Wake,Hemiptera,Pseudococcidae,Antonina_graminis,1
Midway,Hemiptera,Pseudococcidae,Chorizococcus_rostellum,1
Jaluit,Hemiptera,Pseudococcidae,Dysmicoccus_brevipes,1
Kwajalein,Hemiptera,Pseudococcidae,Dysmicoccus_brevipes,1
Majuro,Hemiptera,Pseudococcidae,Dysmicoccus_brevipes,1
Palmyra,Hemiptera,Pseudococcidae,Dysmicoccus_brevipes,1
Pearl_and_Hermes,Hemiptera,Pseudococcidae,Dysmicoccus_brevipes,1
Jaluit,Hemiptera,Pseudococcidae,Dysmicoccus_cocotis,1
Lae,Hemiptera,Pseudococcidae,Dysmicoccus_cocotis,1
Majuro,Hemiptera,Pseudococcidae,Dysmicoccus_cocotis,1
Nomwin,Hemiptera,Pseudococcidae,Dysmicoccus_cocotis,1
Kwajalein,Hemiptera,Pseudococcidae,Dysmicoccus_neobrevipes,1
Midway,Hemiptera,Pseudococcidae,Dysmicoccus_neobrevipes,1
Palmyra,Hemiptera,Pseudococcidae,Dysmicoccus_neobrevipes,1
Midway,Hemiptera,Pseudococcidae,Ferrisia_malvastra,1
Aldabra,Hemiptera,Pseudococcidae,Ferrisia_virgata,1
Farquhar,Hemiptera,Pseudococcidae,Ferrisia_virgata,1
French_Frigate_Shoals,Hemiptera,Pseudococcidae,Ferrisia_virgata,1
Jaluit,Hemiptera,Pseudococcidae,Ferrisia_virgata,1
Johnston,Hemiptera,Pseudococcidae,Ferrisia_virgata,1
Kure,Hemiptera,Pseudococcidae,Ferrisia_virgata,1
Kwajalein,Hemiptera,Pseudococcidae,Ferrisia_virgata,1
Laysan,Hemiptera,Pseudococcidae,Ferrisia_virgata,1
Majuro,Hemiptera,Pseudococcidae,Ferrisia_virgata,1
Palmyra,Hemiptera,Pseudococcidae,Ferrisia_virgata,1
Rangiroa,Hemiptera,Pseudococcidae,Ferrisia_virgata,1
Rongelap,Hemiptera,Pseudococcidae,Ferrisia_virgata,1
South_Keeling,Hemiptera,Pseudococcidae,Ferrisia_virgata,1
Ujelang,Hemiptera,Pseudococcidae,Ferrisia_virgata,1
Wake,Hemiptera,Pseudococcidae,Ferrisia_virgata,1
Kapingamarangi,Hemiptera,Pseudococcidae,Laminicoccus_pandani,1
Kwajalein,Hemiptera,Pseudococcidae,Laminicoccus_pandani,1
Likiep,Hemiptera,Pseudococcidae,Laminicoccus_pandani,1
Midway,Hemiptera,Pseudococcidae,Laminicoccus_pandani,1
Nomwin,Hemiptera,Pseudococcidae,Laminicoccus_pandani,1
Ujelang,Hemiptera,Pseudococcidae,Laminicoccus_pandani,1
Abariringa,Hemiptera,Pseudococcidae,Palmicultor_palmarum,1
Kapingamarangi,Hemiptera,Pseudococcidae,Palmicultor_palmarum,1
Kwajalein,Hemiptera,Pseudococcidae,Palmicultor_palmarum,1
Likiep,Hemiptera,Pseudococcidae,Palmicultor_palmarum,1
Midway,Hemiptera,Pseudococcidae,Palmicultor_palmarum,1
Nomwin,Hemiptera,Pseudococcidae,Palmicultor_palmarum,1
Rangiroa,Hemiptera,Pseudococcidae,Palmicultor_palmarum,1
Ulithi,Hemiptera,Pseudococcidae,Palmicultor_palmarum,1
Aldabra,Hemiptera,Pseudococcidae,Planococcus_citri,1
Diego_Garcia,Hemiptera,Pseudococcidae,Planococcus_citri,1
Farquhar,Hemiptera,Pseudococcidae,Planococcus_citri,1
Johnston,Hemiptera,Pseudococcidae,Planococcus_citri,1
Kwajalein,Hemiptera,Pseudococcidae,Planococcus_citri,1
Laysan,Hemiptera,Pseudococcidae,Planococcus_citri,1
Midway,Hemiptera,Pseudococcidae,Planococcus_citri,1
Nukunonu,Hemiptera,Pseudococcidae,Planococcus_citri,1
Palmyra,Hemiptera,Pseudococcidae,Planococcus_citri,1
Rangiroa,Hemiptera,Pseudococcidae,Planococcus_citri,1
Majuro,Hemiptera,Pseudococcidae,Planococcus_sp,1
Majuro,Hemiptera,Pseudococcidae,Phenacoccus_madeirensis,1
Midway,Hemiptera,Pseudococcidae,Phenacoccus_madeirensis,1
Eniwetok,Hemiptera,Pseudococcidae,Phenacoccus_solani,1
Kwajalein,Hemiptera,Pseudococcidae,Phenacoccus_solani,1
Midway,Hemiptera,Pseudococcidae,Phenacoccus_solani,1
Diego_Garcia,Hemiptera,Pseudococcidae,Pseudococcus_cryptus,1
Laysan,Hemiptera,Pseudococcidae,Pseudococcus_insularis,1
Abariringa,Hemiptera,Pseudococcidae,Pseudococcus_longispinus,1
Rangiroa,Hemiptera,Pseudococcidae,Pseudococcus_longispinus,1
Jaluit,Hemiptera,Pseudococcidae,Pseudococcus_marshallensis,1
Arno,Hemiptera,Pseudococcidae,Pseudococcus_microadonidum,1
Eniwetok,Hemiptera,Pseudococcidae,Pseudococcus_microadonidum,1
Jaluit,Hemiptera,Pseudococcidae,Pseudococcus_microadonidum,1
Kwajalein,Hemiptera,Pseudococcidae,Pseudococcus_microadonidum,1
Likiep,Hemiptera,Pseudococcidae,Pseudococcus_microadonidum,1
Majuro,Hemiptera,Pseudococcidae,Pseudococcus_microadonidum,1
Wotho,Hemiptera,Pseudococcidae,Pseudococcus_microadonidum,1
Majuro,Hemiptera,Pseudococcidae,Pseudococcus_neomaritimus,1
Ailuk,Hemiptera,Pseudococcidae,Pseudococcus_orchidicola,1
Arno,Hemiptera,Pseudococcidae,Pseudococcus_orchidicola,1
Jaluit,Hemiptera,Pseudococcidae,Pseudococcus_orchidicola,1
Kwajalein,Hemiptera,Pseudococcidae,Pseudococcus_orchidicola,1
Likiep,Hemiptera,Pseudococcidae,Pseudococcus_orchidicola,1
Majuro,Hemiptera,Pseudococcidae,Pseudococcus_orchidicola,1
Ujae,Hemiptera,Pseudococcidae,Pseudococcus_orchidicola,1
Utirik,Hemiptera,Pseudococcidae,Pseudococcus_orchidicola,1
Wotho,Hemiptera,Pseudococcidae,Pseudococcus_orchidicola,1
Laysan,Hemiptera,Pseudococcidae,Pseudococcus_sp,1
Nukunonu,Hemiptera,Pseudococcidae,Pseudococcus_sp,1
Rangiroa,Hemiptera,Pseudococcidae,Saccharicoccus_sacchari,1
South_Keeling,Hemiptera,Pseudococcidae,Saccharicoccus_sacchari,1
Ulithi,Hemiptera,Pseudococcidae,Saccharicoccus_sacchari,1
Laysan,Hemiptera,Pseudococcidae,Trionymus_insularis,1
Pearl_and_Hermes,Hemiptera,Pseudococcidae,Trionymus_insularis,1
Johnston,Hemiptera,Psyllidae,Heteropsylla_cubana,1
Midway,Hemiptera,Psyllidae,Heteropsylla_sp,1
Ulithi,Hemiptera,Psyllidae,Insnesia_glabrascuta,1
Aldabra,Hemiptera,Pyrrhocoridae,Dysdercus_fasciatus,1
Cosmoledo,Hemiptera,Pyrrhocoridae,Dysdercus_fasciatus,1
Astove,Hemiptera,Pyrrhocoridae,Scantius_forsteri,1
Cosmoledo,Hemiptera,Pyrrhocoridae,Scantius_forsteri,1
Farquhar,Hemiptera,Pyrrhocoridae,Scantius_forsteri,1
Laysan,Hemiptera,Reduviidae,Empicoris_rubromaculatus,1
Midway,Hemiptera,Reduviidae,Empicoris_rubromaculatus,1
Midway,Hemiptera,Reduviidae,Empicoris_cf_whitei,1
Aldabra,Hemiptera,Reduviidae,Harpactor_sp,1
South_Keeling,Hemiptera,Reduviidae,Physoderes_insulanus,1
Arno,Hemiptera,Reduviidae,Ploiaria_insolida,1
Takapoto,Hemiptera,Reduviidae,Ploiaria_sp,1
Johnston,Hemiptera,Reduviidae,Zelus_renardii,1
Midway,Hemiptera,Reduviidae,Zelus_renardii,1
Aldabra,Hemiptera,Rhopalidae,Leptocoris_hexophthalmus,1
Cosmoledo,Hemiptera,Rhopalidae,Leptocoris_hexophthalmus,1
Arno,Hemiptera,Rhopalidae,Leptocoris_isolata,1
Jaluit,Hemiptera,Rhopalidae,Leptocoris_isolata,1
Kwajalein,Hemiptera,Rhopalidae,Leptocoris_isolata,1
Majuro,Hemiptera,Rhopalidae,Leptocoris_isolata,1
Ngcheangel,Hemiptera,Rhopalidae,Leptocoris_vicinus,1
Ulithi,Hemiptera,Rhopalidae,Leptocoris_vicinus,1
Kwajalein,Hemiptera,Rhopalidae,Leptocoris_sp,1
Clipperton,Hemiptera,Rhopalidae,Liorhyssus_hyalinus,1
Eniwetok,Hemiptera,Rhopalidae,Liorhyssus_hyalinus,1
Midway,Hemiptera,Rhopalidae,Liorhyssus_hyalinus,1
Ulithi,Hemiptera,Rhopalidae,Liorhyssus_hyalinus,1
Takapoto,Hemiptera,Rhopalidae,Liorhyssus_sp,1
South_Keeling,Hemiptera,Rhyparochromidae,Clerada_apicicornis,1
Farquhar,Hemiptera,Rhyparochromidae,Dieuches_annulatus,1
Aldabra,Hemiptera,Rhyparochromidae,Dieuches_placidus,1
South_Keeling,Hemiptera,Rhyparochromidae,Elasmolomus_v-album,1
Aldabra,Hemiptera,Rhyparochromidae,Lachnophorus_guttulatus,1
Aldabra,Hemiptera,Rhyparochromidae,Lethaeus_stellatus,1
Cosmoledo,Hemiptera,Rhyparochromidae,Lethaeus_stellatus,1
Kapingamarangi,Hemiptera,Rhyparochromidae,Pamerarma_ventralis,1
Arno,Hemiptera,Rhyparochromidae,Pseudopachybrachius_guttus,1
Lukunor,Hemiptera,Rhyparochromidae,Pseudopachybrachius_guttus,1
Majuro,Hemiptera,Rhyparochromidae,Pseudopachybrachius_guttus,1
Namoluk,Hemiptera,Rhyparochromidae,Pseudopachybrachius_guttus,1
Ngcheangel,Hemiptera,Rhyparochromidae,Pseudopachybrachius_guttus,1
Nukunonu,Hemiptera,Rhyparochromidae,Pseudopachybrachius_guttus,1
Ulithi,Hemiptera,Rhyparochromidae,Pseudopachybrachius_guttus,1
Arno,Hemiptera,Rhyparochromidae,Remaudiereana_nigriceps,1
Eniwetok,Hemiptera,Rhyparochromidae,Remaudiereana_nigriceps,1
Jaluit,Hemiptera,Rhyparochromidae,Remaudiereana_nigriceps,1
Kwajalein,Hemiptera,Rhyparochromidae,Remaudiereana_nigriceps,1
Likiep,Hemiptera,Rhyparochromidae,Remaudiereana_nigriceps,1
Majuro,Hemiptera,Rhyparochromidae,Remaudiereana_nigriceps,1
South_Keeling,Hemiptera,Rhyparochromidae,Remaudiereana_nigriceps,1
Ulithi,Hemiptera,Rhyparochromidae,Remaudiereana_nigriceps,1
Lukunor,Hemiptera,Ricaniidae,Armacia_clara,1
Nomwin,Hemiptera,Ricaniidae,Armacia_clara,1
Satawan,Hemiptera,Ricaniidae,Armacia_clara,1
Ngcheangel,Hemiptera,Ricaniidae,Armacia_simaethis,1
Aldabra,Hemiptera,Ricaniidae,Deferundata_aldabrana,1
Aldabra,Hemiptera,Ricaniidae,Neoprivesa_fuscovaria,1
Cosmoledo,Hemiptera,Ricaniidae,Neoprivesa_fuscovaria,1
Aldabra,Hemiptera,Ricaniidae,Osaka_hyalina,1
Astove,Hemiptera,Ricaniidae,Osaka_hyalina,1
Cosmoledo,Hemiptera,Ricaniidae,Osaka_hyalina,1
Aldabra,Hemiptera,Ricaniidae,Osaka_relata,1
Glorioso,Hemiptera,Ricaniidae,Pochazoides_tibialis,1
Aldabra,Hemiptera,Ricaniidae,Privesa_fryeri,1
Aldabra,Hemiptera,Ricaniidae,Privesa_punctifrons,1
Astove,Hemiptera,Ricaniidae,Privesa_punctifrons,1
Cosmoledo,Hemiptera,Ricaniidae,Privesa_punctifrons,1
Aldabra,Hemiptera,Saldidae,Salduncula_seychellensis,1
Cosmoledo,Hemiptera,Saldidae,Salduncula_seychellensis,1
Aldabra,Hemiptera,Stenocephalidae,Dicranocephalus_punctipes,1
Midway,Hemiptera,Tingidae,Corythucha_morrilli,1
Diego_Garcia,Hemiptera,Triozidae,Leptynoptera_sulfurea,1
Ngcheangel,Hemiptera,Triozidae,Leptynoptera_sulfurea,1
South_Keeling,Hemiptera,Triozidae,Leptynoptera_sulfurea,1
Ngcheangel,Hemiptera,Tropiduchidae,Leptovanua_telamon,1
Glorioso,Hemiptera,Tropiduchidae,Numicia_dorsalis,1
Aldabra,Hemiptera,Tropiduchidae,Numicia_punctula,1
Nomwin,Hemiptera,Tropiduchidae,Swezeyaria_viridana,1
Aldabra,Hemiptera,Tropiduchidae,Trienopa_typica,1
Astove,Hemiptera,Tropiduchidae,Trienopa_typica,1
Cosmoledo,Hemiptera,Tropiduchidae,Trienopa_typica,1
Majuro,Hemiptera,Veliidae,Halovelia_bergrothi,1
Aldabra,Hemiptera,Veliidae,Halovelia_seychellensis,1
Cosmoledo,Hemiptera,Veliidae,Halovelia_seychellensis,1
Arno,Hemiptera,Veliidae,Halovelia_sp,1
Aldabra,Hemiptera,Veliidae,Microvelia_leveillei,1
Cosmoledo,Hemiptera,Veliidae,Microvelia_leveillei,1
Arno,Psocodea,Caeciliusidae,Stenocaecilius_analis,1
Lae,Psocodea,Caeciliusidae,Stenocaecilius_analis,1
Eniwetok,Psocodea,Caeciliusidae,Stenocaecilius_casarum,1
Kwajalein,Psocodea,Caeciliusidae,Stenocaecilius_casarum,1
Majuro,Psocodea,Caeciliusidae,Stenocaecilius_casarum,1
Ulithi,Psocodea,Caeciliusidae,Stenocaecilius_casarum,1
Aldabra,Psocodea,Caeciliusidae,Stenocaecilius_turneri,1
Astove,Psocodea,Caeciliusidae,Stenocaecilius_turneri,1
Diego_Garcia,Psocodea,Caeciliusidae,Stenocaecilius_turneri,1
Astove,Psocodea,Caeciliusidae,Valenzuela_astovensis,1
Ulithi,Psocodea,Caeciliusidae,Valenzuela_kraussi,1
Diego_Garcia,Psocodea,Ectopsocidae,Ectopsocopsis_cryptomeriae,1
Laysan,Psocodea,Ectopsocidae,Ectopsocus_fullawayi,1
Oeno,Psocodea,Ectopsocidae,Ectopsocus_fullawayi,1
Wake,Psocodea,Ectopsocidae,Ectopsocus_fullawayi,1
Aldabra,Psocodea,Ectopsocidae,Ectopsocus_hirsutus,1
Diego_Garcia,Psocodea,Ectopsocidae,Ectopsocus_hirsutus,1
Aldabra,Psocodea,Ectopsocidae,Ectopsocus_maculatus,1
Aldabra,Psocodea,Ectopsocidae,Ectopsocus_maindroni,1
Eniwetok,Psocodea,Ectopsocidae,Ectopsocus_maindroni,1
Kwajalein,Psocodea,Ectopsocidae,Ectopsocus_maindroni,1
Ujae,Psocodea,Ectopsocidae,Ectopsocus_maindroni,1
Jaluit,Psocodea,Ectopsocidae,Ectopsocus_ornatoides,1
Abariringa,Psocodea,Ectopsocidae,Ectopsocus_perkinsi,1
Kure,Psocodea,Ectopsocidae,Ectopsocus_perkinsi,1
Midway,Psocodea,Ectopsocidae,Ectopsocus_perkinsi,1
Arno,Psocodea,Ectopsocidae,Ectopsocus_spilotus,1
Majuro,Psocodea,Ectopsocidae,Ectopsocus_spilotus,1
Jaluit,Psocodea,Ectopsocidae,Ectopsocus_villosus,1
Glorioso,Psocodea,Ectopsocidae,Ectopsocus_sp,1
Nukunonu,Psocodea,Ectopsocidae,Ectopsocus_sp,1
Laysan,Psocodea,Elipsocidae,Kilauella_sp,1
Aldabra,Psocodea,Hemipsocidae,Hemipsocus_africanus,1
Arno,Psocodea,Hemipsocidae,Hemipsocus_chloroticus,1
Ulithi,Psocodea,Hemipsocidae,Hemipsocus_chloroticus,1
Laysan,Psocodea,Lepidopsocidae,Cyptophania_hirsuta,1
Eniwetok,Psocodea,Lepidopsocidae,Cyptophania_marginata,1
Jaluit,Psocodea,Lepidopsocidae,Cyptophania_marginata,1
Tabuaeran,Psocodea,Lepidopsocidae,Cyptophania_marginata,1
Diego_Garcia,Psocodea,Lepidopsocidae,Echmepteryx_chagosensis,1
Glorioso,Psocodea,Lepidopsocidae,Echmepteryx_falco,1
Aldabra,Psocodea,Lepidopsocidae,Echmepteryx_humphreysi,1
Arno,Psocodea,Lepidopsocidae,Echmepteryx_lunulata,1
Diego_Garcia,Psocodea,Lepidopsocidae,Echmepteryx_lunulata,1
Diego_Garcia,Psocodea,Lepidopsocidae,Echmepteryx_madagascariensis,1
Glorioso,Psocodea,Lepidopsocidae,Echmepteryx_madagascariensis,1
Arno,Psocodea,Lepidopsocidae,Lepidopsocus_pretiosus,1
Jaluit,Psocodea,Lepidopsocidae,Lepidopsocus_pretiosus,1
Pingelap,Psocodea,Lepidopsocidae,Lepidopsocus_pretiosus,1
Glorioso,Psocodea,Lepidopsocidae,Lepolepis_cf_bicolor,1
Aldabra,Psocodea,Lepidopsocidae,Lepolepis_pateriformis,1
Palmyra,Psocodea,Lepidopsocidae,Nepticulomima_sp,1
Aldabra,Psocodea,Lepidopsocidae,Perientomum_griseifrons,1
Diego_Garcia,Psocodea,Lepidopsocidae,Perientomum_notatum,1
Diego_Garcia,Psocodea,Lepidopsocidae,Proentomum_scottiana,1
Diego_Garcia,Psocodea,Lepidopsocidae,Soa_enderleini,1
Glorioso,Psocodea,Lepidopsocidae,Thylacella_madagascariensis,1
Aldabra,Psocodea,Myopsocidae,Myopsocus_aldabrensis,1
Jaluit,Psocodea,Myopsocidae,Myopsocus_punctatus,1
Kapingamarangi,Psocodea,Peripsocidae,Peripsocus_ferrugineus,1
Diego_Garcia,Psocodea,Peripsocidae,Peripsocus_hutsoni,1
Kwajalein,Psocodea,Peripsocidae,Peripsocus_pauliani,1
Aldabra,Psocodea,Peripsocidae,Peripsocus_uncinatus,1
Diego_Garcia,Psocodea,Peripsocidae,Peripsocus_uncinatus,1
Aldabra,Psocodea,Philotarsidae,Haplophallus_fenestristigma,1
Satawan,Psocodea,Pseudocaeciliidae,Lobocaecilius_fennecus,1
Sorol,Psocodea,Pseudocaeciliidae,Lobocaecilius_fennecus,1
Ulithi,Psocodea,Pseudocaeciliidae,Lobocaecilius_fennecus,1
Kapingamarangi,Psocodea,Pseudocaeciliidae,Neocaecilius_campanula,1
Majuro,Psocodea,Pseudocaeciliidae,Neocaecilius_campanula,1
Eniwetok,Psocodea,Psocidae,Ptycta_angulata,1
Jaluit,Psocodea,Psocidae,Ptycta_angulata,1
Kwajalein,Psocodea,Psocidae,Ptycta_angulata,1
Majuro,Psocodea,Psocidae,Ptycta_angulata,1
Taka,Psocodea,Psocidae,Ptycta_angulata,1
Ujae,Psocodea,Psocidae,Ptycta_angulata,1
Aldabra,Psocodea,Psocidae,Ptycta_cogani,1
Aldabra,Psocodea,Psocidae,Ptycta_oceanica,1
Aldabra,Psocodea,Psoquillidae,Eosilla_denervosa,1
Aldabra,Psocodea,Psyllipsocidae,Psocathropos_pilipennis,1
Laysan,Psocodea,Trogiidae,Cerobasis_sp,1
Aldabra,Hymenoptera,Agaonidae,Allotriozoon_heterandromorphum,1
Aldabra,Hymenoptera,Agaonidae,Elisabethiella_reflexa,1
Aldabra,Hymenoptera,Agaonidae,Lachaisea_orientalis,1
Aldabra,Hymenoptera,Agaonidae,Nigeriella_avicola,1
Aldabra,Hymenoptera,Agaonidae,Philocaenus_cf_silvestrii,1
Midway,Hymenoptera,Agaonidae,Pleistodontes_froggatti,1
Aldabra,Hymenoptera,Agaonidae,Sycosapter_caelebs,1
Diego_Garcia,Hymenoptera,Ampulicidae,Ampulex_compressa,1
Midway,Hymenoptera,Ampulicidae,Ampulex_compressa,1
Onotoa,Hymenoptera,Ampulicidae,Ampulex_sp,1
Kiritimati,Hymenoptera,Ampulicidae,Dolichurus_stantoni,1
Midway,Hymenoptera,Ampulicidae,Dolichurus_stantoni,1
Aldabra,Hymenoptera,Apidae,Amegilla_antimena,1
Cosmoledo,Hymenoptera,Apidae,Apis_mellifera,1
Diego_Garcia,Hymenoptera,Apidae,Apis_mellifera,1
Midway,Hymenoptera,Apidae,Ceratina_arizonensis,1
Aldabra,Hymenoptera,Apidae,Ceratina_nyassensis,1
Ulithi,Hymenoptera,Apidae,Ceratina_palauensis,1
Eniwetok,Hymenoptera,Apidae,Xylocopa_sonorina,1
Johnston,Hymenoptera,Apidae,Xylocopa_sonorina,1
Midway,Hymenoptera,Apidae,Xylocopa_varipuncta,1
Diego_Garcia,Hymenoptera,Apidae,Xylocopa_sp,1
Midway,Hymenoptera,Bethylidae,Epyris_sp,1
Kwajalein,Hymenoptera,Bethylidae,Sclerodermus_sp,1
Midway,Hymenoptera,Bethylidae,Sierola_sp,1
Midway,Hymenoptera,Braconidae,Apanteles_carpatus,1
Pearl_and_Hermes,Hymenoptera,Braconidae,Apanteles_sp,1
Rangiroa,Hymenoptera,Braconidae,Apanteles_sp,1
Kure,Hymenoptera,Braconidae,Chelonus_blackburni,1
Laysan,Hymenoptera,Braconidae,Chelonus_blackburni,1
Midway,Hymenoptera,Braconidae,Chelonus_blackburni,1
Pearl_and_Hermes,Hymenoptera,Braconidae,Chelonus_blackburni,1
Kwajalein,Hymenoptera,Braconidae,Chelonus_sp,1
Wake,Hymenoptera,Braconidae,Chelonus_sp,1
Kure,Hymenoptera,Braconidae,Cotesia_marginiventris,1
Laysan,Hymenoptera,Braconidae,Cotesia_marginiventris,1
Midway,Hymenoptera,Braconidae,Cotesia_marginiventris,1
Midway,Hymenoptera,Braconidae,Cotesia_vestalis,1
Midway,Hymenoptera,Braconidae,Lysiphlebus_testaceipes,1
Kwajalein,Hymenoptera,Braconidae,Microplitis_sp,1
Midway,Hymenoptera,Braconidae,Parallorhogas_pallidiceps,1
Midway,Hymenoptera,Braconidae,Phanerotomella_hawaiiensis,1
Aldabra,Hymenoptera,Braconidae,Phanerotoma_sp,1
Midway,Hymenoptera,Braconidae,Rhaconotus_vagrans,1
Diego_Garcia,Hymenoptera,Braconidae,Spathius_sp,1
Midway,Hymenoptera,Braconidae,Urosigalphus_bruchi,1
Eniwetok,Hymenoptera,Braconidae,Zele_sp,1
Midway,Hymenoptera,Ceraphronidae,Aphanogmus_sp,1
Midway,Hymenoptera,Ceraphronidae,Ceraphron_plebeius,1
Midway,Hymenoptera,Ceraphronidae,Ceraphron_sp,1
Midway,Hymenoptera,Chalcididae,Antrocephalus_dividens,1
South_Keeling,Hymenoptera,Chalcididae,Antrocephalus_sp,1
Nukunonu,Hymenoptera,Chalcididae,Brachymeria_sp,1
South_Keeling,Hymenoptera,Chalcididae,Dirhinus_himalayanus,1
Midway,Hymenoptera,Chalcididae,Hockeria_pertorva,1
Midway,Hymenoptera,Chalcididae,Proconura_sp,1
Anaa,Hymenoptera,Colletidae,Hylaeus_tuamotuensis,1
Aldabra,Hymenoptera,Crabronidae,Bembix_madecassa,1
Cosmoledo,Hymenoptera,Crabronidae,Bembix_madecassa,1
Glorioso,Hymenoptera,Crabronidae,Bembix_madecassa,1
South_Keeling,Hymenoptera,Crabronidae,Bembecinus_proximus,1
Aldabra,Hymenoptera,Crabronidae,Cerceris_nenicra,1
Kwajalein,Hymenoptera,Crabronidae,Liris_aurulentus,1
Kwajalein,Hymenoptera,Crabronidae,Liris_subtessellatus,1
South_Keeling,Hymenoptera,Crabronidae,Liris_subtessellatus,1
South_Keeling,Hymenoptera,Crabronidae,Nitela_pendleburyi,1
Aldabra,Hymenoptera,Crabronidae,Pison_argentatum,1
Jaluit,Hymenoptera,Crabronidae,Pison_hospes,1
Nukunonu,Hymenoptera,Crabronidae,Pison_hospes,1
South_Keeling,Hymenoptera,Crabronidae,Pison_hospes,1
Nukunonu,Hymenoptera,Crabronidae,Pison_iridipenne,1
Eniwetok,Hymenoptera,Crabronidae,Pison_punctifrons,1
Kapingamarangi,Hymenoptera,Crabronidae,Pison_punctifrons,1
Diego_Garcia,Hymenoptera,Crabronidae,Pison_sp,1
Eniwetok,Hymenoptera,Crabronidae,Solierella_peckhami,1
Eniwetok,Hymenoptera,Crabronidae,Tachysphex_bengalensis,1
Takapoto,Hymenoptera,Crabronidae,Tachysphex_fanuiensis,1
Astove,Hymenoptera,Crabronidae,Tachysphex_fugax,1
Kwajalein,Hymenoptera,Crabronidae,Tachysphex_morosus,1
South_Keeling,Hymenoptera,Crabronidae,Tachysphex_sp,1
South_Keeling,Hymenoptera,Crabronidae,Trypoxylon_errans,1
Astove,Hymenoptera,Crabronidae,Trypoxylon_scutifrons,1
Diego_Garcia,Hymenoptera,Crabronidae,Trypoxylon_sp,1
Midway,Hymenoptera,Diapriidae,Trichopria_sp,1
Palmyra,Hymenoptera,Diapriidae,Trichopria_sp,1
Midway,Hymenoptera,Encyrtidae,Adelencyrtus_odonaspidis,1
Johnston,Hymenoptera,Encyrtidae,Aenasius_advena,1
Midway,Hymenoptera,Encyrtidae,Aeptencyrtus_bruchi,1
Kure,Hymenoptera,Encyrtidae,Anagyrus_swezeyi,1
Midway,Hymenoptera,Encyrtidae,Anagyrus_swezeyi,1
Kure,Hymenoptera,Encyrtidae,Blepyrus_insularis,1
Midway,Hymenoptera,Encyrtidae,Blepyrus_insularis,1
Midway,Hymenoptera,Encyrtidae,Cheiloneurus_sp,1
Midway,Hymenoptera,Encyrtidae,Coccidoxenoides_perminutus,1
Midway,Hymenoptera,Encyrtidae,Dicarnosis_ripariensis,1
Midway,Hymenoptera,Encyrtidae,Diversinervus_elegans,1
Laysan,Hymenoptera,Encyrtidae,Ectroma_sp,1
Midway,Hymenoptera,Encyrtidae,Encyrtus_infelix,1
Midway,Hymenoptera,Encyrtidae,Gryanusoidea_phenacocci,1
Diego_Garcia,Hymenoptera,Encyrtidae,Homalotylus_sp,1
Midway,Hymenoptera,Encyrtidae,Leptomastidea_abnormis,1
Johnston,Hymenoptera,Encyrtidae,Leptomastix_dactylopii,1
Midway,Hymenoptera,Encyrtidae,Metaphycus_flavus,1
Palmyra,Hymenoptera,Encyrtidae,Metaphycus_flavus,1
Midway,Hymenoptera,Encyrtidae,Neodusmetia_sangwani,1
Pearl_and_Hermes,Hymenoptera,Encyrtidae,Neodusmetia_sangwani,1
Midway,Hymenoptera,Encyrtidae,Plagiomerus_sp,1
Laysan,Hymenoptera,Encyrtidae,Rhopus_laysanensis,1
Kwajalein,Hymenoptera,Eucharitidae,Chalcura_maculata,1
Mokil,Hymenoptera,Eucharitidae,Chalcura_maculata,1
Nomwin,Hymenoptera,Eucharitidae,Chalcura_maculata,1
Pingelap,Hymenoptera,Eucharitidae,Chalcura_upeensis,1
Lukunor,Hymenoptera,Eucharitidae,Schizaspidia_ponapensis,1
Ngcheangel,Hymenoptera,Eucharitidae,Schizaspidia_ponapensis,1
Nomwin,Hymenoptera,Eucharitidae,Schizaspidia_ponapensis,1
Ulithi,Hymenoptera,Eucharitidae,Schizaspidia_ponapensis,1
Pingelap,Hymenoptera,Eulophidae,Aprostocetus_formosoanus,1
Midway,Hymenoptera,Eulophidae,Aprostocetus_hagenowii,1
Palmyra,Hymenoptera,Eulophidae,Aprostocetus_hagenowii,1
Midway,Hymenoptera,Eulophidae,Aprostocetus_sp,1
Midway,Hymenoptera,Eulophidae,Closterocerus_formosus,1
Midway,Hymenoptera,Eulophidae,Elachertus_advena,1
Nomwin,Hymenoptera,Eulophidae,Elachertus_guamensis,1
Pingelap,Hymenoptera,Eulophidae,Elachertus_kraussi,1
Ujae,Hymenoptera,Eulophidae,Elachertus_kraussi,1
Kure,Hymenoptera,Eulophidae,Euderus_metallicus,1
Laysan,Hymenoptera,Eulophidae,Euderus_metallicus,1
Abariringa,Hymenoptera,Eulophidae,Euplectrus_platyhypenae,1
Ulithi,Hymenoptera,Eulophidae,Hemiptarsenus_carolinensis,1
Eniwetok,Hymenoptera,Eulophidae,Hemiptarsenus_varicornis,1
French_Frigate_Shoals,Hymenoptera,Eulophidae,Hemiptarsenus_varicornis,1
Midway,Hymenoptera,Eulophidae,Hemiptarsenus_varicornis,1
Palmyra,Hymenoptera,Eulophidae,Hemiptarsenus_varicornis,1
Ulithi,Hymenoptera,Eulophidae,Hemiptarsenus_varicornis,1
Nukunonu,Hymenoptera,Eulophidae,Hemiptarsenus_sp,1
Wake,Hymenoptera,Eulophidae,Melittobia_hawaiiensis,1
Midway,Hymenoptera,Eulophidae,Neotrichoporoides_viridimaculata,1
Abariringa,Hymenoptera,Eulophidae,Pnigalio_externa,1
Nukunonu,Hymenoptera,Eulophidae,Stenomesius_sp,1
Kwajalein,Hymenoptera,Eulophidae,Sympiesis_swezeyi,1
Ngcheangel,Hymenoptera,Eulophidae,Tetrastichus_burrus,1
Pingelap,Hymenoptera,Eulophidae,Tetrastichus_gressitti,1
Satawan,Hymenoptera,Eulophidae,Tetrastichus_gressitti,1
Midway,Hymenoptera,Eulophidae,Tetrastichus_sp,1
Aldabra,Hymenoptera,Eumenidae,Delta_emarginatum,1
Astove,Hymenoptera,Eumenidae,Delta_emarginatum,1
Cosmoledo,Hymenoptera,Eumenidae,Delta_emarginatum,1
Glorioso,Hymenoptera,Eumenidae,Delta_emarginatum,1
Aldabra,Hymenoptera,Eumenidae,Delta_esuriens,1
Diego_Garcia,Hymenoptera,Eumenidae,Euodynerus_trilobus,1
Aldabra,Hymenoptera,Eumenidae,Knemodynerus_farquharensis,1
Cosmoledo,Hymenoptera,Eumenidae,Knemodynerus_farquharensis,1
Farquhar,Hymenoptera,Eumenidae,Knemodynerus_farquharensis,1
Eniwetok,Hymenoptera,Eumenidae,Odynerus_sp,1
Abariringa,Hymenoptera,Eumenidae,Pachodynerus_nasidens,1
Eniwetok,Hymenoptera,Eumenidae,Pachodynerus_nasidens,1
Kiritimati,Hymenoptera,Eumenidae,Pachodynerus_nasidens,1
Kwajalein,Hymenoptera,Eumenidae,Pachodynerus_nasidens,1
Majuro,Hymenoptera,Eumenidae,Pachodynerus_nasidens,1
Midway,Hymenoptera,Eumenidae,Pachodynerus_nasidens,1
Palmyra,Hymenoptera,Eumenidae,Pachodynerus_nasidens,1
Midway,Hymenoptera,Eumenidae,Parancistrocerus_fulvipes,1
Nukunonu,Hymenoptera,Eumenidae,Parodynerus_bicinctus,1
Johnston,Hymenoptera,Eumenidae,Polistes_aurifer,1
Kiritimati,Hymenoptera,Eumenidae,Polistes_aurifer,1
Kure,Hymenoptera,Eumenidae,Polistes_aurifer,1
Kwajalein,Hymenoptera,Eumenidae,Polistes_aurifer,1
Midway,Hymenoptera,Eumenidae,Polistes_aurifer,1
Palmyra,Hymenoptera,Eumenidae,Polistes_aurifer,1
South_Keeling,Hymenoptera,Eumenidae,Polistes_balder,1
Midway,Hymenoptera,Eumenidae,Polistes_exclamans,1
Eniwetok,Hymenoptera,Eumenidae,Polistes_fuscatus,1
Midway,Hymenoptera,Eumenidae,Polistes_jokohamae,1
Diego_Garcia,Hymenoptera,Eumenidae,Polistes_olivaceus,1
Takapoto,Hymenoptera,Eumenidae,Polistes_olivaceus,1
Diego_Garcia,Hymenoptera,Eumenidae,Subancistrocerus_sichelii,1
Midway,Hymenoptera,Eupelmidae,Anastatus_koebelei,1
Laysan,Hymenoptera,Eupelmidae,Bruchocida_sp,1
Wake,Hymenoptera,Eupelmidae,Eupelmus_pacificus,1
Laysan,Hymenoptera,Eupelmidae,Eupelmus_sp,1
Laysan,Hymenoptera,Eupelmidae,Zaischnopsis_sp,1
Nukunonu,Hymenoptera,Eurytomidae,Eudecatoma_sp,1
Midway,Hymenoptera,Eurytomidae,Tetramesa_sp,1
Abariringa,Hymenoptera,Evaniidae,Evania_appendigaster,1
Arno,Hymenoptera,Evaniidae,Evania_appendigaster,1
Diego_Garcia,Hymenoptera,Evaniidae,Evania_appendigaster,1
Jaluit,Hymenoptera,Evaniidae,Evania_appendigaster,1
Kiritimati,Hymenoptera,Evaniidae,Evania_appendigaster,1
Kwajalein,Hymenoptera,Evaniidae,Evania_appendigaster,1
Likiep,Hymenoptera,Evaniidae,Evania_appendigaster,1
Majuro,Hymenoptera,Evaniidae,Evania_appendigaster,1
Midway,Hymenoptera,Evaniidae,Evania_appendigaster,1
Onotoa,Hymenoptera,Evaniidae,Evania_appendigaster,1
Palmyra,Hymenoptera,Evaniidae,Evania_appendigaster,1
South_Keeling,Hymenoptera,Evaniidae,Evania_appendigaster,1
Takapoto,Hymenoptera,Evaniidae,Evania_appendigaster,1
Wake,Hymenoptera,Evaniidae,Evania_appendigaster,1
Nukunonu,Hymenoptera,Evaniidae,Szepligetella_punctaticeps,1
Bikini,Hymenoptera,Evaniidae,Szepligetella_sericea,1
Eniwetok,Hymenoptera,Evaniidae,Szepligetella_sericea,1
Kapingamarangi,Hymenoptera,Evaniidae,Szepligetella_sericea,1
Kiritimati,Hymenoptera,Evaniidae,Szepligetella_sericea,1
Onotoa,Hymenoptera,Evaniidae,Szepligetella_sericea,1
Wotho,Hymenoptera,Evaniidae,Szepligetella_sericea,1
Nukunonu,Hymenoptera,Formicidae,Anochetus_graeffei,1
Ulithi,Hymenoptera,Formicidae,Anochetus_graeffei,1
Aldabra,Hymenoptera,Formicidae,Anochetus_pattersoni,1
Anaa,Hymenoptera,Formicidae,Anoplolepis_gracilipes,1
Ant,Hymenoptera,Formicidae,Anoplolepis_gracilipes,1
Arno,Hymenoptera,Formicidae,Anoplolepis_gracilipes,1
Eniwetok,Hymenoptera,Formicidae,Anoplolepis_gracilipes,1
Funafuti,Hymenoptera,Formicidae,Anoplolepis_gracilipes,1
Jaluit,Hymenoptera,Formicidae,Anoplolepis_gracilipes,1
Kwajalein,Hymenoptera,Formicidae,Anoplolepis_gracilipes,1
Majuro,Hymenoptera,Formicidae,Anoplolepis_gracilipes,1
Mokil,Hymenoptera,Formicidae,Anoplolepis_gracilipes,1
Ngcheangel,Hymenoptera,Formicidae,Anoplolepis_gracilipes,1
Niau,Hymenoptera,Formicidae,Anoplolepis_gracilipes,1
Nukunonu,Hymenoptera,Formicidae,Anoplolepis_gracilipes,1
Pingelap,Hymenoptera,Formicidae,Anoplolepis_gracilipes,1
Sorol,Hymenoptera,Formicidae,Anoplolepis_gracilipes,1
South_Keeling,Hymenoptera,Formicidae,Anoplolepis_gracilipes,1
Ulithi,Hymenoptera,Formicidae,Anoplolepis_gracilipes,1
Funafuti,Hymenoptera,Formicidae,Brachymyrmex_sp,1
Aldabra,Hymenoptera,Formicidae,Camponotus_auropubens,1
Ant,Hymenoptera,Formicidae,Camponotus_chloroticus,1
Bikini,Hymenoptera,Formicidae,Camponotus_chloroticus,1
Eniwetok,Hymenoptera,Formicidae,Camponotus_chloroticus,1
Jaluit,Hymenoptera,Formicidae,Camponotus_chloroticus,1
Kapingamarangi,Hymenoptera,Formicidae,Camponotus_chloroticus,1
Kwajalein,Hymenoptera,Formicidae,Camponotus_chloroticus,1
Nukunonu,Hymenoptera,Formicidae,Camponotus_chloroticus,1
Ulithi,Hymenoptera,Formicidae,Camponotus_chloroticus,1
Aldabra,Hymenoptera,Formicidae,Camponotus_foraminosus,1
Aldabra,Hymenoptera,Formicidae,Camponotus_grandidieri,1
Farquhar,Hymenoptera,Formicidae,Camponotus_grandidieri,1
Aldabra,Hymenoptera,Formicidae,Camponotus_hova,1
Aldabra,Hymenoptera,Formicidae,Camponotus_maculatus,1
Diego_Garcia,Hymenoptera,Formicidae,Camponotus_maculatus,1
Aldabra,Hymenoptera,Formicidae,Campnotus_mixtellus,1
Funafuti,Hymenoptera,Formicidae,Camponotus_novaehollandiae,1
Ant,Hymenoptera,Formicidae,Camponotus_reticulatus,1
Eniwetok,Hymenoptera,Formicidae,Camponotus_reticulatus,1
Jaluit,Hymenoptera,Formicidae,Camponotus_reticulatus,1
Kwajalein,Hymenoptera,Formicidae,Camponotus_reticulatus,1
Majuro,Hymenoptera,Formicidae,Camponotus_reticulatus,1
Ngcheangel,Hymenoptera,Formicidae,Camponotus_reticulatus,1
Pingelap,Hymenoptera,Formicidae,Camponotus_reticulatus,1
Aldabra,Hymenoptera,Formicidae,Camponotus_strangulatus,1
Abariringa,Hymenoptera,Formicidae,Camponotus_variegatus,1
Kwajalein,Hymenoptera,Formicidae,Camponotus_variegatus,1
Laysan,Hymenoptera,Formicidae,Camponotus_variegatus,1
Midway,Hymenoptera,Formicidae,Camponotus_variegatus,1
Kwajalein,Hymenoptera,Formicidae,Camponotus_sp,1
South_Keeling,Hymenoptera,Formicidae,Camponotus_sp,1
Anaa,Hymenoptera,Formicidae,Cardiocondyla_emeryi,1
Midway,Hymenoptera,Formicidae,Cardiocondyla_emeryi,1
Palmyra,Hymenoptera,Formicidae,Cardiocondyla_emeryi,1
Rose,Hymenoptera,Formicidae,Cardiocondyla_kagutsuchi,1
Aldabra,Hymenoptera,Formicidae,Cardiocondyla_minutior,1
Laysan,Hymenoptera,Formicidae,Cardiocondyla_minutior,1
Niau,Hymenoptera,Formicidae,Cardiocondyla_minutior,1
Palmyra,Hymenoptera,Formicidae,Cardiocondyla_minutior,1
Anaa,Hymenoptera,Formicidae,Cardiocondyla_nuda,1
French_Frigate_Shoals,Hymenoptera,Formicidae,Cardiocondyla_nuda,1
Kure,Hymenoptera,Formicidae,Cardiocondyla_nuda,1
Laysan,Hymenoptera,Formicidae,Cardiocondyla_nuda,1
Midway,Hymenoptera,Formicidae,Cardiocondyla_nuda,1
Nukunonu,Hymenoptera,Formicidae,Cardiocondyla_nuda,1
Pearl_and_Hermes,Hymenoptera,Formicidae,Cardiocondyla_nuda,1
South_Keeling,Hymenoptera,Formicidae,Cardiocondyla_nuda,1
Ulithi,Hymenoptera,Formicidae,Cardiocondyla_nuda,1
Wake,Hymenoptera,Formicidae,Cardiocondyla_nuda,1
Jaluit,Hymenoptera,Formicidae,Cardiocondyla_tjibodana,1
Ulithi,Hymenoptera,Formicidae,Cardiocondyla_tjibodana,1
Diego_Garcia,Hymenoptera,Formicidae,Cardiocondyla_sp,1
Johnston,Hymenoptera,Formicidae,Cardiocondyla_sp,1
Nukunonu,Hymenoptera,Formicidae,Cardiocondyla_sp,1
Nomwin,Hymenoptera,Formicidae,Crematogaster_biroi,1
Arno,Hymenoptera,Formicidae,Crematogaster_emeryi,1
Ant,Hymenoptera,Formicidae,Crematogaster_fritzi,1
Ant,Hymenoptera,Formicidae,Hypoponera_confinis,1
Kure,Hymenoptera,Formicidae,Hypoponera_gleadowi,1
French_Frigate_Shoals,Hymenoptera,Formicidae,Hypoponera_punctatissima,1
Jaluit,Hymenoptera,Formicidae,Hypoponera_punctatissima,1
Laysan,Hymenoptera,Formicidae,Hypoponera_punctatissima,1
Palmyra,Hymenoptera,Formicidae,Hypoponera_punctatissima,1
Rose,Hymenoptera,Formicidae,Hypoponera_punctatissima,1
South_Keeling,Hymenoptera,Formicidae,Hypoponera_sp,1
Arno,Hymenoptera,Formicidae,Iridomyrmex_anceps,1
Kwajalein,Hymenoptera,Formicidae,Iridomyrmex_anceps,1
Majuro,Hymenoptera,Formicidae,Iridomyrmex_anceps,1
Mokil,Hymenoptera,Formicidae,Iridomyrmex_anceps,1
Nomwin,Hymenoptera,Formicidae,Iridomyrmex_anceps,1
Nukunonu,Hymenoptera,Formicidae,Iridomyrmex_anceps,1
Pingelap,Hymenoptera,Formicidae,Iridomyrmex_anceps,1
Satawan,Hymenoptera,Formicidae,Iridomyrmex_anceps,1
Ulithi,Hymenoptera,Formicidae,Iridomyrmex_anceps,1
Ngcheangel,Hymenoptera,Formicidae,Leptogenys_falcigera,1
Aldabra,Hymenoptera,Formicidae,Leptogenys_maxillosa,1
Funafuti,Hymenoptera,Formicidae,Meranoplus_oceanicus,1
Funafuti,Hymenoptera,Formicidae,Meranoplus_pubescens,1
Kapingamarangi,Hymenoptera,Formicidae,Monomorium_chinense,1
Bikini,Hymenoptera,Formicidae,Monomorium_destructor,1
Funafuti,Hymenoptera,Formicidae,Monomorium_destructor,1
Johnston,Hymenoptera,Formicidae,Monomorium_destructor,1
Lae,Hymenoptera,Formicidae,Monomorium_destructor,1
Laysan,Hymenoptera,Formicidae,Monomorium_destructor,1
Onotoa,Hymenoptera,Formicidae,Monomorium_destructor,1
Wake,Hymenoptera,Formicidae,Monomorium_destructor,1
Funafuti,Hymenoptera,Formicidae,Monomorium_ebeninum,1
Aldabra,Hymenoptera,Formicidae,Monomorium_floricola,1
Ducie,Hymenoptera,Formicidae,Monomorium_floricola,1
Eniwetok,Hymenoptera,Formicidae,Monomorium_floricola,1
French_Frigate_Shoals,Hymenoptera,Formicidae,Monomorium_floricola,1
Jaluit,Hymenoptera,Formicidae,Monomorium_floricola,1
Johnston,Hymenoptera,Formicidae,Monomorium_floricola,1
Kapingamarangi,Hymenoptera,Formicidae,Monomorium_floricola,1
Kwajalein,Hymenoptera,Formicidae,Monomorium_floricola,1
Laysan,Hymenoptera,Formicidae,Monomorium_floricola,1
Midway,Hymenoptera,Formicidae,Monomorium_floricola,1
Mokil,Hymenoptera,Formicidae,Monomorium_floricola,1
Niau,Hymenoptera,Formicidae,Monomorium_floricola,1
Nukunonu,Hymenoptera,Formicidae,Monomorium_floricola,1
Palmyra,Hymenoptera,Formicidae,Monomorium_floricola,1
Ulithi,Hymenoptera,Formicidae,Monomorium_floricola,1
Wake,Hymenoptera,Formicidae,Monomorium_floricola,1
Johnston,Hymenoptera,Formicidae,Monomorium_indicum,1
South_Keeling,Hymenoptera,Formicidae,Monomorium_latinode,1
Laysan,Hymenoptera,Formicidae,Monomorium_liliuokalanii,1
Nukunonu,Hymenoptera,Formicidae,Monomorium_liliuokalanii,1
Kavaratti,Hymenoptera,Formicidae,Monomorium_mayri,1
Laysan,Hymenoptera,Formicidae,Monomorium_monomorium,1
Midway,Hymenoptera,Formicidae,Monomorium_monomorium,1
Laysan,Hymenoptera,Formicidae,Monomorium_minimum,1
Eniwetok,Hymenoptera,Formicidae,Monomorium_pharaonis,1
Farquhar,Hymenoptera,Formicidae,Monomorium_pharaonis,1
French_Frigate_Shoals,Hymenoptera,Formicidae,Monomorium_pharaonis,1
Johnston,Hymenoptera,Formicidae,Monomorium_pharaonis,1
Laysan,Hymenoptera,Formicidae,Monomorium_pharaonis,1
Midway,Hymenoptera,Formicidae,Monomorium_pharaonis,1
Mokil,Hymenoptera,Formicidae,Monomorium_pharaonis,1
Niau,Hymenoptera,Formicidae,Monomorium_pharaonis,1
Nukunonu,Hymenoptera,Formicidae,Monomorium_pharaonis,1
Palmyra,Hymenoptera,Formicidae,Monomorium_pharaonis,1
Pingelap,Hymenoptera,Formicidae,Monomorium_pharaonis,1
Rose,Hymenoptera,Formicidae,Monomorium_pharaonis,1
Wake,Hymenoptera,Formicidae,Monomorium_pharaonis,1
Johnston,Hymenoptera,Formicidae,Monomorium_sechellense,1
South_Keeling,Hymenoptera,Formicidae,Monomorium_talpa,1
Abariringa,Hymenoptera,Formicidae,Nylanderia_bourbonica,1
Ant,Hymenoptera,Formicidae,Nylanderia_bourbonica,1
Arno,Hymenoptera,Formicidae,Nylanderia_bourbonica,1
Diego_Garcia,Hymenoptera,Formicidae,Nylanderia_bourbonica,1
Eniwetok,Hymenoptera,Formicidae,Nylanderia_bourbonica,1
Farquhar,Hymenoptera,Formicidae,Nylanderia_bourbonica,1
Funafuti,Hymenoptera,Formicidae,Nylanderia_bourbonica,1
Kapingamarangi,Hymenoptera,Formicidae,Nylanderia_bourbonica,1
Kwajalein,Hymenoptera,Formicidae,Nylanderia_bourbonica,1
Midway,Hymenoptera,Formicidae,Nylanderia_bourbonica,1
Niau,Hymenoptera,Formicidae,Nylanderia_bourbonica,1
Nomwin,Hymenoptera,Formicidae,Nylanderia_bourbonica,1
Nukunonu,Hymenoptera,Formicidae,Nylanderia_bourbonica,1
Palmyra,Hymenoptera,Formicidae,Nylanderia_bourbonica,1
Rangiroa,Hymenoptera,Formicidae,Nylanderia_bourbonica,1
South_Keeling,Hymenoptera,Formicidae,Nylanderia_bourbonica,1
Wake,Hymenoptera,Formicidae,Nylanderia_bourbonica,1
Aldabra,Hymenoptera,Formicidae,Nylanderia_steinheili,1
Kwajalein,Hymenoptera,Formicidae,Nylanderia_sp,1
Johnston,Hymenoptera,Formicidae,Ochetellus_glaber,1
South_Keeling,Hymenoptera,Formicidae,Ochetellus_glaber,1
Clipperton,Hymenoptera,Formicidae,Odontomachus_bauri,1
Onotoa,Hymenoptera,Formicidae,Odontomachus_haematodus,1
South_Keeling,Hymenoptera,Formicidae,Odontomachus_haematodus,1
Ant,Hymenoptera,Formicidae,Odontomachus_simillimus,1
Arno,Hymenoptera,Formicidae,Odontomachus_simillimus,1
Bikini,Hymenoptera,Formicidae,Odontomachus_simillimus,1
Eniwetok,Hymenoptera,Formicidae,Odontomachus_simillimus,1
Jaluit,Hymenoptera,Formicidae,Odontomachus_simillimus,1
Kapingamarangi,Hymenoptera,Formicidae,Odontomachus_simillimus,1
Kwajalein,Hymenoptera,Formicidae,Odontomachus_simillimus,1
Majuro,Hymenoptera,Formicidae,Odontomachus_simillimus,1
Ngcheangel,Hymenoptera,Formicidae,Odontomachus_simillimus,1
Nukunonu,Hymenoptera,Formicidae,Odontomachus_simillimus,1
Pingelap,Hymenoptera,Formicidae,Odontomachus_simillimus,1
Sorol,Hymenoptera,Formicidae,Odontomachus_simillimus,1
South_Keeling,Hymenoptera,Formicidae,Odontomachus_simillimus,1
Ulithi,Hymenoptera,Formicidae,Odontomachus_simillimus,1
Ant,Hymenoptera,Formicidae,Rogeria_stigmatica,1
Nukunonu,Hymenoptera,Formicidae,Rogeria_stigmatica,1
Ant,Hymenoptera,Formicidae,Paratrechina_clandestina,1
Abariringa,Hymenoptera,Formicidae,Paratrechina_longicornis,1
Aldabra,Hymenoptera,Formicidae,Paratrechina_longicornis,1
Ant,Hymenoptera,Formicidae,Paratrechina_longicornis,1
Arno,Hymenoptera,Formicidae,Paratrechina_longicornis,1
French_Frigate_Shoals,Hymenoptera,Formicidae,Paratrechina_longicornis,1
Funafuti,Hymenoptera,Formicidae,Paratrechina_longicornis,1
Jaluit,Hymenoptera,Formicidae,Paratrechina_longicornis,1
Johnston,Hymenoptera,Formicidae,Paratrechina_longicornis,1
Kapingamarangi,Hymenoptera,Formicidae,Paratrechina_longicornis,1
Kavaratti,Hymenoptera,Formicidae,Paratrechina_longicornis,1
Kwajalein,Hymenoptera,Formicidae,Paratrechina_longicornis,1
Midway,Hymenoptera,Formicidae,Paratrechina_longicornis,1
Niau,Hymenoptera,Formicidae,Paratrechina_longicornis,1
Nomwin,Hymenoptera,Formicidae,Paratrechina_longicornis,1
Nukunonu,Hymenoptera,Formicidae,Paratrechina_longicornis,1
Palmyra,Hymenoptera,Formicidae,Paratrechina_longicornis,1
Pingelap,Hymenoptera,Formicidae,Paratrechina_longicornis,1
South_Keeling,Hymenoptera,Formicidae,Paratrechina_longicornis,1
Ulithi,Hymenoptera,Formicidae,Paratrechina_longicornis,1
Wake,Hymenoptera,Formicidae,Paratrechina_longicornis,1
Rose,Hymenoptera,Formicidae,Paratrechina_minutula,1
Ant,Hymenoptera,Formicidae,Paratrechina_vaga,1
Arno,Hymenoptera,Formicidae,Paratrechina_vaga,1
Funafuti,Hymenoptera,Formicidae,Paratrechina_vaga,1
Kapingamarangi,Hymenoptera,Formicidae,Paratrechina_vaga,1
Majuro,Hymenoptera,Formicidae,Paratrechina_vaga,1
Mokil,Hymenoptera,Formicidae,Paratrechina_vaga,1
Niau,Hymenoptera,Formicidae,Paratrechina_vaga,1
Nomwin,Hymenoptera,Formicidae,Paratrechina_vaga,1
Nukunonu,Hymenoptera,Formicidae,Paratrechina_vaga,1
Palmyra,Hymenoptera,Formicidae,Paratrechina_vaga,1
Pingelap,Hymenoptera,Formicidae,Paratrechina_vaga,1
Sorol,Hymenoptera,Formicidae,Paratrechina_vaga,1
Ant,Hymenoptera,Formicidae,Pheidole_fervens,1
Funafuti,Hymenoptera,Formicidae,Pheidole_fervens,1
Kapingamarangi,Hymenoptera,Formicidae,Pheidole_fervens,1
Niau,Hymenoptera,Formicidae,Pheidole_fervens,1
Nukunonu,Hymenoptera,Formicidae,Pheidole_fervens,1
Farquhar,Hymenoptera,Formicidae,Pheidole_flavens,1
Eniwetok,Hymenoptera,Formicidae,Pheidole_megacephala,1
Farquhar,Hymenoptera,Formicidae,Pheidole_megacephala,1
Funafuti,Hymenoptera,Formicidae,Pheidole_megacephala,1
Jaluit,Hymenoptera,Formicidae,Pheidole_megacephala,1
Kapingamarangi,Hymenoptera,Formicidae,Pheidole_megacephala,1
Kwajalein,Hymenoptera,Formicidae,Pheidole_megacephala,1
Laysan,Hymenoptera,Formicidae,Pheidole_megacephala,1
Majuro,Hymenoptera,Formicidae,Pheidole_megacephala,1
Midway,Hymenoptera,Formicidae,Pheidole_megacephala,1
Nukunonu,Hymenoptera,Formicidae,Pheidole_megacephala,1
Palmyra,Hymenoptera,Formicidae,Pheidole_megacephala,1
Pearl_and_Hermes,Hymenoptera,Formicidae,Pheidole_megacephala,1
South_Keeling,Hymenoptera,Formicidae,Pheidole_megacephala,1
Ant,Hymenoptera,Formicidae,Pheidole_oceanica,1
Arno,Hymenoptera,Formicidae,Pheidole_oceanica,1
Funafuti,Hymenoptera,Formicidae,Pheidole_oceanica,1
Kapingamarangi,Hymenoptera,Formicidae,Pheidole_oceanica,1
Nomwin,Hymenoptera,Formicidae,Pheidole_oceanica,1
Nukunonu,Hymenoptera,Formicidae,Pheidole_oceanica,1
Pingelap,Hymenoptera,Formicidae,Pheidole_oceanica,1
Rose,Hymenoptera,Formicidae,Pheidole_oceanica,1
Takapoto,Hymenoptera,Formicidae,Pheidole_oceanica,1
Aldabra,Hymenoptera,Formicidae,Pheidole_picata,1
Aldabra,Hymenoptera,Formicidae,Pheidole_punctulata,1
Farquhar,Hymenoptera,Formicidae,Pheidole_punctulata,1
Ant,Hymenoptera,Formicidae,Pheidole_sexspinosa,1
Arno,Hymenoptera,Formicidae,Pheidole_sexspinosa,1
Funafuti,Hymenoptera,Formicidae,Pheidole_sexspinosa,1
Nukunonu,Hymenoptera,Formicidae,Pheidole_sexspinosa,1
Pingelap,Hymenoptera,Formicidae,Pheidole_sexspinosa,1
Ant,Hymenoptera,Formicidae,Pheidole_umbonata,1
Arno,Hymenoptera,Formicidae,Pheidole_umbonata,1
Jaluit,Hymenoptera,Formicidae,Pheidole_umbonata,1
Kapingamarangi,Hymenoptera,Formicidae,Pheidole_umbonata,1
Kwajalein,Hymenoptera,Formicidae,Pheidole_umbonata,1
Majuro,Hymenoptera,Formicidae,Pheidole_umbonata,1
Mokil,Hymenoptera,Formicidae,Pheidole_umbonata,1
Nukunonu,Hymenoptera,Formicidae,Pheidole_umbonata,1
Pingelap,Hymenoptera,Formicidae,Pheidole_umbonata,1
Ulithi,Hymenoptera,Formicidae,Pheidole_umbonata,1
Aldabra,Hymenoptera,Formicidae,Pheidole_voeltzkowii,1
South_Keeling,Hymenoptera,Formicidae,Pheidole_sp,1
Farquhar,Hymenoptera,Formicidae,Plagiolepis_alluaudi,1
Johnston,Hymenoptera,Formicidae,Plagiolepis_alluaudi,1
Laysan,Hymenoptera,Formicidae,Plagiolepis_alluaudi,1
Midway,Hymenoptera,Formicidae,Plagiolepis_alluaudi,1
Aldabra,Hymenoptera,Formicidae,Plagiolepis_madecassa,1
South_Keeling,Hymenoptera,Formicidae,Platythyrea_parallela,1
Rose,Hymenoptera,Formicidae,Ponera_swezeyi,1
Takapoto,Hymenoptera,Formicidae,Ponera_sp,1
Funafuti,Hymenoptera,Formicidae,Prenolepis_vividula,1
Ant,Hymenoptera,Formicidae,Pristomyrmex_minusculus,1
South_Keeling,Hymenoptera,Formicidae,Pyramica_emmae,1
Anaa,Hymenoptera,Formicidae,Solenopsis_geminata,1
Funafuti,Hymenoptera,Formicidae,Solenopsis_geminata,1
Johnston,Hymenoptera,Formicidae,Solenopsis_geminata,1
Kwajalein,Hymenoptera,Formicidae,Solenopsis_geminata,1
Majuro,Hymenoptera,Formicidae,Solenopsis_geminata,1
Midway,Hymenoptera,Formicidae,Solenopsis_geminata,1
Niau,Hymenoptera,Formicidae,Solenopsis_geminata,1
Rangiroa,Hymenoptera,Formicidae,Solenopsis_geminata,1
South_Keeling,Hymenoptera,Formicidae,Solenopsis_geminata,1
Takapoto,Hymenoptera,Formicidae,Solenopsis_geminata,1
Wake,Hymenoptera,Formicidae,Solenopsis_geminata,1
Arno,Hymenoptera,Formicidae,Strumigenys_godeffroyi,1
Nukunonu,Hymenoptera,Formicidae,Strumigenys_godeffroyi,1
South_Keeling,Hymenoptera,Formicidae,Strumigenys_godeffroyi,1
Palmyra,Hymenoptera,Formicidae,Strumigenys_rogeri,1
Rose,Hymenoptera,Formicidae,Strumigenys_rogeri,1
Abariringa,Hymenoptera,Formicidae,Tapinoma_melanocephalum,1
Arno,Hymenoptera,Formicidae,Tapinoma_melanocephalum,1
Clipperton,Hymenoptera,Formicidae,Tapinoma_melanocephalum,1
Eniwetok,Hymenoptera,Formicidae,Tapinoma_melanocephalum,1
Johnston,Hymenoptera,Formicidae,Tapinoma_melanocephalum,1
Kapingamarangi,Hymenoptera,Formicidae,Tapinoma_melanocephalum,1
Kavaratti,Hymenoptera,Formicidae,Tapinoma_melanocephalum,1
Kure,Hymenoptera,Formicidae,Tapinoma_melanocephalum,1
Kwajalein,Hymenoptera,Formicidae,Tapinoma_melanocephalum,1
Laysan,Hymenoptera,Formicidae,Tapinoma_melanocephalum,1
Midway,Hymenoptera,Formicidae,Tapinoma_melanocephalum,1
Niau,Hymenoptera,Formicidae,Tapinoma_melanocephalum,1
Nukunonu,Hymenoptera,Formicidae,Tapinoma_melanocephalum,1
Palmyra,Hymenoptera,Formicidae,Tapinoma_melanocephalum,1
Pingelap,Hymenoptera,Formicidae,Tapinoma_melanocephalum,1
South_Keeling,Hymenoptera,Formicidae,Tapinoma_melanocephalum,1
Wake,Hymenoptera,Formicidae,Tapinoma_melanocephalum,1
Arno,Hymenoptera,Formicidae,Tapinoma_minutum,1
Jaluit,Hymenoptera,Formicidae,Tapinoma_minutum,1
Kwajalein,Hymenoptera,Formicidae,Tapinoma_minutum,1
Majuro,Hymenoptera,Formicidae,Tapinoma_minutum,1
Mokil,Hymenoptera,Formicidae,Tapinoma_minutum,1
Ngcheangel,Hymenoptera,Formicidae,Tapinoma_minutum,1
Nukunonu,Hymenoptera,Formicidae,Tapinoma_minutum,1
Pingelap,Hymenoptera,Formicidae,Tapinoma_minutum,1
Sorol,Hymenoptera,Formicidae,Tapinoma_minutum,1
Ulithi,Hymenoptera,Formicidae,Tapinoma_minutum,1
Diego_Garcia,Hymenoptera,Formicidae,Tapinoma_sp,1
Ngcheangel,Hymenoptera,Formicidae,Tapinoma_sp,1
Ngcheangel,Hymenoptera,Formicidae,Technomyrmex_kraepelini,1
Diego_Garcia,Hymenoptera,Formicidae,Technomyrmex_vitiensis,1
Farquhar,Hymenoptera,Formicidae,Technomyrmex_vitiensis,1
Ngcheangel,Hymenoptera,Formicidae,Technomyrmex_vitiensis,1
Nomwin,Hymenoptera,Formicidae,Technomyrmex_vitiensis,1
South_Keeling,Hymenoptera,Formicidae,Technomyrmex_vitiensis,1
Takapoto,Hymenoptera,Formicidae,Technomyrmex_vitiensis,1
Ulithi,Hymenoptera,Formicidae,Technomyrmex_vitiensis,1
Abariringa,Hymenoptera,Formicidae,Tetramorium_bicarinatum,1
Arno,Hymenoptera,Formicidae,Tetramorium_bicarinatum,1
Cosmoledo,Hymenoptera,Formicidae,Tetramorium_bicarinatum,1
Funafuti,Hymenoptera,Formicidae,Tetramorium_bicarinatum,1
Jaluit,Hymenoptera,Formicidae,Tetramorium_bicarinatum,1
Johnston,Hymenoptera,Formicidae,Tetramorium_bicarinatum,1
Kapingamarangi,Hymenoptera,Formicidae,Tetramorium_bicarinatum,1
Kwajalein,Hymenoptera,Formicidae,Tetramorium_bicarinatum,1
Laysan,Hymenoptera,Formicidae,Tetramorium_bicarinatum,1
Majuro,Hymenoptera,Formicidae,Tetramorium_bicarinatum,1
Midway,Hymenoptera,Formicidae,Tetramorium_bicarinatum,1
Ngcheangel,Hymenoptera,Formicidae,Tetramorium_bicarinatum,1
Niau,Hymenoptera,Formicidae,Tetramorium_bicarinatum,1
Nomwin,Hymenoptera,Formicidae,Tetramorium_bicarinatum,1
Nukunonu,Hymenoptera,Formicidae,Tetramorium_bicarinatum,1
Palmyra,Hymenoptera,Formicidae,Tetramorium_bicarinatum,1
Pingelap,Hymenoptera,Formicidae,Tetramorium_bicarinatum,1
Rose,Hymenoptera,Formicidae,Tetramorium_bicarinatum,1
South_Keeling,Hymenoptera,Formicidae,Tetramorium_bicarinatum,1
Ujelang,Hymenoptera,Formicidae,Tetramorium_bicarinatum,1
Ulithi,Hymenoptera,Formicidae,Tetramorium_bicarinatum,1
Wake,Hymenoptera,Formicidae,Tetramorium_bicarinatum,1
Clipperton,Hymenoptera,Formicidae,Tetramorium_caldarium,1
Funafuti,Hymenoptera,Formicidae,Tetramorium_caldarium,1
Clipperton,Hymenoptera,Formicidae,Tetramorium_lanuginosum,1
Nukunonu,Hymenoptera,Formicidae,Tetramorium_lanuginosum,1
South_Keeling,Hymenoptera,Formicidae,Tetramorium_lanuginosum,1
Tabuaeran,Hymenoptera,Formicidae,Tetramorium_lanuginosum,1
Ulithi,Hymenoptera,Formicidae,Tetramorium_lanuginosum,1
Abariringa,Hymenoptera,Formicidae,Tetramorium_guineense,1
French_Frigate_Shoals,Hymenoptera,Formicidae,Tetramorium_guineense,1
Johnston,Hymenoptera,Formicidae,Tetramorium_guineense,1
Kure,Hymenoptera,Formicidae,Tetramorium_guineense,1
Kwajalein,Hymenoptera,Formicidae,Tetramorium_guineense,1
Pearl_and_Hermes,Hymenoptera,Formicidae,Tetramorium_guineense,1
Ant,Hymenoptera,Formicidae,Tetramorium_pacificum,1
Aldabra,Hymenoptera,Formicidae,Tetramorium_quadrispinosum,1
Cosmoledo,Hymenoptera,Formicidae,Tetramorium_quadrispinosum,1
Abariringa,Hymenoptera,Formicidae,Tetramorium_simillimum,1
Aldabra,Hymenoptera,Formicidae,Tetramorium_simillimum,1
Ant,Hymenoptera,Formicidae,Tetramorium_simillimum,1
Clipperton,Hymenoptera,Formicidae,Tetramorium_simillimum,1
Funafuti,Hymenoptera,Formicidae,Tetramorium_simillimum,1
Jaluit,Hymenoptera,Formicidae,Tetramorium_simillimum,1
Johnston,Hymenoptera,Formicidae,Tetramorium_simillimum,1
Kwajalein,Hymenoptera,Formicidae,Tetramorium_simillimum,1
Laysan,Hymenoptera,Formicidae,Tetramorium_simillimum,1
Midway,Hymenoptera,Formicidae,Tetramorium_simillimum,1
Nukunonu,Hymenoptera,Formicidae,Tetramorium_simillimum,1
Rose,Hymenoptera,Formicidae,Tetramorium_simillimum,1
South_Keeling,Hymenoptera,Formicidae,Tetramorium_simillimum,1
Clipperton,Hymenoptera,Formicidae,Tetramorium_smithi,1
Jaluit,Hymenoptera,Formicidae,Tetramorium_smithi,1
Ant,Hymenoptera,Formicidae,Tetramorium_tonganum,1
French_Frigate_Shoals,Hymenoptera,Formicidae,Tetramorium_tonganum,1
Kure,Hymenoptera,Formicidae,Tetramorium_tonganum,1
Nukunonu,Hymenoptera,Formicidae,Tetramorium_tonganum,1
Ulithi,Hymenoptera,Formicidae,Tetramorium_tonganum,1
Arno,Hymenoptera,Formicidae,Vollenhovia_oblonga,1
Jaluit,Hymenoptera,Formicidae,Vollenhovia_oblonga,1
Kapingamarangi,Hymenoptera,Formicidae,Vollenhovia_oblonga,1
Kure,Hymenoptera,Figitidae,Cothonaspis_pacifica,1
Wake,Hymenoptera,Figitidae,Cothonaspis_pacifica,1
Midway,Hymenoptera,Figitidae,Eucuoilidea_micromorpha,1
Arno,Hymenoptera,Figitidae,Ganaspis_xanthopoda,1
Palmyra,Hymenoptera,Figitidae,Kleidotoma_sp,1
Jaluit,Hymenoptera,Figitidae,Leptopilina_rugipunctata,1
Wake,Hymenoptera,Figitidae,Leptopilina_rugipunctata,1
Arno,Hymenoptera,Figitidae,Pseudeucoila_aequorea,1
Jaluit,Hymenoptera,Figitidae,Pseudeucoila_gressitti,1
Laysan,Hymenoptera,Figitidae,Pseudeucoila_hydrophila,1
Aldabra,Hymenoptera,Halictidae,Ceylalictus_aldabranus,1
Glorioso,Hymenoptera,Halictidae,Ceylalictus_muiri,1
Glorioso,Hymenoptera,Halictidae,Lasioglossum_emirnense,1
Aldabra,Hymenoptera,Halictidae,Lasioglossum_europense,1
Glorioso,Hymenoptera,Halictidae,Lasioglossum_europense,1
Aldabra,Hymenoptera,Halictidae,Lasioglossum_nicolli,1
Cosmoledo,Hymenoptera,Halictidae,Lasioglossum_nicolli,1
Glorioso,Hymenoptera,Halictidae,Lasioglossum_nicolli,1
Ulithi,Hymenoptera,Halictidae,Lasioglossum_yapense,1
Midway,Hymenoptera,Ichneumonidae,Anomalum_californicum,1
Midway,Hymenoptera,Ichneumonidae,Casinaria_infesta,1
Kure,Hymenoptera,Ichneumonidae,Diplazon_laetatorius,1
Midway,Hymenoptera,Ichneumonidae,Diplazon_laetatorius,1
Eniwetok,Hymenoptera,Ichneumonidae,Echthomorpha_agrestoria,1
Jaluit,Hymenoptera,Ichneumonidae,Echthomorpha_agrestoria,1
Ngcheangel,Hymenoptera,Ichneumonidae,Echthomorpha_agrestoria,1
Onotoa,Hymenoptera,Ichneumonidae,Echthomorpha_agrestoria,1
Wotho,Hymenoptera,Ichneumonidae,Echthomorpha_agrestoria,1
Aldabra,Hymenoptera,Ichneumonidae,Enicospilus_sp,1
Diego_Garcia,Hymenoptera,Ichneumonidae,Enicospilus_sp,1
Ulithi,Hymenoptera,Ichneumonidae,Netelia_latro,1
Ulithi,Hymenoptera,Ichneumonidae,Trathala_flavoorbitalis,1
Midway,Hymenoptera,Ichneumonidae,Venturia_canescens,1
Kure,Hymenoptera,Ichneumonidae,Venturia_sp,1
Johnston,Hymenoptera,Masaridae,Chrysis_angolensis,1
Diego_Garcia,Hymenoptera,Megachilidae,Chalicodoma_sp,1
Aldabra,Hymenoptera,Megachilidae,Heriades_aldabranus,1
Bikini,Hymenoptera,Megachilidae,Megachile_diligens,1
Eniwetok,Hymenoptera,Megachilidae,Megachile_diligens,1
Funafuti,Hymenoptera,Megachilidae,Megachile_diligens,1
Kwajalein,Hymenoptera,Megachilidae,Megachile_diligens,1
Nukunonu,Hymenoptera,Megachilidae,Megachile_diligens,1
Eniwetok,Hymenoptera,Megachilidae,Megachile_fullawayi,1
Jaluit,Hymenoptera,Megachilidae,Megachile_fullawayi,1
Johnston,Hymenoptera,Megachilidae,Megachile_fullawayi,1
Kapingamarangi,Hymenoptera,Megachilidae,Megachile_fullawayi,1
Kiritimati,Hymenoptera,Megachilidae,Megachile_fullawayi,1
Kwajalein,Hymenoptera,Megachilidae,Megachile_fullawayi,1
Majuro,Hymenoptera,Megachilidae,Megachile_fullawayi,1
Midway,Hymenoptera,Megachilidae,Megachile_fullawayi,1
Palmyra,Hymenoptera,Megachilidae,Megachile_fullawayi,1
Aldabra,Hymenoptera,Megachilidae,Megachile_seychellensis,1
Farquhar,Hymenoptera,Megachilidae,Megachile_seychellensis,1
Midway,Hymenoptera,Megachilidae,Megachile_timberlakei,1
Kwajalein,Hymenoptera,Megachilidae,Megachile_umbripennis,1
Midway,Hymenoptera,Megachilidae,Megachile_umbripennis,1
Arno,Hymenoptera,Megachilidae,Megachile_sp,1
Diego_Garcia,Hymenoptera,Megachilidae,Megachile_sp,1
Palmyra,Hymenoptera,Megachilidae,Megachile_sp,1
Rangiroa,Hymenoptera,Megachilidae,Megachile_sp,1
Midway,Hymenoptera,Mymaridae,Anagrus_frequens,1
Midway,Hymenoptera,Mymaridae,Anagrus_nigriventris,1
Midway,Hymenoptera,Mymaridae,Anaphes_calendrae,1
Midway,Hymenoptera,Mymaridae,Camptoptera_sp,1
Midway,Hymenoptera,Mymaridae,Gonatocerus_ornatus,1
Midway,Hymenoptera,Mymaridae,Gonatocerus_cf_litoralis,1
Midway,Hymenoptera,Mymaridae,Gonatocerus_cf_membraciphagus,1
Kure,Hymenoptera,Mymaridae,Stephanodes_reduvioli,1
Laysan,Hymenoptera,Mymaridae,Stephanodes_reduvioli,1
Midway,Hymenoptera,Mymaridae,Stephanodes_reduvioli,1
Kure,Hymenoptera,Mymaridae,Stephanodes_cf_similis,1
Midway,Hymenoptera,Platygastridae,Fidiobia_sp,1
Midway,Hymenoptera,Pteromalidae,Chlorocytus_polichna,1
Midway,Hymenoptera,Pteromalidae,Halticoptera_circulus,1
Midway,Hymenoptera,Pteromalidae,Heteroschema_sp,1
Midway,Hymenoptera,Pteromalidae,Lariophagus_texanus,1
Kwajalein,Hymenoptera,Pteromalidae,Moranila_californica,1
Wake,Hymenoptera,Pteromalidae,Moranila_californica,1
Midway,Hymenoptera,Pteromalidae,Spalangia_cameroni,1
Laysan,Hymenoptera,Pteromalidae,Spalangia_drosophilae,1
South_Keeling,Hymenoptera,Pteromalidae,Theocolax_elegans,1
Midway,Hymenoptera,Scelionidae,Anteromorpha_dubiosa,1
Midway,Hymenoptera,Scelionidae,Encyrtoscelio_sp,1
Midway,Hymenoptera,Scelionidae,Idris_peregrinus,1
Nukunonu,Hymenoptera,Scelionidae,Macroteleia_sp,1
Abariringa,Hymenoptera,Scelionidae,Telenomus_nawai,1
Midway,Hymenoptera,Scelionidae,Telenomus_nawai,1
Laysan,Hymenoptera,Scelionidae,Telenomus_vulcanus,1
Midway,Hymenoptera,Scelionidae,Telenomus_vulcanus,1
Kwajalein,Hymenoptera,Scelionidae,Telenomus_sp,1
Midway,Hymenoptera,Scelionidae,Telenomus_sp,1
Astove,Hymenoptera,Scoliidae,Campsomeriella_caelebs,1
Glorioso,Hymenoptera,Scoliidae,Campsomeriella_caelebs,1
Astove,Hymenoptera,Scoliidae,Micromeriella_pilosella,1
Aldabra,Hymenoptera,Scoliidae,Scolia_carnifex,1
Astove,Hymenoptera,Scoliidae,Scolia_carnifex,1
Cosmoledo,Hymenoptera,Scoliidae,Scolia_carnifex,1
Diego_Garcia,Hymenoptera,Scoliidae,Scolia_ruficornis,1
Midway,Hymenoptera,Signiphoridae,Signiphora_sp,1
Eniwetok,Hymenoptera,Sphecidae,Chalybion_bengalense,1
Johnston,Hymenoptera,Sphecidae,Chalybion_bengalense,1
Kwajalein,Hymenoptera,Sphecidae,Chalybion_bengalense,1
Midway,Hymenoptera,Sphecidae,Chalybion_bengalense,1
Diego_Garcia,Hymenoptera,Sphecidae,Chalybion_sp,1
Midway,Hymenoptera,Sphecidae,Isodontia_apicalis,1
Midway,Hymenoptera,Sphecidae,Isodontia_mexicana,1
Aldabra,Hymenoptera,Sphecidae,Podalonia_canescens,1
Astove,Hymenoptera,Sphecidae,Podalonia_canescens,1
Cosmoledo,Hymenoptera,Sphecidae,Podalonia_canescens,1
Cosmoledo,Hymenoptera,Sphecidae,Podalonia_capensis,1
Astove,Hymenoptera,Sphecidae,Prionyx_crudelis,1
Abariringa,Hymenoptera,Sphecidae,Sceliphron_caementarium,1
Kiritimati,Hymenoptera,Sphecidae,Sceliphron_caementarium,1
Kwajalein,Hymenoptera,Sphecidae,Sceliphron_caementarium,1
Midway,Hymenoptera,Sphecidae,Sceliphron_caementarium,1
Palmyra,Hymenoptera,Sphecidae,Sceliphron_caementarium,1
Takapoto,Hymenoptera,Sphecidae,Sceliphron_caementarium,1
Diego_Garcia,Hymenoptera,Sphecidae,Sphex_sericeus,1
Aldabra,Hymenoptera,Sphecidae,Sphex_torridus,1
Astove,Hymenoptera,Sphecidae,Sphex_torridus,1
Cosmoledo,Hymenoptera,Sphecidae,Sphex_torridus,1
Glorioso,Hymenoptera,Sphecidae,Sphex_torridus,1
Glorioso,Hymenoptera,Tiphiidae,Mesa_hova,1
Wake,Hymenoptera,Trichogrammatidae,Aphelinoidea_oceanica,1
Ulithi,Hymenoptera,Trichogrammatidae,Oligosita_hilaris,1
Midway,Hymenoptera,Trichogrammatidae,Oligosita_sp,1
Midway,Hymenoptera,Trichogrammatidae,Trichogramma_sp,1
Midway,Hymenoptera,Trichogrammatidae,Uscana_sp,1
Glorioso,Hymenoptera,Vespidae,Eumenes_alluaudi,1
Eniwetok,Hymenoptera,Vespidae,Ropalidia_marginata,1
Kwajalein,Hymenoptera,Vespidae,Ropalidia_marginata,1
Midway,Hymenoptera,Vespidae,Ropalidia_marginata,1
Diego_Garcia,Hymenoptera,Vespidae,Ropalidia_sp,1
Glorioso,Neuroptera,Berothidae,Acroberotha_sp,1
Glorioso,Neuroptera,Chrysopidae,Chrysopa_sp,1
Kure,Neuroptera,Chrysopidae,Chrysopa_sp,1
Kure,Neuroptera,Chrysopidae,Chrysoperla_carnea,1
Laysan,Neuroptera,Chrysopidae,Chrysoperla_carnea,1
Pearl_and_Hermes,Neuroptera,Chrysopidae,Chrysoperla_carnea,1
Midway,Neuroptera,Chrysopidae,Chrysoperla_comanche,1
Nukunonu,Neuroptera,Chrysopidae,Mallada_basalis,1
Onotoa,Neuroptera,Chrysopidae,Mallada_basalis,1
Diego_Garcia,Neuroptera,Chrysopidae,Mallada_boninensis,1
Sorol,Neuroptera,Chrysopidae,Plesiochrysa_remota,1
Eniwetok,Neuroptera,Chrysopidae,Plesiochrysa_ramburi,1
Jaluit,Neuroptera,Chrysopidae,Plesiochrysa_ramburi,1
Kapingamarangi,Neuroptera,Chrysopidae,Plesiochrysa_ramburi,1
Kwajalein,Neuroptera,Chrysopidae,Plesiochrysa_ramburi,1
Lae,Neuroptera,Chrysopidae,Plesiochrysa_ramburi,1
Likiep,Neuroptera,Chrysopidae,Plesiochrysa_ramburi,1
Nomwin,Neuroptera,Chrysopidae,Plesiochrysa_ramburi,1
Onotoa,Neuroptera,Chrysopidae,Plesiochrysa_ramburi,1
Ulithi,Neuroptera,Chrysopidae,Plesiochrysa_ramburi,1
Glorioso,Neuroptera,Coniopterygidae,Nimboa_pauliani,1
South_Keeling,Neuroptera,Hemerobiidae,Hemerobius_sp,1
Pingelap,Neuroptera,Hemerobiidae,Micromus_timidus,1
Ulithi,Neuroptera,Hemerobiidae,Micromus_timidus,1
Johnston,Neuroptera,Hemerobiidae,Sympherobius_barberi,1
Kiritimati,Neuroptera,Hemerobiidae,Sympherobius_barberi,1
Kure,Neuroptera,Hemerobiidae,Sympherobius_barberi,1
Midway,Neuroptera,Hemerobiidae,Sympherobius_barberi,1
Aldabra,Neuroptera,Myrmeleontidae,Creoleon_mortifer,1
Aldabra,Neuroptera,Myrmeleontidae,Myrmeleon_obscurus,1
Farquhar,Neuroptera,Myrmeleontidae,Myrmeleon_obscurus,1
Aldabra,Neuroptera,Myrmeleontidae,Syngenes_maritimus,1
Diego_Garcia,Coleoptera,Aderidae,Aderus_sp,1
Johnston,Coleoptera,Anobiidae,Lasioderma_serricorne,1
Kwajalein,Coleoptera,Anobiidae,Lasioderma_serricorne,1
Midway,Coleoptera,Anobiidae,Lasioderma_serricorne,1
Wake,Coleoptera,Anobiidae,Lasioderma_serricorne,1
Majuro,Coleoptera,Anthicidae,Anthicus_insularis,1
Abariringa,Coleoptera,Anthicidae,Anthicus_vexator,1
Bikar,Coleoptera,Anthicidae,Anthicus_vexator,1
Eniwetok,Coleoptera,Anthicidae,Anthicus_vexator,1
Kwajalein,Coleoptera,Anthicidae,Anthicus_vexator,1
Majuro,Coleoptera,Anthicidae,Anthicus_vexator,1
Onotoa,Coleoptera,Anthicidae,Anthicus_vexator,1
Pokak,Coleoptera,Anthicidae,Anthicus_vexator,1
Wake,Coleoptera,Anthicidae,Anthicus_vexator,1
Wotho,Coleoptera,Anthicidae,Anthicus_vexator,1
Diego_Garcia,Coleoptera,Anthicidae,Anthicus_sp,1
Ngcheangel,Coleoptera,Anthicidae,Mirosternus_gressitti,1
Nomwin,Coleoptera,Anthicidae,Mirosternus_gressitti,1
Kavaratti,Coleoptera,Anthicidae,Notoxus_sp,1
Abariringa,Coleoptera,Anthicidae,Sapintus_oceanicus,1
Arno,Coleoptera,Anthicidae,Sapintus_oceanicus,1
Jaluit,Coleoptera,Anthicidae,Sapintus_oceanicus,1
Kwajalein,Coleoptera,Anthicidae,Sapintus_oceanicus,1
Onotoa,Coleoptera,Anthicidae,Sapintus_oceanicus,1
South_Keeling,Coleoptera,Anthicidae,Sapintus_oceanicus,1
Ulithi,Coleoptera,Anthicidae,Sapintus_oceanicus,1
Utirik,Coleoptera,Anthicidae,Sapintus_oceanicus,1
Wotho,Coleoptera,Anthicidae,Sapintus_oceanicus,1
Midway,Coleoptera,Anthicidae,Stricticollis_tobias,1
Kure,Coleoptera,Anthribidae,Araecerus_fasciculatus,1
Laysan,Coleoptera,Anthribidae,Araecerus_fasciculatus,1
Midway,Coleoptera,Anthribidae,Araecerus_fasciculatus,1
Pearl_and_Hermes,Coleoptera,Anthribidae,Araecerus_fasciculatus,1
South_Keeling,Coleoptera,Anthribidae,Araecerus_fasciculatus,1
Midway,Coleoptera,Anthribidae,Araecerus_levipennis,1
Abariringa,Coleoptera,Anthribidae,Araecerus_vieillardi,1
Oeno,Coleoptera,Anthribidae,Araecerus_vieillardi,1
Palmyra,Coleoptera,Anthribidae,Araecerus_vieillardi,1
Kwajalein,Coleoptera,Anthribidae,Araecerus_sp,1
South_Keeling,Coleoptera,Anthribidae,Araecerus_sp,1
Midway,Coleoptera,Anthribidae,Exillis_lepidus,1
Palmyra,Coleoptera,Anthribidae,Mauia_subnotata,1
Takapoto,Coleoptera,Anthribidae,Mauia_subnotata,1
Aldabra,Coleoptera,Anthribidae,Phloeobius_pustulosus,1
Arno,Coleoptera,Aphodiidae,Airapus_interstitialis,1
Arno,Coleoptera,Aphodiidae,Ataenius_liogaster,1
Arno,Coleoptera,Aphodiidae,Ataenius_peregrinator,1
Kwajalein,Coleoptera,Aphodiidae,Neotrichiorhyssemus_esakii,1
Kure,Coleoptera,Aphodiidae,Platytomus_micros,1
Laysan,Coleoptera,Aphodiidae,Platytomus_parvulus,1
Clipperton,Coleoptera,Aphodiidae,Platytomus_sp,1
Abariringa,Coleoptera,Aphodiidae,Pleurophorus_parvulus,1
Laysan,Coleoptera,Aphodiidae,Pleurophorus_parvulus,1
Midway,Coleoptera,Aphodiidae,Pleurophorus_parvulus,1
South_Keeling,Coleoptera,Aphodiidae,Rhyssemus_insictus,1
Kwajalein,Coleoptera,Aphodiidae,Rhyssemus_sp,1
Abariringa,Coleoptera,Aphodiidae,Saprosites_pygmaeus,1
Arno,Coleoptera,Aphodiidae,Saprosites_pygmaeus,1
Kure,Coleoptera,Aphodiidae,Saprosites_pygmaeus,1
Palmyra,Coleoptera,Aphodiidae,Saprosites_pygmaeus,1
Ulithi,Coleoptera,Aphodiidae,Saprosites_pygmaeus,1
Kure,Coleoptera,Aphodiidae,Saprosites_sp,1
Kwajalein,Coleoptera,Aphodiidae,Trichiorhyssemus_sp,1
Johnston,Coleoptera,Bostrichidae,Amphicerus_cornutus,1
Wake,Coleoptera,Bostrichidae,Amphicerus_cornutus,1
Aldabra,Coleoptera,Bostrichidae,Apate_congener,1
Kwajalein,Coleoptera,Bostrichidae,Dinoderus_bifoveolatus,1
Ngcheangel,Coleoptera,Bostrichidae,Dinoderus_minutus,1
Midway,Coleoptera,Bostrichidae,Heterobostrychus_aequalis,1
Diego_Garcia,Coleoptera,Bostrichidae,Lyctus_brunneus,1
Midway,Coleoptera,Bostrichidae,Lyctus_brunneus,1
Takapoto,Coleoptera,Bostrichidae,Lyctus_brunneus,1
South_Keeling,Coleoptera,Bostrichidae,Minthea_rugicollis,1
South_Keeling,Coleoptera,Bostrichidae,Rhyzopertha_dominica,1
Aldabra,Coleoptera,Bostrichidae,Sinoxylon_unidentatum,1
Ant,Coleoptera,Bostrichidae,Xylothrips_religiosus,1
Takapoto,Coleoptera,Bostrichidae,Xylothrips_religiosus,1
Aldabra,Coleoptera,Bothrideridae,Bothrideres_fryeri,1
Diego_Garcia,Coleoptera,Brentidae,Cylas_formicarius,1
Majuro,Coleoptera,Brentidae,Cylas_formicarius,1
South_Keeling,Coleoptera,Brentidae,Cylas_formicarius,1
South_Keeling,Coleoptera,Buprestidae,Agrilus_occipitalis,1
Aldabra,Coleoptera,Buprestidae,Aldabrica_fryeri,1
South_Keeling,Coleoptera,Buprestidae,Chrysodema_simplex,1
Aldabra,Coleoptera,Buprestidae,Sponsor_pilosellus,1
Kapingamarangi,Coleoptera,Cantharidae,Caccodes_marquesanus,1
Aldabra,Coleoptera,Carabidae,Abacetus_gondati,1
Aldabra,Coleoptera,Carabidae,Acupalpus_alluaudi,1
Aldabra,Coleoptera,Carabidae,Chlaenius_allacteus,1
Aldabra,Coleoptera,Carabidae,Chlaenius_bisignatus,1
Clipperton,Coleoptera,Carabidae,Cicindela_trifasciata,1
Aldabra,Coleoptera,Carabidae,Elaphropus_ascendens,1
Aldabra,Coleoptera,Carabidae,Elaphropus_bibulus,1
Abariringa,Coleoptera,Carabidae,Elaphropus_ceylanicus,1
Arno,Coleoptera,Carabidae,Elaphropus_yunax,1
Jaluit,Coleoptera,Carabidae,Elaphropus_yunax,1
Onotoa,Coleoptera,Carabidae,Elaphropus_yunax,1
Ulithi,Coleoptera,Carabidae,Endynomena_pradieri,1
Aldabra,Coleoptera,Carabidae,Liagonum_fulvipes,1
Aldabra,Coleoptera,Carabidae,Myriochila_perplexa,1
Aldabra,Coleoptera,Carabidae,Myriochlia_trilunaris,1
Farquhar,Coleoptera,Carabidae,Myriochlia_trilunaris,1
Aldabra,Coleoptera,Carabidae,Pachycallida_rufoplagiata,1
Kapingamarangi,Coleoptera,Carabidae,Perigona_nigriceps,1
Aldabra,Coleoptera,Carabidae,Pheropsophus_humeralis,1
Aldabra,Coleoptera,Carabidae,Platymetopus_interpunctatus,1
Cosmoledo,Coleoptera,Carabidae,Platymetopus_interpunctatus,1
Ulithi,Coleoptera,Carabidae,Rhyzodiastes_polinosus,1
Kwajalein,Coleoptera,Carabidae,Selenophorus_sp,1
Aldabra,Coleoptera,Carabidae,Siopelus_pavoninus,1
Farquhar,Coleoptera,Carabidae,Siopelus_pavoninus,1
Aldabra,Coleoptera,Carabidae,Siopelus_pulchellus,1
Cosmoledo,Coleoptera,Carabidae,Siopelus_pulchellus,1
Farquhar,Coleoptera,Carabidae,Siopelus_pulchellus,1
Aldabra,Coleoptera,Carabidae,Stenolophus_laticollis,1
Arno,Coleoptera,Carabidae,Stenolophus_smaragdulus,1
Eniwetok,Coleoptera,Carabidae,Stenolophus_smaragdulus,1
Jaluit,Coleoptera,Carabidae,Stenolophus_smaragdulus,1
Kwajalein,Coleoptera,Carabidae,Stenolophus_smaragdulus,1
Majuro,Coleoptera,Carabidae,Stenolophus_smaragdulus,1
Ulithi,Coleoptera,Carabidae,Stenolophus_smaragdulus,1
Aldabra,Coleoptera,Carabidae,Stenolophus_trivittis,1
Aldabra,Coleoptera,Carabidae,Tachys_brevicornis,1
Laysan,Coleoptera,Carabidae,Tachys_oahuensis,1
Arno,Coleoptera,Carabidae,Tachys_sexguttatus,1
Abariringa,Coleoptera,Carabidae,Tachys_sp,1
Aldabra,Coleoptera,Carabidae,Tetragonoderus_bilunatus,1
Farquhar,Coleoptera,Carabidae,Tetragonoderus_bilunatus,1
Ngcheangel,Coleoptera,Cerambycidae,Acalolepta_acanthocinoides,1
Kapingamarangi,Coleoptera,Cerambycidae,Acalolepta_fasciata,1
Nukunonu,Coleoptera,Cerambycidae,Acalolepta_fasciata,1
South_Keeling,Coleoptera,Cerambycidae,Acalolepta_nativitatis,1
Nomwin,Coleoptera,Cerambycidae,Caroliniella_aenescens,1
Kwajalein,Coleoptera,Cerambycidae,Ceresium_adamsi,1
South_Keeling,Coleoptera,Cerambycidae,Ceresium_flavipes,1
Arno,Coleoptera,Cerambycidae,Ceresium_robustum,1
Funafuti,Coleoptera,Cerambycidae,Ceresium_unicolor,1
Johnston,Coleoptera,Cerambycidae,Ceresium_unicolor,1
Majuro,Coleoptera,Cerambycidae,Ceresium_unicolor,1
Midway,Coleoptera,Cerambycidae,Ceresium_unicolor,1
Takapoto,Coleoptera,Cerambycidae,Ceresium_unicolor,1
Ulithi,Coleoptera,Cerambycidae,Ceresium_unicolor,1
South_Keeling,Coleoptera,Cerambycidae,Chlorophorus_annularis,1
Aldabra,Coleoptera,Cerambycidae,Coptops_aedificator,1
Diego_Garcia,Coleoptera,Cerambycidae,Coptops_aedificator,1
Aldabra,Coleoptera,Cerambycidae,Idobrium_femoratum,1
Aldabra,Coleoptera,Cerambycidae,Idobrium_voeltzkowii,1
Aldabra,Coleoptera,Cerambycidae,Iresioides_aldabrensis,1
Ailuk,Coleoptera,Cerambycidae,Longipalpus_guamensis,1
Takapoto,Coleoptera,Cerambycidae,Longipalpus_gynandropsidis,1
Kapingamarangi,Coleoptera,Cerambycidae,Miaenia_argentipleura,1
Ulithi,Coleoptera,Cerambycidae,Miaenia_atollorum,1
Etal,Coleoptera,Cerambycidae,Miaenia_aureopleura,1
Kwajalein,Coleoptera,Cerambycidae,Mycerinopsis_alternans,1
Midway,Coleoptera,Cerambycidae,Mycerinopsis_alternans,1
Ngcheangel,Coleoptera,Cerambycidae,Mycerinopsis_alternans,1
Rose,Coleoptera,Cerambycidae,Mycerinopsis_alternans,1
Ulithi,Coleoptera,Cerambycidae,Mycerinopsis_alternans,1
Kwajalein,Coleoptera,Cerambycidae,Mycerinopsis_ponapensis,1
Glorioso,Coleoptera,Cerambycidae,Olenecamptus_bilobus,1
Arno,Coleoptera,Cerambycidae,Oopsis_marshallensis,1
Jaluit,Coleoptera,Cerambycidae,Oopsis_marshallensis,1
Majuro,Coleoptera,Cerambycidae,Oopsis_marshallensis,1
Nukunonu,Coleoptera,Cerambycidae,Oopsis_nutator,1
Arno,Coleoptera,Cerambycidae,Paremeopedus_minimus,1
Ngcheangel,Coleoptera,Cerambycidae,Paremeopedus_minimus,1
Pingelap,Coleoptera,Cerambycidae,Paremeopedus_minimus,1
Wake,Coleoptera,Cerambycidae,Paremeopedus_wakensis,1
Laysan,Coleoptera,Cerambycidae,Placosternus_crinicornis,1
Eniwetok,Coleoptera,Cerambycidae,Rhytiphora_atlantica,1
Kwajalein,Coleoptera,Cerambycidae,Rhytiphora_atlantica,1
Ujelang,Coleoptera,Cerambycidae,Rhytiphora_atlantica,1
Aldabra,Coleoptera,Cerambycidae,Rhytiphora_dentata,1
Arno,Coleoptera,Cerambycidae,Rhytiphora_major,1
Kwajalein,Coleoptera,Cerambycidae,Rhytiphora_hibisci,1
Majuro,Coleoptera,Cerambycidae,Rhytiphora_hibisci,1
Utirik,Coleoptera,Cerambycidae,Rhytiphora_hibisci,1
Jaluit,Coleoptera,Cerambycidae,Rhytiphora_xyalopus,1
Ulithi,Coleoptera,Cerambycidae,Ropica_squamulosa,1
Takapoto,Coleoptera,Cerambycidae,Xystrocera_globosa,1
Midway,Coleoptera,Chrysomelidae,Acanthoscelides_macrophthalmus,1
Eniwetok,Coleoptera,Chrysomelidae,Aphthona_scutellata,1
Ulithi,Coleoptera,Chrysomelidae,Aphthona_scutellata,1
Sorol,Coleoptera,Chrysomelidae,Aphtona_nanyoensis,1
Aldabra,Coleoptera,Chrysomelidae,Aspidimorpha_apicalis,1
Kavaratti,Coleoptera,Chrysomelidae,Aulacophora_cincta,1
Ngcheangel,Coleoptera,Chrysomelidae,Aulacophora_indica,1
Ngcheangel,Coleoptera,Chrysomelidae,Aulacophora_marginalis,1
Aldabra,Coleoptera,Chrysomelidae,Bikasha_tenuipunctata,1
Arno,Coleoptera,Chrysomelidae,Brontispa_chalybeipennis,1
Jaluit,Coleoptera,Chrysomelidae,Brontispa_chalybeipennis,1
Kwajalein,Coleoptera,Chrysomelidae,Brontispa_chalybeipennis,1
Likiep,Coleoptera,Chrysomelidae,Brontispa_chalybeipennis,1
Majuro,Coleoptera,Chrysomelidae,Brontispa_chalybeipennis,1
Losap,Coleoptera,Chrysomelidae,Brontispa_mariana,1
Nomwin,Coleoptera,Chrysomelidae,Brontispa_mariana,1
Ulithi,Coleoptera,Chrysomelidae,Brontispa_mariana,1
South_Keeling,Coleoptera,Chrysomelidae,Callosobruchus_analis,1
Majuro,Coleoptera,Chrysomelidae,Cassida_circumdata,1
Majuro,Coleoptera,Chrysomelidae,Chaetocnema_confinis,1
Ngcheangel,Coleoptera,Chrysomelidae,Coenobius_glochidionis,1
Ngcheangel,Coleoptera,Chrysomelidae,Coenobius_macarangae,1
Diego_Garcia,Coleoptera,Chrysomelidae,Colasposoma_distinctum,1
Midway,Coleoptera,Chrysomelidae,Diachus_auratus,1
Aldabra,Coleoptera,Chrysomelidae,Keeta_aldabrana,1
Aldabra,Coleoptera,Chrysomelidae,Keeta_fryeri,1
Midway,Coleoptera,Chrysomelidae,Mimosestes_nubigens,1
Kwajalein,Coleoptera,Chrysomelidae,Pagria_signata,1
Aldabra,Coleoptera,Chrysomelidae,Rhyparidula_insularis,1
Aldabra,Coleoptera,Chrysomelidae,Spermophagus_convolvuli,1
Nomwin,Coleoptera,Chrysomelidae,Sphaeroderma_wedeliae,1
Satawan,Coleoptera,Chrysomelidae,Sphaeroderma_wedeliae,1
Midway,Coleoptera,Chrysomelidae,Stator_pruininus,1
Aldabra,Coleoptera,Ciidae,Cis_aldabranus,1
Midway,Coleoptera,Ciidae,Cis_sp,1
Takapoto,Coleoptera,Ciidae,Cis_sp,1
Aldabra,Coleoptera,Ciidae,Ceracis_cucullatus,1
Abariringa,Coleoptera,Cleridae,Necrobia_rufipes,1
Aldabra,Coleoptera,Cleridae,Necrobia_rufipes,1
Astove,Coleoptera,Cleridae,Necrobia_rufipes,1
Cosmoledo,Coleoptera,Cleridae,Necrobia_rufipes,1
Diego_Garcia,Coleoptera,Cleridae,Necrobia_rufipes,1
Laysan,Coleoptera,Cleridae,Necrobia_rufipes,1
Midway,Coleoptera,Cleridae,Necrobia_rufipes,1
Pearl_and_Hermes,Coleoptera,Cleridae,Necrobia_rufipes,1
South_Keeling,Coleoptera,Cleridae,Necrobia_rufipes,1
Takapoto,Coleoptera,Cleridae,Necrobia_rufipes,1
Aldabra,Coleoptera,Cleridae,Platyclerus_planatus,1
Cosmoledo,Coleoptera,Coccinellidae,Brumoides_suturalis,1
Diego_Garcia,Coleoptera,Coccinellidae,Cheilomenes_sexmaculata,1
Aldabra,Coleoptera,Coccinellidae,Cheilomenes_sulphurea,1
Cosmoledo,Coleoptera,Coccinellidae,Cheilomenes_sulphurea,1
Aldabra,Coleoptera,Coccinellidae,Chilocorus_nigritus,1
Diego_Garcia,Coleoptera,Coccinellidae,Chilocorus_nigritus,1
Kavaratti,Coleoptera,Coccinellidae,Chilocorus_subindicus,1
Arno,Coleoptera,Coccinellidae,Coccinella_repanda,1
Diego_Garcia,Coleoptera,Coccinellidae,Coccinella_repanda,1
Kwajalein,Coleoptera,Coccinellidae,Coccinella_repanda,1
Likiep,Coleoptera,Coccinellidae,Coccinella_repanda,1
Majuro,Coleoptera,Coccinellidae,Coccinella_repanda,1
Onotoa,Coleoptera,Coccinellidae,Coccinella_repanda,1
Ulithi,Coleoptera,Coccinellidae,Coccinella_repanda,1
Diego_Garcia,Coleoptera,Coccinellidae,Coccinella_transversalis,1
South_Keeling,Coleoptera,Coccinellidae,Coccinella_transversalis,1
Ailuk,Coleoptera,Coccinellidae,Coelophora_inaequalis,1
Arno,Coleoptera,Coccinellidae,Coelophora_inaequalis,1
Eniwetok,Coleoptera,Coccinellidae,Coelophora_inaequalis,1
Jaluit,Coleoptera,Coccinellidae,Coelophora_inaequalis,1
Johnston,Coleoptera,Coccinellidae,Coelophora_inaequalis,1
Kure,Coleoptera,Coccinellidae,Coelophora_inaequalis,1
Kwajalein,Coleoptera,Coccinellidae,Coelophora_inaequalis,1
Lae,Coleoptera,Coccinellidae,Coelophora_inaequalis,1
Majuro,Coleoptera,Coccinellidae,Coelophora_inaequalis,1
Midway,Coleoptera,Coccinellidae,Coelophora_inaequalis,1
Nukunonu,Coleoptera,Coccinellidae,Coelophora_inaequalis,1
Palmyra,Coleoptera,Coccinellidae,Coelophora_inaequalis,1
Ujae,Coleoptera,Coccinellidae,Coelophora_inaequalis,1
Ujelang,Coleoptera,Coccinellidae,Coelophora_inaequalis,1
Ulithi,Coleoptera,Coccinellidae,Coelophora_inaequalis,1
Wake,Coleoptera,Coccinellidae,Coelophora_inaequalis,1
Midway,Coleoptera,Coccinellidae,Cryptolaemus_montrouzieri,1
Midway,Coleoptera,Coccinellidae,Curinus_coeruleus,1
Laysan,Coleoptera,Coccinellidae,Diomus_debilis,1
Midway,Coleoptera,Coccinellidae,Diomus_debilis,1
Aldabra,Coleoptera,Coccinellidae,Exochomus_flavipes,1
Cosmoledo,Coleoptera,Coccinellidae,Exochomus_flavipes,1
Aldabra,Coleoptera,Coccinellidae,Exochomus_laeviusculus,1
Abariringa,Coleoptera,Coccinellidae,Harmonia_octomaculata,1
Arno,Coleoptera,Coccinellidae,Harmonia_octomaculata,1
Bikar,Coleoptera,Coccinellidae,Harmonia_octomaculata,1
Bikini,Coleoptera,Coccinellidae,Harmonia_octomaculata,1
Eniwetok,Coleoptera,Coccinellidae,Harmonia_octomaculata,1
Jaluit,Coleoptera,Coccinellidae,Harmonia_octomaculata,1
Kwajalein,Coleoptera,Coccinellidae,Harmonia_octomaculata,1
Majuro,Coleoptera,Coccinellidae,Harmonia_octomaculata,1
Pokak,Coleoptera,Coccinellidae,Harmonia_octomaculata,1
Rongelap,Coleoptera,Coccinellidae,Harmonia_octomaculata,1
Taka,Coleoptera,Coccinellidae,Harmonia_octomaculata,1
Ujae,Coleoptera,Coccinellidae,Harmonia_octomaculata,1
Ujelang,Coleoptera,Coccinellidae,Harmonia_octomaculata,1
Wotho,Coleoptera,Coccinellidae,Harmonia_octomaculata,1
Clipperton,Coleoptera,Coccinellidae,Hippodamia_convergens,1
Midway,Coleoptera,Coccinellidae,Nephus_bipunctatus,1
Eniwetok,Coleoptera,Coccinellidae,Nephus_roepkei,1
Jaluit,Coleoptera,Coccinellidae,Nephus_roepkei,1
Kwajalein,Coleoptera,Coccinellidae,Nephus_roepkei,1
Majuro,Coleoptera,Coccinellidae,Nephus_roepkei,1
Wake,Coleoptera,Coccinellidae,Nephus_roepkei,1
Majuro,Coleoptera,Coccinellidae,Novius_breviusculus,1
Johnston,Coleoptera,Coccinellidae,Olla_v-nigrum,1
Midway,Coleoptera,Coccinellidae,Olla_v-nigrum,1
Diego_Garcia,Coleoptera,Coccinellidae,Platynaspis_capicola,1
South_Keeling,Coleoptera,Coccinellidae,Pullus_arrowi,1
Midway,Coleoptera,Coccinellidae,Rhyzobius_forestieri,1
Midway,Coleoptera,Coccinellidae,Rhyzobius_lophantae,1
Palmyra,Coleoptera,Coccinellidae,Rhyzobius_lophantae,1
Rangiroa,Coleoptera,Coccinellidae,Rhyzobius_lophantae,1
South_Keeling,Coleoptera,Coccinellidae,Rhyzobius_lophantae,1
Kwajalein,Coleoptera,Coccinellidae,Rodolia_cardinalis,1
Majuro,Coleoptera,Coccinellidae,Rodolia_cardinalis,1
Midway,Coleoptera,Coccinellidae,Rodolia_cardinalis,1
Kwajalein,Coleoptera,Coccinellidae,Rodolia_pumila,1
Ngcheangel,Coleoptera,Coccinellidae,Rodolia_pumila,1
Nomwin,Coleoptera,Coccinellidae,Rodolia_pumila,1
Midway,Coleoptera,Coccinellidae,Scymnobius_bilucernarius,1
Midway,Coleoptera,Coccinellidae,Scymnodes_lividigaster,1
Laysan,Coleoptera,Coccinellidae,Scymnus_kinbergi,1
French_Frigate_Shoals,Coleoptera,Coccinellidae,Scymnus_loewii,1
Johnston,Coleoptera,Coccinellidae,Scymnus_loewii,1
Kure,Coleoptera,Coccinellidae,Scymnus_loewii,1
Laysan,Coleoptera,Coccinellidae,Scymnus_loewii,1
Pearl_and_Hermes,Coleoptera,Coccinellidae,Scymnus_loewii,1
Wake,Coleoptera,Coccinellidae,Scymnus_loewii,1
Johnston,Coleoptera,Coccinellidae,Scymnus_notescens,1
Kure,Coleoptera,Coccinellidae,Scymnus_notescens,1
Midway,Coleoptera,Coccinellidae,Scymnus_notescens,1
Palmyra,Coleoptera,Coccinellidae,Scymnus_notescens,1
Eniwetok,Coleoptera,Coccinellidae,Scymnus_nubilus,1
Kavaratti,Coleoptera,Coccinellidae,Scymnus_nubilus,1
Kwajalein,Coleoptera,Coccinellidae,Scymnus_nubilus,1
Wake,Coleoptera,Coccinellidae,Scymnus_nubilus,1
Nomwin,Coleoptera,Coccinellidae,Scymnus_trukensis,1
Jaluit,Coleoptera,Coccinellidae,Scymnus_uncinus,1
Diego_Garcia,Coleoptera,Coccinellidae,Scymnus_sp,1
Kwajalein,Coleoptera,Coccinellidae,Scymnus_sp,1
Kavaratti,Coleoptera,Coccinellidae,Serangium_parcesetosum,1
South_Keeling,Coleoptera,Coccinellidae,Sticholotis_rugicollis,1
Kwajalein,Coleoptera,Coccinellidae,Telsimia_nitida,1
Midway,Coleoptera,Coccinellidae,Telsimia_nitida,1
Kure,Coleoptera,Corylophidae,Sericoderus_minutus,1
Laysan,Coleoptera,Corylophidae,Sericoderus_minutus,1
Midway,Coleoptera,Corylophidae,Sericoderus_sp,1
South_Keeling,Coleoptera,Cryptophagidae,Paramecosoma_sp,1
Wake,Coleoptera,Curculionidae,Acalles_wilkesi,1
South_Keeling,Coleoptera,Curculionidae,Acalles_sp,1
Aldabra,Coleoptera,Curculionidae,Barianus_litoralis,1
Cosmoledo,Coleoptera,Curculionidae,Barianus_litoralis,1
Farquhar,Coleoptera,Curculionidae,Barianus_litoralis,1
Midway,Coleoptera,Curculionidae,Baridius_cf_aterrimus,1
Jaluit,Coleoptera,Curculionidae,Bostrichus_areccae,1
Aldabra,Coleoptera,Curculionidae,Brachycyrtus_minor,1
Aldabra,Coleoptera,Curculionidae,Cratopus_adspersus,1
Astove,Coleoptera,Curculionidae,Cratopus_adspersus,1
Cosmoledo,Coleoptera,Curculionidae,Cratopus_adspersus,1
Diego_Garcia,Coleoptera,Curculionidae,Cratopus_adspersus,1
Farquhar,Coleoptera,Curculionidae,Cratopus_adspersus,1
Glorioso,Coleoptera,Curculionidae,Cratopus_gloriosus,1
Aldabra,Coleoptera,Curculionidae,Cratopus_viridisparsus,1
Arno,Coleoptera,Curculionidae,Cryphalomorphus_nubilus,1
Eniwetok,Coleoptera,Curculionidae,Cryphalomorphus_nubilus,1
Kapingamarangi,Coleoptera,Curculionidae,Cryphalomorphus_nubilus,1
Likiep,Coleoptera,Curculionidae,Cryphalomorphus_nubilus,1
Aldabra,Coleoptera,Curculionidae,Cryptorrhynchus_erratus,1
Glorioso,Coleoptera,Curculionidae,Darianus_uniformis,1
Abariringa,Coleoptera,Curculionidae,Dryotribus_mimeticus,1
French_Frigate_Shoals,Coleoptera,Curculionidae,Dryotribus_mimeticus,1
Johnston,Coleoptera,Curculionidae,Dryotribus_mimeticus,1
Laysan,Coleoptera,Curculionidae,Dryotribus_mimeticus,1
Wake,Coleoptera,Curculionidae,Dryotribus_mimeticus,1
French_Frigate_Shoals,Coleoptera,Curculionidae,Dryotribus_wilderi,1
Kure,Coleoptera,Curculionidae,Dryotribus_wilderi,1
Laysan,Coleoptera,Curculionidae,Dryotribus_wilderi,1
Midway,Coleoptera,Curculionidae,Dryotribus_wilderi,1
Aldabra,Coleoptera,Curculionidae,Endaeopsis_anthonomoides,1
Aldabra,Coleoptera,Curculionidae,Endaeopsis_curvimanus,1
Arno,Coleoptera,Curculionidae,Euwallacea_similis,1
Kapingamarangi,Coleoptera,Curculionidae,Euwallacea_similis,1
Nomwin,Coleoptera,Curculionidae,Hylesinus_subcostatus,1
Wotho,Coleoptera,Curculionidae,Hylesinus_subcostatus,1
Eniwetok,Coleoptera,Curculionidae,Hypothenemus_eruditus,1
Kure,Coleoptera,Curculionidae,Hypothenemus_eruditus,1
Laysan,Coleoptera,Curculionidae,Hypothenemus_eruditus,1
Ulithi,Coleoptera,Curculionidae,Hypothenemus_eruditus,1
Diego_Garcia,Coleoptera,Curculionidae,Hypothenemus_sp,1
Midway,Coleoptera,Curculionidae,Hypothenemus_sp,1
Johnston,Coleoptera,Curculionidae,Macrancylus_immigrans,1
Laysan,Coleoptera,Curculionidae,Macrancylus_immigrans,1
Laysan,Coleoptera,Curculionidae,Macrancylus_linearis,1
Diego_Garcia,Coleoptera,Curculionidae,Microtrupis_sp,1
Diego_Garcia,Coleoptera,Curculionidae,Myllocerus_dentifer,1
Midway,Coleoptera,Curculionidae,Naupactus_cervinus,1
Laysan,Coleoptera,Curculionidae,Oodemas_erro,1
Laysan,Coleoptera,Curculionidae,Oodemas_laysanensis,1
Midway,Coleoptera,Curculionidae,Oodemas_laysanensis,1
Glorioso,Coleoptera,Curculionidae,Orthotemnus_sp,1
Cosmoledo,Coleoptera,Curculionidae,Oxydema_fusiforme,1
Midway,Coleoptera,Curculionidae,Oxydema_fusiforme,1
Midway,Coleoptera,Curculionidae,Oxydema_longulum,1
South_Keeling,Coleoptera,Curculionidae,Oxydema_subcaudatus,1
Jaluit,Coleoptera,Curculionidae,Pelicerus_brevior,1
Laysan,Coleoptera,Curculionidae,Pentarthrum_blackburni,1
Kure,Coleoptera,Curculionidae,Pentarthrum_halodorum,1
Midway,Coleoptera,Curculionidae,Pentarthrum_halodorum,1
Midway,Coleoptera,Curculionidae,Pentarthrum_obscurum,1
Rose,Coleoptera,Curculionidae,Pentarthrum_cf_obscurum,1
Diego_Garcia,Coleoptera,Curculionidae,Pentarthrum_sp,1
Aldabra,Coleoptera,Curculionidae,Phloeophagosoma_aldabranum,1
Glorioso,Coleoptera,Curculionidae,Phloeophagosoma_subcaudatum,1
Funafuti,Coleoptera,Curculionidae,Platysimus_insularis,1
Diego_Garcia,Coleoptera,Curculionidae,Proeces_depressus,1
Arno,Coleoptera,Curculionidae,Ptilopodius_pacificus,1
Aldabra,Coleoptera,Curculionidae,Rhynchaenus_spissus,1
Anaa,Coleoptera,Curculionidae,Rhyncogonus_butaudi,1
Wake,Coleoptera,Curculionidae,Rhyncogonus_fallax,1
Kiritimati,Coleoptera,Curculionidae,Rhyncogonus_fosbergi,1
Tabuaeran,Coleoptera,Curculionidae,Rhyncogonus_vagus,1
Aldabra,Coleoptera,Curculionidae,Scytha_aldabrana,1
Wake,Coleoptera,Curculionidae,Sphaerorhinus_pallescens,1
Wake,Coleoptera,Curculionidae,Sphaerorhinus_sordidus,1
Aldabra,Coleoptera,Curculionidae,Stenoscelis_crassifrons,1
Diego_Garcia,Coleoptera,Curculionidae,Stenotrupis_sp,1
Laysan,Coleoptera,Curculionidae,Stephanoderes_sp,1
Kwajalein,Coleoptera,Curculionidae,Trigonops_hirsuta,1
Nukunonu,Coleoptera,Curculionidae,Xyleborus_affinis,1
Arno,Coleoptera,Curculionidae,Xyleborus_perforans,1
Diego_Garcia,Coleoptera,Curculionidae,Xyleborus_perforans,1
Midway,Coleoptera,Curculionidae,Xyleborus_perforans,1
Palmyra,Coleoptera,Curculionidae,Xyleborus_perforans,1
South_Keeling,Coleoptera,Curculionidae,Xyleborus_perforans,1
Diego_Garcia,Coleoptera,Cybocephalidae,Cybocephalus_sp,1
Satawan,Coleoptera,Cybocephalidae,Pacicephalus_gressitti,1
Midway,Coleoptera,Dermestidae,Attagenus_fasciatus,1
South_Keeling,Coleoptera,Dermestidae,Attagenus_fasciatus,1
Laysan,Coleoptera,Dermestidae,Attagenus_plebeius,1
South_Keeling,Coleoptera,Dermestidae,Attagenus_undulatus,1
Abariringa,Coleoptera,Dermestidae,Dermestes_ater,1
Aldabra,Coleoptera,Dermestidae,Dermestes_ater,1
Eniwetok,Coleoptera,Dermestidae,Dermestes_ater,1
French_Frigate_Shoals,Coleoptera,Dermestidae,Dermestes_ater,1
Jaluit,Coleoptera,Dermestidae,Dermestes_ater,1
Johnston,Coleoptera,Dermestidae,Dermestes_ater,1
Kure,Coleoptera,Dermestidae,Dermestes_ater,1
Kwajalein,Coleoptera,Dermestidae,Dermestes_ater,1
Laysan,Coleoptera,Dermestidae,Dermestes_ater,1
Midway,Coleoptera,Dermestidae,Dermestes_ater,1
Onotoa,Coleoptera,Dermestidae,Dermestes_ater,1
Pearl_and_Hermes,Coleoptera,Dermestidae,Dermestes_ater,1
Pokak,Coleoptera,Dermestidae,Dermestes_ater,1
Rose,Coleoptera,Dermestidae,Dermestes_ater,1
South_Keeling,Coleoptera,Dermestidae,Dermestes_ater,1
Ulithi,Coleoptera,Dermestidae,Dermestes_ater,1
Wake,Coleoptera,Dermestidae,Dermestes_ater,1
Aldabra,Coleoptera,Dermestidae,Dermestes_maculatus,1
Cosmoledo,Coleoptera,Dermestidae,Dermestes_maculatus,1
Kure,Coleoptera,Dermestidae,Dermestes_maculatus,1
Midway,Coleoptera,Dermestidae,Dermestes_maculatus,1
Pearl_and_Hermes,Coleoptera,Dermestidae,Dermestes_maculatus,1
South_Keeling,Coleoptera,Dermestidae,Orphinus_defectus,1
Jaluit,Coleoptera,Dermestidae,Orphinus_fulvipes,1
Kwajalein,Coleoptera,Dermestidae,Orphinus_terminalis,1
Kwajalein,Coleoptera,Dermestidae,Trogoderma_anthrenoides,1
Midway,Coleoptera,Dermestidae,Trogoderma_anthrenoides,1
South_Keeling,Coleoptera,Dryophthoridae,Cosmopolites_sordidus,1
South_Keeling,Coleoptera,Dryophthoridae,Diocalandra_frumenti,1
Rangiroa,Coleoptera,Dryophthoridae,Diocalandra_taitensis,1
Takapoto,Coleoptera,Dryophthoridae,Diocalandra_taitensis,1
Kure,Coleoptera,Dryophthoridae,Dryophthorus_distinguendus,1
Laysan,Coleoptera,Dryophthoridae,Dryophthorus_distinguendus,1
Midway,Coleoptera,Dryophthoridae,Dryophthorus_distinguendus,1
Midway,Coleoptera,Dryophthoridae,Dryophthorus_squalidus,1
Funafuti,Coleoptera,Dryophthoridae,Rhabdoscelus_obscurus,1
Takapoto,Coleoptera,Dryophthoridae,Rhabdoscelus_obscurus,1
Abariringa,Coleoptera,Dryophthoridae,Sitophilus_oryzae,1
Aldabra,Coleoptera,Dryophthoridae,Sitophilus_oryzae,1
Laysan,Coleoptera,Dryophthoridae,Sitophilus_oryzae,1
South_Keeling,Coleoptera,Dryophthoridae,Sitophilus_oryzae,1
Kwajalein,Coleoptera,Dryophthoridae,Sitophilus_sp,1
Midway,Coleoptera,Dryophthoridae,Sphenophorus_venatus,1
Diego_Garcia,Coleoptera,Dynastidae,Oryctes_rhinoceros,1
Kavaratti,Coleoptera,Dynastidae,Oryctes_rhinoceros,1
Nukunonu,Coleoptera,Dynastidae,Oryctes_rhinoceros,1
South_Keeling,Coleoptera,Dynastidae,Oryctes_rhinoceros,1
Aldabra,Coleoptera,Dytiscidae,Copelatus_marginipennis,1
Aldabra,Coleoptera,Dytiscidae,Eretes_griseus,1
Kavaratti,Coleoptera,Dytiscidae,Eretes_griseus,1
Aldabra,Coleoptera,Dytiscidae,Hydroglyphus_capitatus,1
Farquhar,Coleoptera,Dytiscidae,Hydroglyphus_farquharensis,1
Diego_Garcia,Coleoptera,Dytiscidae,Hydroglyphus_signatellus,1
Aldabra,Coleoptera,Dytiscidae,Hydrovatus_acuminatus,1
Aldabra,Coleoptera,Dytiscidae,Hyphydrus_impressus,1
Aldabra,Coleoptera,Dytiscidae,Laccophilus_addendus,1
Aldabra,Coleoptera,Dytiscidae,Laccophilus_posticus,1
Aldabra,Coleoptera,Dytiscidae,Uvarus_rivulorum,1
Aldabra,Coleoptera,Elateridae,Aeloides_senex,1
Farquhar,Coleoptera,Elateridae,Aeloides_senex,1
Kwajalein,Coleoptera,Elateridae,Ampedus_sp,1
Ngcheangel,Coleoptera,Elateridae,Anchastus_dybasi,1
Kwajalein,Coleoptera,Elateridae,Anchastus_sp,1
Aldabra,Coleoptera,Elateridae,Cardiophorus_lutosus,1
Farquhar,Coleoptera,Elateridae,Cardiophorus_lutosus,1
Midway,Coleoptera,Elateridae,Cardiophorus_sp,1
Aldabra,Coleoptera,Elateridae,Cardiotarsus_gardineri,1
Farquhar,Coleoptera,Elateridae,Cardiotarsus_gardineri,1
Aldabra,Coleoptera,Elateridae,Cardiotarsus_vitellinus,1
Midway,Coleoptera,Elateridae,Conoderus_amplicollis,1
Midway,Coleoptera,Elateridae,Conoderus_exsul,1
Abariringa,Coleoptera,Elateridae,Conoderus_pallipes,1
Arno,Coleoptera,Elateridae,Conoderus_pallipes,1
Eniwetok,Coleoptera,Elateridae,Conoderus_pallipes,1
Jaluit,Coleoptera,Elateridae,Conoderus_pallipes,1
Kure,Coleoptera,Elateridae,Conoderus_pallipes,1
Kwajalein,Coleoptera,Elateridae,Conoderus_pallipes,1
Majuro,Coleoptera,Elateridae,Conoderus_pallipes,1
Midway,Coleoptera,Elateridae,Conoderus_pallipes,1
Onotoa,Coleoptera,Elateridae,Conoderus_pallipes,1
Palmyra,Coleoptera,Elateridae,Conoderus_pallipes,1
Tabuaeran,Coleoptera,Elateridae,Conoderus_pallipes,1
Teraina,Coleoptera,Elateridae,Conoderus_pallipes,1
Ujelang,Coleoptera,Elateridae,Conoderus_pallipes,1
Wake,Coleoptera,Elateridae,Conoderus_pallipes,1
Wotho,Coleoptera,Elateridae,Conoderus_pallipes,1
Funafuti,Coleoptera,Elateridae,Conoderus_umbraculatus,1
Funafuti,Coleoptera,Elateridae,Conoderus_variabilis,1
Kwajalein,Coleoptera,Elateridae,Conoderus_sp,1
Aldabra,Coleoptera,Elateridae,Elastrus_aldabrensis,1
South_Keeling,Coleoptera,Elateridae,Heteroderes_triangularis,1
Diego_Garcia,Coleoptera,Elateridae,Lacon_modestus,1
Tabuaeran,Coleoptera,Elateridae,Lacon_modestus,1
Takapoto,Coleoptera,Elateridae,Lacon_modestus,1
Aldabra,Coleoptera,Elateridae,Megapenthes_difformis,1
Arno,Coleoptera,Elateridae,Melanoxanthus_comptus,1
Bikar,Coleoptera,Elateridae,Melanoxanthus_comptus,1
Kapingamarangi,Coleoptera,Elateridae,Melanoxanthus_comptus,1
Losap,Coleoptera,Elateridae,Melanoxanthus_comptus,1
Ujelang,Coleoptera,Elateridae,Melanoxanthus_comptus,1
Ulithi,Coleoptera,Elateridae,Melanoxanthus_comptus,1
Arno,Coleoptera,Elateridae,Melanoxanthus_lariversi,1
Palmyra,Coleoptera,Elateridae,Melanoxanthus_melanocephalus,1
South_Keeling,Coleoptera,Elateridae,Melanoxanthus_melanocephalus,1
Diego_Garcia,Coleoptera,Elateridae,Melanoxanthus_puerulus,1
South_Keeling,Coleoptera,Elateridae,Melanoxanthus_cf_alluaudi,1
Rose,Coleoptera,Elateridae,Meristhus_oceanicus,1
Ulithi,Coleoptera,Elateridae,Priopus_exilis,1
Etal,Coleoptera,Elateridae,Procraerus_variegatus,1
Lukunor,Coleoptera,Elateridae,Procraerus_variegatus,1
Ulithi,Coleoptera,Elateridae,Procraerus_variegatus,1
Wake,Coleoptera,Elateridae,Procraerus_variegatus,1
Midway,Coleoptera,Elateridae,Prodrasterius_collaris,1
Rose,Coleoptera,Elateridae,Propsephus_tongaensis,1
Jaluit,Coleoptera,Elateridae,Simodactylus_cinnamomeus,1
Rangiroa,Coleoptera,Elateridae,Simodactylus_cinnamomeus,1
Eniwetok,Coleoptera,Elateridae,Simodactylus_fasciolatus,1
Jaluit,Coleoptera,Elateridae,Simodactylus_fasciolatus,1
Kapingamarangi,Coleoptera,Elateridae,Simodactylus_fasciolatus,1
Kwajalein,Coleoptera,Elateridae,Simodactylus_fasciolatus,1
Majuro,Coleoptera,Elateridae,Simodactylus_fasciolatus,1
Ujelang,Coleoptera,Elateridae,Simodactylus_fasciolatus,1
Ngcheangel,Coleoptera,Elateridae,Simodactylus_gressitti,1
Ngcheangel,Coleoptera,Elateridae,Simodactylus_pallidus,1
Ulithi,Coleoptera,Elateridae,Simodactylus_remotus,1
Bikini,Coleoptera,Elateridae,Simodactylus_tasmani,1
Kwajalein,Coleoptera,Elateridae,Simodactylus_tasmani,1
Onotoa,Coleoptera,Elateridae,Simodactylus_tastui,1
Diego_Garcia,Coleoptera,Endomychidae,Trochoideus_desjardinsi,1
Farquhar,Coleoptera,Endomychidae,Trochoideus_desjardinsi,1
South_Keeling,Coleoptera,Endomychidae,Trochoideus_desjardinsi,1
Ulithi,Coleoptera,Erotylidae,Hapalips_samoensis,1
Ulithi,Coleoptera,Erotylidae,Toramus_taprobanae,1
Palmyra,Coleoptera,Erotylidae,Toramus_sp,1
Laysan,Coleoptera,Eupsilobiidae,Eidoreus_minutus,1
Midway,Coleoptera,Euxestidae,Euxestus_erithacus,1
Glorioso,Coleoptera,Histeridae,Bacanius_ambiguus,1
Abariringa,Coleoptera,Histeridae,Carcinops_pumilio,1
Johnston,Coleoptera,Histeridae,Carcinops_pumilio,1
Glorioso,Coleoptera,Histeridae,Diaphorus_pauliani,1
Glorioso,Coleoptera,Histeridae,Hypocaccus_disjunctus,1
South_Keeling,Coleoptera,Histeridae,Platylomalus_gardineri,1
Midway,Coleoptera,Histeridae,Saprinus_lugens,1
Aldabra,Coleoptera,Hybosoridae,Kuijtenosus_laeviceps,1
Glorioso,Coleoptera,Hybosoridae,Kuijtenosus_laeviceps,1
Aldabra,Coleoptera,Hydrophilidae,Berosus_bidenticulatus,1
Aldabra,Coleoptera,Hydrophilidae,Berosus_cuspidatus,1
Aldabra,Coleoptera,Hydrophilidae,Berosus_bergrothi,1
Astove,Coleoptera,Hydrophilidae,Berosus_bergrothi,1
Aldabra,Coleoptera,Hydrophilidae,Berosus_inermis,1
Aldabra,Coleoptera,Hydrophilidae,Berosus_nudicollis,1
Aldabra,Coleoptera,Hydrophilidae,Chasmogenus_mollis,1
Aldabra,Coleoptera,Hydrophilidae,Coelostoma_rusticum,1
Aldabra,Coleoptera,Hydrophilidae,Dactylosternum_abdominale,1
Kwajalein,Coleoptera,Hydrophilidae,Dactylosternum_abdominale,1
Palmyra,Coleoptera,Hydrophilidae,Dactylosternum_abdominale,1
South_Keeling,Coleoptera,Hydrophilidae,Dactylosternum_abdominale,1
Aldabra,Coleoptera,Hydrophilidae,Enochrus_natalensis,1
Aldabra,Coleoptera,Hydrophilidae,Helochares_nigrifrons,1
Diego_Garcia,Coleoptera,Hydrophilidae,Paromicrus_atomus,1
Aldabra,Coleoptera,Hydrophilidae,Regimbartia_inflata,1
Arno,Coleoptera,Laemophloeidae,Propalticus_insularis,1
Eniwetok,Coleoptera,Laemophloeidae,Propalticus_insularis,1
Jaluit,Coleoptera,Laemophloeidae,Propalticus_insularis,1
Ulithi,Coleoptera,Laemophloeidae,Propalticus_insularis,1
South_Keeling,Coleoptera,Latridiidae,Corticaria_sp,1
Aldabra,Coleoptera,Limnichidae,Hyphalus_crowsoni,1
South_Keeling,Coleoptera,Lucanidae,Figulus_rossi,1
Aldabra,Coleoptera,Lucanidae,Figulus_striatus,1
Ngcheangel,Coleoptera,Malachiidae,Intybia_palauensis,1
Aldabra,Coleoptera,Melolonthidae,Comaserica_granulipennis,1
Aldabra,Coleoptera,Melolonthidae,Perissosoma_aenescens,1
Cosmoledo,Coleoptera,Melolonthidae,Perissosoma_aenescens,1
Glorioso,Coleoptera,Melolonthidae,Perissosoma_aenescens,1
Aldabra,Coleoptera,Melyridae,Pachyebaeus_aldabrensis,1
Aldabra,Coleoptera,Melyridae,Pelochrus_takamakaensis,1
Diego_Garcia,Coleoptera,Monotomidae,Monotoma_madagascariensis,1
Midway,Coleoptera,Murmidiidae,Murmidius_sp,1
Arno,Coleoptera,Mycetophagidae,Litargus_vestitus,1
Ducie,Coleoptera,Mycetophagidae,Litargus_vestitus,1
Jaluit,Coleoptera,Mycetophagidae,Litargus_vestitus,1
Ulithi,Coleoptera,Mycetophagidae,Litargus_vestitus,1
Eniwetok,Coleoptera,Mycetophagidae,Typhaea_stercorea,1
Midway,Coleoptera,Mycetophagidae,Typhaea_stercorea,1
Kavaratti,Coleoptera,Nitidulidae,Aethina_orientalis,1
Farquhar,Coleoptera,Nitidulidae,Carpophilus_angustatus,1
Arno,Coleoptera,Nitidulidae,Carpophilus_davidsoni,1
Eniwetok,Coleoptera,Nitidulidae,Carpophilus_davidsoni,1
Etal,Coleoptera,Nitidulidae,Carpophilus_davidsoni,1
Jaluit,Coleoptera,Nitidulidae,Carpophilus_davidsoni,1
Kapingamarangi,Coleoptera,Nitidulidae,Carpophilus_davidsoni,1
Kwajalein,Coleoptera,Nitidulidae,Carpophilus_davidsoni,1
Lae,Coleoptera,Nitidulidae,Carpophilus_davidsoni,1
Likiep,Coleoptera,Nitidulidae,Carpophilus_davidsoni,1
Nomwin,Coleoptera,Nitidulidae,Carpophilus_davidsoni,1
Onotoa,Coleoptera,Nitidulidae,Carpophilus_davidsoni,1
Sorol,Coleoptera,Nitidulidae,Carpophilus_davidsoni,1
Ulithi,Coleoptera,Nitidulidae,Carpophilus_davidsoni,1
Wotho,Coleoptera,Nitidulidae,Carpophilus_davidsoni,1
Arno,Coleoptera,Nitidulidae,Carpophilus_dimidiatus,1
Farquhar,Coleoptera,Nitidulidae,Carpophilus_dimidiatus,1
Jaluit,Coleoptera,Nitidulidae,Carpophilus_dimidiatus,1
Kwajalein,Coleoptera,Nitidulidae,Carpophilus_dimidiatus,1
Laysan,Coleoptera,Nitidulidae,Carpophilus_dimidiatus,1
Midway,Coleoptera,Nitidulidae,Carpophilus_dimidiatus,1
South_Keeling,Coleoptera,Nitidulidae,Carpophilus_dimidiatus,1
Wake,Coleoptera,Nitidulidae,Carpophilus_dimidiatus,1
Abariringa,Coleoptera,Nitidulidae,Carpophilus_hemipterus,1
Diego_Garcia,Coleoptera,Nitidulidae,Carpophilus_hemipterus,1
Eniwetok,Coleoptera,Nitidulidae,Carpophilus_hemipterus,1
Farquhar,Coleoptera,Nitidulidae,Carpophilus_hemipterus,1
Arno,Coleoptera,Nitidulidae,Carpohilus_maculatus,1
Jaluit,Coleoptera,Nitidulidae,Carpohilus_maculatus,1
Kapingamarangi,Coleoptera,Nitidulidae,Carpohilus_maculatus,1
Kwajalein,Coleoptera,Nitidulidae,Carpohilus_maculatus,1
Lae,Coleoptera,Nitidulidae,Carpohilus_maculatus,1
Likiep,Coleoptera,Nitidulidae,Carpohilus_maculatus,1
Losap,Coleoptera,Nitidulidae,Carpohilus_maculatus,1
Midway,Coleoptera,Nitidulidae,Carpohilus_maculatus,1
Onotoa,Coleoptera,Nitidulidae,Carpohilus_maculatus,1
Sorol,Coleoptera,Nitidulidae,Carpohilus_maculatus,1
Ulithi,Coleoptera,Nitidulidae,Carpohilus_maculatus,1
Wotho,Coleoptera,Nitidulidae,Carpohilus_maculatus,1
Eniwetok,Coleoptera,Nitidulidae,Carpophilus_marginellus,1
Eniwetok,Coleoptera,Nitidulidae,Carpophilus_mutilatus,1
South_Keeling,Coleoptera,Nitidulidae,Carpophilus_nitidus,1
Likiep,Coleoptera,Nitidulidae,Carpophilus_oculatus,1
Eniwetok,Coleoptera,Nitidulidae,Carpophilus_pilosellus,1
Jaluit,Coleoptera,Nitidulidae,Carpophilus_pilosellus,1
Kapingamarangi,Coleoptera,Nitidulidae,Carpophilus_pilosellus,1
Ngcheangel,Coleoptera,Nitidulidae,Carpophilus_pilosellus,1
Onotoa,Coleoptera,Nitidulidae,Carpophilus_pilosellus,1
Eniwetok,Coleoptera,Nitidulidae,Cillaeus_rastrus,1
Ulithi,Coleoptera,Nitidulidae,Cillaeus_rastrus,1
Midway,Coleoptera,Nitidulidae,Conotelus_mexicanus,1
Arno,Coleoptera,Nitidulidae,Epuraea_concolor,1
Lae,Coleoptera,Nitidulidae,Epuraea_concolor,1
Likiep,Coleoptera,Nitidulidae,Epuraea_concolor,1
Onotoa,Coleoptera,Nitidulidae,Epuraea_concolor,1
Ulithi,Coleoptera,Nitidulidae,Epuraea_concolor,1
Wotho,Coleoptera,Nitidulidae,Epuraea_concolor,1
Ulithi,Coleoptera,Nitidulidae,Epuraea_fallax,1
Wotho,Coleoptera,Nitidulidae,Epuraea_fallax,1
Arno,Coleoptera,Nitidulidae,Epuraea_ocularis,1
Ulithi,Coleoptera,Nitidulidae,Epuraea_ocularis,1
Kapingamarangi,Coleoptera,Nitidulidae,Haptoncus_attenuatus,1
Arno,Coleoptera,Nitidulidae,Haptoncus_luteolus,1
Onotoa,Coleoptera,Nitidulidae,Haptoncus_luteolus,1
Ulithi,Coleoptera,Nitidulidae,Haptoncus_luteolus,1
Arno,Coleoptera,Nitidulidae,Haptoncus_sordidus,1
Lae,Coleoptera,Nitidulidae,Haptoncus_sordidus,1
Wotho,Coleoptera,Nitidulidae,Haptoncus_sordidus,1
Eniwetok,Coleoptera,Nitidulidae,Urophorus_humeralis,1
Farquhar,Coleoptera,Nitidulidae,Urophorus_humeralis,1
Kwajalein,Coleoptera,Nitidulidae,Urophorus_humeralis,1
Palmyra,Coleoptera,Nitidulidae,Urophorus_humeralis,1
South_Keeling,Coleoptera,Nitidulidae,Urophorus_humeralis,1
Aldabra,Coleoptera,Noteridae,Canthydrus_notulata,1
Aldabra,Coleoptera,Oedemeridae,Ananca_aldabrana,1
Diego_Garcia,Coleoptera,Oedemeridae,Ananca_aldabrana,1
Midway,Coleoptera,Oedemeridae,Ananca_bicolor,1
Nukunonu,Coleoptera,Oedemeridae,Ananca_bicolor,1
Palmyra,Coleoptera,Oedemeridae,Ananca_bicolor,1
Rangiroa,Coleoptera,Oedemeridae,Ananca_bicolor,1
Takapoto,Coleoptera,Oedemeridae,Ananca_bicolor,1
Eniwetok,Coleoptera,Oedemeridae,Ananca_kanack,1
Palmyra,Coleoptera,Oedemeridae,Ananca_kanack,1
Diego_Garcia,Coleoptera,Oedemeridae,Ananca_scabripennis,1
Palmyra,Coleoptera,Oedemeridae,Ananca_sinensis,1
Aldabra,Coleoptera,Oedemeridae,Ananca_submarginata,1
South_Keeling,Coleoptera,Oedemeridae,Ananca_sp,1
Midway,Coleoptera,Oedemeridae,Eobia_decolor,1
Nukunonu,Coleoptera,Oedemeridae,Eobia_decolor,1
Palmyra,Coleoptera,Oedemeridae,Eobia_decolor,1
Eniwetok,Coleoptera,Oedemeridae,Eobia_sp,1
Kwajalein,Coleoptera,Oedemeridae,Eobia_sp,1
Funafuti,Coleoptera,Oedemeridae,Nacerdes_transmarina,1
Aldabra,Coleoptera,Oedemeridae,Oxacis_striola,1
Kwajalein,Coleoptera,Oedemeridae,Pseudohypasclera_sp,1
South_Keeling,Coleoptera,Oedemeridae,Sessinia_canella,1
Kiritimati,Coleoptera,Oedemeridae,Sessinia_livida,1
Kwajalein,Coleoptera,Oedemeridae,Sessinia_livida,1
Nukunonu,Coleoptera,Oedemeridae,Sessinia_livida,1
Palmyra,Coleoptera,Oedemeridae,Sessinia_livida,1
Rangiroa,Coleoptera,Oedemeridae,Sessinia_livida,1
Takapoto,Coleoptera,Oedemeridae,Sessinia_livida,1
Eniwetok,Coleoptera,Oedemeridae,Thelyphassa_apicata,1
Kwajalein,Coleoptera,Oedemeridae,Thelyphassa_apicata,1
Nukunonu,Coleoptera,Oedemeridae,Thelyphassa_lateritia,1
Aldabra,Coleoptera,Ptiliidae,Ptinellodes_aldabricus,1
Diego_Garcia,Coleoptera,Rutelidae,Adoretus_versutus,1
South_Keeling,Coleoptera,Rutelidae,Anomala_dimidiata,1
Midway,Coleoptera,Rutelidae,Anomala_sulcatula,1
South_Keeling,Coleoptera,Rutelidae,Anomala_sp,1
Midway,Coleoptera,Rutelidae,Lepadoretus_sinicus,1
Diego_Garcia,Coleoptera,Salpingidae,Inopeplus_sp,1
Diego_Garcia,Coleoptera,Salpingidae,Ocholissa_sp,1
Arno,Coleoptera,Salpingidae,Szekessya_flavipennis,1
Ulithi,Coleoptera,Salpingidae,Szekessya_flavipennis,1
Kavaratti,Coleoptera,Scarabaeidae,Aphodius_lividus,1
South_Keeling,Coleoptera,Scarabaeidae,Aphodius_lividus,1
Farquhar,Coleoptera,Scarabaeidae,Gametis_versicolor,1
Glorioso,Coleoptera,Scarabaeidae,Leucocelis_abbotti,1
Astove,Coleoptera,Scarabaeidae,Lonchotus_astovensis,1
Aldabra,Coleoptera,Scarabaeidae,Mausoleopsis_aldabrensis,1
Astove,Coleoptera,Scarabaeidae,Mausoleopsis_aldabrensis,1
Cosmoledo,Coleoptera,Scarabaeidae,Mausoleopsis_aldabrensis,1
Kavaratti,Coleoptera,Scarabaeidae,Onthophagus_ceylonicus,1
South_Keeling,Coleoptera,Scarabaeidae,Onthophagus_lilliputanus,1
South_Keeling,Coleoptera,Scarabaeidae,Onthophagus_trituber,1
South_Keeling,Coleoptera,Scarabaeidae,Protaetia_acuminata,1
Diego_Garcia,Coleoptera,Scarabaeidae,Protaetia_fusca,1
Johnston,Coleoptera,Scarabaeidae,Protaetia_fusca,1
Midway,Coleoptera,Scarabaeidae,Protaetia_fusca,1
Midway,Coleoptera,Scarabaeidae,Protaetia_pryeri,1
Kure,Coleoptera,Silvanidae,Cryptamorpha_desjardinsi,1
Laysan,Coleoptera,Silvanidae,Cryptamorpha_desjardinsi,1
South_Keeling,Coleoptera,Silvanidae,Monanus_cincunnulus,1
Kavaratti,Coleoptera,Silvanidae,Oryzaephilus_mercator,1
Nukunonu,Coleoptera,Silvanidae,Oryzaephilus_mercator,1
Aldabra,Coleoptera,Silvanidae,Oryzaephilus_surinamensis,1
Kwajalein,Coleoptera,Silvanidae,Oryzaephilus_surinamensis,1
Laysan,Coleoptera,Silvanidae,Oryzaephilus_surinamensis,1
Midway,Coleoptera,Silvanidae,Oryzaephilus_surinamensis,1
Palmyra,Coleoptera,Silvanidae,Psammoecus_insularis,1
Diego_Garcia,Coleoptera,Silvanidae,Psammoecus_sp,1
Diego_Garcia,Coleoptera,Staphylinidae,Acanthoglossa_brachycera,1
Diego_Garcia,Coleoptera,Staphylinidae,Aleochara_puberula,1
Diego_Garcia,Coleoptera,Staphylinidae,Aleochara_sp,1
South_Keeling,Coleoptera,Staphylinidae,Aleochara_sp,1
Aldabra,Coleoptera,Staphylinidae,Bledius_marinus,1
Diego_Garcia,Coleoptera,Staphylinidae,Bledius_sp,1
Diego_Garcia,Coleoptera,Staphylinidae,Carpelimus_chagosanus,1
Midway,Coleoptera,Staphylinidae,Carpelimus_fulvipes,1
Aldabra,Coleoptera,Staphylinidae,Carpelimus_sp,1
Laysan,Coleoptera,Staphylinidae,Carpelimus_sp,1
Diego_Garcia,Coleoptera,Staphylinidae,Coenonica_puncticollis,1
Diego_Garcia,Coleoptera,Staphylinidae,Coproporus_sp,1
Midway,Coleoptera,Staphylinidae,Dalotia_coriaria,1
Kure,Coleoptera,Staphylinidae,Hypomedon_debilicornis,1
Diego_Garcia,Coleoptera,Staphylinidae,Lithocharis_nigriceps,1
Diego_Garcia,Coleoptera,Staphylinidae,Lithocharis_sp,1
Kwajalein,Coleoptera,Staphylinidae,Medon_sp,1
South_Keeling,Coleoptera,Staphylinidae,Medon_sp,1
Kwajalein,Coleoptera,Staphylinidae,Nacaeus_impressicollis,1
Clipperton,Coleoptera,Staphylinidae,Ochthephilum_sp,1
Diego_Garcia,Coleoptera,Staphylinidae,Osorius_sp,1
Kavaratti,Coleoptera,Staphylinidae,Paederus_fuscipes,1
Palmyra,Coleoptera,Staphylinidae,Philonthus_discoideus,1
Takapoto,Coleoptera,Staphylinidae,Philonthus_longicornis,1
Aldabra,Coleoptera,Staphylinidae,Philonthus_ovithorax,1
Diego_Garcia,Coleoptera,Staphylinidae,Philonthus_sp,1
Midway,Coleoptera,Staphylinidae,Philonthus_sp,1
South_Keeling,Coleoptera,Staphylinidae,Philonthus_sp,1
Midway,Coleoptera,Staphylinidae,Platystethus_sp,1
Diego_Garcia,Coleoptera,Staphylinidae,Schistogenia_crenicollis,1
Diego_Garcia,Coleoptera,Staphylinidae,Scopaeus_sp,1
Midway,Coleoptera,Staphylinidae,Scopaeus_sp,1
Glorioso,Coleoptera,Staphylinidae,Scydmaenus_pauliani,1
South_Keeling,Coleoptera,Staphylinidae,Scymbalium_sp,1
Aldabra,Coleoptera,Staphylinidae,Stenus_irroreus,1
Aldabra,Coleoptera,Tenebrionidae,Alphitobius_crenatus,1
Astove,Coleoptera,Tenebrionidae,Alphitobius_crenatus,1
Farquhar,Coleoptera,Tenebrionidae,Alphitobius_crenatus,1
Aldabra,Coleoptera,Tenebrionidae,Alphitobius_diaperinus,1
Johnston,Coleoptera,Tenebrionidae,Alphitobius_diaperinus,1
Kwajalein,Coleoptera,Tenebrionidae,Alphitobius_diaperinus,1
Laysan,Coleoptera,Tenebrionidae,Alphitobius_diaperinus,1
Midway,Coleoptera,Tenebrionidae,Alphitobius_diaperinus,1
Wake,Coleoptera,Tenebrionidae,Alphitobius_diaperinus,1
Abariringa,Coleoptera,Tenebrionidae,Alphitobius_laevigatus,1
French_Frigate_Shoals,Coleoptera,Tenebrionidae,Alphitobius_laevigatus,1
Laysan,Coleoptera,Tenebrionidae,Alphitobius_laevigatus,1
Midway,Coleoptera,Tenebrionidae,Alphitobius_laevigatus,1
Pearl_and_Hermes,Coleoptera,Tenebrionidae,Alphitobius_laevigatus,1
South_Keeling,Coleoptera,Tenebrionidae,Alphitobius_laevigatus,1
Takapoto,Coleoptera,Tenebrionidae,Alphitobius_laevigatus,1
Arno,Coleoptera,Tenebrionidae,Amarygmus_hydrophiloides,1
Kwajalein,Coleoptera,Tenebrionidae,Amarygmus_hydrophiloides,1
Nukunonu,Coleoptera,Tenebrionidae,Amarygmus_hydrophiloides,1
Ulithi,Coleoptera,Tenebrionidae,Amarygmus_hydrophiloides,1
Midway,Coleoptera,Tenebrionidae,Blapstinus_dilatatus,1
Laysan,Coleoptera,Tenebrionidae,Blapstinus_sp,1
Ulithi,Coleoptera,Tenebrionidae,Bradymerus_acuticostis,1
Aldabra,Coleoptera,Tenebrionidae,Bradymerus_aspericollis,1
Aldabra,Coleoptera,Tenebrionidae,Cacoplesia_viriditincta,1
Aldabra,Coleoptera,Tenebrionidae,Camarothelops_scotti,1
South_Keeling,Coleoptera,Tenebrionidae,Ceropria_induta,1
Arno,Coleoptera,Tenebrionidae,Chariotheca_costata,1
Kwajalein,Coleoptera,Tenebrionidae,Chariotheca_costata,1
Aldabra,Coleoptera,Tenebrionidae,Diphyrrhynchus_effeminatus,1
Aldabra,Coleoptera,Tenebrionidae,Diphyrrhynchus_fryeri,1
Eniwetok,Coleoptera,Tenebrionidae,Gebieniella_carinata,1
Abariringa,Coleoptera,Tenebrionidae,Gonocephalum_adpressiforme,1
Eniwetok,Coleoptera,Tenebrionidae,Gonocephalum_adpressiforme,1
Kure,Coleoptera,Tenebrionidae,Gonocephalum_adpressiforme,1
Kwajalein,Coleoptera,Tenebrionidae,Gonocephalum_adpressiforme,1
Midway,Coleoptera,Tenebrionidae,Gonocephalum_adpressiforme,1
Wake,Coleoptera,Tenebrionidae,Gonocephalum_adpressiforme,1
Astove,Coleoptera,Tenebrionidae,Gonocephalum_blairi,1
Aldabra,Coleoptera,Tenebrionidae,Gonocephalum_micantipenne,1
Aldabra,Coleoptera,Tenebrionidae,Gonocephalum_peregrinum,1
Bikini,Coleoptera,Tenebrionidae,Gonocephalum_pottsi,1
Ujae,Coleoptera,Tenebrionidae,Gonocephalum_pottsi,1
Ulithi,Coleoptera,Tenebrionidae,Gonocephalum_pottsi,1
Wotho,Coleoptera,Tenebrionidae,Gonocephalum_pottsi,1
Ailuk,Coleoptera,Tenebrionidae,Gonocephalum_seriatum,1
Arno,Coleoptera,Tenebrionidae,Gonocephalum_seriatum,1
Bikar,Coleoptera,Tenebrionidae,Gonocephalum_seriatum,1
Likiep,Coleoptera,Tenebrionidae,Gonocephalum_seriatum,1
Majuro,Coleoptera,Tenebrionidae,Gonocephalum_seriatum,1
Taka,Coleoptera,Tenebrionidae,Gonocephalum_seriatum,1
Utirik,Coleoptera,Tenebrionidae,Gonocephalum_seriatum,1
Aldabra,Coleoptera,Tenebrionidae,Gonocephalum_simplex,1
Astove,Coleoptera,Tenebrionidae,Gonocephalum_simplex,1
Cosmoledo,Coleoptera,Tenebrionidae,Gonocephalum_simplex,1
Farquhar,Coleoptera,Tenebrionidae,Gonocephalum_simplex,1
South_Keeling,Coleoptera,Tenebrionidae,Gonocephalum_cf_simplex,1
Diego_Garcia,Coleoptera,Tenebrionidae,Gonocephalum_sp,1
Kwajalein,Coleoptera,Tenebrionidae,Gonocephalum_sp,1
Aldabra,Coleoptera,Tenebrionidae,Leichenum_canaliculatum,1
Aldabra,Coleoptera,Tenebrionidae,Microcrypticus_variegatus,1
Takapoto,Coleoptera,Tenebrionidae,Palorus_austrinus,1
Aldabra,Coleoptera,Tenebrionidae,Phaleria_pallida,1
Midway,Coleoptera,Tenebrionidae,Platydema_subfascia,1
South_Keeling,Coleoptera,Tenebrionidae,Platydema_sp,1
Aldabra,Coleoptera,Tenebrionidae,Plesioderes_madagascariensis,1
Arno,Coleoptera,Tenebrionidae,Rhipidandrus_speculifrons,1
Arno,Coleoptera,Tenebrionidae,Sciophagus_pandanicola,1
Ulithi,Coleoptera,Tenebrionidae,Sciophagus_pandanicola,1
Arno,Coleoptera,Tenebrionidae,Tagalus_angustus,1
Jaluit,Coleoptera,Tenebrionidae,Toxicum_quadricorne,1
Ulithi,Coleoptera,Tenebrionidae,Toxicum_quadricorne,1
Arno,Coleoptera,Tenebrionidae,Tribolium_castaneum,1
Kwajalein,Coleoptera,Tenebrionidae,Tribolium_castaneum,1
Midway,Coleoptera,Tenebrionidae,Tribolium_castaneum,1
Nukunonu,Coleoptera,Tenebrionidae,Tribolium_castaneum,1
South_Keeling,Coleoptera,Tenebrionidae,Tribolium_castaneum,1
Wake,Coleoptera,Tenebrionidae,Tribolium_castaneum,1
Kwajalein,Coleoptera,Tenebrionidae,Tribolium_confusum,1
Abariringa,Coleoptera,Tenebrionidae,Tribolium_ferrugineum,1
Laysan,Coleoptera,Tenebrionidae,Tribolium_ferrugineum,1
Funafuti,Coleoptera,Tenebrionidae,Uloma_cavicollis,1
Funafuti,Coleoptera,Tenebrionidae,Uloma_insularis,1
Ulithi,Coleoptera,Tenebrionidae,Uloma_picicornis,1
Aldabra,Coleoptera,Tenebrionidae,Zidalus_attenuatus,1
Cosmoledo,Coleoptera,Tenebrionidae,Zidalus_attenuatus,1
Aldabra,Coleoptera,Tenebrionidae,Zidalus_insularis,1
Aldabra,Coleoptera,Trogossitidae,Alindria_costulata,1
South_Keeling,Coleoptera,Zopheridae,Bitoma_parallela,1
Diego_Garcia,Coleoptera,Zopheridae,Colobicus_cf_specialis,1
Aldabra,Coleoptera,Zopheridae,Monomma_pruinosum,1
Diego_Garcia,Coleoptera,Zopheridae,Trachypholis_sp,1
Nukunonu,Lepidoptera,Agonoxenidae,Agonoxena_argaula,1
Palmyra,Lepidoptera,Agonoxenidae,Agonoxena_argaula,1
Aldabra,Lepidoptera,Arctiidae,Amerila_aldabrensis,1
Aldabra,Lepidoptera,Arctiidae,Siccia_punctipennis,1
Aldabra,Lepidoptera,Arctiidae,Spatulosia_legrandi,1
Nukunonu,Lepidoptera,Batrachedridae,Batrachedra_arenosella,1
Aldabra,Lepidoptera,Carposinidae,Meridarchis_caementaria,1
Cosmoledo,Lepidoptera,Choreutidae,Anthophila_quincyella,1
Aldabra,Lepidoptera,Copromorphidae,Copromorpha_cryptochlora,1
Cosmoledo,Lepidoptera,Copromorphidae,Copromorpha_cryptochlora,1
Palmyra,Lepidoptera,Cosmopterigidae,Anatrachyntis_incertulella,1
Abariringa,Lepidoptera,Cosmopterigidae,Aphthonetus_sp,1
Aldabra,Lepidoptera,Cosmopterigidae,Ascalenia_bialbipunctella,1
Midway,Lepidoptera,Cosmopterigidae,Asymphorodes_sp,1
Aldabra,Lepidoptera,Cosmopterigidae,Bifascioides_sindonia,1
Aldabra,Lepidoptera,Cosmopterigidae,Cosmopterix_attenuatella,1
Cosmoledo,Lepidoptera,Cosmopterigidae,Cosmopterix_attenuatella,1
Midway,Lepidoptera,Cosmopterigidae,Hyposmocoma_neckerensis,1
Laysan,Lepidoptera,Cosmopterigidae,Hyposmocoma_notabilis,1
Midway,Lepidoptera,Cosmopterigidae,Hyposmocoma_rubescens,1
Nukunonu,Lepidoptera,Cosmopterigidae,Labdia_sp,1
Aldabra,Lepidoptera,Cosmopterigidae,Limnaecia_subharpalea,1
Aldabra,Lepidoptera,Cosmopterigidae,Limnaecia_superharpalea,1
Cosmoledo,Lepidoptera,Cosmopterigidae,Limnaecia_superharpalea,1
Aldabra,Lepidoptera,Cosmopterigidae,Pyroderces_longalitella,1
Cosmoledo,Lepidoptera,Cosmopterigidae,Pyroderces_longalitella,1
Nukunonu,Lepidoptera,Cosmopterigidae,Pyroderces_paroditis,1
Aldabra,Lepidoptera,Cosmopterigidae,Pyroderces_repandatella,1
Cosmoledo,Lepidoptera,Cosmopterigidae,Pyroderces_repandatella,1
Laysan,Lepidoptera,Cosmopterigidae,Pyroderces_rileyi,1
Midway,Lepidoptera,Cosmopterigidae,Pyroderces_rileyi,1
Nukunonu,Lepidoptera,Cosmopterigidae,Trissodoris_honorariella,1
Aldabra,Lepidoptera,Crambidae,Achyra_coelatalis,1
Cosmoledo,Lepidoptera,Crambidae,Achyra_coelatalis,1
Diego_Garcia,Lepidoptera,Crambidae,Achyra_coelatalis,1
Diego_Garcia,Lepidoptera,Crambidae,Aethaloessa_calidalis,1
Aldabra,Lepidoptera,Crambidae,Alytana_aldabralis,1
Aldabra,Lepidoptera,Crambidae,Autocharis_barbieri,1
Aldabra,Lepidoptera,Crambidae,Autocharis_discalis,1
Aldabra,Lepidoptera,Crambidae,Autocharis_linealis,1
Aldabra,Lepidoptera,Crambidae,Bocchoris_inspersalis,1
Aldabra,Lepidoptera,Crambidae,Bocchoris_putrisalis,1
Cosmoledo,Lepidoptera,Crambidae,Bocchoris_putrisalis,1
Kavaratti,Lepidoptera,Crambidae,Bradina_admixtalis,1
Aldabra,Lepidoptera,Crambidae,Bradina_liralis,1
Funafuti,Lepidoptera,Crambidae,Bradina_modestalis,1
Aldabra,Lepidoptera,Crambidae,Chrysocatharylla_agraphellus,1
Aldabra,Lepidoptera,Crambidae,Cirrhochrista_oxylalis,1
Aldabra,Lepidoptera,Crambidae,Cnaphalocrocis_poeyalis,1
Diego_Garcia,Lepidoptera,Crambidae,Cnaphalocrocis_poeyalis,1
South_Keeling,Lepidoptera,Crambidae,Cnaphalocrocis_poeyalis,1
Kwajalein,Lepidoptera,Crambidae,Cnaphalocrocis_trapezalis,1
South_Keeling,Lepidoptera,Crambidae,Crocidolomia_binotalis,1
Aldabra,Lepidoptera,Crambidae,Crocidolomia_pavonina,1
Diego_Garcia,Lepidoptera,Crambidae,Culladia_admigratella,1
Aldabra,Lepidoptera,Crambidae,Diaphana_indica,1
Diego_Garcia,Lepidoptera,Crambidae,Diaphana_indica,1
Kavaratti,Lepidoptera,Crambidae,Diaphana_indica,1
South_Keeling,Lepidoptera,Crambidae,Diaphana_indica,1
Kwajalein,Lepidoptera,Crambidae,Diaphana_sp,1
Aldabra,Lepidoptera,Crambidae,Diasemiopsis_ramburialis,1
Aldabra,Lepidoptera,Crambidae,Diastictis_savyalis,1
Aldabra,Lepidoptera,Crambidae,Duponchelia_fovealis,1
Cosmoledo,Lepidoptera,Crambidae,Duponchelia_fovealis,1
Aldabra,Lepidoptera,Crambidae,Epipagis_olesialis,1
Aldabra,Lepidoptera,Crambidae,Eurrhyparodes_tricoloralis,1
Diego_Garcia,Lepidoptera,Crambidae,Eurrhyparodes_tricoloralis,1
Kavaratti,Lepidoptera,Crambidae,Eurrhyparodes_tricoloralis,1
Kure,Lepidoptera,Crambidae,Hellula_phidilealis,1
Aldabra,Lepidoptera,Crambidae,Hellula_undalis,1
Midway,Lepidoptera,Crambidae,Hellula_undalis,1
Aldabra,Lepidoptera,Crambidae,Herpetogramma_continualis,1
Aldabra,Lepidoptera,Crambidae,Herpetogramma_juba,1
Aldabra,Lepidoptera,Crambidae,Herpetogramma_licarsisalis,1
Diego_Garcia,Lepidoptera,Crambidae,Herpetogramma_licarsisalis,1
Kwajalein,Lepidoptera,Crambidae,Herpetogramma_licarsisalis,1
Midway,Lepidoptera,Crambidae,Herpetogramma_licarsisalis,1
South_Keeling,Lepidoptera,Crambidae,Herpetogramma_licarsisalis,1
Swains,Lepidoptera,Crambidae,Herpetogramma_licarsisalis,1
Aldabra,Lepidoptera,Crambidae,Hodebertia_testalis,1
Aldabra,Lepidoptera,Crambidae,Hyalobathra_retinalis,1
Diego_Garcia,Lepidoptera,Crambidae,Hydriris_ornatalis,1
Farquhar,Lepidoptera,Crambidae,Hydriris_ornatalis,1
Kavaratti,Lepidoptera,Crambidae,Hydriris_ornatalis,1
Aldabra,Lepidoptera,Crambidae,Hymenia_perspectalis,1
Aldabra,Lepidoptera,Crambidae,Hymenoptychis_sordida,1
Kavaratti,Lepidoptera,Crambidae,Ischnurges_gratiosalis,1
Aldabra,Lepidoptera,Crambidae,Ischnurges_lancinalis,1
Kavaratti,Lepidoptera,Crambidae,Lamprosema_niphealis,1
Diego_Garcia,Lepidoptera,Crambidae,Lamprosema_poeonalis,1
Diego_Garcia,Lepidoptera,Crambidae,Lamprosema_salomonalis,1
Kavaratti,Lepidoptera,Crambidae,Leucinodes_orbinalis,1
Aldabra,Lepidoptera,Crambidae,Mimudea_ablactalis,1
Glorioso,Lepidoptera,Crambidae,Mimudea_holoxuthalis,1
Aldabra,Lepidoptera,Crambidae,Nausinoe_aphrospila,1
Aldabra,Lepidoptera,Crambidae,Nausinoe_capensis,1
Aldabra,Lepidoptera,Crambidae,Noorda_blitealis,1
Aldabra,Lepidoptera,Crambidae,Notarcha_digitalis,1
Jaluit,Lepidoptera,Crambidae,Omiodes_diemenalis,1
Kwajalein,Lepidoptera,Crambidae,Omiodes_diemenalis,1
Majuro,Lepidoptera,Crambidae,Omiodes_diemenalis,1
Aldabra,Lepidoptera,Crambidae,Omiodes_indicata,1
Laysan,Lepidoptera,Crambidae,Omiodes_laysanensis,1
Aldabra,Lepidoptera,Crambidae,Ommatobotys_aldabralis,1
Aldabra,Lepidoptera,Crambidae,Pagyda_sounanalis,1
Cosmoledo,Lepidoptera,Crambidae,Pagyda_sounanalis,1
Aldabra,Lepidoptera,Crambidae,Palpita_vitrealis,1
Aldabra,Lepidoptera,Crambidae,Parapoynx_fluctuosalis,1
Aldabra,Lepidoptera,Crambidae,Pardomima_zanclophora,1
Diego_Garcia,Lepidoptera,Crambidae,Parotis_suralis,1
Funafuti,Lepidoptera,Crambidae,Parotis_suralis,1
Kavaratti,Lepidoptera,Crambidae,Parotis_suralis,1
Aldabra,Lepidoptera,Crambidae,Pessocosma_prolalis,1
Cosmoledo,Lepidoptera,Crambidae,Pessocosma_prolalis,1
Funafuti,Lepidoptera,Crambidae,Piletocera_fluctualis,1
Kwajalein,Lepidoptera,Crambidae,Piletocera_signiferalis,1
Nukunonu,Lepidoptera,Crambidae,Piletocera_signiferalis,1
Palmyra,Lepidoptera,Crambidae,Piletocera_signiferalis,1
Kavaratti,Lepidoptera,Crambidae,Psara_acrospila,1
South_Keeling,Lepidoptera,Crambidae,Psara_stultalis,1
Laysan,Lepidoptera,Crambidae,Pyrausta_dryadopa,1
Aldabra,Lepidoptera,Crambidae,Pyrausta_fuscolarosalis,1
Aldabra,Lepidoptera,Crambidae,Pyrausta_perfervidalis,1
Aldabra,Lepidoptera,Crambidae,Pyrausta_prostygialis,1
Aldabra,Lepidoptera,Crambidae,Pyrausta_zyphalis,1
Diego_Garcia,Lepidoptera,Crambidae,Sameodes_cancellalis,1
Aldabra,Lepidoptera,Crambidae,Scirpophaga_occidentella,1
Abariringa,Lepidoptera,Crambidae,Spoladea_recurvalis,1
Aldabra,Lepidoptera,Crambidae,Spoladea_recurvalis,1
Clipperton,Lepidoptera,Crambidae,Spoladea_recurvalis,1
Cosmoledo,Lepidoptera,Crambidae,Spoladea_recurvalis,1
Diego_Garcia,Lepidoptera,Crambidae,Spoladea_recurvalis,1
Farquhar,Lepidoptera,Crambidae,Spoladea_recurvalis,1
French_Frigate_Shoals,Lepidoptera,Crambidae,Spoladea_recurvalis,1
Glorioso,Lepidoptera,Crambidae,Spoladea_recurvalis,1
Kavaratti,Lepidoptera,Crambidae,Spoladea_recurvalis,1
Kwajalein,Lepidoptera,Crambidae,Spoladea_recurvalis,1
Laysan,Lepidoptera,Crambidae,Spoladea_recurvalis,1
Midway,Lepidoptera,Crambidae,Spoladea_recurvalis,1
Pearl_and_Hermes,Lepidoptera,Crambidae,Spoladea_recurvalis,1
South_Keeling,Lepidoptera,Crambidae,Spoladea_recurvalis,1
Aldabra,Lepidoptera,Crambidae,Stemorrhages_sericea,1
Aldabra,Lepidoptera,Crambidae,Stenia_laportei,1
Diego_Garcia,Lepidoptera,Crambidae,Sufetula_minimalis,1
Kavaratti,Lepidoptera,Crambidae,Syllepte_penthodes,1
Farquhar,Lepidoptera,Crambidae,Syllepte_straminea,1
Aldabra,Lepidoptera,Crambidae,Synclera_seychellensis,1
Aldabra,Lepidoptera,Crambidae,Synclera_traducalis,1
Aldabra,Lepidoptera,Crambidae,Syngamia_abruptalis,1
Kwajalein,Lepidoptera,Crambidae,Syngamia_floridalis,1
Aldabra,Lepidoptera,Crambidae,Thyridiphora_furia,1
Laysan,Lepidoptera,Crambidae,Udea_dryadopa,1
Aldabra,Lepidoptera,Elachistidae,Ethmia_nigroapicella,1
Cosmoledo,Lepidoptera,Elachistidae,Ethmia_nigroapicella,1
Abariringa,Lepidoptera,Elachistidae,Petrochroa_dimorpha,1
Kure,Lepidoptera,Elachistidae,Petrochroa_dimorpha,1
Laysan,Lepidoptera,Elachistidae,Petrochroa_dimorpha,1
Pearl_and_Hermes,Lepidoptera,Elachistidae,Petrochroa_dimorpha,1
Wake,Lepidoptera,Elachistidae,Petrochroa_dimorpha,1
Aldabra,Lepidoptera,Erebidae,Achaea_catella,1
Abariringa,Lepidoptera,Erebidae,Achaea_janata,1
Funafuti,Lepidoptera,Erebidae,Achaea_janata,1
Johnston,Lepidoptera,Erebidae,Achaea_janata,1
Kwajalein,Lepidoptera,Erebidae,Achaea_janata,1
Midway,Lepidoptera,Erebidae,Achaea_janata,1
Nukunonu,Lepidoptera,Erebidae,Achaea_janata,1
Onotoa,Lepidoptera,Erebidae,Achaea_janata,1
Rose,Lepidoptera,Erebidae,Achaea_janata,1
South_Keeling,Lepidoptera,Erebidae,Achaea_janata,1
Wake,Lepidoptera,Erebidae,Achaea_janata,1
Aldabra,Lepidoptera,Erebidae,Achaea_mercatoria,1
Cosmoledo,Lepidoptera,Erebidae,Achaea_mercatoria,1
Aldabra,Lepidoptera,Erebidae,Achaea_violaceofascia,1
Arno,Lepidoptera,Erebidae,Achaea_sp,1
Kwajalein,Lepidoptera,Erebidae,Achaea_sp,1
Diego_Garcia,Lepidoptera,Erebidae,Anomis_sabulifera,1
Nukunonu,Lepidoptera,Erebidae,Anomis_samoana,1
Aldabra,Lepidoptera,Erebidae,Autoba_costimacula,1
Aldabra,Lepidoptera,Erebidae,Catephia_squamosa,1
South_Keeling,Lepidoptera,Erebidae,Catephia_sp,1
Glorioso,Lepidoptera,Erebidae,Cyligramma_latona,1
Aldabra,Lepidoptera,Erebidae,Dysgonia_algira,1
Aldabra,Lepidoptera,Erebidae,Dysgonia_torrida,1
Cosmoledo,Lepidoptera,Erebidae,Dysgonia_torrida,1
Glorioso,Lepidoptera,Erebidae,Dysgonia_torrida,1
Aldabra,Lepidoptera,Erebidae,Eilema_aldabrensis,1
Diego_Garcia,Lepidoptera,Erebidae,Eilema_antica,1
Diego_Garcia,Lepidoptera,Erebidae,Eublemma_cochylioides,1
Aldabra,Lepidoptera,Erebidae,Eublemma_costimacula,1
Diego_Garcia,Lepidoptera,Erebidae,Eublemma_rivula,1
Farquhar,Lepidoptera,Erebidae,Eublemma_rivula,1
Kavaratti,Lepidoptera,Erebidae,Euproctis_varians,1
Farquhar,Lepidoptera,Erebidae,Grammodes_bifasciata,1
Aldabra,Lepidoptera,Erebidae,Grammodes_stolida,1
Kavaratti,Lepidoptera,Erebidae,Hypena_indicatalis,1
Midway,Lepidoptera,Erebidae,Hypena_lacteratalis,1
Laysan,Lepidoptera,Erebidae,Hypena_laysanensis,1
Clipperton,Lepidoptera,Erebidae,Hypena_minualis,1
South_Keeling,Lepidoptera,Erebidae,Hypena_strigatus,1
Diego_Garcia,Lepidoptera,Erebidae,Mocis_frugalis,1
Farquhar,Lepidoptera,Erebidae,Mocis_frugalis,1
Funafuti,Lepidoptera,Erebidae,Mocis_frugalis,1
Kwajalein,Lepidoptera,Erebidae,Mocis_frugalis,1
Swains,Lepidoptera,Erebidae,Mocis_frugalis,1
Aldabra,Lepidoptera,Erebidae,Nodaria_externalis,1
South_Keeling,Lepidoptera,Erebidae,Ophiusa_coronata,1
Aldabra,Lepidoptera,Erebidae,Ophiusa_legendrei,1
Aldabra,Lepidoptera,Erebidae,Rivula_bicolorana,1
Cosmoledo,Lepidoptera,Erebidae,Rivula_bicolorana,1
Kavaratti,Lepidoptera,Erebidae,Simplicia_robustalis,1
Glorioso,Lepidoptera,Erebidae,Sphingomorpha_chlorea,1
Aldabra,Lepidoptera,Erebidae,Utetheisa_lactea,1
Cosmoledo,Lepidoptera,Erebidae,Utetheisa_lactea,1
Farquhar,Lepidoptera,Erebidae,Utetheisa_lactea,1
Glorioso,Lepidoptera,Erebidae,Utetheisa_lactea,1
Aldabra,Lepidoptera,Erebidae,Utetheisa_pulchella,1
Cosmoledo,Lepidoptera,Erebidae,Utetheisa_pulchella,1
Glorioso,Lepidoptera,Erebidae,Utetheisa_pulchella,1
Kavaratti,Lepidoptera,Erebidae,Utetheisa_pulchella,1
Abariringa,Lepidoptera,Erebidae,Utetheisa_pulchelloides,1
Aldabra,Lepidoptera,Erebidae,Utetheisa_pulchelloides,1
Arno,Lepidoptera,Erebidae,Utetheisa_pulchelloides,1
Diego_Garcia,Lepidoptera,Erebidae,Utetheisa_pulchelloides,1
Ducie,Lepidoptera,Erebidae,Utetheisa_pulchelloides,1
Eniwetok,Lepidoptera,Erebidae,Utetheisa_pulchelloides,1
Jaluit,Lepidoptera,Erebidae,Utetheisa_pulchelloides,1
Kwajalein,Lepidoptera,Erebidae,Utetheisa_pulchelloides,1
Midway,Lepidoptera,Erebidae,Utetheisa_pulchelloides,1
Nukunonu,Lepidoptera,Erebidae,Utetheisa_pulchelloides,1
Onotoa,Lepidoptera,Erebidae,Utetheisa_pulchelloides,1
Rose,Lepidoptera,Erebidae,Utetheisa_pulchelloides,1
South_Keeling,Lepidoptera,Erebidae,Utetheisa_pulchelloides,1
Swains,Lepidoptera,Erebidae,Utetheisa_pulchelloides,1
Wake,Lepidoptera,Erebidae,Utetheisa_pulchelloides,1
Aldabra,Lepidoptera,Euteliidae,Atacira_mima,1
Aldabra,Lepidoptera,Euteliidae,Eutelia_blandiatrix,1
Aldabra,Lepidoptera,Gelechiidae,Anarsia_crassipalpella,1
Aldabra,Lepidoptera,Gelechiidae,Dichomeris_seminata,1
Aldabra,Lepidoptera,Gelechiidae,Hypatima_procax,1
Aldabra,Lepidoptera,Gelechiidae,Pectinophora_gossypiella,1
Cosmoledo,Lepidoptera,Gelechiidae,Pectinophora_gossypiella,1
Aldabra,Lepidoptera,Gelechiidae,Polyhymno_colorata,1
Cosmoledo,Lepidoptera,Gelechiidae,Polyhymno_colorata,1
Aldabra,Lepidoptera,Gelechiidae,Thiotricha_tenuis,1
Cosmoledo,Lepidoptera,Gelechiidae,Thiotricha_tenuis,1
Aldabra,Lepidoptera,Geometridae,Chlorissa_stibolepida,1
Cosmoledo,Lepidoptera,Geometridae,Chlorissa_stibolepida,1
Farquhar,Lepidoptera,Geometridae,Chlorissa_stibolepida,1
Diego_Garcia,Lepidoptera,Geometridae,Chloroclystis_immixtaria,1
Aldabra,Lepidoptera,Geometridae,Chloroclystis_nigella,1
Cosmoledo,Lepidoptera,Geometridae,Chloroclystis_nigella,1
Aldabra,Lepidoptera,Geometridae,Chloroclystis_oceanica,1
Cosmoledo,Lepidoptera,Geometridae,Chloroclystis_oceanica,1
South_Keeling,Lepidoptera,Geometridae,Chloroclystis_sp,1
Aldabra,Lepidoptera,Geometridae,Colocleora_acharis,1
Aldabra,Lepidoptera,Geometridae,Comostolopsis_simplex,1
Aldabra,Lepidoptera,Geometridae,Comostolopsis_stillata,1
Nukunonu,Lepidoptera,Geometridae,Cosmethis_woodfordii,1
Aldabra,Lepidoptera,Geometridae,Erastria_madecassaria,1
Cosmoledo,Lepidoptera,Geometridae,Erastria_madecassaria,1
Takapoto,Lepidoptera,Geometridae,Gymnoscelis_sp,1
Aldabra,Lepidoptera,Geometridae,Idaea_poecilocrossa,1
Cosmoledo,Lepidoptera,Geometridae,Idaea_poecilocrossa,1
Aldabra,Lepidoptera,Geometridae,Idaea_pulveraria,1
Aldabra,Lepidoptera,Geometridae,Isturgia_pulinda,1
Aldabra,Lepidoptera,Geometridae,Problepsis_deducta,1
Johnston,Lepidoptera,Geometridae,Psamatodes_abydata,1
Diego_Garcia,Lepidoptera,Geometridae,Pyrrhorachis_pyrrhogona,1
Kavaratti,Lepidoptera,Geometridae,Racotis_boarmiaria,1
Aldabra,Lepidoptera,Geometridae,Scardamia_maculata,1
Diego_Garcia,Lepidoptera,Geometridae,Scopula_actuaria,1
Kavaratti,Lepidoptera,Geometridae,Scopula_addictaria,1
Aldabra,Lepidoptera,Geometridae,Scopula_aspiciens,1
Kavaratti,Lepidoptera,Geometridae,Scopula_aspilataria,1
Aldabra,Lepidoptera,Geometridae,Scopula_minorata,1
Cosmoledo,Lepidoptera,Geometridae,Scopula_minorata,1
Farquhar,Lepidoptera,Geometridae,Scopula_minorata,1
Aldabra,Lepidoptera,Geometridae,Scopula_sparsipunctata,1
Cosmoledo,Lepidoptera,Geometridae,Scopula_sparsipunctata,1
Aldabra,Lepidoptera,Geometridae,Thalassodes_quadraria,1
Aldabra,Lepidoptera,Geometridae,Xenimpia_trizonata,1
Aldabra,Lepidoptera,Gracillariidae,Acrocercops_largoplaga,1
Cosmoledo,Lepidoptera,Gracillariidae,Caloptilia_tirantella,1
Bikini,Lepidoptera,Hesperiidae,Badamia_exclamationis,1
Eniwetok,Lepidoptera,Hesperiidae,Badamia_exclamationis,1
Jaluit,Lepidoptera,Hesperiidae,Badamia_exclamationis,1
Kwajalein,Lepidoptera,Hesperiidae,Badamia_exclamationis,1
Likiep,Lepidoptera,Hesperiidae,Badamia_exclamationis,1
Majuro,Lepidoptera,Hesperiidae,Badamia_exclamationis,1
Rongelap,Lepidoptera,Hesperiidae,Badamia_exclamationis,1
Aldabra,Lepidoptera,Hesperiidae,Borbo_borbonica,1
Kavaratti,Lepidoptera,Hesperiidae,Borbo_cinnara,1
Aldabra,Lepidoptera,Hesperiidae,Borbo_gemella,1
Aldabra,Lepidoptera,Hesperiidae,Coeliades_forestan,1
Cosmoledo,Lepidoptera,Hesperiidae,Coeliades_forestan,1
Aldabra,Lepidoptera,Hesperiidae,Eagris_sabadius,1
Astove,Lepidoptera,Hesperiidae,Pelopidas_mathias,1
Aldabra,Lepidoptera,Hyblaeidae,Hyblaea_puera,1
Cosmoledo,Lepidoptera,Hyblaeidae,Hyblaea_puera,1
Aldabra,Lepidoptera,Hyblaeidae,Hyblaea_xanthia,1
Aldabra,Lepidoptera,Immidae,Imma_francenella,1
Aldabra,Lepidoptera,Immidae,Imma_quaestoria,1
Aldabra,Lepidoptera,Lecithoceridae,Odites_arenella,1
Ant,Lepidoptera,Lycaenidae,Catochrysops_panormus,1
Nomwin,Lepidoptera,Lycaenidae,Catochrysops_panormus,1
Diego_Garcia,Lepidoptera,Lycaenidae,Euchrysops_cnejus,1
Aldabra,Lepidoptera,Lycaenidae,Euchrysops_osiris,1
Aldabra,Lepidoptera,Lycaenidae,Hypolycaena_philippus,1
Cosmoledo,Lepidoptera,Lycaenidae,Hypolycaena_philippus,1
Lukunor,Lepidoptera,Lycaenidae,Jamides_bochus,1
Satawan,Lepidoptera,Lycaenidae,Jamides_bochus,1
Aldabra,Lepidoptera,Lycaenidae,Lampides_boeticus,1
Cosmoledo,Lepidoptera,Lycaenidae,Lampides_boeticus,1
Kwajalein,Lepidoptera,Lycaenidae,Lampides_boeticus,1
Nomwin,Lepidoptera,Lycaenidae,Lampides_boeticus,1
Satawan,Lepidoptera,Lycaenidae,Lampides_boeticus,1
Sorol,Lepidoptera,Lycaenidae,Lampides_boeticus,1
Aldabra,Lepidoptera,Lycaenidae,Leptotes_pirithous,1
Astove,Lepidoptera,Lycaenidae,Leptotes_pirithous,1
Cosmoledo,Lepidoptera,Lycaenidae,Leptotes_pirithous,1
South_Keeling,Lepidoptera,Lycaenidae,Nacaduba_biocellata,1
Diego_Garcia,Lepidoptera,Lycaenidae,Petrelaea_dana,1
Kavaratti,Lepidoptera,Lycaenidae,Spalgis_epeus,1
Aldabra,Lepidoptera,Lycaenidae,Zizeeria_knysna,1
Farquhar,Lepidoptera,Lycaenidae,Zizeeria_knysna,1
Aldabra,Lepidoptera,Lycaenidae,Zizula_hylax,1
Kavaratti,Lepidoptera,Lycaenidae,Zizula_hylax,1
Satawan,Lepidoptera,Lycaenidae,Zizula_hylax,1
Aldabra,Lepidoptera,Lyonetiidae,Leucoptera_aldabrana,1
Aldabra,Lepidoptera,Metachandidae,Metachanda_aldabrella,1
Aldabra,Lepidoptera,Nepticulidae,Stigmella_tropicatella,1
Cosmoledo,Lepidoptera,Nepticulidae,Stigmella_tropicatella,1
Aldabra,Lepidoptera,Noctuidae,Acontia_malgassica,1
Astove,Lepidoptera,Noctuidae,Acontia_malgassica,1
Cosmoledo,Lepidoptera,Noctuidae,Acontia_malgassica,1
Aldabra,Lepidoptera,Noctuidae,Acontia_rachiastris,1
Cosmoledo,Lepidoptera,Noctuidae,Acontia_rachiastris,1
Farquhar,Lepidoptera,Noctuidae,Acontia_zelleri,1
Cosmoledo,Lepidoptera,Noctuidae,Agrotis_consentanea,1
Laysan,Lepidoptera,Noctuidae,Agrotis_crinigera,1
Laysan,Lepidoptera,Noctuidae,Agrotis_dislocata,1
Laysan,Lepidoptera,Noctuidae,Agrotis_eremioides,1
Laysan,Lepidoptera,Noctuidae,Agrotis_evanescens,1
Laysan,Lepidoptera,Noctuidae,Agrotis_fasciata,1
Midway,Lepidoptera,Noctuidae,Agrotis_fasciata,1
Kure,Lepidoptera,Noctuidae,Agrotis_ipsilon,1
Midway,Lepidoptera,Noctuidae,Agrotis_ipsilon,1
French_Frigate_Shoals,Lepidoptera,Noctuidae,Agrotis_kerri,1
Laysan,Lepidoptera,Noctuidae,Agrotis_laysanensis,1
Laysan,Lepidoptera,Noctuidae,Agrotis_procellaris,1
Kavaratti,Lepidoptera,Noctuidae,Aletia_languida,1
Diego_Garcia,Lepidoptera,Noctuidae,Amyna_axis,1
Abariringa,Lepidoptera,Noctuidae,Amyna_octo,1
Aldabra,Lepidoptera,Noctuidae,Amyna_octo,1
Cosmoledo,Lepidoptera,Noctuidae,Amyna_octo,1
Funafuti,Lepidoptera,Noctuidae,Amyna_octo,1
Kavaratti,Lepidoptera,Noctuidae,Anua_coronata,1
Kwajalein,Lepidoptera,Noctuidae,Anua_coronata,1
Johnston,Lepidoptera,Noctuidae,Ascalapha_odorata,1
Aldabra,Lepidoptera,Noctuidae,Attatha_gaetana,1
Kavaratti,Lepidoptera,Noctuidae,Athetis_obtusa,1
Aldabra,Lepidoptera,Noctuidae,Aulotarache_decoripennis,1
Aldabra,Lepidoptera,Noctuidae,Avatha_extranea,1
Kwajalein,Lepidoptera,Noctuidae,Azazia_rubricans,1
Diego_Garcia,Lepidoptera,Noctuidae,Berresa_natalis,1
Kwajalein,Lepidoptera,Noctuidae,Bocana_manifestalis,1
Diego_Garcia,Lepidoptera,Noctuidae,Callopistria_maillardi,1
Nukunonu,Lepidoptera,Noctuidae,Callopistria_maillardi,1
Swains,Lepidoptera,Noctuidae,Callopistria_maillardi,1
Aldabra,Lepidoptera,Noctuidae,Chalciope_delta,1
Kavaratti,Lepidoptera,Noctuidae,Chalciope_mygdon,1
Diego_Garcia,Lepidoptera,Noctuidae,Chasmina_candida,1
Kavaratti,Lepidoptera,Noctuidae,Chasmina_candida,1
South_Keeling,Lepidoptera,Noctuidae,Chasmina_candida,1
Diego_Garcia,Lepidoptera,Noctuidae,Chasmina_tibialis,1
Kavaratti,Lepidoptera,Noctuidae,Chasmina_tibialis,1
Aldabra,Lepidoptera,Noctuidae,Chrysodeixis_chalcites,1
Farquhar,Lepidoptera,Noctuidae,Chrysodeixis_chalcites,1
French_Frigate_Shoals,Lepidoptera,Noctuidae,Chrysodeixis_chalcites,1
Kure,Lepidoptera,Noctuidae,Chrysodeixis_chalcites,1
Kwajalein,Lepidoptera,Noctuidae,Chrysodeixis_chalcites,1
Laysan,Lepidoptera,Noctuidae,Chrysodeixis_chalcites,1
Midway,Lepidoptera,Noctuidae,Chrysodeixis_chalcites,1
Palmyra,Lepidoptera,Noctuidae,Chrysodeixis_chalcites,1
South_Keeling,Lepidoptera,Noctuidae,Chrysodeixis_chalcites,1
Midway,Lepidoptera,Noctuidae,Chrysodeixis_eriosoma,1
Palmyra,Lepidoptera,Noctuidae,Chrysodeixis_eriosoma,1
South_Keeling,Lepidoptera,Noctuidae,Chrysodeixis_eriosoma,1
Clipperton,Lepidoptera,Noctuidae,Chrysodeixis_includens,1
Kavaratti,Lepidoptera,Noctuidae,Chrysodeixis_permissa,1
Diego_Garcia,Lepidoptera,Noctuidae,Condica_conducta,1
Kwajalein,Lepidoptera,Noctuidae,Condica_cf_capensis,1
Aldabra,Lepidoptera,Noctuidae,Conochuza_lineola,1
Laysan,Lepidoptera,Noctuidae,Elaphria_nucicolora,1
Aldabra,Lepidoptera,Noctuidae,Ericeia_inangulata,1
Cosmoledo,Lepidoptera,Noctuidae,Ericeia_inangulata,1
Aldabra,Lepidoptera,Noctuidae,Eulocastra_neoexcisa,1
Abariringa,Lepidoptera,Noctuidae,Helicoverpa_armigera,1
Aldabra,Lepidoptera,Noctuidae,Helicoverpa_armigera,1
Cosmoledo,Lepidoptera,Noctuidae,Helicoverpa_armigera,1
South_Keeling,Lepidoptera,Noctuidae,Helicoverpa_armigera,1
Aldabra,Lepidoptera,Noctuidae,Helicoverpa_assulta,1
South_Keeling,Lepidoptera,Noctuidae,Helicoverpa_assulta,1
Kure,Lepidoptera,Noctuidae,Helicoverpa_zea,1
Midway,Lepidoptera,Noctuidae,Helicoverpa_zea,1
Pearl_and_Hermes,Lepidoptera,Noctuidae,Helicoverpa_zea,1
Laysan,Lepidoptera,Noctuidae,Heliothis_sp,1
Kavaratti,Lepidoptera,Noctuidae,Hydrillodes_lentalis,1
Aldabra,Lepidoptera,Noctuidae,Hypendalia_microscopica,1
Diego_Garcia,Lepidoptera,Noctuidae,Ilattia_octo,1
Aldabra,Lepidoptera,Noctuidae,Leucania_loreyi,1
South_Keeling,Lepidoptera,Noctuidae,Leucania_loreyi,1
Midway,Lepidoptera,Noctuidae,Leucania_loreyimima,1
Laysan,Lepidoptera,Noctuidae,Lycophotia_porphyrea,1
Kavaratti,Lepidoptera,Noctuidae,Maliattha_signifera,1
Aldabra,Lepidoptera,Noctuidae,Mythimna_madensis,1
Laysan,Lepidoptera,Noctuidae,Mythimna_unipuncta,1
Clipperton,Lepidoptera,Noctuidae,Neogalea_sunia,1
Aldabra,Lepidoptera,Noctuidae,Oedebasis_ovipennis,1
Aldabra,Lepidoptera,Noctuidae,Oediplexia_citrophila,1
Aldabra,Lepidoptera,Noctuidae,Oglasa_calimanii,1
South_Keeling,Lepidoptera,Noctuidae,Oxygonitis_sericeata,1
Aldabra,Lepidoptera,Noctuidae,Ozarba_aldabrae,1
Cosmoledo,Lepidoptera,Noctuidae,Ozarba_aldabrae,1
Kavaratti,Lepidoptera,Noctuidae,Pantydia_metaspila,1
Aldabra,Lepidoptera,Noctuidae,Parafodina_aldabrana,1
Laysan,Lepidoptera,Noctuidae,Peridroma_chersitoides,1
Laysan,Lepidoptera,Noctuidae,Peridroma_evanescens,1
Aldabra,Lepidoptera,Noctuidae,Perigea_aldabrae,1
Aldabra,Lepidoptera,Noctuidae,Polydesma_umbricola,1
Kavaratti,Lepidoptera,Noctuidae,Polytela_gloriosae,1
Diego_Garcia,Lepidoptera,Noctuidae,Porphyrinia_cochylioides,1
Laysan,Lepidoptera,Noctuidae,Prodenia_laysanensis,1
Diego_Garcia,Lepidoptera,Noctuidae,Prospalta_capensis,1
Laysan,Lepidoptera,Noctuidae,Pseudaletia_unipuncta,1
Midway,Lepidoptera,Noctuidae,Pseudaletia_unipuncta,1
Diego_Garcia,Lepidoptera,Noctuidae,Remigia_frugalis,1
Farquhar,Lepidoptera,Noctuidae,Remigia_frugalis,1
South_Keeling,Lepidoptera,Noctuidae,Remigia_frugalis,1
Clipperton,Lepidoptera,Noctuidae,Spodoptera_albula,1
Abariringa,Lepidoptera,Noctuidae,Spodoptera_exempta,1
Eniwetok,Lepidoptera,Noctuidae,Spodoptera_exempta,1
French_Frigate_Shoals,Lepidoptera,Noctuidae,Spodoptera_exempta,1
Johnston,Lepidoptera,Noctuidae,Spodoptera_exempta,1
Kwajalein,Lepidoptera,Noctuidae,Spodoptera_exempta,1
Midway,Lepidoptera,Noctuidae,Spodoptera_exempta,1
Clipperton,Lepidoptera,Noctuidae,Spodoptera_exigua,1
Laysan,Lepidoptera,Noctuidae,Spodoptera_exigua,1
Aldabra,Lepidoptera,Noctuidae,Spodoptera_littoralis,1
Diego_Garcia,Lepidoptera,Noctuidae,Spodoptera_littoralis,1
South_Keeling,Lepidoptera,Noctuidae,Spodoptera_littoralis,1
Abariringa,Lepidoptera,Noctuidae,Spodoptera_litura,1
Diego_Garcia,Lepidoptera,Noctuidae,Spodoptera_litura,1
Eniwetok,Lepidoptera,Noctuidae,Spodoptera_litura,1
Kiritimati,Lepidoptera,Noctuidae,Spodoptera_litura,1
Kwajalein,Lepidoptera,Noctuidae,Spodoptera_litura,1
Midway,Lepidoptera,Noctuidae,Spodoptera_litura,1
Palmyra,Lepidoptera,Noctuidae,Spodoptera_litura,1
Pearl_and_Hermes,Lepidoptera,Noctuidae,Spodoptera_litura,1
Rose,Lepidoptera,Noctuidae,Spodoptera_litura,1
South_Keeling,Lepidoptera,Noctuidae,Spodoptera_litura,1
Diego_Garcia,Lepidoptera,Noctuidae,Spodoptera_mauritia,1
Kavaratti,Lepidoptera,Noctuidae,Spodoptera_mauritia,1
Kure,Lepidoptera,Noctuidae,Spodoptera_mauritia,1
Kwajalein,Lepidoptera,Noctuidae,Spodoptera_mauritia,1
Midway,Lepidoptera,Noctuidae,Spodoptera_mauritia,1
Nukunonu,Lepidoptera,Noctuidae,Spodoptera_mauritia,1
South_Keeling,Lepidoptera,Noctuidae,Spodoptera_mauritia,1
Kwajalein,Lepidoptera,Noctuidae,Spodoptera_picta,1
Kure,Lepidoptera,Noctuidae,Spodoptera_sp,1
Midway,Lepidoptera,Noctuidae,Spodoptera_sp,1
Diego_Garcia,Lepidoptera,Noctuidae,Stictoptera_hironsi,1
Aldabra,Lepidoptera,Noctuidae,Tephrialia_glyptalis,1
Laysan,Lepidoptera,Noctuidae,Trichoplusia_ni,1
Aldabra,Lepidoptera,Noctuidae,Trigonodes_hyppasia,1
Glorioso,Lepidoptera,Noctuidae,Trigonodes_hyppasia,1
Aldabra,Lepidoptera,Noctuidae,Zeuxinia_aeschrinia,1
Aldabra,Lepidoptera,Nolidae,Bryophilopsis_griseoplaga,1
Cosmoledo,Lepidoptera,Nolidae,Bryophilopsis_griseoplaga,1
Aldabra,Lepidoptera,Nolidae,Bryophilopsis_lunifera,1
Aldabra,Lepidoptera,Nolidae,Bryophilopsis_nesta,1
Astove,Lepidoptera,Nolidae,Bryophilopsis_nesta,1
Aldabra,Lepidoptera,Nolidae,Bryophilopsis_roederi,1
Aldabra,Lepidoptera,Nolidae,Bryophilopsis_tarachoides,1
Aldabra,Lepidoptera,Nolidae,Celama_squalida,1
Kavaratti,Lepidoptera,Nolidae,Celama_squalida,1
Cosmoledo,Lepidoptera,Nolidae,Celama_tarzanae,1
Aldabra,Lepidoptera,Nolidae,Celama_vidoti,1
Cosmoledo,Lepidoptera,Nolidae,Celama_vidoti,1
Diego_Garcia,Lepidoptera,Nolidae,Characoma_nilotica,1
Aldabra,Lepidoptera,Nolidae,Earias_insulana,1
Glorioso,Lepidoptera,Nolidae,Xanthodes_albago,1
Aldabra,Lepidoptera,Notodontidae,Iridoplitis_malgassica,1
Aldabra,Lepidoptera,Nymphalidae,Acraea_ranavalona,1
Astove,Lepidoptera,Nymphalidae,Acraea_ranavalona,1
Aldabra,Lepidoptera,Nymphalidae,Acraea_terpsicore,1
Astove,Lepidoptera,Nymphalidae,Acraea_terpsicore,1
Cosmoledo,Lepidoptera,Nymphalidae,Acraea_terpsicore,1
Kavaratti,Lepidoptera,Nymphalidae,Acraea_violae,1
Aldabra,Lepidoptera,Nymphalidae,Danaus_chrysippus,1
Astove,Lepidoptera,Nymphalidae,Danaus_chrysippus,1
Cosmoledo,Lepidoptera,Nymphalidae,Danaus_chrysippus,1
Glorioso,Lepidoptera,Nymphalidae,Danaus_chrysippus,1
South_Keeling,Lepidoptera,Nymphalidae,Danaus_chrysippus,1
Kavaratti,Lepidoptera,Nymphalidae,Danaus_limniace,1
Abariringa,Lepidoptera,Nymphalidae,Danaus_plexippus,1
Arno,Lepidoptera,Nymphalidae,Danaus_plexippus,1
Jaluit,Lepidoptera,Nymphalidae,Danaus_plexippus,1
Likiep,Lepidoptera,Nymphalidae,Danaus_plexippus,1
Lukunor,Lepidoptera,Nymphalidae,Danaus_plexippus,1
Majuro,Lepidoptera,Nymphalidae,Danaus_plexippus,1
Nomwin,Lepidoptera,Nymphalidae,Danaus_plexippus,1
Pingelap,Lepidoptera,Nymphalidae,Danaus_plexippus,1
South_Keeling,Lepidoptera,Nymphalidae,Danaus_plexippus,1
Swains,Lepidoptera,Nymphalidae,Danaus_plexippus,1
Tabuaeran,Lepidoptera,Nymphalidae,Danaus_plexippus,1
Funafuti,Lepidoptera,Nymphalidae,Euploea_algea,1
Kavaratti,Lepidoptera,Nymphalidae,Euploea_core,1
South_Keeling,Lepidoptera,Nymphalidae,Euploea_core,1
Funafuti,Lepidoptera,Nymphalidae,Euploea_lewinii,1
Nukunonu,Lepidoptera,Nymphalidae,Euploea_lewinii,1
Swains,Lepidoptera,Nymphalidae,Euploea_lewinii,1
Aldabra,Lepidoptera,Nymphalidae,Euploea_mitra,1
Abariringa,Lepidoptera,Nymphalidae,Hypolimnas_bolina,1
Ant,Lepidoptera,Nymphalidae,Hypolimnas_bolina,1
Arno,Lepidoptera,Nymphalidae,Hypolimnas_bolina,1
Bikini,Lepidoptera,Nymphalidae,Hypolimnas_bolina,1
Diego_Garcia,Lepidoptera,Nymphalidae,Hypolimnas_bolina,1
Eniwetok,Lepidoptera,Nymphalidae,Hypolimnas_bolina,1
Funafuti,Lepidoptera,Nymphalidae,Hypolimnas_bolina,1
Jaluit,Lepidoptera,Nymphalidae,Hypolimnas_bolina,1
Kapingamarangi,Lepidoptera,Nymphalidae,Hypolimnas_bolina,1
Kiritimati,Lepidoptera,Nymphalidae,Hypolimnas_bolina,1
Kwajalein,Lepidoptera,Nymphalidae,Hypolimnas_bolina,1
Likiep,Lepidoptera,Nymphalidae,Hypolimnas_bolina,1
Majuro,Lepidoptera,Nymphalidae,Hypolimnas_bolina,1
Mokil,Lepidoptera,Nymphalidae,Hypolimnas_bolina,1
Murilo,Lepidoptera,Nymphalidae,Hypolimnas_bolina,1
Nomwin,Lepidoptera,Nymphalidae,Hypolimnas_bolina,1
Nui,Lepidoptera,Nymphalidae,Hypolimnas_bolina,1
Nukunonu,Lepidoptera,Nymphalidae,Hypolimnas_bolina,1
Onotoa,Lepidoptera,Nymphalidae,Hypolimnas_bolina,1
Palmyra,Lepidoptera,Nymphalidae,Hypolimnas_bolina,1
Pingelap,Lepidoptera,Nymphalidae,Hypolimnas_bolina,1
Rongelap,Lepidoptera,Nymphalidae,Hypolimnas_bolina,1
Satawan,Lepidoptera,Nymphalidae,Hypolimnas_bolina,1
Sorol,Lepidoptera,Nymphalidae,Hypolimnas_bolina,1
South_Keeling,Lepidoptera,Nymphalidae,Hypolimnas_bolina,1
Swains,Lepidoptera,Nymphalidae,Hypolimnas_bolina,1
Tabuaeran,Lepidoptera,Nymphalidae,Hypolimnas_bolina,1
Ujelang,Lepidoptera,Nymphalidae,Hypolimnas_bolina,1
Ulithi,Lepidoptera,Nymphalidae,Hypolimnas_bolina,1
Utirik,Lepidoptera,Nymphalidae,Hypolimnas_bolina,1
Wake,Lepidoptera,Nymphalidae,Hypolimnas_bolina,1
Aldabra,Lepidoptera,Nymphalidae,Hypolimnas_misippus,1
Cosmoledo,Lepidoptera,Nymphalidae,Hypolimnas_misippus,1
Glorioso,Lepidoptera,Nymphalidae,Hypolimnas_misippus,1
South_Keeling,Lepidoptera,Nymphalidae,Hypolimnas_misippus,1
Ulithi,Lepidoptera,Nymphalidae,Hypolimnas_misippus,1
Arno,Lepidoptera,Nymphalidae,Hypolimnas_sp,1
Aldabra,Lepidoptera,Nymphalidae,Junonia_oenone,1
Astove,Lepidoptera,Nymphalidae,Junonia_oenone,1
Aldabra,Lepidoptera,Nymphalidae,Junonia_orithya,1
Cosmoledo,Lepidoptera,Nymphalidae,Junonia_orithya,1
Aldabra,Lepidoptera,Nymphalidae,Junonia_rhadama,1
Astove,Lepidoptera,Nymphalidae,Junonia_rhadama,1
Bikini,Lepidoptera,Nymphalidae,Junonia_villida,1
Diego_Garcia,Lepidoptera,Nymphalidae,Junonia_villida,1
Eniwetok,Lepidoptera,Nymphalidae,Junonia_villida,1
Funafuti,Lepidoptera,Nymphalidae,Junonia_villida,1
Jaluit,Lepidoptera,Nymphalidae,Junonia_villida,1
Nui,Lepidoptera,Nymphalidae,Junonia_villida,1
Nukunonu,Lepidoptera,Nymphalidae,Junonia_villida,1
Onotoa,Lepidoptera,Nymphalidae,Junonia_villida,1
South_Keeling,Lepidoptera,Nymphalidae,Junonia_villida,1
Swains,Lepidoptera,Nymphalidae,Junonia_villida,1
Aldabra,Lepidoptera,Nymphalidae,Melanitis_leda,1
Cosmoledo,Lepidoptera,Nymphalidae,Melanitis_leda,1
Kavaratti,Lepidoptera,Nymphalidae,Melanitis_leda,1
Kavaratti,Lepidoptera,Nymphalidae,Mycalesis_mineus,1
Kavaratti,Lepidoptera,Nymphalidae,Parantica_aglea,1
Aldabra,Lepidoptera,Nymphalidae,Phalanta_phalantha,1
Astove,Lepidoptera,Nymphalidae,Phalanta_phalantha,1
Glorioso,Lepidoptera,Nymphalidae,Phalanta_phalantha,1
Aldabra,Lepidoptera,Nymphalidae,Phalanta_philiberti,1
Swains,Lepidoptera,Nymphalidae,Vagrans_egista,1
Aldabra,Lepidoptera,Nymphalidae,Vanessa_cardui,1
Kavaratti,Lepidoptera,Nymphalidae,Vanessa_cardui,1
Midway,Lepidoptera,Nymphalidae,Vanessa_cardui,1
South_Keeling,Lepidoptera,Nymphalidae,Vanessa_kershawi,1
Cosmoledo,Lepidoptera,Oecophoridae,Bigotianella_menaiella,1
Cosmoledo,Lepidoptera,Oecophoridae,Bigotianella_simpsonella,1
Cosmoledo,Lepidoptera,Oecophoridae,Bigotianella_tournefortiaecolella,1
Kavaratti,Lepidoptera,Oecophoridae,Opisina_arenosella,1
Aldabra,Lepidoptera,Oecophoridae,Oxycrates_fulvoradiella,1
Cosmoledo,Lepidoptera,Oecophoridae,Oxycrates_fulvoradiella,1
Aldabra,Lepidoptera,Oecophoridae,Oxycrates_longodivisella,1
Cosmoledo,Lepidoptera,Oecophoridae,Oxycrates_longodivisella,1
Kure,Lepidoptera,Oecophoridae,Stoeberhinus_testaceus,1
Kwajalein,Lepidoptera,Oecophoridae,Stoeberhinus_testaceus,1
Midway,Lepidoptera,Oecophoridae,Stoeberhinus_testaceus,1
Palmyra,Lepidoptera,Oecophoridae,Stoeberhinus_testaceus,1
Aldabra,Lepidoptera,Papilionidae,Papilio_dardanus,1
Kavaratti,Lepidoptera,Papilionidae,Papilio_polytes,1
Aldabra,Lepidoptera,Pieridae,Belenois_aldabrensis,1
Astove,Lepidoptera,Pieridae,Belenois_aldabrensis,1
Astove,Lepidoptera,Pieridae,Belenois_gradidieri,1
Aldabra,Lepidoptera,Pieridae,Colotis_etrida,1
Astove,Lepidoptera,Pieridae,Colotis_etrida,1
Aldabra,Lepidoptera,Pieridae,Colotis_evanthides,1
Astove,Lepidoptera,Pieridae,Colotis_evanthides,1
Cosmoledo,Lepidoptera,Pieridae,Colotis_evanthides,1
Aldabra,Lepidoptera,Pieridae,Eurema_brigitta,1
Aldabra,Lepidoptera,Pieridae,Eurema_floricola,1
Kavaratti,Lepidoptera,Pieridae,Eurema_hecabe,1
Kure,Lepidoptera,Plutellidae,Plutella_xylostella,1
Laysan,Lepidoptera,Plutellidae,Plutella_xylostella,1
Midway,Lepidoptera,Plutellidae,Plutella_xylostella,1
Pearl_and_Hermes,Lepidoptera,Plutellidae,Plutella_xylostella,1
Wake,Lepidoptera,Plutellidae,Plutella_xylostella,1
Jaluit,Lepidoptera,Psychidae,Brachycyttarus_sp,1
Majuro,Lepidoptera,Psychidae,Brachycyttarus_sp,1
Aldabra,Lepidoptera,Psychidae,Pseudometisa_sp,1
Aldabra,Lepidoptera,Pterophoridae,Hellinsia_aldabrensis,1
Diego_Garcia,Lepidoptera,Pterophoridae,Lantanophagus_pusillidactylus,1
Midway,Lepidoptera,Pterophoridae,Lioptilodes_parvus,1
Aldabra,Lepidoptera,Pterophoridae,Megalorhipida_leucodactylus,1
Eniwetok,Lepidoptera,Pterophoridae,Megalorhipida_leucodactylus,1
Farquhar,Lepidoptera,Pterophoridae,Megalorhipida_leucodactylus,1
French_Frigate_Shoals,Lepidoptera,Pterophoridae,Megalorhipida_leucodactylus,1
Johnston,Lepidoptera,Pterophoridae,Megalorhipida_leucodactylus,1
Kure,Lepidoptera,Pterophoridae,Megalorhipida_leucodactylus,1
Laysan,Lepidoptera,Pterophoridae,Megalorhipida_leucodactylus,1
Midway,Lepidoptera,Pterophoridae,Megalorhipida_leucodactylus,1
Wake,Lepidoptera,Pterophoridae,Megalorhipida_leucodactylus,1
Aldabra,Lepidoptera,Pterophoridae,Stenoptilodes_taprobanes,1
Johnston,Lepidoptera,Pterophoridae,Trichoptilus_oxydactylus,1
Laysan,Lepidoptera,Pterophoridae,Trichoptilus_oxydactylus,1
Cosmoledo,Lepidoptera,Pyralidae,Ancylosis_niveicostella,1
Laysan,Lepidoptera,Pyralidae,Cadra_cautella,1
Nukunonu,Lepidoptera,Pyralidae,Cadra_cautella,1
Aldabra,Lepidoptera,Pyralidae,Corcyra_cephalonica,1
Rangiroa,Lepidoptera,Pyralidae,Cryptoblabes_sp,1
Aldabra,Lepidoptera,Pyralidae,Eldana_saccharina,1
Aldabra,Lepidoptera,Pyralidae,Ematheudes_nigropunctata,1
Cosmoledo,Lepidoptera,Pyralidae,Ematheudes_nigropunctata,1
Aldabra,Lepidoptera,Pyralidae,Endotricha_decessalis,1
Aldabra,Lepidoptera,Pyralidae,Endotricha_erythralis,1
Diego_Garcia,Lepidoptera,Pyralidae,Endotricha_mesenterialis,1
Kavaratti,Lepidoptera,Pyralidae,Endotricha_mesenterialis,1
Aldabra,Lepidoptera,Pyralidae,Endotricha_vinolentalis,1
Laysan,Lepidoptera,Pyralidae,Ephestia_elutella,1
Kavaratti,Lepidoptera,Pyralidae,Epicrocis_lateritialis,1
Aldabra,Lepidoptera,Pyralidae,Epicrocis_sp,1
Diego_Garcia,Lepidoptera,Pyralidae,Etiella_grisea,1
Aldabra,Lepidoptera,Pyralidae,Etiella_zinckenella,1
Cosmoledo,Lepidoptera,Pyralidae,Etiella_zinckenella,1
Aldabra,Lepidoptera,Pyralidae,Euzophera_scabrella,1
Diego_Garcia,Lepidoptera,Pyralidae,Galleria_mellonella,1
Aldabra,Lepidoptera,Pyralidae,Hypargyria_metalliferella,1
Aldabra,Lepidoptera,Pyralidae,Nephopterix_sp,1
Aldabra,Lepidoptera,Pyralidae,Philotis_basalis,1
Aldabra,Lepidoptera,Pyralidae,Philotis_radamalis,1
Diego_Garcia,Lepidoptera,Pyralidae,Phycita_cf_eulepidella,1
Cosmoledo,Lepidoptera,Pyralidae,Ptyobathra_irregularis,1
Aldabra,Lepidoptera,Pyralidae,Pyralis_manihotalis,1
Laysan,Lepidoptera,Pyralidae,Pyralis_manihotalis,1
Midway,Lepidoptera,Pyralidae,Pyralis_manihotalis,1
South_Keeling,Lepidoptera,Pyralidae,Pyralis_manihotalis,1
Funafuti,Lepidoptera,Pyralidae,Tirathaba_complexa,1
Aldabra,Lepidoptera,Pyralidae,Tirathaba_rufivena,1
Aldabra,Lepidoptera,Pyralidae,Trachonitis_odilella,1
Cosmoledo,Lepidoptera,Pyralidae,Trachonitis_odilella,1
Aldabra,Lepidoptera,Pyralidae,Trachonitis_renatella,1
Cosmoledo,Lepidoptera,Pyralidae,Trachonitis_renatella,1
Diego_Garcia,Lepidoptera,Pyralidae,Sufetula_chagosalis,1
Aldabra,Lepidoptera,Scythrididae,Eretmocera_albistriata,1
Diego_Garcia,Lepidoptera,Sphingidae,Acherontia_lachesis,1
Midway,Lepidoptera,Sphingidae,Agrius_cingulata,1
Palmyra,Lepidoptera,Sphingidae,Agrius_cingulata,1
Aldabra,Lepidoptera,Sphingidae,Agrius_convolvuli,1
Diego_Garcia,Lepidoptera,Sphingidae,Agrius_convolvuli,1
Eniwetok,Lepidoptera,Sphingidae,Agrius_convolvuli,1
Farquhar,Lepidoptera,Sphingidae,Agrius_convolvuli,1
Kwajalein,Lepidoptera,Sphingidae,Agrius_convolvuli,1
Nukunonu,Lepidoptera,Sphingidae,Agrius_convolvuli,1
South_Keeling,Lepidoptera,Sphingidae,Agrius_convolvuli,1
Wake,Lepidoptera,Sphingidae,Agrius_convolvuli,1
Rose,Lepidoptera,Sphingidae,Celerio_sp,1
Eniwetok,Lepidoptera,Sphingidae,Cephonodes_armatus,1
Nukunonu,Lepidoptera,Sphingidae,Cephonodes_armatus,1
Aldabra,Lepidoptera,Sphingidae,Cephonodes_hylas,1
Cosmoledo,Lepidoptera,Sphingidae,Cephonodes_hylas,1
Glorioso,Lepidoptera,Sphingidae,Cephonodes_hylas,1
Kavaratti,Lepidoptera,Sphingidae,Cephonodes_hylas,1
South_Keeling,Lepidoptera,Sphingidae,Cephonodes_hylas,1
Eniwetok,Lepidoptera,Sphingidae,Cephonodes_picus,1
Kwajalein,Lepidoptera,Sphingidae,Cephonodes_picus,1
South_Keeling,Lepidoptera,Sphingidae,Cephonodes_picus,1
Midway,Lepidoptera,Sphingidae,Daphnis_nerii,1
Eniwetok,Lepidoptera,Sphingidae,Gnathothlibus_erotus,1
Kwajalein,Lepidoptera,Sphingidae,Gnathothlibus_erotus,1
Nukunonu,Lepidoptera,Sphingidae,Gnathothlibus_erotus,1
Farquhar,Lepidoptera,Sphingidae,Hippotion_aurora,1
Glorioso,Lepidoptera,Sphingidae,Hippotion_aurora,1
Cosmoledo,Lepidoptera,Sphingidae,Hippotion_celerio,1
Glorioso,Lepidoptera,Sphingidae,Hippotion_celerio,1
Aldabra,Lepidoptera,Sphingidae,Hippotion_geryon,1
Kavaratti,Lepidoptera,Sphingidae,Hippotion_rafflesii,1
South_Keeling,Lepidoptera,Sphingidae,Hippotion_rosetta,1
Nukunonu,Lepidoptera,Sphingidae,Hippotion_velox,1
South_Keeling,Lepidoptera,Sphingidae,Hippotion_velox,1
Kure,Lepidoptera,Sphingidae,Hyles_lineata,1
Pearl_and_Hermes,Lepidoptera,Sphingidae,Hyles_lineata,1
Diego_Garcia,Lepidoptera,Sphingidae,Macroglossum_corythus,1
South_Keeling,Lepidoptera,Sphingidae,Macroglossum_corythus,1
Nukunonu,Lepidoptera,Sphingidae,Macroglossum_hirundo,1
South_Keeling,Lepidoptera,Sphingidae,Macroglossum_passalus,1
Kavaratti,Lepidoptera,Sphingidae,Macroglossum_sitiene,1
Clipperton,Lepidoptera,Sphingidae,Manduca_sp,1
South_Keeling,Lepidoptera,Sphingidae,Melissoblaptes_sp,1
Clipperton,Lepidoptera,Sphingidae,Protoparce_sp,1
Clipperton,Lepidoptera,Sphingidae,Sphinx_cingulata,1
Laysan,Lepidoptera,Sphingidae,Sphinx_cingulata,1
Aldabra,Lepidoptera,Stathmopodidae,Stathmopoda_biclavis,1
Aldabra,Lepidoptera,Stathmopodidae,Stathmopoda_daubanella,1
Cosmoledo,Lepidoptera,Stathmopodidae,Stathmopoda_daubanella,1
Aldabra,Lepidoptera,Thyrididae,Banisia_aldabrana,1
Cosmoledo,Lepidoptera,Thyrididae,Banisia_aldabrana,1
Aldabra,Lepidoptera,Thyrididae,Kanshizeia_obscuralis,1
Kavaratti,Lepidoptera,Thyrididae,Striglina_scitaria,1
Aldabra,Lepidoptera,Tineidae,Amphixystis_beverrasella,1
Cosmoledo,Lepidoptera,Tineidae,Amphixystis_beverrasella,1
Cosmoledo,Lepidoptera,Tineidae,Amphixystis_roseostrigella,1
Nukunonu,Lepidoptera,Tineidae,Comodica_lucinda,1
Nukunonu,Lepidoptera,Tineidae,Erechthias_carpophthora,1
Aldabra,Lepidoptera,Tineidae,Erechthias_cursoriatella,1
Cosmoledo,Lepidoptera,Tineidae,Erechthias_cursoriatella,1
French_Frigate_Shoals,Lepidoptera,Tineidae,Erechthias_kerri,1
Johnston,Lepidoptera,Tineidae,Erechthias_kerri,1
Laysan,Lepidoptera,Tineidae,Erechthias_kerri,1
Pearl_and_Hermes,Lepidoptera,Tineidae,Erechthias_kerri,1
Aldabra,Lepidoptera,Tineidae,Erechthias_polyplaga,1
Cosmoledo,Lepidoptera,Tineidae,Erechthias_polyplaga,1
Rangiroa,Lepidoptera,Tineidae,Erechthias_psammaula,1
Midway,Lepidoptera,Tineidae,Erechthias_simulans,1
Palmyra,Lepidoptera,Tineidae,Erechthias_simulans,1
Aldabra,Lepidoptera,Tineidae,Erechthias_zebrina,1
Kwajalein,Lepidoptera,Tineidae,Erechthias_cf_simulans,1
Kure,Lepidoptera,Tineidae,Mecomodica_fullawayi,1
Midway,Lepidoptera,Tineidae,Opogona_aurisquamosa,1
Aldabra,Lepidoptera,Tineidae,Opogona_harpalea,1
Cosmoledo,Lepidoptera,Tineidae,Opogona_harpalea,1
Kwajalein,Lepidoptera,Tineidae,Opogona_cf_omoscopa,1
Palmyra,Lepidoptera,Tineidae,Opogona_sp,1
French_Frigate_Shoals,Lepidoptera,Tineidae,Phereoeca_uterella,1
Johnston,Lepidoptera,Tineidae,Phereoeca_uterella,1
Laysan,Lepidoptera,Tineidae,Phereoeca_uterella,1
Laysan,Lepidoptera,Tineidae,Praeacedes_atomosella,1
Eniwetok,Lepidoptera,Tortricidae,Adoxophyes_fasciculana,1
Kavaratti,Lepidoptera,Tortricidae,Adoxophyes_privatana,1
Midway,Lepidoptera,Tortricidae,Amorbia_emigratella,1
Midway,Lepidoptera,Tortricidae,Bactra_cf_straminea,1
Midway,Lepidoptera,Tortricidae,Bactra_sp,1
Aldabra,Lepidoptera,Tortricidae,Brachiolia_amblopis,1
Cosmoledo,Lepidoptera,Tortricidae,Brachiolia_amblopis,1
Eniwetok,Lepidoptera,Tortricidae,Crocidosema_plebejana,1
Farquhar,Lepidoptera,Tortricidae,Crocidosema_plebejana,1
French_Frigate_Shoals,Lepidoptera,Tortricidae,Crocidosema_plebejana,1
Laysan,Lepidoptera,Tortricidae,Crocidosema_plebejana,1
Midway,Lepidoptera,Tortricidae,Crocidosema_plebejana,1
Diego_Garcia,Lepidoptera,Tortricidae,Cryptophlebia_encarpa,1
Aldabra,Lepidoptera,Tortricidae,Eucosma_chlorobathra,1
Nukunonu,Lepidoptera,Tortricidae,Eucosma_sp,1
Aldabra,Lepidoptera,Tortricidae,Grapholita_miranda,1
Kapingamarangi,Lepidoptera,Tortricidae,Heleanna_physalodes,1
Kwajalein,Lepidoptera,Tortricidae,Heleanna_physalodes,1
Jaluit,Lepidoptera,Tortricidae,Statherotis_leucaspis,1
Kavaratti,Lepidoptera,Tortricidae,Statherotis_leucaspis,1
Mokil,Lepidoptera,Tortricidae,Statherotis_leucaspis,1
Aldabra,Lepidoptera,Tortricidae,Thaumatovalva_limbata,1
Cosmoledo,Lepidoptera,Tortricidae,Thaumatovalva_limbata,1
Midway,Diptera,Agromyzidae,Amauromyza_maculosa,1
Midway,Diptera,Agromyzidae,Calycomyza_humeralis,1
Ngcheangel,Diptera,Agromyzidae,Liriomyza_palauensis,1
Johnston,Diptera,Agromyzidae,Liriomyza_pusilla,1
Midway,Diptera,Agromyzidae,Liriomyza_sativae,1
Palmyra,Diptera,Agromyzidae,Liriomyza_sativae,1
French_Frigate_Shoals,Diptera,Agromyzidae,Liriomyza_sp,1
Kure,Diptera,Agromyzidae,Liriomyza_sp,1
Palmyra,Diptera,Agromyzidae,Liriomyza_sp,1
Pearl_and_Hermes,Diptera,Agromyzidae,Liriomyza_sp,1
Nomwin,Diptera,Agromyzidae,Melanagromyza_ipomoeavora,1
Midway,Diptera,Agromyzidae,Melanagromyza_splendida,1
Ulithi,Diptera,Agromyzidae,Ophiomyia_atralis,1
Abariringa,Diptera,Agromyzidae,Ophiomyia_cornuta,1
Eniwetok,Diptera,Agromyzidae,Ophiomyia_cornuta,1
Kwajalein,Diptera,Agromyzidae,Ophiomyia_cornuta,1
Majuro,Diptera,Agromyzidae,Ophiomyia_cornuta,1
Nomwin,Diptera,Agromyzidae,Ophiomyia_cornuta,1
Nukunonu,Diptera,Agromyzidae,Ophiomyia_cornuta,1
Rongelap,Diptera,Agromyzidae,Ophiomyia_cornuta,1
Satawan,Diptera,Agromyzidae,Ophiomyia_cornuta,1
Swains,Diptera,Agromyzidae,Ophiomyia_cornuta,1
Ujae,Diptera,Agromyzidae,Ophiomyia_cornuta,1
Wotho,Diptera,Agromyzidae,Ophiomyia_cornuta,1
Etal,Diptera,Agromyzidae,Ophiomyia_phaseoli,1
Lukunor,Diptera,Agromyzidae,Ophiomyia_phaseoli,1
Namoluk,Diptera,Agromyzidae,Ophiomyia_phaseoli,1
Ngcheangel,Diptera,Agromyzidae,Ophiomyia_phaseoli,1
Satawan,Diptera,Agromyzidae,Ophiomyia_phaseoli,1
Ulithi,Diptera,Agromyzidae,Ophiomyia_phaseoli,1
Kwajalein,Diptera,Agromyzidae,Ophiomyia_sp,1
Midway,Diptera,Agromyzidae,Phytobia_sp,1
Midway,Diptera,Agromyzidae,Phytoliriomyza_sp,1
Eniwetok,Diptera,Agromyzidae,Pseudonapomyza_spicata,1
Kure,Diptera,Agromyzidae,Pseudonapomyza_spicata,1
Kwajalein,Diptera,Agromyzidae,Pseudonapomyza_spicata,1
Midway,Diptera,Agromyzidae,Pseudonapomyza_spicata,1
Nukunonu,Diptera,Agromyzidae,Pseudonapomyza_spicata,1
Pingelap,Diptera,Agromyzidae,Pseudonapomyza_spicata,1
Swains,Diptera,Agromyzidae,Pseudonapomyza_spicata,1
Midway,Diptera,Anthomyiidae,Fucellia_boninensis,1
Diego_Garcia,Diptera,Asilidae,Clinopogon_nicobarensis,1
Diego_Garcia,Diptera,Asilidae,Clinopogon_scalaris,1
Kwajalein,Diptera,Asilidae,Clinopogon_sp,1
Aldabra,Diptera,Asilidae,Cophinopoda_pulchripes,1
Cosmoledo,Diptera,Asilidae,Cophinopoda_pulchripes,1
Farquhar,Diptera,Asilidae,Cophinopoda_pulchripes,1
Nukunonu,Diptera,Asilidae,Despotiscus_simmondsi,1
Aldabra,Diptera,Asilidae,Leptogaster_tenuis,1
Aldabra,Diptera,Asilidae,Ommatius_tibialis,1
South_Keeling,Diptera,Asilidae,Philodicus_javanus,1
Kure,Diptera,Asteiidae,Bryania_bipunctata,1
Laysan,Diptera,Asteiidae,Bryania_bipunctata,1
Midway,Diptera,Asteiidae,Loewimyia_cf_bifurcata,1
South_Keeling,Diptera,Bombyliidae,Anthrax_sp,1
Aldabra,Diptera,Bombyliidae,Exoprosopa_aldabrae,1
Astove,Diptera,Bombyliidae,Exoprosopa_aldabrae,1
Cosmoledo,Diptera,Bombyliidae,Exoprosopa_aldabrae,1
Aldabra,Diptera,Bombyliidae,Geron_dilutus,1
Astove,Diptera,Bombyliidae,Geron_dilutus,1
Cosmoledo,Diptera,Bombyliidae,Geron_dilutus,1
Aldabra,Diptera,Bombyliidae,Micomitra_famula,1
Aldabra,Diptera,Bombyliidae,Poecilanthrax_tegminipennis,1
Aldabra,Diptera,Bombyliidae,Villa_aldabrae,1
Takapoto,Diptera,Calliphoridae,Calliphora_sp,1
Aldabra,Diptera,Calliphoridae,Chrysomya_albiceps,1
South_Keeling,Diptera,Calliphoridae,Chrysomya_flaviceps,1
Arno,Diptera,Calliphoridae,Chrysomya_megacephala,1
Diego_Garcia,Diptera,Calliphoridae,Chrysomya_megacephala,1
Eniwetok,Diptera,Calliphoridae,Chrysomya_megacephala,1
Jaluit,Diptera,Calliphoridae,Chrysomya_megacephala,1
Kapingamarangi,Diptera,Calliphoridae,Chrysomya_megacephala,1
Kure,Diptera,Calliphoridae,Chrysomya_megacephala,1
Kwajalein,Diptera,Calliphoridae,Chrysomya_megacephala,1
Majuro,Diptera,Calliphoridae,Chrysomya_megacephala,1
Midway,Diptera,Calliphoridae,Chrysomya_megacephala,1
Ngcheangel,Diptera,Calliphoridae,Chrysomya_megacephala,1
Onotoa,Diptera,Calliphoridae,Chrysomya_megacephala,1
Palmyra,Diptera,Calliphoridae,Chrysomya_megacephala,1
Ulithi,Diptera,Calliphoridae,Chrysomya_megacephala,1
Wake,Diptera,Calliphoridae,Chrysomya_megacephala,1
Majuro,Diptera,Calliphoridae,Chrysomya_rufifacies,1
Midway,Diptera,Calliphoridae,Dyscritomyia_sp,1
Ngcheangel,Diptera,Calliphoridae,Hemipyrellia_tagaliana,1
Eniwetok,Diptera,Calliphoridae,Lucilia_cuprina,1
Kure,Diptera,Calliphoridae,Lucilia_cuprina,1
Kwajalein,Diptera,Calliphoridae,Lucilia_cuprina,1
Kure,Diptera,Calliphoridae,Lucilia_graphita,1
Laysan,Diptera,Calliphoridae,Lucilia_graphita,1
Midway,Diptera,Calliphoridae,Lucilia_graphita,1
Pearl_and_Hermes,Diptera,Calliphoridae,Lucilia_graphita,1
Abariringa,Diptera,Calliphoridae,Lucilia_sericata,1
Johnston,Diptera,Calliphoridae,Lucilia_sericata,1
Kwajalein,Diptera,Calliphoridae,Lucilia_sericata,1
Midway,Diptera,Calliphoridae,Lucilia_sericata,1
Oeno,Diptera,Calliphoridae,Lucilia_sericata,1
Palmyra,Diptera,Calliphoridae,Lucilia_sericata,1
Wake,Diptera,Calliphoridae,Lucilia_sericata,1
Laysan,Diptera,Calliphoridae,Lucilia_sp,1
Midway,Diptera,Canacidae,Canaceoides_angulatus,1
Laysan,Diptera,Canacidae,Canaceoides_nudatus,1
Wake,Diptera,Canacidae,Canaceoides_nudatus,1
Palmyra,Diptera,Canacidae,Canaceoides_sp,1
Aldabra,Diptera,Canacidae,Dasyrhicnoessa_ferruginea,1
Abariringa,Diptera,Canacidae,Dasyrhicnoessa_insularis,1
Eniwetok,Diptera,Canacidae,Dasyrhicnoessa_insularis,1
Jaluit,Diptera,Canacidae,Dasyrhicnoessa_insularis,1
Kiritimati,Diptera,Canacidae,Dasyrhicnoessa_insularis,1
Kwajalein,Diptera,Canacidae,Dasyrhicnoessa_insularis,1
Majuro,Diptera,Canacidae,Dasyrhicnoessa_insularis,1
Midway,Diptera,Canacidae,Dasyrhicnoessa_insularis,1
Oeno,Diptera,Canacidae,Dasyrhicnoessa_insularis,1
Palmyra,Diptera,Canacidae,Dasyrhicnoessa_insularis,1
Pearl_and_Hermes,Diptera,Canacidae,Dasyrhicnoessa_insularis,1
Wake,Diptera,Canacidae,Dasyrhicnoessa_insularis,1
Wake,Diptera,Canacidae,Dasyrhicnoessa_sexseriata,1
Aldabra,Diptera,Canacidae,Dasyrhicnoessa_vockerothi,1
Arno,Diptera,Canacidae,Dasyrhicnoessa_vockerothi,1
Astove,Diptera,Canacidae,Dasyrhicnoessa_vockerothi,1
Eniwetok,Diptera,Canacidae,Dasyrhicnoessa_vockerothi,1
Jaluit,Diptera,Canacidae,Dasyrhicnoessa_vockerothi,1
Kwajalein,Diptera,Canacidae,Dasyrhicnoessa_vockerothi,1
Majuro,Diptera,Canacidae,Dasyrhicnoessa_vockerothi,1
Ngcheangel,Diptera,Canacidae,Dasyrhicnoessa_vockerothi,1
Wake,Diptera,Canacidae,Dasyrhicnoessa_vockerothi,1
Diego_Garcia,Diptera,Canacidae,Nocticanace_mahensis,1
Eniwetok,Diptera,Canacidae,Nocticanace_marshallensis,1
Kwajalein,Diptera,Canacidae,Nocticanace_marshallensis,1
Palmyra,Diptera,Canacidae,Nocticanace_marshallensis,1
Midway,Diptera,Canacidae,Nocticanace_sp,1
Oeno,Diptera,Canacidae,Nocticanace_sp,1
Likiep,Diptera,Canacidae,Pseudorhicnoessa_spinipes,1
Majuro,Diptera,Canacidae,Pseudorhicnoessa_spinipes,1
Midway,Diptera,Canacidae,Tethina_variseta,1
Palmyra,Diptera,Canacidae,Tethina_sp,1
Diego_Garcia,Diptera,Cecidomyiidae,Allobremia_cf_upolui,1
Diego_Garcia,Diptera,Cecidomyiidae,Asynapta_sp,1
Midway,Diptera,Cecidomyiidae,Giardomyia_pallidithorax,1
Diego_Garcia,Diptera,Cecidomyiidae,Lestodiplosis_sp,1
Diego_Garcia,Diptera,Cecidomyiidae,Lestremia_sp,1
Midway,Diptera,Cecidomyiidae,Parallelodiplosis_maculata,1
Diego_Garcia,Diptera,Cecidomyiidae,Peromyia_cf_seychellensis,1
Diego_Garcia,Diptera,Cecidomyiidae,Porricondyla_sp,1
Aldabra,Diptera,Ceratopogonidae,Alluaudomyia_monosticta,1
Losap,Diptera,Ceratopogonidae,Atrichopogon_armaticaudalis,1
Ngcheangel,Diptera,Ceratopogonidae,Atrichopogon_armaticaudalis,1
Diego_Garcia,Diptera,Ceratopogonidae,Atrichopogon_sp,1
Aldabra,Diptera,Ceratopogonidae,Bezzia_africana,1
Diego_Garcia,Diptera,Ceratopogonidae,Bezzia_sp,1
Aldabra,Diptera,Ceratopogonidae,Culicoides_adamskii,1
Takapoto,Diptera,Ceratopogonidae,Culicoides_belkini,1
Arno,Diptera,Ceratopogonidae,Culicoides_kusaiensis,1
Ngcheangel,Diptera,Ceratopogonidae,Culicoides_peliliouensis,1
Laysan,Diptera,Ceratopogonidae,Dasyhelea_calvescens,1
Midway,Diptera,Ceratopogonidae,Dasyhelea_calvescens,1
Aldabra,Diptera,Ceratopogonidae,Dasyhelea_cogani,1
Eniwetok,Diptera,Ceratopogonidae,Dasyhelea_esakii,1
Kapingamarangi,Diptera,Ceratopogonidae,Dasyhelea_esakii,1
Ngcheangel,Diptera,Ceratopogonidae,Dasyhelea_esakii,1
South_Keeling,Diptera,Ceratopogonidae,Dasyhelea_esakii,1
Arno,Diptera,Ceratopogonidae,Dasyhelea_flavescens,1
Eniwetok,Diptera,Ceratopogonidae,Dasyhelea_flavescens,1
Jaluit,Diptera,Ceratopogonidae,Dasyhelea_flavescens,1
Majuro,Diptera,Ceratopogonidae,Dasyhelea_flavescens,1
Eniwetok,Diptera,Ceratopogonidae,Dasyhelea_flavibasalis,1
Jaluit,Diptera,Ceratopogonidae,Dasyhelea_flavibasalis,1
Pingelap,Diptera,Ceratopogonidae,Dasyhelea_flavicaudalis,1
Aldabra,Diptera,Ceratopogonidae,Dasyhelea_fenerivensis,1
Jaluit,Diptera,Ceratopogonidae,Dasyhelea_fumala,1
Kapingamarangi,Diptera,Ceratopogonidae,Dasyhelea_fumala,1
Mokil,Diptera,Ceratopogonidae,Dasyhelea_fumala,1
Pingelap,Diptera,Ceratopogonidae,Dasyhelea_fumala,1
Kiritimati,Diptera,Ceratopogonidae,Dasyhelea_cf_hawaiiensis,1
Palmyra,Diptera,Ceratopogonidae,Dasyhelea_cf_hawaiiensis,1
Aldabra,Diptera,Ceratopogonidae,Dasyhelea_hutsoni,1
Ngcheangel,Diptera,Ceratopogonidae,Dasyhelea_insularis,1
Majuro,Diptera,Ceratopogonidae,Dasyhelea_insulicola,1
South_Keeling,Diptera,Ceratopogonidae,Dasyhelea_intonsa,1
Aldabra,Diptera,Ceratopogonidae,Dasyhelea_nigricans,1
Ngcheangel,Diptera,Ceratopogonidae,Dasyhelea_nigripygma,1
Kwajalein,Diptera,Ceratopogonidae,Dasyhelea_palauensis,1
Arno,Diptera,Ceratopogonidae,Dasyhelea_peliliouensis,1
Eniwetok,Diptera,Ceratopogonidae,Dasyhelea_peliliouensis,1
Jaluit,Diptera,Ceratopogonidae,Dasyhelea_peliliouensis,1
Kapingamarangi,Diptera,Ceratopogonidae,Dasyhelea_peliliouensis,1
Likiep,Diptera,Ceratopogonidae,Dasyhelea_peliliouensis,1
Majuro,Diptera,Ceratopogonidae,Dasyhelea_peliliouensis,1
Ulithi,Diptera,Ceratopogonidae,Dasyhelea_peliliouensis,1
Jaluit,Diptera,Ceratopogonidae,Dasyhelea_perfida,1
Kapingamarangi,Diptera,Ceratopogonidae,Dasyhelea_perfida,1
Ulithi,Diptera,Ceratopogonidae,Dasyhelea_perfida,1
Jaluit,Diptera,Ceratopogonidae,Dasyhelea_quaternihamata,1
Mokil,Diptera,Ceratopogonidae,Dasyhelea_quaternihamata,1
Jaluit,Diptera,Ceratopogonidae,Dasyhelea_sagittifera,1
Aldabra,Diptera,Ceratopogonidae,Dasyhelea_speciosa,1
Aldabra,Diptera,Ceratopogonidae,Dasyhelea_tamsi,1
Arno,Diptera,Ceratopogonidae,Dasyhelea_sp,1
Diego_Garcia,Diptera,Ceratopogonidae,Dasyhelea_sp,1
Ngcheangel,Diptera,Ceratopogonidae,Dasyhelea_sp,1
Nukunonu,Diptera,Ceratopogonidae,Dasyhelea_sp,1
Palmyra,Diptera,Ceratopogonidae,Dasyhelea_sp,1
Takapoto,Diptera,Ceratopogonidae,Dasyhelea_sp,1
South_Keeling,Diptera,Ceratopogonidae,Forcipomyia_borbonica,1
Aldabra,Diptera,Ceratopogonidae,Forcipomyia_chrysolopha,1
South_Keeling,Diptera,Ceratopogonidae,Forcipomyia_chrysolopha,1
Likiep,Diptera,Ceratopogonidae,Forcipomyia_esakiana,1
Kapingamarangi,Diptera,Ceratopogonidae,Forcipomyia_fascicauda,1
Arno,Diptera,Ceratopogonidae,Forcipomyia_flavitibialis,1
Kapingamarangi,Diptera,Ceratopogonidae,Forcipomyia_flavitibialis,1
Likiep,Diptera,Ceratopogonidae,Forcipomyia_fidens,1
Aldabra,Diptera,Ceratopogonidae,Forcipomyia_fuliginosa,1
Kapingamarangi,Diptera,Ceratopogonidae,Forcipomyia_fuscicana,1
Aldabra,Diptera,Ceratopogonidae,Forcipomyia_hutsonii,1
Likiep,Diptera,Ceratopogonidae,Forcipomyia_ornata,1
Arno,Diptera,Ceratopogonidae,Forcipomyia_sauteri,1
Kapingamarangi,Diptera,Ceratopogonidae,Forcipomyia_sauteri,1
Majuro,Diptera,Ceratopogonidae,Forcipomyia_subspadicifascia,1
Eniwetok,Diptera,Ceratopogonidae,Forcipomyia_tuthilli,1
Aldabra,Diptera,Ceratopogonidae,Forcipomyia_vesicula,1
Diego_Garcia,Diptera,Ceratopogonidae,Forcipomyia_sp,1
Aldabra,Diptera,Ceratopogonidae,Homohelea_stuckenbergii,1
Aldabra,Diptera,Ceratopogonidae,Metacanthohelea_cogani,1
Aldabra,Diptera,Ceratopogonidae,Stilobezzia_spirogyrae,1
Wake,Diptera,Chironomidae,Chironomus_claggi,1
Ngcheangel,Diptera,Chironomidae,Chironomus_crassicaudus,1
Jaluit,Diptera,Chironomidae,Chironomus_crassiforceps,1
Kwajalein,Diptera,Chironomidae,Chironomus_crassiforceps,1
Majuro,Diptera,Chironomidae,Chironomus_crassiforceps,1
Ulithi,Diptera,Chironomidae,Chironomus_crassiforceps,1
Satawan,Diptera,Chironomidae,Chironomus_longilobus,1
Kwajalein,Diptera,Chironomidae,Chironomus_javanus,1
Losap,Diptera,Chironomidae,Chironomus_samoensis,1
Majuro,Diptera,Chironomidae,Chironomus_samoensis,1
Satawan,Diptera,Chironomidae,Chironomus_samoensis,1
Funafuti,Diptera,Chironomidae,Chironomus_sp,1
Midway,Diptera,Chironomidae,Clunio_littoralis,1
Ngcheangel,Diptera,Chironomidae,Clunio_pacificus,1
Eniwetok,Diptera,Chironomidae,Clunio_tuthilli,1
Palmyra,Diptera,Chironomidae,Clunio_sp,1
Funafuti,Diptera,Chironomidae,Compterosmittia_longipalpis,1
Arno,Diptera,Chironomidae,Phaenopsectra_gressitti,1
Midway,Diptera,Chironomidae,Polypedilum_nubiferum,1
Eniwetok,Diptera,Chironomidae,Pontomyia_natans,1
Funafuti,Diptera,Chironomidae,Pseudosmittia_amplexivirga,1
Kiritimati,Diptera,Chironomidae,Pseudosmittia_bifurcata,1
Arno,Diptera,Chironomidae,Pseudosmittia_brachydicrana,1
Diego_Garcia,Diptera,Chironomidae,Pseudosmittia_brachydicrana,1
Kiritimati,Diptera,Chironomidae,Pseudosmittia_brachydicrana,1
Kiritimati,Diptera,Chironomidae,Pseudosmittia_christmasensis,1
Arno,Diptera,Chironomidae,Pseudosmittia_dupla,1
Majuro,Diptera,Chironomidae,Pseudosmittia_dupla,1
Kapingamarangi,Diptera,Chironomidae,Pseudosmittia_kraussi,1
Kiritimati,Diptera,Chironomidae,Pseudosmittia_licina,1
Arno,Diptera,Chironomidae,Pseudosmittia_micronesiana,1
Arno,Diptera,Chironomidae,Pseudosmittia_triangula,1
Funafuti,Diptera,Chironomidae,Pseudosmittia_tuvaluensis,1
Arno,Diptera,Chironomidae,Pseudosmittia_yapensis,1
Jaluit,Diptera,Chironomidae,Pseudosmittia_yapensis,1
Kapingamarangi,Diptera,Chironomidae,Pseudosmittia_zonata,1
Nukunonu,Diptera,Chironomidae,Pseudosmittia_sp,1
Kapingamarangi,Diptera,Chironomidae,Tanytarsus_dybasi,1
Ngcheangel,Diptera,Chironomidae,Tanytarsus_dybasi,1
Jaluit,Diptera,Chironomidae,Tanytarsus_esakii,1
Pingelap,Diptera,Chironomidae,Tanytarsus_esakii,1
Arno,Diptera,Chironomidae,Tanytarsus_halophilae,1
Eniwetok,Diptera,Chironomidae,Tanytarsus_halophilae,1
Kapingamarangi,Diptera,Chironomidae,Tanytarsus_halophilae,1
Likiep,Diptera,Chironomidae,Tanytarsus_halophilae,1
Pingelap,Diptera,Chironomidae,Tanytarsus_halophilae,1
Arno,Diptera,Chironomidae,Tanytarsus_magnihamatus,1
Jaluit,Diptera,Chironomidae,Tanytarsus_magnihamatus,1
Kapingamarangi,Diptera,Chironomidae,Tanytarsus_maritimus,1
Nomwin,Diptera,Chironomidae,Tanytarsus_maritimus,1
Laysan,Diptera,Chironomidae,Telmatogeton_pacificus,1
Eniwetok,Diptera,Chironomidae,Telmatogeton_pusillum,1
Takapoto,Diptera,Chironomidae,Thalassomya_africana,1
Eniwetok,Diptera,Chironomidae,Thalassomya_maritima,1
Kwajalein,Diptera,Chironomidae,Thalassomya_maritima,1
Majuro,Diptera,Chironomidae,Thalassomya_maritima,1
Nukunonu,Diptera,Chloropidae,Cadrema_bilineata,1
Astove,Diptera,Chloropidae,Cadrema_femorata,1
Diego_Garcia,Diptera,Chloropidae,Cadrema_nigricornis,1
Kure,Diptera,Chloropidae,Cadrema_nigricornis,1
Oeno,Diptera,Chloropidae,Cadrema_nigricornis,1
Wake,Diptera,Chloropidae,Cadrema_nigricornis,1
Abariringa,Diptera,Chloropidae,Cadrema_pallida,1
Aldabra,Diptera,Chloropidae,Cadrema_pallida,1
Diego_Garcia,Diptera,Chloropidae,Cadrema_pallida,1
Eniwetok,Diptera,Chloropidae,Cadrema_pallida,1
Kure,Diptera,Chloropidae,Cadrema_pallida,1
Kwajalein,Diptera,Chloropidae,Cadrema_pallida,1
Midway,Diptera,Chloropidae,Cadrema_pallida,1
Nukunonu,Diptera,Chloropidae,Cadrema_pallida,1
Palmyra,Diptera,Chloropidae,Cadrema_pallida,1
Rose,Diptera,Chloropidae,Cadrema_pallida,1
Ducie,Diptera,Chloropidae,Cadrema_sp,1
Kwajalein,Diptera,Chloropidae,Cadrema_sp,1
Kwajalein,Diptera,Chloropidae,Eutropha_noctilux,1
Eniwetok,Diptera,Chloropidae,Gaurax_bicoloripes,1
Oeno,Diptera,Chloropidae,Gaurax_bicoloripes,1
Palmyra,Diptera,Chloropidae,Gaurax_bicoloripes,1
Palmyra,Diptera,Chloropidae,Hippelates_sp,1
Kure,Diptera,Chloropidae,Liohippelates_currani,1
Abariringa,Diptera,Chloropidae,Siphunculina_striolatus,1
French_Frigate_Shoals,Diptera,Chloropidae,Siphunculina_striolatus,1
Kure,Diptera,Chloropidae,Siphunculina_striolatus,1
Laysan,Diptera,Chloropidae,Siphunculina_striolatus,1
Midway,Diptera,Chloropidae,Siphunculina_striolatus,1
Pearl_and_Hermes,Diptera,Chloropidae,Siphunculina_striolatus,1
Midway,Diptera,Chyromyidae,Chyromya_sp,1
Kapingamarangi,Diptera,Clusiidae,Czernyola_palliseta,1
Aldabra,Diptera,Culicidae,Aedes_aegypti,1
Arno,Diptera,Culicidae,Aedes_aegypti,1
Astove,Diptera,Culicidae,Aedes_aegypti,1
Cosmoledo,Diptera,Culicidae,Aedes_aegypti,1
Glorioso,Diptera,Culicidae,Aedes_aegypti,1
Kavaratti,Diptera,Culicidae,Aedes_aegypti,1
Kwajalein,Diptera,Culicidae,Aedes_aegypti,1
Majuro,Diptera,Culicidae,Aedes_aegypti,1
Pingelap,Diptera,Culicidae,Aedes_aegypti,1
Takapoto,Diptera,Culicidae,Aedes_aegypti,1
Wake,Diptera,Culicidae,Aedes_aegypti,1
Aldabra,Diptera,Culicidae,Aedes_albopictus,1
Diego_Garcia,Diptera,Culicidae,Aedes_albopictus,1
Kavaratti,Diptera,Culicidae,Aedes_albopictus,1
Kwajalein,Diptera,Culicidae,Aedes_albopictus,1
Midway,Diptera,Culicidae,Aedes_albopictus,1
Mokil,Diptera,Culicidae,Aedes_albopictus,1
Palmyra,Diptera,Culicidae,Aedes_albopictus,1
South_Keeling,Diptera,Culicidae,Aedes_albopictus,1
Funafuti,Diptera,Culicidae,Aedes_alternans,1
Aldabra,Diptera,Culicidae,Aedes_fryeri,1
Astove,Diptera,Culicidae,Aedes_fryeri,1
Cosmoledo,Diptera,Culicidae,Aedes_fryeri,1
Kapingamarangi,Diptera,Culicidae,Aedes_hensilli,1
Ulithi,Diptera,Culicidae,Aedes_hensilli,1
Arno,Diptera,Culicidae,Aedes_marshallensis,1
Jaluit,Diptera,Culicidae,Aedes_marshallensis,1
Kwajalein,Diptera,Culicidae,Aedes_marshallensis,1
Mokil,Diptera,Culicidae,Aedes_marshallensis,1
Pingelap,Diptera,Culicidae,Aedes_marshallensis,1
Nukunonu,Diptera,Culicidae,Aedes_polynesiensis,1
Takapoto,Diptera,Culicidae,Aedes_polynesiensis,1
Anaa,Diptera,Culicidae,Aedes_pseudoscutellaris,1
Aldabra,Diptera,Culicidae,Aedes_seychellensis,1
Aldabra,Diptera,Culicidae,Aedes_suzannae,1
Pingelap,Diptera,Culicidae,Aedes_vexans,1
Kavaratti,Diptera,Culicidae,Aedes_vittatus,1
Aldabra,Diptera,Culicidae,Anopheles_gambiae,1
Glorioso,Diptera,Culicidae,Anopheles_gambiae,1
Kavaratti,Diptera,Culicidae,Anopheles_stephensi,1
Kavaratti,Diptera,Culicidae,Anopheles_varuna,1
Kavaratti,Diptera,Culicidae,Armigeres_subalbatus,1
Takapoto,Diptera,Culicidae,Culex_annulirostris,1
Ulithi,Diptera,Culicidae,Culex_gossi,1
Kavaratti,Diptera,Culicidae,Culex_minutissimus,1
Ngcheangel,Diptera,Culicidae,Culex_nigropunctatus,1
Takapoto,Diptera,Culicidae,Culex_pipiens,1
Diego_Garcia,Diptera,Culicidae,Culex_quinquefasciatus,1
Glorioso,Diptera,Culicidae,Culex_quinquefasciatus,1
Jaluit,Diptera,Culicidae,Culex_quinquefasciatus,1
Kavaratti,Diptera,Culicidae,Culex_quinquefasciatus,1
Kwajalein,Diptera,Culicidae,Culex_quinquefasciatus,1
Midway,Diptera,Culicidae,Culex_quinquefasciatus,1
Mokil,Diptera,Culicidae,Culex_quinquefasciatus,1
Palmyra,Diptera,Culicidae,Culex_quinquefasciatus,1
Pingelap,Diptera,Culicidae,Culex_quinquefasciatus,1
South_Keeling,Diptera,Culicidae,Culex_quinquefasciatus,1
Ulithi,Diptera,Culicidae,Culex_quinquefasciatus,1
Takapoto,Diptera,Culicidae,Culex_roseni,1
Aldabra,Diptera,Culicidae,Culex_sitiens,1
Kavaratti,Diptera,Culicidae,Culex_sitiens,1
Nomwin,Diptera,Culicidae,Culex_sitiens,1
South_Keeling,Diptera,Culicidae,Culex_sitiens,1
Ulithi,Diptera,Culicidae,Culex_sitiens,1
Glorioso,Diptera,Culicidae,Culex_tritaeniorhynchus,1
Kavaratti,Diptera,Culicidae,Lutzia_fuscana,1
Glorioso,Diptera,Culicidae,Lutzia_tigripes,1
Kavaratti,Diptera,Culicidae,Malaya_genurostris,1
Funafuti,Diptera,Culicidae,Toxorhynchites_inornatus,1
South_Keeling,Diptera,Dolichopodidae,Amblypsilopus_abruptus,1
Ulithi,Diptera,Dolichopodidae,Amblypsilopus_belauensis,1
Ngcheangel,Diptera,Dolichopodidae,Amblypsilopus_pallidicornis,1
South_Keeling,Diptera,Dolichopodidae,Amblypsilopus_pectinatus,1
Wake,Diptera,Dolichopodidae,Aphrosylus_sp,1
Diego_Garcia,Diptera,Dolichopodidae,Argyrochlamys_impudicus,1
Kwajalein,Diptera,Dolichopodidae,Campsicnemus_sp,1
Arno,Diptera,Dolichopodidae,Chrysosoma_complicatum,1
Bikini,Diptera,Dolichopodidae,Chrysosoma_complicatum,1
Eniwetok,Diptera,Dolichopodidae,Chrysosoma_complicatum,1
Jaluit,Diptera,Dolichopodidae,Chrysosoma_complicatum,1
Kwajalein,Diptera,Dolichopodidae,Chrysosoma_complicatum,1
Lae,Diptera,Dolichopodidae,Chrysosoma_complicatum,1
Likiep,Diptera,Dolichopodidae,Chrysosoma_complicatum,1
Nukunonu,Diptera,Dolichopodidae,Chrysosoma_complicatum,1
Onotoa,Diptera,Dolichopodidae,Chrysosoma_complicatum,1
Palmyra,Diptera,Dolichopodidae,Chrysosoma_complicatum,1
Swains,Diptera,Dolichopodidae,Chrysosoma_complicatum,1
Ujelang,Diptera,Dolichopodidae,Chrysosoma_complicatum,1
Wake,Diptera,Dolichopodidae,Chrysosoma_complicatum,1
Wotho,Diptera,Dolichopodidae,Chrysosoma_complicatum,1
Kure,Diptera,Dolichopodidae,Chrysosoma_globiferum,1
Kwajalein,Diptera,Dolichopodidae,Chrysosoma_globiferum,1
Laysan,Diptera,Dolichopodidae,Chrysosoma_globiferum,1
Midway,Diptera,Dolichopodidae,Chrysosoma_globiferum,1
Palmyra,Diptera,Dolichopodidae,Chrysosoma_globiferum,1
Kiritimati,Diptera,Dolichopodidae,Chrysosoma_cf_chromatipes,1
Palmyra,Diptera,Dolichopodidae,Chrysosoma_cf_chromatipes,1
Aldabra,Diptera,Dolichopodidae,Chrysosoma_leucopogon,1
Diego_Garcia,Diptera,Dolichopodidae,Chrysosoma_leucopogon,1
Ngcheangel,Diptera,Dolichopodidae,Chrysosoma_leucopogon,1
South_Keeling,Diptera,Dolichopodidae,Chrysosoma_leucopogon,1
Jaluit,Diptera,Dolichopodidae,Chrysosoma_ludens,1
Likiep,Diptera,Dolichopodidae,Chrysosoma_ludens,1
Kapingamarangi,Diptera,Dolichopodidae,Chrysosoma_mutilatum,1
Palmyra,Diptera,Dolichopodidae,Chrysosoma_cf_molestum,1
Kure,Diptera,Dolichopodidae,Chrysosoma_patellifer,1
Abariringa,Diptera,Dolichopodidae,Chrysosoma_sp,1
Kavaratti,Diptera,Dolichopodidae,Chrysosoma_sp,1
Kwajalein,Diptera,Dolichopodidae,Chrysosoma_sp,1
Palmyra,Diptera,Dolichopodidae,Chrysosoma_sp,1
Takapoto,Diptera,Dolichopodidae,Chrysotus_denticornis,1
Palmyra,Diptera,Dolichopodidae,Chrysotus_javanensis,1
Midway,Diptera,Dolichopodidae,Chrysotus_longipalpus,1
Diego_Garcia,Diptera,Dolichopodidae,Chrysotus_pallidipalpus,1
French_Frigate_Shoals,Diptera,Dolichopodidae,Conchopus_acrosticalis,1
Midway,Diptera,Dolichopodidae,Condylostylus_sp,1
Midway,Diptera,Dolichopodidae,Dactylomyia_vockerothi,1
Laysan,Diptera,Dolichopodidae,Hydrophorus_pacificus,1
Aldabra,Diptera,Dolichopodidae,Hydrophorus_praecox,1
Laysan,Diptera,Dolichopodidae,Hydrophorus_praecox,1
Abariringa,Diptera,Dolichopodidae,Hydrophorus_sp,1
Arno,Diptera,Dolichopodidae,Krakatauia_evulgata,1
Bikini,Diptera,Dolichopodidae,Krakatauia_evulgata,1
Eniwetok,Diptera,Dolichopodidae,Krakatauia_evulgata,1
Jaluit,Diptera,Dolichopodidae,Krakatauia_evulgata,1
Kapingamarangi,Diptera,Dolichopodidae,Krakatauia_evulgata,1
Kwajalein,Diptera,Dolichopodidae,Krakatauia_evulgata,1
Lae,Diptera,Dolichopodidae,Krakatauia_evulgata,1
Likiep,Diptera,Dolichopodidae,Krakatauia_evulgata,1
Majuro,Diptera,Dolichopodidae,Krakatauia_evulgata,1
Mokil,Diptera,Dolichopodidae,Krakatauia_evulgata,1
Nomwin,Diptera,Dolichopodidae,Krakatauia_evulgata,1
Pingelap,Diptera,Dolichopodidae,Krakatauia_evulgata,1
Puluwat,Diptera,Dolichopodidae,Krakatauia_evulgata,1
Ujelang,Diptera,Dolichopodidae,Krakatauia_evulgata,1
Ulithi,Diptera,Dolichopodidae,Krakatauia_evulgata,1
Wotho,Diptera,Dolichopodidae,Krakatauia_evulgata,1
Midway,Diptera,Dolichopodidae,Krakatauia_micronesiana,1
Wake,Diptera,Dolichopodidae,Krakatauia_micronesiana,1
Diego_Garcia,Diptera,Dolichopodidae,Mascaromyia_leptogaster,1
Midway,Diptera,Dolichopodidae,Medetera_grisescens,1
Kwajalein,Diptera,Dolichopodidae,Medeterella_salomonis,1
Lae,Diptera,Dolichopodidae,Medeterella_salomonis,1
Ngcheangel,Diptera,Dolichopodidae,Medeterella_salomonis,1
Astove,Diptera,Dolichopodidae,Sciapus_sp,1
Diego_Garcia,Diptera,Dolichopodidae,Sciapus_sp,1
Midway,Diptera,Dolichopodidae,Syntormon_flexibile,1
Aldabra,Diptera,Dolichopodidae,Thinophilus_sp,1
Kwajalein,Diptera,Drosophilidae,Cacoxenus_perspicax,1
Palmyra,Diptera,Drosophilidae,Cacoxenus_perspicax,1
Glorioso,Diptera,Drosophilidae,Chymomyza_bicolor,1
Arno,Diptera,Drosophilidae,Drosophila_ananassae,1
Bikini,Diptera,Drosophilidae,Drosophila_ananassae,1
Jaluit,Diptera,Drosophilidae,Drosophila_ananassae,1
Kapingamarangi,Diptera,Drosophilidae,Drosophila_ananassae,1
Kwajalein,Diptera,Drosophilidae,Drosophila_ananassae,1
Majuro,Diptera,Drosophilidae,Drosophila_ananassae,1
Mokil,Diptera,Drosophilidae,Drosophila_ananassae,1
Ngcheangel,Diptera,Drosophilidae,Drosophila_ananassae,1
Nomwin,Diptera,Drosophilidae,Drosophila_ananassae,1
Palmyra,Diptera,Drosophilidae,Drosophila_ananassae,1
Rongelap,Diptera,Drosophilidae,Drosophila_ananassae,1
Sorol,Diptera,Drosophilidae,Drosophila_ananassae,1
Ujae,Diptera,Drosophilidae,Drosophila_ananassae,1
Ujelang,Diptera,Drosophilidae,Drosophila_ananassae,1
Ulithi,Diptera,Drosophilidae,Drosophila_ananassae,1
Ngcheangel,Diptera,Drosophilidae,Drosophila_kikkawai,1
Glorioso,Diptera,Drosophilidae,Drosophila_malerkotliana,1
Majuro,Diptera,Drosophilidae,Drosophila_melanogaster,1
Wake,Diptera,Drosophilidae,Drosophila_nasuta,1
Midway,Diptera,Drosophilidae,Drosophila_simulans,1
Diego_Garcia,Diptera,Drosophilidae,Drosophila_sp,1
Kwajalein,Diptera,Drosophilidae,Drosophila_sp,1
Nukunonu,Diptera,Drosophilidae,Drosophila_sp,1
Glorioso,Diptera,Drosophilidae,Leucophenga_malgachensis,1
Aldabra,Diptera,Drosophilidae,Leucophenga_sp,1
Ngcheangel,Diptera,Drosophilidae,Liodrosophila_sp,1
Ngcheangel,Diptera,Drosophilidae,Lissocephala_metallescens,1
Glorioso,Diptera,Drosophilidae,Lissocephala_sanu,1
Arno,Diptera,Drosophilidae,Microdrosophila_convergens,1
Majuro,Diptera,Drosophilidae,Microdrosophila_convergens,1
Diego_Garcia,Diptera,Drosophilidae,Mycodrosophila_sp,1
Kapingamarangi,Diptera,Drosophilidae,Paramycodrosophila_neopictula,1
Aldabra,Diptera,Drosophilidae,Sapromyza_sp,1
Diego_Garcia,Diptera,Drosophilidae,Sapromyza_sp,1
Wake,Diptera,Drosophilidae,Sapromyza_sp,1
Glorioso,Diptera,Drosophilidae,Scaptodrosophila_bangi,1
Arno,Diptera,Drosophilidae,Scaptodrosophila_bryani,1
Jaluit,Diptera,Drosophilidae,Scaptodrosophila_bryani,1
Kapingamarangi,Diptera,Drosophilidae,Scaptodrosophila_bryani,1
Lae,Diptera,Drosophilidae,Scaptodrosophila_bryani,1
Likiep,Diptera,Drosophilidae,Scaptodrosophila_bryani,1
Losap,Diptera,Drosophilidae,Scaptodrosophila_bryani,1
Majuro,Diptera,Drosophilidae,Scaptodrosophila_bryani,1
Ngcheangel,Diptera,Drosophilidae,Scaptodrosophila_bryani,1
Nomwin,Diptera,Drosophilidae,Scaptodrosophila_bryani,1
Satawan,Diptera,Drosophilidae,Scaptodrosophila_bryani,1
Ujelang,Diptera,Drosophilidae,Scaptodrosophila_bryani,1
Ulithi,Diptera,Drosophilidae,Scaptodrosophila_bryani,1
Glorioso,Diptera,Drosophilidae,Scaptodrosophila_latifasciaeformis,1
Kapingamarangi,Diptera,Drosophilidae,Scaptodrosophila_palauana,1
Ngcheangel,Diptera,Drosophilidae,Scaptodrosophila_scaptomyzoidea,1
Glorioso,Diptera,Drosophilidae,Scaptodrosophila_sp,1
Laysan,Diptera,Drosophilidae,Scaptomyza_cnecosoma,1
Glorioso,Diptera,Drosophilidae,Zaprionus_indianus,1
Glorioso,Diptera,Drosophilidae,Zaprionus_tuberculatus,1
Diego_Garcia,Diptera,Drosophilidae,Zaprionus_vittiger,1
Eniwetok,Diptera,Ephydridae,Allotrichoma_alium,1
Diego_Garcia,Diptera,Ephydridae,Allotrichoma_sp,1
Aldabra,Diptera,Ephydridae,Brachydeutera_sp,1
Midway,Diptera,Ephydridae,Clasiopella_uncinata,1
Abariringa,Diptera,Ephydridae,Hecamede_granifera,1
Aldabra,Diptera,Ephydridae,Hecamede_granifera,1
Astove,Diptera,Ephydridae,Hecamede_granifera,1
Cosmoledo,Diptera,Ephydridae,Hecamede_granifera,1
Diego_Garcia,Diptera,Ephydridae,Hecamede_granifera,1
Eniwetok,Diptera,Ephydridae,Hecamede_granifera,1
French_Frigate_Shoals,Diptera,Ephydridae,Hecamede_granifera,1
Jaluit,Diptera,Ephydridae,Hecamede_granifera,1
Johnston,Diptera,Ephydridae,Hecamede_granifera,1
Kure,Diptera,Ephydridae,Hecamede_granifera,1
Kwajalein,Diptera,Ephydridae,Hecamede_granifera,1
Likiep,Diptera,Ephydridae,Hecamede_granifera,1
Majuro,Diptera,Ephydridae,Hecamede_granifera,1
Midway,Diptera,Ephydridae,Hecamede_granifera,1
Ngcheangel,Diptera,Ephydridae,Hecamede_granifera,1
Oeno,Diptera,Ephydridae,Hecamede_granifera,1
Palmyra,Diptera,Ephydridae,Hecamede_granifera,1
Pearl_and_Hermes,Diptera,Ephydridae,Hecamede_granifera,1
Pingelap,Diptera,Ephydridae,Hecamede_granifera,1
Rose,Diptera,Ephydridae,Hecamede_granifera,1
South_Keeling,Diptera,Ephydridae,Hecamede_granifera,1
Wake,Diptera,Ephydridae,Hecamede_granifera,1
Eniwetok,Diptera,Ephydridae,Hostis_guamensis,1
Kwajalein,Diptera,Ephydridae,Hostis_guamensis,1
Palmyra,Diptera,Ephydridae,Hostis_guamensis,1
Diego_Garcia,Diptera,Ephydridae,Nostima_striata,1
Diego_Garcia,Diptera,Ephydridae,Nostima_sp,1
Eniwetok,Diptera,Ephydridae,Orasiopa_mera,1
Kwajalein,Diptera,Ephydridae,Orasiopa_mera,1
Palmyra,Diptera,Ephydridae,Orasiopa_mera,1
Abariringa,Diptera,Ephydridae,Paralimna_lineata,1
Aldabra,Diptera,Ephydridae,Paratissa_semilutea,1
Diego_Garcia,Diptera,Ephydridae,Placopsidella_cynocephala,1
Eniwetok,Diptera,Ephydridae,Placopsidella_cynocephala,1
Kiritimati,Diptera,Ephydridae,Placopsidella_cynocephala,1
Kwajalein,Diptera,Ephydridae,Placopsidella_cynocephala,1
Midway,Diptera,Ephydridae,Placopsidella_grandis,1
Palmyra,Diptera,Ephydridae,Placopsidella_marquesana,1
Palmyra,Diptera,Ephydridae,Placopsidella_sp,1
Kiritimati,Diptera,Ephydridae,Psilopa_cf_girschneri,1
Laysan,Diptera,Ephydridae,Scatella_hawaiiensis,1
Laysan,Diptera,Ephydridae,Scatella_sexnotata,1
Midway,Diptera,Ephydridae,Scatella_stagnalis,1
Palmyra,Diptera,Ephydridae,Scatella_stagnalis,1
Abariringa,Diptera,Ephydridae,Scatella_sp,1
Diego_Garcia,Diptera,Ephydridae,Scatella_sp,1
Kure,Diptera,Fanniidae,Fannia_canicularis,1
Midway,Diptera,Fanniidae,Fannia_pusio,1
Oeno,Diptera,Fanniidae,Fannia_pusio,1
Wake,Diptera,Fanniidae,Fannia_pusio,1
Aldabra,Diptera,Hippoboscidae,Olfersia_aenescens,1
Bikini,Diptera,Hippoboscidae,Olfersia_aenescens,1
Clipperton,Diptera,Hippoboscidae,Olfersia_aenescens,1
Ducie,Diptera,Hippoboscidae,Olfersia_aenescens,1
Johnston,Diptera,Hippoboscidae,Olfersia_aenescens,1
Kure,Diptera,Hippoboscidae,Olfersia_aenescens,1
Laysan,Diptera,Hippoboscidae,Olfersia_aenescens,1
Onotoa,Diptera,Hippoboscidae,Olfersia_aenescens,1
Palmyra,Diptera,Hippoboscidae,Olfersia_aenescens,1
Pokak,Diptera,Hippoboscidae,Olfersia_aenescens,1
South_Keeling,Diptera,Hippoboscidae,Olfersia_aenescens,1
Takapoto,Diptera,Hippoboscidae,Olfersia_aenescens,1
Wake,Diptera,Hippoboscidae,Olfersia_aenescens,1
Laysan,Diptera,Hippoboscidae,Olfersia_fossulata,1
Abariringa,Diptera,Hippoboscidae,Olfersia_spinifera,1
Aldabra,Diptera,Hippoboscidae,Olfersia_spinifera,1
Bikini,Diptera,Hippoboscidae,Olfersia_spinifera,1
Eniwetok,Diptera,Hippoboscidae,Olfersia_spinifera,1
French_Frigate_Shoals,Diptera,Hippoboscidae,Olfersia_spinifera,1
Johnston,Diptera,Hippoboscidae,Olfersia_spinifera,1
Laysan,Diptera,Hippoboscidae,Olfersia_spinifera,1
Pokak,Diptera,Hippoboscidae,Olfersia_spinifera,1
South_Keeling,Diptera,Hippoboscidae,Olfersia_spinifera,1
Wake,Diptera,Hippoboscidae,Olfersia_spinifera,1
Rose,Diptera,Hippoboscidae,Olfersia_sp,1
Arno,Diptera,Hippoboscidae,Ornithoica_pusilla,1
Ngcheangel,Diptera,Hybotidae,Drapetis_brevicula,1
Ulithi,Diptera,Hybotidae,Drapetis_brevicula,1
Arno,Diptera,Lauxaniidae,Homoneura_acrostichalis,1
Eniwetok,Diptera,Lauxaniidae,Homoneura_acrostichalis,1
Kwajalein,Diptera,Lauxaniidae,Homoneura_acrostichalis,1
Majuro,Diptera,Lauxaniidae,Homoneura_acrostichalis,1
Mokil,Diptera,Lauxaniidae,Homoneura_acrostichalis,1
Nomwin,Diptera,Lauxaniidae,Homoneura_acrostichalis,1
Nukunonu,Diptera,Lauxaniidae,Homoneura_acrostichalis,1
South_Keeling,Diptera,Lauxaniidae,Homoneura_acrostichalis,1
Ujae,Diptera,Lauxaniidae,Homoneura_acrostichalis,1
Ujelang,Diptera,Lauxaniidae,Homoneura_acrostichalis,1
Ulithi,Diptera,Lauxaniidae,Homoneura_acrostichalis,1
Wake,Diptera,Lauxaniidae,Homoneura_acrostichalis,1
Wotho,Diptera,Lauxaniidae,Homoneura_acrostichalis,1
Ngcheangel,Diptera,Lauxaniidae,Homoneura_affinis,1
South_Keeling,Diptera,Lauxaniidae,Homoneura_affinis,1
Kapingamarangi,Diptera,Lauxaniidae,Homoneura_denticulimentula,1
Ngcheangel,Diptera,Lauxaniidae,Homoneura_discoglauca,1
Nukunonu,Diptera,Lauxaniidae,Homoneura_hawaiiensis,1
Oeno,Diptera,Lauxaniidae,Homoneura_hawaiiensis,1
Arno,Diptera,Lauxaniidae,Homoneura_prisca,1
Eniwetok,Diptera,Lauxaniidae,Homoneura_prisca,1
Jaluit,Diptera,Lauxaniidae,Homoneura_prisca,1
Kapingamarangi,Diptera,Lauxaniidae,Homoneura_prisca,1
Kwajalein,Diptera,Lauxaniidae,Homoneura_prisca,1
Lae,Diptera,Lauxaniidae,Homoneura_prisca,1
Majuro,Diptera,Lauxaniidae,Homoneura_prisca,1
Mokil,Diptera,Lauxaniidae,Homoneura_prisca,1
Ngcheangel,Diptera,Lauxaniidae,Homoneura_prisca,1
Ujelang,Diptera,Lauxaniidae,Homoneura_prisca,1
Wotho,Diptera,Lauxaniidae,Homoneura_prisca,1
Midway,Diptera,Lauxaniidae,Homoneura_unguiculata,1
Aldabra,Diptera,Lauxaniidae,Homoneura_sp,1
Kwajalein,Diptera,Lauxaniidae,Prosopomyia_sp,1
Nukunonu,Diptera,Lauxaniidae,Trypaneoides_sp,1
Ngcheangel,Diptera,Limoniidae,Dicranomyia_cinereicapilla,1
Pingelap,Diptera,Limoniidae,Dicranomyia_decussata,1
Arno,Diptera,Limoniidae,Dicranomyia_illingworthi,1
Eniwetok,Diptera,Limoniidae,Dicranomyia_pectinunguis,1
Arno,Diptera,Limoniidae,Dicranomyia_sentifera,1
Ngcheangel,Diptera,Limoniidae,Dicranomyia_strigivena,1
Ngcheangel,Diptera,Limoniidae,Dicranomyia_tusitala,1
Palmyra,Diptera,Limoniidae,Dicranomyia_cf_perkinsi,1
Aldabra,Diptera,Limoniidae,Geranomyia_unicolor,1
Diego_Garcia,Diptera,Limoniidae,Gonomyia_ornatipes,1
Jaluit,Diptera,Limoniidae,Gonomyia_pietatis,1
Kapingamarangi,Diptera,Limoniidae,Gonomyia_pietatis,1
Takapoto,Diptera,Limoniidae,Gonomyia_sp,1
Kapingamarangi,Diptera,Limoniidae,Limonia_arachnophila,1
Ulithi,Diptera,Limoniidae,Limonia_arachnophila,1
Aldabra,Diptera,Limoniidae,Limonia_corallicola,1
Aldabra,Diptera,Limoniidae,Limonia_edwardsella,1
Arno,Diptera,Limoniidae,Limonia_jocularis,1
Kwajalein,Diptera,Limoniidae,Limonia_jocularis,1
Eniwetok,Diptera,Limoniidae,Limonia_pectinunguis,1
Kapingamarangi,Diptera,Limoniidae,Limonia_pectinunguis,1
Ngcheangel,Diptera,Limoniidae,Limonia_phaeozoma,1
Mokil,Diptera,Limoniidae,Limonia_pictoides,1
Diego_Garcia,Diptera,Limoniidae,Limonia_umbrata,1
Kwajalein,Diptera,Limoniidae,Limonia_umbrata,1
Aldabra,Diptera,Limoniidae,Limonia_sp,1
Nukunonu,Diptera,Limoniidae,Limonia_sp,1
Aldabra,Diptera,Limoniidae,Orimarga_fryeri,1
Arno,Diptera,Limoniidae,Styringomyia_didyma,1
Jaluit,Diptera,Limoniidae,Styringomyia_didyma,1
Majuro,Diptera,Limoniidae,Styringomyia_didyma,1
Ngcheangel,Diptera,Limoniidae,Styringomyia_didyma,1
Palmyra,Diptera,Limoniidae,Styringomyia_didyma,1
Pingelap,Diptera,Limoniidae,Styringomyia_didyma,1
Nukunonu,Diptera,Limoniidae,Styringomyia_sp,1
Aldabra,Diptera,Limoniidae,Thaumastoptera_aldabrensis,1
Nukunonu,Diptera,Limoniidae,Thrypticomyia_subsaltens,1
Kwajalein,Diptera,Lonchaeidae,Lamprolonchaea_metatarsata,1
Oeno,Diptera,Lonchaeidae,Lamprolonchaea_metatarsata,1
Palmyra,Diptera,Lonchaeidae,Lamprolonchaea_metatarsata,1
Abariringa,Diptera,Lonchaeidae,Lamprolonchaea_smaragdi,1
Aldabra,Diptera,Lonchaeidae,Lamprolonchaea_smaragdi,1
Diego_Garcia,Diptera,Lonchaeidae,Lamprolonchaea_smaragdi,1
Nukunonu,Diptera,Lonchaeidae,Lamprolonchaea_smaragdi,1
Palmyra,Diptera,Lonchaeidae,Lamprolonchaea_smaragdi,1
Diego_Garcia,Diptera,Lonchaeidae,Lonchaea_sp,1
Kwajalein,Diptera,Lonchaeidae,Lonchaea_sp,1
Kapingamarangi,Diptera,Micropezidae,Mimegralla_albimanus,1
Ngcheangel,Diptera,Micropezidae,Mimegralla_albimanus,1
Nomwin,Diptera,Micropezidae,Mimegralla_albimanus,1
Ulithi,Diptera,Micropezidae,Mimegralla_albimanus,1
Mokil,Diptera,Micropezidae,Mimegralla_sepsoides,1
Pingelap,Diptera,Micropezidae,Mimegralla_sepsoides,1
Abariringa,Diptera,Milichiidae,Desmometopa_m-nigrum,1
Kwajalein,Diptera,Milichiidae,Desmometopa_sinaporensis,1
Midway,Diptera,Milichiidae,Desmometopa_tarsalis,1
Eniwetok,Diptera,Milichiidae,Desmometopa_varipalpis,1
Clipperton,Diptera,Milichiidae,Desmometopa_sp,1
Diego_Garcia,Diptera,Milichiidae,Desmometopa_sp,1
Johnston,Diptera,Milichiidae,Desmometopa_sp,1
Kwajalein,Diptera,Milichiidae,Desmometopa_sp,1
Midway,Diptera,Milichiidae,Desmometopa_sp,1
Laysan,Diptera,Milichiidae,Leptometopa_beardsleyi,1
Oeno,Diptera,Milichiidae,Leptometopa_beardsleyi,1
Pearl_and_Hermes,Diptera,Milichiidae,Leptometopa_sp,1
Abariringa,Diptera,Milichiidae,Milichiella_lacteipennis,1
Eniwetok,Diptera,Milichiidae,Milichiella_lacteipennis,1
Kure,Diptera,Milichiidae,Milichiella_lacteipennis,1
Kwajalein,Diptera,Milichiidae,Milichiella_lacteipennis,1
Laysan,Diptera,Milichiidae,Milichiella_lacteipennis,1
Midway,Diptera,Milichiidae,Milichiella_lacteipennis,1
Palmyra,Diptera,Milichiidae,Milichiella_lacteipennis,1
Rose,Diptera,Milichiidae,Milichiella_sp,1
Oeno,Diptera,Muscidae,Atherigona_hendersoni,1
Abariringa,Diptera,Muscidae,Atherigona_orientalis,1
Aldabra,Diptera,Muscidae,Atherigona_orientalis,1
Arno,Diptera,Muscidae,Atherigona_orientalis,1
Diego_Garcia,Diptera,Muscidae,Atherigona_orientalis,1
Eniwetok,Diptera,Muscidae,Atherigona_orientalis,1
Jaluit,Diptera,Muscidae,Atherigona_orientalis,1
Johnston,Diptera,Muscidae,Atherigona_orientalis,1
Kapingamarangi,Diptera,Muscidae,Atherigona_orientalis,1
Kwajalein,Diptera,Muscidae,Atherigona_orientalis,1
Lae,Diptera,Muscidae,Atherigona_orientalis,1
Majuro,Diptera,Muscidae,Atherigona_orientalis,1
Ngcheangel,Diptera,Muscidae,Atherigona_orientalis,1
Nomwin,Diptera,Muscidae,Atherigona_orientalis,1
Palmyra,Diptera,Muscidae,Atherigona_orientalis,1
Pingelap,Diptera,Muscidae,Atherigona_orientalis,1
Rongelap,Diptera,Muscidae,Atherigona_orientalis,1
South_Keeling,Diptera,Muscidae,Atherigona_orientalis,1
Ujae,Diptera,Muscidae,Atherigona_orientalis,1
Wake,Diptera,Muscidae,Atherigona_orientalis,1
Wotho,Diptera,Muscidae,Atherigona_orientalis,1
Diego_Garcia,Diptera,Muscidae,Atherigona_oryzae,1
Ngcheangel,Diptera,Muscidae,Atherigona_sabroskyi,1
Funafuti,Diptera,Muscidae,Atherigona_vittata,1
Aldabra,Diptera,Muscidae,Atherigona_sp,1
Kwajalein,Diptera,Muscidae,Atherigona_sp,1
Palmyra,Diptera,Muscidae,Atherigona_sp,1
Takapoto,Diptera,Muscidae,Atherigona_sp,1
Ngcheangel,Diptera,Muscidae,Cephalispa_gressitti,1
Ngcheangel,Diptera,Muscidae,Coenosia_bimorpha,1
Nomwin,Diptera,Muscidae,Coenosia_bimorpha,1
Ulithi,Diptera,Muscidae,Coenosia_bimorpha,1
Aldabra,Diptera,Muscidae,Coenosia_strigipes,1
Astove,Diptera,Muscidae,Coenosia_strigipes,1
Nomwin,Diptera,Muscidae,Dichaetomyia_apicalis,1
Satawan,Diptera,Muscidae,Dichaetomyia_apicalis,1
Nomwin,Diptera,Muscidae,Dichaetomyia_carolina,1
Arno,Diptera,Muscidae,Dichaetomyia_vicaria,1
Jaluit,Diptera,Muscidae,Dichaetomyia_vicaria,1
Kwajalein,Diptera,Muscidae,Dichaetomyia_vicaria,1
Majuro,Diptera,Muscidae,Dichaetomyia_vicaria,1
Ngcheangel,Diptera,Muscidae,Dichaetomyia_vicaria,1
Pingelap,Diptera,Muscidae,Dichaetomyia_vicaria,1
Ulithi,Diptera,Muscidae,Dichaetomyia_vicaria,1
Ngcheangel,Diptera,Muscidae,Gymnopapuaia_palau,1
Aldabra,Diptera,Muscidae,Helina_sp,1
Ngcheangel,Diptera,Muscidae,Limnophora_exigua,1
Ulithi,Diptera,Muscidae,Limnophora_exigua,1
Aldabra,Diptera,Muscidae,Limnophora_sp,1
Ngcheangel,Diptera,Muscidae,Lispe_albifacies,1
Aldabra,Diptera,Muscidae,Lispe_pectinipes,1
Aldabra,Diptera,Muscidae,Lispe_tetrastigma,1
Kwajalein,Diptera,Muscidae,Lispe_sp,1
Laysan,Diptera,Muscidae,Lispe_sp,1
Abariringa,Diptera,Muscidae,Musca_domestica,1
Aldabra,Diptera,Muscidae,Musca_domestica,1
Arno,Diptera,Muscidae,Musca_domestica,1
Astove,Diptera,Muscidae,Musca_domestica,1
Bikini,Diptera,Muscidae,Musca_domestica,1
Diego_Garcia,Diptera,Muscidae,Musca_domestica,1
Eniwetok,Diptera,Muscidae,Musca_domestica,1
Funafuti,Diptera,Muscidae,Musca_domestica,1
Jaluit,Diptera,Muscidae,Musca_domestica,1
Johnston,Diptera,Muscidae,Musca_domestica,1
Kapingamarangi,Diptera,Muscidae,Musca_domestica,1
Kavaratti,Diptera,Muscidae,Musca_domestica,1
Kiritimati,Diptera,Muscidae,Musca_domestica,1
Kure,Diptera,Muscidae,Musca_domestica,1
Kwajalein,Diptera,Muscidae,Musca_domestica,1
Lae,Diptera,Muscidae,Musca_domestica,1
Laysan,Diptera,Muscidae,Musca_domestica,1
Midway,Diptera,Muscidae,Musca_domestica,1
Nukunonu,Diptera,Muscidae,Musca_domestica,1
Palmyra,Diptera,Muscidae,Musca_domestica,1
Pearl_and_Hermes,Diptera,Muscidae,Musca_domestica,1
Pingelap,Diptera,Muscidae,Musca_domestica,1
Rongelap,Diptera,Muscidae,Musca_domestica,1
Takapoto,Diptera,Muscidae,Musca_domestica,1
Ujelang,Diptera,Muscidae,Musca_domestica,1
Wake,Diptera,Muscidae,Musca_domestica,1
Ngcheangel,Diptera,Muscidae,Musca_hervei,1
Ulithi,Diptera,Muscidae,Musca_hervei,1
Ailuk,Diptera,Muscidae,Musca_sorbens,1
Aldabra,Diptera,Muscidae,Musca_sorbens,1
Arno,Diptera,Muscidae,Musca_sorbens,1
Astove,Diptera,Muscidae,Musca_sorbens,1
Cosmoledo,Diptera,Muscidae,Musca_sorbens,1
Diego_Garcia,Diptera,Muscidae,Musca_sorbens,1
Etal,Diptera,Muscidae,Musca_sorbens,1
Jaluit,Diptera,Muscidae,Musca_sorbens,1
Kapingamarangi,Diptera,Muscidae,Musca_sorbens,1
Kwajalein,Diptera,Muscidae,Musca_sorbens,1
Lae,Diptera,Muscidae,Musca_sorbens,1
Likiep,Diptera,Muscidae,Musca_sorbens,1
Losap,Diptera,Muscidae,Musca_sorbens,1
Majuro,Diptera,Muscidae,Musca_sorbens,1
Mokil,Diptera,Muscidae,Musca_sorbens,1
Namoluk,Diptera,Muscidae,Musca_sorbens,1
Ngcheangel,Diptera,Muscidae,Musca_sorbens,1
Nomwin,Diptera,Muscidae,Musca_sorbens,1
Nukunonu,Diptera,Muscidae,Musca_sorbens,1
Onotoa,Diptera,Muscidae,Musca_sorbens,1
Pingelap,Diptera,Muscidae,Musca_sorbens,1
Satawan,Diptera,Muscidae,Musca_sorbens,1
Takapoto,Diptera,Muscidae,Musca_sorbens,1
Ujae,Diptera,Muscidae,Musca_sorbens,1
Ujelang,Diptera,Muscidae,Musca_sorbens,1
Ulithi,Diptera,Muscidae,Musca_sorbens,1
Utirik,Diptera,Muscidae,Musca_sorbens,1
Wake,Diptera,Muscidae,Musca_sorbens,1
Wotho,Diptera,Muscidae,Musca_sorbens,1
Funafuti,Diptera,Muscidae,Musca_vetustissima,1
Midway,Diptera,Muscidae,Muscina_levida,1
Midway,Diptera,Muscidae,Ophyra_aenescens,1
Diego_Garcia,Diptera,Muscidae,Ophyra_chalcogaster,1
Kure,Diptera,Muscidae,Ophyra_chalcogaster,1
Midway,Diptera,Muscidae,Ophyra_chalcogaster,1
South_Keeling,Diptera,Muscidae,Ophyra_chalcogaster,1
Aldabra,Diptera,Muscidae,Ophyra_nigrisquama,1
Midway,Diptera,Muscidae,Ophyra_sp,1
Takapoto,Diptera,Muscidae,Ophyra_sp,1
Nomwin,Diptera,Muscidae,Orchisia_costata,1
Nomwin,Diptera,Muscidae,Pectiniseta_pectinata,1
Diego_Garcia,Diptera,Muscidae,Pygophora_respondens,1
Kapingamarangi,Diptera,Muscidae,Pygophora_respondens,1
Ulithi,Diptera,Muscidae,Pygophora_respondens,1
Ngcheangel,Diptera,Muscidae,Pygophora_tarsaseta,1
Diego_Garcia,Diptera,Muscidae,Stomoxys_calcitrans,1
Wake,Diptera,Muscidae,Synthesiomyia_nudiseta,1
Diego_Garcia,Diptera,Mycetophilidae,Allactoneura_argenteosquamosa,1
Ngcheangel,Diptera,Neriidae,Telostylinus_gressitti,1
Ulithi,Diptera,Neriidae,Telostylinus_gressitti,1
South_Keeling,Diptera,Neriidae,Telostylinus_lineolatus,1
Arno,Diptera,Neriidae,Telostylinus_longicoxa,1
Jaluit,Diptera,Neriidae,Telostylinus_longicoxa,1
Kapingamarangi,Diptera,Neriidae,Telostylinus_longicoxa,1
Kwajalein,Diptera,Neriidae,Telostylinus_longicoxa,1
Lae,Diptera,Neriidae,Telostylinus_longicoxa,1
Losap,Diptera,Neriidae,Telostylinus_longicoxa,1
Majuro,Diptera,Neriidae,Telostylinus_longicoxa,1
Mokil,Diptera,Neriidae,Telostylinus_longicoxa,1
Nomwin,Diptera,Neriidae,Telostylinus_longicoxa,1
Pingelap,Diptera,Neriidae,Telostylinus_longicoxa,1
Satawan,Diptera,Neriidae,Telostylinus_longicoxa,1
Wotho,Diptera,Neriidae,Telostylinus_longicoxa,1
Diego_Garcia,Diptera,Phoridae,Chonocephalus_similis,1
Palmyra,Diptera,Phoridae,Chonocephalus_sp,1
Eniwetok,Diptera,Phoridae,Dohrniphora_cornuta,1
Kwajalein,Diptera,Phoridae,Dohrniphora_cornuta,1
Rose,Diptera,Phoridae,Dohrniphora_cornuta,1
Jaluit,Diptera,Phoridae,Gymnoptera_simplex,1
Aldabra,Diptera,Phoridae,Megaselia_dilatimana,1
Eniwetok,Diptera,Phoridae,Megaselia_scalaris,1
Kwajalein,Diptera,Phoridae,Megaselia_scalaris,1
Laysan,Diptera,Phoridae,Megaselia_scalaris,1
Pearl_and_Hermes,Diptera,Phoridae,Megaselia_scalaris,1
Arno,Diptera,Phoridae,Megaselia_sp,1
Diego_Garcia,Diptera,Phoridae,Megaselia_sp,1
Kwajalein,Diptera,Phoridae,Megaselia_sp,1
Rose,Diptera,Phoridae,Megaselia_sp,1
Jaluit,Diptera,Phoridae,Puliciphora_lucifera,1
South_Keeling,Diptera,Phoridae,Rhopica_sp,1
Takapoto,Diptera,Piophilidae,Piophila_casei,1
Kapingamarangi,Diptera,Pipunculidae,Tomosvaryella_micronesiae,1
Kwajalein,Diptera,Platystomatidae,Plagiostenopterina_aena,1
Aldabra,Diptera,Platystomatidae,Plagiostenopterina_cyanosoma,1
Aldabra,Diptera,Platystomatidae,Plagiostenopterina_ruficeps,1
Diego_Garcia,Diptera,Platystomatidae,Plagiostenopterina_ruficeps,1
Nukunonu,Diptera,Platystomatidae,Pseudorichardia_flavitarsis,1
Oeno,Diptera,Platystomatidae,Pseudorichardia_flavitarsis,1
Abariringa,Diptera,Platystomatidae,Scholastes_bimaculatus,1
Nukunonu,Diptera,Platystomatidae,Scholastes_bimaculatus,1
Kwajalein,Diptera,Platystomatidae,Scholastes_carolinensis,1
Diego_Garcia,Diptera,Platystomatidae,Scholastes_cinctus,1
Oeno,Diptera,Platystomatidae,Scholastes_lonchifer,1
Palmyra,Diptera,Platystomatidae,Scholastes_lonchifer,1
Jaluit,Diptera,Psychodidae,Brunettia_biformis,1
Diego_Garcia,Diptera,Psychodidae,Clogmia_albipunctata,1
Diego_Garcia,Diptera,Psychodidae,Psychoda_alternata,1
Ngcheangel,Diptera,Psychodidae,Psychoda_aponesos,1
Majuro,Diptera,Psychodidae,Psychoda_quadrifilis,1
Diego_Garcia,Diptera,Psychodidae,Psychoda_savaiiensis,1
Midway,Diptera,Psychodidae,Psychoda_williamsi,1
Aldabra,Diptera,Psychodidae,Sergentomyia_clydei,1
Aldabra,Diptera,Psychodidae,Telmatoscopus_fryeri,1
Aldabra,Diptera,Rhiniidae,Cosmina_fuscipennis,1
Aldabra,Diptera,Rhiniidae,Rhinia_apicalis,1
Diego_Garcia,Diptera,Rhiniidae,Rhinia_apicalis,1
Jaluit,Diptera,Rhiniidae,Rhinia_apicalis,1
Kapingamarangi,Diptera,Rhiniidae,Rhinia_apicalis,1
Kwajalein,Diptera,Rhiniidae,Rhinia_apicalis,1
Laysan,Diptera,Rhiniidae,Rhinia_apicalis,1
Likiep,Diptera,Rhiniidae,Rhinia_apicalis,1
Majuro,Diptera,Rhiniidae,Rhinia_apicalis,1
Midway,Diptera,Rhiniidae,Rhinia_apicalis,1
Ngcheangel,Diptera,Rhiniidae,Rhinia_apicalis,1
Nomwin,Diptera,Rhiniidae,Rhinia_apicalis,1
Pingelap,Diptera,Rhiniidae,Rhinia_apicalis,1
South_Keeling,Diptera,Rhiniidae,Rhinia_apicalis,1
Ulithi,Diptera,Rhiniidae,Rhinia_apicalis,1
Aldabra,Diptera,Rhiniidae,Rhinia_scotti,1
Kwajalein,Diptera,Sarcophagidae,Argoravinia_aurea,1
Kwajalein,Diptera,Sarcophagidae,Argoravinia_rufiventris,1
French_Frigate_Shoals,Diptera,Sarcophagidae,Goniophyto_bryani,1
Johnston,Diptera,Sarcophagidae,Goniophyto_bryani,1
Laysan,Diptera,Sarcophagidae,Goniophyto_bryani,1
Midway,Diptera,Sarcophagidae,Goniophyto_bryani,1
Pearl_and_Hermes,Diptera,Sarcophagidae,Goniophyto_bryani,1
Midway,Diptera,Sarcophagidae,Helicobia_morionella,1
Kwajalein,Diptera,Sarcophagidae,Lepidodexia_vittata,1
Kwajalein,Diptera,Sarcophagidae,Opsidia_metopioides,1
Palmyra,Diptera,Sarcophagidae,Parasarcophaga_sp,1
Kavaratti,Diptera,Sarcophagidae,Sarcophaga_albiceps,1
Johnston,Diptera,Sarcophagidae,Sarcophaga_argyrostoma,1
Kure,Diptera,Sarcophagidae,Sarcophaga_argyrostoma,1
Midway,Diptera,Sarcophagidae,Sarcophaga_argyrostoma,1
Pokak,Diptera,Sarcophagidae,Sarcophaga_argyrostoma,1
Clipperton,Diptera,Sarcophagidae,Sarcophaga_carnaria,1
Abariringa,Diptera,Sarcophagidae,Sarcophaga_dux,1
Johnston,Diptera,Sarcophagidae,Sarcophaga_dux,1
Eniwetok,Diptera,Sarcophagidae,Sarcophaga_gressitti,1
Kwajalein,Diptera,Sarcophagidae,Sarcophaga_gressitti,1
Eniwetok,Diptera,Sarcophagidae,Sarcophaga_karnyi,1
Kwajalein,Diptera,Sarcophagidae,Sarcophaga_karnyi,1
Lukunor,Diptera,Sarcophagidae,Sarcophaga_karnyi,1
Majuro,Diptera,Sarcophagidae,Sarcophaga_karnyi,1
Ngcheangel,Diptera,Sarcophagidae,Sarcophaga_karnyi,1
Nomwin,Diptera,Sarcophagidae,Sarcophaga_karnyi,1
Pingelap,Diptera,Sarcophagidae,Sarcophaga_karnyi,1
Ujelang,Diptera,Sarcophagidae,Sarcophaga_karnyi,1
Ulithi,Diptera,Sarcophagidae,Sarcophaga_karnyi,1
Wake,Diptera,Sarcophagidae,Sarcophaga_karnyi,1
Eniwetok,Diptera,Sarcophagidae,Sarcophaga_misera,1
Kapingamarangi,Diptera,Sarcophagidae,Sarcophaga_misera,1
Kwajalein,Diptera,Sarcophagidae,Sarcophaga_misera,1
Majuro,Diptera,Sarcophagidae,Sarcophaga_misera,1
Midway,Diptera,Sarcophagidae,Sarcophaga_misera,1
Ngcheangel,Diptera,Sarcophagidae,Sarcophaga_misera,1
Nukunonu,Diptera,Sarcophagidae,Sarcophaga_misera,1
Onotoa,Diptera,Sarcophagidae,Sarcophaga_misera,1
Palmyra,Diptera,Sarcophagidae,Sarcophaga_misera,1
Rose,Diptera,Sarcophagidae,Sarcophaga_misera,1
Ujae,Diptera,Sarcophagidae,Sarcophaga_misera,1
Ujelang,Diptera,Sarcophagidae,Sarcophaga_misera,1
Ulithi,Diptera,Sarcophagidae,Sarcophaga_misera,1
Wake,Diptera,Sarcophagidae,Sarcophaga_misera,1
Diego_Garcia,Diptera,Sarcophagidae,Sarcophaga_peregrina,1
Palmyra,Diptera,Sarcophagidae,Sarcophaga_peregrina,1
Majuro,Diptera,Sarcophagidae,Sarcophaga_taenionota,1
Ngcheangel,Diptera,Sarcophagidae,Sarcophaga_taenionota,1
Diego_Garcia,Diptera,Sarcophagidae,Sarcophaga_tibialis,1
Aldabra,Diptera,Sarcophagidae,Sarcophaga_sp,1
South_Keeling,Diptera,Sarcophagidae,Sarcophaga_sp,1
Kwajalein,Diptera,Sarcophagidae,Tricharaea_carnuta,1
Diego_Garcia,Diptera,Scatopsidae,Holoplagia_guamensis,1
Eniwetok,Diptera,Scatopsidae,Holoplagia_guamensis,1
Nomwin,Diptera,Scatopsidae,Rhexoza_magnipalpus,1
Nukunonu,Diptera,Scatopsidae,Scatopse_sp,1
Kapingamarangi,Diptera,Scatopsidae,Swammerdamella_albimanus,1
Majuro,Diptera,Scatopsidae,Swammerdamella_albimanus,1
Aldabra,Diptera,Scenopinidae,Scenopinus_longiventris,1
Kure,Diptera,Scenopinidae,Scenopinus_lucidus,1
Ngcheangel,Diptera,Sciaridae,Bradysia_bishopi,1
Kure,Diptera,Sciaridae,Bradysia_molokaiensis,1
Midway,Diptera,Sciaridae,Bradysia_molokaiensis,1
Diego_Garcia,Diptera,Sciaridae,Bradysia_ocellaris,1
Eniwetok,Diptera,Sciaridae,Bradysia_ocellaris,1
Kwajalein,Diptera,Sciaridae,Bradysia_ocellaris,1
Midway,Diptera,Sciaridae,Bradysia_ocellaris,1
Jaluit,Diptera,Sciaridae,Bradysia_radicum,1
Kwajalein,Diptera,Sciaridae,Bradysia_radicum,1
Kwajalein,Diptera,Sciaridae,Bradysia_sp,1
Diego_Garcia,Diptera,Sciaridae,Corynoptera_latistylata,1
Eniwetok,Diptera,Sciaridae,Corynoptera_latistylata,1
Eniwetok,Diptera,Sciaridae,Cosmosciara_hartii,1
Kwajalein,Diptera,Sciaridae,Cosmosciara_hartii,1
Jaluit,Diptera,Sciaridae,Epidapus_jaluitensis,1
Arno,Diptera,Sciaridae,Lobosciara_spinipennis,1
Jaluit,Diptera,Sciaridae,Lobosciara_spinipennis,1
Kwajalein,Diptera,Sciaridae,Scythropochroa_trispinosa,1
Diego_Garcia,Diptera,Sepsidae,Australosepsis_niveipennis,1
Diego_Garcia,Diptera,Sepsidae,Sepsis_lateralis,1
Diego_Garcia,Diptera,Sepsidae,Sepsis_sp,1
Diego_Garcia,Diptera,Sphaeroceridae,Bifronsina_bifrons,1
Diego_Garcia,Diptera,Sphaeroceridae,Coproica_ferruginata,1
Laysan,Diptera,Sphaeroceridae,Coproica_ferruginata,1
Midway,Diptera,Sphaeroceridae,Coproica_ferruginata,1
Arno,Diptera,Sphaeroceridae,Coproica_hirtula,1
Diego_Garcia,Diptera,Sphaeroceridae,Coproica_hirtula,1
French_Frigate_Shoals,Diptera,Sphaeroceridae,Coproica_hirtula,1
Jaluit,Diptera,Sphaeroceridae,Coproica_hirtula,1
Kapingamarangi,Diptera,Sphaeroceridae,Coproica_hirtula,1
Kure,Diptera,Sphaeroceridae,Coproica_hirtula,1
Majuro,Diptera,Sphaeroceridae,Coproica_hirtula,1
Midway,Diptera,Sphaeroceridae,Coproica_hirtula,1
Onotoa,Diptera,Sphaeroceridae,Coproica_hirtula,1
Kwajalein,Diptera,Sphaeroceridae,Leptocera_sp,1
Laysan,Diptera,Sphaeroceridae,Leptocera_sp,1
Diego_Garcia,Diptera,Sphaeroceridae,Limosina_moesta,1
Diego_Garcia,Diptera,Sphaeroceridae,Poecilosomella_angulata,1
Laysan,Diptera,Sphaeroceridae,Poecilosomella_angulata,1
Ngcheangel,Diptera,Sphaeroceridae,Poecilosomella_punctipennis,1
Majuro,Diptera,Sphaeroceridae,Rachispoda_disciseta,1
Midway,Diptera,Sphaeroceridae,Rachispoda_fuscipennis,1
Ngcheangel,Diptera,Sphaeroceridae,Rachispoda_subtinctipennis,1
Majuro,Diptera,Sphaeroceridae,Spelobia_bifrons,1
Midway,Diptera,Sphaeroceridae,Thoracochaeta_brachystoma,1
Midway,Diptera,Sphaeroceridae,Trachyopella_nuda,1
Laysan,Diptera,Stratiomyidae,Brachycara_latifrons,1
Arno,Diptera,Stratiomyidae,Brachycara_ventralis,1
Eniwetok,Diptera,Stratiomyidae,Brachycara_ventralis,1
Jaluit,Diptera,Stratiomyidae,Brachycara_ventralis,1
Majuro,Diptera,Stratiomyidae,Brachycara_ventralis,1
Namoluk,Diptera,Stratiomyidae,Brachycara_ventralis,1
Nomwin,Diptera,Stratiomyidae,Brachycara_ventralis,1
South_Keeling,Diptera,Stratiomyidae,Brachycara_ventralis,1
Ujae,Diptera,Stratiomyidae,Brachycara_ventralis,1
Ulithi,Diptera,Stratiomyidae,Brachycara_ventralis,1
Palmyra,Diptera,Stratiomyidae,Cephalochrysa_maxima,1
Arno,Diptera,Stratiomyidae,Cephalochrysa_rugulosa,1
Jaluit,Diptera,Stratiomyidae,Cephalochrysa_rugulosa,1
Ngcheangel,Diptera,Stratiomyidae,Evaza_discalis,1
Arno,Diptera,Stratiomyidae,Hermetia_illucens,1
Jaluit,Diptera,Stratiomyidae,Hermetia_illucens,1
Kapingamarangi,Diptera,Stratiomyidae,Hermetia_illucens,1
Kwajalein,Diptera,Stratiomyidae,Hermetia_illucens,1
Majuro,Diptera,Stratiomyidae,Hermetia_illucens,1
Ngcheangel,Diptera,Stratiomyidae,Hermetia_illucens,1
Rongelap,Diptera,Stratiomyidae,Hermetia_illucens,1
Arno,Diptera,Stratiomyidae,Lophoteles_plumula,1
Jaluit,Diptera,Stratiomyidae,Lophoteles_plumula,1
Kwajalein,Diptera,Stratiomyidae,Lophoteles_plumula,1
Majuro,Diptera,Stratiomyidae,Lophoteles_plumula,1
Nomwin,Diptera,Stratiomyidae,Lophoteles_plumula,1
Pingelap,Diptera,Stratiomyidae,Lophoteles_plumula,1
Rongelap,Diptera,Stratiomyidae,Lophoteles_plumula,1
Ulithi,Diptera,Stratiomyidae,Lophoteles_plumula,1
Wotho,Diptera,Stratiomyidae,Lophoteles_plumula,1
Aldabra,Diptera,Stratiomyidae,Odontomyia_aequalis,1
Arno,Diptera,Syrphidae,Austalis_calliphoroides,1
Jaluit,Diptera,Syrphidae,Austalis_calliphoroides,1
Ngcheangel,Diptera,Syrphidae,Austalis_calliphoroides,1
Ulithi,Diptera,Syrphidae,Austalis_calliphoroides,1
Palmyra,Diptera,Syrphidae,Eristalinus_arvorum,1
Diego_Garcia,Diptera,Syrphidae,Eristalinus_megacephalus,1
Abariringa,Diptera,Syrphidae,Ischiodon_scutellaris,1
Eniwetok,Diptera,Syrphidae,Ischiodon_scutellaris,1
Jaluit,Diptera,Syrphidae,Ischiodon_scutellaris,1
Johnston,Diptera,Syrphidae,Ischiodon_scutellaris,1
Kapingamarangi,Diptera,Syrphidae,Ischiodon_scutellaris,1
Kure,Diptera,Syrphidae,Ischiodon_scutellaris,1
Kwajalein,Diptera,Syrphidae,Ischiodon_scutellaris,1
Likiep,Diptera,Syrphidae,Ischiodon_scutellaris,1
Lukunor,Diptera,Syrphidae,Ischiodon_scutellaris,1
Majuro,Diptera,Syrphidae,Ischiodon_scutellaris,1
Nomwin,Diptera,Syrphidae,Ischiodon_scutellaris,1
Nukunonu,Diptera,Syrphidae,Ischiodon_scutellaris,1
Onotoa,Diptera,Syrphidae,Ischiodon_scutellaris,1
Palmyra,Diptera,Syrphidae,Ischiodon_scutellaris,1
Sorol,Diptera,Syrphidae,Ischiodon_scutellaris,1
Takapoto,Diptera,Syrphidae,Ischiodon_scutellaris,1
Wake,Diptera,Syrphidae,Ischiodon_scutellaris,1
French_Frigate_Shoals,Diptera,Syrphidae,Simosyrphus_grandicornis,1
Johnston,Diptera,Syrphidae,Simosyrphus_grandicornis,1
Midway,Diptera,Syrphidae,Simosyrphus_grandicornis,1
Palmyra,Diptera,Syrphidae,Simosyrphus_grandicornis,1
Pearl_and_Hermes,Diptera,Syrphidae,Simosyrphus_grandicornis,1
Rose,Diptera,Syrphidae,Simosyrphus_grandicornis,1
Kwajalein,Diptera,Syrphidae,Syritta_orientalis,1
Ngcheangel,Diptera,Syrphidae,Syritta_orientalis,1
Palmyra,Diptera,Syrphidae,Syritta_sp,1
Johnston,Diptera,Syrphidae,Sryphus_sp,1
Astove,Diptera,Tabanidae,Aegophagamyia_remota,1
Aldabra,Diptera,Tabanidae,Anthomyia_amoena,1
Aldabra,Diptera,Tabanidae,Anthomyia_fasciata,1
Kwajalein,Diptera,Tachinidae,Cricotopus_sp,1
Aldabra,Diptera,Tachinidae,Cylindromyia_hemimelaena,1
Kwajalein,Diptera,Tachinidae,Exorista_sp,1
Kwajalein,Diptera,Tachinidae,Lespesia_archippivora,1
Laysan,Diptera,Tachinidae,Leucostoma_simplex,1
Rose,Diptera,Tachinidae,Peribaea_sp,1
Aldabra,Diptera,Tachinidae,Phasia_mathisi,1
Diego_Garcia,Diptera,Tachinidae,Therobia_abdominalis,1
Midway,Diptera,Tephritidae,Acinia_picturata,1
Midway,Diptera,Tephritidae,Bactrocera_dorsalis,1
Arno,Diptera,Tephritidae,Bactrocera_frauenfeldi,1
Bikini,Diptera,Tephritidae,Bactrocera_frauenfeldi,1
Jaluit,Diptera,Tephritidae,Bactrocera_frauenfeldi,1
Kapingamarangi,Diptera,Tephritidae,Bactrocera_frauenfeldi,1
Kwajalein,Diptera,Tephritidae,Bactrocera_frauenfeldi,1
Likiep,Diptera,Tephritidae,Bactrocera_frauenfeldi,1
Losap,Diptera,Tephritidae,Bactrocera_frauenfeldi,1
Majuro,Diptera,Tephritidae,Bactrocera_frauenfeldi,1
Mokil,Diptera,Tephritidae,Bactrocera_frauenfeldi,1
Pingelap,Diptera,Tephritidae,Bactrocera_frauenfeldi,1
Satawan,Diptera,Tephritidae,Bactrocera_frauenfeldi,1
Sorol,Diptera,Tephritidae,Bactrocera_frauenfeldi,1
Wotho,Diptera,Tephritidae,Bactrocera_frauenfeldi,1
Funafuti,Diptera,Tephritidae,Bactrocera_passiflorae,1
Nukunonu,Diptera,Tephritidae,Bactrocera_passiflorae,1
Aldabra,Diptera,Tephritidae,Ceratitis_capitata,1
Aldabra,Diptera,Tephritidae,Coelotrypes_vittatus,1
Cosmoledo,Diptera,Tephritidae,Coelotrypes_vittatus,1
Aldabra,Diptera,Tephritidae,Dioxyna_sororcula,1
Kwajalein,Diptera,Tephritidae,Dioxyna_sororcula,1
Midway,Diptera,Tephritidae,Dioxyna_sororcula,1
Aldabra,Diptera,Tephritidae,Psednometopum_aldabrense,1
Diego_Garcia,Diptera,Tipulidae,Ornidia_obesa,1
Palmyra,Diptera,Tipulidae,Ornidia_obesa,1
Takapoto,Diptera,Tipulidae,Ornidia_obesa,1
Diego_Garcia,Diptera,Ulidiidae,Euxesta_basalis,1
Abariringa,Diptera,Ulidiidae,Euxesta_sp,1
Diego_Garcia,Diptera,Ulidiidae,Physiphora_demandata,1
Abariringa,Diptera,Ulidiidae,Pseudeuxesta_prima,1
Diego_Garcia,Diptera,Ulidiidae,Pseudeuxesta_prima,1
Kwajalein,Diptera,Ulidiidae,Pseudeuxesta_prima,1
