ID,Atoll,HISTO_0,HISTO_1,HISTO_2,HISTO_5,HISTO_9,total,cocos%,non_veg%,cocos/veg%,broadleaf%,total km2
1,Abaiang,10,3,18,11,0,42,23.80952381,26.19047619,32.25806452,7.142857143,0.000168
2,Abaiang,21,3,38,19,0,81,25.92592593,23.45679012,33.87096774,3.703703704,0.000324
3,Abaiang,1,5,7,22,0,35,2.857142857,62.85714286,7.692307692,14.28571429,0.00014
4,Abaiang,10,6,17,8,0,41,24.3902439,19.51219512,30.3030303,14.63414634,0.000164
5,Abaiang,14907,6019,1474,5318,0,27718,53.78093658,19.18608846,66.54910714,21.71513096,0.110872
6,Abaiang,1686,1992,731,3341,0,7750,21.75483871,43.10967742,38.23996371,25.70322581,0.031
7,Abaiang,0,0,0,28,0,28,0,100,0,0,0.000112
8,Abaiang,138,354,1188,826,0,2506,5.506783719,32.96089385,8.214285714,14.12609737,0.010024
9,Abaiang,69432,29280,35501,33409,9208,176830,41.42177041,19.93115462,51.73269355,17.46787415,0.70732
10,Abaiang,37620,13259,3696,9641,0,64216,58.58353058,15.0133923,68.93266148,20.64750218,0.256864
11,Abaiang,4206,3558,1135,3432,0,12331,34.10915579,27.8322926,47.2637375,28.85410753,0.049324
12,Abaiang,0,0,0,0,25,25,0,0,0,0,0.0001
13,Abaiang,0,0,544,4191,0,4735,0,88.51108765,0,0,0.01894
14,Abaiang,0,0,6,64,0,70,0,91.42857143,0,0,0.00028
15,Abaiang,0,0,403,1096,0,1499,0,73.11541027,0,0,0.005996
16,Abaiang,0,0,4,291,0,295,0,98.6440678,0,0,0.00118
17,Abaiang,0,0,15,61,0,76,0,80.26315789,0,0,0.000304
18,Abaiang,4760,6200,5193,5857,0,22010,21.62653339,26.61063153,29.46821024,28.16901408,0.08804
19,Abaiang,377,344,1611,3812,0,6144,6.136067708,62.04427083,16.16638079,5.598958333,0.024576
20,Abaiang,285,352,2697,6843,0,10177,2.800432347,67.23985457,8.548290342,3.458779601,0.040708
21,Abaiang,72491,47414,42953,39373,45785,248016,35.84564186,19.46931974,44.51178327,23.44546583,0.992064
22,Abaiang,54,150,2594,2078,0,4876,1.107465135,42.6168991,1.929949964,3.076292043,0.019504
23,Abaiang,0,0,91,488,0,579,0,84.28324698,0,0,0.002316
24,Abaiang,3,7,884,805,0,1699,0.176574456,47.38081224,0.33557047,0.412007063,0.006796
25,Abaiang,24,62,2326,2149,0,4561,0.526200395,47.11686034,0.995024876,1.35935102,0.018244
26,Abaiang,63,34,1726,5191,0,7014,0.898203593,74.00912461,3.455842019,0.484744796,0.028056
27,Abaiang,3,7,1778,2588,0,4376,0.068555759,59.14076782,0.167785235,0.159963437,0.017504
28,Abaiang,0,0,146,751,0,897,0,83.72352285,0,0,0.003588
29,Abaiang,0,0,70,516,0,586,0,88.05460751,0,0,0.002344
30,Abaiang,12205,6633,4355,10213,0,33406,36.53535293,30.57235227,52.62363644,19.85571454,0.133624
31,Abaiang,3096,2704,2005,2321,0,10126,30.57475805,22.92119297,39.6668802,26.70353545,0.040504
32,Abaiang,288,167,743,1254,0,2452,11.74551387,51.14192496,24.04006678,6.810766721,0.009808
33,Abaiang,713,1081,2101,1756,0,5651,12.61723589,31.07414617,18.3055199,19.12935764,0.022604
34,Abaiang,6407,9166,6078,6077,0,27728,23.10660704,21.91647432,29.59216664,33.05683785,0.110912
35,Abaiang,1716471,873923,523152,482699,69812,3666057,47.72953456,13.42230577,55.12913572,24.30098617,14.664228
36,Abemama,0,0,0,29,0,29,0,100,0,0,0.000116
37,Abemama,0,0,0,0,83,83,0,0,0,0,0.000332
38,Abemama,0,0,0,37,0,37,0,100,0,0,0.000148
39,Abemama,0,0,0,48,0,48,0,100,0,0,0.000192
40,Abemama,0,0,332,0,0,332,0,0,0,0,0.001328
41,Abemama,0,0,111,0,0,111,0,0,0,0,0.000444
42,Abemama,0,0,186,7,0,193,0,3.626943005,0,0,0.000772
43,Abemama,0,0,0,41,0,41,0,100,0,0,0.000164
44,Abemama,0,0,0,187,0,187,0,100,0,0,0.000748
45,Abemama,0,0,0,29,0,29,0,100,0,0,0.000116
46,Abemama,0,0,0,71,0,71,0,100,0,0,0.000284
47,Abemama,0,0,0,28,0,28,0,100,0,0,0.000112
48,Abemama,0,0,0,120,0,120,0,100,0,0,0.00048
49,Abemama,0,0,0,33,0,33,0,100,0,0,0.000132
50,Abemama,0,0,0,29,0,29,0,100,0,0,0.000116
51,Abemama,0,0,0,52,0,52,0,100,0,0,0.000208
52,Abemama,1535757,648190,1040435,831666,126080,4182128,37.86338327,20.50434314,47.62949923,15.98082666,16.728512
53,Abemama,147146,63640,351309,229191,11001,802287,18.5958048,28.96436939,26.17813715,8.042604065,3.209148
54,Abemama,20343,20569,37254,32041,0,110207,18.45890007,29.07347083,26.02538188,18.66396871,0.440828
55,Abemama,212,373,5495,7615,0,13695,1.548010223,55.60423512,3.486842105,2.72362176,0.05478
56,Abemama,526327,270280,254501,206619,70921,1328648,41.84747564,16.42796887,50.07354144,21.48956014,5.314592
57,Abemama,0,0,0,57,0,57,0,100,0,0,0.000228
58,Abemama,31,43,75,8,0,157,19.74522293,5.095541401,20.80536913,27.38853503,0.000628
59,Abemama,94,274,496,98,0,962,9.771309771,10.18711019,10.87962963,28.48232848,0.003848
60,Abemama,0,0,0,48,0,48,0,100,0,0,0.000192
61,Abemama,85688,49833,53263,48749,7938,245471,36.07414549,20.52304311,45.38943978,20.97940076,0.981884
62,Abemama,438741,246285,302325,203727,41788,1232866,36.83562286,17.10442137,44.43617315,20.67748712,4.931464
63,Ahe,0,0,0,49,0,49,0,100,0,0,0.000196
64,Ahe,0,0,0,43,0,43,0,100,0,0,0.000172
65,Ahe,0,0,0,59,0,59,0,100,0,0,0.000236
66,Ahe,310224,399512,430572,658057,2312,1800677,17.25033572,36.59195992,27.20528138,22.21529,7.202708
67,Ahe,0,0,14,68,0,82,0,82.92682927,0,0,0.000328
68,Ahe,1,0,17,220,0,238,0.420168067,92.43697479,5.555555556,0,0.000952
69,Ahe,620,769,2408,6363,0,10160,6.102362205,62.62795276,16.32868054,7.568897638,0.04064
70,Ahe,0,0,4,47,0,51,0,92.15686275,0,0,0.000204
71,Ahe,49129,66701,47166,144524,0,307520,15.97587149,46.99661811,30.14123046,21.68997138,1.23008
72,Ahe,377,161,1287,11605,0,13430,2.807148176,86.4110201,20.65753425,1.198808637,0.05372
73,Ahe,0,0,5,120,0,125,0,96,0,0,0.0005
74,Ahe,0,0,2,53,0,55,0,96.36363636,0,0,0.00022
75,Ahe,30819,41121,47148,42670,0,161758,19.05253527,26.37891171,25.87918178,25.42130837,0.647032
76,Ahe,0,2,488,4506,0,4996,0,90.19215372,0,0.040032026,0.019984
77,Ahe,0,0,6,28,0,34,0,82.35294118,0,0,0.000136
78,Ahe,0,0,11,136,0,147,0,92.5170068,0,0,0.000588
79,Ahe,0,0,0,32,0,32,0,100,0,0,0.000128
80,Ahe,3355,9537,6603,47317,0,66812,5.021553014,70.82110998,17.20954091,14.27438185,0.267248
81,Ahe,11332,2553,8434,8421,0,30740,36.86402082,27.39427456,50.77288409,8.305139883,0.12296
82,Ahe,0,0,0,69,0,69,0,100,0,0,0.000276
83,Ahe,0,0,30,7180,0,7210,0,99.58391123,0,0,0.02884
84,Ahe,0,0,3,80,0,83,0,96.38554217,0,0,0.000332
85,Ahe,0,0,21,196,0,217,0,90.32258065,0,0,0.000868
86,Ahe,0,0,1,39,0,40,0,97.5,0,0,0.00016
87,Ahe,0,0,0,103,0,103,0,100,0,0,0.000412
88,Ahe,0,0,0,30,0,30,0,100,0,0,0.00012
89,Ahe,2004,3844,4842,4700,0,15390,13.0214425,30.53931124,18.74649205,24.97725796,0.06156
90,Ahe,0,0,79,34462,0,34541,0,99.7712863,0,0,0.138164
91,Ahe,0,0,0,69,0,69,0,100,0,0,0.000276
92,Ahe,0,0,0,34,0,34,0,100,0,0,0.000136
93,Ahe,5189,3068,7440,7875,0,23572,22.01340574,33.40828101,33.05727209,13.01544205,0.094288
94,Ahe,0,0,5,69,0,74,0,93.24324324,0,0,0.000296
95,Ahe,1235,6038,4362,4988,0,16623,7.429465199,30.00661734,10.61452514,36.3231667,0.066492
96,Ahe,0,0,0,84,0,84,0,100,0,0,0.000336
97,Ahe,830,5638,4680,7424,0,18572,4.469093259,39.97415464,7.445281665,30.35752746,0.074288
98,Ahe,1269,2083,6670,44038,0,54060,2.347391787,81.46133925,12.66214328,3.853126156,0.21624
99,Ahe,0,0,17,213,0,230,0,92.60869565,0,0,0.00092
100,Ahe,7,8,375,4052,0,4442,0.157586673,91.22017109,1.794871795,0.180099054,0.017768
101,Ahe,0,0,9,333,0,342,0,97.36842105,0,0,0.001368
102,Ahe,1,0,175,3043,0,3219,0.031065548,94.5324635,0.568181818,0,0.012876
103,Ahe,396,749,3336,4495,0,8976,4.411764706,50.07798574,8.8373131,8.344474153,0.035904
104,Ahe,254,224,1186,2222,0,3886,6.536284097,57.17961915,15.26442308,5.764282038,0.015544
105,Ahe,661,537,2738,3537,0,7473,8.845175967,47.3303894,16.79369919,7.185869129,0.029892
106,Ahe,1757,5256,5106,35420,0,47539,3.695912829,74.50724668,14.49789587,11.05618545,0.190156
107,Ahe,0,0,0,280,0,280,0,100,0,0,0.00112
108,Ahe,0,0,19,104,0,123,0,84.55284553,0,0,0.000492
109,Ahe,0,0,32,90,0,122,0,73.7704918,0,0,0.000488
110,Ahe,3438,11523,13967,11542,0,40470,8.495181616,28.51989128,11.8846792,28.47294292,0.16188
111,Ahe,0,0,27,858,0,885,0,96.94915254,0,0,0.00354
112,Ahe,0,0,0,35,0,35,0,100,0,0,0.00014
113,Ahe,1310,772,4227,7193,0,13502,9.702266331,53.2735891,20.76398795,5.717671456,0.054008
114,Ahe,0,0,1,24,0,25,0,96,0,0,0.0001
115,Ahe,69,7,232,656,0,964,7.157676349,68.04979253,22.4025974,0.726141079,0.003856
116,Ahe,0,0,1,39,0,40,0,97.5,0,0,0.00016
117,Ahe,0,0,7,18,0,25,0,72,0,0,0.0001
118,Ahe,4302,6439,7299,45234,0,63274,6.79900117,71.48907924,23.84700665,10.17637576,0.253096
119,Ahe,0,0,7,34,0,41,0,82.92682927,0,0,0.000164
120,Ahe,0,0,0,37,0,37,0,100,0,0,0.000148
121,Ahe,13,42,152,71,0,278,4.676258993,25.53956835,6.280193237,15.10791367,0.001112
122,Ahe,10136,40163,33602,21044,0,104945,9.658392491,20.0524084,12.08090488,38.27052265,0.41978
123,Ahe,0,0,56,224,0,280,0,80,0,0,0.00112
124,Ahe,1577,2828,2935,27318,0,34658,4.550176006,78.82162848,21.48501362,8.159732241,0.138632
125,Ahe,22690,9516,35802,21855,0,89863,25.24954653,24.32035432,33.36372192,10.58945283,0.359452
126,Ahe,17553,3763,26604,17428,0,65348,26.86080676,26.66952317,36.62979967,5.758401175,0.261392
127,Ahe,1641,680,4684,5434,0,12439,13.19237881,43.6851837,23.4261242,5.466677386,0.049756
128,Ahe,316,263,4202,5413,0,10194,3.099862664,53.09986266,6.609495921,2.57994899,0.040776
129,Ahe,0,0,2,37,0,39,0,94.87179487,0,0,0.000156
130,Ahe,1350,632,4599,4120,0,10701,12.6156434,38.50107467,20.51359976,5.905990094,0.042804
131,Ahe,1270,3276,5968,39374,0,49888,2.545702373,78.92479153,12.07913259,6.566709429,0.199552
132,Ahe,0,0,0,204,0,204,0,100,0,0,0.000816
133,Ahe,0,0,1,4386,0,4387,0,99.97720538,0,0,0.017548
134,Ahe,0,0,149,269,0,418,0,64.35406699,0,0,0.001672
135,Ahe,12392,3443,14157,9886,0,39878,31.07477807,24.79061136,41.31768472,8.633833191,0.159512
136,Ahe,0,0,1,101,0,102,0,99.01960784,0,0,0.000408
137,Ahe,2216,1537,4247,3483,0,11483,19.29809283,30.33179483,27.7,13.38500392,0.045932
138,Ahe,0,0,0,61,0,61,0,100,0,0,0.000244
139,Ahe,0,0,59,197,0,256,0,76.953125,0,0,0.001024
140,Ahe,6124,3413,5883,2968,0,18388,33.30432891,16.1409615,39.71465629,18.56101806,0.073552
141,Ahe,1459,950,2917,1314,0,6640,21.97289157,19.78915663,27.39391664,14.30722892,0.02656
142,Ahe,574,175,2082,4281,0,7112,8.070866142,60.19403825,20.27552102,2.460629921,0.028448
143,Ahe,0,0,54,46,0,100,0,46,0,0,0.0004
144,Ahe,4120,1251,6445,5312,0,17128,24.05418029,31.01354507,34.86797563,7.303829986,0.068512
145,Ahe,0,0,31,18,0,49,0,36.73469388,0,0,0.000196
146,Ahe,1878,929,2467,2524,0,7798,24.08309823,32.36727366,35.60864619,11.91331111,0.031192
147,Ahe,5700,10907,10698,37060,0,64365,8.855744582,57.57787617,20.87529756,16.94554494,0.25746
148,Ahe,4561,3662,5330,3817,0,17370,26.25791595,21.97466897,33.65306574,21.08232585,0.06948
149,Ahe,0,0,0,28,0,28,0,100,0,0,0.000112
150,Ahe,0,0,0,106,0,106,0,100,0,0,0.000424
151,Ahe,17,31,225,275,0,548,3.102189781,50.18248175,6.227106227,5.656934307,0.002192
152,Ahe,2794,3073,3882,5507,0,15256,18.31410593,36.0972732,28.65934968,20.1428946,0.061024
153,Ahe,31,105,661,794,0,1591,1.948460088,49.90571967,3.889585947,6.599622879,0.006364
154,Ahe,540,421,1951,3841,0,6753,7.996446024,56.8784244,18.54395604,6.234266252,0.027012
155,Ahe,11803,8112,14937,21469,0,56321,20.95665915,38.11899647,33.86606221,14.40315335,0.225284
156,Ahe,0,0,13,15,0,28,0,53.57142857,0,0,0.000112
157,Ahe,0,0,5,113,0,118,0,95.76271186,0,0,0.000472
158,Ahe,30991,12129,18336,31664,0,93120,33.28071306,34.00343643,50.42794845,13.02512887,0.37248
159,Ahe,0,0,18,12,0,30,0,40,0,0,0.00012
160,Ahe,10,36,435,586,0,1067,0.937207123,54.92033739,2.079002079,3.373945642,0.004268
161,Ahe,114,85,1153,3611,0,4963,2.296997784,72.75841225,8.431952663,1.712673786,0.019852
162,Ahe,12748,5844,7142,8487,0,34221,37.25197978,24.80056106,49.53757675,17.07723328,0.136884
163,Ahe,191187,132704,94723,244683,0,663297,28.82373959,36.88890497,45.67143,20.00672399,2.653188
164,Ahnd,226,302,1890,1428,0,3846,5.876235049,37.12948518,9.346567411,7.852314093,0.015384
165,Ahnd,15699,18977,7366,2699,3918,48659,35.08862118,6.032498156,37.3412302,42.41523435,0.194636
166,Ahnd,111361,129063,22121,8118,0,270663,41.14378397,2.999301715,42.41596679,47.68402035,1.082652
167,Ahnd,20044,12614,4604,1849,0,39111,51.24900923,4.727570249,53.79206699,32.25179617,0.156444
168,Ahnd,2411,2326,1775,1335,0,7847,30.72511788,17.01287116,37.02395577,29.64190136,0.031388
169,Ahnd,23596,23861,5975,1864,0,55296,42.67216435,3.370949074,44.16080252,43.15140336,0.221184
170,Ahnd,10267,8609,5230,1751,0,25857,39.70684921,6.771860618,42.59105617,33.29465909,0.103428
171,Ahnd,2754,3430,1977,870,0,9031,30.4949618,9.633484664,33.74586448,37.98029011,0.036124
172,Ahnd,9054,8092,3522,1235,0,21903,41.33680318,5.63849701,43.80685117,36.94471077,0.087612
173,Ahnd,397,407,886,1750,0,3440,11.54069767,50.87209302,23.49112426,11.83139535,0.01376
174,Ahnd,98765,87926,11247,3955,0,201893,48.91947715,1.958958458,49.89693742,43.55079176,0.807572
175,Ahunui,0,0,28,1,0,29,0,3.448275862,0,0,0.000116
176,Ahunui,0,0,11,20,0,31,0,64.51612903,0,0,0.000124
177,Ahunui,0,0,26,1,0,27,0,3.703703704,0,0,0.000108
178,Ahunui,0,0,207,42,0,249,0,16.86746988,0,0,0.000996
179,Ahunui,0,0,27,9,0,36,0,25,0,0,0.000144
180,Ahunui,0,0,4,38,0,42,0,90.47619048,0,0,0.000168
181,Ahunui,0,0,1,66,0,67,0,98.50746269,0,0,0.000268
182,Ahunui,1080,14156,3663,27155,0,46054,2.345073175,58.9633908,5.714588073,30.7378295,0.184216
183,Ahunui,0,20,159,425,0,604,0,70.36423841,0,3.311258278,0.002416
184,Ahunui,0,0,0,77,0,77,0,100,0,0,0.000308
185,Ahunui,0,0,0,124,0,124,0,100,0,0,0.000496
186,Ahunui,0,0,9,34,0,43,0,79.06976744,0,0,0.000172
187,Ahunui,0,0,14,188,0,202,0,93.06930693,0,0,0.000808
188,Ahunui,45904,343712,183289,409795,8398,991098,4.671211967,41.70092602,8.012497709,34.97628981,3.964392
189,Ahunui,219,2420,2638,17687,0,22964,0.953666609,77.02055391,4.150085276,10.53823376,0.091856
190,Ahunui,0,0,62,0,0,62,0,0,0,0,0.000248
191,Ahunui,0,3,214,0,0,217,0,0,0,1.382488479,0.000868
192,Ahunui,8520,57300,20590,82954,0,169364,5.030585012,48.97971234,9.859969911,33.83245554,0.677456
193,Ahunui,0,0,79,0,0,79,0,0,0,0,0.000316
194,Ahunui,0,0,48,3,0,51,0,5.882352941,0,0,0.000204
195,Ailuk,88558,80196,21051,24948,0,214753,41.23714221,11.61706705,46.65735887,37.34336657,0.859012
196,Ailuk,0,0,0,26,0,26,0,100,0,0,0.000104
197,Ailuk,58815,32698,8639,17851,0,118003,49.84195317,15.1275815,58.72573688,27.70946501,0.472012
198,Ailuk,2076,869,584,2389,0,5918,35.07941872,40.36836769,58.82686313,14.68401487,0.023672
199,Ailuk,59939,37932,16003,18262,0,132136,45.36159714,13.82060907,52.63624708,28.70678695,0.528544
200,Ailuk,10,27,98,5115,0,5250,0.19047619,97.42857143,7.407407407,0.514285714,0.021
201,Ailuk,1886,1490,837,3863,0,8076,23.35314512,47.83308569,44.76619986,18.44972759,0.032304
202,Ailuk,2189,2027,1020,2991,0,8227,26.60751185,36.3559013,41.80672269,24.6383858,0.032908
203,Ailuk,1007,1204,567,2733,0,5511,18.27254582,49.59172564,36.24910007,21.84721466,0.022044
204,Ailuk,243,585,362,2529,0,3719,6.53401452,68.00215112,20.42016807,15.73003496,0.014876
205,Ailuk,58778,44653,27700,30440,0,161571,36.37905317,18.84001461,44.82387841,27.6367665,0.646284
206,Ailuk,69,99,648,5574,0,6390,1.079812207,87.23004695,8.455882353,1.549295775,0.02556
207,Ailuk,11501,11869,3617,6775,0,33762,34.06492506,20.06693916,42.6168155,35.15490788,0.135048
208,Ailuk,1308,1827,718,3891,0,7744,16.89049587,50.24535124,33.94757332,23.59245868,0.030976
209,Ailuk,1998,2009,1130,8491,0,13628,14.66099208,62.3055474,38.89429628,14.74170825,0.054512
210,Ailuk,13434,8055,3196,5841,0,30526,44.00838629,19.13450829,54.42171359,26.38734194,0.122104
211,Ailuk,12392,11207,3834,12820,0,40253,30.78528308,31.84855787,45.17187329,27.84140313,0.161012
212,Ailuk,8998,13145,7906,20758,0,50807,17.71015805,40.85657488,29.94442411,25.87241915,0.203228
213,Ailuk,7233,9282,5897,17102,0,39514,18.30490459,43.28086248,32.27288952,23.49040846,0.158056
214,Ailuk,2111,2151,1663,4864,0,10789,19.56622486,45.08295486,35.62869198,19.93697284,0.043156
215,Ailuk,4400,6320,2649,6324,0,19693,22.34296451,32.11293353,32.91196051,32.09262174,0.078772
216,Ailuk,5512,7332,5442,24663,0,42949,12.83382617,57.4239214,30.14327901,17.07141028,0.171796
217,Ailuk,7618,3989,1733,13359,0,26699,28.53290385,50.03558186,57.10644678,14.94063448,0.106796
218,Ailuk,36701,27995,10591,20349,0,95636,38.37571626,21.27755239,48.74812385,29.27244971,0.382544
219,Ailuk,449,1837,1145,8463,0,11894,3.775012611,71.15352278,13.08656368,15.44476206,0.047576
220,Ailuk,907,1839,1127,5530,0,9403,9.645857705,58.81101776,23.4185386,19.557588,0.037612
221,Ailuk,5,17,251,6046,0,6319,0.079126444,95.67969615,1.831501832,0.26902991,0.025276
222,Ailuk,226,626,348,3006,0,4206,5.373276272,71.46932953,18.83333333,14.88349976,0.016824
223,Ailuk,103,159,120,1213,0,1595,6.457680251,76.05015674,26.96335079,9.968652038,0.00638
224,Ailuk,1081,1789,788,4680,0,8338,12.96473975,56.128568,29.55166758,21.45598465,0.033352
225,Ailuk,21692,14537,9367,12291,0,57887,37.47300776,21.23274656,47.57434863,25.11271961,0.231548
226,Ailuk,5,5,153,1433,0,1596,0.313283208,89.78696742,3.067484663,0.313283208,0.006384
227,Ailuk,3552,1965,901,10580,0,16998,20.89657607,62.24261678,55.34434403,11.56018355,0.067992
228,Ailuk,3634,2745,1040,8003,0,15422,23.56374011,51.89339904,48.98234263,17.79924783,0.061688
229,Ailuk,6464,4804,1455,9242,0,21965,29.42863647,42.07603005,50.8056276,21.87115866,0.08786
230,Ailuk,1173,1576,1000,5611,0,9360,12.53205128,59.9465812,31.28834356,16.83760684,0.03744
231,Ailuk,22542,14288,7620,19211,0,63661,35.40943435,30.17703146,50.71316085,22.44388244,0.254644
232,Ailuk,3594,4396,1857,6123,0,15970,22.50469631,38.3406387,36.49842592,27.5266124,0.06388
233,Ailuk,35424,19147,9603,16191,0,80365,44.07889006,20.14683009,55.1999252,23.82504822,0.32146
234,Ailuk,4494,4033,1143,5924,0,15594,28.81877645,37.98897012,46.47362978,25.86251122,0.062376
235,Ailuk,72,158,179,2115,0,2524,2.852614897,83.7955626,17.60391198,6.259904913,0.010096
236,Ailuk,5172,7198,3948,7750,0,24068,21.48911418,32.20043211,31.69506067,29.90693036,0.096272
237,Ailuk,9184,6698,2178,5603,0,23663,38.81164687,23.67831636,50.85271318,28.30579386,0.094652
238,Ailuk,5194,4029,1429,6384,0,17036,30.48837755,37.47358535,48.76079609,23.64991782,0.068144
239,Ailuk,3752,2775,932,4185,0,11644,32.22260392,35.9412573,50.30164901,23.83201649,0.046576
240,Ailuk,13940,6743,1400,8173,0,30256,46.07350608,27.0128239,63.12548114,22.28648863,0.121024
241,Ailuk,20881,14835,14410,10219,0,60345,34.60270114,16.93429447,41.6570243,24.58364405,0.24138
242,Ailuk,1455,1716,1488,5027,0,9686,15.02168078,51.89964898,31.22987766,17.71629155,0.038744
243,Ailuk,10066,6172,1402,8281,0,25921,38.83337834,31.94706994,57.06349206,23.81080977,0.103684
244,Ailuk,7078,5044,1646,9008,0,22776,31.07657183,39.55040393,51.4090645,22.14611872,0.091104
245,Ailuk,10980,5041,1165,9435,0,26621,41.24563315,35.44194433,63.88921215,18.93617821,0.106484
246,Ailuk,7251,6827,5034,6512,0,25624,28.29768967,25.41367468,37.93951444,26.64299095,0.102496
247,Ailuk,7382,3581,1230,8587,0,20780,35.52454283,41.32338787,60.54293447,17.23291627,0.08312
248,Ailuk,2438,2080,376,2168,0,7062,34.52279807,30.69951855,49.81610135,29.45341263,0.028248
249,Ailuk,5865,3024,971,5899,0,15759,37.21682848,37.43257821,59.48275862,19.18903484,0.063036
250,Ailuk,7648,7070,2731,4873,0,22322,34.26216289,21.83048114,43.83059201,31.67278918,0.089288
251,Ailuk,81947,47813,12684,40285,0,182729,44.846193,22.04630901,57.52927466,26.16607107,0.730916
252,Akiaki,109152,110381,35568,55460,16570,327131,35.14671836,17.85800535,42.78775857,35.54245382,1.308524
253,Amanu,0,0,11,97,0,108,0,89.81481481,0,0,0.000432
254,Amanu,0,0,0,35,0,35,0,100,0,0,0.00014
255,Amanu,0,0,0,27,0,27,0,100,0,0,0.000108
256,Amanu,0,0,3,93,0,96,0,96.875,0,0,0.000384
257,Amanu,194184,59148,162937,241925,0,658194,29.50254788,36.75588049,46.6486815,8.986408263,2.632776
258,Amanu,0,0,22,393,0,415,0,94.69879518,0,0,0.00166
259,Amanu,0,0,0,33,0,33,0,100,0,0,0.000132
260,Amanu,2429,1546,9415,49707,0,63097,3.84962835,78.7787058,18.14040329,2.45019573,0.252388
261,Amanu,0,0,0,103,0,103,0,100,0,0,0.000412
262,Amanu,0,0,0,45,0,45,0,100,0,0,0.00018
263,Amanu,0,0,33,5,0,38,0,13.15789474,0,0,0.000152
264,Amanu,4230,829,8264,36746,0,50069,8.448341289,73.39072081,31.74960594,1.655715113,0.200276
265,Amanu,1,12,302,4692,0,5007,0.019972039,93.70880767,0.317460317,0.23966447,0.020028
266,Amanu,0,2,1,35,0,38,0,92.10526316,0,5.263157895,0.000152
267,Amanu,3543,1046,2814,5783,0,13186,26.86940695,43.85712119,47.85897609,7.932655847,0.052744
268,Amanu,0,0,1,74,0,75,0,98.66666667,0,0,0.0003
269,Amanu,20,150,495,4426,0,5091,0.392850128,86.93773325,3.007518797,2.946375958,0.020364
270,Amanu,0,0,0,126,0,126,0,100,0,0,0.000504
271,Amanu,4066,1133,3756,13051,0,22006,18.47677906,59.30655276,45.40480179,5.148595837,0.088024
272,Amanu,0,0,2,106,0,108,0,98.14814815,0,0,0.000432
273,Amanu,0,0,0,82,0,82,0,100,0,0,0.000328
274,Amanu,1,2,8,393,0,404,0.247524752,97.27722772,9.090909091,0.495049505,0.001616
275,Amanu,216,265,2455,12910,0,15846,1.36312003,81.47166477,7.356948229,1.672346333,0.063384
276,Amanu,0,0,0,95,0,95,0,100,0,0,0.00038
277,Amanu,0,0,0,52,0,52,0,100,0,0,0.000208
278,Amanu,7731,1980,23397,89979,0,123087,6.280923249,73.10195228,23.35085176,1.608618294,0.492348
279,Amanu,0,0,3,26,0,29,0,89.65517241,0,0,0.000116
280,Amanu,15,63,592,8428,0,9098,0.1648714,92.63574412,2.23880597,0.692459881,0.036392
281,Amanu,0,0,19,30,0,49,0,61.2244898,0,0,0.000196
282,Amanu,43930,22374,276006,502877,0,845187,5.197666315,59.49890379,12.83339663,2.647224815,3.380748
283,Amanu,0,0,1278,4678,0,5956,0,78.54264607,0,0,0.023824
284,Amanu,127,44,1249,4931,0,6351,1.999685089,77.64131633,8.943661972,0.692804283,0.025404
285,Amanu,5799,1111,6252,6770,0,19932,29.09391933,33.96548264,44.0586537,5.573951435,0.079728
286,Amanu,31614,27504,82055,74084,0,215257,14.6866304,34.41653465,22.39380051,12.77728483,0.861028
287,Amanu,0,0,56,390,0,446,0,87.44394619,0,0,0.001784
288,Amanu,5,0,4096,11597,0,15698,0.031851191,73.87565295,0.121921483,0,0.062792
289,Amanu,0,0,567,1374,0,1941,0,70.78825348,0,0,0.007764
290,Amanu,0,0,0,26,0,26,0,100,0,0,0.000104
291,Amanu,2394,526,20398,44330,0,67648,3.538907285,65.53039262,10.26674672,0.777554399,0.270592
292,Amanu,37,8,1200,5123,0,6368,0.581030151,80.4491206,2.97188755,0.125628141,0.025472
293,Amanu,340,51,2767,11110,0,14268,2.382954864,77.86655453,10.76630779,0.35744323,0.057072
294,Amanu,0,0,0,63,0,63,0,100,0,0,0.000252
295,Amanu,14,3,865,6996,0,7878,0.177710079,88.80426504,1.587301587,0.038080731,0.031512
296,Amanu,0,0,121,1936,0,2057,0,94.11764706,0,0,0.008228
297,Amanu,0,0,39,765,0,804,0,95.14925373,0,0,0.003216
298,Amanu,0,0,2,163,0,165,0,98.78787879,0,0,0.00066
299,Amanu,0,0,1,259,0,260,0,99.61538462,0,0,0.00104
300,Amanu,0,0,0,30,0,30,0,100,0,0,0.00012
301,Amanu,0,0,212,3525,0,3737,0,94.32700027,0,0,0.014948
302,Amanu,0,0,40,399,0,439,0,90.88838269,0,0,0.001756
303,Amanu,0,0,4,51,0,55,0,92.72727273,0,0,0.00022
304,Amanu,0,0,4,57,0,61,0,93.44262295,0,0,0.000244
305,Amanu,0,0,0,39,0,39,0,100,0,0,0.000156
306,Amanu,3,0,229,3239,0,3471,0.086430424,93.31604725,1.293103448,0,0.013884
307,Amanu,0,0,7,95,0,102,0,93.1372549,0,0,0.000408
308,Amanu,0,0,0,35,0,35,0,100,0,0,0.00014
309,Amanu,1689,269,6235,11936,0,20129,8.390878832,59.29753093,20.61515928,1.336380347,0.080516
310,Amanu,0,0,2,79,0,81,0,97.5308642,0,0,0.000324
311,Amanu,9918,2083,14802,21961,0,48764,20.33877451,45.03527192,37.00332052,4.271593799,0.195056
312,Amanu,0,0,111,648,0,759,0,85.37549407,0,0,0.003036
313,Amanu,61149,14231,31344,17329,0,124053,49.29264105,13.96902937,57.29639069,11.47170967,0.496212
314,Amanu,0,0,51,179,0,230,0,77.82608696,0,0,0.00092
315,Amanu,0,0,0,27,0,27,0,100,0,0,0.000108
316,Amanu,0,0,6,281,0,287,0,97.90940767,0,0,0.001148
317,Amanu,0,0,0,25,0,25,0,100,0,0,0.0001
318,Amanu,0,0,16,17,0,33,0,51.51515152,0,0,0.000132
319,Amanu,0,0,24,68,0,92,0,73.91304348,0,0,0.000368
320,Amanu,69,18,10384,18489,0,28960,0.238259669,63.84323204,0.65896285,0.062154696,0.11584
321,Amanu,0,0,411,797,0,1208,0,65.97682119,0,0,0.004832
322,Amanu,50042,10105,42063,46763,0,148973,33.59132192,31.39025192,48.95998435,6.783108348,0.595892
323,Amanu,0,0,0,38,0,38,0,100,0,0,0.000152
324,Amanu,175,29,829,7356,0,8389,2.086065085,87.68625581,16.94094869,0.345690786,0.033556
325,Amanu,7950,3271,6747,6211,0,24179,32.8797717,25.68758013,44.24532502,13.52826833,0.096716
326,Amanu,15742,3203,13173,14740,0,46858,33.59511716,31.45674164,49.01301451,6.835545691,0.187432
327,Amanu,0,0,420,182,0,602,0,30.23255814,0,0,0.002408
328,Amanu,0,0,154,14,0,168,0,8.333333333,0,0,0.000672
329,Amanu,0,0,10,33,0,43,0,76.74418605,0,0,0.000172
330,Amanu,4283,1608,86769,144539,0,237199,1.805656854,60.93575437,4.622274984,0.677911796,0.948796
331,Amanu,0,0,54,786,0,840,0,93.57142857,0,0,0.00336
332,Amanu,10920,2400,12507,26683,0,52510,20.79603885,50.81508284,42.28133349,4.570557989,0.21004
333,Amanu,0,0,22,167,0,189,0,88.35978836,0,0,0.000756
334,Amanu,2933,1600,42530,64390,0,111453,2.631602559,57.77323177,6.232071904,1.435582712,0.445812
335,Amanu,0,0,537,433,0,970,0,44.63917526,0,0,0.00388
336,Amanu,0,0,1,121,0,122,0,99.18032787,0,0,0.000488
337,Amanu,0,0,0,266,0,266,0,100,0,0,0.001064
338,Amanu,0,0,1,37,0,38,0,97.36842105,0,0,0.000152
339,Amanu,60643,15470,46878,74732,0,197723,30.67068576,37.796311,49.30685985,7.824077118,0.790892
340,Amanu,0,0,0,42,0,42,0,100,0,0,0.000168
341,Amanu,0,0,0,58,0,58,0,100,0,0,0.000232
342,Amanu,0,0,9,448,0,457,0,98.03063457,0,0,0.001828
343,Amanu,479,84,572,620,0,1755,27.29344729,35.32763533,42.20264317,4.786324786,0.00702
344,Amanu,0,0,0,194,0,194,0,100,0,0,0.000776
345,Amanu,0,0,0,41,0,41,0,100,0,0,0.000164
346,Amanu,1,0,79,72,0,152,0.657894737,47.36842105,1.25,0,0.000608
347,Amanu,0,0,27,1352,0,1379,0,98.04205946,0,0,0.005516
348,Amanu,0,0,0,98,0,98,0,100,0,0,0.000392
349,Amanu,713,271,1433,1968,0,4385,16.25997719,44.88027366,29.4993794,6.180159635,0.01754
350,Amanu,37008,15062,176144,182649,0,410863,9.007382023,44.45496431,16.21635833,3.665942175,1.643452
351,Amanu,0,0,2,594,0,596,0,99.66442953,0,0,0.002384
352,Amanu,420,95,1019,1791,0,3325,12.63157895,53.86466165,27.37940026,2.857142857,0.0133
353,Amanu,250,74,593,769,0,1686,14.82799526,45.6109134,27.26281352,4.389086595,0.006744
354,Amanu,0,0,7,19,0,26,0,73.07692308,0,0,0.000104
355,Amanu,0,0,0,118,0,118,0,100,0,0,0.000472
356,Amanu,36580,12033,31981,36467,0,117061,31.24866523,31.15213436,45.38799414,10.27925611,0.468244
357,Amanu,7631,2336,5966,6849,0,22782,33.49574225,30.0632078,47.89430741,10.25370907,0.091128
358,Amanu,5318,1124,5170,7044,0,18656,28.50557461,37.75728988,45.79745091,6.024871355,0.074624
359,Amanu,36630,8141,16348,13593,0,74712,49.02826855,18.19386444,59.93226329,10.89650926,0.298848
360,Anaa,0,0,19,152,0,171,0,88.88888889,0,0,0.000684
361,Anaa,0,0,3,78,0,81,0,96.2962963,0,0,0.000324
362,Anaa,0,0,9,24,0,33,0,72.72727273,0,0,0.000132
363,Anaa,0,13,30,12,0,55,0,21.81818182,0,23.63636364,0.00022
364,Anaa,5,0,1017,721,0,1743,0.286861733,41.36546185,0.489236791,0,0.006972
365,Anaa,0,0,9,22,0,31,0,70.96774194,0,0,0.000124
366,Anaa,312,288,4168,7316,0,12084,2.581926514,60.5428666,6.543624161,2.383316783,0.048336
367,Anaa,8920,5863,10523,7509,0,32815,27.18269084,22.88282798,35.24855765,17.86682919,0.13126
368,Anaa,0,12,252,220,0,484,0,45.45454545,0,2.479338843,0.001936
369,Anaa,0,0,0,26,0,26,0,100,0,0,0.000104
370,Anaa,50,42,946,624,0,1662,3.008423586,37.54512635,4.816955684,2.527075812,0.006648
371,Anaa,180783,186662,408198,608639,0,1384282,13.05969448,43.96784759,23.307501,13.48439119,5.537128
372,Anaa,83154,151914,225809,97970,0,558847,14.87956453,17.53073739,18.04255799,27.18346882,2.235388
373,Anaa,0,0,0,146,0,146,0,100,0,0,0.000584
374,Anaa,0,0,1,75,0,76,0,98.68421053,0,0,0.000304
375,Anaa,0,0,0,143,0,143,0,100,0,0,0.000572
376,Anaa,0,0,56,7,0,63,0,11.11111111,0,0,0.000252
377,Anaa,0,0,0,25,0,25,0,100,0,0,0.0001
378,Anaa,46391,44384,71418,33383,0,195576,23.72019062,17.06906778,28.60234412,22.69399108,0.782304
379,Anaa,0,0,0,28,0,28,0,100,0,0,0.000112
380,Anaa,0,0,0,1263,0,1263,0,100,0,0,0.005052
381,Anaa,9694,15043,63492,71130,0,159359,6.083120502,44.63506925,10.9873171,9.439692769,0.637436
382,Anaa,0,20,4,6042,0,6066,0,99.60435213,0,0.329706561,0.024264
383,Anaa,133,237,1740,5337,0,7447,1.785954075,71.66644286,6.303317536,3.182489593,0.029788
384,Anaa,0,0,0,51,0,51,0,100,0,0,0.000204
385,Anaa,0,0,350,122,0,472,0,25.84745763,0,0,0.001888
386,Anaa,0,0,116,126,0,242,0,52.0661157,0,0,0.000968
387,Anaa,0,0,7,218,0,225,0,96.88888889,0,0,0.0009
388,Anaa,2517,1598,5057,5371,0,14543,17.30729561,36.93185725,27.44221544,10.98810424,0.058172
389,Anaa,0,0,32,1005,0,1037,0,96.91417551,0,0,0.004148
390,Anaa,390,400,864,578,0,2232,17.47311828,25.89605735,23.57920193,17.92114695,0.008928
391,Anaa,4677,3244,9753,15754,0,33428,13.99126481,47.12815604,26.46260043,9.704439392,0.133712
392,Anaa,1079,2108,4891,14088,0,22166,4.867815573,63.5567987,13.35726665,9.510060453,0.088664
393,Anaa,4,12,248,202,0,466,0.858369099,43.34763948,1.515151515,2.575107296,0.001864
394,Anaa,1906,4037,3770,22890,0,32603,5.846087783,70.20826304,19.62318542,12.38229611,0.130412
395,Anaa,6356,11161,53200,111762,0,182479,3.483140526,61.2464996,8.987937837,6.116320234,0.729916
396,Anaa,0,0,11,28,0,39,0,71.79487179,0,0,0.000156
397,Anaa,261,320,471,135,0,1187,21.98820556,11.37320977,24.80988593,26.95871946,0.004748
398,Anaa,3680,4558,9297,48721,0,66256,5.554213958,73.53447235,20.98659823,6.879376962,0.265024
399,Anaa,0,0,0,172,0,172,0,100,0,0,0.000688
400,Anaa,0,0,2,23,0,25,0,92,0,0,0.0001
401,Anaa,8572,7731,17332,40206,0,73841,11.60872686,54.44942512,25.48535751,10.4697932,0.295364
402,Anaa,0,0,0,28,0,28,0,100,0,0,0.000112
403,Anaa,545051,390423,659536,476069,0,2071079,26.31724816,22.98652055,34.17226224,18.8511882,8.284316
404,Anaa,0,0,0,141,0,141,0,100,0,0,0.000564
405,Anaa,0,7,49,48,0,104,0,46.15384615,0,6.730769231,0.000416
406,Anaa,0,0,0,27,0,27,0,100,0,0,0.000108
407,Anaa,0,0,0,29,0,29,0,100,0,0,0.000116
408,Anaa,0,0,1,71,0,72,0,98.61111111,0,0,0.000288
409,Anaa,0,0,81,1544,0,1625,0,95.01538462,0,0,0.0065
410,Anaa,0,0,15,58,0,73,0,79.45205479,0,0,0.000292
411,Anaa,65712,50880,172224,315614,0,604430,10.87173039,52.2167993,22.75220209,8.417848221,2.41772
412,Anaa,118848,124564,118940,104036,0,466388,25.48264535,22.30674889,32.79904623,26.70823435,1.865552
413,Anaa,9,0,265,492,0,766,1.174934726,64.22976501,3.284671533,0,0.003064
414,Anaa,25,1,352,1265,0,1643,1.521606817,76.99330493,6.613756614,0.060864273,0.006572
415,Anaa,482,507,6909,15155,0,23053,2.090834165,65.73981694,6.102810838,2.19927992,0.092212
416,Anaa,24404,10949,19980,27186,0,82519,29.57379513,32.94513991,44.10388014,13.26845939,0.330076
417,Anaa,276279,129277,357624,130812,0,893992,30.90396782,14.6323457,36.20102728,14.46064394,3.575968
418,Anaa,130509,110818,122418,59149,0,422894,30.86092496,13.98672008,35.87925607,26.2046754,1.691576
419,Anaa,0,0,0,26,0,26,0,100,0,0,0.000104
420,Anaa,102478,85298,119447,133089,0,440312,23.2739512,30.22606697,33.35622658,19.37217246,1.761248
421,Anaa,0,0,0,53,0,53,0,100,0,0,0.000212
422,Anaa,103699,63364,115934,64293,0,347290,29.85948343,18.51277031,36.64314463,18.24527052,1.38916
423,Anaa,0,0,15,23,0,38,0,60.52631579,0,0,0.000152
424,Anaa,4976,2445,7133,12767,0,27321,18.21309615,46.7296219,34.18991343,8.949159987,0.109284
425,Anaa,5747,1826,7073,10068,0,24714,23.25402606,40.73804321,39.23938277,7.388524723,0.098856
426,Anaa,72672,37037,46333,28278,0,184320,39.42708333,15.34179688,46.57207675,20.09385851,0.73728
427,Anaa,0,0,2,24,0,26,0,92.30769231,0,0,0.000104
428,Anaa,0,0,0,77,0,77,0,100,0,0,0.000308
429,Anaa,92315,77219,81516,42909,0,293959,31.40403934,14.59693359,36.77155945,26.2686293,1.175836
430,Anaa,0,0,22,4,0,26,0,15.38461538,0,0,0.000104
431,Anaa,0,0,95,49,0,144,0,34.02777778,0,0,0.000576
432,Anaa,2,1,302,170,0,475,0.421052632,35.78947368,0.655737705,0.210526316,0.0019
433,Anaa,19367,12406,21742,28663,0,82178,23.56713476,34.87916474,36.18985331,15.09649785,0.328712
434,Anaa,0,0,34,238,0,272,0,87.5,0,0,0.001088
435,Anaa,20902,17629,37872,26447,0,102850,20.32280019,25.71414682,27.35756449,17.14049587,0.4114
436,Anaa,3992,4061,5858,22859,0,36770,10.85667664,62.16752788,28.69671483,11.04432962,0.14708
437,Anaa,212192,83607,95516,41082,0,432397,49.07342095,9.500990987,54.22536831,19.33570307,1.729588
438,Anaa,4017,2808,4208,12676,0,23709,16.94293306,53.46492893,36.40895495,11.84360369,0.094836
439,Anaa,0,0,0,63,0,63,0,100,0,0,0.000252
440,Anaa,48970,29504,45225,138286,0,261985,18.69190984,52.78393801,39.58803224,11.26171346,1.04794
441,Anaa,1020,983,6431,22015,0,30449,3.349863707,72.301225,12.09390562,3.228349043,0.121796
442,Anaa,3799,5301,7112,19117,0,35329,10.75320558,54.11135328,23.43325931,15.00467038,0.141316
443,Anaa,4376,1317,10348,20307,0,36348,12.03917685,55.86827336,27.28009476,3.623308022,0.145392
444,Anaa,36322,16250,17802,23841,0,94215,38.55224752,25.30488776,51.61281155,17.24778432,0.37686
445,Apataki,0,0,0,136,0,136,0,100,0,0,0.000544
446,Apataki,0,0,3,44,0,47,0,93.61702128,0,0,0.000188
447,Apataki,3,0,72,1323,0,1398,0.214592275,94.63519313,4,0,0.005592
448,Apataki,0,0,2,103,0,105,0,98.0952381,0,0,0.00042
449,Apataki,0,0,45,645,0,690,0,93.47826087,0,0,0.00276
450,Apataki,0,0,40,799,0,839,0,95.23241955,0,0,0.003356
451,Apataki,0,0,31,295,0,326,0,90.49079755,0,0,0.001304
452,Apataki,0,0,10,528,0,538,0,98.14126394,0,0,0.002152
453,Apataki,735,201,2843,4644,0,8423,8.726107088,55.13475009,19.44958984,2.386323163,0.033692
454,Apataki,0,0,7,93,0,100,0,93,0,0,0.0004
455,Apataki,35305,21333,15795,12334,0,84767,41.64946264,14.55047365,48.74159568,25.16663324,0.339068
456,Apataki,0,0,4,25,0,29,0,86.20689655,0,0,0.000116
457,Apataki,0,0,5,80,0,85,0,94.11764706,0,0,0.00034
458,Apataki,16,3,136,21,0,176,9.090909091,11.93181818,10.32258065,1.704545455,0.000704
459,Apataki,244642,105685,199087,426354,0,975768,25.07173836,43.6941978,44.52780599,10.83095572,3.903072
460,Apataki,72371,39322,96332,157623,0,365648,19.79253271,43.10785236,34.78956856,10.75405855,1.462592
461,Apataki,0,29,80,15,0,124,0,12.09677419,0,23.38709677,0.000496
462,Apataki,13,0,97,360,0,470,2.765957447,76.59574468,11.81818182,0,0.00188
463,Apataki,0,0,2,25,0,27,0,92.59259259,0,0,0.000108
464,Apataki,62,114,210,136,0,522,11.87739464,26.05363985,16.06217617,21.83908046,0.002088
465,Apataki,7,4,146,108,0,265,2.641509434,40.75471698,4.458598726,1.509433962,0.00106
466,Apataki,0,0,0,0,39,39,0,0,0,0,0.000156
467,Apataki,14,43,100,0,0,157,8.917197452,0,8.917197452,27.38853503,0.000628
468,Apataki,0,0,39,0,0,39,0,0,0,0,0.000156
469,Apataki,357973,126235,326735,211376,0,1022319,35.01578274,20.67612947,44.14280658,12.34790706,4.089276
470,Apataki,182,207,2240,1707,0,4336,4.197416974,39.36808118,6.922784329,4.77398524,0.017344
471,Apataki,29,15,580,1489,0,2113,1.372456223,70.46852816,4.647435897,0.70989115,0.008452
472,Apataki,65,48,898,1661,0,2672,2.432634731,62.16317365,6.429277943,1.796407186,0.010688
473,Apataki,447,97,1095,1286,0,2925,15.28205128,43.96581197,27.27272727,3.316239316,0.0117
474,Apataki,536,96,1002,1229,0,2863,18.72162068,42.92699965,32.80293758,3.353126092,0.011452
475,Apataki,200,54,1798,2414,0,4466,4.47828034,54.05284371,9.746588694,1.209135692,0.017864
476,Apataki,60,58,1312,1545,0,2975,2.016806723,51.93277311,4.195804196,1.949579832,0.0119
477,Apataki,9,3,331,294,0,637,1.412872841,46.15384615,2.623906706,0.470957614,0.002548
478,Apataki,25531,17377,22148,13206,0,78262,32.62247323,16.8740896,39.24465076,22.20362373,0.313048
479,Apataki,54,196,2506,1141,0,3897,1.385681293,29.27893251,1.959361393,5.029509879,0.015588
480,Apataki,3,5,34,13,0,55,5.454545455,23.63636364,7.142857143,9.090909091,0.00022
481,Apataki,3,0,24,18,0,45,6.666666667,40,11.11111111,0,0.00018
482,Apataki,453549,453660,552032,496176,93725,2049142,23.19448997,25.3744342,31.08115794,23.20016651,8.196568
483,Apataki,59,23,187,286,0,555,10.63063063,51.53153153,21.9330855,4.144144144,0.00222
484,Apataki,0,0,57,59,0,116,0,50.86206897,0,0,0.000464
485,Apataki,21,2,351,705,0,1079,1.946246525,65.33827618,5.614973262,0.185356812,0.004316
486,Apataki,9935,6390,10284,8638,0,35247,28.18679604,24.50705025,37.33699124,18.12920249,0.140988
487,Apataki,0,0,25,121,0,146,0,82.87671233,0,0,0.000584
488,Apataki,36003,16117,24660,14198,0,90978,39.57330344,15.60597067,46.89111748,17.71527182,0.363912
489,Apataki,4,30,2185,2753,0,4972,0.080450523,55.37007241,0.180261379,0.603378922,0.019888
490,Apataki,2,2,669,1394,0,2067,0.096758587,67.44073537,0.29717682,0.096758587,0.008268
491,Apataki,167,286,3564,3276,0,7293,2.289866996,44.9197861,4.157331342,3.921568627,0.029172
492,Apataki,1,7,357,337,0,702,0.142450142,48.00569801,0.273972603,0.997150997,0.002808
493,Apataki,542,771,5845,2447,0,9605,5.642894326,25.47631442,7.571947471,8.027069235,0.03842
494,Apataki,10,18,238,429,0,695,1.438848921,61.72661871,3.759398496,2.589928058,0.00278
495,Apataki,87,158,679,675,0,1599,5.440900563,42.21388368,9.415584416,9.881175735,0.006396
496,Apataki,273,54,1872,1151,0,3350,8.149253731,34.35820896,12.41473397,1.611940299,0.0134
497,Apataki,37,61,1928,2720,0,4746,0.779603877,57.31142014,1.826258638,1.285292878,0.018984
498,Apataki,10504,5232,11280,6175,0,33191,31.64713326,18.60444096,38.88066331,15.76330933,0.132764
499,Apataki,0,0,3,102,581,686,0,97.14285714,0,0,0.002744
500,Apataki,11606,5166,8945,4343,0,30060,38.60944777,14.44777112,45.12968076,17.18562874,0.12024
501,Apataki,4417,1638,9615,11874,57,27601,16.03616033,43.10920709,28.18761966,5.946848678,0.110404
502,Apataki,3120,322,10087,6698,15683,35910,15.42492708,33.11415435,23.06157144,1.591931577,0.14364
503,Apataki,0,0,0,0,25,25,0,0,0,0,0.0001
504,Apataki,35581,14599,40350,15966,21864,128360,33.41064453,14.99211238,39.30299348,13.70849609,0.51344
505,Apataki,104,286,4677,3677,0,8744,1.189387008,42.05169259,2.052496546,3.270814273,0.034976
506,Apataki,7,0,474,532,0,1013,0.691016782,52.51727542,1.455301455,0,0.004052
507,Apataki,4777,2549,6923,4785,0,19034,25.09719449,25.13922455,33.52515966,13.39182515,0.076136
508,Apataki,7,0,359,608,0,974,0.718685832,62.42299795,1.912568306,0,0.003896
509,Apataki,27,210,1995,2861,0,5093,0.530139407,56.17514235,1.209677419,4.123306499,0.020372
510,Apataki,604,163,1692,4225,0,6684,9.036505087,63.2106523,24.56283042,2.438659485,0.026736
511,Apataki,2406,1348,1832,2243,0,7829,30.73189424,28.64989143,43.07196563,17.21803551,0.031316
512,Apataki,0,0,61,14,0,75,0,18.66666667,0,0,0.0003
513,Apataki,0,0,147,62,0,209,0,29.66507177,0,0,0.000836
514,Apataki,7468,2589,1945,2372,0,14374,51.9549186,16.50201753,62.22296284,18.01168777,0.057496
515,Apataki,61697,16586,51539,54078,1134,185034,33.54921153,29.40619902,47.52430251,9.019032083,0.740136
516,Apataki,106414,191839,303974,277894,0,880121,12.09083751,31.57452214,17.67008122,21.79688929,3.520484
517,Apataki,17,8,91,287,0,403,4.218362283,71.21588089,14.65517241,1.985111663,0.001612
518,Apataki,3873,3045,5583,6732,0,19233,20.13726408,35.00233973,30.98152148,15.83216347,0.076932
519,Apataki,530,101,844,1043,0,2518,21.04845115,41.4217633,35.93220339,4.011119936,0.010072
520,Apataki,16172,7817,23677,42146,0,89812,18.00650247,46.926914,33.92774724,8.703736694,0.359248
521,Apataki,105,32,1064,6116,0,7317,1.43501435,83.5861692,8.742714405,0.437337707,0.029268
522,Apataki,1095,722,2392,3212,0,7421,14.7554238,43.28257647,26.01568068,9.729147015,0.029684
523,Apataki,651,43,607,2569,0,3870,16.82170543,66.38242894,50.03843198,1.111111111,0.01548
524,Apataki,850,209,1416,6299,0,8774,9.6877137,71.79165717,34.34343434,2.382037839,0.035096
525,Apataki,432,94,391,1003,0,1920,22.5,52.23958333,47.11014177,4.895833333,0.00768
526,Apataki,3650,1029,2060,3705,0,10444,34.94829567,35.47491383,54.16233863,9.852546917,0.041776
527,Aranuka,306,137,1855,5068,0,7366,4.154222102,68.80260657,13.31592689,1.859896823,0.029464
528,Aranuka,0,0,0,25,0,25,0,100,0,0,0.0001
529,Aranuka,0,0,0,91,0,91,0,100,0,0,0.000364
530,Aranuka,0,0,0,25,0,25,0,100,0,0,0.0001
531,Aranuka,0,0,0,25,0,25,0,100,0,0,0.0001
532,Aranuka,0,0,0,25,0,25,0,100,0,0,0.0001
533,Aranuka,0,22,47,16,0,85,0,18.82352941,0,25.88235294,0.00034
534,Aranuka,0,0,0,36,0,36,0,100,0,0,0.000144
535,Aranuka,3,3,1317,8954,0,10277,0.029191398,87.12659336,0.22675737,0.029191398,0.041108
536,Aranuka,70724,10829,59378,155689,0,296620,23.84330119,52.48769469,50.18342309,3.650799002,1.18648
537,Aranuka,224017,123601,444234,479925,0,1271777,17.61448745,37.7365686,28.29026131,9.718763588,5.087108
538,Aranuka,2507,393,11808,19501,0,34209,7.328480809,57.0054664,17.0451455,1.148820486,0.136836
539,Aranuka,889372,255933,395141,672205,15746,2228397,40.19486128,30.3800735,57.734708,11.5668038,8.913588
540,Aratika,0,0,12,162,0,174,0,93.10344828,0,0,0.000696
541,Aratika,0,0,49,128,0,177,0,72.31638418,0,0,0.000708
542,Aratika,0,0,22,150,0,172,0,87.20930233,0,0,0.000688
543,Aratika,2374,4562,31693,47853,0,86482,2.745079901,55.33290164,6.145641875,5.275086145,0.345928
544,Aratika,1,0,83,103,0,187,0.534759358,55.0802139,1.19047619,0,0.000748
545,Aratika,0,0,38,3,0,41,0,7.317073171,0,0,0.000164
546,Aratika,42,32,7368,28752,0,36194,0.116041333,79.43858098,0.564364418,0.088412444,0.144776
547,Aratika,0,0,6,21,0,27,0,77.77777778,0,0,0.000108
548,Aratika,0,0,0,70,0,70,0,100,0,0,0.00028
549,Aratika,0,0,44,251,0,295,0,85.08474576,0,0,0.00118
550,Aratika,0,0,0,179,0,179,0,100,0,0,0.000716
551,Aratika,0,0,6,82,0,88,0,93.18181818,0,0,0.000352
552,Aratika,66,16,10398,7388,0,17868,0.36937542,41.34766062,0.629770992,0.089545556,0.071472
553,Aratika,0,0,36,241,0,277,0,87.00361011,0,0,0.001108
554,Aratika,0,0,0,217,0,217,0,100,0,0,0.000868
555,Aratika,0,1,1079,1207,0,2287,0,52.77656318,0,0.043725404,0.009148
556,Aratika,289,1013,7331,10399,0,19032,1.518495166,54.63955443,3.347619599,5.322614544,0.076128
557,Aratika,135255,220899,413345,332482,0,1101981,12.27380508,30.17130059,17.57702089,20.04562692,4.407924
558,Aratika,4277,16738,17905,17959,0,56879,7.519471158,31.57404314,10.98920863,29.42738093,0.227516
559,Aratika,8692,24496,28127,16607,0,77922,11.15474449,21.31233798,14.17597651,31.43656477,0.311688
560,Aratika,5,1,97,42,0,145,3.448275862,28.96551724,4.854368932,0.689655172,0.00058
561,Aratika,72549,72538,82771,78468,0,306326,23.68359199,25.61584717,31.83956675,23.68000104,1.225304
562,Aratika,6836,4572,5507,3028,0,19943,34.27769142,15.18327233,40.41383388,22.92533721,0.079772
563,Aratika,4201,17868,30879,60475,0,113423,3.703834319,53.31811008,7.934199592,15.75341862,0.453692
564,Aratika,3924,2025,4489,4243,0,14681,26.72842449,28.901301,37.5934087,13.79333833,0.058724
565,Aratika,264,395,1260,1340,0,3259,8.100644369,41.11690703,13.75716519,12.1202823,0.013036
566,Aratika,2572,2793,2517,795,0,8677,29.64158119,9.162152818,32.63131185,32.18854443,0.034708
567,Aratika,497,378,2253,2429,0,5557,8.943674645,43.71063523,15.8887468,6.80223142,0.022228
568,Aratika,0,0,0,111,0,111,0,100,0,0,0.000444
569,Aratika,0,0,0,59,0,59,0,100,0,0,0.000236
570,Aratika,0,0,0,38,0,38,0,100,0,0,0.000152
571,Aratika,0,0,0,334,0,334,0,100,0,0,0.001336
572,Aratika,9,0,1767,1108,0,2884,0.312066574,38.41886269,0.506756757,0,0.011536
573,Aratika,790,1627,1045,779,0,4241,18.62768215,18.36830936,22.81917966,38.36359349,0.016964
574,Aratika,0,0,0,59,0,59,0,100,0,0,0.000236
575,Aratika,0,0,1,56,0,57,0,98.24561404,0,0,0.000228
576,Aratika,0,0,24,78,0,102,0,76.47058824,0,0,0.000408
577,Aratika,274,151,802,1197,0,2424,11.30363036,49.38118812,22.33088835,6.229372937,0.009696
578,Aratika,0,0,0,587,0,587,0,100,0,0,0.002348
579,Aratika,2072,9241,20648,55381,0,87342,2.372283667,63.40706647,6.482901036,10.58024776,0.349368
580,Aratika,0,0,0,181,0,181,0,100,0,0,0.000724
581,Aratika,0,0,2,56,0,58,0,96.55172414,0,0,0.000232
582,Aratika,52,23,600,1523,0,2198,2.365787079,69.29026388,7.703703704,1.046405823,0.008792
583,Aratika,508,1053,1606,1519,0,4686,10.84080239,32.41570636,16.0404168,22.47119078,0.018744
584,Aratika,0,0,0,207,0,207,0,100,0,0,0.000828
585,Aratika,0,0,0,27,0,27,0,100,0,0,0.000108
586,Aratika,1720,1333,2114,2302,0,7469,23.02851787,30.82072567,33.28817496,17.84710135,0.029876
587,Aratika,0,0,0,190,0,190,0,100,0,0,0.00076
588,Aratika,0,0,33,117,0,150,0,78,0,0,0.0006
589,Aratika,6094,3755,7517,33062,0,50428,12.0845562,65.56278258,35.09155822,7.446260014,0.201712
590,Aratika,0,0,5,62,0,67,0,92.53731343,0,0,0.000268
591,Aratika,0,0,55,304,0,359,0,84.67966574,0,0,0.001436
592,Aratika,0,0,8,72,0,80,0,90,0,0,0.00032
593,Aratika,0,0,4,42,0,46,0,91.30434783,0,0,0.000184
594,Aratika,2553,3524,5230,6167,0,17474,14.61027813,35.29243447,22.5789334,20.16710541,0.069896
595,Aratika,13,93,583,817,0,1506,0.863213811,54.24966799,1.886792453,6.175298805,0.006024
596,Aratika,0,2,580,755,0,1337,0,56.4697083,0,0.149588631,0.005348
597,Aratika,0,0,2,25,0,27,0,92.59259259,0,0,0.000108
598,Aratika,18467,16044,33199,35053,0,102763,17.97047575,34.11052616,27.27366711,15.61262322,0.411052
599,Aratika,0,0,91,471,0,562,0,83.80782918,0,0,0.002248
600,Aratika,0,0,70,763,0,833,0,91.59663866,0,0,0.003332
601,Aratika,835,483,1456,2340,0,5114,16.32772781,45.75674619,30.10093727,9.444661713,0.020456
602,Aratika,0,0,87,443,0,530,0,83.58490566,0,0,0.00212
603,Aratika,0,0,24,46,0,70,0,65.71428571,0,0,0.00028
604,Aratika,87,349,4550,9063,0,14049,0.619261157,64.50992953,1.74488568,2.484162574,0.056196
605,Aratika,0,0,29,117,0,146,0,80.1369863,0,0,0.000584
606,Aratika,0,0,9,25,0,34,0,73.52941176,0,0,0.000136
607,Aratika,0,0,17,55,0,72,0,76.38888889,0,0,0.000288
608,Aratika,0,0,22,73,0,95,0,76.84210526,0,0,0.00038
609,Aratika,25907,30947,38406,30761,0,126021,20.55768483,24.40942383,27.1960949,24.55701827,0.504084
610,Aratika,190,1499,4426,7420,0,13535,1.403768009,54.82083487,3.107113655,11.07499076,0.05414
611,Aratika,5,2,4337,9001,0,13345,0.037467216,67.44848258,0.115101289,0.014986886,0.05338
612,Aratika,672,2922,2490,5939,0,12023,5.5892872,49.3969891,11.04536489,24.30341845,0.048092
613,Aratika,7468,12249,17616,15574,0,52907,14.11533445,29.43655849,20.00375003,23.15194587,0.211628
614,Aratika,2,0,106,1194,0,1302,0.153609831,91.70506912,1.851851852,0,0.005208
615,Aratika,1,0,163,551,0,715,0.13986014,77.06293706,0.609756098,0,0.00286
616,Aratika,0,0,72,943,0,1015,0,92.90640394,0,0,0.00406
617,Aratika,0,0,5,38,0,43,0,88.37209302,0,0,0.000172
618,Aratika,0,9,463,1735,0,2207,0,78.61350249,0,0.407793385,0.008828
619,Aratika,2,21,807,2426,0,3256,0.061425061,74.50859951,0.240963855,0.644963145,0.013024
620,Aratika,3234,4580,4374,9227,0,21415,15.10156432,43.08662153,26.53429603,21.38687836,0.08566
621,Aratika,0,0,1,60,0,61,0,98.36065574,0,0,0.000244
622,Aratika,153,267,1001,4240,0,5661,2.702702703,74.89842784,10.76706545,4.716481187,0.022644
623,Aratika,1,10,542,2721,0,3274,0.030543677,83.10934637,0.180831826,0.305436775,0.013096
624,Aratika,1176,1652,1975,3478,0,8281,14.20118343,41.99975848,24.48469706,19.94928149,0.033124
625,Aratika,66,356,320,1061,0,1803,3.660565724,58.84636717,8.894878706,19.74486966,0.007212
626,Aratika,0,0,0,36,0,36,0,100,0,0,0.000144
627,Aratika,20,1,466,1814,0,2301,0.86918731,78.835289,4.106776181,0.043459365,0.009204
628,Aratika,26,3,170,1342,0,1541,1.687216093,87.08630759,13.06532663,0.19467878,0.006164
629,Aratika,0,0,0,86,0,86,0,100,0,0,0.000344
630,Aratika,0,0,0,441,0,441,0,100,0,0,0.001764
631,Aratika,0,0,0,60,0,60,0,100,0,0,0.00024
632,Aratika,0,0,52,29,0,81,0,35.80246914,0,0,0.000324
633,Aratika,0,0,137,272,0,409,0,66.50366748,0,0,0.001636
634,Aratika,1162,661,2115,5563,0,9501,12.23029155,58.5517314,29.50736414,6.957162404,0.038004
635,Aratika,44775,92390,123424,149375,0,409964,10.92169069,36.4361261,17.18222949,22.53612512,1.639856
636,Aratika,24,140,2123,4193,0,6480,0.37037037,64.70679012,1.049409707,2.160493827,0.02592
637,Aratika,389,776,7816,22818,0,31799,1.223308909,71.75697349,4.331366218,2.440328312,0.127196
638,Arno,0,1,801,4895,0,5697,0,85.92241531,0,0.017553098,0.022788
639,Arno,24700,15583,17612,5094,0,62989,39.21319595,8.087126324,42.66344244,24.73924018,0.251956
640,Arno,685,1040,4390,2773,0,8888,7.707020702,31.19936994,11.20196239,11.70117012,0.035552
641,Arno,8506,6752,5936,2746,0,23940,35.5304929,11.47034252,40.13400019,28.20384294,0.09576
642,Arno,38,180,1478,1494,0,3190,1.191222571,46.8338558,2.240566038,5.642633229,0.01276
643,Arno,0,48,463,673,0,1184,0,56.84121622,0,4.054054054,0.004736
644,Arno,52,123,698,1590,0,2463,2.111246447,64.55542022,5.956471936,4.993909866,0.009852
645,Arno,7,139,973,1142,0,2261,0.309597523,50.5086245,0.625558534,6.147722247,0.009044
646,Arno,3258,2199,2861,2719,0,11037,29.518891,24.63531757,39.16806925,19.92389236,0.044148
647,Arno,0,0,3,37,0,40,0,92.5,0,0,0.00016
648,Arno,0,0,5,24,0,29,0,82.75862069,0,0,0.000116
649,Arno,0,0,63,592,0,655,0,90.38167939,0,0,0.00262
650,Arno,0,0,29,877,0,906,0,96.799117,0,0,0.003624
651,Arno,126594,72532,67852,36421,0,303399,41.72525288,12.00432434,47.4173902,23.90647299,1.213596
652,Arno,7676,3139,3784,2986,0,17585,43.65083878,16.98038101,52.57894376,17.85044072,0.07034
653,Arno,6440,3621,3352,2544,0,15957,40.35846337,15.9428464,48.0131216,22.69223538,0.063828
654,Arno,11543,6698,5620,5096,0,28957,39.86255482,17.59850813,48.37601106,23.13084919,0.115828
655,Arno,4368,1840,2052,2229,0,10489,41.64362666,21.25083421,52.88135593,17.54218705,0.041956
656,Arno,0,0,0,158,0,158,0,100,0,0,0.000632
657,Arno,72,297,588,632,0,1589,4.531151668,39.77344242,7.523510972,18.69100063,0.006356
658,Arno,599,978,1289,1506,0,4372,13.70082342,34.44647758,20.90020935,22.36962489,0.017488
659,Arno,40,586,1522,1592,0,3740,1.069518717,42.56684492,1.862197393,15.6684492,0.01496
660,Arno,3504,1501,2404,2242,0,9651,36.30711843,23.23075329,47.29383183,15.55279246,0.038604
661,Arno,5597,2654,2059,1233,0,11543,48.48826128,10.68179849,54.2870999,22.9922897,0.046172
662,Arno,495,781,810,870,0,2956,16.74560217,29.43166441,23.72962608,26.42083897,0.011824
663,Arno,3728,2007,2183,1494,0,9412,39.60900977,15.87335317,47.08259662,21.3238419,0.037648
664,Arno,1291,702,681,590,0,3264,39.55269608,18.07598039,48.27973074,21.50735294,0.013056
665,Arno,741,527,750,931,0,2949,25.12716175,31.57002374,36.71952428,17.87046456,0.011796
666,Arno,886,891,2683,1392,0,5852,15.14012303,23.78673958,19.86547085,15.22556391,0.023408
667,Arno,16917,4259,4628,7023,0,32827,51.5337984,21.39397447,65.55960316,12.97407622,0.131308
668,Arno,0,0,0,810,0,810,0,100,0,0,0.00324
669,Arno,400,600,3805,1732,0,6537,6.119014839,26.49533425,8.324661811,9.178522258,0.026148
670,Arno,163,73,333,1332,0,1901,8.574434508,70.06838506,28.64674868,3.840084166,0.007604
671,Arno,0,0,0,107,0,107,0,100,0,0,0.000428
672,Arno,87,432,4475,2015,0,7009,1.241261236,28.74875161,1.742090509,6.163504066,0.028036
673,Arno,520,158,551,1092,0,2321,22.40413615,47.04868591,42.31082181,6.807410599,0.009284
674,Arno,6417,2725,6556,6353,0,22051,29.10072106,28.81048479,40.87781883,12.3577162,0.088204
675,Arno,20198,10055,1947,6637,0,38837,52.00710663,17.08937354,62.72670807,25.89025929,0.155348
676,Arno,19072,4610,7100,5919,0,36701,51.96588649,16.12762595,61.95828731,12.56096564,0.146804
677,Arno,989,165,601,1103,0,2858,34.60461861,38.59342197,56.35327635,5.77326802,0.011432
678,Arno,18984,6706,2145,7353,0,35188,53.9502103,20.89632829,68.20190408,19.05763328,0.140752
679,Arno,3269,684,875,2454,0,7282,44.89151332,33.6995331,67.70919635,9.393023895,0.029128
680,Arno,86,17,317,861,0,1281,6.713505074,67.21311475,20.47619048,1.327088212,0.005124
681,Arno,43726,6771,12617,10264,0,73378,59.59006787,13.98784377,69.28098362,9.227561394,0.293512
682,Arno,538,1188,1314,1343,0,4383,12.2746977,30.64111339,17.69736842,27.10472279,0.017532
683,Arno,88658,40135,9558,19011,0,157362,56.34015836,12.0810615,64.08193652,25.50488682,0.629448
684,Arno,0,0,44,125,0,169,0,73.96449704,0,0,0.000676
685,Arno,45499,8922,8437,5931,0,68789,66.14284261,8.622018055,72.38378568,12.97009696,0.275156
686,Arno,16000,5149,3445,9674,0,34268,46.69079024,28.23041905,65.05651785,15.02567993,0.137072
687,Arno,0,0,0,30,0,30,0,100,0,0,0.00012
688,Arno,0,0,0,97,0,97,0,100,0,0,0.000388
689,Arno,0,0,0,136,0,136,0,100,0,0,0.000544
690,Arno,36123,6533,12804,7671,0,63131,57.21911581,12.15092427,65.1334295,10.34832333,0.252524
691,Arno,15545,9272,1608,5800,0,32225,48.23894492,17.99844841,58.8268685,28.77269201,0.1289
692,Arno,0,0,0,221,0,221,0,100,0,0,0.000884
693,Arno,0,0,0,1148,0,1148,0,100,0,0,0.004592
694,Arno,0,0,0,843,0,843,0,100,0,0,0.003372
695,Arno,256,395,1159,520,0,2330,10.98712446,22.31759657,14.14364641,16.9527897,0.00932
696,Arno,0,0,0,41,0,41,0,100,0,0,0.000164
697,Arno,978,458,726,433,0,2595,37.68786127,16.68593449,45.23589269,17.64932563,0.01038
698,Arno,0,0,0,4535,0,4535,0,100,0,0,0.01814
699,Arno,2015,1232,535,6715,0,10497,19.19596075,63.97065828,53.27868852,11.73668667,0.041988
700,Arno,9400,1943,3528,3099,0,17970,52.30940456,17.24540902,63.21027503,10.81246522,0.07188
701,Arno,2107,1596,695,6387,0,10785,19.53639314,59.22114047,47.90814006,14.79833102,0.04314
702,Arno,8603,8349,2808,9888,0,29648,29.01713438,33.35132218,43.53744939,28.16041554,0.118592
703,Arno,0,0,0,850,0,850,0,100,0,0,0.0034
704,Arno,1928,754,503,4670,0,7855,24.54487588,59.45257798,60.53375196,9.59898154,0.03142
705,Arno,5509,2985,1163,10305,0,19962,27.59743513,51.62308386,57.04670187,14.95341148,0.079848
706,Arno,3702,2743,1005,13860,0,21310,17.37212576,65.03988738,49.69127517,12.87189113,0.08524
707,Arno,6548,3209,1091,6135,0,16983,38.55620326,36.12435965,60.36135693,18.89536595,0.067932
708,Arno,7242,3463,1179,3419,0,15303,47.32405411,22.34202444,60.93907775,22.62954976,0.061212
709,Arno,5881,2480,1399,10622,0,20382,28.85389069,52.11461093,60.25614754,12.16759886,0.081528
710,Arno,10085,6620,1977,18974,0,37656,26.78192054,50.38772042,53.98244299,17.5801997,0.150624
711,Arno,0,0,0,728,0,728,0,100,0,0,0.002912
712,Arno,0,0,0,5319,0,5319,0,100,0,0,0.021276
713,Arno,286,886,2086,16721,0,19979,1.431503078,83.69287752,8.778391651,4.434656389,0.079916
714,Arno,154,270,876,853,0,2153,7.152810033,39.61913609,11.84615385,12.54064097,0.008612
715,Arno,8843,1484,4898,4948,0,20173,43.83582016,24.52783423,58.08210181,7.356367422,0.080692
716,Arno,17619,3043,3403,7082,0,31147,56.56724564,22.73734228,73.21421151,9.769801265,0.124588
717,Arno,6568,967,1651,1723,0,10909,60.20716839,15.79429829,71.50010886,8.864240535,0.043636
718,Arno,2369,377,1463,1152,0,5361,44.18951688,21.48852826,56.28415301,7.032270099,0.021444
719,Arno,215,337,1261,1058,0,2871,7.488679902,36.85127133,11.85879757,11.73807036,0.011484
720,Arno,0,0,88,385,0,473,0,81.39534884,0,0,0.001892
721,Arno,2340,1263,3225,1891,0,8719,26.83794013,21.688267,34.27065026,14.48560615,0.034876
722,Arno,3371,1293,3263,1731,0,9658,34.90370677,17.92296542,42.5255456,13.38786498,0.038632
723,Arno,464834,231898,67646,136255,0,900633,51.61192184,15.12880385,60.81205896,25.74833478,3.602532
724,Arno,461994,249358,185779,414726,5747,1317604,35.21679573,31.61365911,51.49682711,19.00801688,5.270416
725,Arno,1953,887,3206,3089,0,9135,21.37931034,33.81499726,32.30234866,9.709906951,0.03654
726,Arno,12,47,892,2552,0,3503,0.342563517,72.85184128,1.261829653,1.341707108,0.014012
727,Arno,15,29,359,1063,0,1466,1.02319236,72.51023192,3.722084367,1.978171896,0.005864
728,Arno,3,38,999,1261,0,2301,0.130378096,54.80225989,0.288461538,1.651455889,0.009204
729,Arno,349832,45740,101359,103078,25316,625325,58.30445877,17.17940898,70.39850603,7.623218985,2.5013
730,Arorae,1133390,435908,111873,136995,0,1818166,62.33699233,7.534790553,67.41669943,23.97514858,7.272664
731,Arutua,0,0,9,24,0,33,0,72.72727273,0,0,0.000132
732,Arutua,0,0,7,62,0,69,0,89.85507246,0,0,0.000276
733,Arutua,0,0,11,130,0,141,0,92.19858156,0,0,0.000564
734,Arutua,0,0,265,1507,0,1772,0,85.04514673,0,0,0.007088
735,Arutua,0,0,3,62,0,65,0,95.38461538,0,0,0.00026
736,Arutua,21,36,735,1208,0,2000,1.05,60.4,2.651515152,1.8,0.008
737,Arutua,114328,156797,318865,195203,0,785193,14.56049659,24.860512,19.37795556,19.96923049,3.140772
738,Arutua,0,0,130,421,0,551,0,76.40653358,0,0,0.002204
739,Arutua,0,0,4,132,0,136,0,97.05882353,0,0,0.000544
740,Arutua,0,0,31,320,0,351,0,91.16809117,0,0,0.001404
741,Arutua,0,2,120,590,0,712,0,82.86516854,0,0.280898876,0.002848
742,Arutua,3050,14713,22802,25229,0,65794,4.635681065,38.34544183,7.518796992,22.36222148,0.263176
743,Arutua,0,0,73,117,0,190,0,61.57894737,0,0,0.00076
744,Arutua,236,5768,6152,10302,0,22458,1.050850476,45.87229495,1.941428101,25.68349809,0.089832
745,Arutua,1587,2515,5343,6743,0,16188,9.803558191,41.65431184,16.80254103,15.53619965,0.064752
746,Arutua,0,0,0,83,0,83,0,100,0,0,0.000332
747,Arutua,0,0,0,381,0,381,0,100,0,0,0.001524
748,Arutua,13433,29543,139896,192820,0,375692,3.575535279,51.32395686,7.345575047,7.863622329,1.502768
749,Arutua,0,0,164,455,0,619,0,73.50565428,0,0,0.002476
750,Arutua,0,0,87,359,0,446,0,80.49327354,0,0,0.001784
751,Arutua,0,0,15,58,0,73,0,79.45205479,0,0,0.000292
752,Arutua,0,0,95,346,0,441,0,78.45804989,0,0,0.001764
753,Arutua,0,0,6,541,0,547,0,98.90310786,0,0,0.002188
754,Arutua,89,1126,6235,13867,0,21317,0.417507154,65.05136745,1.194630872,5.282169161,0.085268
755,Arutua,0,0,0,93,0,93,0,100,0,0,0.000372
756,Arutua,30,465,5293,9406,0,15194,0.19744636,61.90601553,0.518313753,3.060418586,0.060776
757,Arutua,0,0,6,108,0,114,0,94.73684211,0,0,0.000456
758,Arutua,0,0,19,110,0,129,0,85.27131783,0,0,0.000516
759,Arutua,0,0,2,26,0,28,0,92.85714286,0,0,0.000112
760,Arutua,1120,11673,14937,7457,0,35187,3.182993719,21.19248586,4.038946989,33.17418365,0.140748
761,Arutua,46225,57597,84453,154955,0,343230,13.4676456,45.14611194,24.55185234,16.7808758,1.37292
762,Arutua,18,0,576,4547,0,5141,0.350126435,88.44582766,3.03030303,0,0.020564
763,Arutua,0,0,0,53,0,53,0,100,0,0,0.000212
764,Arutua,32,159,3255,6197,0,9643,0.331846936,64.26423312,0.928612885,1.648864461,0.038572
765,Arutua,0,0,19,197,0,216,0,91.2037037,0,0,0.000864
766,Arutua,0,0,0,39,0,39,0,100,0,0,0.000156
767,Arutua,0,0,0,34,0,34,0,100,0,0,0.000136
768,Arutua,0,0,8,37,0,45,0,82.22222222,0,0,0.00018
769,Arutua,0,0,59,2019,0,2078,0,97.16073147,0,0,0.008312
770,Arutua,983,1227,2376,2164,0,6750,14.56296296,32.05925926,21.43480157,18.17777778,0.027
771,Arutua,0,0,1,87,0,88,0,98.86363636,0,0,0.000352
772,Arutua,0,0,0,0,41,41,0,0,0,0,0.000164
773,Arutua,0,0,0,54,0,54,0,100,0,0,0.000216
774,Arutua,0,0,0,0,213,213,0,0,0,0,0.000852
775,Arutua,0,0,0,0,718,718,0,0,0,0,0.002872
776,Arutua,1755,4086,14806,75883,0,96530,1.818087641,78.61079457,8.500024217,4.23288097,0.38612
777,Arutua,0,0,0,0,173,173,0,0,0,0,0.000692
778,Arutua,7,8,736,2596,0,3347,0.209142516,77.56199582,0.932090546,0.239020018,0.013388
779,Arutua,0,0,0,0,150,150,0,0,0,0,0.0006
780,Arutua,0,0,0,0,96,96,0,0,0,0,0.000384
781,Arutua,0,0,0,0,162,162,0,0,0,0,0.000648
782,Arutua,0,0,32,399,0,431,0,92.57540603,0,0,0.001724
783,Arutua,0,0,0,2,61,63,0,100,0,0,0.000252
784,Arutua,11,0,52,70,0,133,8.270676692,52.63157895,17.46031746,0,0.000532
785,Arutua,728,1202,1193,1371,0,4494,16.19937695,30.50734312,23.31091899,26.74677348,0.017976
786,Arutua,0,0,0,2,57,59,0,100,0,0,0.000236
787,Arutua,0,0,7,37,0,44,0,84.09090909,0,0,0.000176
788,Arutua,0,0,33,173,0,206,0,83.98058252,0,0,0.000824
789,Arutua,0,0,14,34,0,48,0,70.83333333,0,0,0.000192
790,Arutua,0,0,88,313,0,401,0,78.05486284,0,0,0.001604
791,Arutua,1257,5070,2643,3014,0,11984,10.48898531,25.15020027,14.01337793,42.30640854,0.047936
792,Arutua,0,0,2629,15590,60103,78322,0,85.57000933,0,0,0.313288
793,Arutua,1281,1500,7099,11349,0,21229,6.034198502,53.45988977,12.96558704,7.065806208,0.084916
794,Arutua,0,0,11,866,0,877,0,98.74572406,0,0,0.003508
795,Arutua,0,0,33,27,0,60,0,45,0,0,0.00024
796,Arutua,0,0,41,2043,0,2084,0,98.03262956,0,0,0.008336
797,Arutua,329,2265,6165,9663,0,18422,1.785908153,52.4535881,3.756136545,12.29508197,0.073688
798,Arutua,0,0,2,205,0,207,0,99.03381643,0,0,0.000828
799,Arutua,0,0,0,34,0,34,0,100,0,0,0.000136
800,Arutua,3206,5917,10431,8833,0,28387,11.29390214,31.11635608,16.39562238,20.84404833,0.113548
801,Arutua,850,2830,5649,7083,0,16412,5.179137217,43.15744577,9.111373138,17.24348038,0.065648
802,Arutua,0,0,3,74,0,77,0,96.1038961,0,0,0.000308
803,Arutua,84,1169,2626,3568,0,7447,1.127970995,47.91191084,2.165506574,15.69759635,0.029788
804,Arutua,455,2568,2732,4558,0,10313,4.411907301,44.19664501,7.906168549,24.90061088,0.041252
805,Arutua,132,30,590,384,0,1136,11.61971831,33.8028169,17.55319149,2.64084507,0.004544
806,Arutua,97,32,2082,4409,0,6620,1.465256798,66.60120846,4.387155133,0.483383686,0.02648
807,Arutua,0,0,58,1401,0,1459,0,96.02467443,0,0,0.005836
808,Arutua,0,0,11,69,0,80,0,86.25,0,0,0.00032
809,Arutua,357,226,3552,3658,0,7793,4.581034262,46.93956114,8.633615478,2.900038496,0.031172
810,Arutua,0,0,0,45,0,45,0,100,0,0,0.00018
811,Arutua,6162,4535,7911,9155,0,27763,22.19500774,32.97554299,33.11478934,16.33469006,0.111052
812,Arutua,16437,24189,7724,9624,0,57974,28.35236485,16.60054507,33.9958635,41.72387622,0.231896
813,Arutua,0,0,0,30,0,30,0,100,0,0,0.00012
814,Arutua,45051,43768,47539,16094,0,152452,29.55094062,10.55676541,33.0387656,28.70936426,0.609808
815,Arutua,0,0,249,188,0,437,0,43.02059497,0,0,0.001748
816,Arutua,0,0,20,88,0,108,0,81.48148148,0,0,0.000432
817,Arutua,645,1248,6143,5549,0,13585,4.747883695,40.8465219,8.026381284,9.186602871,0.05434
818,Arutua,0,0,8,39,0,47,0,82.9787234,0,0,0.000188
819,Arutua,0,0,10,30,0,40,0,75,0,0,0.00016
820,Arutua,0,0,49,72,0,121,0,59.50413223,0,0,0.000484
821,Arutua,0,0,4,42,0,46,0,91.30434783,0,0,0.000184
822,Arutua,10163,7736,11163,7139,0,36201,28.07381012,19.72044971,34.970064,21.36957543,0.144804
823,Arutua,1239,523,2288,1319,0,5369,23.07692308,24.56695847,30.59259259,9.741106351,0.021476
824,Arutua,358,961,1155,480,0,2954,12.11916046,16.24915369,14.47049313,32.53215978,0.011816
825,Arutua,160,594,391,86,0,1231,12.99756296,6.986190089,13.97379913,48.25345248,0.004924
826,Arutua,0,0,33,40,0,73,0,54.79452055,0,0,0.000292
827,Arutua,1809,3351,2060,1345,0,8565,21.12084063,15.70344425,25.05540166,39.12434326,0.03426
828,Arutua,0,0,47,72,0,119,0,60.50420168,0,0,0.000476
829,Arutua,14,25,193,623,0,855,1.637426901,72.86549708,6.034482759,2.923976608,0.00342
830,Arutua,8,23,8,0,0,39,20.51282051,0,20.51282051,58.97435897,0.000156
831,Arutua,2090,3139,1838,1602,0,8669,24.10889376,18.4796401,29.57407669,36.20948206,0.034676
832,Arutua,3191,5420,3119,5411,0,17141,18.61618342,31.56758649,27.20375107,31.62009218,0.068564
833,Arutua,8004,9027,9354,8183,0,34568,23.15436242,23.67218237,30.33541785,26.11374682,0.138272
834,Arutua,0,0,54,35,0,89,0,39.3258427,0,0,0.000356
835,Arutua,9093,12485,13923,12495,0,47996,18.94532878,26.03341945,25.613363,26.01258438,0.191984
836,Arutua,0,0,16,97,0,113,0,85.84070796,0,0,0.000452
837,Arutua,0,0,27,63,0,90,0,70,0,0,0.00036
838,Arutua,0,0,19,103,0,122,0,84.42622951,0,0,0.000488
839,Arutua,0,0,8,78,0,86,0,90.69767442,0,0,0.000344
840,Arutua,0,0,1,37,0,38,0,97.36842105,0,0,0.000152
841,Arutua,0,0,7,31,0,38,0,81.57894737,0,0,0.000152
842,Arutua,0,0,3,28,0,31,0,90.32258065,0,0,0.000124
843,Arutua,0,0,6,48,0,54,0,88.88888889,0,0,0.000216
844,Arutua,0,0,36,106,0,142,0,74.64788732,0,0,0.000568
845,Arutua,0,0,0,37,0,37,0,100,0,0,0.000148
846,Arutua,0,0,14,93,0,107,0,86.91588785,0,0,0.000428
847,Arutua,0,0,8,70,0,78,0,89.74358974,0,0,0.000312
848,Arutua,0,0,32,85,0,117,0,72.64957265,0,0,0.000468
849,Arutua,0,0,32,1,0,33,0,3.03030303,0,0,0.000132
850,Arutua,0,0,0,35,0,35,0,100,0,0,0.00014
851,Arutua,94,14,727,111,0,946,9.936575053,11.73361522,11.25748503,1.479915433,0.003784
852,Arutua,0,0,10,15,0,25,0,60,0,0,0.0001
853,Arutua,1,1,22,3,0,27,3.703703704,11.11111111,4.166666667,3.703703704,0.000108
854,Arutua,0,1,28,27,0,56,0,48.21428571,0,1.785714286,0.000224
855,Arutua,96990,113788,126369,106497,0,443644,21.86212368,24.00505811,28.76786684,25.64849294,1.774576
856,Arutua,243,133,4194,5025,0,9595,2.532569046,52.37102658,5.317286652,1.386138614,0.03838
857,Arutua,1,0,35,47,0,83,1.204819277,56.62650602,2.777777778,0,0.000332
858,Arutua,259519,93469,425003,455502,0,1233493,21.03935734,36.92781394,33.35758383,7.577586577,4.933972
859,Arutua,2545,793,3981,3435,0,10754,23.6656128,31.94160312,34.77250991,7.374000372,0.043016
860,Arutua,882,316,2457,2430,0,6085,14.494659,39.93426459,24.13132695,5.193097781,0.02434
861,Arutua,0,4,155,798,0,957,0,83.38557994,0,0.417972832,0.003828
862,Arutua,168,16,260,343,0,787,21.34688691,43.58322745,37.83783784,2.033036849,0.003148
863,Arutua,0,0,7,24,0,31,0,77.41935484,0,0,0.000124
864,Arutua,12651,5511,19558,18299,0,56019,22.5834092,32.66570271,33.53923648,9.837733626,0.224076
865,Arutua,0,0,4,117,0,121,0,96.69421488,0,0,0.000484
866,Arutua,0,0,1,32,0,33,0,96.96969697,0,0,0.000132
867,Arutua,1,0,31,198,0,230,0.434782609,86.08695652,3.125,0,0.00092
868,Arutua,0,0,4,60,0,64,0,93.75,0,0,0.000256
869,Arutua,0,0,6,26,0,32,0,81.25,0,0,0.000128
870,Arutua,0,0,1,24,0,25,0,96,0,0,0.0001
871,Arutua,8,2,65,15,0,90,8.888888889,16.66666667,10.66666667,2.222222222,0.00036
872,Arutua,1387,486,3517,3197,0,8587,16.15232328,37.23069757,25.73283859,5.659718179,0.034348
873,Arutua,1,0,173,147,0,321,0.31152648,45.79439252,0.574712644,0,0.001284
874,Arutua,27,15,91,108,0,241,11.2033195,44.81327801,20.30075188,6.22406639,0.000964
875,Arutua,0,0,2,23,0,25,0,92,0,0,0.0001
876,Arutua,1655,444,2111,831,0,5041,32.83078754,16.48482444,39.3111639,8.807776235,0.020164
877,Arutua,0,0,0,93,0,93,0,100,0,0,0.000372
878,Arutua,0,0,22,65,0,87,0,74.71264368,0,0,0.000348
879,Arutua,1589,684,2014,968,0,5255,30.2378687,18.42055186,37.065547,13.01617507,0.02102
880,Arutua,1641,1011,5784,7510,0,15946,10.29098206,47.09645052,19.45234708,6.340147999,0.063784
881,Arutua,68,139,701,3745,0,4653,1.461422738,80.48570815,7.488986784,2.987320009,0.018612
882,Arutua,0,0,0,57,0,57,0,100,0,0,0.000228
883,Arutua,4742,3040,9196,8360,0,25338,18.71497356,32.99392217,27.93026269,11.99778988,0.101352
884,Arutua,814,250,1463,2588,0,5115,15.91397849,50.59628543,32.21210922,4.887585533,0.02046
885,Arutua,1700,843,3871,4753,0,11167,15.22342617,42.56290857,26.50452136,7.549028387,0.044668
886,Arutua,1676,1109,4785,8692,0,16262,10.3062354,53.44976018,22.14002642,6.819579388,0.065048
887,Arutua,201,25,751,9492,0,10469,1.91995415,90.66768555,20.57318321,0.238800267,0.041876
888,Arutua,1327,583,2505,4613,0,9028,14.69871511,51.09658839,30.05662514,6.457687195,0.036112
889,Arutua,0,0,0,297,0,297,0,100,0,0,0.001188
890,Arutua,3712,3039,5280,7773,0,19804,18.74368814,39.24964654,30.85362813,15.34538477,0.079216
891,Asia,134551,1319858,66040,68428,13563,1602440,8.46830812,4.306689568,8.8494254,83.06860758,6.40976
892,Asia,38979,370717,60019,32914,0,502629,7.755024083,6.548368677,8.298436286,73.75559309,2.010516
893,Asia,6058,121039,11966,15783,0,154846,3.91227413,10.19270759,4.356298944,78.16734045,0.619384
894,Atafu,1417,673,302,907,0,3299,42.95240982,27.49317975,59.23913043,20.40012125,0.013196
895,Atafu,36,33,122,129,0,320,11.25,40.3125,18.84816754,10.3125,0.00128
896,Atafu,55017,24462,26054,46747,0,152280,36.12884161,30.69805621,52.13250831,16.06382979,0.60912
897,Atafu,3,2,44,128,0,177,1.694915254,72.31638418,6.12244898,1.129943503,0.000708
898,Atafu,0,0,0,26,0,26,0,100,0,0,0.000104
899,Atafu,66895,24271,22128,22871,0,136165,49.1278963,16.79653362,59.04549226,17.82469798,0.54466
900,Atafu,47,97,2799,6722,0,9665,0.48629074,69.5499224,1.597009854,1.003621314,0.03866
901,Atafu,1,0,5,63,0,69,1.449275362,91.30434783,16.66666667,0,0.000276
902,Atafu,36025,12648,13729,14903,0,77305,46.60112541,19.27818382,57.73052146,16.36116681,0.30922
903,Atafu,5019,1701,1562,10477,0,18759,26.75515752,55.85052508,60.60130403,9.067647529,0.075036
904,Atafu,8816,2693,2712,26083,0,40304,21.87375943,64.71566098,61.99282751,6.681718936,0.161216
905,Atafu,263,696,236,2244,0,3439,7.647571969,65.25152661,22.0083682,20.23844141,0.013756
906,Atafu,3872,2359,926,8736,0,15893,24.36292707,54.9675958,54.10088026,14.84301265,0.063572
907,Atafu,886,984,510,5944,0,8324,10.64392119,71.40797693,37.22689076,11.82123979,0.033296
908,Atafu,2735,1952,577,3568,0,8832,30.96693841,40.39855072,51.95668693,22.10144928,0.035328
909,Atafu,202188,63899,31308,46720,0,344115,58.75593915,13.57685657,67.98634812,18.56908301,1.37646
910,Atafu,961,1315,530,3730,0,6536,14.70318237,57.06854345,34.24803991,20.11933905,0.026144
911,Atafu,477,583,485,1866,0,3411,13.98416887,54.705365,30.87378641,17.09176195,0.013644
912,Atafu,114,156,345,2670,0,3285,3.470319635,81.27853881,18.53658537,4.748858447,0.01314
913,Atafu,205,333,421,13034,0,13993,1.465018223,93.14657329,21.37643379,2.379761309,0.055972
914,Atafu,0,0,0,26,0,26,0,100,0,0,0.000104
915,Atafu,1343,1553,394,3749,0,7039,19.07941469,53.26040631,40.82066869,22.06279301,0.028156
916,Atafu,41,178,173,394,0,786,5.216284987,50.12722646,10.45918367,22.64631043,0.003144
917,Atafu,395,280,174,586,0,1435,27.5261324,40.83623693,46.52532391,19.51219512,0.00574
918,Atafu,0,0,0,52,0,52,0,100,0,0,0.000208
919,Atafu,3310,2411,660,3001,0,9382,35.28032402,31.9867832,51.87274722,25.69814538,0.037528
920,Atafu,1207,1979,358,2720,0,6264,19.2688378,43.42273308,34.05756208,31.59323116,0.025056
921,Atafu,1127,1289,419,2944,0,5779,19.50164388,50.94306974,39.75308642,22.30489704,0.023116
922,Atafu,157,749,268,861,0,2035,7.714987715,42.30958231,13.37308348,36.80589681,0.00814
923,Atafu,14,109,227,1617,0,1967,0.711743772,82.20640569,4,5.541433655,0.007868
924,Atafu,0,0,72,216,0,288,0,75,0,0,0.001152
925,Atafu,6703,2720,885,4103,0,14411,46.51308029,28.47130664,65.02716337,18.87447089,0.057644
926,Atafu,54,91,163,1636,0,1944,2.777777778,84.1563786,17.53246753,4.681069959,0.007776
927,Atafu,36,105,458,892,0,1491,2.414486922,59.82562039,6.010016694,7.042253521,0.005964
928,Atafu,4,25,212,453,0,694,0.576368876,65.27377522,1.659751037,3.602305476,0.002776
929,Atafu,1301,1826,682,3267,0,7076,18.38609384,46.17015263,34.15594644,25.80553985,0.028304
930,Atafu,214,448,475,638,0,1775,12.05633803,35.94366197,18.82145998,25.23943662,0.0071
931,Atafu,860,2376,821,2812,0,6869,12.52001747,40.93754549,21.1979295,34.5901878,0.027476
932,Atafu,1071,1301,645,3374,0,6391,16.75794085,52.79299014,35.49883991,20.35675168,0.025564
933,Atafu,2689,2897,794,3986,0,10366,25.94057496,38.45263361,42.14733542,27.94713486,0.041464
934,Atafu,1273,1017,1070,2193,0,5553,22.92454529,39.4921664,37.88690476,18.31442464,0.022212
935,Atafu,0,0,14,374,0,388,0,96.39175258,0,0,0.001552
936,Atafu,12521,16112,3955,6283,0,38871,32.21167451,16.16372103,38.42211857,41.44992411,0.155484
937,Aua,0,0,0,178,0,178,0,100,0,0,0.000712
938,Aua,0,0,0,156,0,156,0,100,0,0,0.000624
939,Aua,0,0,0,113,0,113,0,100,0,0,0.000452
940,Aua,0,0,0,599,0,599,0,100,0,0,0.002396
941,Aua,0,0,0,141,0,141,0,100,0,0,0.000564
942,Aua,0,0,0,26,0,26,0,100,0,0,0.000104
943,Aua,0,0,0,175,0,175,0,100,0,0,0.0007
944,Aua,99849,1153150,98809,15199,0,1367007,7.304205465,1.111845075,7.386330011,84.35582261,5.468028
945,Aur,1927,3961,4168,1456,0,11512,16.7390549,12.64767199,19.16268894,34.4075747,0.046048
946,Aur,52919,41179,16637,7874,0,118609,44.61634446,6.638619329,47.78886531,34.71827602,0.474436
947,Aur,328,1897,2530,709,0,5464,6.002928258,12.97584187,6.898002103,34.7181552,0.021856
948,Aur,1286,1974,2880,2033,0,8173,15.73473633,24.87458705,20.94462541,24.15269791,0.032692
949,Aur,21,539,4099,1828,0,6487,0.323724372,28.17943579,0.450740502,8.308925543,0.025948
950,Aur,21,5,1006,849,0,1881,1.116427432,45.13556619,2.034883721,0.265816055,0.007524
951,Aur,1541,1075,4144,1561,0,8321,18.51940872,18.75976445,22.79585799,12.9191203,0.033284
952,Aur,9515,5918,10145,2646,0,28224,33.71244331,9.375,37.19993745,20.96797052,0.112896
953,Aur,618,206,2080,2280,0,5184,11.9212963,43.98148148,21.28099174,3.973765432,0.020736
954,Aur,1794,1131,4944,1563,0,9432,19.02035623,16.57124682,22.79832253,11.99109415,0.037728
955,Aur,183710,89471,49838,25716,0,348735,52.67896827,7.374080606,56.87281553,25.6558705,1.39494
956,Aur,5,1,935,1399,0,2340,0.213675214,59.78632479,0.531349628,0.042735043,0.00936
957,Aur,183,98,2866,2189,0,5336,3.429535232,41.02323838,5.815061964,1.836581709,0.021344
958,Aur,0,0,503,1849,0,2352,0,78.61394558,0,0,0.009408
959,Aur,7,1,1370,1486,0,2864,0.244413408,51.88547486,0.507982583,0.034916201,0.011456
960,Aur,1166,456,2303,1724,0,5649,20.64082138,30.51867587,29.70700637,8.072225173,0.022596
961,Aur,0,0,298,871,0,1169,0,74.5081266,0,0,0.004676
962,Aur,3634,1388,4689,2375,0,12086,30.0678471,19.65083568,37.42148079,11.48436207,0.048344
963,Aur,18689,8715,11712,4316,0,43432,43.03048444,9.937373365,47.7784027,20.06585006,0.173728
964,Aur,7929,2443,5421,2284,0,18077,43.86236654,12.63483985,50.20578737,13.51441058,0.072308
965,Aur,5010,10630,6270,5866,0,27776,18.03715438,21.11895161,22.86627111,38.27044931,0.111104
966,Aur,21817,15772,14620,5109,0,57318,38.06308664,8.913430336,41.78781436,27.51666143,0.229272
967,Aur,324,310,1910,1323,0,3867,8.378588053,34.21256788,12.73584906,8.016550297,0.015468
968,Aur,509,113,1422,1793,0,3837,13.26557206,46.72921553,24.90215264,2.945009122,0.015348
969,Aur,4780,3270,3282,1586,0,12918,37.00263199,12.27744233,42.18143311,25.31351602,0.051672
970,Aur,4987,10904,7480,4171,0,27542,18.10689129,15.14414349,21.33841085,39.59044369,0.110168
971,Aur,41006,34519,15500,7426,0,98451,41.65117673,7.542838569,45.04916232,35.06211212,0.393804
972,Aur,602,265,1551,1906,0,4324,13.92229417,44.07955597,24.89660877,6.128584644,0.017296
973,Aur,1190,392,1436,1356,0,4374,27.20621856,31.00137174,39.43008615,8.962048468,0.017496
974,Aur,368,776,3466,2417,0,7027,5.236943219,34.39590152,7.982646421,11.0431194,0.028108
975,Aur,5813,926,3188,1894,0,11821,49.17519668,16.02233314,58.55746953,7.833516623,0.047284
976,Aur,40295,15553,11689,5864,0,73401,54.89707225,7.988991976,59.66359181,21.18908462,0.293604
977,Aur,0,0,44,445,0,489,0,91.00204499,0,0,0.001956
978,Aur,2313,335,2609,1561,0,6818,33.92490466,22.89527721,43.99847822,4.913464359,0.027272
979,Aur,3974,3293,14325,4048,0,25640,15.49921997,15.78783151,18.4049648,12.84321373,0.10256
980,Aur,1719,607,1761,1909,0,5996,28.66911274,31.83789193,42.06019085,10.12341561,0.023984
981,Aur,1933,2075,2629,1641,0,8278,23.35105098,19.8236289,29.12460449,25.06644117,0.033112
982,Aur,131095,55408,40031,24043,0,250577,52.31725178,9.595054614,57.86990032,22.11216512,1.002308
983,Awin,126870,44526,17774,3094,0,192264,65.98739234,1.609245621,67.06665962,23.15878168,0.769056
984,Awin,0,0,0,720,0,720,0,100,0,0,0.00288
985,Awin,12516,3671,4835,2748,0,23770,52.65460665,11.56079091,59.53762725,15.44383677,0.09508
986,Baker,1246,1505,354527,59719,0,416997,0.298803109,14.32120615,0.348748034,0.360913867,1.667988
989,Bat,0,0,337,11,0,348,0,3.16091954,0,0,0.001392
990,Bat,0,0,107,9,0,116,0,7.75862069,0,0,0.000464
991,Bat,0,0,0,477,0,477,0,100,0,0,0.001908
992,Bat,6518,5637,1884,5332,0,19371,33.64823706,27.52568272,46.42780825,29.10020133,0.077484
994,Bat,0,0,22,7,0,29,0,24.13793103,0,0,0.000116
995,Bat,20262,23087,2740,5425,0,51514,39.33299686,10.53111775,43.96276769,44.81694297,0.206056
996,Bellona,12,0,20847,19537,0,40396,0.029705911,48.36369938,0.057529124,0,0.161584
997,Beru,1,1,13,34,0,49,2.040816327,69.3877551,6.666666667,2.040816327,0.000196
998,Beru,0,0,2,32,0,34,0,94.11764706,0,0,0.000136
999,Beru,1,0,44,59,0,104,0.961538462,56.73076923,2.222222222,0,0.000416
1000,Beru,0,0,15,14,0,29,0,48.27586207,0,0,0.000116
1001,Beru,0,0,0,36,0,36,0,100,0,0,0.000144
1002,Beru,0,0,0,33,0,33,0,100,0,0,0.000132
1003,Beru,1834865,760396,678495,1023524,0,4297280,42.69828822,23.81794996,56.04770178,17.69482091,17.18912
1004,Bikar,293,6574,25586,32932,0,65385,0.448115011,50.36629196,0.902844113,10.0542938,0.26154
1005,Bikar,0,0,0,318,0,318,0,100,0,0,0.001272
1006,Bikar,124,1130,13817,26746,0,41817,0.296530119,63.95963364,0.822772212,2.702250281,0.167268
1007,Bikar,0,0,149,776,0,925,0,83.89189189,0,0,0.0037
1008,Bikar,0,0,0,33,0,33,0,100,0,0,0.000132
1009,Bikar,1361,16529,26716,28270,0,72876,1.867555848,38.79192052,3.051159037,22.68099237,0.291504
1010,Bikini,0,0,18,17,0,35,0,48.57142857,0,0,0.00014
1011,Bikini,302,9075,106726,22201,0,138304,0.218359556,16.05231953,0.260113864,6.561632346,0.553216
1012,Bikini,176,670,111857,66025,0,178728,0.098473658,36.9416096,0.156162658,0.374871313,0.714912
1013,Bikini,0,21,2308,2856,0,5185,0,55.08196721,0,0.405014465,0.02074
1014,Bikini,0,0,0,10580,0,10580,0,100,0,0,0.04232
1015,Bikini,279460,69488,136676,126844,0,612468,45.62850631,20.7103065,57.54657925,11.34557234,2.449872
1016,Bikini,0,118,3247,14854,0,18219,0,81.5302706,0,0.647675504,0.072876
1017,Bikini,0,264,3121,9033,0,12418,0,72.74118215,0,2.125946207,0.049672
1018,Bikini,0,0,4,1281,0,1285,0,99.68871595,0,0,0.00514
1019,Bikini,0,24,3054,5983,0,9061,0,66.03023949,0,0.264871427,0.036244
1020,Bikini,0,8,4603,4594,0,9205,0,49.90765888,0,0.086909288,0.03682
1021,Bikini,1297,8830,10229,42548,0,62904,2.061872059,67.63957777,6.371585773,14.03726313,0.251616
1022,Bikini,8,26,11364,4673,0,16071,0.049779105,29.07721984,0.070187752,0.161782092,0.064284
1023,Bikini,7,430,4248,9522,0,14207,0.049271486,67.02329837,0.14941302,3.02667699,0.056828
1024,Bikini,1,1,2814,3225,0,6041,0.016553551,53.38520113,0.035511364,0.016553551,0.024164
1025,Bikini,1436,3928,24876,6136,0,36376,3.947657796,16.86826479,4.748677249,10.79832857,0.145504
1026,Bikini,534,11813,23268,6560,0,42175,1.266152934,15.55423829,1.499368244,28.00948429,0.1687
1027,Bikini,0,0,0,29,0,29,0,100,0,0,0.000116
1028,Bikini,81248,28678,106529,107159,0,323614,25.10645399,33.11321513,37.53574646,8.861792135,1.294456
1029,Bikini,172,16093,79151,22788,0,118204,0.14551115,19.27853541,0.180263268,13.61459849,0.472816
1030,Bikini,59,2107,16600,7420,0,26186,0.225311235,28.33575193,0.31439838,8.046284274,0.104744
1031,Bikini,243,8931,55359,15907,0,80440,0.302088513,19.77498757,0.376551532,11.10268523,0.32176
1032,Bikini,1350,95354,116111,30914,0,243729,0.553893874,12.68375942,0.634353781,39.12296034,0.974916
1033,Birnie,19,148,45177,75572,0,120916,0.015713388,62.49958649,0.041901905,0.122399021,0.483664
1034,Bokak,23,142,11719,16003,0,27887,0.082475706,57.38516154,0.193537529,0.509197834,0.111548
1035,Bokak,106,523,8206,17337,0,26172,0.405012991,66.24254929,1.199773628,1.998318814,0.104688
1036,Bokak,1380,7260,202031,29784,0,240455,0.573911959,12.38651723,0.655049817,3.019275956,0.96182
1037,Bokak,3178,27273,63277,18583,0,112311,2.829642689,16.54601954,3.390662342,24.28346288,0.449244
1038,Bokak,0,0,0,115,0,115,0,100,0,0,0.00046
1039,Bokak,17940,134755,403889,145747,0,702331,2.554351154,20.75189619,3.223233151,19.18682217,2.809324
1040,Bokak,2607,18866,32301,40778,0,94552,2.757212962,43.12759117,4.848067839,19.95304171,0.378208
1041,Butaritari,4315,10093,2986,4101,0,21495,20.07443592,19.07885555,24.80740485,46.95510584,0.08598
1042,Butaritari,56695,33954,18404,15545,3772,128370,45.50233551,12.47612321,51.98848266,27.2508387,0.51348
1043,Butaritari,0,1,3176,1977,0,5154,0,38.35855646,0,0.019402406,0.020616
1044,Butaritari,5,175,2889,2416,0,5485,0.091157703,44.04740201,0.162919518,3.190519599,0.02194
1045,Butaritari,0,19,954,2683,0,3656,0,73.38621444,0,0.519693654,0.014624
1046,Butaritari,13,398,9207,3842,0,13460,0.096582467,28.54383358,0.135163236,2.956909361,0.05384
1047,Butaritari,0,1,3174,1545,0,4720,0,32.73305085,0,0.021186441,0.01888
1048,Butaritari,61,501,15517,14536,2508,33123,0.199248734,47.47999347,0.379376827,1.636452719,0.132492
1049,Butaritari,0,10,1656,531,0,2197,0,24.1693218,0,0.455166136,0.008788
1050,Butaritari,0,0,3616,1621,0,5237,0,30.95283559,0,0,0.020948
1051,Butaritari,2071,7135,5935,10720,0,25861,8.008197672,41.45238003,13.6780926,27.58980705,0.103444
1052,Butaritari,0,0,98,6,0,104,0,5.769230769,0,0,0.000416
1053,Butaritari,7,108,6497,3587,0,10199,0.06863418,35.17011472,0.105868119,1.058927346,0.040796
1054,Butaritari,0,5,37,603,0,645,0,93.48837209,0,0.775193798,0.00258
1055,Butaritari,6027,19780,12429,6109,0,44345,13.59116022,13.77607397,15.76263207,44.60480325,0.17738
1056,Butaritari,1484,1480,3636,10398,7573,24571,8.730438875,61.17190258,22.48484848,8.706906695,0.098284
1057,Butaritari,0,1,37,120,0,158,0,75.94936709,0,0.632911392,0.000632
1058,Butaritari,0,10,503,6074,0,6587,0,92.21193259,0,0.151814179,0.026348
1059,Butaritari,0,0,32,78,0,110,0,70.90909091,0,0,0.00044
1060,Butaritari,0,3,486,3670,0,4159,0,88.24236595,0,0.072132724,0.016636
1061,Butaritari,0,0,9,122,0,131,0,93.12977099,0,0,0.000524
1062,Butaritari,3099,2617,3277,10073,0,19066,16.25406483,52.83226686,34.46013566,13.72600441,0.076264
1063,Butaritari,0,0,226,1253,0,1479,0,84.719405,0,0,0.005916
1064,Butaritari,0,0,0,29,0,29,0,100,0,0,0.000116
1065,Butaritari,0,0,0,34,0,34,0,100,0,0,0.000136
1066,Butaritari,0,0,0,167,0,167,0,100,0,0,0.000668
1067,Butaritari,0,0,0,1830,0,1830,0,100,0,0,0.00732
1068,Butaritari,0,0,0,403,0,403,0,100,0,0,0.001612
1069,Butaritari,0,0,0,562,0,562,0,100,0,0,0.002248
1070,Butaritari,0,0,0,39,0,39,0,100,0,0,0.000156
1071,Butaritari,0,0,0,71,0,71,0,100,0,0,0.000284
1072,Butaritari,0,0,0,25,0,25,0,100,0,0,0.0001
1073,Butaritari,0,0,0,116,0,116,0,100,0,0,0.000464
1074,Butaritari,0,0,0,74,0,74,0,100,0,0,0.000296
1075,Butaritari,0,0,0,30,0,30,0,100,0,0,0.00012
1076,Butaritari,0,0,0,41,0,41,0,100,0,0,0.000164
1077,Butaritari,0,0,0,41,0,41,0,100,0,0,0.000164
1078,Butaritari,0,0,25,0,0,25,0,0,0,0,0.0001
1079,Butaritari,88,40,905,476,0,1509,5.831676607,31.54406892,8.518877057,2.650762094,0.006036
1080,Butaritari,11628,6594,9976,13612,0,41810,27.81152834,32.55680459,41.23696716,15.77134657,0.16724
1081,Butaritari,0,0,0,0,30,30,0,0,0,0,0.00012
1082,Butaritari,3,2,424,1522,0,1951,0.153767299,78.01127627,0.699300699,0.102511533,0.007804
1083,Butaritari,0,0,16,11,0,27,0,40.74074074,0,0,0.000108
1084,Butaritari,0,0,234,0,0,234,0,0,0,0,0.000936
1085,Butaritari,2,2,273,564,0,841,0.237812128,67.06302021,0.722021661,0.237812128,0.003364
1086,Butaritari,0,0,444,280,0,724,0,38.67403315,0,0,0.002896
1087,Butaritari,482,909,1588,2109,0,5088,9.47327044,41.4504717,16.17992615,17.86556604,0.020352
1088,Butaritari,0,0,177,603,0,780,0,77.30769231,0,0,0.00312
1089,Butaritari,0,0,81,879,0,960,0,91.5625,0,0,0.00384
1090,Butaritari,0,0,0,69,0,69,0,100,0,0,0.000276
1091,Butaritari,788,481,3659,1195,0,6123,12.86950841,19.51657684,15.99025974,7.855626327,0.024492
1092,Butaritari,23,62,724,1938,0,2747,0.837277029,70.54969057,2.843016069,2.257007645,0.010988
1093,Butaritari,216,733,1112,1398,0,3459,6.244579358,40.41630529,10.48034934,21.19109569,0.013836
1094,Butaritari,0,0,156,103,0,259,0,39.76833977,0,0,0.001036
1095,Butaritari,6,46,895,2909,0,3856,0.15560166,75.44087137,0.633579725,1.192946058,0.015424
1096,Butaritari,0,0,35,498,0,533,0,93.43339587,0,0,0.002132
1097,Butaritari,0,0,585,511,0,1096,0,46.62408759,0,0,0.004384
1098,Butaritari,2,1,632,2585,0,3220,0.062111801,80.27950311,0.31496063,0.031055901,0.01288
1099,Butaritari,0,0,250,819,0,1069,0,76.61365762,0,0,0.004276
1100,Butaritari,0,0,147,46,0,193,0,23.83419689,0,0,0.000772
1101,Butaritari,179533,297194,252512,240267,51699,1021205,18.51798751,24.78241496,24.61922634,30.65416821,4.08482
1102,Butaritari,0,0,36,830,0,866,0,95.84295612,0,0,0.003464
1103,Butaritari,0,0,64,21,0,85,0,24.70588235,0,0,0.00034
1104,Butaritari,0,0,2,23,0,25,0,92,0,0,0.0001
1105,Butaritari,0,0,0,83,0,83,0,100,0,0,0.000332
1106,Butaritari,0,0,285,58,0,343,0,16.90962099,0,0,0.001372
1107,Butaritari,0,0,13,828,0,841,0,98.45422117,0,0,0.003364
1108,Butaritari,0,4,980,3559,0,4543,0,78.34030376,0,0.088047546,0.018172
1109,Butaritari,0,0,0,381,0,381,0,100,0,0,0.001524
1110,Butaritari,0,0,0,107,0,107,0,100,0,0,0.000428
1111,Butaritari,0,0,0,57,0,57,0,100,0,0,0.000228
1112,Butaritari,0,0,29,1695,0,1724,0,98.31786543,0,0,0.006896
1113,Butaritari,2,7,72,5,0,86,2.325581395,5.813953488,2.469135802,8.139534884,0.000344
1114,Butaritari,0,0,0,108,0,108,0,100,0,0,0.000432
1115,Butaritari,0,0,0,32,0,32,0,100,0,0,0.000128
1116,Butaritari,0,0,0,51,0,51,0,100,0,0,0.000204
1117,Butaritari,0,0,1,192,0,193,0,99.48186528,0,0,0.000772
1118,Butaritari,0,0,25,0,0,25,0,0,0,0,0.0001
1119,Butaritari,0,0,25,0,0,25,0,0,0,0,0.0001
1120,Butaritari,0,0,25,0,0,25,0,0,0,0,0.0001
1121,Butaritari,0,0,25,0,0,25,0,0,0,0,0.0001
1122,Butaritari,0,0,42,0,0,42,0,0,0,0,0.000168
1123,Butaritari,0,0,121,0,0,121,0,0,0,0,0.000484
1124,Butaritari,0,0,25,0,0,25,0,0,0,0,0.0001
1125,Butaritari,0,0,34,0,0,34,0,0,0,0,0.000136
1126,Butaritari,0,0,41,0,0,41,0,0,0,0,0.000164
1127,Butaritari,0,0,25,0,0,25,0,0,0,0,0.0001
1128,Butaritari,0,0,50,0,0,50,0,0,0,0,0.0002
1129,Butaritari,0,0,51,0,0,51,0,0,0,0,0.000204
1130,Butaritari,0,0,25,0,0,25,0,0,0,0,0.0001
1131,Butaritari,0,0,30,0,0,30,0,0,0,0,0.00012
1132,Butaritari,0,0,25,0,0,25,0,0,0,0,0.0001
1133,Butaritari,0,0,25,0,0,25,0,0,0,0,0.0001
1134,Butaritari,0,0,25,0,0,25,0,0,0,0,0.0001
1135,Butaritari,0,0,25,0,0,25,0,0,0,0,0.0001
1136,Butaritari,0,0,0,0,139,139,0,0,0,0,0.000556
1137,Butaritari,0,0,0,0,122,122,0,0,0,0,0.000488
1138,Butaritari,12,72,60,120,0,264,4.545454545,45.45454545,8.333333333,27.27272727,0.001056
1139,Butaritari,0,30,0,0,0,30,0,0,0,100,0.00012
1140,Butaritari,0,28,2,0,0,30,0,0,0,93.33333333,0.00012
1141,Butaritari,0,47,1,0,0,48,0,0,0,97.91666667,0.000192
1142,Butaritari,0,1,24,0,0,25,0,0,0,4,0.0001
1143,Butaritari,0,79,26,0,0,105,0,0,0,75.23809524,0.00042
1144,Butaritari,0,38,3,0,0,41,0,0,0,92.68292683,0.000164
1145,Butaritari,0,24,1,0,0,25,0,0,0,96,0.0001
1146,Butaritari,0,24,1,0,0,25,0,0,0,96,0.0001
1147,Butaritari,0,25,0,0,0,25,0,0,0,100,0.0001
1148,Butaritari,0,25,0,0,0,25,0,0,0,100,0.0001
1149,Butaritari,0,47,16,0,0,63,0,0,0,74.6031746,0.000252
1150,Butaritari,0,25,0,0,0,25,0,0,0,100,0.0001
1151,Butaritari,0,11,14,0,0,25,0,0,0,44,0.0001
1152,Butaritari,0,25,0,0,0,25,0,0,0,100,0.0001
1153,Butaritari,0,49,0,0,0,49,0,0,0,100,0.000196
1154,Butaritari,0,25,0,0,0,25,0,0,0,100,0.0001
1155,Butaritari,0,25,0,0,0,25,0,0,0,100,0.0001
1156,Butaritari,0,25,0,0,0,25,0,0,0,100,0.0001
1157,Butaritari,0,25,0,0,0,25,0,0,0,100,0.0001
1158,Butaritari,0,25,0,0,0,25,0,0,0,100,0.0001
1159,Butaritari,0,24,1,0,0,25,0,0,0,96,0.0001
1160,Butaritari,0,53,1,0,0,54,0,0,0,98.14814815,0.000216
1161,Butaritari,0,22,3,0,0,25,0,0,0,88,0.0001
1162,Butaritari,0,79,1,0,0,80,0,0,0,98.75,0.00032
1163,Butaritari,0,43,12,0,0,55,0,0,0,78.18181818,0.00022
1164,Butaritari,0,25,0,0,0,25,0,0,0,100,0.0001
1165,Butaritari,0,45,0,0,0,45,0,0,0,100,0.00018
1166,Butaritari,0,25,20,0,0,45,0,0,0,55.55555556,0.00018
1167,Butaritari,0,25,0,0,0,25,0,0,0,100,0.0001
1168,Butaritari,0,25,0,0,0,25,0,0,0,100,0.0001
1169,Butaritari,0,69,1,0,0,70,0,0,0,98.57142857,0.00028
1170,Butaritari,0,60,1,0,0,61,0,0,0,98.36065574,0.000244
1171,Butaritari,0,25,0,0,0,25,0,0,0,100,0.0001
1172,Butaritari,0,25,0,0,0,25,0,0,0,100,0.0001
1173,Butaritari,0,203,8,0,0,211,0,0,0,96.20853081,0.000844
1174,Butaritari,0,24,1,0,0,25,0,0,0,96,0.0001
1175,Butaritari,0,91,20,0,0,111,0,0,0,81.98198198,0.000444
1176,Butaritari,0,24,1,0,0,25,0,0,0,96,0.0001
1177,Butaritari,0,30,0,0,0,30,0,0,0,100,0.00012
1178,Butaritari,0,83,2,0,0,85,0,0,0,97.64705882,0.00034
1179,Butaritari,0,25,0,0,0,25,0,0,0,100,0.0001
1180,Butaritari,0,17,8,0,0,25,0,0,0,68,0.0001
1181,Butaritari,0,17,8,0,0,25,0,0,0,68,0.0001
1182,Butaritari,0,28,2,0,0,30,0,0,0,93.33333333,0.00012
1183,Butaritari,0,30,0,0,0,30,0,0,0,100,0.00012
1184,Butaritari,0,25,0,0,0,25,0,0,0,100,0.0001
1185,Butaritari,0,132,38,0,0,170,0,0,0,77.64705882,0.00068
1186,Butaritari,0,53,17,0,0,70,0,0,0,75.71428571,0.00028
1187,Butaritari,0,23,2,0,0,25,0,0,0,92,0.0001
1188,Butaritari,0,212,32,0,0,244,0,0,0,86.8852459,0.000976
1189,Butaritari,0,30,0,0,0,30,0,0,0,100,0.00012
1190,Butaritari,0,56,0,0,0,56,0,0,0,100,0.000224
1191,Butaritari,482305,656395,586379,572531,109453,2407063,20.99159561,24.91854579,27.95842973,28.56859954,9.628252
1192,Butaritari,201111,237316,233955,42354,5219,719955,28.13780193,5.92582436,29.9102296,33.20330863,2.87982
1193,Chesterfield,22,457,8990,6914,0,16383,0.13428554,42.20228285,0.2323371,2.789476897,0.065532
1194,Chesterfield,152,83,18521,9706,0,28462,0.534045394,34.10160916,0.810407336,0.291616893,0.113848
1195,Chesterfield,0,29,1500,11388,0,12917,0,88.16288612,0,0.224510335,0.051668
1196,Chesterfield,0,3,1290,10725,0,12018,0,89.24113829,0,0.024962556,0.048072
1197,Chesterfield,0,0,54,63,0,117,0,53.84615385,0,0,0.000468
1198,Chesterfield,1,0,4389,5400,0,9790,0.010214505,55.15832482,0.022779043,0,0.03916
1199,Chesterfield,146,324,57338,25024,0,82832,0.176260382,30.21054665,0.252560199,0.391153178,0.331328
1200,Chesterfield,0,0,5385,7417,0,12802,0,57.93625996,0,0,0.051208
1201,Chesterfield,0,0,1595,6578,0,8173,0,80.48452221,0,0,0.032692
1202,Chesterfield,0,0,5387,3974,0,9361,0,42.45272941,0,0,0.037444
1203,Chesterfield,17,9,15535,22199,0,37760,0.045021186,58.78972458,0.109247478,0.023834746,0.15104
1204,Chesterfield,0,6,7824,4189,0,12019,0,34.85314918,0,0.049920958,0.048076
1205,Chesterfield,0,0,2223,2825,0,5048,0,55.96275753,0,0,0.020192
1206,Chesterfield,6,4,19828,8249,0,28087,0.021362196,29.36945918,0.030244984,0.014241464,0.112348
1207,Chesterfield,0,0,25,14,0,39,0,35.8974359,0,0,0.000156
1208,Chesterfield,0,0,49,15,0,64,0,23.4375,0,0,0.000256
1209,Chesterfield,0,0,13150,5523,0,18673,0,29.57746479,0,0,0.074692
1210,Ducie,0,0,0,0,65,65,0,0,0,0,0.00026
1211,Ducie,0,0,0,0,127,127,0,0,0,0,0.000508
1212,Ducie,0,0,174,306,0,480,0,63.75,0,0,0.00192
1213,Ducie,0,31946,81093,65586,8074,186699,0,36.71714486,0,17.88439468,0.746796
1214,Ducie,0,0,373,7957,0,8330,0,95.52220888,0,0,0.03332
1215,Ducie,0,398,3417,3102,0,6917,0,44.84603152,0,5.753939569,0.027668
1216,Ducie,0,526,8775,7420,0,16721,0,44.3753364,0,3.145744872,0.066884
1217,Eauripik,7360,8943,1867,1015,0,19185,38.36330467,5.290591608,40.50632911,46.61454261,0.07674
1218,Eauripik,12116,7324,3618,2107,0,25165,48.14623485,8.372739917,52.54575419,29.10391417,0.10066
1219,Eauripik,489,506,290,61,0,1346,36.32986627,4.531946508,38.05447471,37.59286776,0.005384
1220,Ebon,12038,6384,5280,4852,0,28554,42.15871682,16.99236534,50.78896296,22.35763816,0.114216
1221,Ebon,7538,9738,2572,3898,0,23746,31.74429378,16.41539628,37.97863765,41.00901204,0.094984
1222,Ebon,3105,2763,1416,2848,0,10132,30.64547967,28.10896171,42.6276771,27.27003553,0.040528
1223,Ebon,52102,20751,8124,11717,0,92694,56.20860034,12.64051611,64.34172666,22.38656224,0.370776
1224,Ebon,2557,947,842,1841,0,6187,41.32859221,29.75593987,58.835711,15.30628738,0.024748
1225,Ebon,464,800,357,4446,0,6067,7.647931432,73.28168782,28.62430598,13.18608868,0.024268
1226,Ebon,3909,3564,1303,3183,0,11959,32.68667949,26.61593779,44.54193254,29.80182289,0.047836
1227,Ebon,3321,4435,1408,6859,0,16023,20.72645572,42.80721463,36.23963335,27.67896149,0.064092
1228,Ebon,0,0,0,322,0,322,0,100,0,0,0.001288
1229,Ebon,0,0,0,209,0,209,0,100,0,0,0.000836
1230,Ebon,0,0,0,40,0,40,0,100,0,0,0.00016
1231,Ebon,0,0,0,1507,0,1507,0,100,0,0,0.006028
1232,Ebon,0,0,0,29,0,29,0,100,0,0,0.000116
1233,Ebon,0,0,0,2987,0,2987,0,100,0,0,0.011948
1234,Ebon,0,0,0,34,0,34,0,100,0,0,0.000136
1235,Ebon,0,0,0,124,0,124,0,100,0,0,0.000496
1236,Ebon,0,0,0,138,0,138,0,100,0,0,0.000552
1237,Ebon,0,0,0,96,0,96,0,100,0,0,0.000384
1238,Ebon,0,0,0,77,0,77,0,100,0,0,0.000308
1239,Ebon,0,0,0,75,0,75,0,100,0,0,0.0003
1240,Ebon,0,0,0,152,0,152,0,100,0,0,0.000608
1241,Ebon,0,0,0,31,0,31,0,100,0,0,0.000124
1242,Ebon,144643,71889,24428,64448,0,305408,47.36057995,21.1022632,60.02780544,23.53867613,1.221632
1243,Ebon,0,91,154,1470,0,1715,0,85.71428571,0,5.306122449,0.00686
1244,Ebon,39159,22432,10603,15575,0,87769,44.61598059,17.74544543,54.2413497,25.55799884,0.351076
1245,Ebon,4734,1619,1346,3523,0,11222,42.18499376,31.39369096,61.488505,14.42701836,0.044888
1246,Ebon,32,432,335,2440,0,3239,0.987959247,75.33189256,4.005006258,13.33744983,0.012956
1247,Ebon,2642,1856,769,3079,0,8346,31.65588306,36.89192428,50.16138219,22.23819794,0.033384
1248,Ebon,60968,42668,8029,12896,0,124561,48.9462994,10.3531603,54.59902387,34.25470252,0.498244
1249,Ebon,28522,10086,4722,7951,0,51281,55.61904019,15.50476785,65.82506347,19.6681032,0.205124
1250,Ebon,0,0,156,452,0,608,0,74.34210526,0,0,0.002432
1251,Ebon,35185,17157,6301,15919,0,74562,47.18891661,21.35001744,59.99863581,23.01038062,0.298248
1252,Ebon,326500,171212,91988,101274,0,690974,47.25213973,14.65670199,55.36713583,24.77835635,2.763896
1253,Elato,55053,42138,12801,3515,0,113507,48.50185451,3.096725312,50.05182195,37.12370162,0.454028
1254,Elato,4670,1305,1349,1022,0,8346,55.95494848,12.24538701,63.76297105,15.63623293,0.033384
1255,Elato,2116,378,932,1665,0,5091,41.56354351,32.70477313,61.76298891,7.424867413,0.020364
1256,Elato,17312,16437,6442,6525,0,46716,37.05796729,13.96737734,43.07432012,35.18494734,0.186864
1257,Enewetak,0,0,0,0,231,231,0,0,0,0,0.000924
1258,Enewetak,0,0,0,0,80,80,0,0,0,0,0.00032
1259,Enewetak,0,0,15,242,58633,58890,0,94.16342412,0,0,0.23556
1260,Enewetak,0,0,0,0,26,26,0,0,0,0,0.000104
1261,Enewetak,0,0,0,0,137,137,0,0,0,0,0.000548
1262,Enewetak,0,0,0,0,40,40,0,0,0,0,0.00016
1263,Enewetak,0,0,0,0,80,80,0,0,0,0,0.00032
1264,Enewetak,6751,5074,11798,27936,0,51559,13.09373727,54.18258694,28.57808068,9.841152854,0.206236
1265,Enewetak,4458,58310,141786,37633,30487,272674,1.840726381,15.53881918,2.179375617,24.0764368,1.090696
1266,Enewetak,1450,4736,5485,9189,0,20860,6.951102589,44.05081496,12.42395682,22.70373921,0.08344
1267,Enewetak,2951,14194,2616,5879,0,25640,11.50936037,22.92901716,14.93345478,55.35881435,0.10256
1268,Enewetak,0,0,0,42,0,42,0,100,0,0,0.000168
1269,Enewetak,0,0,0,590,0,590,0,100,0,0,0.00236
1270,Enewetak,0,0,0,699,0,699,0,100,0,0,0.002796
1271,Enewetak,0,0,61,2776,0,2837,0,97.84984138,0,0,0.011348
1272,Enewetak,1342,6710,7249,8579,0,23880,5.619765494,35.92546064,8.770668584,28.09882747,0.09552
1273,Enewetak,1397,7683,1078,2059,0,12217,11.43488581,16.8535647,13.75270723,62.88777932,0.048868
1274,Enewetak,679,2281,4379,5768,0,13107,5.180437934,44.00701915,9.251941681,17.40291447,0.052428
1275,Enewetak,38,56,936,2646,0,3676,1.033732318,71.98041349,3.689320388,1.523394995,0.014704
1276,Enewetak,0,0,0,54,0,54,0,100,0,0,0.000216
1277,Enewetak,492,2838,4080,5587,0,12997,3.785488959,42.98684312,6.639676113,21.83580826,0.051988
1278,Enewetak,13571,4750,10868,13432,0,42621,31.84111119,31.51498088,46.49354209,11.14474086,0.170484
1279,Enewetak,2,117,531,1310,0,1960,0.102040816,66.83673469,0.307692308,5.969387755,0.00784
1280,Enewetak,0,0,0,28,0,28,0,100,0,0,0.000112
1281,Enewetak,9985,6598,20450,18902,0,55935,17.85107714,33.79279521,26.96243891,11.79583445,0.22374
1282,Enewetak,13,57,761,2301,0,3132,0.415070243,73.46743295,1.564380265,1.819923372,0.012528
1283,Enewetak,11,66,1253,4355,0,5685,0.193491645,76.60510114,0.827067669,1.160949868,0.02274
1284,Enewetak,66835,26245,43742,38211,0,175033,38.18422812,21.83074049,48.84813846,14.99431536,0.700132
1285,Enewetak,10854,10090,13628,9370,0,43942,24.70074189,21.32356288,31.39534884,22.96208639,0.175768
1286,Enewetak,10928,9818,9012,8836,0,38594,28.31528217,22.89475048,36.72289804,25.43918744,0.154376
1287,Enewetak,750,7065,5502,5422,0,18739,4.002348044,28.93430813,5.631899076,37.70211858,0.074956
1288,Enewetak,4195,19917,43781,47968,0,115861,3.620717929,41.40133436,6.178840234,17.19042646,0.463444
1289,Enewetak,16,6,748,2468,0,3238,0.49413218,76.21988882,2.077922078,0.185299568,0.012952
1290,Enewetak,69,443,2031,3401,0,5944,1.160834455,57.21736205,2.713330712,7.452893674,0.023776
1291,Enewetak,91,721,2003,8498,0,11313,0.804384337,75.1171219,3.23268206,6.373198975,0.045252
1292,Enewetak,0,0,14,131,0,145,0,90.34482759,0,0,0.00058
1293,Enewetak,0,1,16,11,0,28,0,39.28571429,0,3.571428571,0.000112
1294,Enewetak,6,0,86,63,0,155,3.870967742,40.64516129,6.52173913,0,0.00062
1295,Enewetak,0,0,53,425,0,478,0,88.91213389,0,0,0.001912
1296,Enewetak,0,0,1,31,0,32,0,96.875,0,0,0.000128
1297,Enewetak,0,0,43,82,0,125,0,65.6,0,0,0.0005
1298,Enewetak,0,0,21,198,0,219,0,90.4109589,0,0,0.000876
1299,Enewetak,0,0,135,1293,0,1428,0,90.54621849,0,0,0.005712
1300,Enewetak,0,0,190,1689,0,1879,0,89.88823842,0,0,0.007516
1301,Enewetak,155,1514,2894,10851,0,15414,1.005579343,70.39704165,3.396888012,9.822239523,0.061656
1302,Enewetak,0,0,72,1390,0,1462,0,95.0752394,0,0,0.005848
1303,Enewetak,0,0,136,653,0,789,0,82.76299113,0,0,0.003156
1304,Enewetak,15,217,2896,6864,0,9992,0.150120096,68.69495596,0.479539642,2.17173739,0.039968
1305,Enewetak,0,0,77,54,0,131,0,41.22137405,0,0,0.000524
1306,Enewetak,0,0,52,1476,0,1528,0,96.59685864,0,0,0.006112
1307,Enewetak,0,0,60,1445,0,1505,0,96.01328904,0,0,0.00602
1308,Enewetak,0,0,0,532,0,532,0,100,0,0,0.002128
1309,Enewetak,0,0,0,352,0,352,0,100,0,0,0.001408
1310,Enewetak,0,0,0,344,0,344,0,100,0,0,0.001376
1311,Enewetak,6441,6027,6979,17910,0,37357,17.24174853,47.94282196,33.12078984,16.1335225,0.149428
1312,Enewetak,0,0,0,70,0,70,0,100,0,0,0.00028
1313,Enewetak,0,0,0,41,0,41,0,100,0,0,0.000164
1314,Enewetak,0,0,11,18,0,29,0,62.06896552,0,0,0.000116
1315,Enewetak,2268,7367,2651,1658,0,13944,16.26506024,11.89041882,18.46003581,52.83275961,0.055776
1316,Enewetak,21,597,2235,2210,0,5063,0.414773849,43.65000988,0.736067298,11.79142801,0.020252
1317,Enewetak,348,1388,1426,1769,0,4931,7.05739201,35.87507605,11.0056926,28.14844859,0.019724
1318,Enewetak,35454,16407,21766,7539,0,81166,43.68085159,9.288371978,48.15353063,20.21412907,0.324664
1319,Enewetak,0,0,46,2,0,48,0,4.166666667,0,0,0.000192
1320,Enewetak,0,0,264,1,0,265,0,0.377358491,0,0,0.00106
1321,Enewetak,69263,19957,89555,43487,17507,239769,31.16277186,19.56564775,38.74311285,8.979042751,0.959076
1322,Enewetak,3581,6455,1981,4061,0,16078,22.27267073,25.25811668,29.79945078,40.14802836,0.064312
1323,Enewetak,1294,3041,2459,2270,0,9064,14.27625772,25.04413063,19.04621725,33.55030891,0.036256
1324,Enewetak,94,330,2763,3708,0,6895,1.363306744,53.77810007,2.949482272,4.786076867,0.02758
1325,Enewetak,0,0,0,46,0,46,0,100,0,0,0.000184
1326,Enewetak,0,0,142,0,0,142,0,0,0,0,0.000568
1327,Enewetak,1798,5386,10435,2288,0,19907,9.031998794,11.49344452,10.20489245,27.05580951,0.079628
1328,Enewetak,0,0,0,42,0,42,0,100,0,0,0.000168
1329,Enewetak,1974,7840,12403,19186,0,41403,4.767770451,46.33963722,8.885087996,18.93582591,0.165612
1330,Enewetak,0,0,3,43,0,46,0,93.47826087,0,0,0.000184
1331,Enewetak,5013,14701,18829,44665,0,83208,6.02466109,53.67873281,13.00625276,17.66777233,0.332832
1332,Enewetak,66928,26685,98118,142734,0,334465,20.01046447,42.6753173,34.90723983,7.978413287,1.33786
1333,Erikub,70,858,2060,928,0,3916,1.787538304,23.69765066,2.34270415,21.91011236,0.015664
1334,Erikub,589,6379,3034,2046,0,12048,4.88877822,16.98207171,5.888822236,52.94654714,0.048192
1335,Erikub,7117,16611,5652,9290,11313,49983,18.40444789,24.02379105,24.22396188,42.95577967,0.199932
1336,Erikub,61,486,1336,726,0,2609,2.33806056,27.82675355,3.239511418,18.62782675,0.010436
1337,Erikub,0,0,0,0,853,853,0,0,0,0,0.003412
1338,Erikub,2729,8492,4754,3202,0,19177,14.23058873,16.69708505,17.0829421,44.28221307,0.076708
1339,Erikub,21,83,1824,1372,0,3300,0.636363636,41.57575758,1.089211618,2.515151515,0.0132
1340,Erikub,911,4302,5238,4393,0,14844,6.137159795,29.59444894,8.716869199,28.98140663,0.059376
1341,Erikub,64,141,1598,1359,0,3162,2.024035421,42.97912713,3.54963949,4.459203036,0.012648
1342,Erikub,50,151,1156,1877,0,3234,1.546072975,58.03957947,3.684598379,4.669140383,0.012936
1343,Erikub,323,1020,2202,2384,18,5947,5.447798954,40.20914151,9.111424542,17.20357565,0.023788
1344,Erikub,50599,38071,16517,30286,0,135473,37.34987784,22.35574616,48.10385314,28.10227868,0.541892
1345,Erikub,10104,22776,16032,12996,770,62678,16.32099244,20.9924404,20.65750736,36.7900756,0.250712
1346,Ettal,21846,50161,2615,1973,0,76595,28.52144396,2.575886154,29.27554877,65.48860892,0.30638
1347,Ettal,0,0,0,44,0,44,0,100,0,0,0.000176
1348,Ettal,4499,6053,701,2558,0,13811,32.57548331,18.52146839,39.98044966,43.82738397,0.055244
1349,Ettal,8271,5555,1622,1746,0,17194,48.10398976,10.15470513,53.54091144,32.30778178,0.068776
1350,Ettal,326,345,503,664,0,1838,17.73667029,36.12622416,27.76831346,18.77040261,0.007352
1351,Ettal,1057,1586,868,624,0,4135,25.56227328,15.09068924,30.10538308,38.35550181,0.01654
1352,Ettal,510,1255,457,1277,0,3499,14.57559303,36.49614175,22.95229523,35.86739068,0.013996
1353,Ettal,73,585,380,190,0,1228,5.944625407,15.4723127,7.032755299,47.63843648,0.004912
1354,Ettal,10329,3341,848,732,0,15250,67.73114754,4.8,71.14616338,21.90819672,0.061
1355,Ettal,1549,2478,815,1471,0,6313,24.53667036,23.30112466,31.99091285,39.25233645,0.025252
1356,Ettal,3586,3932,655,1053,0,9226,38.86841535,11.41339692,43.87617766,42.61868632,0.036904
1357,Ettal,1610,2765,647,916,0,5938,27.11350623,15.42606938,32.05894066,46.56449983,0.023752
1358,Ettal,2142,2484,582,599,0,5807,36.88651627,10.3151369,41.12903226,42.77596005,0.023228
1359,Ettal,74449,81628,11621,10667,0,178365,41.73969108,5.980433381,44.39468568,45.76458386,0.71346
1360,Faaite,0,0,0,70,0,70,0,100,0,0,0.00028
1361,Faaite,0,0,0,46,0,46,0,100,0,0,0.000184
1362,Faaite,7367,18053,68199,187073,2217,282909,2.624584954,66.64707224,7.86912913,6.431604748,1.131636
1363,Faaite,17198,18327,56911,111121,0,203557,8.448739174,54.58962355,18.60530529,9.003374976,0.814228
1364,Faaite,8756,7971,9832,9590,0,36149,24.22197018,26.52908794,32.96810874,22.0504025,0.144596
1365,Faaite,0,0,1,213,0,214,0,99.53271028,0,0,0.000856
1366,Faaite,0,0,0,45,0,45,0,100,0,0,0.00018
1367,Faaite,14466,12929,32843,121876,0,182114,7.943376127,66.92291641,24.01474153,7.099399277,0.728456
1368,Faaite,0,0,0,25,0,25,0,100,0,0,0.0001
1369,Faaite,41,77,1848,21039,0,23005,0.178222126,91.45403173,2.085452696,0.334709846,0.09202
1370,Faaite,27831,125349,256904,403644,7267,820995,3.420184632,49.60429038,6.786658343,15.40428743,3.28398
1371,Faaite,6,230,784,7437,0,8457,0.070947144,87.93898546,0.588235294,2.719640534,0.033828
1372,Faaite,922,690,2954,18068,0,22634,4.073517717,79.82680923,20.19272887,3.04851109,0.090536
1373,Faaite,5,5,303,3388,0,3701,0.135098622,91.54282626,1.597444089,0.135098622,0.014804
1374,Faaite,0,19,174,4845,0,5038,0,96.16911473,0,0.377133783,0.020152
1375,Faaite,0,0,32,4059,0,4091,0,99.21779516,0,0,0.016364
1376,Faaite,175087,180130,177303,284317,0,816837,21.43475381,34.80706677,32.8789529,22.05213525,3.267348
1377,Fakahina,0,0,0,123,0,123,0,100,0,0,0.000492
1378,Fakahina,0,0,0,36,0,36,0,100,0,0,0.000144
1379,Fakahina,0,0,0,64,0,64,0,100,0,0,0.000256
1380,Fakahina,0,0,0,89,0,89,0,100,0,0,0.000356
1381,Fakahina,0,0,0,27,0,27,0,100,0,0,0.000108
1382,Fakahina,0,0,0,50,0,50,0,100,0,0,0.0002
1383,Fakahina,0,0,0,207,0,207,0,100,0,0,0.000828
1384,Fakahina,0,0,0,70,0,70,0,100,0,0,0.00028
1385,Fakahina,564948,146192,660040,1399327,11782,2782289,20.39150235,50.50797562,41.20159279,5.276723719,11.129156
1386,Fakaofo,66511,12099,7014,6421,0,92045,72.25922103,6.975935684,77.67798748,13.1446575,0.36818
1387,Fakaofo,184747,26804,17904,9718,3079,242252,77.24408692,4.063167665,80.5155695,11.20695062,0.969008
1388,Fakaofo,1588,172,246,413,0,2419,65.64696155,17.07317073,79.16251246,7.110376189,0.009676
1389,Fakaofo,6575,1251,644,281,0,8751,75.13427037,3.211061593,77.62691854,14.29550908,0.035004
1390,Fakaofo,2247,606,623,1289,0,4765,47.15634837,27.05141658,64.64326812,12.71773347,0.01906
1391,Fakaofo,5345,798,542,185,0,6870,77.80203785,2.69286754,79.95512341,11.61572052,0.02748
1392,Fakaofo,2470,1013,693,875,0,5051,48.90120768,17.32330232,59.14750958,20.05543457,0.020204
1393,Fakaofo,5138,957,970,1112,0,8177,62.83478048,13.59911948,72.72469922,11.70355876,0.032708
1394,Fakaofo,10789,2391,1511,850,0,15541,69.42281706,5.469403513,73.4395208,15.38511035,0.062164
1395,Fakaofo,2883,575,726,172,0,4356,66.184573,3.948576676,68.90535373,13.20018365,0.017424
1396,Fakaofo,1098,229,680,559,0,2566,42.79033515,21.78487919,54.70852018,8.924395947,0.010264
1397,Fakaofo,48289,24204,14144,12061,0,98698,48.92601674,12.22010578,55.73715618,24.52329328,0.394792
1398,Fakaofo,3,0,203,331,0,537,0.558659218,61.63873371,1.45631068,0,0.002148
1399,Fakaofo,1649,185,235,267,0,2336,70.59075342,11.42979452,79.70033833,7.919520548,0.009344
1400,Fakaofo,231,106,288,232,0,857,26.95449242,27.07117853,36.96,12.36872812,0.003428
1401,Fakaofo,0,0,19,11,0,30,0,36.66666667,0,0,0.00012
1402,Fakaofo,14,13,629,523,0,1179,1.187446989,44.3596268,2.134146341,1.102629347,0.004716
1403,Fakaofo,0,0,737,180,0,917,0,19.62922574,0,0,0.003668
1404,Fakaofo,0,0,0,33,0,33,0,100,0,0,0.000132
1405,Fakaofo,509,127,557,510,0,1703,29.88843218,29.94715208,42.66554904,7.457428068,0.006812
1406,Fakaofo,0,0,52,23,0,75,0,30.66666667,0,0,0.0003
1407,Fakaofo,5294,706,681,602,0,7283,72.68982562,8.265824523,79.23963479,9.693807497,0.029132
1408,Fakaofo,739,129,326,557,0,1751,42.2044546,31.81039406,61.89279732,7.367218732,0.007004
1409,Fakaofo,24,10,2438,2642,0,5114,0.469299961,51.66210403,0.970873786,0.19554165,0.020456
1410,Fakaofo,7,4,487,238,0,736,0.951086957,32.33695652,1.40562249,0.543478261,0.002944
1411,Fakaofo,1595,368,4399,6436,0,12798,12.46288483,50.28910767,25.07073247,2.875449289,0.051192
1412,Fakaofo,1548,279,945,701,0,3473,44.57241578,20.18427872,55.84415584,8.033400518,0.013892
1413,Fakaofo,3,3,105,14,0,125,2.4,11.2,2.702702703,2.4,0.0005
1414,Fakaofo,4190,767,685,387,0,6029,69.49742909,6.418974954,74.26444523,12.72184442,0.024116
1415,Fakaofo,3626,614,942,540,0,5722,63.36945124,9.437259699,69.9729834,10.73051381,0.022888
1416,Fakaofo,409,126,137,95,0,767,53.32464146,12.38591917,60.86309524,16.42764016,0.003068
1417,Fakaofo,4881,1366,997,757,0,8001,61.00487439,9.461317335,67.37990061,17.07286589,0.032004
1418,Fakaofo,2,2,72,237,0,313,0.638977636,75.71884984,2.631578947,0.638977636,0.001252
1419,Fakaofo,4371,728,1211,357,0,6667,65.56172191,5.354732263,69.27099842,10.91945403,0.026668
1420,Fakaofo,3622,875,1239,834,0,6570,55.12937595,12.69406393,63.14504881,13.31811263,0.02628
1421,Fakaofo,522,232,255,130,0,1139,45.82967515,11.41352063,51.73439049,20.36874451,0.004556
1422,Fakaofo,9839,1288,1856,943,0,13926,70.65201781,6.771506535,75.78371717,9.248886974,0.055704
1423,Fakaofo,315,95,233,33,0,676,46.59763314,4.881656805,48.98911353,14.05325444,0.002704
1424,Fakaofo,0,0,18,120,0,138,0,86.95652174,0,0,0.000552
1425,Fakaofo,0,0,141,21,0,162,0,12.96296296,0,0,0.000648
1426,Fakaofo,10919,1604,2855,1878,0,17256,63.27654149,10.88317107,71.00403173,9.295317571,0.069024
1427,Fakaofo,2945,492,752,374,0,4563,64.54087223,8.196362043,70.30317498,10.78238001,0.018252
1428,Fakaofo,0,0,59,96,0,155,0,61.93548387,0,0,0.00062
1429,Fakaofo,0,0,9,20,0,29,0,68.96551724,0,0,0.000116
1430,Fakaofo,6264,613,1374,1016,0,9267,67.59469084,10.9636344,75.91807054,6.614869969,0.037068
1431,Fakaofo,1454,643,2981,1698,0,6776,21.45808737,25.05903188,28.6333202,9.489374262,0.027104
1432,Fakaofo,5,1,473,203,0,682,0.73313783,29.76539589,1.043841336,0.146627566,0.002728
1433,Fakaofo,13120,1967,3237,1755,0,20079,65.3418995,8.740475123,71.60008732,9.796304597,0.080316
1434,Fakaofo,0,0,12,119,0,131,0,90.83969466,0,0,0.000524
1435,Fakaofo,3,0,45,3,0,51,5.882352941,5.882352941,6.25,0,0.000204
1436,Fakaofo,18,24,91,101,0,234,7.692307692,43.16239316,13.53383459,10.25641026,0.000936
1437,Fakaofo,6634,669,998,440,0,8741,75.8952065,5.033748999,79.91808216,7.653586546,0.034964
1438,Fakaofo,0,2,20,12,0,34,0,35.29411765,0,5.882352941,0.000136
1439,Fakaofo,14,6,200,8,0,228,6.140350877,3.50877193,6.363636364,2.631578947,0.000912
1440,Fakaofo,0,0,15,11,0,26,0,42.30769231,0,0,0.000104
1441,Fakaofo,4733,1274,1486,473,0,7966,59.41501381,5.937735375,63.16562125,15.99297012,0.031864
1442,Fakaofo,99,28,138,155,0,420,23.57142857,36.9047619,37.35849057,6.666666667,0.00168
1443,Fakaofo,0,0,22,3,0,25,0,12,0,0,0.0001
1444,Fakaofo,1241,298,542,231,0,2312,53.67647059,9.991349481,59.63479097,12.88927336,0.009248
1445,Fakaofo,30,6,102,239,0,377,7.957559682,63.39522546,21.73913043,1.591511936,0.001508
1446,Fakaofo,57912,8373,12376,4064,0,82725,70.00543971,4.912662436,73.62225245,10.12148685,0.3309
1447,Fakaofo,4985,830,1578,2029,0,9422,52.90808745,21.53470601,67.42864872,8.809170028,0.037688
1448,Fakaofo,2648,881,2492,1470,0,7491,35.34908557,19.62354826,43.97940541,11.7607796,0.029964
1449,Fakaofo,304,192,389,288,0,1173,25.91645354,24.55242967,34.35028249,16.36828645,0.004692
1450,Fakaofo,3067,520,512,373,0,4472,68.5822898,8.34078712,74.82312759,11.62790698,0.017888
1451,Fakaofo,0,0,135,11,0,146,0,7.534246575,0,0,0.000584
1452,Fakaofo,2779,400,1041,1276,0,5496,50.56404658,23.21688501,65.85308057,7.278020378,0.021984
1453,Fakaofo,0,0,36,9,0,45,0,20,0,0,0.00018
1454,Fakaofo,3245,567,2071,1718,0,7601,42.69175109,22.60228917,55.15893252,7.459544797,0.030404
1455,Fakaofo,49455,10789,5414,4247,2603,72508,70.74601245,6.075388027,75.32212373,15.43380302,0.290032
1456,Fakarava,0,0,15,39,0,54,0,72.22222222,0,0,0.000216
1457,Fakarava,1,1,65,9,0,76,1.315789474,11.84210526,1.492537313,1.315789474,0.000304
1458,Fakarava,0,0,13,157,0,170,0,92.35294118,0,0,0.00068
1459,Fakarava,1172,2587,4419,6329,0,14507,8.078858482,43.62721445,14.33113231,17.83277039,0.058028
1460,Fakarava,137,810,3221,1522,0,5690,2.407732865,26.7486819,3.286948177,14.23550088,0.02276
1461,Fakarava,10,216,2931,947,0,4104,0.243664717,23.07504873,0.316756414,5.263157895,0.016416
1462,Fakarava,0,0,117,126,0,243,0,51.85185185,0,0,0.000972
1463,Fakarava,0,0,60,265,0,325,0,81.53846154,0,0,0.0013
1464,Fakarava,0,0,24,15,0,39,0,38.46153846,0,0,0.000156
1465,Fakarava,0,0,81,111,0,192,0,57.8125,0,0,0.000768
1466,Fakarava,0,0,8,20,0,28,0,71.42857143,0,0,0.000112
1467,Fakarava,0,0,66,91,0,157,0,57.96178344,0,0,0.000628
1468,Fakarava,0,0,38,8,0,46,0,17.39130435,0,0,0.000184
1469,Fakarava,0,0,48,21,0,69,0,30.43478261,0,0,0.000276
1470,Fakarava,7,31,658,54,0,750,0.933333333,7.2,1.005747126,4.133333333,0.003
1471,Fakarava,0,1,200,14,0,215,0,6.511627907,0,0.465116279,0.00086
1472,Fakarava,0,5,134,15,0,154,0,9.74025974,0,3.246753247,0.000616
1473,Fakarava,0,0,0,0,25,25,0,0,0,0,0.0001
1474,Fakarava,22,122,865,13,0,1022,2.152641879,1.272015656,2.180376611,11.93737769,0.004088
1475,Fakarava,0,0,0,0,47,47,0,0,0,0,0.000188
1476,Fakarava,1,1,66,4,0,72,1.388888889,5.555555556,1.470588235,1.388888889,0.000288
1477,Fakarava,7,29,339,3,0,378,1.851851852,0.793650794,1.866666667,7.671957672,0.001512
1478,Fakarava,0,0,0,0,25,25,0,0,0,0,0.0001
1479,Fakarava,0,0,35,3,0,38,0,7.894736842,0,0,0.000152
1480,Fakarava,0,0,26,0,0,26,0,0,0,0,0.000104
1481,Fakarava,0,0,0,0,31,31,0,0,0,0,0.000124
1482,Fakarava,0,2,131,0,0,133,0,0,0,1.503759398,0.000532
1483,Fakarava,0,0,0,0,74,74,0,0,0,0,0.000296
1484,Fakarava,123,278,2130,116,0,2647,4.646769928,4.382319607,4.859739234,10.50245561,0.010588
1485,Fakarava,0,0,0,0,27,27,0,0,0,0,0.000108
1486,Fakarava,0,0,0,0,687,687,0,0,0,0,0.002748
1487,Fakarava,94866,168666,369798,127420,0,760750,12.47006244,16.7492606,14.97892094,22.17101545,3.043
1488,Fakarava,305,145,2086,295,0,2831,10.77357824,10.42034617,12.02681388,5.121865065,0.011324
1489,Fakarava,0,0,107,10,0,117,0,8.547008547,0,0,0.000468
1490,Fakarava,0,0,0,36,0,36,0,100,0,0,0.000144
1491,Fakarava,0,0,0,26,0,26,0,100,0,0,0.000104
1492,Fakarava,25,115,406,67,0,613,4.078303426,10.92985318,4.578754579,18.76019576,0.002452
1493,Fakarava,0,0,99,1530,0,1629,0,93.92265193,0,0,0.006516
1494,Fakarava,0,0,35,12,0,47,0,25.53191489,0,0,0.000188
1495,Fakarava,0,0,4,251,0,255,0,98.43137255,0,0,0.00102
1496,Fakarava,0,0,0,107,0,107,0,100,0,0,0.000428
1497,Fakarava,36942,77272,102247,63302,0,279763,13.2047483,22.62700929,17.06635375,27.62052166,1.119052
1498,Fakarava,0,14,1718,5231,0,6963,0,75.12566423,0,0.20106276,0.027852
1499,Fakarava,0,0,5,44,0,49,0,89.79591837,0,0,0.000196
1500,Fakarava,0,0,5,29,0,34,0,85.29411765,0,0,0.000136
1501,Fakarava,3,18,1181,1856,0,3058,0.098103336,60.69326357,0.249584027,0.588620013,0.012232
1502,Fakarava,26,20,1168,1793,0,3007,0.864649152,59.62753575,2.141680395,0.665114732,0.012028
1503,Fakarava,86,243,1391,687,0,2407,3.572912339,28.54175322,5,10.09555463,0.009628
1504,Fakarava,10,138,287,22,0,457,2.188183807,4.814004376,2.298850575,30.19693654,0.001828
1505,Fakarava,6,30,235,480,0,751,0.798934754,63.91478029,2.21402214,3.994673768,0.003004
1506,Fakarava,13,388,812,119,0,1332,0.975975976,8.933933934,1.071723001,29.12912913,0.005328
1507,Fakarava,3,35,428,96,0,562,0.533807829,17.08185053,0.643776824,6.227758007,0.002248
1508,Fakarava,55,238,951,91,0,1335,4.119850187,6.816479401,4.421221865,17.82771536,0.00534
1509,Fakarava,0,0,231,1465,0,1696,0,86.37971698,0,0,0.006784
1510,Fakarava,0,0,249,830,0,1079,0,76.92307692,0,0,0.004316
1511,Fakarava,86,104,236,94,0,520,16.53846154,18.07692308,20.18779343,20,0.00208
1512,Fakarava,22,29,535,633,0,1219,1.804757998,51.92780968,3.754266212,2.37899918,0.004876
1513,Fakarava,0,0,91,381,0,472,0,80.72033898,0,0,0.001888
1514,Fakarava,2,8,114,552,0,676,0.295857988,81.65680473,1.612903226,1.183431953,0.002704
1515,Fakarava,1,1,137,441,0,580,0.172413793,76.03448276,0.71942446,0.172413793,0.00232
1516,Fakarava,2,5,318,609,0,934,0.214132762,65.20342612,0.615384615,0.535331906,0.003736
1517,Fakarava,0,2,375,821,0,1198,0,68.53088481,0,0.166944908,0.004792
1518,Fakarava,1724,1171,1032,621,0,4548,37.90677221,13.65435356,43.90119684,25.74758135,0.018192
1519,Fakarava,0,0,8,38,0,46,0,82.60869565,0,0,0.000184
1520,Fakarava,3,13,136,21,0,173,1.734104046,12.13872832,1.973684211,7.514450867,0.000692
1521,Fakarava,0,12,107,44,0,163,0,26.99386503,0,7.36196319,0.000652
1522,Fakarava,36,87,1363,522,0,2008,1.792828685,25.99601594,2.422611036,4.332669323,0.008032
1523,Fakarava,719,1617,1278,629,0,4243,16.94555739,14.82441669,19.89485335,38.10982795,0.016972
1524,Fakarava,48,39,160,45,0,292,16.43835616,15.4109589,19.43319838,13.35616438,0.001168
1525,Fakarava,49,21,176,428,0,674,7.270029674,63.50148368,19.91869919,3.115727003,0.002696
1526,Fakarava,80,69,193,48,0,390,20.51282051,12.30769231,23.39181287,17.69230769,0.00156
1527,Fakarava,5,22,316,176,305,824,0.963391137,33.91136802,1.457725948,4.238921002,0.003296
1528,Fakarava,0,0,0,0,1860,1860,0,0,0,0,0.00744
1529,Fakarava,0,0,0,0,1841,1841,0,0,0,0,0.007364
1530,Fakarava,0,0,0,0,2095,2095,0,0,0,0,0.00838
1531,Fakarava,8,113,2093,588,0,2802,0.28551035,20.98501071,0.361336947,4.03283369,0.011208
1532,Fakarava,0,0,0,0,1519,1519,0,0,0,0,0.006076
1533,Fakarava,11,163,1694,489,0,2357,0.466694951,20.74671192,0.588865096,6.915570641,0.009428
1534,Fakarava,53,285,2388,1987,0,4713,1.124549119,42.15998303,1.944240646,6.047103756,0.018852
1535,Fakarava,51,99,485,409,0,1044,4.885057471,39.17624521,8.031496063,9.482758621,0.004176
1536,Fakarava,11,127,422,154,0,714,1.540616246,21.56862745,1.964285714,17.78711485,0.002856
1537,Fakarava,156,504,710,228,0,1598,9.762202753,14.26783479,11.38686131,31.53942428,0.006392
1538,Fakarava,68,280,899,586,0,1833,3.709765412,31.96944899,5.45308741,15.27550464,0.007332
1539,Fakarava,2,17,234,511,0,764,0.261780105,66.88481675,0.790513834,2.22513089,0.003056
1540,Fakarava,0,0,8,20,0,28,0,71.42857143,0,0,0.000112
1541,Fakarava,0,0,14,348,0,362,0,96.13259669,0,0,0.001448
1542,Fakarava,0,12,626,1041,0,1679,0,62.00119119,0,0.714711138,0.006716
1543,Fakarava,0,0,33,885,0,918,0,96.40522876,0,0,0.003672
1544,Fakarava,0,0,0,47,0,47,0,100,0,0,0.000188
1545,Fakarava,0,0,0,77,0,77,0,100,0,0,0.000308
1546,Fakarava,146,273,433,463,0,1315,11.1026616,35.20912548,17.13615023,20.76045627,0.00526
1547,Fakarava,40,212,368,319,0,939,4.259850905,33.97231097,6.451612903,22.5772098,0.003756
1548,Fakarava,27,151,389,272,0,839,3.218116806,32.41954708,4.761904762,17.99761621,0.003356
1549,Fakarava,0,5,84,101,0,190,0,53.15789474,0,2.631578947,0.00076
1550,Fakarava,315,362,871,488,0,2036,15.47151277,23.96856582,20.34883721,17.77996071,0.008144
1551,Fakarava,0,0,0,39,0,39,0,100,0,0,0.000156
1552,Fakarava,0,0,131,239,0,370,0,64.59459459,0,0,0.00148
1553,Fakarava,53,36,311,295,0,695,7.625899281,42.44604317,13.25,5.179856115,0.00278
1554,Fakarava,30,305,528,179,0,1042,2.879078695,17.17850288,3.476245655,29.2706334,0.004168
1555,Fakarava,0,4,197,142,0,343,0,41.39941691,0,1.166180758,0.001372
1556,Fakarava,0,0,57,124,0,181,0,68.50828729,0,0,0.000724
1557,Fakarava,0,0,83,207,0,290,0,71.37931034,0,0,0.00116
1558,Fakarava,10,1,307,556,0,874,1.14416476,63.61556064,3.144654088,0.114416476,0.003496
1559,Fakarava,595,678,887,708,0,2868,20.74616457,24.68619247,27.5462963,23.64016736,0.011472
1560,Fakarava,0,0,6,27,0,33,0,81.81818182,0,0,0.000132
1561,Fakarava,227,183,607,1024,0,2041,11.12199902,50.17148457,22.32055064,8.966193043,0.008164
1562,Fakarava,555598,800114,1537695,711481,28407,3633295,15.41235123,19.73656324,19.20220695,22.19525267,14.53318
1563,Fakarava,0,106,2999,6494,0,9599,0,67.65288051,0,1.104281696,0.038396
1564,Fakarava,1836,9319,81126,28592,0,120873,1.518949641,23.6545796,1.989575319,7.709744939,0.483492
1565,Fakarava,1,42,881,1424,0,2348,0.042589438,60.64735945,0.108225108,1.788756388,0.009392
1566,Fakarava,0,2,72,209,0,283,0,73.85159011,0,0.706713781,0.001132
1567,Fakarava,2,66,649,485,0,1202,0.166389351,40.34941764,0.278940028,5.490848586,0.004808
1568,Fakarava,0,23,391,2139,0,2553,0,83.78378378,0,0.900900901,0.010212
1569,Fakarava,0,0,11,63,0,74,0,85.13513514,0,0,0.000296
1570,Fakarava,0,0,19,56,0,75,0,74.66666667,0,0,0.0003
1571,Fakarava,0,27,3652,11441,0,15120,0,75.66798942,0,0.178571429,0.06048
1572,Fakarava,0,0,0,58,0,58,0,100,0,0,0.000232
1573,Fakarava,0,0,6,99,0,105,0,94.28571429,0,0,0.00042
1574,Fakarava,76,634,5665,12163,0,18538,0.409968713,65.61117704,1.192156863,3.420002158,0.074152
1575,Fakarava,0,0,0,48,0,48,0,100,0,0,0.000192
1576,Fakarava,0,0,0,42,0,42,0,100,0,0,0.000168
1577,Fakarava,0,0,77,850,0,927,0,91.69363538,0,0,0.003708
1578,Fakarava,10549,30460,69007,81023,0,191039,5.521909139,42.41175886,9.588605294,15.94438832,0.764156
1579,Fakarava,2,10,2402,20757,0,23171,0.008631479,89.58180484,0.082850041,0.043157395,0.092684
1580,Fakarava,25074,136241,199802,137220,0,498337,5.031534885,27.53558335,6.943455999,27.33912995,1.993348
1581,Fakarava,0,0,17,352,0,369,0,95.39295393,0,0,0.001476
1582,Fakarava,0,0,0,27,0,27,0,100,0,0,0.000108
1583,Fakarava,19,47,570,603,0,1239,1.533494754,48.66828087,2.987421384,3.793381759,0.004956
1584,Fakarava,0,0,0,28,0,28,0,100,0,0,0.000112
1585,Fakarava,0,0,0,42,0,42,0,100,0,0,0.000168
1586,Fakarava,0,0,0,35,0,35,0,100,0,0,0.00014
1587,Fakarava,0,0,0,69,0,69,0,100,0,0,0.000276
1588,Fakarava,0,0,0,27,0,27,0,100,0,0,0.000108
1589,Fakarava,185,573,1591,2572,0,4921,3.759398496,52.26579963,7.875691784,11.6439748,0.019684
1590,Fakarava,0,0,97,1600,0,1697,0,94.28403064,0,0,0.006788
1591,Fakarava,0,0,11,165,0,176,0,93.75,0,0,0.000704
1592,Fakarava,24,99,1011,5708,0,6842,0.350774627,83.42589886,2.116402116,1.446945338,0.027368
1593,Fakarava,149,658,2244,5356,0,8407,1.77233258,63.70881408,4.883644707,7.826810991,0.033628
1594,Fakarava,110,2616,3255,7742,0,13723,0.801574,56.41623552,1.839157332,19.06288712,0.054892
1595,Fakarava,177,2959,3106,4413,0,10655,1.661191929,41.41717504,2.835629606,27.77099953,0.04262
1596,Fakarava,0,0,0,107,0,107,0,100,0,0,0.000428
1597,Fakarava,45,1233,4444,4769,0,10491,0.428939091,45.45801163,0.786438308,11.75293108,0.041964
1598,Fakarava,0,0,48,217,0,265,0,81.88679245,0,0,0.00106
1599,Fakarava,0,0,16,195,0,211,0,92.41706161,0,0,0.000844
1600,Fakarava,0,0,0,32,0,32,0,100,0,0,0.000128
1601,Fakarava,96,1081,7546,20079,0,28802,0.333310187,69.71390876,1.100538805,3.753211583,0.115208
1602,Fakarava,14,295,1476,5534,0,7319,0.191282962,75.61142233,0.784313725,4.030605274,0.029276
1603,Fakarava,0,0,7,287,0,294,0,97.61904762,0,0,0.001176
1604,Fakarava,0,0,10,2050,0,2060,0,99.51456311,0,0,0.00824
1605,Fakarava,0,0,0,42,0,42,0,100,0,0,0.000168
1606,Fakarava,319,391,1461,707,0,2878,11.08408617,24.5656706,14.69368954,13.58582349,0.011512
1607,Fakarava,9,97,704,3561,0,4371,0.205902539,81.46877145,1.111111111,2.219171814,0.017484
1608,Fakarava,20,117,2127,12246,0,14510,0.137835975,84.39696761,0.883392226,0.806340455,0.05804
1609,Fakarava,0,0,4,1042,0,1046,0,99.61759082,0,0,0.004184
1610,Fakarava,42,23,414,543,0,1022,4.109589041,53.13111546,8.768267223,2.250489237,0.004088
1611,Fakarava,0,0,28,133,0,161,0,82.60869565,0,0,0.000644
1612,Fakarava,0,0,6,940,0,946,0,99.36575053,0,0,0.003784
1613,Fakarava,98,466,3053,4902,0,8519,1.150369762,57.54196502,2.709427703,5.470125602,0.034076
1614,Fakarava,0,0,28,3067,0,3095,0,99.09531502,0,0,0.01238
1615,Fakarava,0,0,13,70,0,83,0,84.3373494,0,0,0.000332
1616,Fakarava,0,0,5,777,0,782,0,99.36061381,0,0,0.003128
1617,Fakarava,0,0,89,3972,0,4061,0,97.80842157,0,0,0.016244
1618,Fakarava,5715,19028,24729,7698,0,57170,9.996501662,13.46510408,11.551989,33.28319048,0.22868
1619,Fakarava,2,13,225,790,0,1030,0.194174757,76.69902913,0.833333333,1.262135922,0.00412
1620,Fakarava,1653,6888,6316,4446,0,19303,8.563435735,23.03268922,11.12606852,35.6835725,0.077212
1621,Fakarava,0,0,9,34,0,43,0,79.06976744,0,0,0.000172
1622,Fakarava,0,0,3,164,0,167,0,98.20359281,0,0,0.000668
1623,Fakarava,1,3,296,862,0,1162,0.08605852,74.18244406,0.333333333,0.258175559,0.004648
1624,Fakarava,3679,12095,6166,4160,0,26100,14.09578544,15.93869732,16.76845943,46.34099617,0.1044
1625,Fakarava,0,0,0,33,0,33,0,100,0,0,0.000132
1626,Fakarava,1466,3946,2209,1965,0,9586,15.29313582,20.49864386,19.23632069,41.16419779,0.038344
1627,Fakarava,0,0,0,946,0,946,0,100,0,0,0.003784
1628,Fakarava,0,0,0,59,0,59,0,100,0,0,0.000236
1629,Fakarava,0,0,0,71,0,71,0,100,0,0,0.000284
1630,Fakarava,1744,11138,5243,4298,0,22423,7.777728225,19.16781876,9.622068966,49.67221157,0.089692
1631,Fakarava,0,0,14,55,0,69,0,79.71014493,0,0,0.000276
1632,Fakarava,1,145,2602,9785,0,12533,0.007978936,78.07388494,0.036390102,1.156945663,0.050132
1633,Fakarava,0,0,0,34,0,34,0,100,0,0,0.000136
1634,Fakarava,0,0,18,302,0,320,0,94.375,0,0,0.00128
1635,Fakarava,0,0,1,33,0,34,0,97.05882353,0,0,0.000136
1636,Fakarava,2,158,523,4003,0,4686,0.042680324,85.42466923,0.292825769,3.371745625,0.018744
1637,Fakarava,0,0,16,63,0,79,0,79.74683544,0,0,0.000316
1638,Fakarava,39,450,1410,5448,0,7347,0.53082891,74.15271539,2.05371248,6.124948959,0.029388
1639,Fangatau,0,0,0,141,0,141,0,100,0,0,0.000564
1640,Fangatau,0,0,2,39,0,41,0,95.12195122,0,0,0.000164
1641,Fangatau,0,0,0,183,0,183,0,100,0,0,0.000732
1642,Fangatau,0,0,45,150,0,195,0,76.92307692,0,0,0.00078
1643,Fangatau,0,0,2,27,0,29,0,93.10344828,0,0,0.000116
1644,Fangatau,0,0,0,27,0,27,0,100,0,0,0.000108
1645,Fangatau,0,0,7,62,0,69,0,89.85507246,0,0,0.000276
1646,Fangatau,0,0,7,119,0,126,0,94.44444444,0,0,0.000504
1647,Fangatau,0,0,17,48,0,65,0,73.84615385,0,0,0.00026
1648,Fangatau,0,0,0,40,0,40,0,100,0,0,0.00016
1649,Fangatau,0,0,2,39,0,41,0,95.12195122,0,0,0.000164
1650,Fangatau,0,0,33,473,0,506,0,93.47826087,0,0,0.002024
1651,Fangatau,0,0,5,27,0,32,0,84.375,0,0,0.000128
1652,Fangatau,0,0,3,146,0,149,0,97.98657718,0,0,0.000596
1653,Fangatau,0,0,6,118,0,124,0,95.16129032,0,0,0.000496
1654,Fangatau,0,0,0,279,0,279,0,100,0,0,0.001116
1655,Fangatau,0,0,8,74,0,82,0,90.24390244,0,0,0.000328
1656,Fangatau,0,0,7,67,0,74,0,90.54054054,0,0,0.000296
1657,Fangatau,0,0,11,67,0,78,0,85.8974359,0,0,0.000312
1658,Fangatau,0,0,34,162,0,196,0,82.65306122,0,0,0.000784
1659,Fangatau,0,0,0,32,0,32,0,100,0,0,0.000128
1660,Fangatau,0,0,4,30,0,34,0,88.23529412,0,0,0.000136
1661,Fangatau,0,0,9,37,0,46,0,80.43478261,0,0,0.000184
1662,Fangatau,0,0,61,696,0,757,0,91.94187583,0,0,0.003028
1663,Fangatau,0,0,4,502,0,506,0,99.20948617,0,0,0.002024
1664,Fangatau,0,0,16,135,0,151,0,89.40397351,0,0,0.000604
1665,Fangatau,0,0,0,84,0,84,0,100,0,0,0.000336
1666,Fangatau,0,0,27,105,0,132,0,79.54545455,0,0,0.000528
1667,Fangatau,0,0,6,27,0,33,0,81.81818182,0,0,0.000132
1668,Fangatau,0,0,0,61,0,61,0,100,0,0,0.000244
1669,Fangatau,0,0,0,29,0,29,0,100,0,0,0.000116
1670,Fangatau,0,0,0,32,0,32,0,100,0,0,0.000128
1671,Fangatau,0,0,226,550,0,776,0,70.87628866,0,0,0.003104
1672,Fangatau,0,0,0,45,0,45,0,100,0,0,0.00018
1673,Fangatau,0,0,0,125,0,125,0,100,0,0,0.0005
1674,Fangatau,47726,20269,155043,145444,0,368482,12.95205736,39.47112749,21.3981474,5.500675745,1.473928
1675,Fangatau,0,0,0,44,0,44,0,100,0,0,0.000176
1676,Fangatau,0,0,2,27,0,29,0,93.10344828,0,0,0.000116
1677,Fangatau,0,0,48,160,0,208,0,76.92307692,0,0,0.000832
1678,Fangatau,0,0,5,2648,0,2653,0,99.81153411,0,0,0.010612
1679,Fangatau,0,0,0,181,0,181,0,100,0,0,0.000724
1680,Fangatau,0,0,65,280,0,345,0,81.15942029,0,0,0.00138
1681,Fangatau,0,0,0,338,0,338,0,100,0,0,0.001352
1682,Fangatau,0,0,0,118,0,118,0,100,0,0,0.000472
1683,Fangatau,323687,84985,318988,408114,0,1135774,28.49924369,35.93267675,44.48327516,7.482562552,4.543096
1684,Fangatau,3894,545,4417,11150,0,20006,19.46416075,55.73328002,43.9701897,2.724182745,0.080024
1685,Fangatau,4574,702,6385,19040,0,30701,14.89853751,62.01752386,39.22476632,2.28657047,0.122804
1686,Fangatau,0,0,0,29,0,29,0,100,0,0,0.000116
1687,Fangatau,0,0,110,5037,0,5147,0,97.86283272,0,0,0.020588
1688,Fangatau,0,0,44,1,0,45,0,2.222222222,0,0,0.00018
1689,Fangatau,0,0,42,7,0,49,0,14.28571429,0,0,0.000196
1690,Fangatau,0,0,205,178,0,383,0,46.47519582,0,0,0.001532
1691,Fangatau,0,0,21,64,0,85,0,75.29411765,0,0,0.00034
1692,Fangatau,0,0,0,83,0,83,0,100,0,0,0.000332
1693,Fangatau,18800,5071,14052,74833,0,112756,16.67317039,66.36719997,49.57413707,4.49732165,0.451024
1694,Fangatau,214645,57640,127539,277473,0,677297,31.69141455,40.96769955,53.68487134,8.510299027,2.709188
1695,Fangataufa,21,5881,4172,1328,0,11402,0.184178214,11.64707946,0.208457415,51.57867041,0.045608
1696,Fangataufa,0,0,44,161,0,205,0,78.53658537,0,0,0.00082
1697,Fangataufa,1,113,5905,5009,0,11028,0.009067827,45.42074719,0.016614055,1.02466449,0.044112
1698,Fangataufa,1,105,7016,2915,0,10037,0.009963136,29.04254259,0.014041,1.046129322,0.040148
1699,Fangataufa,0,0,47,21,0,68,0,30.88235294,0,0,0.000272
1700,Fangataufa,2,215,7597,4291,0,12105,0.016522098,35.44816192,0.025595086,1.776125568,0.04842
1701,Fangataufa,0,0,193,38,0,231,0,16.45021645,0,0,0.000924
1702,Fangataufa,51,2058,1250,2056,0,5415,0.941828255,37.96860572,1.518309021,38.00554017,0.02166
1703,Fangataufa,171,21384,10372,8748,0,40675,0.420405655,21.50706822,0.53559683,52.57283344,0.1627
1704,Fangataufa,47,3911,1763,1786,0,7507,0.626082323,23.79112828,0.821534697,52.09804183,0.030028
1705,Fangataufa,1,9,8644,19042,0,27696,0.00361063,68.75361063,0.01155535,0.032495667,0.110784
1706,Fangataufa,0,0,1061,840,0,1901,0,44.18726986,0,0,0.007604
1707,Fangataufa,0,0,18,14,0,32,0,43.75,0,0,0.000128
1708,Fangataufa,624,299252,241754,79834,0,621464,0.100408069,12.8461182,0.115207799,48.15274899,2.485856
1709,Fangataufa,17,1306,5388,5905,0,12616,0.134749524,46.80564363,0.253315452,10.35193405,0.050464
1710,Fangataufa,0,0,1658,4986,0,6644,0,75.04515352,0,0,0.026576
1711,Fangataufa,30,3264,6459,12544,0,22297,0.134547249,56.25868951,0.307597662,14.63874064,0.089188
1712,Fangataufa,1,0,1640,3475,0,5116,0.019546521,67.9241595,0.060938452,0,0.020464
1713,Fangataufa,2,0,1052,401,0,1455,0.137457045,27.56013746,0.189753321,0,0.00582
1714,Fangataufa,665,81020,82086,112169,0,275940,0.240994419,40.64977894,0.406054796,29.36145539,1.10376
1715,Faraulep,1,129,1166,1032,0,2328,0.042955326,44.32989691,0.077160494,5.541237113,0.009312
1716,Faraulep,833,4482,2748,3180,0,11243,7.409054523,28.28426577,10.33114225,39.86480477,0.044972
1717,Faraulep,56,1048,2432,3741,0,7277,0.769547891,51.40854748,1.583710407,14.4015391,0.029108
1718,Faraulep,409,3450,2313,2837,0,9009,4.53990454,31.49073149,6.626701231,38.2950383,0.036036
1719,Faraulep,0,0,1,439,0,440,0,99.77272727,0,0,0.00176
1720,Faraulep,14740,8951,1207,3942,0,28840,51.10957004,13.66851595,59.20154229,31.03675451,0.11536
1721,Faraulep,24902,25942,3832,5659,14302,74637,41.27289301,9.379298914,45.54466311,42.9966023,0.298548
1722,Faraulep,0,0,33,813,0,846,0,96.09929078,0,0,0.003384
1723,Faraulep,0,2,17,14,0,33,0,42.42424242,0,6.060606061,0.000132
1724,Faraulep,59486,30091,5339,9489,0,104405,56.97619846,9.08864518,62.67225758,28.8214166,0.41762
1725,Faraulep,1019,9894,4837,1895,0,17645,5.775007084,10.73958629,6.46984127,56.0725418,0.07058
1726,Faraulep,1111,2796,4429,1173,0,9509,11.6836681,12.33568199,13.32773512,29.40372279,0.038036
1727,Faraulep,22002,36581,19228,3608,0,81419,27.02317641,4.431398077,28.27620773,44.92931625,0.325676
1728,Fayu,15381,22211,7279,15911,0,60782,25.30518904,26.17715771,34.27826436,36.54206838,0.243128
1729,Fayu,0,0,0,568,0,568,0,100,0,0,0.002272
1730,Fayu,0,0,0,179,0,179,0,100,0,0,0.000716
1731,Fayu,0,0,67,8097,0,8164,0,99.17932386,0,0,0.032656
1732,Flint,0,0,0,57,0,57,0,100,0,0,0.000228
1733,Flint,282932,142810,87435,65580,3873,582630,48.88614738,11.33118044,55.13341401,24.6752955,2.33052
1734,Funafuti,3062,537,2374,2122,0,8095,37.82581841,26.21371217,51.26402143,6.633724521,0.03238
1735,Funafuti,12138,1722,3299,6404,0,23563,51.51296524,27.17820312,70.73838802,7.308067733,0.094252
1736,Funafuti,4515,1717,2129,2791,0,11152,40.48601148,25.026901,54.00071762,15.39634146,0.044608
1737,Funafuti,717,123,1881,1577,0,4298,16.68217776,36.69148441,26.35060639,2.861796184,0.017192
1738,Funafuti,6334,4103,11386,7500,0,29323,21.60079119,25.57719197,29.02442377,13.99242915,0.117292
1739,Funafuti,0,0,36,6,0,42,0,14.28571429,0,0,0.000168
1740,Funafuti,0,1,44,16,0,61,0,26.2295082,0,1.639344262,0.000244
1741,Funafuti,19076,3175,2038,6967,0,31256,61.03148196,22.2901203,78.53760962,10.15804965,0.125024
1742,Funafuti,2496,1523,1317,4460,0,9796,25.47978767,45.52878726,46.77661169,15.54716211,0.039184
1743,Funafuti,0,0,3,28,0,31,0,90.32258065,0,0,0.000124
1744,Funafuti,5009,3848,3409,990,0,13256,37.78666264,7.468316234,40.8364585,29.02836451,0.053024
1745,Funafuti,107453,78394,158404,167854,0,512105,20.98261099,32.77726248,31.2135622,15.30818875,2.04842
1746,Funafuti,10160,3941,5427,3432,0,22960,44.25087108,14.94773519,52.02785744,17.16463415,0.09184
1747,Funafuti,7460,4371,3228,3234,0,18293,40.78062647,17.67889357,49.53848197,23.89438583,0.073172
1748,Funafuti,11790,3741,3926,2789,0,22246,52.99829183,12.53708532,60.59515855,16.81650634,0.088984
1749,Funafuti,6505,2004,4983,4543,0,18035,36.0687552,25.18990851,48.2137563,11.1117272,0.07214
1750,Funafuti,0,0,0,33,0,33,0,100,0,0,0.000132
1751,Funafuti,456,724,350,4949,0,6479,7.038123167,76.38524464,29.80392157,11.17456398,0.025916
1752,Funafuti,7293,1464,5101,3267,0,17125,42.58686131,19.07737226,52.62664165,8.548905109,0.0685
1753,Funafuti,592,140,3221,1826,0,5779,10.24398685,31.59716214,14.97596762,2.422564458,0.023116
1754,Funafuti,0,3,333,0,0,336,0,0,0,0.892857143,0.001344
1755,Funafuti,0,3,175,2,0,180,0,1.111111111,0,1.666666667,0.00072
1756,Funafuti,23,2,305,0,0,330,6.96969697,0,6.96969697,0.606060606,0.00132
1757,Funafuti,5,8,88,0,0,101,4.95049505,0,4.95049505,7.920792079,0.000404
1758,Funafuti,2430,489,4893,2514,0,10326,23.53282975,24.34631028,31.10599078,4.735618826,0.041304
1759,Funafuti,3185,539,3067,1560,0,8351,38.13914501,18.68039756,46.90030923,6.454316848,0.033404
1760,Funafuti,0,0,269,48,0,317,0,15.14195584,0,0,0.001268
1761,Funafuti,47880,11192,38746,18436,0,116254,41.18567963,15.85837907,48.94804637,9.627195623,0.465016
1762,Funafuti,0,0,49,20,0,69,0,28.98550725,0,0,0.000276
1763,Funafuti,353,34,2917,1368,0,4672,7.555650685,29.28082192,10.68401937,0.727739726,0.018688
1764,Funafuti,0,1,1003,1040,0,2044,0,50.88062622,0,0.048923679,0.008176
1765,Funafuti,25945,3735,18708,16377,0,64765,40.06021771,25.28680615,53.61866578,5.767003783,0.25906
1766,Funafuti,0,0,150,5,0,155,0,3.225806452,0,0,0.00062
1767,Funafuti,26992,3739,18924,19951,0,69606,38.77826624,28.66275896,54.35907764,5.371663362,0.278424
1768,Gaferut,0,2,26,5,0,33,0,15.15151515,0,6.060606061,0.000132
1769,Gaferut,1262,1904,10849,12691,0,26706,4.725529843,47.52115629,9.004637888,7.129484011,0.106824
1770,Gaferut,0,24,35,6,0,65,0,9.230769231,0,36.92307692,0.00026
1771,Hao,0,0,290,1051,0,1341,0,78.3743475,0,0,0.005364
1772,Hao,7,6,138,289,0,440,1.590909091,65.68181818,4.635761589,1.363636364,0.00176
1773,Hao,0,0,0,33,0,33,0,100,0,0,0.000132
1774,Hao,2302,9878,4820,4198,0,21198,10.85951505,19.80375507,13.54117647,46.59873573,0.084792
1775,Hao,0,0,5,29,0,34,0,85.29411765,0,0,0.000136
1776,Hao,13797,16368,52924,30264,0,113353,12.17171138,26.69889637,16.60508611,14.4398472,0.453412
1777,Hao,0,0,16,41,0,57,0,71.92982456,0,0,0.000228
1778,Hao,0,0,32,111,0,143,0,77.62237762,0,0,0.000572
1779,Hao,0,0,8,91,0,99,0,91.91919192,0,0,0.000396
1780,Hao,0,4,121,133,0,258,0,51.5503876,0,1.550387597,0.001032
1781,Hao,0,0,211,432,0,643,0,67.18506998,0,0,0.002572
1782,Hao,0,49,201,16,0,266,0,6.015037594,0,18.42105263,0.001064
1783,Hao,54387,48954,222818,327522,0,653681,8.320113327,50.10425575,16.67499594,7.48897398,2.614724
1784,Hao,3577,2450,3682,11311,0,21020,17.01712655,53.81065652,36.84210526,11.65556613,0.08408
1785,Hao,3859,926,3557,13061,0,21403,18.03018268,61.02415549,46.25988971,4.326496286,0.085612
1786,Hao,4,30,31,3,0,68,5.882352941,4.411764706,6.153846154,44.11764706,0.000272
1787,Hao,1,40,32,0,0,73,1.369863014,0,1.369863014,54.79452055,0.000292
1788,Hao,0,13,30,1,0,44,0,2.272727273,0,29.54545455,0.000176
1789,Hao,393,643,1700,6517,0,9253,4.247271155,70.4312115,14.36403509,6.94909759,0.037012
1790,Hao,0,0,0,51,0,51,0,100,0,0,0.000204
1791,Hao,0,0,0,32,0,32,0,100,0,0,0.000128
1792,Hao,621,788,792,10561,0,12762,4.866008463,82.75348691,28.21444798,6.174580787,0.051048
1793,Hao,18,0,10,0,0,28,64.28571429,0,64.28571429,0,0.000112
1794,Hao,0,0,1,84,0,85,0,98.82352941,0,0,0.00034
1795,Hao,205,351,910,8056,0,9522,2.152909053,84.60407477,13.98362892,3.686200378,0.038088
1796,Hao,625,656,1813,7643,0,10737,5.820992829,71.1837571,20.20038785,6.109714073,0.042948
1797,Hao,313,496,1053,14015,0,15877,1.971405177,88.27234364,16.80988185,3.124015872,0.063508
1798,Hao,875,196,1309,7597,0,9977,8.770171394,76.14513381,36.76470588,1.964518392,0.039908
1799,Hao,757,688,2994,19334,0,23773,3.184284693,81.32755647,17.0533904,2.894039457,0.095092
1800,Hao,203,117,1125,27208,0,28653,0.708477297,94.95689806,14.04844291,0.408334206,0.114612
1801,Hao,7,140,2576,11628,0,14351,0.048777089,81.02571249,0.257069409,0.975541774,0.057404
1802,Hao,619,700,1732,5409,0,8460,7.31678487,63.93617021,20.28843002,8.274231678,0.03384
1803,Hao,0,0,26,119,0,145,0,82.06896552,0,0,0.00058
1804,Hao,290801,216521,361605,389625,0,1258552,23.105998,30.9581964,33.46667787,17.20397727,5.034208
1805,Hao,0,0,0,121,0,121,0,100,0,0,0.000484
1806,Hao,12482,9853,9439,46771,0,78545,15.89152715,59.54675664,39.28369107,12.5444013,0.31418
1807,Hao,0,0,329,23264,0,23593,0,98.60551859,0,0,0.094372
1808,Hao,0,3,216,10468,0,10687,0,97.95078132,0,0.028071489,0.042748
1809,Hao,50,118,536,10078,0,10782,0.463735856,93.47059915,7.102272727,1.09441662,0.043128
1810,Hao,210,270,881,11824,0,13185,1.592718999,89.67766401,15.42983101,2.04778157,0.05274
1811,Hao,0,0,0,27,0,27,0,100,0,0,0.000108
1812,Hao,13,51,1595,13505,0,15164,0.085729359,89.05961488,0.783604581,0.33632287,0.060656
1813,Hao,0,0,0,116,0,116,0,100,0,0,0.000464
1814,Hao,791,654,1737,7477,0,10659,7.420958814,70.14729337,24.85857951,6.135660006,0.042636
1815,Hao,203,229,895,7235,0,8562,2.370941369,84.50128475,15.2976639,2.674608736,0.034248
1816,Hao,17,224,869,6255,0,7365,0.230821453,84.9287169,1.531531532,3.041412084,0.02946
1817,Hao,0,0,0,26,0,26,0,100,0,0,0.000104
1818,Hao,336,757,1460,8834,0,11387,2.950733292,77.57969614,13.16098707,6.647931852,0.045548
1819,Hao,0,0,6,51,0,57,0,89.47368421,0,0,0.000228
1820,Hao,0,0,135,1347,0,1482,0,90.89068826,0,0,0.005928
1821,Hao,0,0,5,38,0,43,0,88.37209302,0,0,0.000172
1822,Hao,356,328,1034,4630,0,6348,5.608065532,72.93635791,20.7217695,5.166981727,0.025392
1823,Hao,80,125,471,4534,0,5210,1.535508637,87.02495202,11.83431953,2.399232246,0.02084
1824,Hao,40,183,1055,10170,0,11448,0.34940601,88.83647799,3.129890454,1.598532495,0.045792
1825,Hao,66,342,1310,4466,0,6184,1.067270375,72.21862872,3.841676368,5.530401035,0.024736
1826,Hao,0,4,51,1093,0,1148,0,95.20905923,0,0.348432056,0.004592
1827,Hao,414,436,748,4859,0,6457,6.411646275,75.25166486,25.90738423,6.752361778,0.025828
1828,Hao,235,57,495,1186,0,1973,11.91079574,60.11150532,29.86022872,2.889001521,0.007892
1829,Hao,1,2,130,1750,0,1883,0.053106745,92.93680297,0.751879699,0.106213489,0.007532
1830,Hao,142,243,424,2840,0,3649,3.891477117,77.82954234,17.55253399,6.659358728,0.014596
1831,Hao,67,151,475,3460,0,4153,1.613291596,83.31326752,9.668109668,3.635925837,0.016612
1832,Hao,1,0,328,4182,0,4511,0.022168034,92.70671691,0.303951368,0,0.018044
1833,Hao,86,168,416,5720,0,6390,1.345852895,89.51486698,12.8358209,2.629107981,0.02556
1834,Hao,58,169,415,6390,0,7032,0.82480091,90.87030717,9.034267913,2.403299204,0.028128
1835,Hao,432,476,1285,9003,0,11196,3.8585209,80.41264737,19.69904241,4.251518399,0.044784
1836,Hao,51327,128347,197221,249424,0,626319,8.195025219,39.82379586,13.61838178,20.49227311,2.505276
1837,Hao,574,514,1055,4422,0,6565,8.743335872,67.35719726,26.78488101,7.829398324,0.02626
1838,Hao,1349,974,1481,12991,0,16795,8.032152426,77.35040191,35.46267087,5.799345043,0.06718
1839,Hao,0,0,15,173,0,188,0,92.0212766,0,0,0.000752
1840,Hao,384,416,1309,8380,0,10489,3.660978168,79.89322147,18.20768137,3.966059682,0.041956
1841,Hao,1908,2002,7251,28513,0,39674,4.809194939,71.86822604,17.09524236,5.046125926,0.158696
1842,Hao,192,193,1489,14154,0,16028,1.197903669,88.30796107,10.24546425,1.20414275,0.064112
1843,Hao,347,235,570,6091,0,7243,4.790832528,84.09498826,30.12152778,3.244511943,0.028972
1844,Hao,0,0,12,389,0,401,0,97.0074813,0,0,0.001604
1845,Hao,476,306,1085,14148,0,16015,2.97221355,88.34217921,25.49544724,1.910708711,0.06406
1846,Hao,0,0,0,61,0,61,0,100,0,0,0.000244
1847,Hao,88,262,569,9043,0,9962,0.883356756,90.77494479,9.57562568,2.629993977,0.039848
1848,Hao,38,38,303,4936,0,5315,0.714957667,92.86923801,10.02638522,0.714957667,0.02126
1849,Hao,3,0,145,4987,0,5135,0.05842259,97.11781889,2.027027027,0,0.02054
1850,Hao,223,244,884,5383,0,6734,3.311553312,79.93762994,16.50629164,3.623403623,0.026936
1851,Hao,1,2,39,68,0,110,0.909090909,61.81818182,2.380952381,1.818181818,0.00044
1852,Hao,493,361,1096,10536,0,12486,3.948422233,84.38250841,25.28205128,2.891238187,0.049944
1853,Hao,0,0,0,104,0,104,0,100,0,0,0.000416
1854,Hao,43,101,541,6861,0,7546,0.569838325,90.92234296,6.277372263,1.338457461,0.030184
1855,Hao,122,225,1149,15909,0,17405,0.700948003,91.40476874,8.155080214,1.292731974,0.06962
1856,Hao,25,9,648,9502,0,10184,0.245483111,93.30322074,3.66568915,0.08837392,0.040736
1857,Hao,1646,385,2578,15075,0,19684,8.36212152,76.58504369,35.71273595,1.955903272,0.078736
1858,Hao,231,42,281,2547,0,3101,7.449209932,82.13479523,41.6967509,1.354401806,0.012404
1859,Hao,0,0,6,1462,0,1468,0,99.59128065,0,0,0.005872
1860,Hao,0,0,11,1065,0,1076,0,98.97769517,0,0,0.004304
1861,Hao,734,491,769,2947,0,4941,14.85529245,59.6437968,36.81043129,9.937259664,0.019764
1862,Hao,0,2,48,891,0,941,0,94.68650372,0,0.212539851,0.003764
1863,Hao,189,126,1220,27577,0,29112,0.649216818,94.72726024,12.31270358,0.432811212,0.116448
1864,Hao,1207,408,2885,8189,0,12689,9.5121759,64.53621247,26.82222222,3.215383403,0.050756
1865,Hao,22,62,629,7275,0,7988,0.27541312,91.07411117,3.085553997,0.776164246,0.031952
1866,Hao,2205,826,3403,38605,0,45039,4.895757011,85.7146029,34.27105999,1.833966118,0.180156
1867,Hao,5990,1715,6083,25813,0,39601,15.12588066,65.18269741,43.44357412,4.33069872,0.158404
1868,Hao,0,0,377,18474,0,18851,0,98.0001061,0,0,0.075404
1869,Hao,5327,1847,2425,11098,0,20697,25.73802967,53.62129777,55.4953641,8.923998647,0.082788
1870,Hao,1874,906,1835,12533,0,17148,10.92838815,73.08724049,40.60671723,5.283414976,0.068592
1871,Hao,302,604,4978,21589,0,27473,1.099261093,78.58260838,5.132562882,2.198522185,0.109892
1872,Hao,3880,1245,1323,6646,0,13094,29.63189247,50.75607148,60.17369727,9.508171682,0.052376
1873,Hao,1316,600,746,4077,0,6739,19.5281199,60.4985903,49.4365139,8.90339813,0.026956
1874,Hao,3363,2697,8279,13261,0,27600,12.18478261,48.04710145,23.45351838,9.77173913,0.1104
1875,Hao,0,0,7,240,0,247,0,97.1659919,0,0,0.000988
1876,Hao,0,0,2,62,0,64,0,96.875,0,0,0.000256
1877,Hao,0,0,18,319,0,337,0,94.65875371,0,0,0.001348
1878,Hao,556,288,986,3393,0,5223,10.64522305,64.96266513,30.38251366,5.514072372,0.020892
1879,Hao,0,0,0,125,0,125,0,100,0,0,0.0005
1880,Hao,7,14,261,13721,0,14003,0.049989288,97.98614583,2.482269504,0.099978576,0.056012
1881,Hao,315,143,350,660,0,1468,21.45776567,44.95912807,38.98514851,9.741144414,0.005872
1882,Hao,664,100,738,9263,0,10765,6.168137483,86.04737575,44.20772304,0.928936368,0.04306
1883,Hao,2184,2438,12266,50580,0,67468,3.237090176,74.96887413,12.93225959,3.613564949,0.269872
1884,Hao,0,0,0,50,0,50,0,100,0,0,0.0002
1885,Hao,229,369,1038,13053,0,14689,1.55898972,88.86241405,13.99755501,2.512083872,0.058756
1886,Hao,257,171,644,6981,0,8053,3.191357258,86.68819074,23.9738806,2.123432261,0.032212
1887,Hao,251,115,591,5618,0,6575,3.817490494,85.44486692,26.22779519,1.74904943,0.0263
1888,Hao,1518,743,2848,36901,0,42010,3.613425375,87.83860985,29.71227246,1.768626517,0.16804
1889,Hao,0,0,9,506,0,515,0,98.25242718,0,0,0.00206
1890,Hao,0,0,14,158,0,172,0,91.86046512,0,0,0.000688
1891,Hao,1326,104,1006,4941,0,7377,17.9747865,66.97844652,54.43349754,1.409787176,0.029508
1892,Hao,224,184,835,4031,0,5274,4.247250664,76.431551,18.02091714,3.488813045,0.021096
1893,Hao,343,175,530,4927,0,5975,5.740585774,82.46025105,32.72900763,2.928870293,0.0239
1894,Hao,1510,452,1171,4896,0,8029,18.80682526,60.9789513,48.19661666,5.629592726,0.032116
1895,Hao,1635,911,1127,1848,0,5521,29.61420033,33.47219707,44.51402124,16.50063394,0.022084
1896,Hao,9072,2659,2757,7247,0,21735,41.73913043,33.34253508,62.61733849,12.23372441,0.08694
1897,Hao,17375,3700,12593,55330,0,88998,19.52291063,62.1699364,51.60686705,4.157396795,0.355992
1898,Hao,0,0,12,93,0,105,0,88.57142857,0,0,0.00042
1899,Hao,5392,1737,2183,12240,0,21552,25.01855976,56.79287305,57.90378007,8.059576837,0.086208
1900,Hao,1198,580,1987,11573,0,15338,7.810666319,75.45312296,31.81938911,3.781457817,0.061352
1901,Hao,0,0,0,71,0,71,0,100,0,0,0.000284
1902,Hao,5,1,98,7903,0,8007,0.06244536,98.70113651,4.807692308,0.012489072,0.032028
1903,Hao,5,1,194,4010,0,4210,0.118764846,95.24940618,2.5,0.023752969,0.01684
1904,Hao,0,0,11,87,0,98,0,88.7755102,0,0,0.000392
1905,Hao,0,0,15,50,0,65,0,76.92307692,0,0,0.00026
1906,Hao,5,2,142,1172,0,1321,0.378501136,88.72066616,3.355704698,0.151400454,0.005284
1907,Hao,7942,1613,5558,49514,0,64627,12.28898139,76.61503706,52.55078409,2.495860863,0.258508
1908,Hao,437,230,1244,9809,0,11720,3.728668942,83.69453925,22.86760858,1.962457338,0.04688
1909,Hao,0,0,26,72,0,98,0,73.46938776,0,0,0.000392
1910,Hao,0,0,21,67,0,88,0,76.13636364,0,0,0.000352
1911,Hao,563,226,878,4605,0,6272,8.976403061,73.42155612,33.77324535,3.603316327,0.025088
1912,Hao,0,0,0,1379,0,1379,0,100,0,0,0.005516
1913,Hao,0,0,39,1034,0,1073,0,96.36533085,0,0,0.004292
1914,Hao,31,127,335,3864,0,4357,0.711498738,88.68487491,6.288032454,2.914849667,0.017428
1915,Hao,0,0,124,875,0,999,0,87.58758759,0,0,0.003996
1916,Hao,0,5,530,2695,0,3230,0,83.43653251,0,0.154798762,0.01292
1917,Hao,0,0,0,473,0,473,0,100,0,0,0.001892
1918,Hao,0,0,0,130,0,130,0,100,0,0,0.00052
1919,Hao,0,0,0,71,0,71,0,100,0,0,0.000284
1920,Hao,0,0,9,107,0,116,0,92.24137931,0,0,0.000464
1921,Hao,0,0,0,100,0,100,0,100,0,0,0.0004
1922,Hao,0,0,7,414,0,421,0,98.33729216,0,0,0.001684
1923,Hao,0,0,6,94,0,100,0,94,0,0,0.0004
1924,Hao,0,0,57,845,0,902,0,93.68070953,0,0,0.003608
1925,Hao,0,112,726,8906,0,9744,0,91.3998358,0,1.149425287,0.038976
1926,Hao,0,0,1,178,0,179,0,99.44134078,0,0,0.000716
1927,Hao,569,1145,1703,11875,0,15292,3.720899817,77.654983,16.65203395,7.487575203,0.061168
1928,Hao,0,0,1,609,0,610,0,99.83606557,0,0,0.00244
1929,Hao,0,0,9,159,0,168,0,94.64285714,0,0,0.000672
1930,Hao,0,0,1,295,0,296,0,99.66216216,0,0,0.001184
1931,Hao,153,246,622,11724,0,12745,1.200470773,91.9890153,14.98530852,1.930168694,0.05098
1932,Hao,0,0,0,114,0,114,0,100,0,0,0.000456
1933,Hao,8846,8529,10451,27613,0,55439,15.95627627,49.80789697,31.79041185,15.38447663,0.221756
1934,Hao,109,245,677,907,0,1938,5.624355005,46.80082559,10.57225994,12.64189886,0.007752
1935,Hao,148495,116072,335931,846793,0,1447291,10.26020337,58.50882787,24.72864189,8.019948994,5.789164
1936,Hao,37,28,2,0,0,67,55.2238806,0,55.2238806,41.79104478,0.000268
1937,Hao,126261,76182,147571,158065,0,508079,24.85066299,31.11031946,36.0731285,14.99412493,2.032316
1938,Haraiki,341634,88324,201727,132595,0,764280,44.70010991,17.34900822,54.08296857,11.55649762,3.05712
1939,Haraiki,0,0,0,87,0,87,0,100,0,0,0.000348
1940,Haraiki,0,0,0,39,0,39,0,100,0,0,0.000156
1941,Haraiki,4240,312,2941,12876,0,20369,20.8159458,63.2137071,56.58614707,1.531739408,0.081476
1942,Haraiki,49473,24867,9864,15775,0,99979,49.48339151,15.77831345,58.75374091,24.87222317,0.399916
1943,Haraiki,46101,19491,6358,10720,0,82670,55.76509012,12.96721906,64.07366227,23.5768719,0.33068
1944,Haraiki,523,87,5837,28511,0,34958,1.496081011,81.55786944,8.112300295,0.248870073,0.139832
1945,Heina,0,10,23,10,0,43,0,23.25581395,0,23.25581395,0.000172
1946,Heina,21868,16343,2850,591,0,41652,52.50168059,1.418899453,53.25734882,39.23701143,0.166608
1947,Heina,5941,7261,1819,151,0,15172,39.15765885,0.995254416,39.55129485,47.85789612,0.060688
1948,Heina,95418,111324,17745,1393,0,225880,42.24278378,0.616699132,42.5049112,49.28457588,0.90352
1949,Heina,7650,13461,2758,419,0,24288,31.49703557,1.725131752,32.04993925,55.42243083,0.097152
1950,Heina,134551,187231,24819,1997,0,348598,38.59775443,0.572866167,38.82014189,53.70971721,1.394392
1951,Heina,14419,46546,11647,1017,0,73629,19.58331636,1.381249236,19.85759929,63.21693898,0.294516
1952,Helen,92,10,2177,5639,0,7918,1.161909573,71.21747916,4.036858271,0.126294519,0.031672
1953,Hereheretue,28251,36554,50794,79994,0,195593,14.44376844,40.89819165,24.43879272,18.68880788,0.782372
1954,Hereheretue,0,0,5,22,0,27,0,81.48148148,0,0,0.000108
1955,Hereheretue,3838,2447,2776,4482,0,13543,28.33936351,33.09458761,42.3573557,18.06837481,0.054172
1956,Hereheretue,69,19,364,3901,0,4353,1.585113715,89.61635654,15.26548673,0.436480588,0.017412
1957,Hereheretue,3431,3125,3517,5783,0,15856,21.63849647,36.47199798,34.06135213,19.70862765,0.063424
1958,Hereheretue,82687,65498,39607,22634,0,210426,39.29504909,10.75627537,44.03116214,31.12638172,0.841704
1959,Hereheretue,234,29,841,6621,0,7725,3.029126214,85.70873786,21.19565217,0.375404531,0.0309
1960,Hereheretue,0,0,23,137,0,160,0,85.625,0,0,0.00064
1961,Hereheretue,0,0,3,201,0,204,0,98.52941176,0,0,0.000816
1962,Hereheretue,272935,201997,189695,121111,0,785738,34.73613342,15.41366206,41.06589109,25.70793318,3.142952
1963,Hikueru,0,98,1009,2253,0,3360,0,67.05357143,0,2.916666667,0.01344
1964,Hikueru,1304,3550,11466,24135,0,40455,3.223334569,59.65888024,7.990196078,8.775182301,0.16182
1965,Hikueru,27204,12305,52798,40530,4471,137308,20.47923395,30.51107749,29.47122103,9.263232383,0.549232
1966,Hikueru,0,0,1705,709,0,2414,0,29.37033969,0,0,0.009656
1967,Hikueru,0,0,1697,1524,0,3221,0,47.3144986,0,0,0.012884
1968,Hikueru,0,0,1842,811,0,2653,0,30.56916698,0,0,0.010612
1969,Hikueru,0,0,1038,606,0,1644,0,36.86131387,0,0,0.006576
1970,Hikueru,0,0,1392,2234,0,3626,0,61.61059018,0,0,0.014504
1971,Hikueru,0,0,377,1284,0,1661,0,77.30282962,0,0,0.006644
1972,Hikueru,0,10,245,5284,0,5539,0,95.39628092,0,0.180538003,0.022156
1973,Hikueru,0,0,0,88,0,88,0,100,0,0,0.000352
1974,Hikueru,0,0,125,724,0,849,0,85.27679623,0,0,0.003396
1975,Hikueru,6026,2191,4892,8768,0,21877,27.54491018,40.07862138,45.96841864,10.01508434,0.087508
1976,Hikueru,0,0,212,3906,0,4118,0,94.85186984,0,0,0.016472
1977,Hikueru,77,155,1782,6214,0,8228,0.935828877,75.52260574,3.823237339,1.883811376,0.032912
1978,Hikueru,165,332,3795,34650,0,38942,0.423707052,88.97848082,3.844361603,0.852549946,0.155768
1979,Hikueru,0,0,0,0,29,29,0,0,0,0,0.000116
1980,Hikueru,0,0,0,0,35,35,0,0,0,0,0.00014
1981,Hikueru,10,5,550,2669,0,3234,0.309214595,82.52937539,1.769911504,0.154607297,0.012936
1982,Hikueru,108058,67405,244915,559379,112805,1092562,11.02906129,57.09364669,25.70496077,6.879767126,4.370248
1983,Houk,244786,325581,80520,34268,0,685155,35.72709825,5.001496012,37.60806407,47.51932045,2.74062
1984,Howland,7,114,97002,387356,0,484479,0.001444851,79.95310426,0.007207356,0.023530432,1.937916
1985,Huon,39,632,39187,45630,0,85488,0.045620438,53.37591241,0.097847358,0.739285046,0.341952
1986,Ifalik,75,241,1388,298,0,2002,3.746253746,14.88511489,4.401408451,12.03796204,0.008008
1987,Ifalik,7371,10221,8136,1226,0,26954,27.34659049,4.54849002,28.64972015,37.92016027,0.107816
1988,Ifalik,152972,91735,75104,11451,0,331262,46.17855353,3.456780434,47.83200078,27.6925817,1.325048
1989,Iles Maria,66933,108379,25237,25504,0,226053,29.60942788,11.2823099,33.37488594,47.94406621,0.904212
1990,Iles Maria,2848,15768,2778,3895,0,25289,11.26181344,15.40195342,13.31214359,62.3512199,0.101156
1991,Iles Maria,7528,28715,7206,6034,0,49483,15.21330558,12.19408686,17.32606044,58.03003052,0.197932
1992,Iles Maria,20941,49357,8695,11858,6007,96858,23.04982884,13.05214032,26.50994392,54.32741522,0.387432
1993,Jabat,0,0,0,72,0,72,0,100,0,0,0.000288
1994,Jabat,0,0,0,65,0,65,0,100,0,0,0.00026
1995,Jabat,0,0,0,134,0,134,0,100,0,0,0.000536
1996,Jabat,0,0,0,493,0,493,0,100,0,0,0.001972
1997,Jabat,0,0,0,213,0,213,0,100,0,0,0.000852
1998,Jabat,0,0,0,46,0,46,0,100,0,0,0.000184
1999,Jabat,0,0,0,56,0,56,0,100,0,0,0.000224
2000,Jabat,49507,26355,40145,38986,0,154993,31.94144252,25.15339402,42.67587301,17.00399373,0.619972
2001,Jaluit,787,1521,367,1470,0,4145,18.986731,35.46441496,29.42056075,36.69481303,0.01658
2002,Jaluit,1575,2617,421,1913,0,6526,24.1342323,29.31351517,34.14264036,40.10113393,0.026104
2003,Jaluit,0,0,0,0,33,33,0,0,0,0,0.000132
2004,Jaluit,1716,1630,716,79,67156,71297,41.43926588,1.907751751,42.24519941,39.36247283,0.285188
2005,Jaluit,7924,8133,899,3211,0,20167,39.29191253,15.92205088,46.73271998,40.32825904,0.080668
2006,Jaluit,5079,6587,710,2077,0,14453,35.14149312,14.37071888,41.03910795,45.57531308,0.057812
2007,Jaluit,1535,2187,528,2188,0,6438,23.84280833,33.98570985,36.11764706,33.97017707,0.025752
2008,Jaluit,10547,7815,1989,5557,0,25908,40.70943338,21.44897329,51.82546312,30.16442798,0.103632
2009,Jaluit,2825,2658,349,1344,0,7176,39.36733556,18.72909699,48.43964335,37.04013378,0.028704
2010,Jaluit,31772,12809,3752,8194,0,56527,56.20676845,14.49572771,65.73562576,22.6599678,0.226108
2011,Jaluit,4907,3999,441,2416,0,11763,41.71554875,20.53897815,52.49812774,33.99642948,0.047052
2012,Jaluit,2106,1731,609,2383,0,6829,30.83906868,34.89529946,47.36842105,25.34778152,0.027316
2013,Jaluit,19236,15790,1160,4992,0,41178,46.7142649,12.12297829,53.15868015,38.34571859,0.164712
2014,Jaluit,7702,10711,8076,2777,0,29266,26.31722818,9.488826625,29.07622032,36.59878357,0.117064
2015,Jaluit,9132,5710,3066,3615,0,21523,42.42902941,16.79598569,50.99396918,26.52975886,0.086092
2016,Jaluit,13488,10737,3243,11569,0,39037,34.55183544,29.63598637,49.10441241,27.50467505,0.156148
2017,Jaluit,0,0,0,148,0,148,0,100,0,0,0.000592
2018,Jaluit,18292,15219,3599,7500,0,44610,41.00425913,16.81237391,49.29129615,34.11566913,0.17844
2019,Jaluit,145,893,831,1798,0,3667,3.954185983,49.03190619,7.758159444,24.35233161,0.014668
2020,Jaluit,6701,5996,1732,3076,0,17505,38.28049129,17.57212225,46.44119482,34.25307055,0.07002
2021,Jaluit,914,1326,570,1744,0,4554,20.0702679,38.29600351,32.52669039,29.11725955,0.018216
2022,Jaluit,8434,7826,1536,4478,0,22274,37.86477507,20.10415731,47.39267251,35.13513514,0.089096
2023,Jaluit,3731,3323,2980,3204,0,13238,28.18401571,24.20305182,37.18357584,25.10197915,0.052952
2024,Jaluit,4269,4432,597,1432,0,10730,39.78564772,13.34575955,45.91309959,41.30475303,0.04292
2025,Jaluit,6,116,101,603,0,826,0.726392252,73.00242131,2.69058296,14.04358354,0.003304
2026,Jaluit,1331,2852,307,1687,0,6177,21.54767687,27.31099239,29.64365256,46.17128056,0.024708
2027,Jaluit,1823,2886,293,1572,0,6574,27.7304533,23.91238211,36.44542183,43.90021296,0.026296
2028,Jaluit,0,32,84,614,0,730,0,84.10958904,0,4.383561644,0.00292
2029,Jaluit,1043,1932,346,1461,0,4782,21.81095776,30.55207026,31.40620295,40.40150565,0.019128
2030,Jaluit,1065,3824,524,1582,0,6995,15.22516083,22.6161544,19.67485683,54.66761973,0.02798
2031,Jaluit,2863,3876,546,3039,0,10324,27.73149942,29.43626501,39.29993137,37.54358776,0.041296
2032,Jaluit,4003,2708,7337,15876,0,29924,13.3772223,53.05440449,28.49515945,9.0495923,0.119696
2033,Jaluit,0,0,33,65,0,98,0,66.32653061,0,0,0.000392
2034,Jaluit,0,0,207,524,0,731,0,71.68262654,0,0,0.002924
2035,Jaluit,0,0,2,395,0,397,0,99.49622166,0,0,0.001588
2036,Jaluit,0,0,14,350,0,364,0,96.15384615,0,0,0.001456
2037,Jaluit,0,0,0,27,0,27,0,100,0,0,0.000108
2038,Jaluit,0,0,133,1607,0,1740,0,92.35632184,0,0,0.00696
2039,Jaluit,0,0,119,1186,0,1305,0,90.88122605,0,0,0.00522
2040,Jaluit,0,0,474,10282,1239,11995,0,95.59315731,0,0,0.04798
2041,Jaluit,0,0,13,30,0,43,0,69.76744186,0,0,0.000172
2042,Jaluit,2672,6182,751,1962,0,11567,23.10019884,16.9620472,27.81884435,53.44514567,0.046268
2043,Jaluit,0,0,0,25,0,25,0,100,0,0,0.0001
2044,Jaluit,0,0,91,167,0,258,0,64.72868217,0,0,0.001032
2045,Jaluit,0,0,0,30,0,30,0,100,0,0,0.00012
2046,Jaluit,0,0,131,0,0,131,0,0,0,0,0.000524
2047,Jaluit,0,0,38,0,0,38,0,0,0,0,0.000152
2048,Jaluit,0,0,6,98,0,104,0,94.23076923,0,0,0.000416
2049,Jaluit,115106,65200,76189,224187,6370,487052,23.94639283,46.63935825,44.87650831,13.56406106,1.948208
2050,Jaluit,0,0,0,60,0,60,0,100,0,0,0.00024
2051,Jaluit,0,0,0,393,0,393,0,100,0,0,0.001572
2052,Jaluit,0,0,0,436,0,436,0,100,0,0,0.001744
2053,Jaluit,5372,18620,1332,17854,0,43178,12.44152115,41.34976145,21.2130785,43.12381305,0.172712
2054,Jaluit,74241,65903,8873,64822,3001,216840,34.71817582,30.31346013,49.82049028,30.81898063,0.86736
2055,Jaluit,0,0,133,0,0,133,0,0,0,0,0.000532
2056,Jaluit,163,1608,526,3971,0,6268,2.60051053,63.3535418,7.096212451,25.65411615,0.025072
2057,Jaluit,32491,18269,5673,26451,0,82884,39.20056947,31.91327639,57.57446884,22.04164857,0.331536
2058,Jaluit,4,76,111,2559,0,2750,0.145454545,93.05454545,2.094240838,2.763636364,0.011
2059,Jaluit,0,0,0,51,0,51,0,100,0,0,0.000204
2060,Jaluit,31200,22986,1404,17669,0,73259,42.58862392,24.11853834,56.12520237,31.37634966,0.293036
2061,Jaluit,79838,40425,4411,14392,7573,146639,57.41015058,10.3490429,64.03740956,29.0689313,0.586556
2062,Jaluit,4042,3498,741,3274,5289,16844,34.98052791,28.33405452,48.81053013,30.27260926,0.067376
2063,Jaluit,10959,7708,924,2817,0,22408,48.90664049,12.57140307,55.93895156,34.39842913,0.089632
2064,Jaluit,4002,7263,348,2110,0,13723,29.16271952,15.37564672,34.46137949,52.9257451,0.054892
2065,Jaluit,2028,1485,609,1494,0,5616,36.11111111,26.6025641,49.19941776,26.44230769,0.022464
2066,Jaluit,4921,4579,432,1586,0,11518,42.72443132,13.76975169,49.54691905,39.75516583,0.046072
2067,Jaluit,4280,4413,340,1232,0,10265,41.69508037,12.00194837,47.38182221,42.99074525,0.04106
2068,Jaluit,9575,5942,608,2295,0,18420,51.9815418,12.45928339,59.37984496,32.25841477,0.07368
2069,Jaluit,13221,14285,2379,4916,20036,54837,37.99028764,14.12603086,44.23958508,41.04767104,0.219348
2070,Jaluit,0,0,0,0,30,30,0,0,0,0,0.00012
2071,Jaluit,0,0,0,0,98,98,0,0,0,0,0.000392
2072,Jaluit,0,0,0,0,499,499,0,0,0,0,0.001996
2073,Jaluit,0,0,1,85,0,86,0,98.8372093,0,0,0.000344
2074,Jaluit,207688,34413,6423,28697,0,277221,74.91784533,10.35166889,83.56858895,12.41356174,1.108884
2075,Jaluit,159810,171008,47844,75033,50940,504635,35.2241043,16.53820298,42.20386519,37.69228226,2.01854
2076,Jaluit,7003,6033,1062,5621,0,19719,35.5139713,28.50550231,49.67371258,30.59485775,0.078876
2077,Jaluit,6189,4174,3722,2933,0,17018,36.36737572,17.23469268,43.94036209,24.52697144,0.068072
2078,Jaluit,6017,3265,1227,5444,0,15953,37.71704382,34.1252429,57.2556856,20.46636996,0.063812
2079,Jaluit,0,0,2,31,0,33,0,93.93939394,0,0,0.000132
2080,Jaluit,49,6,227,210,0,492,9.959349593,42.68292683,17.37588652,1.219512195,0.001968
2081,Jaluit,2172,1670,790,2724,0,7356,29.5269168,37.03099511,46.89119171,22.70255574,0.029424
2082,Jaluit,964,1637,410,3047,0,6058,15.91284252,50.29712776,32.01594155,27.02211951,0.024232
2083,Jaluit,0,0,7,23,0,30,0,76.66666667,0,0,0.00012
2084,Jaluit,0,0,0,0,25,25,0,0,0,0,0.0001
2085,Jaluit,33782,15889,5951,13930,42830,112382,48.57085346,20.02818035,60.73496099,22.84477801,0.449528
2086,Jaluit,1,0,16,37,0,54,1.851851852,68.51851852,5.882352941,0,0.000216
2087,Jaluit,11980,26376,10031,12992,0,61379,19.51807621,21.1668486,24.75871618,42.97235211,0.245516
2088,Jaluit,39,17,142,1326,0,1524,2.559055118,87.00787402,19.6969697,1.115485564,0.006096
2089,Jaluit,57417,23083,7344,12814,0,100658,57.04166584,12.73023505,65.36246073,22.93210674,0.402632
2090,Jaluit,776,232,507,2194,0,3709,20.92208142,59.15341062,51.22112211,6.255055271,0.014836
2091,Jaluit,0,0,0,156,0,156,0,100,0,0,0.000624
2092,Jaluit,6528,3737,1956,5539,0,17760,36.75675676,31.18806306,53.41625072,21.04166667,0.07104
2093,Jaluit,47325,12326,6450,10306,0,76407,61.93804233,13.48829296,71.59498343,16.13202979,0.305628
2094,Jaluit,965,274,355,1479,0,3073,31.40253824,48.1288643,60.53952321,8.91636837,0.012292
2095,Jaluit,264,73,251,1170,0,1758,15.01706485,66.55290102,44.89795918,4.152445961,0.007032
2096,Jaluit,6053,1550,1785,6451,0,15839,38.21579645,40.72858135,64.47592671,9.785971337,0.063356
2097,Jaluit,2,2,496,34,0,534,0.374531835,6.367041199,0.4,0.374531835,0.002136
2098,Jaluit,10,6,261,230,0,507,1.972386588,45.36489152,3.610108303,1.183431953,0.002028
2099,Jaluit,9006,3301,2846,8652,0,23805,37.83238815,36.34530561,59.43377549,13.8668347,0.09522
2100,Jaluit,0,0,0,100,0,100,0,100,0,0,0.0004
2101,Jaluit,338227,183482,186185,187118,20256,915268,37.79021957,20.90675879,47.77932854,20.50050726,3.661072
2102,Jarvis,0,0,6,22,0,28,0,78.57142857,0,0,0.000112
2103,Jarvis,0,0,14,26,0,40,0,65,0,0,0.00016
2104,Jarvis,0,0,23,2,0,25,0,8,0,0,0.0001
2105,Jarvis,0,0,26,14,0,40,0,35,0,0,0.00016
2106,Jarvis,1746,545,235932,864137,0,1102360,0.15838746,78.38972749,0.732926712,0.049439385,4.40944
2107,Jemo,16109,7333,19439,8559,0,51440,31.31609642,16.63880249,37.56675451,14.25544323,0.20576
2108,Johnston,436,1033,19350,6007,0,26826,1.625288899,22.39245508,2.094240838,3.850741818,0.107304
2109,Johnston,8,20,14452,6605,0,21085,0.037941665,31.32558691,0.055248619,0.094854162,0.08434
2110,Johnston,104,181,12047,6870,0,19202,0.541610249,35.77752317,0.843334415,0.942610145,0.076808
2111,Johnston,0,0,57,126,0,183,0,68.85245902,0,0,0.000732
2112,Johnston,0,0,0,152,0,152,0,100,0,0,0.000608
2113,Johnston,18607,98936,281497,212756,0,611796,3.041373268,34.77564417,4.662941059,16.17140354,2.447184
2114,Kapingamarangi,10655,2727,4946,2384,0,20712,51.44360757,11.51023561,58.13509385,13.16628042,0.082848
2115,Kapingamarangi,442,64,336,840,0,1682,26.27824019,49.94054697,52.49406176,3.804994055,0.006728
2116,Kapingamarangi,15105,5038,7451,5626,0,33220,45.46959663,16.93558098,54.7401609,15.16556291,0.13288
2117,Kapingamarangi,342,6,294,1558,0,2200,15.54545455,70.81818182,53.27102804,0.272727273,0.0088
2118,Kapingamarangi,0,0,0,362,0,362,0,100,0,0,0.001448
2119,Kapingamarangi,8021,1902,2954,2930,0,15807,50.74334156,18.5360916,62.28935311,12.03264377,0.063228
2120,Kapingamarangi,2046,399,1086,2708,0,6239,32.79371694,43.40439173,57.94392523,6.39525565,0.024956
2121,Kapingamarangi,13433,10799,17547,2990,0,44769,30.00513748,6.678728585,32.15251681,24.121602,0.179076
2122,Kapingamarangi,4911,1081,2949,2267,0,11208,43.81691649,20.22662384,54.92674198,9.644896502,0.044832
2123,Kapingamarangi,7232,1671,2945,2923,0,14771,48.96080157,19.7887753,61.03983795,11.31270733,0.059084
2124,Kapingamarangi,7276,2425,2816,3023,0,15540,46.82110682,19.45302445,58.12894464,15.6048906,0.06216
2125,Kapingamarangi,481,241,352,1430,0,2504,19.20926518,57.1086262,44.7858473,9.624600639,0.010016
2126,Kapingamarangi,2432,522,760,2131,0,5845,41.60821215,36.45851155,65.48196015,8.930710009,0.02338
2127,Kapingamarangi,1106,261,573,2187,0,4127,26.7991277,52.99248849,57.01030928,6.324206445,0.016508
2128,Kapingamarangi,376,92,322,822,0,1612,23.32506203,50.99255583,47.59493671,5.70719603,0.006448
2129,Kapingamarangi,3484,830,1008,1388,0,6710,51.92250373,20.68554396,65.46411124,12.36959762,0.02684
2130,Kapingamarangi,1240,218,606,1998,0,4062,30.52683407,49.18759232,60.07751938,5.366814377,0.016248
2131,Kapingamarangi,984,171,444,1363,0,2962,33.22079676,46.01620527,61.53846154,5.773126266,0.011848
2132,Kapingamarangi,5120,1200,1511,2326,0,10157,50.40858521,22.90046274,65.38117737,11.81451216,0.040628
2133,Kapingamarangi,1293,232,647,1573,0,3745,34.52603471,42.00267023,59.53038674,6.194926569,0.01498
2134,Kapingamarangi,2788,844,992,1512,0,6136,45.43676662,24.64146023,60.29411765,13.75488918,0.024544
2135,Kapingamarangi,3705,1665,1671,2149,0,9190,40.31556039,23.38411317,52.62036643,18.11751904,0.03676
2136,Kapingamarangi,41423,26744,18026,5369,0,91562,45.24038357,5.863786287,48.05842702,29.20862366,0.366248
2137,Kapingamarangi,1212,219,487,922,0,2840,42.67605634,32.46478873,63.19082377,7.711267606,0.01136
2138,Kapingamarangi,1214,152,433,1808,0,3607,33.65677849,50.12475742,67.48193441,4.214028278,0.014428
2139,Kapingamarangi,441,102,236,716,0,1495,29.49832776,47.89297659,56.61103979,6.822742475,0.00598
2140,Kapingamarangi,1468,251,616,823,0,3158,46.48511716,26.06079797,62.86937901,7.948068398,0.012632
2141,Kapingamarangi,712,195,362,932,0,2201,32.3489323,42.34438891,56.107171,8.859609269,0.008804
2142,Kapingamarangi,0,0,35,1009,0,1044,0,96.64750958,0,0,0.004176
2143,Kapingamarangi,3248,566,1219,1649,0,6682,48.60820114,24.67824005,64.5340751,8.470517809,0.026728
2144,Katiu,0,0,239,744,0,983,0,75.68667345,0,0,0.003932
2145,Katiu,456,2451,50035,47407,0,100349,0.454414095,47.24212498,0.861319935,2.44247576,0.401396
2146,Katiu,3,0,2144,7791,0,9938,0.03018716,78.39605554,0.139729856,0,0.039752
2147,Katiu,0,0,135,1017,0,1152,0,88.28125,0,0,0.004608
2148,Katiu,472,754,13338,15152,0,29716,1.588369902,50.989366,3.240867893,2.537353614,0.118864
2149,Katiu,0,0,321,2162,0,2483,0,87.07209021,0,0,0.009932
2150,Katiu,1,5,4191,21439,0,25636,0.003900765,83.62849118,0.023826543,0.019503823,0.102544
2151,Katiu,0,0,94,781,0,875,0,89.25714286,0,0,0.0035
2152,Katiu,13,14,6844,29047,0,35918,0.036193552,80.87031572,0.18920099,0.038977671,0.143672
2153,Katiu,0,0,2921,13242,0,16163,0,81.92785993,0,0,0.064652
2154,Katiu,178,85,629,4267,0,5159,3.450281062,82.70982749,19.95515695,1.647606125,0.020636
2155,Katiu,0,0,133,3396,0,3529,0,96.23122698,0,0,0.014116
2156,Katiu,0,0,60,2027,0,2087,0,97.12505989,0,0,0.008348
2157,Katiu,0,0,13,1357,0,1370,0,99.05109489,0,0,0.00548
2158,Katiu,97573,112329,114968,121701,0,446571,21.84938117,27.25232942,30.03447533,25.15367097,1.786284
2159,Katiu,0,0,26,1023,0,1049,0,97.521449,0,0,0.004196
2160,Katiu,0,0,708,35569,0,36277,0,98.04835019,0,0,0.145108
2161,Katiu,4,0,376,9802,0,10182,0.039285013,96.26792379,1.052631579,0,0.040728
2162,Katiu,17183,10932,44449,61846,0,134410,12.78401905,46.01294547,23.67978612,8.133323413,0.53764
2163,Katiu,312,421,11894,50400,0,63027,0.495025941,79.96572897,2.4708957,0.667967696,0.252108
2164,Katiu,40,6,945,7139,0,8130,0.49200492,87.81057811,4.036326942,0.073800738,0.03252
2165,Katiu,2,1,413,1101,0,1517,0.131839156,72.5774555,0.480769231,0.065919578,0.006068
2166,Katiu,21,3,339,4616,0,4979,0.42177144,92.70937939,5.785123967,0.060253063,0.019916
2167,Katiu,193,97,1738,6330,0,8358,2.309164872,75.73582197,9.516765286,1.160564728,0.033432
2168,Katiu,272,44,970,2819,0,4105,6.626065773,68.67235079,21.15085537,1.071863581,0.01642
2169,Katiu,139,89,2738,13603,0,16569,0.838916048,82.09910073,4.686446392,0.537147685,0.066276
2170,Katiu,100,165,579,947,0,1791,5.58347292,52.87548855,11.84834123,9.212730318,0.007164
2171,Katiu,8,18,133,218,0,377,2.122015915,57.82493369,5.031446541,4.774535809,0.001508
2172,Katiu,153,191,317,1515,0,2176,7.03125,69.62316176,23.14674735,8.777573529,0.008704
2173,Katiu,188,608,860,3290,0,4946,3.801051355,66.51839871,11.352657,12.29276183,0.019784
2174,Katiu,10,0,356,1109,0,1475,0.677966102,75.18644068,2.732240437,0,0.0059
2175,Katiu,5,6,81,820,0,912,0.548245614,89.9122807,5.434782609,0.657894737,0.003648
2176,Katiu,0,0,8,90,0,98,0,91.83673469,0,0,0.000392
2177,Katiu,120,80,544,872,0,1616,7.425742574,53.96039604,16.12903226,4.95049505,0.006464
2178,Katiu,276746,329054,323764,429367,0,1358931,20.36497806,31.59593828,29.77159184,24.21418012,5.435724
2179,Katiu,40,38,144,2645,0,2867,1.395186606,92.25671434,18.01801802,1.325427276,0.011468
2180,Kaukura,6273,1546,5474,6017,0,19310,32.48575867,31.16002071,47.19025051,8.006214397,0.07724
2181,Kaukura,7251,1139,2989,4477,0,15856,45.73032291,28.23536831,63.72264698,7.183400605,0.063424
2182,Kaukura,73,21,1240,6837,0,8171,0.8934035,83.67396891,5.472263868,0.257006486,0.032684
2183,Kaukura,2355,947,3176,4092,0,10570,22.28003784,38.71333964,36.35381291,8.959318827,0.04228
2184,Kaukura,101220,28154,56125,38487,0,223986,45.1903244,17.18277035,54.56633189,12.5695356,0.895944
2185,Kaukura,10561,5831,7957,7812,0,32161,32.83790927,24.29028948,43.37344449,18.13065514,0.128644
2186,Kaukura,224,160,376,3236,0,3996,5.605605606,80.98098098,29.47368421,4.004004004,0.015984
2187,Kaukura,0,3,135,444,0,582,0,76.28865979,0,0.515463918,0.002328
2188,Kaukura,3217,494,1934,2251,0,7896,40.74214792,28.50810537,56.98848539,6.25633232,0.031584
2189,Kaukura,659,73,518,699,0,1949,33.81221139,35.86454592,52.72,3.745510518,0.007796
2190,Kaukura,4,12,601,571,0,1188,0.336700337,48.06397306,0.648298217,1.01010101,0.004752
2191,Kaukura,24551,28498,29311,25170,0,107530,22.83176788,23.40742118,29.80937348,26.50237143,0.43012
2192,Kaukura,7810,7808,7679,6070,0,29367,26.59447679,20.66945892,33.52362965,26.58766643,0.117468
2193,Kaukura,4370,3261,7345,5923,0,20899,20.91009139,28.34106895,29.18002137,15.6036174,0.083596
2194,Kaukura,7183,7150,12181,10307,0,36821,19.50788952,27.99217838,27.09134797,19.41826675,0.147284
2195,Kaukura,20095,12615,10210,9943,0,52863,38.01335528,18.80899684,46.81966449,23.86357187,0.211452
2196,Kaukura,523,1545,11166,14652,0,27886,1.875493079,52.54249444,3.951941968,5.540414545,0.111544
2197,Kaukura,745,1434,4117,3517,0,9813,7.591969836,35.84021196,11.83290978,14.61326811,0.039252
2198,Kaukura,11,98,804,1085,0,1998,0.550550551,54.3043043,1.204819277,4.904904905,0.007992
2199,Kaukura,268,2480,10459,10845,0,24052,1.114252453,45.08980542,2.029226925,10.31099285,0.096208
2200,Kaukura,63,574,7505,13712,0,21854,0.288276746,62.74366249,0.77376566,2.626521461,0.087416
2201,Kaukura,506,127,1920,5967,0,8520,5.938967136,70.03521127,19.81981982,1.490610329,0.03408
2202,Kaukura,386787,94623,269024,355350,0,1105784,34.97853107,32.13557078,51.54177449,8.557096142,4.423136
2203,Kaukura,24276,4279,16834,35685,0,81074,29.94301502,44.01534401,53.4843244,5.277894269,0.324296
2204,Kaukura,52788,25017,35264,27840,0,140909,37.46247578,19.7574321,46.68653654,17.75401145,0.563636
2205,Kaukura,314,201,399,999,0,1913,16.41400941,52.2216414,34.35448578,10.50705698,0.007652
2206,Kaukura,401,157,562,2366,0,3486,11.50315548,67.87148594,35.80357143,4.503729203,0.013944
2207,Kaukura,55405,13929,45554,75761,0,190649,29.06125917,39.73847227,48.22522805,7.306096544,0.762596
2208,Kaukura,3867,5246,5194,16895,0,31202,12.39343632,54.14717005,27.0287272,16.81302481,0.124808
2209,Kaukura,2361,2970,7381,14626,0,27338,8.636330383,53.50062185,18.57300189,10.86399883,0.109352
2210,Kaukura,0,0,129,1827,0,1956,0,93.40490798,0,0,0.007824
2211,Kaukura,5626,13903,17264,7676,0,44469,12.65151004,17.26146304,15.29095208,31.26447638,0.177876
2212,Kaukura,1250,4521,7188,20011,0,32970,3.791325447,60.69457082,9.645806004,13.71246588,0.13188
2213,Kaukura,54101,22924,17361,19285,0,113671,47.59437324,16.96562888,57.31888204,20.16697311,0.454684
2214,Kaukura,14,91,456,1969,0,2530,0.553359684,77.82608696,2.495543672,3.596837945,0.01012
2215,Kaukura,12,1134,2290,6638,0,10074,0.119118523,65.89239627,0.349243306,11.25670042,0.040296
2216,Kaukura,0,17,214,256,0,487,0,52.56673511,0,3.490759754,0.001948
2217,Kaukura,0,105,180,194,0,479,0,40.50104384,0,21.92066806,0.001916
2218,Kaukura,128,2711,3446,4923,0,11208,1.142041399,43.92398287,2.036595068,24.18807994,0.044832
2219,Kaukura,15,427,4019,13127,0,17588,0.085285422,74.63611553,0.336247478,2.427791676,0.070352
2220,Kaukura,12,115,1052,29864,0,31043,0.038656058,96.20204233,1.017811705,0.370453887,0.124172
2221,Kaukura,0,84,942,16066,0,17092,0,93.99719167,0,0.491457992,0.068368
2222,Kaukura,141,5700,7690,14471,0,28002,0.503535462,51.67845154,1.042051585,20.35568888,0.112008
2223,Kaukura,0,0,24,2,0,26,0,7.692307692,0,0,0.000104
2224,Kaukura,300,4860,7231,16320,0,28711,1.044895685,56.84232524,2.421112097,16.92731009,0.114844
2225,Kaukura,4180,2434,4226,7779,0,18619,22.45018529,41.77990225,38.56088561,13.07266771,0.074476
2226,Kaukura,1029,253,2096,3438,0,6816,15.09683099,50.44014085,30.46181172,3.71185446,0.027264
2227,Kaukura,2317,2082,2348,3529,0,10276,22.54768392,34.34215648,34.34118868,20.26080187,0.041104
2228,Kaukura,821,374,1634,11367,0,14196,5.783319245,80.07185123,29.02085543,2.634544942,0.056784
2229,Kaukura,4,0,475,3203,0,3682,0.108636611,86.99076589,0.835073069,0,0.014728
2230,Kaukura,210,8230,24026,73258,0,105724,0.198630396,69.29174076,0.64683053,7.78441981,0.422896
2231,Kaukura,626,161,784,4004,0,5575,11.22869955,71.8206278,39.84723106,2.887892377,0.0223
2232,Kaukura,9,278,1304,1668,0,3259,0.276158331,51.18134397,0.565681961,8.530223995,0.013036
2233,Kaukura,12,420,6700,48200,0,55332,0.02168727,87.11053278,0.168255749,0.759054435,0.221328
2234,Kaukura,0,0,0,479,0,479,0,100,0,0,0.001916
2235,Kaukura,0,0,4,47,0,51,0,92.15686275,0,0,0.000204
2236,Kaukura,1,1,648,1119,0,1769,0.056529112,63.25607688,0.153846154,0.056529112,0.007076
2237,Kaukura,0,3,776,1631,0,2410,0,67.67634855,0,0.124481328,0.00964
2238,Kaukura,6862,16473,9193,15812,0,48340,14.19528341,32.70997104,21.09567142,34.07736864,0.19336
2239,Kaukura,103711,395951,130322,241341,0,871325,11.90267696,27.69816085,16.46248159,45.44240094,3.4853
2240,Kaukura,230,1187,674,1014,0,3105,7.407407407,32.65700483,10.99952176,38.22866345,0.01242
2241,Kaukura,8884,12155,9175,9255,0,39469,22.50880438,23.44878259,29.40358774,30.79632116,0.157876
2242,Kaukura,17,64,1774,1455,0,3310,0.513595166,43.95770393,0.916442049,1.933534743,0.01324
2243,Kayangel,41410,121398,83615,47899,0,294322,14.06962442,16.27435258,16.8044379,41.24666182,1.177288
2244,Kayangel,4829,15837,29147,39897,0,89710,5.382900457,44.47330286,9.694256519,17.65355033,0.35884
2245,Kayangel,2753,1238,11901,5794,0,21686,12.69482616,26.71769805,17.32318147,5.70875219,0.086744
2246,Kayangel,117,23,1598,2380,0,4118,2.841185041,57.79504614,6.731875719,0.558523555,0.016472
2247,Kili,52678,53036,65158,32873,0,203745,25.8548676,16.13438367,30.82892458,26.03057744,0.81498
2248,Kiritimati,0,0,4,26,0,30,0,86.66666667,0,0,0.00012
2249,Kiritimati,0,0,4,30,0,34,0,88.23529412,0,0,0.000136
2250,Kiritimati,0,0,46,4,0,50,0,8,0,0,0.0002
2251,Kiritimati,0,0,0,31,0,31,0,100,0,0,0.000124
2252,Kiritimati,0,0,0,90,0,90,0,100,0,0,0.00036
2253,Kiritimati,0,0,0,82,0,82,0,100,0,0,0.000328
2254,Kiritimati,0,0,0,221,0,221,0,100,0,0,0.000884
2255,Kiritimati,0,0,0,64,0,64,0,100,0,0,0.000256
2256,Kiritimati,0,0,0,31,0,31,0,100,0,0,0.000124
2257,Kiritimati,0,0,0,40,0,40,0,100,0,0,0.00016
2258,Kiritimati,0,0,0,247,0,247,0,100,0,0,0.000988
2259,Kiritimati,0,0,0,66,0,66,0,100,0,0,0.000264
2260,Kiritimati,0,0,0,859,0,859,0,100,0,0,0.003436
2261,Kiritimati,0,0,0,179,0,179,0,100,0,0,0.000716
2262,Kiritimati,0,0,0,51,0,51,0,100,0,0,0.000204
2263,Kiritimati,0,0,0,75,0,75,0,100,0,0,0.0003
2264,Kiritimati,0,0,0,35,0,35,0,100,0,0,0.00014
2265,Kiritimati,0,0,0,109,0,109,0,100,0,0,0.000436
2266,Kiritimati,0,0,0,332,0,332,0,100,0,0,0.001328
2267,Kiritimati,231,2200,27930,66754,0,97115,0.237862328,68.73706431,0.760844504,2.265355506,0.38846
2268,Kiritimati,0,0,0,29,0,29,0,100,0,0,0.000116
2269,Kiritimati,0,0,0,594,0,594,0,100,0,0,0.002376
2270,Kiritimati,0,0,0,243,0,243,0,100,0,0,0.000972
2271,Kiritimati,0,0,0,37,0,37,0,100,0,0,0.000148
2272,Kiritimati,0,0,0,237,0,237,0,100,0,0,0.000948
2273,Kiritimati,0,0,8,934,0,942,0,99.1507431,0,0,0.003768
2274,Kiritimati,0,0,60,33,0,93,0,35.48387097,0,0,0.000372
2275,Kiritimati,0,0,0,893,0,893,0,100,0,0,0.003572
2276,Kiritimati,0,0,0,102,0,102,0,100,0,0,0.000408
2277,Kiritimati,49,13,2495,168046,0,170603,0.028721652,98.50119869,1.916308174,0.00762003,0.682412
2278,Kiritimati,3,1,16,55,0,75,4,73.33333333,15,1.333333333,0.0003
2279,Kiritimati,0,0,0,403,0,403,0,100,0,0,0.001612
2280,Kiritimati,0,0,0,27,0,27,0,100,0,0,0.000108
2281,Kiritimati,0,0,7,52,0,59,0,88.13559322,0,0,0.000236
2282,Kiritimati,29,4,64,124,0,221,13.12217195,56.10859729,29.89690722,1.809954751,0.000884
2283,Kiritimati,0,0,0,36,0,36,0,100,0,0,0.000144
2284,Kiritimati,0,0,6,53,0,59,0,89.83050847,0,0,0.000236
2285,Kiritimati,0,0,3,22,0,25,0,88,0,0,0.0001
2286,Kiritimati,0,0,4,47,0,51,0,92.15686275,0,0,0.000204
2287,Kiritimati,0,0,4,173,0,177,0,97.74011299,0,0,0.000708
2288,Kiritimati,0,0,0,228,0,228,0,100,0,0,0.000912
2289,Kiritimati,0,0,0,25,0,25,0,100,0,0,0.0001
2290,Kiritimati,0,0,0,26,0,26,0,100,0,0,0.000104
2291,Kiritimati,0,0,0,59,0,59,0,100,0,0,0.000236
2292,Kiritimati,0,0,0,35,0,35,0,100,0,0,0.00014
2293,Kiritimati,0,0,0,340,0,340,0,100,0,0,0.00136
2294,Kiritimati,0,0,0,43,0,43,0,100,0,0,0.000172
2295,Kiritimati,0,0,0,40,0,40,0,100,0,0,0.00016
2296,Kiritimati,0,0,0,343,0,343,0,100,0,0,0.001372
2297,Kiritimati,0,0,0,100,0,100,0,100,0,0,0.0004
2298,Kiritimati,0,0,0,26,0,26,0,100,0,0,0.000104
2299,Kiritimati,0,0,0,352,0,352,0,100,0,0,0.001408
2300,Kiritimati,0,0,0,129,0,129,0,100,0,0,0.000516
2301,Kiritimati,0,0,0,199,0,199,0,100,0,0,0.000796
2302,Kiritimati,0,0,0,49,0,49,0,100,0,0,0.000196
2303,Kiritimati,0,0,0,267,0,267,0,100,0,0,0.001068
2304,Kiritimati,0,0,0,56,0,56,0,100,0,0,0.000224
2305,Kiritimati,0,0,0,74,0,74,0,100,0,0,0.000296
2306,Kiritimati,154,189,3788,11456,0,15587,0.988002823,73.49714506,3.727910917,1.212548919,0.062348
2307,Kiritimati,0,0,3,242,0,245,0,98.7755102,0,0,0.00098
2308,Kiritimati,0,0,0,60,0,60,0,100,0,0,0.00024
2309,Kiritimati,0,0,0,809,0,809,0,100,0,0,0.003236
2310,Kiritimati,0,0,0,29,0,29,0,100,0,0,0.000116
2311,Kiritimati,0,0,1,291,0,292,0,99.65753425,0,0,0.001168
2312,Kiritimati,0,0,0,83,0,83,0,100,0,0,0.000332
2313,Kiritimati,0,0,0,47,0,47,0,100,0,0,0.000188
2314,Kiritimati,0,0,0,25,0,25,0,100,0,0,0.0001
2315,Kiritimati,0,0,0,31,0,31,0,100,0,0,0.000124
2316,Kiritimati,0,0,0,80,0,80,0,100,0,0,0.00032
2317,Kiritimati,0,0,0,26,0,26,0,100,0,0,0.000104
2318,Kiritimati,0,0,0,29,0,29,0,100,0,0,0.000116
2319,Kiritimati,0,0,0,73,0,73,0,100,0,0,0.000292
2320,Kiritimati,0,0,1,2374,0,2375,0,99.95789474,0,0,0.0095
2321,Kiritimati,0,0,0,584,0,584,0,100,0,0,0.002336
2322,Kiritimati,0,0,0,1469,0,1469,0,100,0,0,0.005876
2323,Kiritimati,0,0,4,355,0,359,0,98.88579387,0,0,0.001436
2324,Kiritimati,0,0,0,57,0,57,0,100,0,0,0.000228
2325,Kiritimati,0,0,0,33,0,33,0,100,0,0,0.000132
2326,Kiritimati,0,0,0,56,0,56,0,100,0,0,0.000224
2327,Kiritimati,1420,739,13512,268238,0,283909,0.500160263,94.48027361,9.061323464,0.260294672,1.135636
2328,Kiritimati,0,0,0,253,0,253,0,100,0,0,0.001012
2329,Kiritimati,0,0,0,65,0,65,0,100,0,0,0.00026
2330,Kiritimati,0,0,4,79,0,83,0,95.18072289,0,0,0.000332
2331,Kiritimati,6,16,756,8269,0,9047,0.066320327,91.40046424,0.771208226,0.176854206,0.036188
2332,Kiritimati,0,0,3,1412,0,1415,0,99.78798587,0,0,0.00566
2333,Kiritimati,0,0,0,29,0,29,0,100,0,0,0.000116
2334,Kiritimati,0,0,43,1130,0,1173,0,96.33418585,0,0,0.004692
2335,Kiritimati,0,0,393,3942,0,4335,0,90.93425606,0,0,0.01734
2336,Kiritimati,0,0,0,96,0,96,0,100,0,0,0.000384
2337,Kiritimati,0,0,0,216,0,216,0,100,0,0,0.000864
2338,Kiritimati,0,0,0,56,0,56,0,100,0,0,0.000224
2339,Kiritimati,0,0,0,92,0,92,0,100,0,0,0.000368
2340,Kiritimati,0,0,0,33,0,33,0,100,0,0,0.000132
2341,Kiritimati,0,0,44,474,0,518,0,91.50579151,0,0,0.002072
2342,Kiritimati,0,0,0,141,0,141,0,100,0,0,0.000564
2343,Kiritimati,0,0,0,57,0,57,0,100,0,0,0.000228
2344,Kiritimati,0,0,0,215,0,215,0,100,0,0,0.00086
2345,Kiritimati,0,0,0,82,0,82,0,100,0,0,0.000328
2346,Kiritimati,0,0,0,170,0,170,0,100,0,0,0.00068
2347,Kiritimati,0,0,0,47,0,47,0,100,0,0,0.000188
2348,Kiritimati,0,0,1,458,0,459,0,99.78213508,0,0,0.001836
2349,Kiritimati,0,0,0,44,0,44,0,100,0,0,0.000176
2350,Kiritimati,0,0,0,232,0,232,0,100,0,0,0.000928
2351,Kiritimati,10,53,3739,17878,0,21680,0.046125461,82.46309963,0.263019463,0.244464945,0.08672
2352,Kiritimati,0,0,0,402,0,402,0,100,0,0,0.001608
2353,Kiritimati,0,0,0,162,0,162,0,100,0,0,0.000648
2354,Kiritimati,0,0,0,257,0,257,0,100,0,0,0.001028
2355,Kiritimati,0,0,0,102,0,102,0,100,0,0,0.000408
2356,Kiritimati,0,0,8,110,0,118,0,93.22033898,0,0,0.000472
2357,Kiritimati,0,0,0,50,0,50,0,100,0,0,0.0002
2358,Kiritimati,0,0,0,1820,0,1820,0,100,0,0,0.00728
2359,Kiritimati,0,0,0,87,0,87,0,100,0,0,0.000348
2360,Kiritimati,0,0,0,27,0,27,0,100,0,0,0.000108
2361,Kiritimati,0,0,0,55,0,55,0,100,0,0,0.00022
2362,Kiritimati,0,0,0,30,0,30,0,100,0,0,0.00012
2363,Kiritimati,0,0,0,517,0,517,0,100,0,0,0.002068
2364,Kiritimati,0,0,0,261,0,261,0,100,0,0,0.001044
2365,Kiritimati,0,0,0,166,0,166,0,100,0,0,0.000664
2366,Kiritimati,0,0,0,73,0,73,0,100,0,0,0.000292
2367,Kiritimati,0,0,0,203,0,203,0,100,0,0,0.000812
2368,Kiritimati,0,0,0,36,0,36,0,100,0,0,0.000144
2369,Kiritimati,0,0,0,34,0,34,0,100,0,0,0.000136
2370,Kiritimati,0,0,0,41,0,41,0,100,0,0,0.000164
2371,Kiritimati,0,0,4,2315,0,2319,0,99.82751186,0,0,0.009276
2372,Kiritimati,0,0,0,27,0,27,0,100,0,0,0.000108
2373,Kiritimati,0,0,0,30,0,30,0,100,0,0,0.00012
2374,Kiritimati,0,0,0,92,0,92,0,100,0,0,0.000368
2375,Kiritimati,0,0,1,1007,0,1008,0,99.90079365,0,0,0.004032
2376,Kiritimati,0,0,0,708,0,708,0,100,0,0,0.002832
2377,Kiritimati,0,0,0,45,0,45,0,100,0,0,0.00018
2378,Kiritimati,0,0,0,2725,0,2725,0,100,0,0,0.0109
2379,Kiritimati,0,0,0,257,0,257,0,100,0,0,0.001028
2380,Kiritimati,0,0,0,35,0,35,0,100,0,0,0.00014
2381,Kiritimati,0,0,0,450,0,450,0,100,0,0,0.0018
2382,Kiritimati,0,0,0,2076,0,2076,0,100,0,0,0.008304
2383,Kiritimati,0,0,0,94,0,94,0,100,0,0,0.000376
2384,Kiritimati,0,50,15,0,0,65,0,0,0,76.92307692,0.00026
2385,Kiritimati,0,0,0,1263,0,1263,0,100,0,0,0.005052
2386,Kiritimati,0,0,0,115,0,115,0,100,0,0,0.00046
2387,Kiritimati,0,0,0,216,0,216,0,100,0,0,0.000864
2388,Kiritimati,0,0,0,28,0,28,0,100,0,0,0.000112
2389,Kiritimati,0,0,0,362,0,362,0,100,0,0,0.001448
2390,Kiritimati,86,903,29899,495880,0,526768,0.016325973,94.13631808,0.278425278,0.171422714,2.107072
2391,Kiritimati,0,0,6,47,0,53,0,88.67924528,0,0,0.000212
2392,Kiritimati,0,0,17,6504,0,6521,0,99.73930379,0,0,0.026084
2393,Kiritimati,0,0,6,3377,0,3383,0,99.82264262,0,0,0.013532
2394,Kiritimati,0,0,0,3448,0,3448,0,100,0,0,0.013792
2395,Kiritimati,0,0,0,103,0,103,0,100,0,0,0.000412
2396,Kiritimati,0,0,0,1123,0,1123,0,100,0,0,0.004492
2397,Kiritimati,0,0,0,537,0,537,0,100,0,0,0.002148
2398,Kiritimati,0,0,72,690,0,762,0,90.5511811,0,0,0.003048
2399,Kiritimati,0,0,0,414,0,414,0,100,0,0,0.001656
2400,Kiritimati,0,0,0,302,0,302,0,100,0,0,0.001208
2401,Kiritimati,0,0,91,12096,0,12187,0,99.2533027,0,0,0.048748
2402,Kiritimati,0,0,0,49,0,49,0,100,0,0,0.000196
2403,Kiritimati,0,0,69,1846,0,1915,0,96.39686684,0,0,0.00766
2404,Kiritimati,0,0,0,64,0,64,0,100,0,0,0.000256
2405,Kiritimati,0,0,5,88,0,93,0,94.62365591,0,0,0.000372
2406,Kiritimati,0,0,0,82,0,82,0,100,0,0,0.000328
2407,Kiritimati,0,0,140,449,0,589,0,76.23089983,0,0,0.002356
2408,Kiritimati,0,0,0,180,0,180,0,100,0,0,0.00072
2409,Kiritimati,0,0,0,496,0,496,0,100,0,0,0.001984
2410,Kiritimati,0,0,0,991,0,991,0,100,0,0,0.003964
2411,Kiritimati,14,1469,13036,63020,0,77539,0.01805543,81.27522924,0.096425374,1.894530494,0.310156
2412,Kiritimati,0,0,0,54,0,54,0,100,0,0,0.000216
2413,Kiritimati,0,2,992,13543,0,14537,0,93.16227557,0,0.013757997,0.058148
2414,Kiritimati,0,0,0,980,0,980,0,100,0,0,0.00392
2415,Kiritimati,0,0,0,40,0,40,0,100,0,0,0.00016
2416,Kiritimati,0,0,314,3623,0,3937,0,92.02438405,0,0,0.015748
2417,Kiritimati,0,0,0,261,0,261,0,100,0,0,0.001044
2418,Kiritimati,0,0,0,96,0,96,0,100,0,0,0.000384
2419,Kiritimati,0,0,5,27,0,32,0,84.375,0,0,0.000128
2420,Kiritimati,0,0,0,405,0,405,0,100,0,0,0.00162
2421,Kiritimati,0,0,0,814,0,814,0,100,0,0,0.003256
2422,Kiritimati,0,0,0,52,0,52,0,100,0,0,0.000208
2423,Kiritimati,207,246,7661,27556,0,35670,0.580319596,77.25259322,2.551146167,0.689655172,0.14268
2424,Kiritimati,0,0,186,1379,0,1565,0,88.11501597,0,0,0.00626
2425,Kiritimati,0,0,6,859,0,865,0,99.30635838,0,0,0.00346
2426,Kiritimati,0,0,4,11271,0,11275,0,99.96452328,0,0,0.0451
2427,Kiritimati,0,0,0,136,0,136,0,100,0,0,0.000544
2428,Kiritimati,0,0,78,525,0,603,0,87.06467662,0,0,0.002412
2429,Kiritimati,0,0,0,399,0,399,0,100,0,0,0.001596
2430,Kiritimati,0,0,154,36522,0,36676,0,99.58010688,0,0,0.146704
2431,Kiritimati,0,0,0,50,0,50,0,100,0,0,0.0002
2432,Kiritimati,0,0,0,116,0,116,0,100,0,0,0.000464
2433,Kiritimati,0,0,0,280,0,280,0,100,0,0,0.00112
2434,Kiritimati,0,0,0,366,0,366,0,100,0,0,0.001464
2435,Kiritimati,0,0,0,38,0,38,0,100,0,0,0.000152
2436,Kiritimati,0,0,4,20262,0,20266,0,99.98026251,0,0,0.081064
2437,Kiritimati,0,0,0,985,0,985,0,100,0,0,0.00394
2438,Kiritimati,0,0,0,1370,0,1370,0,100,0,0,0.00548
2439,Kiritimati,0,0,0,2632,0,2632,0,100,0,0,0.010528
2440,Kiritimati,0,0,91,851,0,942,0,90.33970276,0,0,0.003768
2441,Kiritimati,0,0,0,303,0,303,0,100,0,0,0.001212
2442,Kiritimati,0,0,119,22186,0,22305,0,99.46648733,0,0,0.08922
2443,Kiritimati,0,0,0,883,0,883,0,100,0,0,0.003532
2444,Kiritimati,0,0,0,314,0,314,0,100,0,0,0.001256
2445,Kiritimati,0,0,0,511,0,511,0,100,0,0,0.002044
2446,Kiritimati,0,0,0,147,0,147,0,100,0,0,0.000588
2447,Kiritimati,0,0,2,538,0,540,0,99.62962963,0,0,0.00216
2448,Kiritimati,0,0,58,4076,0,4134,0,98.59700048,0,0,0.016536
2449,Kiritimati,0,0,0,512,0,512,0,100,0,0,0.002048
2450,Kiritimati,0,0,1,527,0,528,0,99.81060606,0,0,0.002112
2451,Kiritimati,0,0,0,166,0,166,0,100,0,0,0.000664
2452,Kiritimati,0,0,5,384,0,389,0,98.71465296,0,0,0.001556
2453,Kiritimati,0,0,0,217,0,217,0,100,0,0,0.000868
2454,Kiritimati,0,0,0,117,0,117,0,100,0,0,0.000468
2455,Kiritimati,0,0,0,1165,0,1165,0,100,0,0,0.00466
2456,Kiritimati,0,0,0,168,0,168,0,100,0,0,0.000672
2457,Kiritimati,0,0,141,4674,0,4815,0,97.07165109,0,0,0.01926
2458,Kiritimati,0,0,140,1451,0,1591,0,91.20050283,0,0,0.006364
2459,Kiritimati,0,0,20,231,0,251,0,92.03187251,0,0,0.001004
2460,Kiritimati,0,0,0,1188,0,1188,0,100,0,0,0.004752
2461,Kiritimati,0,0,0,126,0,126,0,100,0,0,0.000504
2462,Kiritimati,0,0,5,2154,0,2159,0,99.7684113,0,0,0.008636
2463,Kiritimati,0,0,0,209,0,209,0,100,0,0,0.000836
2464,Kiritimati,0,0,0,31,0,31,0,100,0,0,0.000124
2465,Kiritimati,0,0,0,80,0,80,0,100,0,0,0.00032
2466,Kiritimati,0,0,0,310,0,310,0,100,0,0,0.00124
2467,Kiritimati,0,0,0,9250,0,9250,0,100,0,0,0.037
2468,Kiritimati,0,0,0,329,0,329,0,100,0,0,0.001316
2469,Kiritimati,0,0,0,39,0,39,0,100,0,0,0.000156
2470,Kiritimati,0,0,0,61,0,61,0,100,0,0,0.000244
2471,Kiritimati,0,0,0,134,0,134,0,100,0,0,0.000536
2472,Kiritimati,0,0,0,163,0,163,0,100,0,0,0.000652
2473,Kiritimati,0,0,9,560,0,569,0,98.41827768,0,0,0.002276
2474,Kiritimati,0,0,0,498,0,498,0,100,0,0,0.001992
2475,Kiritimati,0,0,0,133,0,133,0,100,0,0,0.000532
2476,Kiritimati,0,0,0,90,0,90,0,100,0,0,0.00036
2477,Kiritimati,0,0,0,1081,0,1081,0,100,0,0,0.004324
2478,Kiritimati,0,0,0,1011,0,1011,0,100,0,0,0.004044
2479,Kiritimati,0,0,0,1214,0,1214,0,100,0,0,0.004856
2480,Kiritimati,0,0,0,621,0,621,0,100,0,0,0.002484
2481,Kiritimati,0,0,0,47,0,47,0,100,0,0,0.000188
2482,Kiritimati,0,0,0,1526,0,1526,0,100,0,0,0.006104
2483,Kiritimati,0,0,3,958,0,961,0,99.68782518,0,0,0.003844
2484,Kiritimati,0,0,531,13694,0,14225,0,96.26713533,0,0,0.0569
2485,Kiritimati,0,0,38,4257,0,4295,0,99.11525029,0,0,0.01718
2486,Kiritimati,0,0,0,357,0,357,0,100,0,0,0.001428
2487,Kiritimati,0,0,3,1020,0,1023,0,99.70674487,0,0,0.004092
2488,Kiritimati,3,2,178,59,0,242,1.239669421,24.38016529,1.639344262,0.826446281,0.000968
2489,Kiritimati,0,0,0,789,0,789,0,100,0,0,0.003156
2490,Kiritimati,0,0,0,162,0,162,0,100,0,0,0.000648
2491,Kiritimati,0,0,12,15,0,27,0,55.55555556,0,0,0.000108
2492,Kiritimati,0,0,0,369,0,369,0,100,0,0,0.001476
2493,Kiritimati,0,0,19,237,0,256,0,92.578125,0,0,0.001024
2494,Kiritimati,0,0,0,5140,0,5140,0,100,0,0,0.02056
2495,Kiritimati,0,0,0,145,0,145,0,100,0,0,0.00058
2496,Kiritimati,0,0,0,29,0,29,0,100,0,0,0.000116
2497,Kiritimati,0,0,4,92,0,96,0,95.83333333,0,0,0.000384
2498,Kiritimati,0,0,0,370,0,370,0,100,0,0,0.00148
2499,Kiritimati,0,0,0,393,0,393,0,100,0,0,0.001572
2500,Kiritimati,0,0,0,200,0,200,0,100,0,0,0.0008
2501,Kiritimati,0,0,0,85,0,85,0,100,0,0,0.00034
2502,Kiritimati,0,0,0,98,0,98,0,100,0,0,0.000392
2503,Kiritimati,1,2,114,70,0,187,0.534759358,37.43315508,0.854700855,1.069518717,0.000748
2504,Kiritimati,0,0,2,2734,0,2736,0,99.92690058,0,0,0.010944
2505,Kiritimati,0,0,0,1016,0,1016,0,100,0,0,0.004064
2506,Kiritimati,0,0,0,268,0,268,0,100,0,0,0.001072
2507,Kiritimati,0,0,0,406,0,406,0,100,0,0,0.001624
2508,Kiritimati,0,0,0,2389,0,2389,0,100,0,0,0.009556
2509,Kiritimati,0,0,0,165,0,165,0,100,0,0,0.00066
2510,Kiritimati,0,0,0,203,0,203,0,100,0,0,0.000812
2511,Kiritimati,0,0,0,28,0,28,0,100,0,0,0.000112
2512,Kiritimati,0,0,0,693,0,693,0,100,0,0,0.002772
2513,Kiritimati,0,0,0,361,0,361,0,100,0,0,0.001444
2514,Kiritimati,0,0,0,313,0,313,0,100,0,0,0.001252
2515,Kiritimati,0,0,7,79,0,86,0,91.86046512,0,0,0.000344
2516,Kiritimati,0,0,0,257,0,257,0,100,0,0,0.001028
2517,Kiritimati,0,0,0,538,0,538,0,100,0,0,0.002152
2518,Kiritimati,0,0,0,158,0,158,0,100,0,0,0.000632
2519,Kiritimati,0,0,3,1897,0,1900,0,99.84210526,0,0,0.0076
2520,Kiritimati,0,0,0,447,0,447,0,100,0,0,0.001788
2521,Kiritimati,0,0,0,378,0,378,0,100,0,0,0.001512
2522,Kiritimati,0,0,0,30,0,30,0,100,0,0,0.00012
2523,Kiritimati,0,0,0,34,0,34,0,100,0,0,0.000136
2524,Kiritimati,0,0,233,24166,0,24399,0,99.04504283,0,0,0.097596
2525,Kiritimati,0,0,0,213,0,213,0,100,0,0,0.000852
2526,Kiritimati,0,0,0,399,0,399,0,100,0,0,0.001596
2527,Kiritimati,0,0,28,1860,0,1888,0,98.51694915,0,0,0.007552
2528,Kiritimati,0,0,0,207,0,207,0,100,0,0,0.000828
2529,Kiritimati,0,0,0,298,0,298,0,100,0,0,0.001192
2530,Kiritimati,0,0,0,25,0,25,0,100,0,0,0.0001
2531,Kiritimati,0,0,0,443,0,443,0,100,0,0,0.001772
2532,Kiritimati,0,0,0,353,0,353,0,100,0,0,0.001412
2533,Kiritimati,2,6,570,289,0,867,0.230680507,33.33333333,0.346020761,0.692041522,0.003468
2534,Kiritimati,0,0,5,1138,0,1143,0,99.56255468,0,0,0.004572
2535,Kiritimati,0,0,26,1182,0,1208,0,97.84768212,0,0,0.004832
2536,Kiritimati,0,0,0,68,0,68,0,100,0,0,0.000272
2537,Kiritimati,0,0,0,589,0,589,0,100,0,0,0.002356
2538,Kiritimati,0,0,0,105,0,105,0,100,0,0,0.00042
2539,Kiritimati,0,0,0,107,0,107,0,100,0,0,0.000428
2540,Kiritimati,0,0,0,83,0,83,0,100,0,0,0.000332
2541,Kiritimati,0,0,3,1222,0,1225,0,99.75510204,0,0,0.0049
2542,Kiritimati,0,0,0,54,0,54,0,100,0,0,0.000216
2543,Kiritimati,0,0,0,849,0,849,0,100,0,0,0.003396
2544,Kiritimati,0,0,26,2084,0,2110,0,98.76777251,0,0,0.00844
2545,Kiritimati,0,3,332,4591,0,4926,0,93.19935039,0,0.06090134,0.019704
2546,Kiritimati,0,0,0,236,0,236,0,100,0,0,0.000944
2547,Kiritimati,0,0,1,954,0,955,0,99.89528796,0,0,0.00382
2548,Kiritimati,0,0,0,35,0,35,0,100,0,0,0.00014
2549,Kiritimati,0,0,0,55,0,55,0,100,0,0,0.00022
2550,Kiritimati,0,0,124,12248,0,12372,0,98.99773683,0,0,0.049488
2551,Kiritimati,0,0,10,3902,0,3912,0,99.74437628,0,0,0.015648
2552,Kiritimati,0,0,6,134,0,140,0,95.71428571,0,0,0.00056
2553,Kiritimati,0,0,0,40,0,40,0,100,0,0,0.00016
2554,Kiritimati,317,153,11712,213220,0,225402,0.140637616,94.59543394,2.602199967,0.067878723,0.901608
2555,Kiritimati,0,0,0,604,0,604,0,100,0,0,0.002416
2556,Kiritimati,0,0,1,126,0,127,0,99.21259843,0,0,0.000508
2557,Kiritimati,0,0,149,7482,0,7631,0,98.04743808,0,0,0.030524
2558,Kiritimati,0,0,79,7325,0,7404,0,98.93300918,0,0,0.029616
2559,Kiritimati,0,0,33,1600,0,1633,0,97.97917942,0,0,0.006532
2560,Kiritimati,0,0,0,29,0,29,0,100,0,0,0.000116
2561,Kiritimati,0,0,0,91,0,91,0,100,0,0,0.000364
2562,Kiritimati,0,0,0,84,0,84,0,100,0,0,0.000336
2563,Kiritimati,0,0,0,252,0,252,0,100,0,0,0.001008
2564,Kiritimati,0,0,0,87,0,87,0,100,0,0,0.000348
2565,Kiritimati,0,0,45,2546,0,2591,0,98.26321883,0,0,0.010364
2566,Kiritimati,0,0,0,901,0,901,0,100,0,0,0.003604
2567,Kiritimati,0,0,0,366,0,366,0,100,0,0,0.001464
2568,Kiritimati,0,0,0,156,0,156,0,100,0,0,0.000624
2569,Kiritimati,0,0,12,479,0,491,0,97.55600815,0,0,0.001964
2570,Kiritimati,0,0,4,62,0,66,0,93.93939394,0,0,0.000264
2571,Kiritimati,0,0,28,5052,0,5080,0,99.4488189,0,0,0.02032
2572,Kiritimati,0,0,0,42,0,42,0,100,0,0,0.000168
2573,Kiritimati,0,0,0,93,0,93,0,100,0,0,0.000372
2574,Kiritimati,9,2,145,221,0,377,2.387267905,58.62068966,5.769230769,0.530503979,0.001508
2575,Kiritimati,0,0,341,1510,0,1851,0,81.57752566,0,0,0.007404
2576,Kiritimati,0,0,24,157,0,181,0,86.74033149,0,0,0.000724
2577,Kiritimati,0,0,0,494,0,494,0,100,0,0,0.001976
2578,Kiritimati,0,0,0,119,0,119,0,100,0,0,0.000476
2579,Kiritimati,0,0,2,969,0,971,0,99.79402678,0,0,0.003884
2580,Kiritimati,0,0,0,57,0,57,0,100,0,0,0.000228
2581,Kiritimati,2,4,1559,24407,0,25972,0.007700601,93.97427999,0.127795527,0.015401201,0.103888
2582,Kiritimati,0,0,0,317,0,317,0,100,0,0,0.001268
2583,Kiritimati,0,0,81,3584,0,3665,0,97.7899045,0,0,0.01466
2584,Kiritimati,0,0,24,665,0,689,0,96.51669086,0,0,0.002756
2585,Kiritimati,0,0,69,6019,0,6088,0,98.86662286,0,0,0.024352
2586,Kiritimati,0,0,0,262,0,262,0,100,0,0,0.001048
2587,Kiritimati,0,0,0,63,0,63,0,100,0,0,0.000252
2588,Kiritimati,0,0,0,46,0,46,0,100,0,0,0.000184
2589,Kiritimati,0,0,0,69,0,69,0,100,0,0,0.000276
2590,Kiritimati,0,0,0,64,0,64,0,100,0,0,0.000256
2591,Kiritimati,0,0,0,228,0,228,0,100,0,0,0.000912
2592,Kiritimati,0,0,12,360,0,372,0,96.77419355,0,0,0.001488
2593,Kiritimati,0,0,0,904,0,904,0,100,0,0,0.003616
2594,Kiritimati,0,0,0,51,0,51,0,100,0,0,0.000204
2595,Kiritimati,0,0,0,152,0,152,0,100,0,0,0.000608
2596,Kiritimati,0,0,0,44,0,44,0,100,0,0,0.000176
2597,Kiritimati,0,0,0,187,0,187,0,100,0,0,0.000748
2598,Kiritimati,0,0,0,131,0,131,0,100,0,0,0.000524
2599,Kiritimati,0,0,0,56,0,56,0,100,0,0,0.000224
2600,Kiritimati,0,0,0,238,0,238,0,100,0,0,0.000952
2601,Kiritimati,0,0,0,64,0,64,0,100,0,0,0.000256
2602,Kiritimati,0,0,2,1156,0,1158,0,99.82728843,0,0,0.004632
2603,Kiritimati,0,0,0,481,0,481,0,100,0,0,0.001924
2604,Kiritimati,0,0,0,867,0,867,0,100,0,0,0.003468
2605,Kiritimati,0,0,188,18301,0,18489,0,98.98317919,0,0,0.073956
2606,Kiritimati,0,0,0,939,0,939,0,100,0,0,0.003756
2607,Kiritimati,0,5,1583,60755,0,62343,0,97.45280144,0,0.008020147,0.249372
2608,Kiritimati,0,0,0,35,0,35,0,100,0,0,0.00014
2609,Kiritimati,0,0,0,32,0,32,0,100,0,0,0.000128
2610,Kiritimati,0,0,0,595,0,595,0,100,0,0,0.00238
2611,Kiritimati,0,0,1,197,0,198,0,99.49494949,0,0,0.000792
2612,Kiritimati,1,2,563,7204,0,7770,0.012870013,92.71557272,0.176678445,0.025740026,0.03108
2613,Kiritimati,0,0,0,91,0,91,0,100,0,0,0.000364
2614,Kiritimati,0,0,0,35,0,35,0,100,0,0,0.00014
2615,Kiritimati,0,0,0,41,0,41,0,100,0,0,0.000164
2616,Kiritimati,0,0,0,70,0,70,0,100,0,0,0.00028
2617,Kiritimati,3,39,964,10774,0,11780,0.025466893,91.46010187,0.298210736,0.33106961,0.04712
2618,Kiritimati,0,0,28,11141,0,11169,0,99.74930612,0,0,0.044676
2619,Kiritimati,0,0,0,99,0,99,0,100,0,0,0.000396
2620,Kiritimati,0,0,0,86,0,86,0,100,0,0,0.000344
2621,Kiritimati,0,0,6,24,0,30,0,80,0,0,0.00012
2622,Kiritimati,0,0,0,91,0,91,0,100,0,0,0.000364
2623,Kiritimati,0,0,0,809,0,809,0,100,0,0,0.003236
2624,Kiritimati,0,0,1,69,0,70,0,98.57142857,0,0,0.00028
2625,Kiritimati,0,0,0,1899,0,1899,0,100,0,0,0.007596
2626,Kiritimati,0,0,0,44,0,44,0,100,0,0,0.000176
2627,Kiritimati,0,0,300,13059,0,13359,0,97.75432293,0,0,0.053436
2628,Kiritimati,0,0,0,185,0,185,0,100,0,0,0.00074
2629,Kiritimati,0,0,9,10253,0,10262,0,99.9122978,0,0,0.041048
2630,Kiritimati,0,0,0,67,0,67,0,100,0,0,0.000268
2631,Kiritimati,0,0,4,186,0,190,0,97.89473684,0,0,0.00076
2632,Kiritimati,0,0,364,33167,0,33531,0,98.91443739,0,0,0.134124
2633,Kiritimati,0,0,7,66,0,73,0,90.4109589,0,0,0.000292
2634,Kiritimati,0,0,142,2678,0,2820,0,94.96453901,0,0,0.01128
2635,Kiritimati,0,0,267,4405,0,4672,0,94.28510274,0,0,0.018688
2636,Kiritimati,0,0,0,219,0,219,0,100,0,0,0.000876
2637,Kiritimati,0,0,0,1420,0,1420,0,100,0,0,0.00568
2638,Kiritimati,0,0,0,12305,0,12305,0,100,0,0,0.04922
2639,Kiritimati,0,0,0,52,0,52,0,100,0,0,0.000208
2640,Kiritimati,0,0,0,93,0,93,0,100,0,0,0.000372
2641,Kiritimati,0,0,126,893,0,1019,0,87.63493621,0,0,0.004076
2642,Kiritimati,0,0,147,1551,0,1698,0,91.34275618,0,0,0.006792
2643,Kiritimati,0,0,0,39,0,39,0,100,0,0,0.000156
2644,Kiritimati,0,0,247,14594,0,14841,0,98.33569166,0,0,0.059364
2645,Kiritimati,0,0,1,43,0,44,0,97.72727273,0,0,0.000176
2646,Kiritimati,0,0,0,82,0,82,0,100,0,0,0.000328
2647,Kiritimati,0,0,0,497,0,497,0,100,0,0,0.001988
2648,Kiritimati,0,0,192,2625,0,2817,0,93.18423855,0,0,0.011268
2649,Kiritimati,1,19,3088,55278,0,58386,0.001712739,94.67680608,0.032175032,0.032542048,0.233544
2650,Kiritimati,0,0,40,1449,0,1489,0,97.31363331,0,0,0.005956
2651,Kiritimati,0,0,5,1942,0,1947,0,99.74319466,0,0,0.007788
2652,Kiritimati,0,0,169,7306,0,7475,0,97.73913043,0,0,0.0299
2653,Kiritimati,0,0,56,1330,0,1386,0,95.95959596,0,0,0.005544
2654,Kiritimati,0,0,0,3243,0,3243,0,100,0,0,0.012972
2655,Kiritimati,0,0,340,1745,0,2085,0,83.69304556,0,0,0.00834
2656,Kiritimati,0,0,0,90,0,90,0,100,0,0,0.00036
2657,Kiritimati,0,0,282,3198,0,3480,0,91.89655172,0,0,0.01392
2658,Kiritimati,0,0,44,1885,0,1929,0,97.7190254,0,0,0.007716
2659,Kiritimati,0,0,6,1034,0,1040,0,99.42307692,0,0,0.00416
2660,Kiritimati,0,0,125,3805,0,3930,0,96.81933842,0,0,0.01572
2661,Kiritimati,0,0,1,1164,0,1165,0,99.91416309,0,0,0.00466
2662,Kiritimati,0,0,128,1701,0,1829,0,93.00164024,0,0,0.007316
2663,Kiritimati,0,0,5,1045,0,1050,0,99.52380952,0,0,0.0042
2664,Kiritimati,0,2,80,745,0,827,0,90.08464329,0,0.241837969,0.003308
2665,Kiritimati,0,0,0,289,0,289,0,100,0,0,0.001156
2666,Kiritimati,0,0,0,281,0,281,0,100,0,0,0.001124
2667,Kiritimati,0,0,9,486,0,495,0,98.18181818,0,0,0.00198
2668,Kiritimati,0,0,3,1777,0,1780,0,99.83146067,0,0,0.00712
2669,Kiritimati,0,0,0,85,0,85,0,100,0,0,0.00034
2670,Kiritimati,0,0,907,17816,0,18723,0,95.15569086,0,0,0.074892
2671,Kiritimati,0,0,0,319,0,319,0,100,0,0,0.001276
2672,Kiritimati,0,0,1,706,0,707,0,99.85855728,0,0,0.002828
2673,Kiritimati,0,0,68,1449,0,1517,0,95.51746869,0,0,0.006068
2674,Kiritimati,0,0,0,1177,0,1177,0,100,0,0,0.004708
2675,Kiritimati,0,1,2977,110984,0,113962,0,97.38684825,0,0.000877485,0.455848
2676,Kiritimati,0,0,1,1598,0,1599,0,99.93746091,0,0,0.006396
2677,Kiritimati,0,0,111,1596,0,1707,0,93.4973638,0,0,0.006828
2678,Kiritimati,0,0,108,945,0,1053,0,89.74358974,0,0,0.004212
2679,Kiritimati,0,0,0,590,0,590,0,100,0,0,0.00236
2680,Kiritimati,0,0,0,1650,0,1650,0,100,0,0,0.0066
2681,Kiritimati,0,0,0,247,0,247,0,100,0,0,0.000988
2682,Kiritimati,0,0,0,66,0,66,0,100,0,0,0.000264
2683,Kiritimati,0,0,0,79,0,79,0,100,0,0,0.000316
2684,Kiritimati,0,0,0,36,0,36,0,100,0,0,0.000144
2685,Kiritimati,0,0,836,8467,0,9303,0,91.01365151,0,0,0.037212
2686,Kiritimati,0,0,0,114,0,114,0,100,0,0,0.000456
2687,Kiritimati,0,0,0,120,0,120,0,100,0,0,0.00048
2688,Kiritimati,0,0,25,365,0,390,0,93.58974359,0,0,0.00156
2689,Kiritimati,0,0,0,158,0,158,0,100,0,0,0.000632
2690,Kiritimati,0,0,61,302,0,363,0,83.19559229,0,0,0.001452
2691,Kiritimati,1,0,387,2790,0,3178,0.031466331,87.79106356,0.257731959,0,0.012712
2692,Kiritimati,0,0,0,67,0,67,0,100,0,0,0.000268
2693,Kiritimati,0,0,80,1654,0,1734,0,95.38638985,0,0,0.006936
2694,Kiritimati,0,0,0,99,0,99,0,100,0,0,0.000396
2695,Kiritimati,0,0,0,236,0,236,0,100,0,0,0.000944
2696,Kiritimati,0,0,0,1027,0,1027,0,100,0,0,0.004108
2697,Kiritimati,0,0,6,1762,0,1768,0,99.66063348,0,0,0.007072
2698,Kiritimati,0,0,192,1437,0,1629,0,88.21362799,0,0,0.006516
2699,Kiritimati,0,0,0,67,0,67,0,100,0,0,0.000268
2700,Kiritimati,0,0,0,105,0,105,0,100,0,0,0.00042
2701,Kiritimati,0,0,0,79,0,79,0,100,0,0,0.000316
2702,Kiritimati,0,0,0,234,0,234,0,100,0,0,0.000936
2703,Kiritimati,0,0,0,2149,0,2149,0,100,0,0,0.008596
2704,Kiritimati,0,0,25,226,0,251,0,90.03984064,0,0,0.001004
2705,Kiritimati,0,0,0,1237,0,1237,0,100,0,0,0.004948
2706,Kiritimati,0,0,0,93,0,93,0,100,0,0,0.000372
2707,Kiritimati,0,0,170,23444,0,23614,0,99.28008808,0,0,0.094456
2708,Kiritimati,0,0,0,66,0,66,0,100,0,0,0.000264
2709,Kiritimati,0,0,20,22,0,42,0,52.38095238,0,0,0.000168
2710,Kiritimati,0,0,1,572,0,573,0,99.82547993,0,0,0.002292
2711,Kiritimati,0,2,220,1441,0,1663,0,86.65063139,0,0.120264582,0.006652
2712,Kiritimati,0,0,0,66,0,66,0,100,0,0,0.000264
2713,Kiritimati,0,0,27,1031,0,1058,0,97.44801512,0,0,0.004232
2714,Kiritimati,0,0,841,15682,0,16523,0,94.91012528,0,0,0.066092
2715,Kiritimati,0,0,1,470,0,471,0,99.78768577,0,0,0.001884
2716,Kiritimati,0,0,9,103,0,112,0,91.96428571,0,0,0.000448
2717,Kiritimati,0,0,10,237,0,247,0,95.951417,0,0,0.000988
2718,Kiritimati,0,0,0,40,0,40,0,100,0,0,0.00016
2719,Kiritimati,0,0,0,102,0,102,0,100,0,0,0.000408
2720,Kiritimati,0,0,6,31649,0,31655,0,99.98104565,0,0,0.12662
2721,Kiritimati,0,0,0,58,0,58,0,100,0,0,0.000232
2722,Kiritimati,0,0,63,843,0,906,0,93.04635762,0,0,0.003624
2723,Kiritimati,0,0,0,33,0,33,0,100,0,0,0.000132
2724,Kiritimati,0,0,275,11923,0,12198,0,97.74553205,0,0,0.048792
2725,Kiritimati,12,0,974,26027,0,27013,0.044423056,96.3499056,1.21703854,0,0.108052
2726,Kiritimati,0,0,7,1180,0,1187,0,99.41027801,0,0,0.004748
2727,Kiritimati,0,0,16,119,0,135,0,88.14814815,0,0,0.00054
2728,Kiritimati,0,0,0,25,0,25,0,100,0,0,0.0001
2729,Kiritimati,0,0,0,294,0,294,0,100,0,0,0.001176
2730,Kiritimati,14574,3265,7719,35033,0,60591,24.05307719,57.81881798,57.02324126,5.388589064,0.242364
2731,Kiritimati,0,0,0,562,0,562,0,100,0,0,0.002248
2732,Kiritimati,0,1,54,1480,0,1535,0,96.41693811,0,0.06514658,0.00614
2733,Kiritimati,0,0,1,100,0,101,0,99.00990099,0,0,0.000404
2734,Kiritimati,0,0,15,211,0,226,0,93.36283186,0,0,0.000904
2735,Kiritimati,0,0,5,697,0,702,0,99.28774929,0,0,0.002808
2736,Kiritimati,0,0,1,111,0,112,0,99.10714286,0,0,0.000448
2737,Kiritimati,0,0,2,1223,0,1225,0,99.83673469,0,0,0.0049
2738,Kiritimati,0,0,0,64,0,64,0,100,0,0,0.000256
2739,Kiritimati,0,0,0,311,0,311,0,100,0,0,0.001244
2740,Kiritimati,0,0,0,62,0,62,0,100,0,0,0.000248
2741,Kiritimati,0,0,0,26,0,26,0,100,0,0,0.000104
2742,Kiritimati,0,0,484,2922,0,3406,0,85.78978274,0,0,0.013624
2743,Kiritimati,0,0,38,813,0,851,0,95.5346651,0,0,0.003404
2744,Kiritimati,0,0,32,520,0,552,0,94.20289855,0,0,0.002208
2745,Kiritimati,0,0,7,814,0,821,0,99.14738124,0,0,0.003284
2746,Kiritimati,3,1,440,5444,0,5888,0.050951087,92.45923913,0.675675676,0.016983696,0.023552
2747,Kiritimati,0,0,0,132,0,132,0,100,0,0,0.000528
2748,Kiritimati,0,0,8,735,0,743,0,98.92328398,0,0,0.002972
2749,Kiritimati,0,0,0,56,0,56,0,100,0,0,0.000224
2750,Kiritimati,0,0,0,48,0,48,0,100,0,0,0.000192
2751,Kiritimati,0,0,0,44,0,44,0,100,0,0,0.000176
2752,Kiritimati,0,0,0,184,0,184,0,100,0,0,0.000736
2753,Kiritimati,0,0,0,50,0,50,0,100,0,0,0.0002
2754,Kiritimati,0,0,0,55,0,55,0,100,0,0,0.00022
2755,Kiritimati,0,1,123,1496,0,1620,0,92.34567901,0,0.061728395,0.00648
2756,Kiritimati,0,0,0,116,0,116,0,100,0,0,0.000464
2757,Kiritimati,0,0,0,501,0,501,0,100,0,0,0.002004
2758,Kiritimati,0,0,140,3131,0,3271,0,95.71996331,0,0,0.013084
2759,Kiritimati,0,0,0,71,0,71,0,100,0,0,0.000284
2760,Kiritimati,0,0,0,134,0,134,0,100,0,0,0.000536
2761,Kiritimati,0,0,0,315,0,315,0,100,0,0,0.00126
2762,Kiritimati,0,0,0,133,0,133,0,100,0,0,0.000532
2763,Kiritimati,0,0,0,250,0,250,0,100,0,0,0.001
2764,Kiritimati,0,0,0,45,0,45,0,100,0,0,0.00018
2765,Kiritimati,0,0,0,697,0,697,0,100,0,0,0.002788
2766,Kiritimati,0,0,4,168,0,172,0,97.6744186,0,0,0.000688
2767,Kiritimati,0,0,0,79,0,79,0,100,0,0,0.000316
2768,Kiritimati,2,0,7,6031,0,6040,0.033112583,99.85099338,22.22222222,0,0.02416
2769,Kiritimati,0,0,5,659,0,664,0,99.24698795,0,0,0.002656
2770,Kiritimati,0,0,1,138,0,139,0,99.28057554,0,0,0.000556
2771,Kiritimati,0,0,860,5781,0,6641,0,87.05014305,0,0,0.026564
2772,Kiritimati,0,0,29,1156,0,1185,0,97.55274262,0,0,0.00474
2773,Kiritimati,0,0,0,33,0,33,0,100,0,0,0.000132
2774,Kiritimati,0,0,0,788,0,788,0,100,0,0,0.003152
2775,Kiritimati,0,0,0,91,0,91,0,100,0,0,0.000364
2776,Kiritimati,0,0,0,39,0,39,0,100,0,0,0.000156
2777,Kiritimati,0,0,8,912,0,920,0,99.13043478,0,0,0.00368
2778,Kiritimati,0,0,0,115,0,115,0,100,0,0,0.00046
2779,Kiritimati,0,0,0,30,0,30,0,100,0,0,0.00012
2780,Kiritimati,0,0,2,336,0,338,0,99.40828402,0,0,0.001352
2781,Kiritimati,0,0,0,83,0,83,0,100,0,0,0.000332
2782,Kiritimati,0,0,0,182,0,182,0,100,0,0,0.000728
2783,Kiritimati,0,0,0,37,0,37,0,100,0,0,0.000148
2784,Kiritimati,0,0,0,46,0,46,0,100,0,0,0.000184
2785,Kiritimati,2,0,941,2500,0,3443,0.058088876,72.61109498,0.212089077,0,0.013772
2786,Kiritimati,0,0,0,110,0,110,0,100,0,0,0.00044
2787,Kiritimati,0,0,0,83,0,83,0,100,0,0,0.000332
2788,Kiritimati,0,0,8,283,0,291,0,97.25085911,0,0,0.001164
2789,Kiritimati,0,0,0,674,0,674,0,100,0,0,0.002696
2790,Kiritimati,0,0,0,120,0,120,0,100,0,0,0.00048
2791,Kiritimati,0,0,18,930,0,948,0,98.10126582,0,0,0.003792
2792,Kiritimati,0,0,0,119,0,119,0,100,0,0,0.000476
2793,Kiritimati,0,0,0,102,0,102,0,100,0,0,0.000408
2794,Kiritimati,0,0,0,108,0,108,0,100,0,0,0.000432
2795,Kiritimati,0,0,1170,5168,0,6338,0,81.53991796,0,0,0.025352
2796,Kiritimati,0,0,48,1644,0,1692,0,97.16312057,0,0,0.006768
2797,Kiritimati,0,0,0,287,0,287,0,100,0,0,0.001148
2798,Kiritimati,0,0,3,31,0,34,0,91.17647059,0,0,0.000136
2799,Kiritimati,0,0,0,1524,0,1524,0,100,0,0,0.006096
2800,Kiritimati,1,14,489,4646,0,5150,0.019417476,90.21359223,0.198412698,0.27184466,0.0206
2801,Kiritimati,0,0,21,387,0,408,0,94.85294118,0,0,0.001632
2802,Kiritimati,0,0,0,206,0,206,0,100,0,0,0.000824
2803,Kiritimati,0,5,214,2508,0,2727,0,91.96919692,0,0.183351669,0.010908
2804,Kiritimati,0,0,0,32,0,32,0,100,0,0,0.000128
2805,Kiritimati,0,0,0,108,0,108,0,100,0,0,0.000432
2806,Kiritimati,0,0,101,626,0,727,0,86.10729023,0,0,0.002908
2807,Kiritimati,0,0,184,1832,0,2016,0,90.87301587,0,0,0.008064
2808,Kiritimati,0,0,0,56,0,56,0,100,0,0,0.000224
2809,Kiritimati,0,0,0,263,0,263,0,100,0,0,0.001052
2810,Kiritimati,0,0,2,591,0,593,0,99.66273187,0,0,0.002372
2811,Kiritimati,1,2,362,1504,0,1869,0.053504548,80.47084002,0.273972603,0.107009096,0.007476
2812,Kiritimati,0,0,0,39,0,39,0,100,0,0,0.000156
2813,Kiritimati,0,0,0,267,0,267,0,100,0,0,0.001068
2814,Kiritimati,0,0,0,60,0,60,0,100,0,0,0.00024
2815,Kiritimati,0,0,0,37,0,37,0,100,0,0,0.000148
2816,Kiritimati,0,0,0,109,0,109,0,100,0,0,0.000436
2817,Kiritimati,0,0,368,2279,0,2647,0,86.09746883,0,0,0.010588
2818,Kiritimati,0,0,0,123,0,123,0,100,0,0,0.000492
2819,Kiritimati,0,0,0,366,0,366,0,100,0,0,0.001464
2820,Kiritimati,0,0,5,1483,0,1488,0,99.66397849,0,0,0.005952
2821,Kiritimati,0,0,0,126,0,126,0,100,0,0,0.000504
2822,Kiritimati,0,0,0,181,0,181,0,100,0,0,0.000724
2823,Kiritimati,0,0,0,49,0,49,0,100,0,0,0.000196
2824,Kiritimati,0,0,0,155,0,155,0,100,0,0,0.00062
2825,Kiritimati,0,0,0,91,0,91,0,100,0,0,0.000364
2826,Kiritimati,0,0,0,115,0,115,0,100,0,0,0.00046
2827,Kiritimati,0,0,0,76,0,76,0,100,0,0,0.000304
2828,Kiritimati,0,0,89,4262,0,4351,0,97.95449322,0,0,0.017404
2829,Kiritimati,0,0,0,50,0,50,0,100,0,0,0.0002
2830,Kiritimati,0,0,0,38,0,38,0,100,0,0,0.000152
2831,Kiritimati,0,0,0,220,0,220,0,100,0,0,0.00088
2832,Kiritimati,0,2,165,6154,0,6321,0,97.35801297,0,0.031640563,0.025284
2833,Kiritimati,0,0,15,2805,0,2820,0,99.46808511,0,0,0.01128
2834,Kiritimati,0,0,1,476,0,477,0,99.79035639,0,0,0.001908
2835,Kiritimati,0,0,0,545,0,545,0,100,0,0,0.00218
2836,Kiritimati,0,0,0,109,0,109,0,100,0,0,0.000436
2837,Kiritimati,0,0,217,3687,0,3904,0,94.44159836,0,0,0.015616
2838,Kiritimati,0,0,0,58,0,58,0,100,0,0,0.000232
2839,Kiritimati,0,0,11,1218,0,1229,0,99.10496338,0,0,0.004916
2840,Kiritimati,0,0,0,98,0,98,0,100,0,0,0.000392
2841,Kiritimati,0,0,0,253,0,253,0,100,0,0,0.001012
2842,Kiritimati,0,0,0,366,0,366,0,100,0,0,0.001464
2843,Kiritimati,0,0,0,127,0,127,0,100,0,0,0.000508
2844,Kiritimati,0,4,352,2122,0,2478,0,85.63357546,0,0.1614205,0.009912
2845,Kiritimati,0,0,0,589,0,589,0,100,0,0,0.002356
2846,Kiritimati,0,0,9,1345,0,1354,0,99.33530281,0,0,0.005416
2847,Kiritimati,3,1,563,9494,0,10061,0.02981811,94.3643773,0.529100529,0.00993937,0.040244
2848,Kiritimati,0,0,0,347,0,347,0,100,0,0,0.001388
2849,Kiritimati,0,0,0,164,0,164,0,100,0,0,0.000656
2850,Kiritimati,0,0,29,0,0,29,0,0,0,0,0.000116
2851,Kiritimati,0,0,91,0,0,91,0,0,0,0,0.000364
2852,Kiritimati,0,0,2,342,0,344,0,99.41860465,0,0,0.001376
2853,Kiritimati,0,0,95,2795,0,2890,0,96.71280277,0,0,0.01156
2854,Kiritimati,0,4,383,2908,0,3295,0,88.25493171,0,0.121396055,0.01318
2855,Kiritimati,0,0,0,130,0,130,0,100,0,0,0.00052
2856,Kiritimati,0,0,0,52,0,52,0,100,0,0,0.000208
2857,Kiritimati,0,0,25,0,0,25,0,0,0,0,0.0001
2858,Kiritimati,0,0,0,223,0,223,0,100,0,0,0.000892
2859,Kiritimati,0,0,12,869,0,881,0,98.63791146,0,0,0.003524
2860,Kiritimati,0,0,33,1128,0,1161,0,97.15762274,0,0,0.004644
2861,Kiritimati,0,0,4,1316,0,1320,0,99.6969697,0,0,0.00528
2862,Kiritimati,0,0,25,491,0,516,0,95.15503876,0,0,0.002064
2863,Kiritimati,0,0,0,123,0,123,0,100,0,0,0.000492
2864,Kiritimati,0,0,0,102,0,102,0,100,0,0,0.000408
2865,Kiritimati,0,23,2876,8290,0,11189,0,74.09062472,0,0.205559031,0.044756
2866,Kiritimati,0,0,4,161,0,165,0,97.57575758,0,0,0.00066
2867,Kiritimati,0,0,0,36,0,36,0,100,0,0,0.000144
2868,Kiritimati,0,0,0,803,0,803,0,100,0,0,0.003212
2869,Kiritimati,0,0,27,649,0,676,0,96.00591716,0,0,0.002704
2870,Kiritimati,0,0,0,42,0,42,0,100,0,0,0.000168
2871,Kiritimati,0,0,0,36,0,36,0,100,0,0,0.000144
2872,Kiritimati,0,0,0,598,0,598,0,100,0,0,0.002392
2873,Kiritimati,0,0,0,124,0,124,0,100,0,0,0.000496
2874,Kiritimati,0,0,0,53,0,53,0,100,0,0,0.000212
2875,Kiritimati,0,0,123,7300,0,7423,0,98.34298801,0,0,0.029692
2876,Kiritimati,0,0,0,84,0,84,0,100,0,0,0.000336
2877,Kiritimati,0,0,54,564,0,618,0,91.26213592,0,0,0.002472
2878,Kiritimati,0,0,1,256,0,257,0,99.61089494,0,0,0.001028
2879,Kiritimati,0,0,0,132,0,132,0,100,0,0,0.000528
2880,Kiritimati,0,0,0,98,0,98,0,100,0,0,0.000392
2881,Kiritimati,0,0,2,685,0,687,0,99.70887918,0,0,0.002748
2882,Kiritimati,0,0,0,122,0,122,0,100,0,0,0.000488
2883,Kiritimati,0,0,1,93,0,94,0,98.93617021,0,0,0.000376
2884,Kiritimati,0,0,0,47,0,47,0,100,0,0,0.000188
2885,Kiritimati,0,0,287,1487,0,1774,0,83.82187148,0,0,0.007096
2886,Kiritimati,0,0,0,130,0,130,0,100,0,0,0.00052
2887,Kiritimati,0,0,462,1043,0,1505,0,69.30232558,0,0,0.00602
2888,Kiritimati,0,0,0,86,0,86,0,100,0,0,0.000344
2889,Kiritimati,0,0,0,72,0,72,0,100,0,0,0.000288
2890,Kiritimati,0,0,1,68,0,69,0,98.55072464,0,0,0.000276
2891,Kiritimati,0,0,0,85,0,85,0,100,0,0,0.00034
2892,Kiritimati,0,0,80,1264,0,1344,0,94.04761905,0,0,0.005376
2893,Kiritimati,0,0,0,27,0,27,0,100,0,0,0.000108
2894,Kiritimati,0,0,0,150,0,150,0,100,0,0,0.0006
2895,Kiritimati,0,0,0,76,0,76,0,100,0,0,0.000304
2896,Kiritimati,0,4,369,3828,0,4201,0,91.12116163,0,0.095215425,0.016804
2897,Kiritimati,0,0,43,747,0,790,0,94.55696203,0,0,0.00316
2898,Kiritimati,0,2,805,3379,0,4186,0,80.72145246,0,0.047778309,0.016744
2899,Kiritimati,0,0,0,282,0,282,0,100,0,0,0.001128
2900,Kiritimati,0,0,0,28,0,28,0,100,0,0,0.000112
2901,Kiritimati,0,0,77,1486,0,1563,0,95.07357646,0,0,0.006252
2902,Kiritimati,0,0,2,1140,0,1142,0,99.82486865,0,0,0.004568
2903,Kiritimati,0,0,0,152,0,152,0,100,0,0,0.000608
2904,Kiritimati,0,0,0,92,0,92,0,100,0,0,0.000368
2905,Kiritimati,0,0,0,165,0,165,0,100,0,0,0.00066
2906,Kiritimati,0,0,0,34,0,34,0,100,0,0,0.000136
2907,Kiritimati,29,115,4602,12101,0,16847,0.172137473,71.82881225,0.611040877,0.682614115,0.067388
2908,Kiritimati,0,0,204,2526,0,2730,0,92.52747253,0,0,0.01092
2909,Kiritimati,0,0,0,342,0,342,0,100,0,0,0.001368
2910,Kiritimati,0,0,0,59,0,59,0,100,0,0,0.000236
2911,Kiritimati,0,0,0,39,0,39,0,100,0,0,0.000156
2912,Kiritimati,0,0,4,860,0,864,0,99.53703704,0,0,0.003456
2913,Kiritimati,0,0,0,145,0,145,0,100,0,0,0.00058
2914,Kiritimati,0,1,773,1946,0,2720,0,71.54411765,0,0.036764706,0.01088
2915,Kiritimati,0,0,0,686,0,686,0,100,0,0,0.002744
2916,Kiritimati,0,0,2,223,0,225,0,99.11111111,0,0,0.0009
2917,Kiritimati,0,0,0,77,0,77,0,100,0,0,0.000308
2918,Kiritimati,0,0,0,654,0,654,0,100,0,0,0.002616
2919,Kiritimati,0,0,0,756,0,756,0,100,0,0,0.003024
2920,Kiritimati,0,0,2,713,0,715,0,99.72027972,0,0,0.00286
2921,Kiritimati,0,0,0,329,0,329,0,100,0,0,0.001316
2922,Kiritimati,0,0,0,54,0,54,0,100,0,0,0.000216
2923,Kiritimati,1,0,1101,16366,0,17468,0.005724754,93.69132127,0.090744102,0,0.069872
2924,Kiritimati,0,0,0,137,0,137,0,100,0,0,0.000548
2925,Kiritimati,0,0,0,264,0,264,0,100,0,0,0.001056
2926,Kiritimati,0,2,188,1095,0,1285,0,85.21400778,0,0.155642023,0.00514
2927,Kiritimati,0,0,4,1060,0,1064,0,99.62406015,0,0,0.004256
2928,Kiritimati,0,0,0,217,0,217,0,100,0,0,0.000868
2929,Kiritimati,0,0,0,280,0,280,0,100,0,0,0.00112
2930,Kiritimati,0,0,2,176,0,178,0,98.87640449,0,0,0.000712
2931,Kiritimati,0,0,0,83,0,83,0,100,0,0,0.000332
2932,Kiritimati,0,0,0,332,0,332,0,100,0,0,0.001328
2933,Kiritimati,0,0,0,999,0,999,0,100,0,0,0.003996
2934,Kiritimati,0,2,460,2842,0,3304,0,86.01694915,0,0.060532688,0.013216
2935,Kiritimati,0,0,5,1795,0,1800,0,99.72222222,0,0,0.0072
2936,Kiritimati,0,0,1,357,0,358,0,99.72067039,0,0,0.001432
2937,Kiritimati,0,0,8,1341,0,1349,0,99.40696812,0,0,0.005396
2938,Kiritimati,0,0,0,159,0,159,0,100,0,0,0.000636
2939,Kiritimati,0,0,3,992,0,995,0,99.69849246,0,0,0.00398
2940,Kiritimati,0,0,5,642,0,647,0,99.22720247,0,0,0.002588
2941,Kiritimati,0,0,26,1693,0,1719,0,98.48749273,0,0,0.006876
2942,Kiritimati,0,0,56,649,0,705,0,92.05673759,0,0,0.00282
2943,Kiritimati,0,0,1,362,0,363,0,99.72451791,0,0,0.001452
2944,Kiritimati,0,0,0,60,0,60,0,100,0,0,0.00024
2945,Kiritimati,0,0,0,147,0,147,0,100,0,0,0.000588
2946,Kiritimati,0,0,0,90,0,90,0,100,0,0,0.00036
2947,Kiritimati,0,0,0,28,0,28,0,100,0,0,0.000112
2948,Kiritimati,0,0,1,133,0,134,0,99.25373134,0,0,0.000536
2949,Kiritimati,0,0,0,60,0,60,0,100,0,0,0.00024
2950,Kiritimati,0,0,1,235,0,236,0,99.57627119,0,0,0.000944
2951,Kiritimati,0,0,0,39,0,39,0,100,0,0,0.000156
2952,Kiritimati,0,0,8,3229,0,3237,0,99.75285758,0,0,0.012948
2953,Kiritimati,0,0,0,70,0,70,0,100,0,0,0.00028
2954,Kiritimati,0,0,34,1396,0,1430,0,97.62237762,0,0,0.00572
2955,Kiritimati,0,0,5,1400,0,1405,0,99.64412811,0,0,0.00562
2956,Kiritimati,0,0,0,167,0,167,0,100,0,0,0.000668
2957,Kiritimati,0,0,0,152,0,152,0,100,0,0,0.000608
2958,Kiritimati,0,0,0,211,0,211,0,100,0,0,0.000844
2959,Kiritimati,0,0,0,192,0,192,0,100,0,0,0.000768
2960,Kiritimati,0,0,11,3573,0,3584,0,99.69308036,0,0,0.014336
2961,Kiritimati,0,0,1,58,0,59,0,98.30508475,0,0,0.000236
2962,Kiritimati,0,0,0,189,0,189,0,100,0,0,0.000756
2963,Kiritimati,0,0,0,40,0,40,0,100,0,0,0.00016
2964,Kiritimati,0,0,14,1727,0,1741,0,99.19586445,0,0,0.006964
2965,Kiritimati,0,0,0,60,0,60,0,100,0,0,0.00024
2966,Kiritimati,0,0,3,685,0,688,0,99.56395349,0,0,0.002752
2967,Kiritimati,0,0,1,2490,0,2491,0,99.95985548,0,0,0.009964
2968,Kiritimati,0,22,737,10873,0,11632,0,93.47489684,0,0.189133425,0.046528
2969,Kiritimati,0,0,3,556,0,559,0,99.46332737,0,0,0.002236
2970,Kiritimati,0,0,0,85,0,85,0,100,0,0,0.00034
2971,Kiritimati,0,0,0,62,0,62,0,100,0,0,0.000248
2972,Kiritimati,0,0,0,42,0,42,0,100,0,0,0.000168
2973,Kiritimati,0,0,0,103,0,103,0,100,0,0,0.000412
2974,Kiritimati,0,0,1,182,0,183,0,99.45355191,0,0,0.000732
2975,Kiritimati,0,0,0,936,0,936,0,100,0,0,0.003744
2976,Kiritimati,0,0,0,223,0,223,0,100,0,0,0.000892
2977,Kiritimati,0,0,1,248,0,249,0,99.59839357,0,0,0.000996
2978,Kiritimati,0,0,0,311,0,311,0,100,0,0,0.001244
2979,Kiritimati,0,0,0,149,0,149,0,100,0,0,0.000596
2980,Kiritimati,0,0,1,423,0,424,0,99.76415094,0,0,0.001696
2981,Kiritimati,0,0,1,295,0,296,0,99.66216216,0,0,0.001184
2982,Kiritimati,0,0,0,138,0,138,0,100,0,0,0.000552
2983,Kiritimati,0,0,0,104,0,104,0,100,0,0,0.000416
2984,Kiritimati,0,0,0,42,0,42,0,100,0,0,0.000168
2985,Kiritimati,4,28,340,997,0,1369,0.292184076,72.82688093,1.075268817,2.045288532,0.005476
2986,Kiritimati,0,0,0,69,0,69,0,100,0,0,0.000276
2987,Kiritimati,0,0,0,117,0,117,0,100,0,0,0.000468
2988,Kiritimati,0,0,2,192,0,194,0,98.96907216,0,0,0.000776
2989,Kiritimati,0,0,0,65,0,65,0,100,0,0,0.00026
2990,Kiritimati,0,0,0,133,0,133,0,100,0,0,0.000532
2991,Kiritimati,0,1,79,4338,0,4418,0,98.18922589,0,0.022634676,0.017672
2992,Kiritimati,0,0,0,40,0,40,0,100,0,0,0.00016
2993,Kiritimati,38,345,9441,29401,0,39225,0.096876992,74.95474825,0.386807818,0.879541109,0.1569
2994,Kiritimati,0,0,0,143,0,143,0,100,0,0,0.000572
2995,Kiritimati,0,0,0,206,0,206,0,100,0,0,0.000824
2996,Kiritimati,0,0,0,62,0,62,0,100,0,0,0.000248
2997,Kiritimati,2,4,273,2947,0,3226,0.06199628,91.35151891,0.716845878,0.12399256,0.012904
2998,Kiritimati,0,0,0,188,0,188,0,100,0,0,0.000752
2999,Kiritimati,0,0,0,51,0,51,0,100,0,0,0.000204
3000,Kiritimati,0,0,1,154,0,155,0,99.35483871,0,0,0.00062
3001,Kiritimati,0,0,10,1341,0,1351,0,99.25980755,0,0,0.005404
3002,Kiritimati,0,0,0,49,0,49,0,100,0,0,0.000196
3003,Kiritimati,0,0,2,488,0,490,0,99.59183673,0,0,0.00196
3004,Kiritimati,0,0,0,26,0,26,0,100,0,0,0.000104
3005,Kiritimati,0,0,1,341,0,342,0,99.70760234,0,0,0.001368
3006,Kiritimati,0,0,0,618,0,618,0,100,0,0,0.002472
3007,Kiritimati,0,0,4,143,0,147,0,97.27891156,0,0,0.000588
3008,Kiritimati,0,0,154,4829,0,4983,0,96.90949227,0,0,0.019932
3009,Kiritimati,0,0,3,588,0,591,0,99.49238579,0,0,0.002364
3010,Kiritimati,0,0,0,165,0,165,0,100,0,0,0.00066
3011,Kiritimati,0,0,1,1874,0,1875,0,99.94666667,0,0,0.0075
3012,Kiritimati,0,0,0,155,0,155,0,100,0,0,0.00062
3013,Kiritimati,0,0,2,625,0,627,0,99.68102073,0,0,0.002508
3014,Kiritimati,0,0,0,26,0,26,0,100,0,0,0.000104
3015,Kiritimati,0,0,1,162,0,163,0,99.38650307,0,0,0.000652
3016,Kiritimati,0,0,0,78,0,78,0,100,0,0,0.000312
3017,Kiritimati,3,34,363,3874,0,4274,0.070191858,90.64108563,0.75,0.795507721,0.017096
3018,Kiritimati,0,0,4,742,0,746,0,99.46380697,0,0,0.002984
3019,Kiritimati,0,0,4,195,0,199,0,97.98994975,0,0,0.000796
3020,Kiritimati,0,0,0,42,0,42,0,100,0,0,0.000168
3021,Kiritimati,0,0,2,403,0,405,0,99.50617284,0,0,0.00162
3022,Kiritimati,0,0,0,244,0,244,0,100,0,0,0.000976
3023,Kiritimati,0,0,2,434,0,436,0,99.5412844,0,0,0.001744
3024,Kiritimati,0,0,0,136,0,136,0,100,0,0,0.000544
3025,Kiritimati,0,0,0,131,0,131,0,100,0,0,0.000524
3026,Kiritimati,0,0,1,84,0,85,0,98.82352941,0,0,0.00034
3027,Kiritimati,0,0,1,525,0,526,0,99.80988593,0,0,0.002104
3028,Kiritimati,0,0,3,120,0,123,0,97.56097561,0,0,0.000492
3029,Kiritimati,0,0,0,40,0,40,0,100,0,0,0.00016
3030,Kiritimati,0,0,0,414,0,414,0,100,0,0,0.001656
3031,Kiritimati,0,0,0,41,0,41,0,100,0,0,0.000164
3032,Kiritimati,0,0,0,106,0,106,0,100,0,0,0.000424
3033,Kiritimati,0,0,0,29,0,29,0,100,0,0,0.000116
3034,Kiritimati,0,0,0,127,0,127,0,100,0,0,0.000508
3035,Kiritimati,0,0,0,74,0,74,0,100,0,0,0.000296
3036,Kiritimati,0,0,51,687,0,738,0,93.08943089,0,0,0.002952
3037,Kiritimati,0,0,0,356,0,356,0,100,0,0,0.001424
3038,Kiritimati,0,0,71,1925,0,1996,0,96.44288577,0,0,0.007984
3039,Kiritimati,0,0,0,102,0,102,0,100,0,0,0.000408
3040,Kiritimati,0,0,5,1194,0,1199,0,99.58298582,0,0,0.004796
3041,Kiritimati,0,0,0,38,0,38,0,100,0,0,0.000152
3042,Kiritimati,0,0,0,216,0,216,0,100,0,0,0.000864
3043,Kiritimati,0,0,0,748,0,748,0,100,0,0,0.002992
3044,Kiritimati,0,0,17,1537,0,1554,0,98.90604891,0,0,0.006216
3045,Kiritimati,0,0,0,297,0,297,0,100,0,0,0.001188
3046,Kiritimati,0,0,0,127,0,127,0,100,0,0,0.000508
3047,Kiritimati,0,0,37,1891,0,1928,0,98.08091286,0,0,0.007712
3048,Kiritimati,0,0,4,369,0,373,0,98.92761394,0,0,0.001492
3049,Kiritimati,0,0,0,148,0,148,0,100,0,0,0.000592
3050,Kiritimati,0,0,0,243,0,243,0,100,0,0,0.000972
3051,Kiritimati,0,0,12,1260,0,1272,0,99.05660377,0,0,0.005088
3052,Kiritimati,0,0,4,2317,0,2321,0,99.82766049,0,0,0.009284
3053,Kiritimati,0,0,0,113,0,113,0,100,0,0,0.000452
3054,Kiritimati,0,0,0,27,0,27,0,100,0,0,0.000108
3055,Kiritimati,0,0,0,30,0,30,0,100,0,0,0.00012
3056,Kiritimati,0,0,63,2516,0,2579,0,97.55719271,0,0,0.010316
3057,Kiritimati,0,0,3,203,0,206,0,98.54368932,0,0,0.000824
3058,Kiritimati,0,0,0,29,0,29,0,100,0,0,0.000116
3059,Kiritimati,0,12,169,4447,0,4628,0,96.08902334,0,0.259291271,0.018512
3060,Kiritimati,6,16,1856,5413,0,7291,0.082293238,74.24221643,0.319488818,0.219448635,0.029164
3061,Kiritimati,0,0,0,337,0,337,0,100,0,0,0.001348
3062,Kiritimati,0,0,0,436,0,436,0,100,0,0,0.001744
3063,Kiritimati,0,0,0,205,0,205,0,100,0,0,0.00082
3064,Kiritimati,0,0,0,53,0,53,0,100,0,0,0.000212
3065,Kiritimati,0,0,0,202,0,202,0,100,0,0,0.000808
3066,Kiritimati,0,0,0,165,0,165,0,100,0,0,0.00066
3067,Kiritimati,0,0,0,93,0,93,0,100,0,0,0.000372
3068,Kiritimati,0,0,2,171,0,173,0,98.84393064,0,0,0.000692
3069,Kiritimati,0,0,0,54,0,54,0,100,0,0,0.000216
3070,Kiritimati,0,0,0,104,0,104,0,100,0,0,0.000416
3071,Kiritimati,0,0,0,101,0,101,0,100,0,0,0.000404
3072,Kiritimati,0,0,6,2085,0,2091,0,99.71305595,0,0,0.008364
3073,Kiritimati,0,0,1,710,0,711,0,99.85935302,0,0,0.002844
3074,Kiritimati,0,0,0,168,0,168,0,100,0,0,0.000672
3075,Kiritimati,0,0,0,374,0,374,0,100,0,0,0.001496
3076,Kiritimati,0,0,0,55,0,55,0,100,0,0,0.00022
3077,Kiritimati,0,0,0,61,0,61,0,100,0,0,0.000244
3078,Kiritimati,0,0,0,101,0,101,0,100,0,0,0.000404
3079,Kiritimati,0,0,0,231,0,231,0,100,0,0,0.000924
3080,Kiritimati,0,0,0,88,0,88,0,100,0,0,0.000352
3081,Kiritimati,0,0,2,849,0,851,0,99.76498237,0,0,0.003404
3082,Kiritimati,0,0,2,436,0,438,0,99.543379,0,0,0.001752
3083,Kiritimati,0,0,0,25,0,25,0,100,0,0,0.0001
3084,Kiritimati,0,0,0,672,0,672,0,100,0,0,0.002688
3085,Kiritimati,0,0,0,332,0,332,0,100,0,0,0.001328
3086,Kiritimati,0,0,0,702,0,702,0,100,0,0,0.002808
3087,Kiritimati,0,0,0,40,0,40,0,100,0,0,0.00016
3088,Kiritimati,0,0,0,29,0,29,0,100,0,0,0.000116
3089,Kiritimati,0,0,4,669,0,673,0,99.40564636,0,0,0.002692
3090,Kiritimati,0,0,2,311,0,313,0,99.36102236,0,0,0.001252
3091,Kiritimati,0,0,0,206,0,206,0,100,0,0,0.000824
3092,Kiritimati,0,0,0,102,0,102,0,100,0,0,0.000408
3093,Kiritimati,0,0,0,243,0,243,0,100,0,0,0.000972
3094,Kiritimati,0,0,0,55,0,55,0,100,0,0,0.00022
3095,Kiritimati,0,0,0,178,0,178,0,100,0,0,0.000712
3096,Kiritimati,0,0,2,247,0,249,0,99.19678715,0,0,0.000996
3097,Kiritimati,0,0,0,225,0,225,0,100,0,0,0.0009
3098,Kiritimati,0,0,0,69,0,69,0,100,0,0,0.000276
3099,Kiritimati,0,0,17,1399,0,1416,0,98.79943503,0,0,0.005664
3100,Kiritimati,0,0,5,953,0,958,0,99.47807933,0,0,0.003832
3101,Kiritimati,0,0,1,115,0,116,0,99.13793103,0,0,0.000464
3102,Kiritimati,0,0,0,104,0,104,0,100,0,0,0.000416
3103,Kiritimati,0,0,1,191,0,192,0,99.47916667,0,0,0.000768
3104,Kiritimati,0,0,0,280,0,280,0,100,0,0,0.00112
3105,Kiritimati,0,0,0,188,0,188,0,100,0,0,0.000752
3106,Kiritimati,0,0,0,626,0,626,0,100,0,0,0.002504
3107,Kiritimati,0,0,0,49,0,49,0,100,0,0,0.000196
3108,Kiritimati,0,0,0,42,0,42,0,100,0,0,0.000168
3109,Kiritimati,0,0,0,81,0,81,0,100,0,0,0.000324
3110,Kiritimati,0,0,11,1051,0,1062,0,98.96421846,0,0,0.004248
3111,Kiritimati,0,0,0,206,0,206,0,100,0,0,0.000824
3112,Kiritimati,0,0,0,149,0,149,0,100,0,0,0.000596
3113,Kiritimati,0,0,1,4205,0,4206,0,99.97622444,0,0,0.016824
3114,Kiritimati,0,0,0,1014,0,1014,0,100,0,0,0.004056
3115,Kiritimati,0,0,1,121,0,122,0,99.18032787,0,0,0.000488
3116,Kiritimati,0,0,0,130,0,130,0,100,0,0,0.00052
3117,Kiritimati,0,0,0,449,0,449,0,100,0,0,0.001796
3118,Kiritimati,0,0,0,631,0,631,0,100,0,0,0.002524
3119,Kiritimati,0,0,182,6638,0,6820,0,97.3313783,0,0,0.02728
3120,Kiritimati,0,0,1,348,0,349,0,99.71346705,0,0,0.001396
3121,Kiritimati,0,0,0,50,0,50,0,100,0,0,0.0002
3122,Kiritimati,0,0,3,451,0,454,0,99.33920705,0,0,0.001816
3123,Kiritimati,0,0,0,85,0,85,0,100,0,0,0.00034
3124,Kiritimati,0,0,0,251,0,251,0,100,0,0,0.001004
3125,Kiritimati,0,0,5,2666,0,2671,0,99.81280419,0,0,0.010684
3126,Kiritimati,0,0,0,239,0,239,0,100,0,0,0.000956
3127,Kiritimati,0,0,0,32,0,32,0,100,0,0,0.000128
3128,Kiritimati,0,0,0,231,0,231,0,100,0,0,0.000924
3129,Kiritimati,0,0,0,150,0,150,0,100,0,0,0.0006
3130,Kiritimati,0,0,0,467,0,467,0,100,0,0,0.001868
3131,Kiritimati,0,0,0,144,0,144,0,100,0,0,0.000576
3132,Kiritimati,0,0,0,42,0,42,0,100,0,0,0.000168
3133,Kiritimati,0,0,0,49,0,49,0,100,0,0,0.000196
3134,Kiritimati,0,0,0,688,0,688,0,100,0,0,0.002752
3135,Kiritimati,0,0,0,152,0,152,0,100,0,0,0.000608
3136,Kiritimati,0,0,0,223,0,223,0,100,0,0,0.000892
3137,Kiritimati,0,0,3,23240,0,23243,0,99.98709289,0,0,0.092972
3138,Kiritimati,0,0,0,84,0,84,0,100,0,0,0.000336
3139,Kiritimati,0,0,0,25,0,25,0,100,0,0,0.0001
3140,Kiritimati,0,0,0,168,0,168,0,100,0,0,0.000672
3141,Kiritimati,0,0,0,28,0,28,0,100,0,0,0.000112
3142,Kiritimati,0,0,0,28,0,28,0,100,0,0,0.000112
3143,Kiritimati,0,0,0,101,0,101,0,100,0,0,0.000404
3144,Kiritimati,0,0,18,1827,0,1845,0,99.02439024,0,0,0.00738
3145,Kiritimati,0,0,24,1780,0,1804,0,98.66962306,0,0,0.007216
3146,Kiritimati,0,0,0,599,0,599,0,100,0,0,0.002396
3147,Kiritimati,0,0,0,219,0,219,0,100,0,0,0.000876
3148,Kiritimati,0,0,0,182,0,182,0,100,0,0,0.000728
3149,Kiritimati,0,0,0,46,0,46,0,100,0,0,0.000184
3150,Kiritimati,0,0,0,52,0,52,0,100,0,0,0.000208
3151,Kiritimati,0,0,2,210,0,212,0,99.05660377,0,0,0.000848
3152,Kiritimati,0,0,0,66,0,66,0,100,0,0,0.000264
3153,Kiritimati,0,0,0,35,0,35,0,100,0,0,0.00014
3154,Kiritimati,1,124,1757,6747,0,8629,0.011588828,78.18982501,0.053134963,1.437014718,0.034516
3155,Kiritimati,0,0,0,129,0,129,0,100,0,0,0.000516
3156,Kiritimati,0,0,3,83,0,86,0,96.51162791,0,0,0.000344
3157,Kiritimati,0,0,0,694,0,694,0,100,0,0,0.002776
3158,Kiritimati,0,0,0,25,0,25,0,100,0,0,0.0001
3159,Kiritimati,4,18,2164,43238,0,45424,0.008805918,95.18756604,0.182982617,0.039626629,0.181696
3160,Kiritimati,0,0,0,360,0,360,0,100,0,0,0.00144
3161,Kiritimati,0,0,1,789,0,790,0,99.87341772,0,0,0.00316
3162,Kiritimati,0,0,0,70,0,70,0,100,0,0,0.00028
3163,Kiritimati,0,0,0,43,0,43,0,100,0,0,0.000172
3164,Kiritimati,0,0,0,249,0,249,0,100,0,0,0.000996
3165,Kiritimati,0,0,5,296,0,301,0,98.33887043,0,0,0.001204
3166,Kiritimati,0,0,0,457,0,457,0,100,0,0,0.001828
3167,Kiritimati,0,0,15,631,0,646,0,97.67801858,0,0,0.002584
3168,Kiritimati,0,0,0,235,0,235,0,100,0,0,0.00094
3169,Kiritimati,0,0,0,100,0,100,0,100,0,0,0.0004
3170,Kiritimati,0,0,0,109,0,109,0,100,0,0,0.000436
3171,Kiritimati,0,0,2,681,0,683,0,99.70717423,0,0,0.002732
3172,Kiritimati,0,0,0,33,0,33,0,100,0,0,0.000132
3173,Kiritimati,0,0,49,465,0,514,0,90.46692607,0,0,0.002056
3174,Kiritimati,0,0,4,53,0,57,0,92.98245614,0,0,0.000228
3175,Kiritimati,0,0,0,373,0,373,0,100,0,0,0.001492
3176,Kiritimati,0,0,0,1200,0,1200,0,100,0,0,0.0048
3177,Kiritimati,0,0,0,155,0,155,0,100,0,0,0.00062
3178,Kiritimati,0,0,0,51,0,51,0,100,0,0,0.000204
3179,Kiritimati,1,1,64,1036,0,1102,0.090744102,94.01088929,1.515151515,0.090744102,0.004408
3180,Kiritimati,0,0,0,1049,0,1049,0,100,0,0,0.004196
3181,Kiritimati,0,0,0,290,0,290,0,100,0,0,0.00116
3182,Kiritimati,0,0,0,53,0,53,0,100,0,0,0.000212
3183,Kiritimati,0,0,0,146,0,146,0,100,0,0,0.000584
3184,Kiritimati,0,0,0,92,0,92,0,100,0,0,0.000368
3185,Kiritimati,3,28,1575,6017,0,7623,0.039354585,78.93217893,0.186799502,0.367309458,0.030492
3186,Kiritimati,0,0,0,63,0,63,0,100,0,0,0.000252
3187,Kiritimati,0,0,0,29,0,29,0,100,0,0,0.000116
3188,Kiritimati,0,0,0,76,0,76,0,100,0,0,0.000304
3189,Kiritimati,0,0,221,2025,0,2246,0,90.16028495,0,0,0.008984
3190,Kiritimati,0,0,0,38,0,38,0,100,0,0,0.000152
3191,Kiritimati,0,0,0,76,0,76,0,100,0,0,0.000304
3192,Kiritimati,0,0,0,29,0,29,0,100,0,0,0.000116
3193,Kiritimati,0,0,0,212,0,212,0,100,0,0,0.000848
3194,Kiritimati,0,0,0,257,0,257,0,100,0,0,0.001028
3195,Kiritimati,0,0,0,82,0,82,0,100,0,0,0.000328
3196,Kiritimati,0,0,9,348,0,357,0,97.4789916,0,0,0.001428
3197,Kiritimati,0,0,0,127,0,127,0,100,0,0,0.000508
3198,Kiritimati,0,0,0,332,0,332,0,100,0,0,0.001328
3199,Kiritimati,0,0,0,636,0,636,0,100,0,0,0.002544
3200,Kiritimati,0,0,0,346,0,346,0,100,0,0,0.001384
3201,Kiritimati,0,2,75,405,0,482,0,84.02489627,0,0.414937759,0.001928
3202,Kiritimati,0,0,0,156,0,156,0,100,0,0,0.000624
3203,Kiritimati,0,0,0,72,0,72,0,100,0,0,0.000288
3204,Kiritimati,0,0,11,3650,0,3661,0,99.69953565,0,0,0.014644
3205,Kiritimati,0,0,0,40,0,40,0,100,0,0,0.00016
3206,Kiritimati,0,0,0,96,0,96,0,100,0,0,0.000384
3207,Kiritimati,0,0,0,79,0,79,0,100,0,0,0.000316
3208,Kiritimati,0,0,0,661,0,661,0,100,0,0,0.002644
3209,Kiritimati,0,0,0,87,0,87,0,100,0,0,0.000348
3210,Kiritimati,0,0,0,127,0,127,0,100,0,0,0.000508
3211,Kiritimati,0,0,0,107,0,107,0,100,0,0,0.000428
3212,Kiritimati,1,7,744,5408,0,6160,0.016233766,87.79220779,0.132978723,0.113636364,0.02464
3213,Kiritimati,35,156,1778,12046,0,14015,0.24973243,85.95076704,1.777552057,1.113093115,0.05606
3214,Kiritimati,0,0,0,30,0,30,0,100,0,0,0.00012
3215,Kiritimati,0,0,0,28,0,28,0,100,0,0,0.000112
3216,Kiritimati,0,0,0,34,0,34,0,100,0,0,0.000136
3217,Kiritimati,0,0,0,97,0,97,0,100,0,0,0.000388
3218,Kiritimati,0,0,0,83,0,83,0,100,0,0,0.000332
3219,Kiritimati,0,0,0,48,0,48,0,100,0,0,0.000192
3220,Kiritimati,0,0,0,37,0,37,0,100,0,0,0.000148
3221,Kiritimati,15,27,658,2413,0,3113,0.481850305,77.51365243,2.142857143,0.867330549,0.012452
3222,Kiritimati,0,0,0,172,0,172,0,100,0,0,0.000688
3223,Kiritimati,0,0,0,59,0,59,0,100,0,0,0.000236
3224,Kiritimati,0,0,0,95,0,95,0,100,0,0,0.00038
3225,Kiritimati,2,5,246,1864,0,2117,0.094473311,88.04912612,0.790513834,0.236183278,0.008468
3226,Kiritimati,0,0,0,285,0,285,0,100,0,0,0.00114
3227,Kiritimati,0,0,0,242,0,242,0,100,0,0,0.000968
3228,Kiritimati,0,0,2,759,0,761,0,99.73718791,0,0,0.003044
3229,Kiritimati,0,0,0,88,0,88,0,100,0,0,0.000352
3230,Kiritimati,0,0,0,190,0,190,0,100,0,0,0.00076
3231,Kiritimati,0,0,49,1155,0,1204,0,95.93023256,0,0,0.004816
3232,Kiritimati,0,0,19,391,0,410,0,95.36585366,0,0,0.00164
3233,Kiritimati,0,0,0,99,0,99,0,100,0,0,0.000396
3234,Kiritimati,0,0,0,153,0,153,0,100,0,0,0.000612
3235,Kiritimati,0,0,0,1566,0,1566,0,100,0,0,0.006264
3236,Kiritimati,0,0,171,2702,0,2873,0,94.04803341,0,0,0.011492
3237,Kiritimati,0,0,0,68,0,68,0,100,0,0,0.000272
3238,Kiritimati,0,0,0,201,0,201,0,100,0,0,0.000804
3239,Kiritimati,0,0,1,82,0,83,0,98.79518072,0,0,0.000332
3240,Kiritimati,0,0,16,1983,0,1999,0,99.1995998,0,0,0.007996
3241,Kiritimati,0,0,0,196,0,196,0,100,0,0,0.000784
3242,Kiritimati,6,8,213,2871,0,3098,0.193673338,92.67269206,2.643171806,0.258231117,0.012392
3243,Kiritimati,0,0,0,348,0,348,0,100,0,0,0.001392
3244,Kiritimati,0,0,0,237,0,237,0,100,0,0,0.000948
3245,Kiritimati,0,0,0,38,0,38,0,100,0,0,0.000152
3246,Kiritimati,0,0,0,42,0,42,0,100,0,0,0.000168
3247,Kiritimati,0,0,0,156,0,156,0,100,0,0,0.000624
3248,Kiritimati,0,0,0,57,0,57,0,100,0,0,0.000228
3249,Kiritimati,0,0,0,26,0,26,0,100,0,0,0.000104
3250,Kiritimati,0,0,0,143,0,143,0,100,0,0,0.000572
3251,Kiritimati,0,0,168,630,0,798,0,78.94736842,0,0,0.003192
3252,Kiritimati,0,0,0,1821,0,1821,0,100,0,0,0.007284
3253,Kiritimati,0,0,1,184,0,185,0,99.45945946,0,0,0.00074
3254,Kiritimati,0,0,0,189,0,189,0,100,0,0,0.000756
3255,Kiritimati,0,0,0,123,0,123,0,100,0,0,0.000492
3256,Kiritimati,0,0,1,155,0,156,0,99.35897436,0,0,0.000624
3257,Kiritimati,0,0,0,70,0,70,0,100,0,0,0.00028
3258,Kiritimati,0,0,5,249,0,254,0,98.03149606,0,0,0.001016
3259,Kiritimati,0,0,261,5484,0,5745,0,95.45691906,0,0,0.02298
3260,Kiritimati,0,0,0,112,0,112,0,100,0,0,0.000448
3261,Kiritimati,0,0,0,83,0,83,0,100,0,0,0.000332
3262,Kiritimati,0,0,0,61,0,61,0,100,0,0,0.000244
3263,Kiritimati,0,0,0,36,0,36,0,100,0,0,0.000144
3264,Kiritimati,0,0,0,408,0,408,0,100,0,0,0.001632
3265,Kiritimati,0,0,0,38,0,38,0,100,0,0,0.000152
3266,Kiritimati,0,0,1,6255,0,6256,0,99.98401535,0,0,0.025024
3267,Kiritimati,0,0,0,117,0,117,0,100,0,0,0.000468
3268,Kiritimati,0,0,0,210,0,210,0,100,0,0,0.00084
3269,Kiritimati,2,3,228,1611,0,1844,0.10845987,87.36442516,0.858369099,0.162689805,0.007376
3270,Kiritimati,0,0,34,1680,0,1714,0,98.01633606,0,0,0.006856
3271,Kiritimati,0,0,1,115,0,116,0,99.13793103,0,0,0.000464
3272,Kiritimati,0,0,67,0,0,67,0,0,0,0,0.000268
3273,Kiritimati,0,0,42,1086,0,1128,0,96.27659574,0,0,0.004512
3274,Kiritimati,0,1,24,3,0,28,0,10.71428571,0,3.571428571,0.000112
3275,Kiritimati,0,3,73,0,0,76,0,0,0,3.947368421,0.000304
3276,Kiritimati,0,0,53,0,0,53,0,0,0,0,0.000212
3277,Kiritimati,26,125,1451,3934,0,5536,0.469653179,71.06213873,1.622971286,2.257947977,0.022144
3278,Kiritimati,0,0,0,50,0,50,0,100,0,0,0.0002
3279,Kiritimati,0,0,0,57,0,57,0,100,0,0,0.000228
3280,Kiritimati,1,2,107,87,0,197,0.507614213,44.16243655,0.909090909,1.015228426,0.000788
3281,Kiritimati,0,0,2,219,0,221,0,99.09502262,0,0,0.000884
3282,Kiritimati,0,0,0,83,0,83,0,100,0,0,0.000332
3283,Kiritimati,0,0,8,1645,0,1653,0,99.51603146,0,0,0.006612
3284,Kiritimati,0,0,3,323,0,326,0,99.0797546,0,0,0.001304
3285,Kiritimati,0,0,0,286,0,286,0,100,0,0,0.001144
3286,Kiritimati,0,0,0,165,0,165,0,100,0,0,0.00066
3287,Kiritimati,0,0,93,353,0,446,0,79.14798206,0,0,0.001784
3288,Kiritimati,5,8,349,450,0,812,0.615763547,55.41871921,1.38121547,0.985221675,0.003248
3289,Kiritimati,0,0,43,1,0,44,0,2.272727273,0,0,0.000176
3290,Kiritimati,0,1,26,7,0,34,0,20.58823529,0,2.941176471,0.000136
3291,Kiritimati,0,1,31,0,0,32,0,0,0,3.125,0.000128
3292,Kiritimati,0,0,3,113,0,116,0,97.4137931,0,0,0.000464
3293,Kiritimati,0,0,39,0,0,39,0,0,0,0,0.000156
3294,Kiritimati,0,0,0,198,0,198,0,100,0,0,0.000792
3295,Kiritimati,0,3,51,15,0,69,0,21.73913043,0,4.347826087,0.000276
3296,Kiritimati,0,0,27,0,0,27,0,0,0,0,0.000108
3297,Kiritimati,0,7,18,7,0,32,0,21.875,0,21.875,0.000128
3298,Kiritimati,0,0,16,289,0,305,0,94.75409836,0,0,0.00122
3299,Kiritimati,0,0,131,115,0,246,0,46.74796748,0,0,0.000984
3300,Kiritimati,0,3,338,5227,0,5568,0,93.87571839,0,0.05387931,0.022272
3301,Kiritimati,0,0,83,810,0,893,0,90.70548712,0,0,0.003572
3302,Kiritimati,0,0,0,88,0,88,0,100,0,0,0.000352
3303,Kiritimati,0,0,0,46,0,46,0,100,0,0,0.000184
3304,Kiritimati,0,0,70,1220,0,1290,0,94.57364341,0,0,0.00516
3305,Kiritimati,0,0,11,66,0,77,0,85.71428571,0,0,0.000308
3306,Kiritimati,0,0,0,28,0,28,0,100,0,0,0.000112
3307,Kiritimati,0,0,1,48,0,49,0,97.95918367,0,0,0.000196
3308,Kiritimati,0,0,0,68,0,68,0,100,0,0,0.000272
3309,Kiritimati,0,0,0,93,0,93,0,100,0,0,0.000372
3310,Kiritimati,1,3,29,328,0,361,0.27700831,90.85872576,3.03030303,0.831024931,0.001444
3311,Kiritimati,0,0,0,157,0,157,0,100,0,0,0.000628
3312,Kiritimati,0,0,0,63,0,63,0,100,0,0,0.000252
3313,Kiritimati,1,0,46,280,0,327,0.305810398,85.62691131,2.127659574,0,0.001308
3314,Kiritimati,2,19,124,356,0,501,0.399201597,71.05788423,1.379310345,3.79241517,0.002004
3315,Kiritimati,0,0,36,799,0,835,0,95.68862275,0,0,0.00334
3316,Kiritimati,0,0,0,48,0,48,0,100,0,0,0.000192
3317,Kiritimati,0,0,3,69,0,72,0,95.83333333,0,0,0.000288
3318,Kiritimati,0,0,1,227,0,228,0,99.56140351,0,0,0.000912
3319,Kiritimati,0,0,0,46,0,46,0,100,0,0,0.000184
3320,Kiritimati,0,0,0,65,0,65,0,100,0,0,0.00026
3321,Kiritimati,4,5,201,1374,0,1584,0.252525253,86.74242424,1.904761905,0.315656566,0.006336
3322,Kiritimati,0,0,0,26,0,26,0,100,0,0,0.000104
3323,Kiritimati,0,0,0,81,0,81,0,100,0,0,0.000324
3324,Kiritimati,0,0,11,63,0,74,0,85.13513514,0,0,0.000296
3325,Kiritimati,0,0,0,126,0,126,0,100,0,0,0.000504
3326,Kiritimati,0,0,1,40,0,41,0,97.56097561,0,0,0.000164
3327,Kiritimati,0,0,14,184,0,198,0,92.92929293,0,0,0.000792
3328,Kiritimati,4,0,5,32,0,41,9.756097561,78.04878049,44.44444444,0,0.000164
3329,Kiritimati,0,0,8,121,0,129,0,93.79844961,0,0,0.000516
3330,Kiritimati,0,0,10,20,0,30,0,66.66666667,0,0,0.00012
3331,Kiritimati,0,0,1,297,0,298,0,99.66442953,0,0,0.001192
3332,Kiritimati,0,0,0,72,0,72,0,100,0,0,0.000288
3333,Kiritimati,0,0,0,675,0,675,0,100,0,0,0.0027
3334,Kiritimati,0,0,22,134,0,156,0,85.8974359,0,0,0.000624
3335,Kiritimati,0,0,53,699,0,752,0,92.95212766,0,0,0.003008
3336,Kiritimati,0,0,5,34,0,39,0,87.17948718,0,0,0.000156
3337,Kiritimati,0,0,2,25,0,27,0,92.59259259,0,0,0.000108
3338,Kiritimati,0,0,14,297,0,311,0,95.49839228,0,0,0.001244
3339,Kiritimati,0,0,4,37,0,41,0,90.24390244,0,0,0.000164
3340,Kiritimati,0,0,20,95,0,115,0,82.60869565,0,0,0.00046
3341,Kiritimati,3,8,333,2003,0,2347,0.127822752,85.34299105,0.872093023,0.340860673,0.009388
3342,Kiritimati,0,0,14,315,0,329,0,95.74468085,0,0,0.001316
3343,Kiritimati,0,0,7,163,0,170,0,95.88235294,0,0,0.00068
3344,Kiritimati,0,0,3,377,0,380,0,99.21052632,0,0,0.00152
3345,Kiritimati,0,0,18,627,0,645,0,97.20930233,0,0,0.00258
3346,Kiritimati,0,0,0,64,0,64,0,100,0,0,0.000256
3347,Kiritimati,0,2,144,1251,0,1397,0,89.54903364,0,0.143163923,0.005588
3348,Kiritimati,0,0,26,2,0,28,0,7.142857143,0,0,0.000112
3349,Kiritimati,0,0,0,42,0,42,0,100,0,0,0.000168
3350,Kiritimati,2,0,229,782,0,1013,0.197433366,77.1964462,0.865800866,0,0.004052
3351,Kiritimati,0,0,46,337,0,383,0,87.98955614,0,0,0.001532
3352,Kiritimati,0,0,0,32,0,32,0,100,0,0,0.000128
3353,Kiritimati,0,0,0,473,0,473,0,100,0,0,0.001892
3354,Kiritimati,0,0,8,522,0,530,0,98.49056604,0,0,0.00212
3355,Kiritimati,0,0,0,27,0,27,0,100,0,0,0.000108
3356,Kiritimati,0,0,0,25,0,25,0,100,0,0,0.0001
3357,Kiritimati,0,0,0,33,0,33,0,100,0,0,0.000132
3358,Kiritimati,0,0,0,25,0,25,0,100,0,0,0.0001
3359,Kiritimati,0,0,2,76,0,78,0,97.43589744,0,0,0.000312
3360,Kiritimati,0,0,0,25,0,25,0,100,0,0,0.0001
3361,Kiritimati,0,0,98,2,0,100,0,2,0,0,0.0004
3362,Kiritimati,0,0,0,39,0,39,0,100,0,0,0.000156
3363,Kiritimati,0,0,0,242,0,242,0,100,0,0,0.000968
3364,Kiritimati,0,0,49,0,0,49,0,0,0,0,0.000196
3365,Kiritimati,0,0,29,0,0,29,0,0,0,0,0.000116
3366,Kiritimati,0,0,27,0,0,27,0,0,0,0,0.000108
3367,Kiritimati,0,0,69,164,0,233,0,70.38626609,0,0,0.000932
3368,Kiritimati,0,0,46,0,0,46,0,0,0,0,0.000184
3369,Kiritimati,0,0,28,128,0,156,0,82.05128205,0,0,0.000624
3370,Kiritimati,0,0,47,1596,0,1643,0,97.13937918,0,0,0.006572
3371,Kiritimati,0,0,2271,293,0,2564,0,11.4274571,0,0,0.010256
3372,Kiritimati,0,0,6,84,0,90,0,93.33333333,0,0,0.00036
3373,Kiritimati,0,0,8,77,0,85,0,90.58823529,0,0,0.00034
3374,Kiritimati,0,0,11,14,0,25,0,56,0,0,0.0001
3375,Kiritimati,0,0,62,0,0,62,0,0,0,0,0.000248
3376,Kiritimati,0,0,0,84,0,84,0,100,0,0,0.000336
3377,Kiritimati,0,0,39,59,0,98,0,60.20408163,0,0,0.000392
3378,Kiritimati,0,0,136,2932,0,3068,0,95.56714472,0,0,0.012272
3379,Kiritimati,0,0,0,42,0,42,0,100,0,0,0.000168
3380,Kiritimati,0,0,1,68,0,69,0,98.55072464,0,0,0.000276
3381,Kiritimati,0,1,61,0,0,62,0,0,0,1.612903226,0.000248
3382,Kiritimati,0,0,25,0,0,25,0,0,0,0,0.0001
3383,Kiritimati,0,0,2,37,0,39,0,94.87179487,0,0,0.000156
3384,Kiritimati,0,0,0,39,0,39,0,100,0,0,0.000156
3385,Kiritimati,0,0,0,170,0,170,0,100,0,0,0.00068
3386,Kiritimati,0,0,0,46,0,46,0,100,0,0,0.000184
3387,Kiritimati,0,0,29,124,0,153,0,81.04575163,0,0,0.000612
3388,Kiritimati,0,0,0,47,0,47,0,100,0,0,0.000188
3389,Kiritimati,0,0,2,122,0,124,0,98.38709677,0,0,0.000496
3390,Kiritimati,0,0,0,167,0,167,0,100,0,0,0.000668
3391,Kiritimati,0,0,6,52,0,58,0,89.65517241,0,0,0.000232
3392,Kiritimati,0,0,1,1135,0,1136,0,99.91197183,0,0,0.004544
3393,Kiritimati,0,0,0,51,0,51,0,100,0,0,0.000204
3394,Kiritimati,0,0,0,28,0,28,0,100,0,0,0.000112
3395,Kiritimati,0,0,2,31,0,33,0,93.93939394,0,0,0.000132
3396,Kiritimati,0,0,0,148,0,148,0,100,0,0,0.000592
3397,Kiritimati,0,0,8,40,0,48,0,83.33333333,0,0,0.000192
3398,Kiritimati,0,0,0,35,0,35,0,100,0,0,0.00014
3399,Kiritimati,0,5,899,809,0,1713,0,47.22708698,0,0.291885581,0.006852
3400,Kiritimati,0,0,0,185,0,185,0,100,0,0,0.00074
3401,Kiritimati,0,0,2,32,0,34,0,94.11764706,0,0,0.000136
3402,Kiritimati,0,0,57,138,0,195,0,70.76923077,0,0,0.00078
3403,Kiritimati,0,0,0,70,0,70,0,100,0,0,0.00028
3404,Kiritimati,0,0,0,708,0,708,0,100,0,0,0.002832
3405,Kiritimati,0,0,0,58,0,58,0,100,0,0,0.000232
3406,Kiritimati,0,0,0,76,0,76,0,100,0,0,0.000304
3407,Kiritimati,0,0,66,54,0,120,0,45,0,0,0.00048
3408,Kiritimati,0,0,0,42,0,42,0,100,0,0,0.000168
3409,Kiritimati,0,0,23,21,0,44,0,47.72727273,0,0,0.000176
3410,Kiritimati,0,0,14,47,0,61,0,77.04918033,0,0,0.000244
3411,Kiritimati,0,0,0,26,0,26,0,100,0,0,0.000104
3412,Kiritimati,0,0,16,28,0,44,0,63.63636364,0,0,0.000176
3413,Kiritimati,0,0,3,100,0,103,0,97.08737864,0,0,0.000412
3414,Kiritimati,0,0,0,1824,0,1824,0,100,0,0,0.007296
3415,Kiritimati,0,0,0,98,0,98,0,100,0,0,0.000392
3416,Kiritimati,0,0,0,228,0,228,0,100,0,0,0.000912
3417,Kiritimati,0,0,0,111,0,111,0,100,0,0,0.000444
3418,Kiritimati,0,0,10,31,0,41,0,75.6097561,0,0,0.000164
3419,Kiritimati,0,0,0,82,0,82,0,100,0,0,0.000328
3420,Kiritimati,0,0,3,476,0,479,0,99.3736952,0,0,0.001916
3421,Kiritimati,0,0,12,14,0,26,0,53.84615385,0,0,0.000104
3422,Kiritimati,0,0,0,234,0,234,0,100,0,0,0.000936
3423,Kiritimati,0,0,0,51,0,51,0,100,0,0,0.000204
3424,Kiritimati,0,0,2,716,0,718,0,99.72144847,0,0,0.002872
3425,Kiritimati,0,0,1,197,0,198,0,99.49494949,0,0,0.000792
3426,Kiritimati,0,0,0,114,0,114,0,100,0,0,0.000456
3427,Kiritimati,0,0,0,254,0,254,0,100,0,0,0.001016
3428,Kiritimati,0,0,0,272,0,272,0,100,0,0,0.001088
3429,Kiritimati,0,0,16,276,0,292,0,94.52054795,0,0,0.001168
3430,Kiritimati,0,0,0,27,0,27,0,100,0,0,0.000108
3431,Kiritimati,0,0,0,255,0,255,0,100,0,0,0.00102
3432,Kiritimati,0,0,73,1,0,74,0,1.351351351,0,0,0.000296
3433,Kiritimati,0,0,4,323,0,327,0,98.77675841,0,0,0.001308
3434,Kiritimati,0,4,377,253,0,634,0,39.90536278,0,0.630914826,0.002536
3435,Kiritimati,0,0,0,174,0,174,0,100,0,0,0.000696
3436,Kiritimati,0,0,0,53,0,53,0,100,0,0,0.000212
3437,Kiritimati,0,0,0,53,0,53,0,100,0,0,0.000212
3438,Kiritimati,0,0,0,134,0,134,0,100,0,0,0.000536
3439,Kiritimati,0,0,4,97,0,101,0,96.03960396,0,0,0.000404
3440,Kiritimati,0,0,3,120,0,123,0,97.56097561,0,0,0.000492
3441,Kiritimati,0,0,22,1456,0,1478,0,98.51150203,0,0,0.005912
3442,Kiritimati,0,0,0,35,0,35,0,100,0,0,0.00014
3443,Kiritimati,0,0,0,1369,0,1369,0,100,0,0,0.005476
3444,Kiritimati,0,0,47,613,0,660,0,92.87878788,0,0,0.00264
3445,Kiritimati,0,0,0,27,0,27,0,100,0,0,0.000108
3446,Kiritimati,0,5,61,0,0,66,0,0,0,7.575757576,0.000264
3447,Kiritimati,0,0,0,28,0,28,0,100,0,0,0.000112
3448,Kiritimati,0,0,0,358,0,358,0,100,0,0,0.001432
3449,Kiritimati,0,0,0,46,0,46,0,100,0,0,0.000184
3450,Kiritimati,0,1,304,530,0,835,0,63.47305389,0,0.119760479,0.00334
3451,Kiritimati,0,0,2,71,0,73,0,97.26027397,0,0,0.000292
3452,Kiritimati,0,0,0,73,0,73,0,100,0,0,0.000292
3453,Kiritimati,0,0,0,113,0,113,0,100,0,0,0.000452
3454,Kiritimati,0,0,0,43,0,43,0,100,0,0,0.000172
3455,Kiritimati,0,0,1,74,0,75,0,98.66666667,0,0,0.0003
3456,Kiritimati,0,0,0,27,0,27,0,100,0,0,0.000108
3457,Kiritimati,0,0,17,534,0,551,0,96.91470054,0,0,0.002204
3458,Kiritimati,0,0,0,1941,0,1941,0,100,0,0,0.007764
3459,Kiritimati,0,0,0,69,0,69,0,100,0,0,0.000276
3460,Kiritimati,0,0,4,194,0,198,0,97.97979798,0,0,0.000792
3461,Kiritimati,0,0,5,224,0,229,0,97.81659389,0,0,0.000916
3462,Kiritimati,0,0,1,67,0,68,0,98.52941176,0,0,0.000272
3463,Kiritimati,0,0,1,32,0,33,0,96.96969697,0,0,0.000132
3464,Kiritimati,0,0,0,26,0,26,0,100,0,0,0.000104
3465,Kiritimati,0,0,3,31,0,34,0,91.17647059,0,0,0.000136
3466,Kiritimati,0,0,3,33,0,36,0,91.66666667,0,0,0.000144
3467,Kiritimati,0,0,0,73,0,73,0,100,0,0,0.000292
3468,Kiritimati,0,0,1,29,0,30,0,96.66666667,0,0,0.00012
3469,Kiritimati,0,0,60,24,0,84,0,28.57142857,0,0,0.000336
3470,Kiritimati,0,0,32,0,0,32,0,0,0,0,0.000128
3471,Kiritimati,0,0,11,20,0,31,0,64.51612903,0,0,0.000124
3472,Kiritimati,0,0,29,0,0,29,0,0,0,0,0.000116
3473,Kiritimati,0,0,23,12,0,35,0,34.28571429,0,0,0.00014
3474,Kiritimati,0,0,0,31,0,31,0,100,0,0,0.000124
3475,Kiritimati,0,0,2,584,0,586,0,99.65870307,0,0,0.002344
3476,Kiritimati,0,0,0,33,0,33,0,100,0,0,0.000132
3477,Kiritimati,0,0,1,73,0,74,0,98.64864865,0,0,0.000296
3478,Kiritimati,0,0,0,32,0,32,0,100,0,0,0.000128
3479,Kiritimati,0,0,0,121,0,121,0,100,0,0,0.000484
3480,Kiritimati,0,0,0,37,0,37,0,100,0,0,0.000148
3481,Kiritimati,0,0,0,160,0,160,0,100,0,0,0.00064
3482,Kiritimati,0,0,74,123,0,197,0,62.43654822,0,0,0.000788
3483,Kiritimati,0,0,0,123,0,123,0,100,0,0,0.000492
3484,Kiritimati,0,0,0,107,0,107,0,100,0,0,0.000428
3485,Kiritimati,0,0,0,829,0,829,0,100,0,0,0.003316
3486,Kiritimati,0,0,0,86,0,86,0,100,0,0,0.000344
3487,Kiritimati,0,0,116,7442,0,7558,0,98.46520243,0,0,0.030232
3488,Kiritimati,0,0,1,41,0,42,0,97.61904762,0,0,0.000168
3489,Kiritimati,0,0,0,25,0,25,0,100,0,0,0.0001
3490,Kiritimati,0,0,1,67,0,68,0,98.52941176,0,0,0.000272
3491,Kiritimati,0,0,6,347,0,353,0,98.30028329,0,0,0.001412
3492,Kiritimati,0,0,0,115,0,115,0,100,0,0,0.00046
3493,Kiritimati,0,0,0,31,0,31,0,100,0,0,0.000124
3494,Kiritimati,0,0,0,174,0,174,0,100,0,0,0.000696
3495,Kiritimati,0,0,0,27,0,27,0,100,0,0,0.000108
3496,Kiritimati,0,0,0,35,0,35,0,100,0,0,0.00014
3497,Kiritimati,0,0,0,136,0,136,0,100,0,0,0.000544
3498,Kiritimati,0,0,0,215,0,215,0,100,0,0,0.00086
3499,Kiritimati,0,0,0,130,0,130,0,100,0,0,0.00052
3500,Kiritimati,0,0,5,436,0,441,0,98.86621315,0,0,0.001764
3501,Kiritimati,0,0,0,73,0,73,0,100,0,0,0.000292
3502,Kiritimati,0,0,19,156,0,175,0,89.14285714,0,0,0.0007
3503,Kiritimati,0,0,6,4164,0,4170,0,99.85611511,0,0,0.01668
3504,Kiritimati,0,0,0,60,0,60,0,100,0,0,0.00024
3505,Kiritimati,0,0,0,42,0,42,0,100,0,0,0.000168
3506,Kiritimati,0,0,3,29,0,32,0,90.625,0,0,0.000128
3507,Kiritimati,0,0,0,110,0,110,0,100,0,0,0.00044
3508,Kiritimati,0,0,5,137,0,142,0,96.47887324,0,0,0.000568
3509,Kiritimati,0,0,18,176,0,194,0,90.72164948,0,0,0.000776
3510,Kiritimati,0,0,0,388,0,388,0,100,0,0,0.001552
3511,Kiritimati,0,0,0,74,0,74,0,100,0,0,0.000296
3512,Kiritimati,0,0,0,41,0,41,0,100,0,0,0.000164
3513,Kiritimati,0,0,0,731,0,731,0,100,0,0,0.002924
3514,Kiritimati,0,0,1,130,0,131,0,99.23664122,0,0,0.000524
3515,Kiritimati,0,0,0,196,0,196,0,100,0,0,0.000784
3516,Kiritimati,0,0,0,767,0,767,0,100,0,0,0.003068
3517,Kiritimati,0,0,0,124,0,124,0,100,0,0,0.000496
3518,Kiritimati,0,0,0,2451,0,2451,0,100,0,0,0.009804
3519,Kiritimati,0,0,0,180,0,180,0,100,0,0,0.00072
3520,Kiritimati,0,0,0,203,0,203,0,100,0,0,0.000812
3521,Kiritimati,0,0,0,62,0,62,0,100,0,0,0.000248
3522,Kiritimati,0,0,16,879,0,895,0,98.2122905,0,0,0.00358
3523,Kiritimati,0,0,0,279,0,279,0,100,0,0,0.001116
3524,Kiritimati,0,0,0,149,0,149,0,100,0,0,0.000596
3525,Kiritimati,0,0,1,149,0,150,0,99.33333333,0,0,0.0006
3526,Kiritimati,0,0,0,1370,0,1370,0,100,0,0,0.00548
3527,Kiritimati,0,0,0,175,0,175,0,100,0,0,0.0007
3528,Kiritimati,0,0,357,7919,0,8276,0,95.68632189,0,0,0.033104
3529,Kiritimati,0,0,0,46,0,46,0,100,0,0,0.000184
3530,Kiritimati,0,0,0,575,0,575,0,100,0,0,0.0023
3531,Kiritimati,0,0,0,3032,0,3032,0,100,0,0,0.012128
3532,Kiritimati,0,0,0,45,0,45,0,100,0,0,0.00018
3533,Kiritimati,0,0,0,156,0,156,0,100,0,0,0.000624
3534,Kiritimati,0,0,0,26,0,26,0,100,0,0,0.000104
3535,Kiritimati,0,0,0,61,0,61,0,100,0,0,0.000244
3536,Kiritimati,0,0,22,432,0,454,0,95.15418502,0,0,0.001816
3537,Kiritimati,0,0,0,217,0,217,0,100,0,0,0.000868
3538,Kiritimati,0,0,0,4571,0,4571,0,100,0,0,0.018284
3539,Kiritimati,0,0,0,77,0,77,0,100,0,0,0.000308
3540,Kiritimati,0,0,24,346,0,370,0,93.51351351,0,0,0.00148
3541,Kiritimati,0,0,0,194,0,194,0,100,0,0,0.000776
3542,Kiritimati,0,0,0,269,0,269,0,100,0,0,0.001076
3543,Kiritimati,0,0,0,78,0,78,0,100,0,0,0.000312
3544,Kiritimati,0,0,1,111,0,112,0,99.10714286,0,0,0.000448
3545,Kiritimati,0,0,0,123,0,123,0,100,0,0,0.000492
3546,Kiritimati,0,0,0,141,0,141,0,100,0,0,0.000564
3547,Kiritimati,0,0,0,58,0,58,0,100,0,0,0.000232
3548,Kiritimati,0,0,12,996,0,1008,0,98.80952381,0,0,0.004032
3549,Kiritimati,0,0,0,176,0,176,0,100,0,0,0.000704
3550,Kiritimati,0,0,0,39,0,39,0,100,0,0,0.000156
3551,Kiritimati,0,0,0,25,0,25,0,100,0,0,0.0001
3552,Kiritimati,0,0,0,59,0,59,0,100,0,0,0.000236
3553,Kiritimati,0,0,0,33,0,33,0,100,0,0,0.000132
3554,Kiritimati,0,0,0,140,0,140,0,100,0,0,0.00056
3555,Kiritimati,0,0,0,790,0,790,0,100,0,0,0.00316
3556,Kiritimati,0,0,0,33,0,33,0,100,0,0,0.000132
3557,Kiritimati,0,0,0,78,0,78,0,100,0,0,0.000312
3558,Kiritimati,0,0,0,50,0,50,0,100,0,0,0.0002
3559,Kiritimati,0,0,0,145,0,145,0,100,0,0,0.00058
3560,Kiritimati,0,0,0,56,0,56,0,100,0,0,0.000224
3561,Kiritimati,0,0,0,1405,0,1405,0,100,0,0,0.00562
3562,Kiritimati,0,0,23,10,0,33,0,30.3030303,0,0,0.000132
3563,Kiritimati,0,0,0,94,0,94,0,100,0,0,0.000376
3564,Kiritimati,0,0,0,28,0,28,0,100,0,0,0.000112
3565,Kiritimati,0,0,0,43,0,43,0,100,0,0,0.000172
3566,Kiritimati,0,0,0,307,0,307,0,100,0,0,0.001228
3567,Kiritimati,0,0,3,308,0,311,0,99.03536977,0,0,0.001244
3568,Kiritimati,0,0,0,30,0,30,0,100,0,0,0.00012
3569,Kiritimati,0,0,0,767,0,767,0,100,0,0,0.003068
3570,Kiritimati,4,100,691,563,0,1358,0.29455081,41.45802651,0.503144654,7.36377025,0.005432
3571,Kiritimati,0,0,0,66,0,66,0,100,0,0,0.000264
3572,Kiritimati,0,0,0,252,0,252,0,100,0,0,0.001008
3573,Kiritimati,0,0,0,688,0,688,0,100,0,0,0.002752
3574,Kiritimati,0,0,0,25,0,25,0,100,0,0,0.0001
3575,Kiritimati,0,0,101,0,0,101,0,0,0,0,0.000404
3576,Kiritimati,0,0,0,199,0,199,0,100,0,0,0.000796
3577,Kiritimati,0,0,0,46,0,46,0,100,0,0,0.000184
3578,Kiritimati,0,0,147,9,0,156,0,5.769230769,0,0,0.000624
3579,Kiritimati,0,0,0,1393,0,1393,0,100,0,0,0.005572
3580,Kiritimati,0,0,0,1408,0,1408,0,100,0,0,0.005632
3581,Kiritimati,0,0,156,440,0,596,0,73.82550336,0,0,0.002384
3582,Kiritimati,0,0,0,219,0,219,0,100,0,0,0.000876
3583,Kiritimati,0,0,0,2370,0,2370,0,100,0,0,0.00948
3584,Kiritimati,0,0,0,235,0,235,0,100,0,0,0.00094
3585,Kiritimati,0,0,0,83,0,83,0,100,0,0,0.000332
3586,Kiritimati,0,0,97,0,0,97,0,0,0,0,0.000388
3587,Kiritimati,0,0,1,1208,0,1209,0,99.91728701,0,0,0.004836
3588,Kiritimati,0,0,0,62,0,62,0,100,0,0,0.000248
3589,Kiritimati,0,0,0,208,0,208,0,100,0,0,0.000832
3590,Kiritimati,0,0,0,125,0,125,0,100,0,0,0.0005
3591,Kiritimati,0,0,0,446,0,446,0,100,0,0,0.001784
3592,Kiritimati,0,0,0,27,0,27,0,100,0,0,0.000108
3593,Kiritimati,0,0,0,400,0,400,0,100,0,0,0.0016
3594,Kiritimati,0,0,0,295,0,295,0,100,0,0,0.00118
3595,Kiritimati,0,0,0,166,0,166,0,100,0,0,0.000664
3596,Kiritimati,0,0,0,63,0,63,0,100,0,0,0.000252
3597,Kiritimati,0,0,0,40,0,40,0,100,0,0,0.00016
3598,Kiritimati,0,0,0,527,0,527,0,100,0,0,0.002108
3599,Kiritimati,0,0,0,88,0,88,0,100,0,0,0.000352
3600,Kiritimati,0,0,2,5121,0,5123,0,99.96096037,0,0,0.020492
3601,Kiritimati,0,0,0,55,0,55,0,100,0,0,0.00022
3602,Kiritimati,0,0,0,178,0,178,0,100,0,0,0.000712
3603,Kiritimati,0,0,0,61,0,61,0,100,0,0,0.000244
3604,Kiritimati,0,0,0,178,0,178,0,100,0,0,0.000712
3605,Kiritimati,0,0,0,79,0,79,0,100,0,0,0.000316
3606,Kiritimati,0,0,0,1607,0,1607,0,100,0,0,0.006428
3607,Kiritimati,0,0,0,105,0,105,0,100,0,0,0.00042
3608,Kiritimati,0,0,0,577,0,577,0,100,0,0,0.002308
3609,Kiritimati,0,0,0,1207,0,1207,0,100,0,0,0.004828
3610,Kiritimati,0,0,0,30,0,30,0,100,0,0,0.00012
3611,Kiritimati,0,0,0,189,0,189,0,100,0,0,0.000756
3612,Kiritimati,0,0,18,47,0,65,0,72.30769231,0,0,0.00026
3613,Kiritimati,0,0,0,91,0,91,0,100,0,0,0.000364
3614,Kiritimati,0,0,25,0,0,25,0,0,0,0,0.0001
3615,Kiritimati,0,0,0,74,0,74,0,100,0,0,0.000296
3616,Kiritimati,0,0,0,32,0,32,0,100,0,0,0.000128
3617,Kiritimati,0,0,0,114,0,114,0,100,0,0,0.000456
3618,Kiritimati,0,0,0,180,0,180,0,100,0,0,0.00072
3619,Kiritimati,0,0,0,105,0,105,0,100,0,0,0.00042
3620,Kiritimati,0,0,0,428,0,428,0,100,0,0,0.001712
3621,Kiritimati,0,0,0,117,0,117,0,100,0,0,0.000468
3622,Kiritimati,0,0,0,49,0,49,0,100,0,0,0.000196
3623,Kiritimati,0,0,0,1219,0,1219,0,100,0,0,0.004876
3624,Kiritimati,0,0,0,80,0,80,0,100,0,0,0.00032
3625,Kiritimati,0,0,0,95,0,95,0,100,0,0,0.00038
3626,Kiritimati,0,0,0,1025,0,1025,0,100,0,0,0.0041
3627,Kiritimati,0,0,0,1027,0,1027,0,100,0,0,0.004108
3628,Kiritimati,0,0,0,116,0,116,0,100,0,0,0.000464
3629,Kiritimati,0,0,0,40,0,40,0,100,0,0,0.00016
3630,Kiritimati,0,0,0,50,0,50,0,100,0,0,0.0002
3631,Kiritimati,0,0,0,71,0,71,0,100,0,0,0.000284
3632,Kiritimati,0,0,0,41,0,41,0,100,0,0,0.000164
3633,Kiritimati,0,0,0,360,0,360,0,100,0,0,0.00144
3634,Kiritimati,0,0,0,58,0,58,0,100,0,0,0.000232
3635,Kiritimati,0,0,0,48,0,48,0,100,0,0,0.000192
3636,Kiritimati,0,0,28,4735,0,4763,0,99.41213521,0,0,0.019052
3637,Kiritimati,0,0,0,33,0,33,0,100,0,0,0.000132
3638,Kiritimati,0,0,0,261,0,261,0,100,0,0,0.001044
3639,Kiritimati,0,0,0,87,0,87,0,100,0,0,0.000348
3640,Kiritimati,0,0,31,155,0,186,0,83.33333333,0,0,0.000744
3641,Kiritimati,0,0,0,5329,0,5329,0,100,0,0,0.021316
3642,Kiritimati,0,0,0,63,0,63,0,100,0,0,0.000252
3643,Kiritimati,0,0,3,292,0,295,0,98.98305085,0,0,0.00118
3644,Kiritimati,0,0,0,119,0,119,0,100,0,0,0.000476
3645,Kiritimati,0,0,0,1022,0,1022,0,100,0,0,0.004088
3646,Kiritimati,0,0,0,107,0,107,0,100,0,0,0.000428
3647,Kiritimati,0,0,0,224,0,224,0,100,0,0,0.000896
3648,Kiritimati,0,0,0,85,0,85,0,100,0,0,0.00034
3649,Kiritimati,0,0,0,173,0,173,0,100,0,0,0.000692
3650,Kiritimati,0,0,0,89,0,89,0,100,0,0,0.000356
3651,Kiritimati,0,0,0,104,0,104,0,100,0,0,0.000416
3652,Kiritimati,0,0,0,25,0,25,0,100,0,0,0.0001
3653,Kiritimati,0,0,0,735,0,735,0,100,0,0,0.00294
3654,Kiritimati,0,0,0,219,0,219,0,100,0,0,0.000876
3655,Kiritimati,0,0,0,427,0,427,0,100,0,0,0.001708
3656,Kiritimati,0,0,0,185,0,185,0,100,0,0,0.00074
3657,Kiritimati,0,0,0,82,0,82,0,100,0,0,0.000328
3658,Kiritimati,0,0,0,362,0,362,0,100,0,0,0.001448
3659,Kiritimati,0,0,0,94,0,94,0,100,0,0,0.000376
3660,Kiritimati,0,0,0,61,0,61,0,100,0,0,0.000244
3661,Kiritimati,0,0,0,52,0,52,0,100,0,0,0.000208
3662,Kiritimati,0,0,0,49,0,49,0,100,0,0,0.000196
3663,Kiritimati,0,0,0,77,0,77,0,100,0,0,0.000308
3664,Kiritimati,0,0,0,26,0,26,0,100,0,0,0.000104
3665,Kiritimati,0,0,1,6851,0,6852,0,99.98540572,0,0,0.027408
3666,Kiritimati,0,0,0,321,0,321,0,100,0,0,0.001284
3667,Kiritimati,0,0,0,603,0,603,0,100,0,0,0.002412
3668,Kiritimati,0,0,1,567,0,568,0,99.82394366,0,0,0.002272
3669,Kiritimati,0,0,0,684,0,684,0,100,0,0,0.002736
3670,Kiritimati,0,0,0,583,0,583,0,100,0,0,0.002332
3671,Kiritimati,0,0,0,74,0,74,0,100,0,0,0.000296
3672,Kiritimati,0,0,0,31,0,31,0,100,0,0,0.000124
3673,Kiritimati,0,0,0,125,0,125,0,100,0,0,0.0005
3674,Kiritimati,0,0,0,33,0,33,0,100,0,0,0.000132
3675,Kiritimati,0,0,0,404,0,404,0,100,0,0,0.001616
3676,Kiritimati,0,0,0,76,0,76,0,100,0,0,0.000304
3677,Kiritimati,0,0,0,81,0,81,0,100,0,0,0.000324
3678,Kiritimati,0,0,0,27,0,27,0,100,0,0,0.000108
3679,Kiritimati,0,0,0,439,0,439,0,100,0,0,0.001756
3680,Kiritimati,0,0,94,402,0,496,0,81.0483871,0,0,0.001984
3681,Kiritimati,0,0,0,201,0,201,0,100,0,0,0.000804
3682,Kiritimati,0,0,0,29,0,29,0,100,0,0,0.000116
3683,Kiritimati,0,0,0,35,0,35,0,100,0,0,0.00014
3684,Kiritimati,0,0,0,79,0,79,0,100,0,0,0.000316
3685,Kiritimati,0,0,0,31,0,31,0,100,0,0,0.000124
3686,Kiritimati,0,0,0,1706,0,1706,0,100,0,0,0.006824
3687,Kiritimati,0,0,0,65,0,65,0,100,0,0,0.00026
3688,Kiritimati,0,0,0,70,0,70,0,100,0,0,0.00028
3689,Kiritimati,0,0,44,0,0,44,0,0,0,0,0.000176
3690,Kiritimati,0,0,0,1089,0,1089,0,100,0,0,0.004356
3691,Kiritimati,0,0,0,488,0,488,0,100,0,0,0.001952
3692,Kiritimati,0,0,0,34,0,34,0,100,0,0,0.000136
3693,Kiritimati,0,0,1,743,0,744,0,99.8655914,0,0,0.002976
3694,Kiritimati,0,0,0,181,0,181,0,100,0,0,0.000724
3695,Kiritimati,0,0,0,26,0,26,0,100,0,0,0.000104
3696,Kiritimati,0,0,0,1163,0,1163,0,100,0,0,0.004652
3697,Kiritimati,0,0,0,442,0,442,0,100,0,0,0.001768
3698,Kiritimati,0,0,46,657,0,703,0,93.45661451,0,0,0.002812
3699,Kiritimati,0,0,0,376,0,376,0,100,0,0,0.001504
3700,Kiritimati,0,0,0,189,0,189,0,100,0,0,0.000756
3701,Kiritimati,0,0,0,105,0,105,0,100,0,0,0.00042
3702,Kiritimati,0,2,100,1666,0,1768,0,94.23076923,0,0.113122172,0.007072
3703,Kiritimati,0,0,49,0,0,49,0,0,0,0,0.000196
3704,Kiritimati,0,14,185,2112,0,2311,0,91.38900909,0,0.605798356,0.009244
3705,Kiritimati,0,0,0,989,0,989,0,100,0,0,0.003956
3706,Kiritimati,0,0,0,119,0,119,0,100,0,0,0.000476
3707,Kiritimati,0,0,0,156,0,156,0,100,0,0,0.000624
3708,Kiritimati,0,0,0,70,0,70,0,100,0,0,0.00028
3709,Kiritimati,0,0,0,71,0,71,0,100,0,0,0.000284
3710,Kiritimati,0,0,0,38,0,38,0,100,0,0,0.000152
3711,Kiritimati,0,0,0,27,0,27,0,100,0,0,0.000108
3712,Kiritimati,0,0,0,269,0,269,0,100,0,0,0.001076
3713,Kiritimati,0,0,0,91,0,91,0,100,0,0,0.000364
3714,Kiritimati,0,0,0,25,0,25,0,100,0,0,0.0001
3715,Kiritimati,0,0,0,2125,0,2125,0,100,0,0,0.0085
3716,Kiritimati,0,0,1,1473,0,1474,0,99.93215739,0,0,0.005896
3717,Kiritimati,0,0,0,67,0,67,0,100,0,0,0.000268
3718,Kiritimati,0,1,4,106,0,111,0,95.4954955,0,0.900900901,0.000444
3719,Kiritimati,0,0,45,1311,0,1356,0,96.68141593,0,0,0.005424
3720,Kiritimati,0,0,0,288,0,288,0,100,0,0,0.001152
3721,Kiritimati,0,0,0,139,0,139,0,100,0,0,0.000556
3722,Kiritimati,0,0,0,95,0,95,0,100,0,0,0.00038
3723,Kiritimati,0,0,0,70,0,70,0,100,0,0,0.00028
3724,Kiritimati,0,0,0,62,0,62,0,100,0,0,0.000248
3725,Kiritimati,0,0,0,39,0,39,0,100,0,0,0.000156
3726,Kiritimati,0,0,0,30,0,30,0,100,0,0,0.00012
3727,Kiritimati,0,0,0,33,0,33,0,100,0,0,0.000132
3728,Kiritimati,0,0,0,1800,0,1800,0,100,0,0,0.0072
3729,Kiritimati,0,0,10,92,0,102,0,90.19607843,0,0,0.000408
3730,Kiritimati,0,0,5,147,0,152,0,96.71052632,0,0,0.000608
3731,Kiritimati,0,0,45,89,0,134,0,66.41791045,0,0,0.000536
3732,Kiritimati,0,0,0,32,0,32,0,100,0,0,0.000128
3733,Kiritimati,0,0,2,252,0,254,0,99.21259843,0,0,0.001016
3734,Kiritimati,0,0,0,29,0,29,0,100,0,0,0.000116
3735,Kiritimati,0,0,0,75,0,75,0,100,0,0,0.0003
3736,Kiritimati,0,0,0,121,0,121,0,100,0,0,0.000484
3737,Kiritimati,0,0,96,67,0,163,0,41.10429448,0,0,0.000652
3738,Kiritimati,0,0,0,62,0,62,0,100,0,0,0.000248
3739,Kiritimati,0,0,0,62,0,62,0,100,0,0,0.000248
3740,Kiritimati,0,0,0,166,0,166,0,100,0,0,0.000664
3741,Kiritimati,0,0,0,212,0,212,0,100,0,0,0.000848
3742,Kiritimati,0,0,18,489,0,507,0,96.44970414,0,0,0.002028
3743,Kiritimati,0,0,5,319,0,324,0,98.45679012,0,0,0.001296
3744,Kiritimati,0,0,0,72,0,72,0,100,0,0,0.000288
3745,Kiritimati,0,0,0,174,0,174,0,100,0,0,0.000696
3746,Kiritimati,0,0,0,384,0,384,0,100,0,0,0.001536
3747,Kiritimati,0,0,0,472,0,472,0,100,0,0,0.001888
3748,Kiritimati,0,0,0,277,0,277,0,100,0,0,0.001108
3749,Kiritimati,0,0,0,26,0,26,0,100,0,0,0.000104
3750,Kiritimati,0,0,0,39,0,39,0,100,0,0,0.000156
3751,Kiritimati,0,0,0,96,0,96,0,100,0,0,0.000384
3752,Kiritimati,0,0,0,528,0,528,0,100,0,0,0.002112
3753,Kiritimati,0,0,0,56,0,56,0,100,0,0,0.000224
3754,Kiritimati,0,0,0,44,0,44,0,100,0,0,0.000176
3755,Kiritimati,0,0,0,54,0,54,0,100,0,0,0.000216
3756,Kiritimati,0,0,0,38,0,38,0,100,0,0,0.000152
3757,Kiritimati,0,0,0,25,0,25,0,100,0,0,0.0001
3758,Kiritimati,0,0,9,2938,0,2947,0,99.69460468,0,0,0.011788
3759,Kiritimati,0,0,0,190,0,190,0,100,0,0,0.00076
3760,Kiritimati,0,0,77,2,0,79,0,2.53164557,0,0,0.000316
3761,Kiritimati,0,0,0,85,0,85,0,100,0,0,0.00034
3762,Kiritimati,0,0,0,38,0,38,0,100,0,0,0.000152
3763,Kiritimati,0,0,0,47,0,47,0,100,0,0,0.000188
3764,Kiritimati,0,0,0,826,0,826,0,100,0,0,0.003304
3765,Kiritimati,0,0,0,27,0,27,0,100,0,0,0.000108
3766,Kiritimati,0,0,0,581,0,581,0,100,0,0,0.002324
3767,Kiritimati,0,0,0,68,0,68,0,100,0,0,0.000272
3768,Kiritimati,0,0,0,47,0,47,0,100,0,0,0.000188
3769,Kiritimati,0,0,0,29,0,29,0,100,0,0,0.000116
3770,Kiritimati,0,0,0,475,0,475,0,100,0,0,0.0019
3771,Kiritimati,0,0,0,31,0,31,0,100,0,0,0.000124
3772,Kiritimati,0,0,0,785,0,785,0,100,0,0,0.00314
3773,Kiritimati,0,0,0,91,0,91,0,100,0,0,0.000364
3774,Kiritimati,0,0,0,47,0,47,0,100,0,0,0.000188
3775,Kiritimati,0,0,0,130,0,130,0,100,0,0,0.00052
3776,Kiritimati,0,0,0,64,0,64,0,100,0,0,0.000256
3777,Kiritimati,0,0,0,51,0,51,0,100,0,0,0.000204
3778,Kiritimati,0,0,0,65,0,65,0,100,0,0,0.00026
3779,Kiritimati,0,0,0,35,0,35,0,100,0,0,0.00014
3780,Kiritimati,0,0,0,981,0,981,0,100,0,0,0.003924
3781,Kiritimati,0,0,10,3286,0,3296,0,99.69660194,0,0,0.013184
3782,Kiritimati,0,0,0,31,0,31,0,100,0,0,0.000124
3783,Kiritimati,0,14,186,591,0,791,0,74.71554994,0,1.769911504,0.003164
3784,Kiritimati,0,0,0,189,0,189,0,100,0,0,0.000756
3785,Kiritimati,0,0,0,149,0,149,0,100,0,0,0.000596
3786,Kiritimati,0,0,0,352,0,352,0,100,0,0,0.001408
3787,Kiritimati,0,0,94,22,0,116,0,18.96551724,0,0,0.000464
3788,Kiritimati,0,0,0,48,0,48,0,100,0,0,0.000192
3789,Kiritimati,0,5,120,1353,0,1478,0,91.54262517,0,0.338294993,0.005912
3790,Kiritimati,0,0,0,96,0,96,0,100,0,0,0.000384
3791,Kiritimati,0,0,0,33,0,33,0,100,0,0,0.000132
3792,Kiritimati,0,0,0,30,0,30,0,100,0,0,0.00012
3793,Kiritimati,0,0,0,2256,0,2256,0,100,0,0,0.009024
3794,Kiritimati,0,0,0,35,0,35,0,100,0,0,0.00014
3795,Kiritimati,0,0,2,380,0,382,0,99.47643979,0,0,0.001528
3796,Kiritimati,0,0,0,72,0,72,0,100,0,0,0.000288
3797,Kiritimati,0,0,0,97,0,97,0,100,0,0,0.000388
3798,Kiritimati,0,0,0,991,0,991,0,100,0,0,0.003964
3799,Kiritimati,0,0,1,231,0,232,0,99.56896552,0,0,0.000928
3800,Kiritimati,0,0,0,27,0,27,0,100,0,0,0.000108
3801,Kiritimati,0,0,0,36,0,36,0,100,0,0,0.000144
3802,Kiritimati,0,0,0,221,0,221,0,100,0,0,0.000884
3803,Kiritimati,0,0,0,52,0,52,0,100,0,0,0.000208
3804,Kiritimati,0,0,2,617,0,619,0,99.67689822,0,0,0.002476
3805,Kiritimati,0,0,2,669,0,671,0,99.70193741,0,0,0.002684
3806,Kiritimati,0,0,1,129,0,130,0,99.23076923,0,0,0.00052
3807,Kiritimati,0,0,0,112,0,112,0,100,0,0,0.000448
3808,Kiritimati,0,0,0,79,0,79,0,100,0,0,0.000316
3809,Kiritimati,0,0,0,179,0,179,0,100,0,0,0.000716
3810,Kiritimati,0,0,1,123,0,124,0,99.19354839,0,0,0.000496
3811,Kiritimati,0,0,0,60,0,60,0,100,0,0,0.00024
3812,Kiritimati,0,0,10,2156,0,2166,0,99.53831948,0,0,0.008664
3813,Kiritimati,4,0,248,348,0,600,0.666666667,58,1.587301587,0,0.0024
3814,Kiritimati,0,0,0,50,0,50,0,100,0,0,0.0002
3815,Kiritimati,0,0,0,291,0,291,0,100,0,0,0.001164
3816,Kiritimati,0,0,0,493,0,493,0,100,0,0,0.001972
3817,Kiritimati,0,0,0,57,0,57,0,100,0,0,0.000228
3818,Kiritimati,0,0,111,516,0,627,0,82.29665072,0,0,0.002508
3819,Kiritimati,0,0,14,1212,0,1226,0,98.85807504,0,0,0.004904
3820,Kiritimati,0,0,2,113,0,115,0,98.26086957,0,0,0.00046
3821,Kiritimati,0,0,0,217,0,217,0,100,0,0,0.000868
3822,Kiritimati,0,0,0,48,0,48,0,100,0,0,0.000192
3823,Kiritimati,0,0,0,669,0,669,0,100,0,0,0.002676
3824,Kiritimati,0,0,0,391,0,391,0,100,0,0,0.001564
3825,Kiritimati,0,0,25,0,0,25,0,0,0,0,0.0001
3826,Kiritimati,0,0,0,48,0,48,0,100,0,0,0.000192
3827,Kiritimati,0,0,2,61,0,63,0,96.82539683,0,0,0.000252
3828,Kiritimati,3000959,2334154,29320010,55178026,0,89833149,3.340592012,61.42278949,8.659496029,2.598321473,359.332596
3829,Kiritimati,0,0,0,94,0,94,0,100,0,0,0.000376
3831,Kure,2717,47210,104129,68332,0,222388,1.221738583,30.72647805,1.763644389,21.22866342,0.889552
3832,Kuria,430830,413760,235184,177630,0,1257404,34.26345073,14.12672458,39.90001611,32.90589182,5.029616
3833,Kuria,3,114,244,0,0,361,0.831024931,0,0.831024931,31.57894737,0.001444
3834,Kuria,1259903,675747,322201,256501,27640,2541992,50.10845737,10.20147537,55.80098067,26.8755926,10.167968
3835,Kwajalein,0,0,0,536,0,536,0,100,0,0,0.002144
3836,Kwajalein,0,0,0,53,0,53,0,100,0,0,0.000212
3837,Kwajalein,64623,125617,141745,89374,0,421359,15.33680306,21.21089143,19.46563851,29.81234529,1.685436
3838,Kwajalein,5229,15358,1974,2997,0,25558,20.45934737,11.72626966,23.17716413,60.09077393,0.102232
3839,Kwajalein,8,17,124,790,0,939,0.851970181,84.13205538,5.369127517,1.810436635,0.003756
3840,Kwajalein,8128,10400,2783,4210,0,25521,31.84828181,16.4962188,38.13992774,40.75075428,0.102084
3841,Kwajalein,43,309,219,1147,0,1718,2.502910361,66.7636787,7.530647986,17.98603027,0.006872
3842,Kwajalein,3488,3982,1654,1557,0,10681,32.65611834,14.57728677,38.228847,37.28115345,0.042724
3843,Kwajalein,3727,3107,8509,13051,0,28394,13.12601254,45.96393604,24.29120772,10.94245263,0.113576
3844,Kwajalein,275,695,597,1387,0,2954,9.309410968,46.95328368,17.54945756,23.52742045,0.011816
3845,Kwajalein,3995,12731,4815,4643,0,26184,15.2574091,17.73220287,18.5460285,48.62129545,0.104736
3846,Kwajalein,1688,5341,2232,3177,0,12438,13.57131372,25.54269175,18.22697333,42.9409873,0.049752
3847,Kwajalein,14641,18528,2133,2128,0,37430,39.11568261,5.685279188,41.4735709,49.50040075,0.14972
3848,Kwajalein,4839,9500,12577,12343,0,39259,12.32583611,31.4399246,17.97815426,24.19827301,0.157036
3849,Kwajalein,650,1458,4844,12486,0,19438,3.343965429,64.2350036,9.349827388,7.500771684,0.077752
3850,Kwajalein,0,0,0,477,0,477,0,100,0,0,0.001908
3851,Kwajalein,8352,33081,3700,5078,0,50211,16.63380534,10.11332178,18.50530654,65.88396965,0.200844
3852,Kwajalein,70863,32704,14788,16571,0,134926,52.5198998,12.28154692,59.87326264,24.23847146,0.539704
3853,Kwajalein,1075,3770,1757,1889,0,8491,12.66046402,22.24708515,16.28294456,44.39995289,0.033964
3854,Kwajalein,39,246,2033,6234,0,8552,0.456033676,72.89522919,1.682484901,2.876520112,0.034208
3855,Kwajalein,0,0,0,1962,0,1962,0,100,0,0,0.007848
3856,Kwajalein,2195,2515,4065,3241,0,12016,18.26731025,26.97237017,25.01424501,20.9304261,0.048064
3857,Kwajalein,0,0,482,1063,0,1545,0,68.802589,0,0,0.00618
3858,Kwajalein,63718,124241,93104,28521,0,309584,20.58181301,9.21268541,22.67036216,40.13159595,1.238336
3859,Kwajalein,498,665,1619,1762,0,4544,10.95950704,38.77640845,17.9007908,14.6346831,0.018176
3860,Kwajalein,279,2966,12925,10545,0,26715,1.044357103,39.47220663,1.72541744,11.10237694,0.10686
3861,Kwajalein,5502,7588,8478,2757,0,24325,22.61870504,11.3340185,25.51001484,31.1942446,0.0973
3862,Kwajalein,1119,7338,7170,5828,0,21455,5.215567467,27.16383127,7.160683433,34.20181776,0.08582
3863,Kwajalein,13026,8955,5961,1824,0,29766,43.76133844,6.127796815,46.61799442,30.08466035,0.119064
3864,Kwajalein,1931,10757,50761,34637,0,98086,1.968680546,35.31288869,3.043389179,10.96690659,0.392344
3865,Kwajalein,112,757,1615,4092,0,6576,1.703163017,62.22627737,4.508856683,11.51155718,0.026304
3866,Kwajalein,4148,9693,15261,3499,0,32601,12.72353609,10.73279961,14.25331592,29.7322168,0.130404
3867,Kwajalein,187,1823,9277,7731,0,19018,0.983278999,40.65096225,1.656773279,9.585655695,0.076072
3868,Kwajalein,114,1317,8395,9247,0,19073,0.59770356,48.48214754,1.160187258,6.905049022,0.076292
3869,Kwajalein,1496,2884,1419,1618,0,7417,20.16988001,21.8147499,25.7975513,38.88364568,0.029668
3870,Kwajalein,12087,20185,38874,29747,0,100893,11.98001844,29.48371047,16.98900852,20.00634335,0.403572
3871,Kwajalein,7916,7983,5118,4555,0,25572,30.95573283,17.81245112,37.66474759,31.21773815,0.102288
3872,Kwajalein,746,2060,1625,1512,0,5943,12.55258287,25.44169611,16.83592868,34.6626283,0.023772
3873,Kwajalein,18143,19292,6142,13928,0,57505,31.55029997,24.22050256,41.63434839,33.5483871,0.23002
3874,Kwajalein,614,2673,3129,3545,0,9961,6.164039755,35.58879631,9.569825436,26.83465516,0.039844
3875,Kwajalein,0,0,884,11533,0,12417,0,92.88072803,0,0,0.049668
3876,Kwajalein,0,0,27,266,0,293,0,90.78498294,0,0,0.001172
3877,Kwajalein,0,0,0,1046,0,1046,0,100,0,0,0.004184
3878,Kwajalein,10530,8091,10290,3664,0,32575,32.32540292,11.24788949,36.42212307,24.838066,0.1303
3879,Kwajalein,5772,8263,6720,7474,0,28229,20.44705799,26.47631868,27.81016623,29.27131673,0.112916
3880,Kwajalein,1335,2782,4201,4150,0,12468,10.70741097,33.28521014,16.04953114,22.31312159,0.049872
3881,Kwajalein,15,0,1116,3129,0,4260,0.352112676,73.45070423,1.326259947,0,0.01704
3882,Kwajalein,1437,2280,2873,3532,0,10122,14.19679905,34.89428967,21.80576631,22.52519265,0.040488
3883,Kwajalein,11635,18529,6990,4281,0,41435,28.0801255,10.33184506,31.31560532,44.71823338,0.16574
3884,Kwajalein,27902,18384,18139,19211,0,83636,33.36123201,22.96977378,43.30927435,21.98096513,0.334544
3885,Kwajalein,744,45,1896,11750,0,14435,5.154139245,81.39937652,27.70949721,0.311742293,0.05774
3886,Kwajalein,1160,494,755,2714,0,5123,22.64298263,52.97677142,48.15276048,9.642787429,0.020492
3887,Kwajalein,3745,1246,1132,5764,0,11887,31.50500547,48.489947,61.16282868,10.4820392,0.047548
3888,Kwajalein,3224,11960,2575,2700,1178,21637,15.75834596,13.19712596,18.15417535,58.45838017,0.086548
3889,Kwajalein,27240,18844,6746,7553,0,60383,45.11203484,12.50848749,51.56161272,31.20745905,0.241532
3890,Kwajalein,5373,741,1840,6353,0,14307,37.55504299,44.40483679,67.55091778,5.179282869,0.057228
3891,Kwajalein,4868,2626,4223,5565,0,17282,28.16803611,32.20113413,41.54647094,15.19500058,0.069128
3892,Kwajalein,10901,30977,6039,13608,3056,64581,17.71800081,22.11783828,22.74975478,50.34863876,0.258324
3893,Kwajalein,81901,28108,36166,74985,0,221160,37.03246518,33.90531742,56.02941679,12.7093507,0.88464
3894,Kwajalein,11108,21856,18264,10679,9109,71016,17.9430436,17.25006865,21.68345436,35.30456976,0.284064
3895,Kwajalein,1,0,42,1892,0,1935,0.051679587,97.77777778,2.325581395,0,0.00774
3896,Kwajalein,5,2,93,858,0,958,0.521920668,89.56158664,5,0.208768267,0.003832
3897,Kwajalein,32476,63817,19776,20424,0,136493,23.79316155,14.96340472,27.9799085,46.75477863,0.545972
3898,Kwajalein,26,1237,3251,3405,0,7919,0.328324283,42.99785326,0.575985822,15.62065917,0.031676
3899,Kwajalein,5896,11078,8143,3833,2138,31088,20.36614853,13.24006908,23.47414102,38.26597582,0.124352
3900,Kwajalein,20209,19260,8449,12413,0,60331,33.49687557,20.57482886,42.17413081,31.92388656,0.241324
3901,Kwajalein,69,226,751,1885,0,2931,2.354145343,64.31252132,6.596558317,7.710678949,0.011724
3902,Kwajalein,4510,13826,10747,13249,0,42332,10.65387886,31.29783615,15.50734106,32.66087121,0.169328
3903,Kwajalein,29600,48022,10547,10626,2478,101273,29.96103042,10.75560504,33.57189035,48.60772306,0.405092
3904,Kwajalein,27528,29945,7122,11460,0,76055,36.19485898,15.06804286,42.61630157,39.3728223,0.30422
3905,Kwajalein,35,3,190,3148,0,3376,1.036729858,93.2464455,15.35087719,0.088862559,0.013504
3906,Kwajalein,10244,19208,7576,12755,0,49783,20.57730551,25.62119599,27.66555039,38.58345218,0.199132
3907,Kwajalein,564,4564,4076,3346,0,12550,4.494023904,26.66135458,6.127770535,36.36653386,0.0502
3908,Kwajalein,4109,21645,4497,3775,0,34026,12.07605948,11.09445718,13.58302205,63.61311938,0.136104
3909,Kwajalein,1132,7743,2592,2665,0,14132,8.010189641,18.85791112,9.871806052,54.79054628,0.056528
3910,Kwajalein,12456,28665,19655,4197,24676,89649,19.17104028,6.459606298,20.49493221,44.11832607,0.358596
3911,Kwajalein,544,4237,21244,33747,0,59772,0.910125142,56.45954628,2.090297791,7.088603359,0.239088
3912,Kwajalein,7863,7137,4347,3188,2107,24642,34.89238962,14.14688263,40.64195999,31.67073441,0.098568
3913,Kwajalein,0,2,259,3683,0,3944,0,93.38235294,0,0.050709939,0.015776
3914,Kwajalein,2051,2382,1017,1648,0,7098,28.89546351,23.21780783,37.63302752,33.55874894,0.028392
3915,Kwajalein,11772,15593,8238,7089,20290,62982,27.57425279,16.60498454,33.06462939,36.52440738,0.251928
3916,Kwajalein,30362,88925,14737,16602,0,150626,20.15721057,11.02200151,22.6541515,59.03695245,0.602504
3917,Kwajalein,539,122,3099,5657,0,9417,5.723691197,60.07220983,14.33510638,1.295529362,0.037668
3918,Kwajalein,5185,29348,7506,5538,0,47577,10.89812304,11.64007819,12.33378529,61.68526809,0.190308
3919,Kwajalein,0,0,260,2317,0,2577,0,89.91074893,0,0,0.010308
3920,Kwajalein,21387,11120,8883,5393,0,46783,45.71532394,11.52769168,51.67190143,23.76931791,0.187132
3921,Kwajalein,17814,20109,14190,3615,0,55728,31.96597761,6.486864772,34.18340913,36.08419466,0.222912
3922,Kwajalein,13215,13566,5064,1836,2981,36662,39.23577091,5.451144562,41.49788036,40.27790149,0.146648
3923,Kwajalein,14498,11976,19017,7790,84350,137631,27.21045025,14.62059646,31.87004023,22.47705561,0.550524
3924,Kwajalein,12290,28575,66374,183058,0,290297,4.233595249,63.0588673,11.46038288,9.84336731,1.161188
3925,Kwajalein,1057,1033,1824,2458,0,6372,16.58819837,38.57501569,27.00562085,16.21155053,0.025488
3926,Kwajalein,251,181,1023,1438,0,2893,8.67611476,49.70618735,17.25085911,6.256481161,0.011572
3927,Kwajalein,22441,21747,11822,10357,0,66367,33.81349164,15.60564738,40.06605963,32.76779122,0.265468
3928,Kwajalein,0,0,0,74,0,74,0,100,0,0,0.000296
3929,Kwajalein,0,0,8,17,0,25,0,68,0,0,0.0001
3930,Kwajalein,0,0,0,25,0,25,0,100,0,0,0.0001
3931,Kwajalein,36297,71117,295341,354386,0,757141,4.793955155,46.80581292,9.01217862,9.39283436,3.028564
3932,Lae,27127,13292,4102,9136,0,53657,50.55631139,17.0266694,60.9307967,24.77216393,0.214628
3933,Lae,0,0,12,1109,0,1121,0,98.92952721,0,0,0.004484
3934,Lae,6008,4589,1206,3577,0,15380,39.06371912,23.25747724,50.90231297,29.83745124,0.06152
3935,Lae,5581,4759,1004,3527,0,14871,37.52941968,23.71730213,49.19781382,32.00188286,0.059484
3936,Lae,5002,4660,988,3509,0,14159,35.32735363,24.78282365,46.96713615,32.91192881,0.056636
3937,Lae,4887,3188,998,4039,0,13112,37.27120195,30.80384381,53.86311033,24.31360586,0.052448
3938,Lae,28674,11412,2638,8492,0,51216,55.9864105,16.58075601,67.11450239,22.28209934,0.204864
3939,Lae,10566,6217,1374,4611,0,22768,46.40723823,20.25210822,58.19243267,27.30586788,0.091072
3940,Lae,3515,1742,731,3572,0,9560,36.76778243,37.36401674,58.7007348,18.22175732,0.03824
3941,Lae,242,701,209,1205,0,2357,10.26728893,51.12431056,21.00694444,29.74119644,0.009428
3942,Lae,51,153,153,1071,0,1428,3.571428571,75,14.28571429,10.71428571,0.005712
3943,Lae,2038,636,524,2368,0,5566,36.61516349,42.54401725,63.72732958,11.42651815,0.022264
3944,Lae,125363,88988,54402,53019,0,321772,38.96019542,16.47719503,46.64617697,27.65560708,1.287088
3945,Lae,31891,11205,2785,8306,0,54187,58.85359957,15.3283998,69.50807524,20.6783915,0.216748
3946,Lae,1182,809,981,4279,0,7251,16.30119983,59.01254999,39.77119785,11.15708178,0.029004
3947,Lamotrek,23116,13022,1287,1302,0,38727,59.68962223,3.361995507,61.76619906,33.62511943,0.154908
3948,Lamotrek,9414,6545,741,2045,0,18745,50.22139237,10.90957589,56.37125749,34.91597759,0.07498
3949,Lamotrek,100011,51418,5238,5872,0,162539,61.53046346,3.61267142,63.83667269,31.63425393,0.650156
3954,Lib,112010,81426,31863,16406,0,241705,46.34161478,6.787612999,49.71615498,33.6881736,0.96682
3955,Likiep,91,193,873,2118,0,3275,2.778625954,64.67175573,7.865168539,5.893129771,0.0131
3956,Likiep,6715,5174,11883,6212,0,29984,22.39527748,20.71771612,28.24751809,17.2558698,0.119936
3957,Likiep,125474,90030,137237,62427,0,415168,30.22246416,15.03656351,35.57114143,21.68519732,1.660672
3958,Likiep,0,3,129,193,0,325,0,59.38461538,0,0.923076923,0.0013
3959,Likiep,21,568,1524,1473,0,3586,0.585610708,41.07640825,0.99384761,15.83937535,0.014344
3960,Likiep,0,0,49,167,0,216,0,77.31481481,0,0,0.000864
3961,Likiep,607,4467,2789,2338,0,10201,5.95039702,22.91932164,7.71969986,43.78982453,0.040804
3962,Likiep,10,234,1687,1243,0,3174,0.315059861,39.16194077,0.51786639,7.372400756,0.012696
3963,Likiep,143,1870,2788,2180,0,6981,2.048417132,31.22761782,2.978546136,26.78699327,0.027924
3964,Likiep,1834,7083,5147,3910,0,17974,10.20362746,21.75364415,13.0403868,39.40692111,0.071896
3965,Likiep,4033,14395,11089,11507,0,41024,9.830830733,28.04943448,13.66331267,35.08921607,0.164096
3966,Likiep,671,4381,5517,3421,0,13990,4.796283059,24.45318084,6.348755795,31.31522516,0.05596
3967,Likiep,1469,8272,7611,4021,0,21373,6.873157722,18.81345623,8.465882895,38.70303654,0.085492
3968,Likiep,66878,68935,102897,48277,0,286987,23.30349458,16.82201633,28.0164216,24.02025179,1.147948
3969,Likiep,2453,2521,4917,8053,0,17944,13.67030762,44.87851092,24.80032353,14.04926438,0.071776
3970,Likiep,2735,4633,5112,6620,0,19100,14.31937173,34.65968586,21.9150641,24.2565445,0.0764
3971,Likiep,0,0,18,1738,5171,6927,0,98.97494305,0,0,0.027708
3972,Likiep,87,24,4725,3992,0,8828,0.98550068,45.21975532,1.799007444,0.271862256,0.035312
3973,Likiep,19441,1837,13277,8513,11130,54198,45.14024334,19.7664159,56.26103314,4.265347822,0.216792
3974,Likiep,14,10,1049,2550,2940,6563,0.386420094,70.38365995,1.304753029,0.276014353,0.026252
3975,Likiep,6179,944,6860,8815,0,22798,27.10325467,38.66567243,44.18937281,4.140714098,0.091192
3976,Likiep,104,113,5441,4950,0,10608,0.980392157,46.66289593,1.838105338,1.065233786,0.042432
3977,Likiep,252,309,4017,4214,0,8792,2.866242038,47.92993631,5.504587156,3.51455869,0.035168
3978,Likiep,0,0,76,1580,0,1656,0,95.41062802,0,0,0.006624
3979,Likiep,149,188,2549,2878,0,5764,2.585010409,49.93060375,5.162855163,3.261623872,0.023056
3980,Likiep,2538,735,7275,2899,0,13447,18.87409831,21.55871198,24.06143345,5.465903175,0.053788
3981,Likiep,309,497,4915,7108,0,12829,2.408605503,55.40572141,5.401153644,3.874035389,0.051316
3982,Likiep,88,35,1773,5742,0,7638,1.152134067,75.17674784,4.641350211,0.45823514,0.030552
3983,Likiep,4232,374,6348,3948,0,14902,28.39887263,26.49308818,38.63428884,2.509730238,0.059608
3984,Likiep,3066,1211,12171,6501,0,22949,13.36005926,28.32803172,18.6405642,5.276918384,0.091796
3985,Likiep,506,356,4791,2680,0,8333,6.07224289,32.16128645,8.950999469,4.272170887,0.033332
3986,Likiep,93,1066,1667,3879,0,6705,1.387024609,57.85234899,3.290870488,15.89858315,0.02682
3987,Likiep,3,428,1098,2505,0,4034,0.074367873,62.09717402,0.196206671,10.60981656,0.016136
3988,Likiep,0,297,1636,3456,0,5389,0,64.13063648,0,5.511226573,0.021556
3989,Likiep,18688,8167,6053,8251,0,41159,45.4044073,20.04664836,56.78862283,19.84256177,0.164636
3990,Likiep,119064,27418,27469,31761,3913,209625,57.87897643,15.43954655,68.44686147,13.32834254,0.8385
3991,Likiep,10241,7039,4952,9686,0,31918,32.08534369,30.34651294,46.06423174,22.0533868,0.127672
3992,Likiep,15738,7298,7387,6473,0,36896,42.65503036,17.5439072,51.73059856,19.77992194,0.147584
3993,Likiep,35220,14824,41345,13172,0,104561,33.68368703,12.59743116,38.53855497,14.17737015,0.418244
3994,Likiep,0,40,298,1911,0,2249,0,84.97109827,0,1.778568253,0.008996
3995,Likiep,43164,15346,41585,14306,0,114401,37.73043942,12.50513544,43.12303312,13.41421841,0.457604
3996,Likiep,22450,2783,6212,15493,0,46938,47.82905109,33.00737143,71.39449833,5.929097959,0.187752
3997,Likiep,0,7,217,863,0,1087,0,79.39282429,0,0.643974241,0.004348
3998,Likiep,11909,7561,12724,9242,0,41436,28.74070856,22.30427647,36.99136485,18.2474177,0.165744
3999,Likiep,2,30,504,2558,0,3094,0.064641241,82.67614738,0.373134328,0.969618617,0.012376
4000,Likiep,1817,1363,2823,4454,0,10457,17.37592044,42.59347805,30.26819923,13.03433107,0.041828
4001,Likiep,32814,12289,8688,10129,0,63920,51.33604506,15.84637046,61.00276998,19.22559449,0.25568
4002,Likiep,9045,5436,6531,7612,2988,31612,31.59935718,26.59306875,43.04683038,18.99105646,0.126448
4003,Likiep,130,786,1598,2302,0,4816,2.699335548,47.79900332,5.171042164,16.32059801,0.019264
4004,Likiep,73301,30466,55336,19702,0,178805,40.99493862,11.01870753,46.07141286,17.03867342,0.71522
4005,Likiep,1,139,390,2693,0,3223,0.031026993,83.55569345,0.188679245,4.312752094,0.012892
4006,Likiep,683,1281,1512,3612,0,7088,9.636004515,50.95936795,19.64902186,18.0727991,0.028352
4007,Likiep,6,179,731,1694,0,2610,0.229885057,64.90421456,0.655021834,6.858237548,0.01044
4008,Likiep,50883,23801,12178,18222,0,105084,48.42126299,17.34041338,58.57912551,22.64949945,0.420336
4009,Likiep,242,825,1344,1276,3221,6908,6.563601844,34.60808245,10.03732891,22.37591538,0.027632
4010,Likiep,12083,9358,3051,5990,14801,45283,39.63978742,19.65094154,49.33447656,30.7000853,0.181132
4011,Likiep,13,175,1445,2679,0,4312,0.30148423,62.12894249,0.796080833,4.058441558,0.017248
4012,Likiep,16,104,466,2046,0,2632,0.607902736,77.73556231,2.730375427,3.951367781,0.010528
4013,Likiep,126,232,726,1940,0,3024,4.166666667,64.15343915,11.62361624,7.671957672,0.012096
4014,Likiep,4918,1966,10795,29469,0,47148,10.43098329,62.50318147,27.81831552,4.169848138,0.188592
4015,Likiep,0,0,25,0,0,25,0,0,0,0,0.0001
4016,Likiep,6182,321,8149,10110,0,24762,24.96567321,40.82868912,42.19219219,1.296341168,0.099048
4017,Likiep,90652,54367,157890,39288,0,342197,26.49117321,11.48110591,29.92713983,15.88763198,1.368788
4018,Likiep,31,72,2160,2585,547,5395,0.639438944,53.3209571,1.369863014,1.485148515,0.02158
4019,Likiep,8329,1044,6391,5823,0,21587,38.58340668,26.97456803,52.83557473,4.836244036,0.086348
4020,Likiep,1447,1291,6196,17724,4112,30770,5.428014105,66.48660815,16.1965525,4.842823918,0.12308
4021,Likiep,67820,16326,40085,30613,9947,164791,43.7989202,19.77022035,54.59184906,10.54351476,0.659164
4022,Liot,149910,127815,25889,5861,0,309475,48.44010017,1.893852492,49.3751935,41.30058971,1.2379
4023,Lisianski,10,563,141199,208128,0,349900,0.002857959,59.48213775,0.007053579,0.160903115,1.3996
4024,Losap,465,335,523,2223,0,3546,13.11336717,62.69035533,35.14739229,9.447264523,0.014184
4025,Losap,6390,5046,2800,5857,0,20093,31.80212014,29.14945503,44.88620399,25.11322351,0.080372
4026,Losap,9239,12656,6461,3772,0,32128,28.75684761,11.74053785,32.58216956,39.39243028,0.128512
4027,Losap,0,0,0,38,0,38,0,100,0,0,0.000152
4028,Losap,63028,78323,45236,12566,0,199153,31.6480294,6.309721671,33.77941657,39.32805431,0.796612
4029,Losap,452,316,397,165,0,1330,33.98496241,12.40601504,38.79828326,23.7593985,0.00532
4030,Losap,20691,30857,18851,5115,0,75514,27.40021718,6.773578409,29.39104249,40.8626215,0.302056
4031,Losap,12482,13764,12266,11398,0,49910,25.00901623,22.83710679,32.41067719,27.57763975,0.19964
4032,Lukunor,12824,4896,1338,1896,0,20954,61.2007254,9.048391715,67.28932732,23.36546721,0.083816
4033,Lukunor,21613,18508,11230,3460,0,54811,39.43186587,6.312601485,42.08876166,33.76694459,0.219244
4034,Lukunor,68875,32181,29542,8585,0,139183,49.48521012,6.16813835,52.73817363,23.12135821,0.556732
4035,Lukunor,861,220,501,593,0,2175,39.5862069,27.26436782,54.42477876,10.11494253,0.0087
4036,Lukunor,939,292,543,1399,0,3173,29.59344469,44.09076584,52.93122886,9.202647337,0.012692
4037,Lukunor,92,37,225,1214,0,1568,5.867346939,77.42346939,25.98870056,2.359693878,0.006272
4038,Lukunor,2,6,193,934,0,1135,0.176211454,82.2907489,0.995024876,0.528634361,0.00454
4039,Lukunor,136225,122368,32086,22104,0,312783,43.5525588,7.066880233,46.86441057,39.12233082,1.251132
4040,Lukunor,1915,396,771,1389,0,4471,42.8315813,31.06687542,62.13497729,8.857078953,0.017884
4041,Lukunor,831,146,342,643,0,1962,42.35474006,32.77268094,63.00227445,7.44138634,0.007848
4042,Lukunor,1982,692,422,552,0,3648,54.33114035,15.13157895,64.01808786,18.96929825,0.014592
4043,Lukunor,33553,21568,10125,11581,0,76827,43.67344814,15.07412759,51.42537474,28.07346376,0.307308
4044,Lukunor,573,296,250,1105,0,2224,25.76438849,49.6852518,51.20643432,13.30935252,0.008896
4045,Lukunor,1045,290,335,686,0,2356,44.35483871,29.11714771,62.5748503,12.3089983,0.009424
4046,Lukunor,4678,2702,2078,2583,0,12041,38.8505938,21.45170667,49.46077395,22.43999668,0.048164
4047,Lukunor,4364,1619,895,1486,0,8364,52.17599235,17.76661884,63.44867694,19.3567671,0.033456
4048,Lukunor,797,471,294,970,0,2532,31.47709321,38.30963665,51.02432778,18.60189573,0.010128
4049,Lukunor,1732,847,439,822,0,3840,45.10416667,21.40625,57.38899934,22.05729167,0.01536
4050,Maiana,0,0,0,25,0,25,0,100,0,0,0.0001
4051,Maiana,0,0,0,25,0,25,0,100,0,0,0.0001
4052,Maiana,0,0,0,25,0,25,0,100,0,0,0.0001
4053,Maiana,0,0,0,25,0,25,0,100,0,0,0.0001
4054,Maiana,0,0,0,288,0,288,0,100,0,0,0.001152
4055,Maiana,0,0,0,69,0,69,0,100,0,0,0.000276
4056,Maiana,0,0,0,25,0,25,0,100,0,0,0.0001
4057,Maiana,0,0,0,49,0,49,0,100,0,0,0.000196
4058,Maiana,0,0,0,25,0,25,0,100,0,0,0.0001
4059,Maiana,0,0,0,25,0,25,0,100,0,0,0.0001
4060,Maiana,0,0,0,25,0,25,0,100,0,0,0.0001
4061,Maiana,0,0,0,87,0,87,0,100,0,0,0.000348
4062,Maiana,0,0,0,25,0,25,0,100,0,0,0.0001
4063,Maiana,0,0,0,25,0,25,0,100,0,0,0.0001
4064,Maiana,0,0,0,25,0,25,0,100,0,0,0.0001
4065,Maiana,0,0,0,25,0,25,0,100,0,0,0.0001
4066,Maiana,0,0,0,25,0,25,0,100,0,0,0.0001
4067,Maiana,0,0,0,25,0,25,0,100,0,0,0.0001
4068,Maiana,0,0,0,34,0,34,0,100,0,0,0.000136
4069,Maiana,0,0,0,25,0,25,0,100,0,0,0.0001
4070,Maiana,0,0,0,25,0,25,0,100,0,0,0.0001
4071,Maiana,0,0,0,56,0,56,0,100,0,0,0.000224
4072,Maiana,0,0,0,25,0,25,0,100,0,0,0.0001
4073,Maiana,0,0,0,46,0,46,0,100,0,0,0.000184
4074,Maiana,0,0,0,25,0,25,0,100,0,0,0.0001
4075,Maiana,0,0,0,25,0,25,0,100,0,0,0.0001
4076,Maiana,0,0,0,25,0,25,0,100,0,0,0.0001
4077,Maiana,0,0,0,42,0,42,0,100,0,0,0.000168
4078,Maiana,0,0,0,25,0,25,0,100,0,0,0.0001
4079,Maiana,0,0,0,25,0,25,0,100,0,0,0.0001
4080,Maiana,0,0,0,67,0,67,0,100,0,0,0.000268
4081,Maiana,0,0,0,30,0,30,0,100,0,0,0.00012
4082,Maiana,0,0,0,25,0,25,0,100,0,0,0.0001
4083,Maiana,0,0,0,64,0,64,0,100,0,0,0.000256
4084,Maiana,0,0,0,25,0,25,0,100,0,0,0.0001
4085,Maiana,0,0,0,30,0,30,0,100,0,0,0.00012
4086,Maiana,0,0,0,25,0,25,0,100,0,0,0.0001
4087,Maiana,0,0,0,136,0,136,0,100,0,0,0.000544
4088,Maiana,0,0,0,30,0,30,0,100,0,0,0.00012
4089,Maiana,0,0,0,40,0,40,0,100,0,0,0.00016
4090,Maiana,0,0,0,25,0,25,0,100,0,0,0.0001
4091,Maiana,0,0,0,25,0,25,0,100,0,0,0.0001
4092,Maiana,0,0,0,70,0,70,0,100,0,0,0.00028
4093,Maiana,0,0,0,48,0,48,0,100,0,0,0.000192
4094,Maiana,252,13,239,152,0,656,38.41463415,23.17073171,50,1.981707317,0.002624
4095,Maiana,0,0,9,19,0,28,0,67.85714286,0,0,0.000112
4096,Maiana,351,49,487,465,0,1352,25.96153846,34.39349112,39.57158963,3.624260355,0.005408
4097,Maiana,0,0,15,36,0,51,0,70.58823529,0,0,0.000204
4098,Maiana,6,1,49,3,0,59,10.16949153,5.084745763,10.71428571,1.694915254,0.000236
4099,Maiana,324,40,558,442,0,1364,23.75366569,32.40469208,35.14099783,2.93255132,0.005456
4100,Maiana,0,0,26,12,0,38,0,31.57894737,0,0,0.000152
4101,Maiana,108,42,21,1,0,172,62.79069767,0.581395349,63.15789474,24.41860465,0.000688
4102,Maiana,0,0,0,25,0,25,0,100,0,0,0.0001
4103,Maiana,0,0,0,2030,0,2030,0,100,0,0,0.00812
4104,Maiana,0,0,0,96,0,96,0,100,0,0,0.000384
4105,Maiana,0,0,0,966,0,966,0,100,0,0,0.003864
4106,Maiana,0,0,0,388,0,388,0,100,0,0,0.001552
4107,Maiana,0,0,0,168,0,168,0,100,0,0,0.000672
4108,Maiana,0,0,0,39,0,39,0,100,0,0,0.000156
4109,Maiana,0,0,0,42,0,42,0,100,0,0,0.000168
4110,Maiana,0,0,0,661,0,661,0,100,0,0,0.002644
4111,Maiana,0,0,0,31,0,31,0,100,0,0,0.000124
4112,Maiana,0,0,0,121,0,121,0,100,0,0,0.000484
4113,Maiana,0,0,0,115,0,115,0,100,0,0,0.00046
4114,Maiana,0,0,0,88,0,88,0,100,0,0,0.000352
4115,Maiana,0,0,0,1740,0,1740,0,100,0,0,0.00696
4116,Maiana,0,0,0,235,0,235,0,100,0,0,0.00094
4117,Maiana,0,0,0,128,0,128,0,100,0,0,0.000512
4118,Maiana,0,0,0,414,0,414,0,100,0,0,0.001656
4119,Maiana,0,0,0,40,0,40,0,100,0,0,0.00016
4120,Maiana,0,0,0,28,0,28,0,100,0,0,0.000112
4121,Maiana,0,0,73,16909,0,16982,0,99.57013308,0,0,0.067928
4122,Maiana,0,0,0,27,0,27,0,100,0,0,0.000108
4123,Maiana,0,0,0,25,0,25,0,100,0,0,0.0001
4124,Maiana,0,0,0,232,0,232,0,100,0,0,0.000928
4125,Maiana,0,0,0,34,0,34,0,100,0,0,0.000136
4126,Maiana,0,0,0,64,0,64,0,100,0,0,0.000256
4127,Maiana,0,0,0,116,0,116,0,100,0,0,0.000464
4128,Maiana,0,0,0,89,0,89,0,100,0,0,0.000356
4129,Maiana,0,0,0,98,0,98,0,100,0,0,0.000392
4130,Maiana,0,0,0,216,0,216,0,100,0,0,0.000864
4131,Maiana,0,0,0,25,0,25,0,100,0,0,0.0001
4132,Maiana,0,0,0,484,0,484,0,100,0,0,0.001936
4133,Maiana,0,0,0,30,0,30,0,100,0,0,0.00012
4134,Maiana,6268,562,8446,139740,0,155016,4.043453579,90.14553336,41.03168369,0.362543221,0.620064
4135,Maiana,0,0,0,36,0,36,0,100,0,0,0.000144
4136,Maiana,0,0,0,168,0,168,0,100,0,0,0.000672
4137,Maiana,0,0,0,114,0,114,0,100,0,0,0.000456
4138,Maiana,0,0,0,5006,0,5006,0,100,0,0,0.020024
4139,Maiana,0,0,0,33,0,33,0,100,0,0,0.000132
4140,Maiana,4300,263,7604,148002,0,160169,2.684664323,92.40364865,35.34149749,0.164201562,0.640676
4141,Maiana,0,0,11,2012,0,2023,0,99.45625309,0,0,0.008092
4142,Maiana,0,0,0,167,0,167,0,100,0,0,0.000668
4143,Maiana,0,0,0,95,0,95,0,100,0,0,0.00038
4144,Maiana,0,0,0,100,0,100,0,100,0,0,0.0004
4145,Maiana,0,0,0,89,0,89,0,100,0,0,0.000356
4146,Maiana,0,0,0,152,0,152,0,100,0,0,0.000608
4147,Maiana,0,0,0,51,0,51,0,100,0,0,0.000204
4148,Maiana,0,0,0,26,0,26,0,100,0,0,0.000104
4149,Maiana,0,0,0,129,0,129,0,100,0,0,0.000516
4150,Maiana,0,0,0,70,0,70,0,100,0,0,0.00028
4151,Maiana,0,0,0,82,0,82,0,100,0,0,0.000328
4152,Maiana,0,0,0,102,0,102,0,100,0,0,0.000408
4153,Maiana,0,0,0,66,0,66,0,100,0,0,0.000264
4154,Maiana,0,0,0,113,0,113,0,100,0,0,0.000452
4155,Maiana,0,0,0,46,0,46,0,100,0,0,0.000184
4156,Maiana,0,0,0,2663,0,2663,0,100,0,0,0.010652
4157,Maiana,0,0,0,5381,0,5381,0,100,0,0,0.021524
4158,Maiana,255,6,2107,52444,0,54812,0.465226593,95.67977815,10.76858108,0.010946508,0.219248
4159,Maiana,0,0,0,218,0,218,0,100,0,0,0.000872
4160,Maiana,0,0,0,96,0,96,0,100,0,0,0.000384
4161,Maiana,0,0,0,44,0,44,0,100,0,0,0.000176
4162,Maiana,0,0,0,99,0,99,0,100,0,0,0.000396
4163,Maiana,0,0,0,176,0,176,0,100,0,0,0.000704
4164,Maiana,0,0,0,53,0,53,0,100,0,0,0.000212
4165,Maiana,0,0,0,2037,0,2037,0,100,0,0,0.008148
4166,Maiana,0,0,0,67,0,67,0,100,0,0,0.000268
4167,Maiana,0,0,0,289,0,289,0,100,0,0,0.001156
4168,Maiana,0,0,0,204,0,204,0,100,0,0,0.000816
4169,Maiana,0,0,0,242,0,242,0,100,0,0,0.000968
4170,Maiana,0,0,0,84,0,84,0,100,0,0,0.000336
4171,Maiana,0,0,0,36,0,36,0,100,0,0,0.000144
4172,Maiana,0,0,0,146,0,146,0,100,0,0,0.000584
4173,Maiana,0,0,0,1984,0,1984,0,100,0,0,0.007936
4174,Maiana,0,0,0,87,0,87,0,100,0,0,0.000348
4175,Maiana,0,0,0,141,0,141,0,100,0,0,0.000564
4176,Maiana,0,0,0,159,0,159,0,100,0,0,0.000636
4177,Maiana,0,0,0,68,0,68,0,100,0,0,0.000272
4178,Maiana,0,0,0,79,0,79,0,100,0,0,0.000316
4179,Maiana,0,0,0,30,0,30,0,100,0,0,0.00012
4180,Maiana,0,0,0,3934,0,3934,0,100,0,0,0.015736
4181,Maiana,0,0,0,90,0,90,0,100,0,0,0.00036
4182,Maiana,0,0,0,6621,0,6621,0,100,0,0,0.026484
4183,Maiana,0,0,0,54,0,54,0,100,0,0,0.000216
4184,Maiana,0,0,0,46,0,46,0,100,0,0,0.000184
4185,Maiana,0,0,0,40,0,40,0,100,0,0,0.00016
4186,Maiana,0,0,0,6241,0,6241,0,100,0,0,0.024964
4187,Maiana,0,0,0,359,0,359,0,100,0,0,0.001436
4188,Maiana,0,0,0,60,0,60,0,100,0,0,0.00024
4189,Maiana,1957414,519602,949655,2750034,0,6176705,31.69026204,44.52267026,57.12290442,8.412284543,24.70682
4190,Majuro,670,115,3865,2024,0,6674,10.03895715,30.3266407,14.40860215,1.723104585,0.026696
4191,Majuro,26329,12242,28348,7456,13302,87677,35.40033613,10.02487395,39.34458076,16.45983193,0.350708
4192,Majuro,57371,19400,17257,30824,0,124852,45.95120623,24.6884311,61.0148041,15.53839746,0.499408
4193,Majuro,5684,2146,10185,3033,0,21048,27.00494109,14.40992018,31.55148487,10.19574306,0.084192
4194,Majuro,5276,1682,457,3331,0,10746,49.09733854,30.9975805,71.15306811,15.65233575,0.042984
4195,Majuro,1740,1377,441,4675,0,8233,21.13445888,56.78367545,48.90387858,16.7253735,0.032932
4196,Majuro,768,760,195,4991,0,6714,11.43878463,74.33720584,44.57341846,11.31963062,0.026856
4197,Majuro,4641,1329,595,5772,0,12337,37.61854584,46.78609062,70.69306931,10.77247305,0.049348
4198,Majuro,25774,26480,14189,7307,0,73750,34.94779661,9.90779661,38.79114429,35.90508475,0.295
4199,Majuro,0,1,24,0,0,25,0,0,0,4,0.0001
4200,Majuro,0,1,36,0,0,37,0,0,0,2.702702703,0.000148
4201,Majuro,5462,1672,6195,3352,0,16681,32.7438403,20.09471854,40.97831795,10.02337989,0.066724
4202,Majuro,1,0,829,999,0,1829,0.054674686,54.62001093,0.120481928,0,0.007316
4203,Majuro,3068,1093,2789,1190,0,8140,37.69041769,14.61916462,44.14388489,13.42751843,0.03256
4204,Majuro,125,39,1581,991,0,2736,4.56871345,36.22076023,7.163323782,1.425438596,0.010944
4205,Majuro,13447,5900,13727,4605,0,37679,35.68831445,12.22166193,40.6573139,15.65858967,0.150716
4206,Majuro,7524,2151,6179,3342,0,19196,39.19566576,17.40987706,47.45805475,11.20545947,0.076784
4207,Majuro,112,85,1981,1548,0,3726,3.005904455,41.54589372,5.142332415,2.281266774,0.014904
4208,Majuro,2134,459,1760,842,0,5195,41.07795958,16.2078922,49.02366184,8.835418672,0.02078
4209,Majuro,0,0,332,458,0,790,0,57.97468354,0,0,0.00316
4210,Majuro,0,0,355,456,0,811,0,56.22688039,0,0,0.003244
4211,Majuro,4582,923,6502,3066,0,15073,30.3987262,20.3410071,38.16107271,6.123532144,0.060292
4212,Majuro,1274,287,2833,2059,0,6453,19.74275531,31.90763986,28.99408284,4.447543778,0.025812
4213,Majuro,3147,568,3248,1526,0,8489,37.0715043,17.9762045,45.19603619,6.691011898,0.033956
4214,Majuro,407,179,1056,474,0,2116,19.23440454,22.40075614,24.78684531,8.459357278,0.008464
4215,Majuro,4576,1123,3244,1062,0,10005,45.73713143,10.61469265,51.16851169,11.22438781,0.04002
4216,Majuro,11,3,1183,810,0,2007,0.548081714,40.35874439,0.918964077,0.149476831,0.008028
4217,Majuro,5810,1506,4878,1807,0,14001,41.49703593,12.90622098,47.64638347,10.75637454,0.056004
4218,Majuro,2926,1216,4288,1574,0,10004,29.24830068,15.73370652,34.70937129,12.15513794,0.040016
4219,Majuro,11058,3593,12223,4920,0,31794,34.7801472,15.47461785,41.14757758,11.30087438,0.127176
4220,Majuro,894,385,2076,630,0,3985,22.43412798,15.80928482,26.64679583,9.661229611,0.01594
4221,Majuro,670,802,1198,830,0,3500,19.14285714,23.71428571,25.09363296,22.91428571,0.014
4222,Majuro,26329,802,2418,747,0,30296,86.90586216,2.465672036,89.10284612,2.647214154,0.121184
4223,Majuro,57371,1578,4393,5083,0,68425,83.84508586,7.428571429,90.57339522,2.306174644,0.2737
4224,Majuro,5684,2176,2309,1352,0,11521,49.33599514,11.73509244,55.89536828,18.88724937,0.046084
4225,Majuro,5276,2434,6556,2057,0,16323,32.32248974,12.60185015,36.98303659,14.91147461,0.065292
4226,Majuro,1740,110,1697,1288,0,4835,35.98759049,26.63908997,49.05553989,2.275077559,0.01934
4227,Majuro,768,90,1318,696,0,2872,26.74094708,24.23398329,35.29411765,3.133704735,0.011488
4228,Majuro,9,4,336,599,0,948,0.949367089,63.18565401,2.578796562,0.421940928,0.003792
4229,Majuro,2453,1159,4751,993,0,9356,26.21846943,10.61351005,29.33157958,12.38777255,0.037424
4230,Majuro,4,10,1703,654,0,2371,0.168705188,27.58329819,0.232964473,0.421762969,0.009484
4231,Majuro,28597,4583,4761,3525,0,41466,68.96493513,8.50094053,75.37228855,11.0524285,0.165864
4232,Majuro,518,312,1062,797,0,2689,19.26366679,29.6392711,27.37843552,11.60282633,0.010756
4233,Majuro,1535,920,973,1193,0,4621,33.2179182,25.81692274,44.77829638,19.90911058,0.018484
4234,Majuro,272,191,4416,1250,0,6129,4.437918094,20.39484418,5.574912892,3.116332191,0.024516
4235,Majuro,72,50,381,663,0,1166,6.174957118,56.86106346,14.31411531,4.288164666,0.004664
4236,Majuro,206380,149628,288290,120804,2196,767298,26.97418122,15.78926731,32.0317617,19.55660814,3.069192
4237,Majuro,0,0,0,0,30,30,0,0,0,0,0.00012
4238,Majuro,64079,41764,122241,243130,49572,520786,13.59870462,51.59651453,28.09447397,8.86306434,2.083144
4239,Majuro,127393,131097,111203,90242,0,459935,27.69804429,19.62059856,34.45913231,28.50337548,1.83974
4240,Majuro,0,0,6,406,0,412,0,98.54368932,0,0,0.001648
4241,Majuro,0,0,29,0,0,29,0,0,0,0,0.000116
4242,Majuro,0,0,25,0,0,25,0,0,0,0,0.0001
4243,Majuro,0,0,60,113,0,173,0,65.31791908,0,0,0.000692
4244,Majuro,139053,108689,307996,325329,7095,888162,15.78234118,36.92443367,25.021323,12.33606525,3.552648
4245,Makalom,0,0,39,3,0,42,0,7.142857143,0,0,0.000168
4246,Makalom,0,0,47,139,0,186,0,74.7311828,0,0,0.000744
4247,Makalom,1293,1536,2270,7142,0,12241,10.56286251,58.34490646,25.35791332,12.54799444,0.048964
4248,Makalom,0,0,0,1476,0,1476,0,100,0,0,0.005904
4249,Makemo,18847,5785,22161,25096,0,71889,26.21680647,34.90937417,40.27739192,8.047128212,0.287556
4250,Makemo,139959,59448,219940,122744,0,542091,25.81835891,22.64269283,33.37546233,10.96642446,2.168364
4251,Makemo,227,76,7728,8185,0,16216,1.399851998,50.47483966,2.82654713,0.468672916,0.064864
4252,Makemo,25041,4249,58685,72147,0,160122,15.63870049,45.05751864,28.46376812,2.653601629,0.640488
4253,Makemo,6957,2541,41122,23697,0,74317,9.361249781,31.88637862,13.74357961,3.41913694,0.297268
4254,Makemo,54984,13007,71047,44119,0,183157,30.02014665,24.08807744,39.54602339,7.10155768,0.732628
4255,Makemo,142,50,8003,17317,0,25512,0.556600815,67.8778614,1.73276388,0.195986203,0.102048
4256,Makemo,0,0,8,149,0,157,0,94.9044586,0,0,0.000628
4257,Makemo,0,0,0,30,0,30,0,100,0,0,0.00012
4258,Makemo,101291,222140,387337,815083,0,1525851,6.638328382,53.41825644,14.25092295,14.55843329,6.103404
4259,Makemo,33961,105751,199385,255042,0,594139,5.716002484,42.92631859,10.01512841,17.79903356,2.376556
4260,Makemo,0,0,13,118,0,131,0,90.07633588,0,0,0.000524
4261,Makemo,1,0,14,17,0,32,3.125,53.125,6.666666667,0,0.000128
4262,Makemo,121174,131647,290553,303688,0,847062,14.30521024,35.85192111,22.30029409,15.54160144,3.388248
4263,Makemo,5516,8829,15899,22468,0,52712,10.46441038,42.62407042,18.23832826,16.74950675,0.210848
4264,Makemo,0,0,15,56,0,71,0,78.87323944,0,0,0.000284
4265,Makemo,173647,115813,464419,798988,0,1552867,11.18234852,51.45244248,23.03380251,7.458011536,6.211468
4266,Makemo,0,0,54,91,0,145,0,62.75862069,0,0,0.00058
4267,Makemo,0,0,43,208,0,251,0,82.8685259,0,0,0.001004
4268,Makemo,104443,123896,291914,566626,7932,1094811,9.609441345,52.13331015,20.07542484,11.39924499,4.379244
4269,Makemo,321,360,1624,8536,0,10841,2.960981459,78.73812379,13.92624729,3.32072687,0.043364
4270,Makemo,0,0,219,1534,0,1753,0,87.50713063,0,0,0.007012
4271,Makemo,200,734,590,642,0,2166,9.233610342,29.6398892,13.12335958,33.88734995,0.008664
4272,Makin,0,0,0,32,0,32,0,100,0,0,0.000128
4273,Makin,0,0,0,56,0,56,0,100,0,0,0.000224
4274,Makin,0,0,0,79,0,79,0,100,0,0,0.000316
4275,Makin,0,0,0,232,0,232,0,100,0,0,0.000928
4276,Makin,0,0,37,208,0,245,0,84.89795918,0,0,0.00098
4277,Makin,33,20,155,139,0,347,9.510086455,40.05763689,15.86538462,5.763688761,0.001388
4278,Makin,0,0,0,32,0,32,0,100,0,0,0.000128
4279,Makin,0,0,0,48,0,48,0,100,0,0,0.000192
4280,Makin,0,0,53,930,0,983,0,94.60834181,0,0,0.003932
4281,Makin,0,0,0,144,0,144,0,100,0,0,0.000576
4282,Makin,0,0,0,34,0,34,0,100,0,0,0.000136
4283,Makin,95,30,595,6334,0,7054,1.346753615,89.79302523,13.19444444,0.425290615,0.028216
4284,Makin,36,24,159,0,0,219,16.43835616,0,16.43835616,10.95890411,0.000876
4285,Makin,13,5,25,9,0,52,25,17.30769231,30.23255814,9.615384615,0.000208
4286,Makin,0,0,19,3195,0,3214,0,99.40883634,0,0,0.012856
4287,Makin,0,9,20,1,0,30,0,3.333333333,0,30,0.00012
4288,Makin,3,1,24,21,0,49,6.12244898,42.85714286,10.71428571,2.040816327,0.000196
4289,Makin,1,9,8,11,0,29,3.448275862,37.93103448,5.555555556,31.03448276,0.000116
4290,Makin,5,5,12,8,0,30,16.66666667,26.66666667,22.72727273,16.66666667,0.00012
4291,Makin,687126,224242,282205,179384,0,1372957,50.04716098,13.06552208,57.56882905,16.33277663,5.491828
4292,Makin,10887,9391,3592,8525,0,32395,33.60703812,26.31578947,45.60955174,28.98904152,0.12958
4293,Makin,1384,1507,616,3150,0,6657,20.79014571,47.31861199,39.46392928,22.63782485,0.026628
4294,Makin,135433,41009,24995,24107,0,225544,60.04726351,10.68838009,67.23342782,18.18226155,0.902176
4295,Makin,61151,37452,5344,23058,0,127005,48.14849809,18.15519074,58.82901863,29.48860281,0.50802
4296,Maloelap,0,0,0,50,0,50,0,100,0,0,0.0002
4297,Maloelap,3572,1214,2932,4621,0,12339,28.94886133,37.45036065,46.28142006,9.838722749,0.049356
4298,Maloelap,25,48,775,4103,0,4951,0.504948495,82.87214704,2.948113208,0.969501111,0.019804
4299,Maloelap,19427,40458,17874,18439,0,96198,20.19480654,19.16775817,24.98360318,42.05700742,0.384792
4300,Maloelap,3,408,2240,5541,0,8192,0.036621094,67.63916016,0.113164843,4.98046875,0.032768
4301,Maloelap,12101,18086,19228,11204,0,60619,19.96238803,18.48265395,24.48851563,29.83553011,0.242476
4302,Maloelap,1346,1625,2442,3985,0,9398,14.32219621,42.40263886,24.86606318,17.29091296,0.037592
4303,Maloelap,1295,2095,5212,7677,0,16279,7.955034093,47.1589164,15.05463846,12.86934087,0.065116
4304,Maloelap,1703,3387,3432,3822,0,12344,13.79617628,30.96241089,19.98357193,27.43843163,0.049376
4305,Maloelap,270,376,1259,3907,0,5812,4.645560908,67.22298692,14.17322835,6.46937371,0.023248
4306,Maloelap,1592,3818,5893,4020,0,15323,10.38961039,26.23507146,14.08475626,24.91679175,0.061292
4307,Maloelap,1266,1106,1245,2431,0,6048,20.93253968,40.19510582,35.00138236,18.28703704,0.024192
4308,Maloelap,1088,1015,1998,2393,0,6494,16.7539267,36.84939945,26.53011461,15.62981213,0.025976
4309,Maloelap,1638,2240,2345,2536,0,8759,18.70076493,28.95307684,26.32170979,25.57369563,0.035036
4310,Maloelap,440,428,1064,2621,0,4553,9.66395783,57.56643971,22.77432712,9.400395344,0.018212
4311,Maloelap,11882,9101,7173,11284,0,39440,30.12677485,28.61054767,42.20059668,23.07555781,0.15776
4312,Maloelap,57617,264280,152783,107237,0,581917,9.901240211,18.42822946,12.13807196,45.41541148,2.327668
4313,Maloelap,3879,4343,3353,5692,0,17267,22.46481728,32.96461458,33.51187905,25.15202409,0.069068
4314,Maloelap,959,357,1475,8101,0,10892,8.804627249,74.37568858,34.36044429,3.277634961,0.043568
4315,Maloelap,8586,14417,9111,8406,0,40520,21.18953603,20.74531096,26.73600299,35.57996051,0.16208
4316,Maloelap,1143,1190,2879,4348,0,9560,11.95606695,45.48117155,21.93016117,12.44769874,0.03824
4317,Maloelap,147,130,839,5911,0,7027,2.091931123,84.11840046,13.17204301,1.850007115,0.028108
4318,Maloelap,952,1788,1818,7721,0,12279,7.753074355,62.87971333,20.88635366,14.56144637,0.049116
4319,Maloelap,0,36,0,1154,0,1190,0,96.97478992,0,3.025210084,0.00476
4320,Maloelap,67855,27581,27016,14140,0,136592,49.67714068,10.35199719,55.4135498,20.19225138,0.546368
4321,Maloelap,615,1803,2296,2443,0,7157,8.592985888,34.13441386,13.04624523,25.1921196,0.028628
4322,Maloelap,330,4292,3668,2588,0,10878,3.033645891,23.79113808,3.980699638,39.45578231,0.043512
4323,Maloelap,763,2628,5225,2484,0,11100,6.873873874,22.37837838,8.855617456,23.67567568,0.0444
4324,Maloelap,0,0,38,0,0,38,0,0,0,0,0.000152
4325,Maloelap,12998,4167,6565,10100,0,33830,38.42151936,29.85515814,54.77454699,12.3174697,0.13532
4326,Maloelap,28,20,1600,1487,0,3135,0.893141946,47.43221691,1.699029126,0.637958533,0.01254
4327,Maloelap,60371,16378,15090,8581,0,100420,60.11850229,8.545110536,65.73568963,16.3095001,0.40168
4328,Maloelap,1410,968,3793,7010,0,13181,10.69721569,53.18261133,22.84880895,7.343904104,0.052724
4329,Maloelap,8255,5085,4380,2721,0,20441,40.38452131,13.31148183,46.58577878,24.87647375,0.081764
4330,Maloelap,76,319,975,1470,0,2840,2.676056338,51.76056338,5.547445255,11.23239437,0.01136
4331,Maloelap,602,1432,1774,1544,0,5352,11.24813154,28.8490284,15.80882353,26.75635277,0.021408
4332,Maloelap,14,424,699,1149,0,2286,0.612423447,50.26246719,1.231310466,18.54768154,0.009144
4333,Maloelap,38239,4656,10051,10119,52256,115321,60.63426623,16.04535004,72.22264194,7.382858955,0.461284
4334,Maloelap,0,5,633,4021,0,4659,0,86.30607426,0,0.107319167,0.018636
4335,Maloelap,2457,1157,3401,5727,0,12742,19.28268718,44.94584838,35.02494654,9.080207189,0.050968
4336,Maloelap,3534,1087,5152,5440,0,15213,23.23013212,35.75889042,36.16085133,7.145204759,0.060852
4337,Maloelap,40074,12518,14071,29274,0,95937,41.77116233,30.51377466,60.11430629,13.04814618,0.383748
4338,Maloelap,512,130,685,3022,0,4349,11.77282134,69.48723845,38.58327054,2.989192918,0.017396
4339,Maloelap,10024,4318,10638,11810,0,36790,27.24653438,32.10111443,40.12810248,11.73688502,0.14716
4340,Maloelap,1165,3692,4583,3440,0,12880,9.045031056,26.70807453,12.34110169,28.66459627,0.05152
4341,Maloelap,1,0,368,1079,0,1448,0.069060773,74.51657459,0.27100271,0,0.005792
4342,Maloelap,507,149,1073,4100,0,5829,8.697889861,70.33796535,29.32330827,2.556184594,0.023316
4343,Maloelap,246,89,984,2899,0,4218,5.832147937,68.72925557,18.6504928,2.110004742,0.016872
4344,Maloelap,235,727,3512,2128,0,6602,3.559527416,32.23265677,5.252570407,11.0118146,0.026408
4345,Maloelap,225,1600,2732,2455,0,7012,3.20878494,35.01140901,4.937458855,22.81802624,0.028048
4346,Maloelap,291,752,3972,3606,0,8621,3.375478483,41.82809419,5.802592223,8.722885976,0.034484
4347,Maloelap,0,0,30,112,0,142,0,78.87323944,0,0,0.000568
4348,Maloelap,2005,3640,3329,6585,0,15559,12.88643229,42.32277139,22.34232226,23.39481972,0.062236
4349,Maloelap,102888,162273,138206,70213,0,473580,21.72557963,14.82600617,25.50729237,34.26517167,1.89432
4350,Maloelap,2113,1454,5961,17860,0,27388,7.715057689,65.21104133,22.17674223,5.308894406,0.109552
4351,Maloelap,10172,15388,6102,9673,0,41335,24.60868513,23.40147575,32.12683974,37.22753115,0.16534
4352,Maloelap,0,0,202,3812,0,4014,0,94.96761335,0,0,0.016056
4353,Maloelap,0,0,0,0,42,42,0,0,0,0,0.000168
4354,Maloelap,0,0,0,0,25,25,0,0,0,0,0.0001
4355,Maloelap,0,0,0,0,28,28,0,0,0,0,0.000112
4356,Maloelap,0,0,0,0,62,62,0,0,0,0,0.000248
4357,Maloelap,0,0,0,0,25,25,0,0,0,0,0.0001
4358,Maloelap,0,0,0,0,43,43,0,0,0,0,0.000172
4359,Maloelap,7608,3775,8658,13031,0,33072,23.00435414,39.40191098,37.96217754,11.4144896,0.132288
4360,Maloelap,0,1,15,51,78153,78220,0,76.11940299,0,1.492537313,0.31288
4361,Maloelap,2584,2028,2977,2274,0,9863,26.19892528,23.05586536,34.04928186,20.56169522,0.039452
4362,Maloelap,11152,11637,14323,9429,0,46541,23.96166821,20.25955609,30.04957965,25.00376013,0.186164
4363,Maloelap,1121,650,1841,2721,0,6333,17.70093163,42.96541923,31.03543743,10.26369809,0.025332
4364,Maloelap,1826,699,2110,4449,0,9084,20.10127697,48.97622193,39.39590076,7.694848085,0.036336
4365,Maloelap,1184,476,1528,4006,0,7194,16.45815958,55.6852933,37.13927227,6.616624965,0.028776
4366,Maloelap,5120,3031,3976,3136,0,15263,33.54517461,20.54641945,42.21984003,19.85848129,0.061052
4367,Maloelap,112210,40618,47941,26174,0,226943,49.44413355,11.5332925,55.89010256,17.89788625,0.907772
4368,Maloelap,14677,12099,9126,5764,0,41666,35.22536361,13.83382134,40.88073088,29.03806461,0.166664
4369,Malum,9917,49580,3862,1879,0,65238,15.20126307,2.880223183,15.65207784,75.99865109,0.260952
4370,Malum,1135,1310,1928,2401,0,6774,16.75524063,35.44434603,25.95472216,19.33864777,0.027096
4371,Malum,2863,6306,2091,873,0,12133,23.59680211,7.195252617,25.42628774,51.97395533,0.048532
4372,Malum,0,36,105,45,0,186,0,24.19354839,0,19.35483871,0.000744
4373,Malum,43,283,1117,1986,0,3429,1.254009915,57.91776028,2.97990298,8.253135025,0.013716
4374,Malum,14,129,435,432,0,1010,1.386138614,42.77227723,2.422145329,12.77227723,0.00404
4375,Malum,42817,63101,7715,5717,0,119350,35.8751571,4.790113113,37.68007533,52.87054881,0.4774
4376,Malum,489,1782,791,527,0,3589,13.62496517,14.68375592,15.96995428,49.65171357,0.014356
4377,Malum,1438,1839,814,657,0,4748,30.28643639,13.83740522,35.15032999,38.73209773,0.018992
4378,Malum,3897,6952,2009,1100,0,13958,27.9194727,7.880785213,30.30797947,49.80656254,0.055832
4379,Malum,1168,3939,2161,1354,0,8622,13.5467409,15.70401299,16.07044579,45.68545581,0.034488
4380,Malum,13,39,157,57,0,266,4.887218045,21.42857143,6.220095694,14.66165414,0.001064
4381,Malum,3002,2470,1182,662,0,7316,41.03335156,9.04866047,45.11571987,33.76161837,0.029264
4382,Malum,230,1944,1298,1329,0,4801,4.790668611,27.68173297,6.624423963,40.49156426,0.019204
4383,Malum,463,1185,509,410,0,2567,18.03661862,15.97195169,21.46499768,46.162836,0.010268
4384,Malum,11,10,32,3,0,56,19.64285714,5.357142857,20.75471698,17.85714286,0.000224
4385,Malum,105,299,693,799,0,1896,5.537974684,42.14135021,9.571558797,15.77004219,0.007584
4386,Malum,76,1209,565,183,0,2033,3.738317757,9.001475652,4.108108108,59.46876537,0.008132
4387,Malum,102,462,1015,1197,0,2776,3.674351585,43.11959654,6.459784674,16.6426513,0.011104
4388,Malum,11,134,466,1235,0,1846,0.59588299,66.90140845,1.800327332,7.258938245,0.007384
4389,Malum,5562,3762,1608,2944,0,13876,40.08359758,21.2164889,50.87815587,27.11155953,0.055504
4390,Malum,23507,16113,2188,2180,0,43988,53.43957443,4.955897063,56.22608113,36.63044467,0.175952
4391,Manihi,39080,85110,75488,139513,0,339191,11.52153212,41.13110312,19.57151013,25.09205728,1.356764
4392,Manihi,0,0,0,27,0,27,0,100,0,0,0.000108
4393,Manihi,0,0,0,31,0,31,0,100,0,0,0.000124
4394,Manihi,0,0,1,68,0,69,0,98.55072464,0,0,0.000276
4395,Manihi,0,0,0,59,0,59,0,100,0,0,0.000236
4396,Manihi,0,0,7,111,0,118,0,94.06779661,0,0,0.000472
4397,Manihi,1,0,425,39857,0,40283,0.002482437,98.94248194,0.234741784,0,0.161132
4398,Manihi,31281,86713,101251,294326,0,513571,6.0908813,57.30970012,14.26760017,16.88432563,2.054284
4399,Manihi,184061,368912,258311,278880,0,1090164,16.88378996,25.58147215,22.68761617,33.84004608,4.360656
4400,Manihi,1179,4579,5371,4309,0,15438,7.636999611,27.91164659,10.59394375,29.6605778,0.061752
4401,Manihi,0,0,0,159,0,159,0,100,0,0,0.000636
4402,Manihi,764,3984,11827,6653,0,23228,3.289133804,28.64215602,4.609351433,17.15171345,0.092912
4403,Manihi,238,829,1065,883,0,3015,7.893864013,29.28689884,11.16322702,27.49585406,0.01206
4404,Manihi,4952,13325,16030,15210,0,49517,10.00060585,30.71672355,14.43437199,26.90995012,0.198068
4405,Manihi,0,0,16,57,0,73,0,78.08219178,0,0,0.000292
4406,Manihi,0,0,11,69,0,80,0,86.25,0,0,0.00032
4407,Manihi,11500,8777,19659,124012,0,163948,7.014419206,75.64105692,28.79607372,5.353526728,0.655792
4408,Manihi,123,768,1576,2089,0,4556,2.699736611,45.85162423,4.985812728,16.85689201,0.018224
4409,Manihi,207,997,1471,1179,0,3854,5.371043072,30.59159315,7.738317757,25.86922678,0.015416
4410,Manihi,283,724,2533,6536,0,10076,2.808654228,64.86701072,7.994350282,7.185391028,0.040304
4411,Manihi,6,3,325,1898,0,2232,0.268817204,85.03584229,1.796407186,0.134408602,0.008928
4412,Manihi,5687,14772,14576,7543,0,42578,13.35666307,17.71572173,16.23233909,34.69397341,0.170312
4413,Manihi,245,458,2636,4053,0,7392,3.314393939,54.82954545,7.337526205,6.195887446,0.029568
4414,Manihi,336,1327,2117,4281,0,8061,4.168217343,53.10755489,8.888888889,16.46197742,0.032244
4415,Manihi,458,1831,4710,8504,0,15503,2.954266916,54.85389925,6.54379197,11.8106173,0.062012
4416,Manihi,237,2181,2257,2712,0,7387,3.208338974,36.71314471,5.069518717,29.52484094,0.029548
4417,Manihi,993,1401,5719,5281,0,13394,7.413767359,39.42810214,12.23961543,10.45990742,0.053576
4418,Manihi,1025,497,3107,6357,0,10986,9.330056435,57.86455489,22.14301145,4.523939559,0.043944
4419,Manihi,1,0,69,153,0,223,0.448430493,68.60986547,1.428571429,0,0.000892
4420,Manihi,1,15,331,781,0,1128,0.088652482,69.23758865,0.288184438,1.329787234,0.004512
4421,Manihi,10420,19376,33267,25517,0,88580,11.76337774,28.80672838,16.52315938,21.87401219,0.35432
4422,Manihi,192,1274,2418,4027,0,7911,2.427000379,50.90380483,4.943357364,16.10415877,0.031644
4423,Manihi,1066,339,680,1733,0,3818,27.92037716,45.39025668,51.12709832,8.878994238,0.015272
4424,Manihi,321,2270,3545,3956,0,10092,3.180737218,39.19936583,5.231421121,22.49306381,0.040368
4425,Manihi,153,707,1620,2929,0,5409,2.828618968,54.15048992,6.169354839,13.07080791,0.021636
4426,Manihi,23,9,24,35,0,91,25.27472527,38.46153846,41.07142857,9.89010989,0.000364
4427,Manihi,0,0,13,22,0,35,0,62.85714286,0,0,0.00014
4428,Manihi,2319,6167,13705,9881,0,32072,7.230606136,30.80880519,10.45018251,19.22861063,0.128288
4429,Manihi,424,1906,5158,4007,0,11495,3.688560244,34.85863419,5.662393162,16.58112223,0.04598
4430,Manihi,1814,3156,4756,3704,0,13430,13.50707372,27.58004468,18.65103845,23.4996277,0.05372
4431,Manihi,57,837,3509,3903,0,8306,0.686250903,46.99012762,1.294571883,10.07705273,0.033224
4432,Manihi,15,8,47,37,0,107,14.01869159,34.57943925,21.42857143,7.476635514,0.000428
4433,Manihi,172,710,1850,2348,0,5080,3.385826772,46.22047244,6.295754026,13.97637795,0.02032
4434,Manihi,521,1898,2834,2598,0,7851,6.636097312,33.09132595,9.918142014,24.1752643,0.031404
4435,Manihi,5,143,751,1475,0,2374,0.210614996,62.13142376,0.556173526,6.02358888,0.009496
4436,Manihi,653,406,857,2042,0,3958,16.49823143,51.59171299,34.08141962,10.25770591,0.015832
4437,Manihi,0,0,10,386,0,396,0,97.47474747,0,0,0.001584
4438,Manihi,10145,23074,30471,29073,0,92763,10.93647252,31.34115973,15.92871722,24.87414163,0.371052
4439,Manihi,0,3,155,2952,0,3110,0,94.91961415,0,0.096463023,0.01244
4440,Manihi,41,1767,1899,2664,0,6371,0.643541045,41.81447183,1.106015646,27.73504944,0.025484
4441,Manihi,262,1354,2618,2584,0,6818,3.842769141,37.89967732,6.188001889,19.85919625,0.027272
4442,Manihi,591,3907,4641,5443,0,14582,4.052941983,37.32684131,6.466790677,26.79330682,0.058328
4443,Manihi,968,2304,4518,6538,0,14328,6.756002233,45.63093244,12.42618742,16.08040201,0.057312
4444,Manihi,1328,2399,3821,3384,0,10932,12.14782291,30.95499451,17.59406465,21.94474936,0.043728
4445,Manihi,233,1224,4741,4999,0,11197,2.080914531,44.64588729,3.759277186,10.93149951,0.044788
4446,Manihi,20,828,1106,1637,0,3591,0.556947925,45.58618769,1.023541453,23.05764411,0.014364
4447,Manihi,251,1244,4610,6327,0,12432,2.018983269,50.89285714,4.111384111,10.00643501,0.049728
4448,Manihi,578,524,1544,2366,0,5012,11.53232243,47.20670391,21.84429327,10.45490822,0.020048
4449,Manihi,557,1394,2538,5351,0,9840,5.660569106,54.3800813,12.40810871,14.16666667,0.03936
4450,Manihi,1490,1372,4070,8537,0,15469,9.632167561,55.18779494,21.49451818,8.869351606,0.061876
4451,Manihi,1160,2913,1711,1777,0,7561,15.34188599,23.50218225,20.05532503,38.52664991,0.030244
4452,Manihi,2641,5857,3870,5017,0,17385,15.19125683,28.8582111,21.35349288,33.68996261,0.06954
4453,Manihi,57,348,1360,2778,0,4543,1.254677526,61.14902047,3.229461756,7.660136474,0.018172
4454,Manihi,0,0,0,372,0,372,0,100,0,0,0.001488
4455,Manihi,124,411,1469,2133,0,4137,2.997341068,51.5591008,6.18762475,9.934735315,0.016548
4456,Manihi,2599,3412,5774,7789,0,19574,13.27781751,39.792582,22.05345779,17.4312864,0.078296
4457,Manihi,353,2155,3107,4680,0,10295,3.428848956,45.45896066,6.286731968,20.9324915,0.04118
4458,Manihi,0,0,12,67,0,79,0,84.81012658,0,0,0.000316
4459,Manihi,0,0,1,594,0,595,0,99.83193277,0,0,0.00238
4460,Manihi,0,0,17,1532,0,1549,0,98.90251775,0,0,0.006196
4461,Manihi,0,0,1,977,0,978,0,99.89775051,0,0,0.003912
4462,Manihi,1,6,178,1329,0,1514,0.066050198,87.78071334,0.540540541,0.396301189,0.006056
4463,Manihi,0,6,140,630,0,776,0,81.18556701,0,0.773195876,0.003104
4464,Manihi,1066,896,1906,4116,0,7984,13.35170341,51.55310621,27.55946225,11.22244489,0.031936
4465,Manihi,0,0,5,1612,0,1617,0,99.69078541,0,0,0.006468
4466,Manihi,195074,211158,281334,836718,0,1524284,12.79774635,54.89252659,28.37167632,13.85293029,6.097136
4467,Manihi,266,327,855,981,0,2429,10.95100865,40.38699053,18.37016575,13.46233018,0.009716
4468,Manihi,0,0,5,62,0,67,0,92.53731343,0,0,0.000268
4469,Manihi,0,1,162,691,0,854,0,80.91334895,0,0.117096019,0.003416
4470,Manihi,436,381,1343,3408,0,5568,7.83045977,61.20689655,20.18518519,6.842672414,0.022272
4471,Manihi,1114,971,1746,1898,0,5729,19.44492931,33.12969105,29.07856956,16.94885669,0.022916
4472,Manihi,19814,35277,26108,24933,0,106132,18.66920439,23.49244337,24.40177835,33.23879697,0.424528
4473,Manihi,7290,8748,9933,8510,0,34481,21.14207825,24.68025869,28.06977013,25.3704939,0.137924
4474,Manihi,2930,2067,3232,2749,0,10978,26.68974312,25.04099107,35.60578442,18.82856622,0.043912
4475,Manihi,2871,6213,5712,8886,0,23682,12.12313149,37.52216874,19.40389294,26.23511528,0.094728
4476,Manihi,760,1082,1286,2177,0,5305,14.32610745,41.03675778,24.29667519,20.39585297,0.02122
4477,Manihi,871,743,994,1350,0,3958,22.00606367,34.10813542,33.39723926,18.77210712,0.015832
4478,Manihi,0,0,169,2107,0,2276,0,92.57469244,0,0,0.009104
4479,Manihi,9293,7692,25124,32670,0,74779,12.42728574,43.68873614,22.06891638,10.28631033,0.299116
4480,Manihi,5,0,76,873,0,954,0.524109015,91.50943396,6.172839506,0,0.003816
4481,Manihi,179,226,935,4938,0,6278,2.851226505,78.65562281,13.35820896,3.599872571,0.025112
4482,Manihi,21231,25409,19529,15590,0,81759,25.96778336,19.06823714,32.08602216,31.07792414,0.327036
4483,Manihiki,29145,1275,940,3346,0,34706,83.97683398,9.640984268,92.93686224,3.67371636,0.138824
4484,Manihiki,388382,69848,66359,94411,0,619000,62.74345719,15.25218094,74.03548302,11.28400646,2.476
4485,Manihiki,1097,340,1177,1737,0,4351,25.21259481,39.92185704,41.96633512,7.814295564,0.017404
4486,Manihiki,5302,978,1427,1213,0,8920,59.43946188,13.59865471,68.79460231,10.96412556,0.03568
4487,Manihiki,257,84,540,582,0,1463,17.56664388,39.78127136,29.17139614,5.741626794,0.005852
4488,Manihiki,0,0,231,364,0,595,0,61.17647059,0,0,0.00238
4489,Manihiki,197222,34694,41783,58146,0,331845,59.43196372,17.52203589,72.05799071,10.45488104,1.32738
4490,Manihiki,3,0,10,23,0,36,8.333333333,63.88888889,23.07692308,0,0.000144
4491,Manihiki,53764,3991,5072,5272,0,68099,78.94976431,7.741670215,85.57467331,5.860585324,0.272396
4492,Manihiki,339,131,218,375,0,1063,31.89087488,35.27751646,49.27325581,12.32361242,0.004252
4493,Manihiki,7645,1380,6683,16010,0,31718,24.10303298,50.47607037,48.66946779,4.350841793,0.126872
4494,Manihiki,161,83,523,358,0,1125,14.31111111,31.82222222,20.99087353,7.377777778,0.0045
4495,Manihiki,6419,1449,4385,5579,0,17832,35.99708389,31.28645132,52.38717049,8.125841184,0.071328
4496,Manihiki,336,150,313,130,0,929,36.1679225,13.99354144,42.05256571,16.14639397,0.003716
4497,Manihiki,5069,1161,3089,2373,0,11692,43.35443038,20.29592884,54.39424831,9.929866575,0.046768
4498,Manihiki,723,556,1616,1860,0,4755,15.20504732,39.11671924,24.97409326,11.69295478,0.01902
4499,Manihiki,75,163,1227,476,0,1941,3.863987635,24.52344152,5.119453925,8.397733127,0.007764
4500,Manihiki,3259,658,1009,1451,0,6377,51.10553552,22.75364592,66.1591555,10.3183315,0.025508
4501,Manihiki,4903,1014,2031,1980,0,9928,49.38557615,19.94359388,61.68847509,10.21353747,0.039712
4502,Manihiki,0,0,28,117,0,145,0,80.68965517,0,0,0.00058
4503,Manihiki,16,1,452,1128,0,1597,1.001878522,70.63243582,3.411513859,0.062617408,0.006388
4504,Manihiki,60,100,1143,1612,0,2915,2.058319039,55.30017153,4.60475825,3.430531732,0.01166
4505,Manihiki,5268,1019,3052,4150,0,13489,39.05404404,30.76580918,56.40860906,7.554303507,0.053956
4506,Manihiki,4457,1121,1693,5293,0,12564,35.47437122,42.12830309,61.29830835,8.922317733,0.050256
4507,Manihiki,118,121,466,219,0,924,12.77056277,23.7012987,16.73758865,13.0952381,0.003696
4508,Manihiki,25,34,1655,2248,0,3962,0.630994447,56.7390207,1.458576429,0.858152448,0.015848
4509,Manihiki,0,2,550,1010,0,1562,0,64.66069142,0,0.128040973,0.006248
4510,Manihiki,3162,743,572,1564,0,6041,52.34232743,25.88975335,70.62765245,12.2992882,0.024164
4511,Manihiki,96,61,428,220,0,805,11.92546584,27.32919255,16.41025641,7.577639752,0.00322
4512,Manihiki,146,142,1167,1009,0,2464,5.925324675,40.94967532,10.03436426,5.762987013,0.009856
4513,Manihiki,0,0,201,193,0,394,0,48.98477157,0,0,0.001576
4514,Manihiki,1,17,340,326,0,684,0.14619883,47.66081871,0.279329609,2.485380117,0.002736
4515,Manihiki,0,0,66,165,0,231,0,71.42857143,0,0,0.000924
4516,Manihiki,504,471,1592,1999,0,4566,11.03810775,43.78011389,19.63381379,10.31537451,0.018264
4517,Manihiki,1805,414,1110,1756,0,5085,35.49655851,34.53294002,54.22048663,8.14159292,0.02034
4518,Manihiki,3095,995,1197,897,0,6184,50.04851229,14.50517464,58.53981464,16.08990944,0.024736
4519,Manihiki,20,128,2441,656,0,3245,0.61633282,20.21571649,0.772499034,3.944530046,0.01298
4520,Manihiki,9750,1360,2065,4927,0,18102,53.86145177,27.21798696,74.00379507,7.512981991,0.072408
4521,Manihiki,177,308,735,491,0,1711,10.34482759,28.69666861,14.50819672,18.00116891,0.006844
4522,Manihiki,275,224,2100,1939,0,4538,6.059938299,42.72807404,10.58099269,4.936095196,0.018152
4523,Manihiki,49217,4671,2379,5297,0,61564,79.94444805,8.604054317,87.47045337,7.587226301,0.246256
4524,Manra,0,0,3,87,0,90,0,96.66666667,0,0,0.00036
4525,Manra,0,0,3,251,0,254,0,98.81889764,0,0,0.001016
4526,Manra,0,0,6,415,0,421,0,98.57482185,0,0,0.001684
4527,Manra,0,0,0,152,0,152,0,100,0,0,0.000608
4528,Manra,0,0,3,148,0,151,0,98.01324503,0,0,0.000604
4529,Manra,0,0,9,216,0,225,0,96,0,0,0.0009
4530,Manra,0,0,6,254,0,260,0,97.69230769,0,0,0.00104
4531,Manra,0,0,14,252,0,266,0,94.73684211,0,0,0.001064
4532,Manra,0,0,7,186,0,193,0,96.37305699,0,0,0.000772
4533,Manra,0,0,4,604,0,608,0,99.34210526,0,0,0.002432
4534,Manra,0,0,86,449,0,535,0,83.92523364,0,0,0.00214
4535,Manra,0,0,1,56,0,57,0,98.24561404,0,0,0.000228
4536,Manra,0,0,0,25,0,25,0,100,0,0,0.0001
4537,Manra,0,0,0,26,0,26,0,100,0,0,0.000104
4538,Manra,0,0,7,269,0,276,0,97.46376812,0,0,0.001104
4539,Manra,0,0,0,53,0,53,0,100,0,0,0.000212
4540,Manra,0,0,2,43,0,45,0,95.55555556,0,0,0.00018
4541,Manra,0,0,0,90,0,90,0,100,0,0,0.00036
4542,Manra,1,0,18,143,0,162,0.617283951,88.27160494,5.263157895,0,0.000648
4543,Manra,0,0,0,60,0,60,0,100,0,0,0.00024
4544,Manra,0,0,1,97,0,98,0,98.97959184,0,0,0.000392
4545,Manra,0,0,1,188,0,189,0,99.47089947,0,0,0.000756
4546,Manra,0,0,0,40,0,40,0,100,0,0,0.00016
4547,Manra,0,0,2,32,0,34,0,94.11764706,0,0,0.000136
4548,Manra,0,0,1,110,0,111,0,99.0990991,0,0,0.000444
4549,Manra,0,0,0,54,0,54,0,100,0,0,0.000216
4550,Manra,0,0,6,518,0,524,0,98.85496183,0,0,0.002096
4551,Manra,0,0,0,155,0,155,0,100,0,0,0.00062
4552,Manra,0,0,142,3423,0,3565,0,96.01683029,0,0,0.01426
4553,Manra,0,0,0,49,0,49,0,100,0,0,0.000196
4554,Manra,0,0,112,408,0,520,0,78.46153846,0,0,0.00208
4555,Manra,0,0,1,55,0,56,0,98.21428571,0,0,0.000224
4556,Manra,0,0,0,47,0,47,0,100,0,0,0.000188
4557,Manra,0,0,4,372,0,376,0,98.93617021,0,0,0.001504
4558,Manra,0,0,0,317,0,317,0,100,0,0,0.001268
4559,Manra,0,0,7,619,0,626,0,98.88178914,0,0,0.002504
4560,Manra,0,0,0,49,0,49,0,100,0,0,0.000196
4561,Manra,0,0,0,83,0,83,0,100,0,0,0.000332
4562,Manra,0,0,0,207,0,207,0,100,0,0,0.000828
4563,Manra,0,0,1596,2018,0,3614,0,55.8384062,0,0,0.014456
4564,Manra,0,0,0,40,0,40,0,100,0,0,0.00016
4565,Manra,0,0,0,61,0,61,0,100,0,0,0.000244
4566,Manra,0,0,0,171,0,171,0,100,0,0,0.000684
4567,Manra,0,0,0,75,0,75,0,100,0,0,0.0003
4568,Manra,0,0,1,113,0,114,0,99.12280702,0,0,0.000456
4569,Manra,0,0,0,101,0,101,0,100,0,0,0.000404
4570,Manra,0,0,7,180,0,187,0,96.25668449,0,0,0.000748
4571,Manra,0,0,3,130,0,133,0,97.7443609,0,0,0.000532
4572,Manra,0,0,1,120,0,121,0,99.17355372,0,0,0.000484
4573,Manra,0,0,0,0,2648,2648,0,0,0,0,0.010592
4574,Manra,0,0,0,85,0,85,0,100,0,0,0.00034
4575,Manra,0,0,0,27,0,27,0,100,0,0,0.000108
4576,Manra,0,0,0,28,0,28,0,100,0,0,0.000112
4577,Manra,0,0,1,181,0,182,0,99.45054945,0,0,0.000728
4578,Manra,0,0,0,27,0,27,0,100,0,0,0.000108
4579,Manra,0,0,0,57,0,57,0,100,0,0,0.000228
4580,Manra,0,0,0,33,0,33,0,100,0,0,0.000132
4581,Manra,0,0,1,334,0,335,0,99.70149254,0,0,0.00134
4582,Manra,0,0,85,615,0,700,0,87.85714286,0,0,0.0028
4583,Manra,0,0,75,887,0,962,0,92.2037422,0,0,0.003848
4584,Manra,0,0,4,325,0,329,0,98.78419453,0,0,0.001316
4585,Manra,0,0,0,86,0,86,0,100,0,0,0.000344
4586,Manra,0,0,0,31,0,31,0,100,0,0,0.000124
4587,Manra,0,0,7,237,0,244,0,97.13114754,0,0,0.000976
4588,Manra,0,0,0,87,0,87,0,100,0,0,0.000348
4589,Manra,0,0,0,55,0,55,0,100,0,0,0.00022
4590,Manra,0,0,3,148,0,151,0,98.01324503,0,0,0.000604
4591,Manra,0,0,450,567,0,1017,0,55.75221239,0,0,0.004068
4592,Manra,0,0,6,284,0,290,0,97.93103448,0,0,0.00116
4593,Manra,0,0,88,0,0,88,0,0,0,0,0.000352
4594,Manra,0,0,2,27,0,29,0,93.10344828,0,0,0.000116
4595,Manra,0,0,40,60,0,100,0,60,0,0,0.0004
4596,Manra,0,0,51,0,0,51,0,0,0,0,0.000204
4597,Manra,175337,358641,739070,173912,0,1446960,12.1176121,12.01912976,13.77300777,24.78582684,5.78784
4598,Manu,74063,13836,3549,4057,0,95505,77.54881943,4.247945134,80.98919605,14.48719962,0.38202
4606,Manuae,0,0,0,0,304,304,0,0,0,0,0.001216
4607,Manuae,0,0,0,0,69,69,0,0,0,0,0.000276
4608,Manuae,0,0,0,0,289,289,0,0,0,0,0.001156
4609,Manuae,0,0,0,0,78,78,0,0,0,0,0.000312
4610,Manuae,0,0,0,0,151,151,0,0,0,0,0.000604
4611,Manuae,0,0,0,0,385,385,0,0,0,0,0.00154
4612,Manuae,0,0,0,0,40,40,0,0,0,0,0.00016
4613,Manuae,0,0,0,0,1734,1734,0,0,0,0,0.006936
4614,Manuae,0,0,0,0,292,292,0,0,0,0,0.001168
4615,Manuae,0,0,0,0,112,112,0,0,0,0,0.000448
4616,Manuae,0,0,0,0,60,60,0,0,0,0,0.00024
4617,Manuae,0,0,0,0,295,295,0,0,0,0,0.00118
4618,Manuae,0,0,0,0,53,53,0,0,0,0,0.000212
4619,Manuae,0,0,0,0,36,36,0,0,0,0,0.000144
4620,Manuae,0,0,0,0,194,194,0,0,0,0,0.000776
4621,Manuae,0,0,0,0,35,35,0,0,0,0,0.00014
4622,Manuae,0,0,0,0,25,25,0,0,0,0,0.0001
4623,Manuae,0,0,0,0,28,28,0,0,0,0,0.000112
4624,Manuae,0,0,0,0,57,57,0,0,0,0,0.000228
4625,Manuae,0,0,0,0,55,55,0,0,0,0,0.00022
4626,Manuae,0,0,0,0,49,49,0,0,0,0,0.000196
4627,Manuae,0,0,0,0,43,43,0,0,0,0,0.000172
4628,Manuae,0,0,0,0,29,29,0,0,0,0,0.000116
4629,Manuae,0,0,0,0,34,34,0,0,0,0,0.000136
4630,Manuae,0,0,0,0,40,40,0,0,0,0,0.00016
4631,Manuae,0,0,0,0,34,34,0,0,0,0,0.000136
4632,Manuae,0,0,781,5101,0,5882,0,86.72220333,0,0,0.023528
4633,Manuae,0,0,0,0,1074325,1074325,0,0,0,0,4.2973
4634,Manuae,265508,61410,215574,81598,0,624090,42.54322293,13.07471679,48.94228855,9.839926934,2.49636
4635,Manuhangi,0,0,0,481,0,481,0,100,0,0,0.001924
4636,Manuhangi,0,0,11,47,0,58,0,81.03448276,0,0,0.000232
4637,Manuhangi,12,59,1175,5142,0,6388,0.187852223,80.49467752,0.963081862,0.923606763,0.025552
4638,Manuhangi,82957,80530,285901,462331,0,911719,9.0989658,50.709813,18.45999448,8.832765359,3.646876
4639,Mapia,0,0,0,0,49,49,0,0,0,0,0.000196
4640,Mapia,11836,1186,967,2138,16204,32331,73.39244745,13.25727042,84.60933591,7.35412662,0.129324
4641,Mapia,0,0,0,0,3062,3062,0,0,0,0,0.012248
4642,Mapia,2923,1665,546,161,0,5295,55.20302172,3.040604344,56.93416439,31.44475921,0.02118
4643,Mapia,50,10,303,1167,640,2170,3.267973856,76.2745098,13.77410468,0.653594771,0.00868
4644,Mapia,183729,41418,5940,6080,150136,387303,77.46819751,2.563594429,79.50641966,17.46364376,1.549212
4645,Mapia,180204,49085,18290,8230,106988,362797,70.44474588,3.217244116,72.78646412,19.18814428,1.451188
4646,Marakei,6,9,12,14,0,41,14.63414634,34.14634146,22.22222222,21.95121951,0.000164
4647,Marakei,0,0,47,0,0,47,0,0,0,0,0.000188
4648,Marakei,0,0,0,86,0,86,0,100,0,0,0.000344
4649,Marakei,4,4,162,2,0,172,2.325581395,1.162790698,2.352941176,2.325581395,0.000688
4650,Marakei,0,0,59,2,0,61,0,3.278688525,0,0,0.000244
4651,Marakei,5314,1760,21453,2770,0,31297,16.97926319,8.850688564,18.62796649,5.623542193,0.125188
4652,Marakei,14,2,253,84,0,353,3.966005666,23.79603399,5.204460967,0.566572238,0.001412
4653,Marakei,40,10,509,94,0,653,6.125574273,14.39509954,7.155635063,1.531393568,0.002612
4654,Marakei,0,0,26,40,0,66,0,60.60606061,0,0,0.000264
4655,Marakei,0,0,0,45,0,45,0,100,0,0,0.00018
4656,Marakei,1062641,423495,458318,164821,22222,2131497,50.37944317,7.814106743,54.64984001,20.07775183,8.525988
4657,Marakei,3,17,33,0,0,53,5.660377358,0,5.660377358,32.0754717,0.000212
4658,Marakei,0,0,3,32,0,35,0,91.42857143,0,0,0.00014
4659,Marakei,0,0,0,144,0,144,0,100,0,0,0.000576
4660,Marakei,0,1,31,7,0,39,0,17.94871795,0,2.564102564,0.000156
4661,Marakei,45,53,156,45,0,299,15.05016722,15.05016722,17.71653543,17.72575251,0.001196
4662,Marakei,2,10,113,0,0,125,1.6,0,1.6,8,0.0005
4663,Marakei,61,48,354,10,0,473,12.89640592,2.114164905,13.174946,10.14799154,0.001892
4664,Marakei,412,56,259,22,0,749,55.00667557,2.937249666,56.67125172,7.476635514,0.002996
4665,Marakei,10,137,141,1,0,289,3.460207612,0.346020761,3.472222222,47.40484429,0.001156
4666,Marakei,0,0,34,0,0,34,0,0,0,0,0.000136
4667,Marakei,20,78,165,1,0,264,7.575757576,0.378787879,7.604562738,29.54545455,0.001056
4668,Marakei,0,0,7,160,0,167,0,95.80838323,0,0,0.000668
4669,Marakei,672848,266704,191405,99965,0,1230922,54.66211506,8.121148212,59.49368544,21.66701058,4.923688
4670,Maria Est,110264,35672,112044,132938,0,390918,28.20642692,34.00662031,42.74129778,9.125187379,1.563672
4671,Maria Est,57841,13520,31322,45936,0,148619,38.91898075,30.90856485,56.32967482,9.097087183,0.594476
4672,Maria Est,173492,30280,79267,83437,0,366476,47.34061712,22.76738449,61.29614647,8.262478307,1.465904
4673,Marokau,0,0,6,29,0,35,0,82.85714286,0,0,0.00014
4674,Marokau,27,0,1530,6453,0,8010,0.337078652,80.56179775,1.734104046,0,0.03204
4675,Marokau,65599,83013,193995,232986,7315,582908,11.3967682,40.47755966,19.14701101,14.42216983,2.331632
4676,Marokau,5637,8236,58681,55876,0,128430,4.389161411,43.50696878,7.769385561,6.412831893,0.51372
4677,Marokau,0,0,0,0,51,51,0,0,0,0,0.000204
4678,Marokau,0,0,0,0,33,33,0,0,0,0,0.000132
4679,Marokau,0,0,0,0,355,355,0,0,0,0,0.00142
4680,Marokau,0,0,0,0,880,880,0,0,0,0,0.00352
4681,Marokau,0,0,0,0,30,30,0,0,0,0,0.00012
4682,Marokau,0,0,53,129,0,182,0,70.87912088,0,0,0.000728
4683,Marokau,0,0,34,32,0,66,0,48.48484848,0,0,0.000264
4684,Marokau,0,0,0,0,28,28,0,0,0,0,0.000112
4685,Marokau,0,0,49,67,0,116,0,57.75862069,0,0,0.000464
4686,Marokau,0,0,436,2657,0,3093,0,85.90365341,0,0,0.012372
4687,Marokau,0,0,1325,876,0,2201,0,39.80009087,0,0,0.008804
4688,Marokau,0,0,0,0,55,55,0,0,0,0,0.00022
4689,Marokau,0,0,0,0,367,367,0,0,0,0,0.001468
4690,Marokau,0,0,19,0,494,513,0,0,0,0,0.002052
4691,Marokau,113,40,7792,8590,0,16535,0.683398851,51.95040822,1.422278162,0.241911098,0.06614
4692,Marokau,0,0,0,0,70,70,0,0,0,0,0.00028
4693,Marokau,0,0,0,0,58,58,0,0,0,0,0.000232
4694,Marokau,0,0,0,0,2055,2055,0,0,0,0,0.00822
4695,Marokau,0,0,0,0,25,25,0,0,0,0,0.0001
4696,Marokau,0,0,0,0,70,70,0,0,0,0,0.00028
4697,Marokau,0,0,14,11,0,25,0,44,0,0,0.0001
4698,Marokau,0,0,0,0,41,41,0,0,0,0,0.000164
4699,Marokau,0,0,0,0,46,46,0,0,0,0,0.000184
4700,Marokau,14664,3637,200829,103171,0,322301,4.549784208,32.01076013,6.69191804,1.128448252,1.289204
4701,Marokau,565,4473,37799,4755,8006,55598,1.187174315,9.991174987,1.318953241,9.398638427,0.222392
4702,Marokau,0,0,0,0,4589,4589,0,0,0,0,0.018356
4703,Marokau,0,0,127,3225,0,3352,0,96.21121718,0,0,0.013408
4704,Marokau,2067,9740,44296,50030,69507,175640,1.947556368,47.13896714,3.684294957,9.177164501,0.70256
4705,Marokau,3,0,771,16242,0,17016,0.017630465,95.45133992,0.387596899,0,0.068064
4706,Marokau,9,23,1081,17038,0,18151,0.049584045,93.86810644,0.808625337,0.126714782,0.072604
4707,Marokau,1,0,16,346,0,363,0.275482094,95.31680441,5.882352941,0,0.001452
4708,Marokau,74,199,7018,16943,4979,29213,0.305356111,69.91417017,1.014949938,0.821160353,0.116852
4709,Marokau,1,11,1284,3846,0,5142,0.019447686,74.7957993,0.077160494,0.213924543,0.020568
4710,Marokau,299,654,16903,31634,0,49490,0.604162457,63.91998384,1.674507168,1.321479087,0.19796
4711,Marokau,241,108,11254,11262,0,22865,1.054012683,49.25431883,2.077049039,0.472337634,0.09146
4712,Marokau,30,23,2945,9335,0,12333,0.243249818,75.6912349,1.000667111,0.186491527,0.049332
4713,Marokau,8018,20369,113307,62918,0,204612,3.918636248,30.74990714,5.658672915,9.954939104,0.818448
4714,Marokau,346,1299,6583,7765,0,15993,2.163446508,48.55249172,4.205153136,8.122303508,0.063972
4715,Marokau,0,0,6,94,0,100,0,94,0,0,0.0004
4716,Marokau,165,86,7580,22303,0,30134,0.547554258,74.01274308,2.107010599,0.285391916,0.120536
4717,Marokau,1,7,339,2583,0,2930,0.034129693,88.15699659,0.288184438,0.23890785,0.01172
4718,Marokau,2660,2179,5909,12117,0,22865,11.63350098,52.99365843,24.74879047,9.529849114,0.09146
4719,Marokau,3486,4495,10411,12792,0,31184,11.17880965,41.02103643,18.953893,14.4144433,0.124736
4720,Marokau,70665,36036,76071,36672,25688,245132,32.20183737,16.71132498,38.6629243,16.42150161,0.980528
4721,Marokau,40666,13288,357502,80527,26329,518312,8.265732759,16.36784198,9.883438326,2.700906332,2.073248
4722,Marokau,64520,34272,69161,55171,0,223124,28.91665621,24.72660942,38.4155091,15.36006884,0.892496
4723,Marokau,17934,5004,132133,56089,0,211160,8.493085812,26.56232241,11.56502505,2.369767001,0.84464
4724,Marokau,0,0,196,59,0,255,0,23.1372549,0,0,0.00102
4725,Marokau,0,0,0,431,0,431,0,100,0,0,0.001724
4726,Marokau,0,0,0,53,0,53,0,100,0,0,0.000212
4727,Marokau,0,0,0,25,0,25,0,100,0,0,0.0001
4728,Marokau,0,0,74,69,0,143,0,48.25174825,0,0,0.000572
4729,Marokau,0,0,0,92,0,92,0,100,0,0,0.000368
4730,Marokau,0,0,0,90,0,90,0,100,0,0,0.00036
4731,Marokau,72078,18076,217401,125585,0,433140,16.64080898,28.99408967,23.43580823,4.173246525,1.73256
4732,Marutea Nord,1086,3924,1577,1714,0,8301,13.08276111,20.64811468,16.48701989,47.27141308,0.033204
4733,Marutea Nord,5257,6498,1451,1173,0,14379,36.56026149,8.157730023,39.80766318,45.1909034,0.057516
4734,Marutea Nord,2293,3546,2119,1754,0,9712,23.60996705,18.0601318,28.8137723,36.51153213,0.038848
4735,Marutea Nord,201,728,1603,2694,0,5226,3.846153846,51.54994259,7.938388626,13.93034826,0.020904
4736,Marutea Nord,562,1487,1090,1611,0,4750,11.83157895,33.91578947,17.90379102,31.30526316,0.019
4737,Marutea Nord,330,5605,1827,2218,0,9980,3.306613226,22.2244489,4.251481577,56.16232465,0.03992
4738,Marutea Nord,129,1049,1250,1315,0,3743,3.446433342,35.13224686,5.313014827,28.02564788,0.014972
4739,Marutea Nord,2777,5607,1439,1820,0,11643,23.85124109,15.63171004,28.27038583,48.15769132,0.046572
4740,Marutea Nord,11,13,820,2910,0,3754,0.293020778,77.51731486,1.303317536,0.346297283,0.015016
4741,Marutea Nord,0,0,18,210,0,228,0,92.10526316,0,0,0.000912
4742,Marutea Nord,119,2245,1894,1614,0,5872,2.026566757,27.48637602,2.794739314,38.23228883,0.023488
4743,Marutea Nord,253,2778,2983,3986,0,10000,2.53,39.86,4.206850682,27.78,0.04
4744,Marutea Nord,0,0,504,4504,0,5008,0,89.93610224,0,0,0.020032
4745,Marutea Nord,0,0,3,185,0,188,0,98.40425532,0,0,0.000752
4746,Marutea Nord,0,0,0,38,0,38,0,100,0,0,0.000152
4747,Marutea Nord,0,0,0,50,0,50,0,100,0,0,0.0002
4748,Marutea Nord,0,0,0,181,0,181,0,100,0,0,0.000724
4749,Marutea Nord,0,0,7,30,0,37,0,81.08108108,0,0,0.000148
4750,Marutea Nord,0,0,0,129,0,129,0,100,0,0,0.000516
4751,Marutea Nord,0,0,0,157,0,157,0,100,0,0,0.000628
4752,Marutea Nord,0,0,1,77,0,78,0,98.71794872,0,0,0.000312
4753,Marutea Nord,0,14,1832,14871,0,16717,0,88.95734881,0,0.083747084,0.066868
4754,Marutea Nord,0,0,4,51,0,55,0,92.72727273,0,0,0.00022
4755,Marutea Nord,0,0,7,64,0,71,0,90.14084507,0,0,0.000284
4756,Marutea Nord,3,34,2542,16142,0,18721,0.016024785,86.22402649,0.116324157,0.18161423,0.074884
4757,Marutea Nord,0,0,194,2849,0,3043,0,93.62471245,0,0,0.012172
4758,Marutea Nord,0,0,240,2402,0,2642,0,90.91597275,0,0,0.010568
4759,Marutea Nord,0,0,38,288,0,326,0,88.34355828,0,0,0.001304
4760,Marutea Nord,960,2364,30863,110569,0,144756,0.663184946,76.38301694,2.808084945,1.633092929,0.579024
4761,Marutea Nord,3182,34610,74295,88926,0,201013,1.582982195,44.23892982,2.838866238,17.21779188,0.804052
4762,Marutea Nord,93,2996,18690,28276,0,50055,0.185795625,56.48986115,0.427016851,5.985416042,0.20022
4763,Marutea Nord,8379,25387,27563,38036,0,99365,8.432546671,38.27907211,13.66237832,25.54923766,0.39746
4764,Marutea Nord,0,0,199,23,0,222,0,10.36036036,0,0,0.000888
4765,Marutea Nord,2,0,2044,4498,0,6544,0.030562347,68.73471883,0.097751711,0,0.026176
4766,Marutea Nord,0,0,69,0,0,69,0,0,0,0,0.000276
4767,Marutea Nord,0,0,96,13,0,109,0,11.9266055,0,0,0.000436
4768,Marutea Nord,0,0,153,36,0,189,0,19.04761905,0,0,0.000756
4769,Marutea Nord,0,0,6,52,0,58,0,89.65517241,0,0,0.000232
4770,Marutea Nord,0,0,5,38,0,43,0,88.37209302,0,0,0.000172
4771,Marutea Nord,155,189,28078,53763,0,82185,0.188598893,65.41704691,0.545352192,0.229968972,0.32874
4772,Marutea Nord,0,0,527,26,0,553,0,4.701627486,0,0,0.002212
4773,Marutea Nord,1,0,1501,672,0,2174,0.04599816,30.91076357,0.066577896,0,0.008696
4774,Marutea Nord,0,0,11,52,0,63,0,82.53968254,0,0,0.000252
4775,Marutea Nord,1,0,2122,1659,0,3782,0.026441036,43.86567953,0.047103156,0,0.015128
4776,Marutea Nord,0,0,142,17,0,159,0,10.6918239,0,0,0.000636
4777,Marutea Nord,0,0,21,85,0,106,0,80.18867925,0,0,0.000424
4778,Marutea Nord,0,0,2,34,0,36,0,94.44444444,0,0,0.000144
4779,Marutea Nord,4,0,1669,2717,0,4390,0.091116173,61.89066059,0.239091452,0,0.01756
4780,Marutea Nord,0,0,1323,545,0,1868,0,29.17558887,0,0,0.007472
4781,Marutea Nord,1,0,2035,4434,0,6470,0.015455951,68.5316847,0.049115914,0,0.02588
4782,Marutea Nord,4,27,3419,7519,0,10969,0.036466405,68.54772541,0.115942029,0.246148236,0.043876
4783,Marutea Nord,0,0,13,51,0,64,0,79.6875,0,0,0.000256
4784,Marutea Nord,0,0,389,149,0,538,0,27.69516729,0,0,0.002152
4785,Marutea Nord,551,749,11238,23190,0,35728,1.542207792,64.90707568,4.394640294,2.096394984,0.142912
4786,Marutea Nord,0,0,37,1,0,38,0,2.631578947,0,0,0.000152
4787,Marutea Nord,0,0,17,31,0,48,0,64.58333333,0,0,0.000192
4788,Marutea Nord,0,0,8,51,0,59,0,86.44067797,0,0,0.000236
4789,Marutea Nord,261,306,9643,22827,0,33037,0.790023307,69.09525683,2.556317336,0.926234222,0.132148
4790,Marutea Nord,0,0,17,89,0,106,0,83.96226415,0,0,0.000424
4791,Marutea Nord,0,0,51,8,0,59,0,13.55932203,0,0,0.000236
4792,Marutea Nord,0,0,167,384,0,551,0,69.69147005,0,0,0.002204
4793,Marutea Nord,0,0,212,3196,0,3408,0,93.77934272,0,0,0.013632
4794,Marutea Nord,0,0,7,44,0,51,0,86.2745098,0,0,0.000204
4795,Marutea Nord,9,4,186,2560,0,2759,0.326205147,92.78724175,4.522613065,0.144980065,0.011036
4796,Marutea Nord,0,0,83,3,0,86,0,3.488372093,0,0,0.000344
4797,Marutea Nord,0,0,11,37,0,48,0,77.08333333,0,0,0.000192
4798,Marutea Nord,14516,19292,173792,463456,0,671056,2.163157769,69.0636847,6.992292871,2.874871844,2.684224
4799,Marutea Nord,3,3,1312,3741,0,5059,0.059300257,73.94742044,0.227617602,0.059300257,0.020236
4800,Mataiva,1,0,174,240,0,415,0.240963855,57.8313253,0.571428571,0,0.00166
4801,Mataiva,0,0,0,44,0,44,0,100,0,0,0.000176
4802,Mataiva,0,0,17,30,0,47,0,63.82978723,0,0,0.000188
4803,Mataiva,57,4,319,603,0,983,5.798575788,61.34282808,15,0.406917599,0.003932
4804,Mataiva,0,0,13,62,0,75,0,82.66666667,0,0,0.0003
4805,Mataiva,0,0,98,209,0,307,0,68.0781759,0,0,0.001228
4806,Mataiva,650,115,1041,1210,0,3016,21.55172414,40.1193634,35.99114064,3.812997347,0.012064
4807,Mataiva,1,0,115,246,0,362,0.276243094,67.9558011,0.862068966,0,0.001448
4808,Mataiva,97,236,552,953,0,1838,5.277475517,51.84983678,10.96045198,12.84004353,0.007352
4809,Mataiva,34,2,408,429,0,873,3.894616266,49.14089347,7.657657658,0.229095074,0.003492
4810,Mataiva,99,59,215,269,0,642,15.42056075,41.90031153,26.54155496,9.190031153,0.002568
4811,Mataiva,0,0,4,57,0,61,0,93.44262295,0,0,0.000244
4812,Mataiva,0,0,39,115,0,154,0,74.67532468,0,0,0.000616
4813,Mataiva,268,50,555,826,0,1699,15.7739847,48.61683343,30.69873998,2.942907593,0.006796
4814,Mataiva,0,0,57,331,0,388,0,85.30927835,0,0,0.001552
4815,Mataiva,0,0,41,73,0,114,0,64.03508772,0,0,0.000456
4816,Mataiva,0,0,36,131,0,167,0,78.44311377,0,0,0.000668
4817,Mataiva,0,4,267,296,0,567,0,52.20458554,0,0.705467372,0.002268
4818,Mataiva,929476,302639,508142,259619,0,1999876,46.47668155,12.98175487,53.41027216,15.13288824,7.999504
4819,Mataiva,3417,934,5299,7935,0,17585,19.43133352,45.12368496,35.40932642,5.311344896,0.07034
4820,Mataiva,3880,1321,3495,2450,0,11146,34.81069442,21.98097972,44.61821527,11.85178539,0.044584
4821,Mataiva,20172,6856,13881,20991,0,61900,32.58804523,33.91114701,49.30944291,11.07592892,0.2476
4822,Mataiva,3584,1579,2267,3107,0,10537,34.01347632,29.48657113,48.23687752,14.98528993,0.042148
4823,Mataiva,411335,88116,324622,185320,0,1009393,40.75072841,18.35954876,49.91487405,8.729602841,4.037572
4824,Mataiva,5862,625,2442,4763,0,13692,42.81332165,34.78673678,65.65124874,4.564709319,0.054768
4825,Mataiva,96381,12641,57392,40448,0,206862,46.59193085,19.55313204,57.91640126,6.110837176,0.827448
4826,Mataiva,212212,78503,234298,76437,0,601450,35.28339845,12.7087871,40.42033245,13.0522903,2.4058
4827,Matureivavao,0,0,29,6,0,35,0,17.14285714,0,0,0.00014
4828,Matureivavao,0,0,587,653,0,1240,0,52.66129032,0,0,0.00496
4829,Matureivavao,0,0,638,1279,0,1917,0,66.71883151,0,0,0.007668
4830,Matureivavao,178803,57110,96886,190950,0,523749,34.1390628,36.4583035,53.72702442,10.9040781,2.094996
4831,Matureivavao,7,204,755,1011,0,1977,0.354071826,51.13808801,0.724637681,10.31866464,0.007908
4832,Matureivavao,0,0,36,307,0,343,0,89.50437318,0,0,0.001372
4833,Matureivavao,0,0,15,13,0,28,0,46.42857143,0,0,0.000112
4834,Matureivavao,7959,1713,9407,31826,0,50905,15.63500638,62.5203811,41.71602285,3.365091838,0.20362
4835,Matureivavao,532,382,2306,10413,0,13633,3.9022959,76.38084061,16.52173913,2.802024499,0.054532
4836,Matureivavao,57050,13117,14110,52064,0,136341,41.84361271,38.18660564,67.69343949,9.620730375,0.545364
4837,Matureivavao,66,546,3701,26261,0,30574,0.215869693,85.89324262,1.530257361,1.785831098,0.122296
4838,Maupihaa,0,0,49,15,0,64,0,23.4375,0,0,0.000256
4839,Maupihaa,0,0,91,100,0,191,0,52.35602094,0,0,0.000764
4840,Maupihaa,0,2,622,842,0,1466,0,57.43519782,0,0.136425648,0.005864
4841,Maupihaa,0,7,981,1080,0,2068,0,52.22437137,0,0.338491296,0.008272
4842,Maupihaa,4938,14098,14595,8645,0,42276,11.68038603,20.44895449,14.68288186,33.34752578,0.169104
4843,Maupihaa,36,604,1093,774,0,2507,1.435979258,30.87355405,2.077322562,24.09254089,0.010028
4844,Maupihaa,68,703,2952,2481,0,6204,1.096067054,39.99032882,1.826484018,11.3313991,0.024816
4845,Maupihaa,1,71,1239,692,0,2003,0.049925112,34.54817773,0.076277651,3.544682976,0.008012
4846,Maupihaa,213,645,3875,4146,0,8879,2.398918797,46.69444757,4.500316924,7.264331569,0.035516
4847,Maupihaa,0,0,191,639,0,830,0,76.98795181,0,0,0.00332
4848,Maupihaa,0,1,359,519,0,879,0,59.0443686,0,0.113765643,0.003516
4849,Maupihaa,0,0,0,106,0,106,0,100,0,0,0.000424
4850,Maupihaa,1,6,416,253,0,676,0.147928994,37.4260355,0.236406619,0.887573964,0.002704
4851,Maupihaa,0,4,2554,7152,0,9710,0,73.65602472,0,0.041194645,0.03884
4852,Maupihaa,1,9,1324,10565,0,11899,0.008404068,88.78897386,0.074962519,0.075636608,0.047596
4853,Maupihaa,17890,61666,21675,15999,0,117230,15.26059882,13.6475305,17.67245211,52.60257613,0.46892
4854,Maupihaa,344623,129102,295966,166373,0,936064,36.81617924,17.77367787,44.7742016,13.79200567,3.744256
4855,Maupihaa,0,0,177,1264,0,1441,0,87.71686329,0,0,0.005764
4856,Maupihaa,0,0,682,2112,0,2794,0,75.59055118,0,0,0.011176
4857,McKean,0,0,0,0,36,36,0,0,0,0,0.000144
4858,McKean,0,0,0,0,96,96,0,0,0,0,0.000384
4859,McKean,0,0,0,0,172,172,0,0,0,0,0.000688
4860,McKean,0,0,0,0,71,71,0,0,0,0,0.000284
4861,McKean,0,0,0,0,107,107,0,0,0,0,0.000428
4862,McKean,0,0,0,0,69,69,0,0,0,0,0.000276
4863,McKean,35,586,49947,34305,15205,100078,0.041238085,40.41921459,0.069213732,0.690443368,0.400312
4864,Mejit,430568,108055,249516,91177,0,879316,48.96624194,10.36908233,54.63097246,12.28852881,3.517264
4865,Mili,8777,6656,2971,2848,0,21252,41.29964239,13.40109166,47.69071941,31.31940523,0.085008
4866,Mili,324,159,641,541,0,1665,19.45945946,32.49249249,28.82562278,9.54954955,0.00666
4867,Mili,0,0,3,2748,0,2751,0,99.89094875,0,0,0.011004
4868,Mili,0,0,234,2590,0,2824,0,91.71388102,0,0,0.011296
4869,Mili,5104,6936,3256,3585,0,18881,27.0324665,18.98734177,33.36820084,36.73534241,0.075524
4870,Mili,8104,3575,2410,3244,0,17333,46.75474528,18.71574453,57.5200511,20.62539664,0.069332
4871,Mili,2891,4573,1969,1890,0,11323,25.5321028,16.69168948,30.64772607,40.38682328,0.045292
4872,Mili,1028,960,1355,3180,0,6523,15.75961981,48.75057489,30.75082261,14.71715468,0.026092
4873,Mili,17409,7818,7573,8707,0,41507,41.94232298,20.97718457,53.07621951,18.83537717,0.166028
4874,Mili,0,0,27,0,0,27,0,0,0,0,0.000108
4875,Mili,0,0,250,1584,0,1834,0,86.36859324,0,0,0.007336
4876,Mili,543,59,507,435,0,1544,35.16839378,28.17357513,48.96302976,3.821243523,0.006176
4877,Mili,4576,843,1437,1432,0,8288,55.21235521,17.27799228,66.74445741,10.17133205,0.033152
4878,Mili,30272,13898,10289,8886,0,63345,47.78909148,14.02794222,55.5867717,21.94016892,0.25338
4879,Mili,20012,7617,3242,4161,0,35032,57.12491436,11.87771181,64.82459266,21.74297785,0.140128
4880,Mili,0,0,89,837,0,926,0,90.3887689,0,0,0.003704
4881,Mili,456,283,919,3450,0,5108,8.927173062,67.54111198,27.50301568,5.540328896,0.020432
4882,Mili,37854,8544,8095,9623,0,64116,59.03986524,15.00873417,69.46580295,13.3258469,0.256464
4883,Mili,5753,3476,7400,10709,0,27338,21.0439681,39.17258029,34.59618738,12.71490233,0.109352
4884,Mili,3250,1430,2610,4996,0,12286,26.45287319,40.6641706,44.58161866,11.6392642,0.049144
4885,Mili,3,4,144,986,0,1137,0.263852243,86.71943712,1.986754967,0.35180299,0.004548
4886,Mili,3574,1202,5049,5500,0,15325,23.32137031,35.88907015,36.37659033,7.843393148,0.0613
4887,Mili,1560,893,1005,959,0,4417,35.3180892,21.71156894,45.11278195,20.21734209,0.017668
4888,Mili,5159,1639,1697,2171,0,10666,48.36864804,20.35439715,60.72984108,15.36658541,0.042664
4889,Mili,28,3,240,942,0,1213,2.308326463,77.65869744,10.33210332,0.247320692,0.004852
4890,Mili,38799,8640,9009,7297,0,63745,60.86595027,11.44717233,68.73405612,13.55400424,0.25498
4891,Mili,16726,6713,3788,3304,0,30531,54.78366251,10.82178769,61.4316671,21.98748813,0.122124
4892,Mili,1689,679,915,2527,0,5810,29.07056799,43.4939759,51.4468474,11.68674699,0.02324
4893,Mili,388,1656,6936,4439,0,13419,2.89142261,33.07996125,4.320712695,12.34071093,0.053676
4894,Mili,36748,7467,5671,11922,0,61808,59.45508672,19.28876521,73.66395381,12.08096039,0.247232
4895,Mili,508,73,332,1676,0,2589,19.62147547,64.73541908,55.6407448,2.819621475,0.010356
4896,Mili,13272,5794,3251,6858,0,29175,45.49100257,23.50642674,59.47035892,19.85946872,0.1167
4897,Mili,2352,2390,4288,3196,0,12226,19.23769017,26.14101096,26.04651163,19.54850319,0.048904
4898,Mili,2474,1853,5572,3157,0,13056,18.94914216,24.18045343,24.99242348,14.19270833,0.052224
4899,Mili,9013,4809,1906,5688,0,21416,42.08535674,26.55958162,57.30544252,22.4551737,0.085664
4900,Mili,3547,876,2169,3616,0,10208,34.74725705,35.42319749,53.80764563,8.581504702,0.040832
4901,Mili,0,0,0,41,0,41,0,100,0,0,0.000164
4902,Mili,598,484,2450,3428,0,6960,8.591954023,49.25287356,16.93091733,6.954022989,0.02784
4903,Mili,4723,1619,6267,3661,0,16270,29.02888752,22.50153657,37.45737172,9.950829748,0.06508
4904,Mili,0,0,24,30,0,54,0,55.55555556,0,0,0.000216
4905,Mili,2095,1315,6192,14616,0,24218,8.65059047,60.35180444,21.81837117,5.429845569,0.096872
4906,Mili,0,0,0,41,0,41,0,100,0,0,0.000164
4907,Mili,5168,3345,5607,14217,10415,38752,18.23763983,50.17115432,36.60056657,11.80435473,0.155008
4908,Mili,23453,7809,8486,10112,0,49860,47.03770558,20.2807862,59.00422663,15.66185319,0.19944
4909,Mili,7,17,1004,3595,0,4623,0.151416829,77.76335713,0.680933852,0.367726584,0.018492
4910,Mili,0,0,0,64,0,64,0,100,0,0,0.000256
4911,Mili,7066,1402,4177,2576,0,15221,46.42270547,16.9239866,55.87979439,9.210958544,0.060884
4912,Mili,165923,56529,35918,83596,0,341966,48.52032073,24.44570513,64.21914309,16.53059076,1.367864
4913,Mili,7819,4755,6079,2536,0,21189,36.90122233,11.96847421,41.9181901,22.44088914,0.084756
4914,Mili,1254,3995,4858,3712,0,13819,9.074462696,26.86156741,12.40724251,28.90947247,0.055276
4915,Mili,17261,4612,7246,5692,0,34811,49.58490132,16.35115337,59.27744771,13.24868576,0.139244
4916,Mili,0,0,585,1731,0,2316,0,74.74093264,0,0,0.009264
4917,Mili,0,0,0,149,0,149,0,100,0,0,0.000596
4918,Mili,21,32,1105,2518,0,3676,0.571273123,68.49836779,1.813471503,0.870511425,0.014704
4919,Mili,32960,11697,8064,12387,3219,68327,50.62357928,19.02531179,62.51778229,17.96553419,0.273308
4920,Mili,45,1641,3220,2732,0,7638,0.589159466,35.76852579,0.917244191,21.48468185,0.030552
4921,Mili,2191,491,2270,1816,0,6768,32.37293144,26.8321513,44.2447496,7.254728132,0.027072
4922,Mili,6429,9478,13114,10070,0,39091,16.44624082,25.76040521,22.15292374,24.24599013,0.156364
4923,Mili,46329,26883,27795,47307,0,148314,31.23710506,31.89651685,45.86711812,18.12573324,0.593256
4924,Mili,15600,10391,10730,7907,0,44628,34.95563323,17.71757641,42.4825032,23.28358878,0.178512
4925,Mili,7146,2172,5119,20241,0,34678,20.60672472,58.36841802,49.49781811,6.263336986,0.138712
4926,Mili,4387,2187,5633,8753,0,20960,20.93034351,41.76049618,35.938396,10.43416031,0.08384
4927,Mili,150,375,1221,1916,0,3662,4.096122338,52.32113599,8.591065292,10.24030584,0.014648
4928,Mili,434893,427520,110267,104366,35173,1112219,40.37831253,9.690022525,44.71079903,39.69375496,4.448876
4929,Mili,8507,5734,5987,4800,0,25028,33.98993128,19.17852006,42.05556654,22.91034042,0.100112
4930,Mili,1199,1688,3635,1902,0,8424,14.2331434,22.57834758,18.38393131,20.0379867,0.033696
4931,Mili,1857,2238,3802,1893,0,9790,18.96833504,19.3360572,23.51525896,22.86006129,0.03916
4932,Mili,40,49,546,2341,0,2976,1.344086022,78.66263441,6.299212598,1.646505376,0.011904
4933,Mili,908,1459,2258,4279,0,8904,10.19766397,48.05705301,19.63243243,16.38589398,0.035616
4934,Mili,58,47,676,5092,0,5873,0.987570237,86.70185595,7.42637644,0.800272433,0.023492
4935,Mili,135,603,885,1339,0,2962,4.557731263,45.20594193,8.31792976,20.35786631,0.011848
4936,Mili,1,0,58,3019,0,3078,0.032488629,98.08317089,1.694915254,0,0.012312
4937,Mili,237202,120857,85544,124512,84966,653081,41.75246209,21.9166894,53.47168527,21.27333374,2.612324
4938,Mili,2494,4752,3638,14931,0,25815,9.661049777,57.83846601,22.91436972,18.40790238,0.10326
4939,Mili,30808,36963,10616,25318,0,103705,29.70734294,24.41348055,39.30243535,35.64244733,0.41482
4940,Mili,3924,2543,2548,3229,0,12244,32.04835021,26.37210062,43.52745424,20.76935642,0.048976
4941,Mili,1206,451,3367,12744,0,17768,6.787483116,71.72444845,24.00477707,2.538271049,0.071072
4942,Mili,0,0,0,36,0,36,0,100,0,0,0.000144
4943,Mili,6481,1591,2757,17138,0,27967,23.17374048,61.27936497,59.84855481,5.68884757,0.111868
4944,Mili,167,88,881,4455,0,5591,2.986943302,79.68163119,14.70070423,1.573958147,0.022364
4945,Mili,2,0,68,2677,0,2747,0.072806698,97.45176556,2.857142857,0,0.010988
4946,Mili,765,1571,1610,13342,0,17288,4.425034706,77.17491902,19.38672073,9.087228135,0.069152
4947,Mili,0,0,0,80,0,80,0,100,0,0,0.00032
4948,Mili,119,13,234,4803,0,5169,2.302186109,92.91932676,32.5136612,0.251499323,0.020676
4949,Mili,45500,24157,10904,42669,0,123230,36.92282723,34.62549704,56.47894142,19.60318104,0.49292
4950,Mole,15008,53588,5806,5360,0,79762,18.81597753,6.719991976,20.17150077,67.184875,0.319048
4951,Moruroa,0,0,289,161,0,450,0,35.77777778,0,0,0.0018
4952,Moruroa,0,0,62,34,0,96,0,35.41666667,0,0,0.000384
4953,Moruroa,2,172,1693,3162,0,5029,0.039769338,62.87532313,0.107123728,3.420163054,0.020116
4954,Moruroa,0,32,360,176,0,568,0,30.98591549,0,5.633802817,0.002272
4955,Moruroa,0,38,88,68,0,194,0,35.05154639,0,19.58762887,0.000776
4956,Moruroa,0,0,968,2510,0,3478,0,72.16791259,0,0,0.013912
4957,Moruroa,0,0,110,2,0,112,0,1.785714286,0,0,0.000448
4958,Moruroa,0,0,23,7,0,30,0,23.33333333,0,0,0.00012
4959,Moruroa,41,3207,8977,7575,0,19800,0.207070707,38.25757576,0.335378323,16.1969697,0.0792
4960,Moruroa,0,0,1145,574,0,1719,0,33.39150669,0,0,0.006876
4961,Moruroa,0,0,197,48,0,245,0,19.59183673,0,0,0.00098
4962,Moruroa,0,0,73,402,0,475,0,84.63157895,0,0,0.0019
4963,Moruroa,616,81007,60987,29226,0,171836,0.358481343,17.00807747,0.431947269,47.14204241,0.687344
4964,Moruroa,0,2,48,40,0,90,0,44.44444444,0,2.222222222,0.00036
4965,Moruroa,0,0,600,2350,0,2950,0,79.66101695,0,0,0.0118
4966,Moruroa,0,0,53,78,0,131,0,59.54198473,0,0,0.000524
4967,Moruroa,0,0,41,41,0,82,0,50,0,0,0.000328
4968,Moruroa,0,0,11,17,0,28,0,60.71428571,0,0,0.000112
4969,Moruroa,0,0,11,30,0,41,0,73.17073171,0,0,0.000164
4970,Moruroa,0,0,84,168,0,252,0,66.66666667,0,0,0.001008
4971,Moruroa,2,36,809,1660,0,2507,0.079776625,66.21459912,0.236127509,1.435979258,0.010028
4972,Moruroa,0,0,22,156,0,178,0,87.64044944,0,0,0.000712
4973,Moruroa,0,0,51,114,0,165,0,69.09090909,0,0,0.00066
4974,Moruroa,0,0,16,74,0,90,0,82.22222222,0,0,0.00036
4975,Moruroa,0,0,65,192,0,257,0,74.70817121,0,0,0.001028
4976,Moruroa,0,0,12,62,0,74,0,83.78378378,0,0,0.000296
4977,Moruroa,1,56,488,405,0,950,0.105263158,42.63157895,0.183486239,5.894736842,0.0038
4978,Moruroa,0,0,666,1734,0,2400,0,72.25,0,0,0.0096
4979,Moruroa,0,0,49,46,0,95,0,48.42105263,0,0,0.00038
4980,Moruroa,0,0,125,102,0,227,0,44.9339207,0,0,0.000908
4981,Moruroa,0,0,11,15,0,26,0,57.69230769,0,0,0.000104
4982,Moruroa,0,2,187,207,0,396,0,52.27272727,0,0.505050505,0.001584
4983,Moruroa,0,0,5,95,0,100,0,95,0,0,0.0004
4984,Moruroa,0,1,62,0,0,63,0,0,0,1.587301587,0.000252
4985,Moruroa,0,1,35,1,0,37,0,2.702702703,0,2.702702703,0.000148
4986,Moruroa,0,0,56,4,0,60,0,6.666666667,0,0,0.00024
4987,Moruroa,0,0,196,1372,0,1568,0,87.5,0,0,0.006272
4988,Moruroa,2,40,98,4,0,144,1.388888889,2.777777778,1.428571429,27.77777778,0.000576
4989,Moruroa,1544,17932,53322,18448,0,91246,1.69212897,20.21787256,2.120937388,19.65236832,0.364984
4990,Moruroa,3,55,2821,2976,0,5855,0.051238258,50.82835184,0.104202848,0.939368061,0.02342
4991,Moruroa,0,0,0,417,0,417,0,100,0,0,0.001668
4992,Moruroa,0,0,2,102,0,104,0,98.07692308,0,0,0.000416
4993,Moruroa,2,22,353,486,0,863,0.23174971,56.31517961,0.530503979,2.549246813,0.003452
4994,Moruroa,7897,413552,285760,177340,0,884549,0.892771344,20.04863495,1.116643029,46.75286502,3.538196
4995,Moruroa,0,0,0,651,0,651,0,100,0,0,0.002604
4996,Moruroa,10,3776,1152,1091,0,6029,0.165864986,18.09586996,0.202511138,62.63061868,0.024116
4997,Moruroa,0,0,209,1649,0,1858,0,88.75134553,0,0,0.007432
4998,Moruroa,0,0,10,135,0,145,0,93.10344828,0,0,0.00058
4999,Moruroa,0,0,0,568,0,568,0,100,0,0,0.002272
5000,Moruroa,52,9828,6654,6178,0,22712,0.228953857,27.20147939,0.314503447,43.27227897,0.090848
5001,Moruroa,0,0,3,116,0,119,0,97.4789916,0,0,0.000476
5002,Moruroa,0,0,0,94,0,94,0,100,0,0,0.000376
5003,Moruroa,0,0,0,72,0,72,0,100,0,0,0.000288
5004,Moruroa,0,2,19,5,0,26,0,19.23076923,0,7.692307692,0.000104
5005,Moruroa,0,0,42,197,0,239,0,82.42677824,0,0,0.000956
5006,Moruroa,0,0,0,138,0,138,0,100,0,0,0.000552
5007,Moruroa,141,27233,13497,12890,0,53761,0.262271907,23.97648853,0.344987889,50.65567977,0.215044
5008,Moruroa,0,0,65,33,0,98,0,33.67346939,0,0,0.000392
5009,Moruroa,0,0,0,145,0,145,0,100,0,0,0.00058
5010,Moruroa,0,0,7,27,0,34,0,79.41176471,0,0,0.000136
5011,Moruroa,110,14509,8781,3023,0,26423,0.416303978,11.44079022,0.47008547,54.91049464,0.105692
5012,Moruroa,1,27,41,0,0,69,1.449275362,0,1.449275362,39.13043478,0.000276
5013,Moruroa,23,8094,3634,2367,0,14118,0.162912594,16.76583085,0.195728023,57.33106672,0.056472
5014,Moruroa,0,85,37,1,0,123,0,0.81300813,0,69.10569106,0.000492
5015,Moruroa,1,605,348,140,0,1094,0.091407678,12.79707495,0.104821803,55.30164534,0.004376
5016,Moruroa,24,1660,5029,2264,0,8977,0.267349894,25.22000668,0.357515269,18.49170101,0.035908
5017,Moruroa,0,0,0,62,0,62,0,100,0,0,0.000248
5018,Moruroa,208,27536,11939,1099,0,40782,0.510028934,2.694816341,0.52415392,67.51998431,0.163128
5019,Moruroa,0,0,13,760,0,773,0,98.31824062,0,0,0.003092
5020,Moruroa,27,4136,1332,311,0,5806,0.465036169,5.35652773,0.491355778,71.23665174,0.023224
5021,Moruroa,4,856,703,310,0,1873,0.213561132,16.55098772,0.255918106,45.70208222,0.007492
5022,Moruroa,12,1506,580,532,0,2630,0.456273764,20.22813688,0.571973308,57.26235741,0.01052
5023,Moruroa,0,0,75,43,0,118,0,36.44067797,0,0,0.000472
5024,Moruroa,16,4219,1915,1227,0,7377,0.216890335,16.63277755,0.260162602,57.19127016,0.029508
5025,Moruroa,14,1064,418,20,0,1516,0.92348285,1.319261214,0.935828877,70.18469657,0.006064
5026,Moruroa,38,5898,1884,761,0,8581,0.44283883,8.868430253,0.485933504,68.73324787,0.034324
5027,Moruroa,41,1744,609,22,0,2416,1.697019868,0.910596026,1.712614871,72.18543046,0.009664
5028,Moruroa,0,0,52,150,0,202,0,74.25742574,0,0,0.000808
5029,Moruroa,47,1479,9460,8581,0,19567,0.240200337,43.85444882,0.427817222,7.558644657,0.078268
5030,Moruroa,0,0,46,16,0,62,0,25.80645161,0,0,0.000248
5031,Moruroa,0,36,18,0,0,54,0,0,0,66.66666667,0.000216
5032,Moruroa,0,83,37,4,0,124,0,3.225806452,0,66.93548387,0.000496
5033,Moruroa,57,1877,4435,1586,0,7955,0.716530484,19.93714645,0.894959962,23.59522313,0.03182
5034,Moruroa,1,143,651,1676,0,2471,0.040469446,67.82679077,0.125786164,5.787130716,0.009884
5035,Moruroa,0,0,11,28,0,39,0,71.79487179,0,0,0.000156
5036,Moruroa,39,3463,943,310,0,4755,0.820189274,6.519453207,0.877390326,72.82860147,0.01902
5037,Moruroa,1,1413,1587,1092,0,4093,0.024431957,26.67969704,0.033322226,34.52235524,0.016372
5038,Moruroa,2,122,197,186,0,507,0.394477318,36.68639053,0.62305296,24.06311637,0.002028
5039,Moruroa,0,0,90,159,0,249,0,63.85542169,0,0,0.000996
5040,Moruroa,593,65273,21862,6974,0,94702,0.626174738,7.364152816,0.675952945,68.92462672,0.378808
5041,Moruroa,11,150,3348,4675,0,8184,0.134408602,57.12365591,0.313479624,1.832844575,0.032736
5042,Moruroa,0,1,725,2383,0,3109,0,76.64844001,0,0.032164683,0.012436
5043,Moruroa,0,0,327,1510,0,1837,0,82.19923789,0,0,0.007348
5044,Moruroa,12,60,1659,921,0,2652,0.452488688,34.72850679,0.693240901,2.262443439,0.010608
5045,Moruroa,0,0,1240,2339,0,3579,0,65.35345068,0,0,0.014316
5046,Moruroa,0,0,413,792,0,1205,0,65.72614108,0,0,0.00482
5047,Moruroa,0,0,39,902,0,941,0,95.8554729,0,0,0.003764
5048,Moruroa,6,14,1203,1244,0,2467,0.243210377,50.42561816,0.490596893,0.56749088,0.009868
5049,Moruroa,0,0,576,591,0,1167,0,50.64267352,0,0,0.004668
5050,Moruroa,0,0,1200,1741,0,2941,0,59.19755185,0,0,0.011764
5051,Moruroa,0,0,33,6,0,39,0,15.38461538,0,0,0.000156
5052,Moruroa,8351,92589,66980,58245,0,226165,3.692436938,25.75332169,4.973201525,40.9386952,0.90466
5053,Moruroa,2,77,1614,1981,0,3674,0.054436581,53.91943386,0.118133491,2.095808383,0.014696
5054,Moruroa,18,176,6160,9936,0,16290,0.110497238,60.99447514,0.283286119,1.080417434,0.06516
5055,Moruroa,22,178,5805,6802,0,12807,0.171781057,53.1115796,0.366361366,1.389864918,0.051228
5056,Moruroa,48,518,25866,38706,0,65138,0.073689705,59.42153582,0.181598063,0.795234732,0.260552
5057,Moruroa,37,2114,31320,23640,0,57111,0.064786118,41.39307664,0.110543456,3.701563622,0.228444
5058,Motutunga,135,80,18831,33150,0,52196,0.258640509,63.51061384,0.708810249,0.15326845,0.208784
5059,Motutunga,0,0,36,11,0,47,0,23.40425532,0,0,0.000188
5060,Motutunga,273,88,15319,12416,0,28096,0.971668565,44.19134396,1.741071429,0.313211845,0.112384
5061,Motutunga,0,0,0,325,0,325,0,100,0,0,0.0013
5062,Motutunga,0,0,28,7,0,35,0,20,0,0,0.00014
5063,Motutunga,0,0,105,14,0,119,0,11.76470588,0,0,0.000476
5064,Motutunga,1,37,9778,20834,0,30650,0.003262643,67.97389886,0.010187449,0.120717781,0.1226
5065,Motutunga,0,0,11001,46037,0,57038,0,80.71285809,0,0,0.228152
5066,Motutunga,0,0,2920,5713,0,8633,0,66.17630024,0,0,0.034532
5067,Motutunga,0,0,1220,447,0,1667,0,26.81463707,0,0,0.006668
5068,Motutunga,0,0,32,37,0,69,0,53.62318841,0,0,0.000276
5069,Motutunga,0,0,2,34,0,36,0,94.44444444,0,0,0.000144
5070,Motutunga,88,34,17845,31878,0,49845,0.176547297,63.9542582,0.489786831,0.068211456,0.19938
5071,Motutunga,0,0,47,21,0,68,0,30.88235294,0,0,0.000272
5072,Motutunga,0,0,87,89,0,176,0,50.56818182,0,0,0.000704
5073,Motutunga,2603,3870,30192,7138,0,43803,5.942515353,16.29568751,7.09941361,8.835011301,0.175212
5074,Motutunga,0,0,60,8,0,68,0,11.76470588,0,0,0.000272
5075,Motutunga,27129,28911,136591,54111,0,246742,10.99488535,21.93019429,14.08340298,11.71709721,0.986968
5076,Motutunga,14449,21546,82903,66107,0,185005,7.810059188,35.73254777,12.15243318,11.64617173,0.74002
5077,Motutunga,0,0,760,13103,0,13863,0,94.51778114,0,0,0.055452
5078,Motutunga,0,0,31,7090,0,7121,0,99.56466788,0,0,0.028484
5079,Motutunga,0,0,8,1365,0,1373,0,99.4173343,0,0,0.005492
5080,Motutunga,0,0,0,96,0,96,0,100,0,0,0.000384
5081,Motutunga,0,0,0,1726,0,1726,0,100,0,0,0.006904
5082,Mouse,18277,17004,1186,4594,0,41061,44.51182387,11.18823214,50.11928593,41.41155841,0.164244
5083,Murilo,15948,80498,15984,6285,0,118715,13.43385419,5.294191972,14.18482611,67.80777492,0.47486
5084,Murilo,3814,22233,5508,6464,0,38019,10.03182619,17.0020253,12.08683251,58.47865541,0.152076
5085,Murilo,0,0,0,363,0,363,0,100,0,0,0.001452
5086,Murilo,0,0,0,583,0,583,0,100,0,0,0.002332
5087,Murilo,0,0,0,93,0,93,0,100,0,0,0.000372
5088,Murilo,0,0,0,110,0,110,0,100,0,0,0.00044
5089,Murilo,0,0,0,1836,0,1836,0,100,0,0,0.007344
5090,Murilo,0,0,0,696,0,696,0,100,0,0,0.002784
5091,Murilo,0,0,0,873,0,873,0,100,0,0,0.003492
5092,Murilo,0,0,0,981,0,981,0,100,0,0,0.003924
5093,Murilo,0,0,0,195,0,195,0,100,0,0,0.00078
5094,Murilo,0,0,0,745,0,745,0,100,0,0,0.00298
5095,Murilo,0,0,0,258,0,258,0,100,0,0,0.001032
5096,Murilo,0,0,0,321,0,321,0,100,0,0,0.001284
5097,Murilo,0,0,0,75,0,75,0,100,0,0,0.0003
5098,Murilo,0,0,0,113,0,113,0,100,0,0,0.000452
5099,Murilo,0,0,0,57,0,57,0,100,0,0,0.000228
5100,Murilo,0,0,0,27,0,27,0,100,0,0,0.000108
5101,Murilo,0,0,0,63,0,63,0,100,0,0,0.000252
5102,Murilo,0,0,0,161,0,161,0,100,0,0,0.000644
5103,Murilo,0,0,0,530,0,530,0,100,0,0,0.00212
5104,Murilo,30739,17582,15389,7753,0,71463,43.01386732,10.8489708,48.24831267,24.60294138,0.285852
5105,Murilo,0,0,0,34,0,34,0,100,0,0,0.000136
5106,Murilo,0,0,0,46,0,46,0,100,0,0,0.000184
5107,Murilo,0,0,0,46,0,46,0,100,0,0,0.000184
5108,Murilo,0,0,0,54,0,54,0,100,0,0,0.000216
5109,Murilo,0,0,0,40,0,40,0,100,0,0,0.00016
5110,Murilo,0,0,0,50,0,50,0,100,0,0,0.0002
5111,Murilo,0,0,0,36,0,36,0,100,0,0,0.000144
5112,Murilo,0,0,0,81,0,81,0,100,0,0,0.000324
5113,Murilo,0,0,0,60,0,60,0,100,0,0,0.00024
5114,Murilo,0,0,0,134,0,134,0,100,0,0,0.000536
5115,Murilo,0,0,0,704,0,704,0,100,0,0,0.002816
5116,Murilo,0,0,0,38,0,38,0,100,0,0,0.000152
5117,Murilo,0,0,0,149,0,149,0,100,0,0,0.000596
5118,Murilo,0,0,0,302,0,302,0,100,0,0,0.001208
5119,Murilo,0,0,0,242,0,242,0,100,0,0,0.000968
5120,Murilo,0,0,0,275,0,275,0,100,0,0,0.0011
5121,Murilo,0,0,0,1335,0,1335,0,100,0,0,0.00534
5122,Murilo,0,0,0,1472,0,1472,0,100,0,0,0.005888
5123,Murilo,0,0,0,371,0,371,0,100,0,0,0.001484
5124,Murilo,73,245,2631,3194,0,6143,1.188344457,51.99413967,2.475415395,3.988279342,0.024572
5125,Murilo,248,80,764,1797,0,2889,8.58428522,62.20145379,22.71062271,2.769124264,0.011556
5126,Murilo,0,0,0,70,0,70,0,100,0,0,0.00028
5127,Murilo,0,0,12,616,0,628,0,98.08917197,0,0,0.002512
5128,Murilo,0,0,0,1071,0,1071,0,100,0,0,0.004284
5129,Murilo,567,238,1391,1426,0,3622,15.65433462,39.37051353,25.81967213,6.570955273,0.014488
5130,Murilo,30158,7586,12471,4447,0,54662,55.17178296,8.135450587,60.05775167,13.87801398,0.218648
5131,Murilo,0,0,0,30,0,30,0,100,0,0,0.00012
5132,Murilo,0,0,0,39,0,39,0,100,0,0,0.000156
5133,Murilo,0,0,0,36,0,36,0,100,0,0,0.000144
5134,Murilo,0,0,0,45,0,45,0,100,0,0,0.00018
5135,Murilo,0,0,0,39,0,39,0,100,0,0,0.000156
5136,Murilo,0,0,0,42,0,42,0,100,0,0,0.000168
5137,Murilo,0,0,0,132,0,132,0,100,0,0,0.000528
5138,Murilo,0,0,0,629,0,629,0,100,0,0,0.002516
5139,Murilo,0,0,0,39,0,39,0,100,0,0,0.000156
5140,Murilo,0,0,0,44,0,44,0,100,0,0,0.000176
5141,Murilo,0,0,0,109,0,109,0,100,0,0,0.000436
5142,Murilo,0,0,0,76,0,76,0,100,0,0,0.000304
5143,Murilo,0,0,0,204,0,204,0,100,0,0,0.000816
5144,Murilo,0,0,0,122,0,122,0,100,0,0,0.000488
5145,Murilo,0,0,0,105,0,105,0,100,0,0,0.00042
5146,Murilo,0,0,0,334,0,334,0,100,0,0,0.001336
5147,Murilo,0,0,0,31,0,31,0,100,0,0,0.000124
5148,Murilo,0,0,0,208,0,208,0,100,0,0,0.000832
5149,Murilo,0,0,0,173,0,173,0,100,0,0,0.000692
5150,Murilo,0,0,0,75,0,75,0,100,0,0,0.0003
5151,Murilo,0,0,0,126,0,126,0,100,0,0,0.000504
5152,Murilo,0,0,0,339,0,339,0,100,0,0,0.001356
5153,Murilo,0,0,0,378,0,378,0,100,0,0,0.001512
5154,Murilo,0,0,0,92,0,92,0,100,0,0,0.000368
5155,Murilo,0,0,0,212,0,212,0,100,0,0,0.000848
5156,Murilo,0,0,0,788,0,788,0,100,0,0,0.003152
5157,Murilo,0,0,0,558,0,558,0,100,0,0,0.002232
5158,Murilo,0,0,0,46,0,46,0,100,0,0,0.000184
5159,Murilo,0,0,0,81,0,81,0,100,0,0,0.000324
5160,Murilo,0,0,0,516,0,516,0,100,0,0,0.002064
5161,Murilo,0,0,0,1331,0,1331,0,100,0,0,0.005324
5162,Murilo,0,0,0,1619,0,1619,0,100,0,0,0.006476
5163,Murilo,0,0,0,176,0,176,0,100,0,0,0.000704
5164,Murilo,0,0,0,60,0,60,0,100,0,0,0.00024
5165,Murilo,0,0,0,53,0,53,0,100,0,0,0.000212
5166,Murilo,0,0,0,175,0,175,0,100,0,0,0.0007
5167,Murilo,0,0,0,42,0,42,0,100,0,0,0.000168
5168,Murilo,0,0,0,244,0,244,0,100,0,0,0.000976
5169,Murilo,0,0,0,46,0,46,0,100,0,0,0.000184
5170,Murilo,0,0,0,88,0,88,0,100,0,0,0.000352
5171,Murilo,0,0,0,75,0,75,0,100,0,0,0.0003
5172,Murilo,0,0,0,99,0,99,0,100,0,0,0.000396
5173,Murilo,0,0,0,33,0,33,0,100,0,0,0.000132
5174,Murilo,0,0,0,46,0,46,0,100,0,0,0.000184
5175,Murilo,0,0,0,59,0,59,0,100,0,0,0.000236
5176,Murilo,0,0,0,59,0,59,0,100,0,0,0.000236
5177,Murilo,0,0,0,115,0,115,0,100,0,0,0.00046
5178,Murilo,0,0,0,60,0,60,0,100,0,0,0.00024
5179,Murilo,0,0,0,84,0,84,0,100,0,0,0.000336
5180,Murilo,0,0,0,26,0,26,0,100,0,0,0.000104
5181,Murilo,0,0,0,37,0,37,0,100,0,0,0.000148
5182,Murilo,0,0,0,326,0,326,0,100,0,0,0.001304
5183,Murilo,0,0,0,29,0,29,0,100,0,0,0.000116
5184,Murilo,0,0,0,27,0,27,0,100,0,0,0.000108
5185,Murilo,0,0,0,72,0,72,0,100,0,0,0.000288
5186,Murilo,0,0,0,121,0,121,0,100,0,0,0.000484
5187,Murilo,0,0,0,58,0,58,0,100,0,0,0.000232
5188,Murilo,0,0,0,25,0,25,0,100,0,0,0.0001
5189,Murilo,0,0,0,29,0,29,0,100,0,0,0.000116
5190,Murilo,0,0,0,76,0,76,0,100,0,0,0.000304
5191,Murilo,0,0,0,134,0,134,0,100,0,0,0.000536
5192,Murilo,0,0,0,111,0,111,0,100,0,0,0.000444
5193,Murilo,0,0,0,25,0,25,0,100,0,0,0.0001
5194,Murilo,0,0,0,586,0,586,0,100,0,0,0.002344
5195,Murilo,0,0,0,122,0,122,0,100,0,0,0.000488
5196,Murilo,0,0,1,79,0,80,0,98.75,0,0,0.00032
5197,Murilo,0,0,0,245,0,245,0,100,0,0,0.00098
5198,Murilo,0,0,0,37,0,37,0,100,0,0,0.000148
5199,Murilo,0,0,0,35,0,35,0,100,0,0,0.00014
5200,Murilo,0,0,0,71,0,71,0,100,0,0,0.000284
5201,Murilo,0,0,0,73,0,73,0,100,0,0,0.000292
5202,Murilo,0,0,0,42,0,42,0,100,0,0,0.000168
5203,Murilo,0,0,0,28,0,28,0,100,0,0,0.000112
5204,Murilo,0,0,0,64,0,64,0,100,0,0,0.000256
5205,Murilo,0,0,0,35,0,35,0,100,0,0,0.00014
5206,Murilo,0,0,0,47,0,47,0,100,0,0,0.000188
5207,Murilo,0,0,0,58,0,58,0,100,0,0,0.000232
5208,Murilo,0,0,0,186,0,186,0,100,0,0,0.000744
5209,Murilo,0,0,0,72,0,72,0,100,0,0,0.000288
5210,Murilo,0,0,0,66,0,66,0,100,0,0,0.000264
5211,Murilo,0,0,0,104,0,104,0,100,0,0,0.000416
5212,Murilo,0,0,0,25,0,25,0,100,0,0,0.0001
5213,Murilo,0,0,0,170,0,170,0,100,0,0,0.00068
5214,Murilo,0,0,0,61,0,61,0,100,0,0,0.000244
5215,Murilo,0,0,0,134,0,134,0,100,0,0,0.000536
5216,Murilo,0,0,0,61,0,61,0,100,0,0,0.000244
5217,Murilo,0,0,0,47,0,47,0,100,0,0,0.000188
5218,Murilo,0,0,0,54,0,54,0,100,0,0,0.000216
5219,Murilo,0,0,0,165,0,165,0,100,0,0,0.00066
5220,Murilo,0,0,0,91,0,91,0,100,0,0,0.000364
5221,Murilo,0,0,0,28,0,28,0,100,0,0,0.000112
5222,Murilo,0,0,0,43,0,43,0,100,0,0,0.000172
5223,Murilo,0,0,0,80,0,80,0,100,0,0,0.00032
5224,Murilo,0,0,0,146,0,146,0,100,0,0,0.000584
5225,Murilo,0,0,0,204,0,204,0,100,0,0,0.000816
5226,Murilo,0,0,0,185,0,185,0,100,0,0,0.00074
5227,Murilo,0,0,0,298,0,298,0,100,0,0,0.001192
5228,Murilo,0,0,0,49,0,49,0,100,0,0,0.000196
5229,Murilo,0,0,0,42,0,42,0,100,0,0,0.000168
5230,Murilo,0,0,0,138,0,138,0,100,0,0,0.000552
5231,Murilo,0,0,0,55,0,55,0,100,0,0,0.00022
5232,Murilo,0,0,0,31,0,31,0,100,0,0,0.000124
5233,Murilo,0,0,0,118,0,118,0,100,0,0,0.000472
5234,Murilo,0,0,0,76,0,76,0,100,0,0,0.000304
5235,Murilo,0,0,0,94,0,94,0,100,0,0,0.000376
5236,Murilo,0,0,0,43,0,43,0,100,0,0,0.000172
5237,Murilo,0,0,0,25,0,25,0,100,0,0,0.0001
5238,Murilo,0,0,0,31,0,31,0,100,0,0,0.000124
5239,Murilo,0,0,0,160,0,160,0,100,0,0,0.00064
5240,Murilo,0,0,0,51,0,51,0,100,0,0,0.000204
5241,Murilo,0,0,0,30,0,30,0,100,0,0,0.00012
5242,Murilo,0,0,0,55,0,55,0,100,0,0,0.00022
5243,Murilo,0,0,0,225,0,225,0,100,0,0,0.0009
5244,Murilo,126,36,336,678,0,1176,10.71428571,57.65306122,25.30120482,3.06122449,0.004704
5245,Murilo,135143,357580,54609,36868,0,584200,23.1330024,6.310852448,24.69122945,61.20849024,2.3368
5246,Murilo,0,0,0,51,0,51,0,100,0,0,0.000204
5247,Murilo,0,0,0,28,0,28,0,100,0,0,0.000112
5248,Murilo,42789,41913,29514,7936,0,122152,35.02930775,6.49682363,37.46322757,34.31216845,0.488608
5249,Murilo,0,0,0,58,0,58,0,100,0,0,0.000232
5250,Mwoakilloa,1,4,28,4,0,37,2.702702703,10.81081081,3.03030303,10.81081081,0.000148
5251,Mwoakilloa,8,3,15,1,0,27,29.62962963,3.703703704,30.76923077,11.11111111,0.000108
5252,Mwoakilloa,43672,23879,3352,2312,0,73215,59.64897903,3.157822851,61.59400872,32.61490132,0.29286
5253,Mwoakilloa,80946,48781,12849,7937,0,150513,53.78007215,5.273298652,56.7739311,32.40982506,0.602052
5254,Mwoakilloa,60127,62125,12972,3290,0,138514,43.40860852,2.37521117,44.46473999,44.85106199,0.554056
5255,Nadikdik,0,0,53,1603,0,1656,0,96.79951691,0,0,0.006624
5256,Nadikdik,1217,231,828,1525,0,3801,32.01789003,40.12102078,53.47100176,6.077348066,0.015204
5257,Nadikdik,142,82,608,1256,0,2088,6.800766284,60.1532567,17.06730769,3.927203065,0.008352
5258,Nadikdik,30548,7244,34243,45086,0,117121,26.08242757,38.49523143,42.40716318,6.18505648,0.468484
5259,Nadikdik,7740,656,3227,5388,0,17011,45.49997061,31.67362295,66.59210187,3.856328258,0.068044
5260,Nadikdik,11511,744,3514,6661,0,22430,51.31966117,29.6968346,72.99765362,3.316986179,0.08972
5261,Nadikdik,2604,1935,13905,20045,0,38489,6.765569383,52.07981501,14.11841249,5.027410429,0.153956
5262,Nadikdik,16227,1204,5412,9038,0,31881,50.89865437,28.34917349,71.03707919,3.776544023,0.127524
5263,Nadikdik,58360,10679,27090,48284,1496,145909,40.41187428,33.43466308,60.71008749,7.394763629,0.583636
5264,Nama,122210,76579,12399,21967,0,233155,52.41577491,9.421629388,57.86787128,32.84467414,0.93262
5265,Namdrik,105267,110777,28769,8741,0,253554,41.51660001,3.447391877,42.99894205,43.68970712,1.014216
5266,Namdrik,0,0,0,0,83,83,0,0,0,0,0.000332
5267,Namdrik,449998,187577,54972,43729,8839,745115,61.11811332,5.939213013,64.97725064,25.47645177,2.98046
5268,Namoluk,2091,783,503,334,0,3711,56.34599838,9.000269469,61.9188629,21.09943411,0.014844
5269,Namoluk,33357,52662,12792,7112,0,105923,31.491744,6.714311339,33.75838722,49.71724743,0.423692
5270,Namoluk,42894,71840,10264,3581,0,128579,33.36003546,2.785058213,34.31574905,55.8722653,0.514316
5271,Namoluk,2347,2745,1678,674,0,7444,31.52874798,9.054271897,34.6676514,36.87533584,0.029776
5272,Namoluk,31379,47625,7260,8669,0,94933,33.05383797,9.131703412,36.37554484,50.16695986,0.379732
5273,Namonuito,27663,6677,3680,2439,0,40459,68.37292073,6.028324971,72.75907417,16.50312662,0.161836
5274,Namonuito,33286,25767,8367,3108,0,70528,47.19544011,4.406760436,49.3711065,36.53442604,0.282112
5275,Namonuito,15625,16385,6077,1451,0,39538,39.5189438,3.669887197,41.02449655,41.44114523,0.158152
5276,Namu,0,0,0,27,0,27,0,100,0,0,0.000108
5277,Namu,14674,15150,1467,8689,0,39980,36.70335168,21.73336668,46.8952734,37.89394697,0.15992
5278,Namu,171407,46334,12360,45575,0,275676,62.17697587,16.53208839,74.49207087,16.8074116,1.102704
5279,Namu,139,226,1145,1254,0,2764,5.02894356,45.36903039,9.205298013,8.176555716,0.011056
5280,Namu,118804,9952,39608,47649,78502,294515,54.99854175,22.05839463,70.56377848,4.607130126,1.17806
5281,Namu,1011,457,715,2726,1289,6198,20.59482583,55.53065798,46.31241411,9.309431656,0.024792
5282,Namu,0,0,15,1220,0,1235,0,98.7854251,0,0,0.00494
5283,Namu,0,287,501,2534,0,3322,0,76.27934979,0,8.639373871,0.013288
5284,Namu,141,124,404,1283,0,1952,7.223360656,65.72745902,21.07623318,6.352459016,0.007808
5285,Namu,0,9,55,6007,0,6071,0,98.94580794,0,0.148245759,0.024284
5286,Namu,904,896,297,78,49548,51723,41.56321839,3.586206897,43.10920362,41.1954023,0.206892
5287,Namu,1047,1385,542,2640,0,5614,18.64980406,47.02529391,35.20511096,24.67046669,0.022456
5288,Namu,4454,529,1189,3794,0,9966,44.69195264,38.06943608,72.16461439,5.308047361,0.039864
5289,Namu,641,591,476,1376,0,3084,20.7846952,44.61738003,37.529274,19.16342412,0.012336
5290,Namu,618,912,578,2408,0,4516,13.68467671,53.32152347,29.31688805,20.19486271,0.018064
5291,Namu,4596,784,772,2881,0,9033,50.88010628,31.89416584,74.70741222,8.679287059,0.036132
5292,Namu,2310,886,643,2499,0,6338,36.44682865,39.42884191,60.17191977,13.97917324,0.025352
5293,Namu,5322,649,1598,3848,0,11417,46.61469738,33.70412543,70.3131193,5.684505562,0.045668
5294,Namu,9792,1284,1739,4991,0,17806,54.99269909,28.02987757,76.4104565,7.211052454,0.071224
5295,Namu,2228,973,608,2158,0,5967,37.33869616,36.16557734,58.49304279,16.3063516,0.023868
5296,Namu,13430,2369,2855,8205,0,26859,50.00186157,30.54841952,71.99528251,8.820134778,0.107436
5297,Namu,3321,605,569,1907,0,6402,51.87441425,29.78756639,73.88209121,9.450171821,0.025608
5298,Namu,4591,546,775,2330,0,8242,55.70249939,28.26983742,77.6556157,6.624605678,0.032968
5299,Namu,2733,512,681,1913,0,5839,46.80595992,32.76245933,69.61283749,8.768624765,0.023356
5300,Namu,3240,1644,905,2647,0,8436,38.40682788,31.37743006,55.96821558,19.48790896,0.033744
5301,Namu,8502,1428,1117,3929,0,14976,56.77083333,26.23530983,76.96207115,9.53525641,0.059904
5302,Namu,10053,1454,1480,4148,0,17135,58.66939014,24.20776189,77.40817741,8.48555588,0.06854
5303,Namu,1855,325,647,3404,0,6231,29.77050233,54.63007543,65.61726212,5.215856203,0.024924
5304,Namu,1587,668,586,4094,0,6935,22.88392213,59.03388609,55.86061246,9.632299928,0.02774
5305,Namu,926,68,333,1081,0,2408,38.4551495,44.89202658,69.78146194,2.823920266,0.009632
5306,Namu,6124,11365,2024,2862,10280,32655,27.3698324,12.79106145,31.3842054,50.79329609,0.13062
5307,Namu,402,5699,1642,2875,0,10618,3.786023733,27.07666227,5.191786129,53.6730081,0.042472
5308,Namu,29513,13821,5348,8701,0,57383,51.43160866,15.16302738,60.62404996,24.08553056,0.229532
5309,Namu,225,214,670,1445,0,2554,8.809710258,56.57791699,20.28854824,8.379013312,0.010216
5310,Namu,974,791,668,3125,0,5558,17.52428931,56.22526089,40.03288122,14.23173804,0.022232
5311,Namu,741,629,964,1656,0,3990,18.57142857,41.5037594,31.74807198,15.76441103,0.01596
5312,Namu,13288,6128,2900,8291,0,30607,43.41490509,27.08857451,59.54472128,20.02156369,0.122428
5313,Namu,63,69,507,2274,0,2913,2.162718847,78.0638517,9.85915493,2.36869207,0.011652
5314,Namu,2254,6214,2119,4824,0,15411,14.62591655,31.30231653,21.29026164,40.32184803,0.061644
5315,Namu,120,136,430,2094,0,2780,4.316546763,75.32374101,17.49271137,4.892086331,0.01112
5316,Namu,9775,23824,11802,19669,0,65070,15.02228369,30.22744736,21.53036277,36.61287844,0.26028
5317,Namu,2,17,427,1893,0,2339,0.085506627,80.93202223,0.448430493,0.726806327,0.009356
5318,Namu,0,1,181,2736,0,2918,0,93.76285127,0,0.034270048,0.011672
5319,Namu,1770,3450,3003,10477,0,18700,9.465240642,56.02673797,21.52499088,18.44919786,0.0748
5320,Namu,86833,31502,18014,30800,0,167149,51.94945827,18.42667321,63.68436879,18.84665777,0.668596
5321,Namu,388,527,1419,6968,0,9302,4.17114599,74.9086218,16.62382177,5.665448291,0.037208
5322,Namu,9488,1834,2854,1255,7372,22803,61.48661785,8.132979068,66.93002257,11.88516622,0.091212
5323,Namu,3753,912,1230,2267,0,8162,45.98137711,27.77505513,63.66412214,11.17373193,0.032648
5324,Namu,70,115,284,2631,0,3100,2.258064516,84.87096774,14.92537313,3.709677419,0.0124
5325,Namu,612,186,189,2105,0,3092,19.79301423,68.07891332,62.00607903,6.015523933,0.012368
5326,Namu,42716,8034,4263,5626,0,60639,70.44311417,9.277857484,77.64710159,13.24889922,0.242556
5327,Namu,25546,15265,9293,5526,0,55630,45.9212655,9.933489125,50.98594923,27.44023009,0.22252
5328,Namu,1188,522,594,1152,0,3456,34.375,33.33333333,51.5625,15.10416667,0.013824
5329,Namu,0,0,0,0,36,36,0,0,0,0,0.000144
5330,Namu,0,6,73,2,0,81,0,2.469135802,0,7.407407407,0.000324
5331,Namu,116530,33153,33387,20699,25768,229537,57.18730523,10.15807115,63.65324739,16.26989385,0.918148
5332,Nanuku Levu,740,3074,5586,4733,0,14133,5.235972547,33.48899738,7.872340426,21.75051298,0.056532
5333,Nanumanga,0,0,0,26,0,26,0,100,0,0,0.000104
5334,Nanumanga,14,159,13,0,0,186,7.52688172,0,7.52688172,85.48387097,0.000744
5335,Nanumanga,0,0,0,101,0,101,0,100,0,0,0.000404
5336,Nanumanga,5,61,34,0,0,100,5,0,5,61,0.0004
5337,Nanumanga,0,0,0,244,0,244,0,100,0,0,0.000976
5338,Nanumanga,21,65,20,4,0,110,19.09090909,3.636363636,19.81132075,59.09090909,0.00044
5339,Nanumanga,0,0,0,58,0,58,0,100,0,0,0.000232
5340,Nanumanga,0,0,0,49,0,49,0,100,0,0,0.000196
5341,Nanumanga,0,0,0,30,0,30,0,100,0,0,0.00012
5342,Nanumanga,0,0,0,110,0,110,0,100,0,0,0.00044
5343,Nanumanga,375566,215705,31458,98141,15194,736064,52.0989915,13.6142439,60.30970133,29.92287098,2.944256
5344,Nanumanga,0,0,0,67,0,67,0,100,0,0,0.000268
5345,Nanumanga,0,0,0,103,0,103,0,100,0,0,0.000412
5346,Nanumea,110902,100177,19820,14210,61601,306710,45.2459926,5.797420739,48.03052417,40.87038828,1.22684
5347,Nanumea,101,228,799,1162,0,2290,4.410480349,50.74235808,8.953900709,9.956331878,0.00916
5348,Nanumea,15266,29308,12884,6683,0,64141,23.80068911,10.41923263,26.56897212,45.69308243,0.256564
5349,Nanumea,2,12,464,1038,0,1516,0.131926121,68.46965699,0.418410042,0.791556728,0.006064
5350,Nanumea,9,55,597,1185,0,1846,0.487540628,64.1928494,1.361573374,2.979414951,0.007384
5351,Nanumea,233150,156183,109047,87015,0,585395,39.82780857,14.86432238,46.78157229,26.67993406,2.34158
5352,Napuka,21104,54338,136740,193928,0,406110,5.196621605,47.75257935,9.946178281,13.38011869,1.62444
5353,Napuka,2,24,906,11593,0,12525,0.015968064,92.55888224,0.214592275,0.191616766,0.0501
5354,Napuka,0,0,16,2823,0,2839,0,99.43642128,0,0,0.011356
5355,Napuka,55,402,1746,4801,0,7004,0.785265563,68.54654483,2.496595552,5.739577384,0.028016
5356,Napuka,13,25,766,10309,0,11113,0.116980113,92.76522991,1.616915423,0.224961757,0.044452
5357,Napuka,113,1075,7718,10110,0,19016,0.594236432,53.16575515,1.268807545,5.653134203,0.076064
5358,Napuka,567,5043,7241,7631,0,20482,2.768284347,37.2571038,4.412108007,24.62161898,0.081928
5359,Napuka,22,242,1109,7812,0,9185,0.239520958,85.05171475,1.602330663,2.634730539,0.03674
5360,Napuka,77,288,3814,13160,0,17339,0.444085587,75.89826403,1.842546064,1.660995444,0.069356
5361,Napuka,1929,3851,9869,11975,0,27624,6.98305821,43.34998552,12.32666624,13.94077614,0.110496
5362,Napuka,4,39,1329,10973,0,12345,0.032401782,88.88618874,0.29154519,0.315917375,0.04938
5363,Napuka,3,55,1412,8734,0,10204,0.029400235,85.59388475,0.204081633,0.539004312,0.040816
5364,Napuka,2,7,376,8756,0,9141,0.021879444,95.78820698,0.519480519,0.076578055,0.036564
5365,Napuka,12460,19915,44064,76550,0,152989,8.144376393,50.03627712,16.30057955,13.01727575,0.611956
5366,Napuka,5685,31347,66494,87076,0,190602,2.982654956,45.68472524,5.491374148,16.44631221,0.762408
5367,Napuka,110608,305915,425121,544194,0,1385838,7.981308061,39.26822616,13.14189847,22.07436944,5.543352
5368,Nassau,201097,43879,22609,47767,1926,317278,63.76905807,15.14720059,75.15256834,13.9142926,1.269112
5369,Nengonengo,0,0,25,6,0,31,0,19.35483871,0,0,0.000124
5370,Nengonengo,2289,10188,77535,119192,0,209204,1.094147339,56.97405403,2.542994267,4.869887765,0.836816
5371,Nengonengo,0,0,53,49,0,102,0,48.03921569,0,0,0.000408
5372,Nengonengo,0,0,22,62,0,84,0,73.80952381,0,0,0.000336
5373,Nengonengo,309,1920,19433,54703,0,76365,0.404635632,71.63360178,1.426461084,2.514240817,0.30546
5374,Nengonengo,0,0,1300,37043,0,38343,0,96.60955064,0,0,0.153372
5375,Nengonengo,0,0,0,54,0,54,0,100,0,0,0.000216
5376,Nengonengo,6502,21068,138358,240505,0,406433,1.599771672,59.1745749,3.918567089,5.183634203,1.625732
5377,Nengonengo,0,0,25,122,0,147,0,82.99319728,0,0,0.000588
5378,Nengonengo,0,0,13,100,0,113,0,88.49557522,0,0,0.000452
5379,Nengonengo,39011,17891,112205,408032,0,577139,6.759376857,70.69908636,23.06882625,3.09994646,2.308556
5380,Nengonengo,3,8,2299,60451,0,62761,0.004780039,96.31937031,0.12987013,0.012746769,0.251044
5381,Nengonengo,0,0,39,25,0,64,0,39.0625,0,0,0.000256
5382,Nengonengo,3920,9725,37143,164041,0,214829,1.824707093,76.35887147,7.718358667,4.526856244,0.859316
5383,Nengonengo,3257,6315,28948,73111,0,111631,2.917648323,65.49345612,8.455347871,5.657030753,0.446524
5384,Neoch,29747,28759,2064,1044,0,61614,48.27961178,1.694420099,49.1117715,46.67608011,0.246456
5385,Neoch,16071,23619,2419,1953,0,44062,36.47360537,4.432390722,38.16523784,53.60401253,0.176248
5386,Ngulu,2996,1127,2840,3588,0,10551,28.39541276,34.00625533,43.02743071,10.681452,0.042204
5387,Ngulu,3107,1749,3583,4405,0,12844,24.1902834,34.29616942,36.81715843,13.61725319,0.051376
5388,Ngulu,331,280,1110,2104,0,3825,8.653594771,55.00653595,19.23300407,7.320261438,0.0153
5389,Ngulu,3227,1914,2745,4632,0,12518,25.77887842,37.00271609,40.92061882,15.28998243,0.050072
5390,Ngulu,15650,8264,6632,6144,0,36690,42.6546743,16.74570728,51.23420415,22.52384846,0.14676
5391,Niau,0,0,0,47,0,47,0,100,0,0,0.000188
5392,Niau,0,0,0,95,0,95,0,100,0,0,0.00038
5393,Niau,0,0,0,34,0,34,0,100,0,0,0.000136
5394,Niau,0,0,25,0,0,25,0,0,0,0,0.0001
5395,Niau,0,0,8,55,0,63,0,87.3015873,0,0,0.000252
5396,Niau,0,0,0,69,0,69,0,100,0,0,0.000276
5397,Niau,0,0,0,28,0,28,0,100,0,0,0.000112
5398,Niau,0,0,0,25,0,25,0,100,0,0,0.0001
5399,Niau,0,0,0,37,0,37,0,100,0,0,0.000148
5400,Niau,0,0,0,42,0,42,0,100,0,0,0.000168
5401,Niau,0,0,3,43,0,46,0,93.47826087,0,0,0.000184
5402,Niau,0,0,54,0,0,54,0,0,0,0,0.000216
5403,Niau,0,0,25,0,0,25,0,0,0,0,0.0001
5404,Niau,0,0,0,28,0,28,0,100,0,0,0.000112
5405,Niau,0,0,1,64,0,65,0,98.46153846,0,0,0.00026
5406,Niau,0,0,35,28,0,63,0,44.44444444,0,0,0.000252
5407,Niau,0,0,0,72,0,72,0,100,0,0,0.000288
5408,Niau,0,0,28,14,0,42,0,33.33333333,0,0,0.000168
5409,Niau,0,0,0,44,0,44,0,100,0,0,0.000176
5410,Niau,0,0,2,86,0,88,0,97.72727273,0,0,0.000352
5411,Niau,0,0,29,0,0,29,0,0,0,0,0.000116
5412,Niau,86,16,218,35,0,355,24.22535211,9.85915493,26.875,4.507042254,0.00142
5413,Niau,0,0,38,0,0,38,0,0,0,0,0.000152
5414,Niau,9,8,33,0,0,50,18,0,18,16,0.0002
5415,Niau,0,44,5,0,0,49,0,0,0,89.79591837,0.000196
5416,Niau,2,26,4,0,0,32,6.25,0,6.25,81.25,0.000128
5417,Niau,0,0,32,0,0,32,0,0,0,0,0.000128
5418,Niau,0,0,46,0,0,46,0,0,0,0,0.000184
5419,Niau,0,0,25,0,0,25,0,0,0,0,0.0001
5420,Niau,0,0,36,0,0,36,0,0,0,0,0.000144
5421,Niau,0,0,46,0,0,46,0,0,0,0,0.000184
5422,Niau,0,0,25,0,0,25,0,0,0,0,0.0001
5423,Niau,35,0,133,71,0,239,14.64435146,29.70711297,20.83333333,0,0.000956
5424,Niau,0,0,50,30,0,80,0,37.5,0,0,0.00032
5425,Niau,0,0,0,32,0,32,0,100,0,0,0.000128
5426,Niau,0,0,0,33,0,33,0,100,0,0,0.000132
5427,Niau,0,0,20,49,0,69,0,71.01449275,0,0,0.000276
5428,Niau,0,0,4,70,0,74,0,94.59459459,0,0,0.000296
5429,Niau,0,0,20,60,0,80,0,75,0,0,0.00032
5430,Niau,0,0,53,84,0,137,0,61.31386861,0,0,0.000548
5431,Niau,0,0,2,54,0,56,0,96.42857143,0,0,0.000224
5432,Niau,0,0,7,21,0,28,0,75,0,0,0.000112
5433,Niau,1422254,2869191,939327,280170,0,5510942,25.80782015,5.08388584,27.19013561,52.06353106,22.043768
5434,Niau,0,0,0,48,0,48,0,100,0,0,0.000192
5435,Nifiloli,0,0,0,0,97,97,0,0,0,0,0.000388
5436,Nifiloli,9330,84315,26512,9471,2112,131740,7.197519055,7.306291851,7.764841,65.04381769,0.52696
5437,Nihiru,3542,5735,11610,13307,0,34194,10.35854243,38.91618413,16.95791641,16.7719483,0.136776
5438,Nihiru,7718,22491,16298,14455,0,60962,12.66034579,23.71149241,16.59535124,36.89347462,0.243848
5439,Nihiru,212,2888,17794,20702,0,41596,0.509664391,49.76920858,1.014645353,6.942975286,0.166384
5440,Nihiru,426,1784,7648,9996,0,19854,2.145663342,50.34753702,4.32136336,8.985594842,0.079416
5441,Nihiru,2,2,1214,4505,0,5723,0.034946706,78.71745588,0.164203612,0.034946706,0.022892
5442,Nihiru,0,0,1,71,0,72,0,98.61111111,0,0,0.000288
5443,Nihiru,0,0,44,0,0,44,0,0,0,0,0.000176
5444,Nihiru,0,0,30,0,0,30,0,0,0,0,0.00012
5445,Nihiru,2,0,72,44,0,118,1.694915254,37.28813559,2.702702703,0,0.000472
5446,Nihiru,40592,66506,121832,71878,0,300808,13.49432196,23.8949762,17.7311842,22.10911944,1.203232
5447,Nihiru,0,0,7,94,0,101,0,93.06930693,0,0,0.000404
5448,Nihiru,0,0,10,20,0,30,0,66.66666667,0,0,0.00012
5449,Nihiru,3499,14288,52625,73052,0,143464,2.438939385,50.92009145,4.969323411,9.959292924,0.573856
5450,Nihiru,0,0,17,94,0,111,0,84.68468468,0,0,0.000444
5451,Nihiru,0,0,0,73,0,73,0,100,0,0,0.000292
5452,Nihiru,22299,52825,68905,68080,0,212109,10.51299096,32.096705,15.4822987,24.90464808,0.848436
5453,Nihiru,0,0,0,993,0,993,0,100,0,0,0.003972
5454,Nihiru,0,0,0,25,0,25,0,100,0,0,0.0001
5455,Nihiru,0,0,0,67,0,67,0,100,0,0,0.000268
5456,Nihiru,275,769,2680,8209,0,11933,2.304533646,68.79242437,7.38453276,6.444314087,0.047732
5457,Nihiru,33716,76810,166964,597761,27946,903197,3.852152126,68.29595168,12.15034776,8.775768322,3.612788
5458,Nihiru,0,5,458,2294,0,2757,0,83.20638375,0,0.181356547,0.011028
5459,Nihiru,0,0,35,0,0,35,0,0,0,0,0.00014
5460,Nihiru,0,0,428,0,0,428,0,0,0,0,0.001712
5461,Nihiru,0,0,58,0,0,58,0,0,0,0,0.000232
5462,Nihiru,0,0,61,20,0,81,0,24.69135802,0,0,0.000324
5463,Nihiru,0,0,410,55,0,465,0,11.82795699,0,0,0.00186
5464,Nihiru,28712,34845,69982,53727,0,187266,15.33220125,28.69020538,21.50083496,18.60722181,0.749064
5465,Nikumaroro,242799,218902,434315,201642,0,1097658,22.11973128,18.37020274,27.09761879,19.94264151,4.390632
5466,Nikunau,7,1,27,12,0,47,14.89361702,25.53191489,20,2.127659574,0.000188
5467,Nikunau,12,21,2,0,0,35,34.28571429,0,34.28571429,60,0.00014
5468,Nikunau,1,0,34,2,0,37,2.702702703,5.405405405,2.857142857,0,0.000148
5469,Nikunau,2,6,41,0,0,49,4.081632653,0,4.081632653,12.24489796,0.000196
5470,Nikunau,2440492,1056440,774511,368490,5393,4645326,52.59756984,7.941709503,57.13507122,22.76843222,18.581304
5471,Ninigo,853,1609,223,186,0,2871,29.71090212,6.478578892,31.76908752,56.04319053,0.011484
5472,Ninigo,5649,20638,3999,2531,0,32817,17.21363927,7.7124661,18.65218253,62.88813725,0.131268
5473,Ninigo,36661,79591,8506,2817,0,127575,28.73682148,2.208112875,29.3856907,62.38761513,0.5103
5474,Ninigo,9402,8296,2100,606,39554,59958,46.07920016,2.970005881,47.48964542,40.65869437,0.239832
5475,Ninigo,74892,125292,12012,2686,15405,230287,34.85261679,1.249988366,35.29378499,58.30735008,0.921148
5476,Ninigo,34567,108622,6099,1689,0,150977,22.89554038,1.118713446,23.15457371,71.94605801,0.603908
5477,Ninigo,4449,7811,1433,1043,0,14736,30.19136808,7.077904452,32.49105382,53.00624321,0.058944
5478,Ninigo,4434,7227,1008,804,0,13473,32.91026497,5.967490537,34.99881601,53.64061456,0.053892
5479,Ninigo,4954,7464,3963,2277,0,18658,26.55161325,12.20388037,30.24235395,40.00428771,0.074632
5480,Ninigo,3224,15711,1584,857,0,21376,15.08233533,4.009169162,15.71226668,73.49831587,0.085504
5481,Ninigo,11223,19599,2032,700,0,33554,33.44757704,2.086189426,34.16022402,58.41032366,0.134216
5482,Ninigo,0,0,0,120,0,120,0,100,0,0,0.00048
5483,Ninigo,2020,4353,456,635,0,7464,27.06323687,8.50750268,29.57973349,58.31993569,0.029856
5484,Ninigo,12498,21776,1557,426,0,36257,34.47058499,1.174945528,34.88041082,60.06012632,0.145028
5485,Ninigo,3264,2039,748,546,0,6597,49.47703502,8.276489313,53.94149727,30.90798848,0.026388
5486,Ninigo,3461,10681,1679,1737,0,17558,19.71181228,9.892926301,21.87598761,60.83266887,0.070232
5487,Ninigo,5168,11887,1058,710,0,18823,27.45577219,3.771981087,28.5319936,63.15146363,0.075292
5488,Ninigo,55816,102055,17534,10179,0,185584,30.07586861,5.484847832,31.82121376,54.9912708,0.742336
5489,Ninigo,0,0,0,481,0,481,0,100,0,0,0.001924
5490,Ninigo,4347,5986,1814,1491,0,13638,31.8741751,10.93268808,35.78661398,43.89206629,0.054552
5491,Ninigo,138782,73569,7974,4180,0,224505,61.81688604,1.8618739,62.98967434,32.76942607,0.89802
5492,Ninigo,302,93,691,351,0,1437,21.01600557,24.42588727,27.80847145,6.471816284,0.005748
5493,Ninigo,24178,4719,3618,2094,0,34609,69.86044093,6.050449305,74.35952637,13.6351816,0.138436
5494,Ninigo,360235,210747,51083,9734,52925,684724,57.01734254,1.540679868,57.90954321,33.35665299,2.738896
5495,Nissan,0,0,0,0,28,28,0,0,0,0,0.000112
5496,Nissan,0,0,0,0,238,238,0,0,0,0,0.000952
5497,Nissan,0,0,0,0,62,62,0,0,0,0,0.000248
5498,Nissan,0,0,0,0,25,25,0,0,0,0,0.0001
5499,Nissan,0,0,0,0,46,46,0,0,0,0,0.000184
5500,Nissan,0,0,0,0,25,25,0,0,0,0,0.0001
5501,Nissan,0,0,0,0,33,33,0,0,0,0,0.000132
5502,Nissan,0,0,0,0,25,25,0,0,0,0,0.0001
5503,Nissan,0,0,0,0,50,50,0,0,0,0,0.0002
5504,Nissan,0,0,0,0,25,25,0,0,0,0,0.0001
5505,Nissan,424482,661627,100109,18325,0,1204543,35.2400869,1.521323855,35.78448481,54.92763646,4.818172
5506,Nissan,52682,62882,11288,1701,112745,241298,40.9807628,1.323189657,41.53028726,48.91523341,0.965192
5507,Nissan,37861,40014,7094,674,0,85643,44.20793293,0.786987845,44.55860373,46.72185701,0.342572
5508,Nissan,134,172,56,8,0,370,36.21621622,2.162162162,37.01657459,46.48648649,0.00148
5509,Nissan,453,2801,754,42,0,4050,11.18518519,1.037037037,11.30239521,69.16049383,0.0162
5510,Nissan,30,36,7,0,0,73,41.09589041,0,41.09589041,49.31506849,0.000292
5511,Nissan,26,33,6,0,0,65,40,0,40,50.76923077,0.00026
5512,Nissan,253303,234480,35749,4008,11058,538598,48.01588505,0.759752815,48.3834799,44.44781438,2.154392
5513,Nissan,71,245,45,1,0,362,19.61325967,0.276243094,19.66759003,67.67955801,0.001448
5514,Nissan,2,102,32,0,0,136,1.470588235,0,1.470588235,75,0.000544
5515,Nissan,1196692,3266856,768405,75202,0,5307155,22.54865366,1.41699272,22.87275899,61.55569227,21.22862
5516,Niulakita,69540,25770,6363,21947,0,123620,56.25303349,17.75359974,68.39573928,20.8461414,0.49448
5517,Niutao,96,602,7,0,0,705,13.61702128,0,13.61702128,85.39007092,0.00282
5518,Niutao,320418,192925,32950,53337,0,599630,53.43595217,8.894985241,58.65314035,32.1740073,2.39852
5519,Nomwin,97,115,341,768,0,1321,7.342922029,58.13777441,17.54068716,8.705526117,0.005284
5520,Nomwin,14893,65897,10008,8542,0,99340,14.99194685,8.598751762,16.40234366,66.33480974,0.39736
5521,Nomwin,39037,47864,14515,8148,3471,113035,35.62940382,7.436749297,38.49195393,43.68588222,0.45214
5522,Nomwin,1518,80,942,2090,0,4630,32.78617711,45.14038877,59.76377953,1.727861771,0.01852
5523,Nomwin,682,7,1879,2445,0,5013,13.60462797,48.77318971,26.5576324,0.139636944,0.020052
5524,Nomwin,199,482,1848,542,0,3071,6.47997395,17.64897428,7.868722815,15.69521329,0.012284
5525,Nomwin,4206,4073,1197,856,0,10332,40.70847851,8.284939992,44.3858168,39.42121564,0.041328
5526,Nomwin,33459,14700,3422,2933,0,54514,61.37689401,5.380269289,64.86690836,26.96555013,0.218056
5527,Nomwin,547,269,631,294,0,1741,31.41872487,16.88684664,37.80234969,15.45089029,0.006964
5528,Nomwin,1458,109,2930,4060,0,8557,17.03868178,47.446535,32.42161441,1.273810915,0.034228
5529,Nomwin,43438,26422,4557,4124,0,78541,55.30614583,5.250760749,58.37107113,33.64102825,0.314164
5530,Nonouti,0,0,0,0,112,112,0,0,0,0,0.000448
5531,Nonouti,0,0,0,25,0,25,0,100,0,0,0.0001
5532,Nonouti,0,0,0,55,0,55,0,100,0,0,0.00022
5533,Nonouti,0,0,0,25,0,25,0,100,0,0,0.0001
5534,Nonouti,0,0,0,30,0,30,0,100,0,0,0.00012
5535,Nonouti,0,0,0,25,0,25,0,100,0,0,0.0001
5536,Nonouti,0,0,0,77,0,77,0,100,0,0,0.000308
5537,Nonouti,0,0,0,25,0,25,0,100,0,0,0.0001
5538,Nonouti,0,0,0,30,0,30,0,100,0,0,0.00012
5539,Nonouti,0,0,0,45,0,45,0,100,0,0,0.00018
5540,Nonouti,0,0,0,72,0,72,0,100,0,0,0.000288
5541,Nonouti,0,0,0,66,0,66,0,100,0,0,0.000264
5542,Nonouti,0,0,0,30,0,30,0,100,0,0,0.00012
5543,Nonouti,0,0,0,50,0,50,0,100,0,0,0.0002
5544,Nonouti,0,0,0,44,0,44,0,100,0,0,0.000176
5545,Nonouti,0,0,0,25,0,25,0,100,0,0,0.0001
5546,Nonouti,0,0,0,25,0,25,0,100,0,0,0.0001
5547,Nonouti,0,0,0,25,0,25,0,100,0,0,0.0001
5548,Nonouti,0,0,0,49,0,49,0,100,0,0,0.000196
5549,Nonouti,0,0,0,25,0,25,0,100,0,0,0.0001
5550,Nonouti,0,0,0,43,0,43,0,100,0,0,0.000172
5551,Nonouti,0,0,0,25,0,25,0,100,0,0,0.0001
5552,Nonouti,0,0,0,25,0,25,0,100,0,0,0.0001
5553,Nonouti,0,0,0,34,0,34,0,100,0,0,0.000136
5554,Nonouti,0,0,0,50,0,50,0,100,0,0,0.0002
5555,Nonouti,0,0,0,47,0,47,0,100,0,0,0.000188
5556,Nonouti,0,0,0,194,0,194,0,100,0,0,0.000776
5557,Nonouti,0,0,0,62,0,62,0,100,0,0,0.000248
5558,Nonouti,0,0,0,25,0,25,0,100,0,0,0.0001
5559,Nonouti,0,0,0,25,0,25,0,100,0,0,0.0001
5560,Nonouti,0,0,0,25,0,25,0,100,0,0,0.0001
5561,Nonouti,0,0,0,25,0,25,0,100,0,0,0.0001
5562,Nonouti,0,0,0,25,0,25,0,100,0,0,0.0001
5563,Nonouti,0,0,0,48,0,48,0,100,0,0,0.000192
5564,Nonouti,0,0,0,25,0,25,0,100,0,0,0.0001
5565,Nonouti,0,0,0,25,0,25,0,100,0,0,0.0001
5566,Nonouti,4936,2786,3984,7781,0,19487,25.32970698,39.92918356,42.16641039,14.29671063,0.077948
5567,Nonouti,1149,7384,18253,40341,0,67127,1.711680844,60.09653344,4.289554245,11.00004469,0.268508
5568,Nonouti,17251,5581,9121,9413,0,41366,41.70333124,22.75540299,53.98867086,13.49175652,0.165464
5569,Nonouti,28591,16732,10077,12060,0,67460,42.38215239,17.8772606,51.60830325,24.80284613,0.26984
5570,Nonouti,2,234,281,1218,0,1735,0.115273775,70.20172911,0.386847195,13.4870317,0.00694
5571,Nonouti,31398,62577,90412,344623,6939,535949,5.935237519,65.14489329,17.02831545,11.82907696,2.143796
5572,Nonouti,6604,7101,3753,5092,0,22550,29.28603104,22.58093126,37.82792989,31.49002217,0.0902
5573,Nonouti,50971,22605,9333,10479,0,93388,54.57981754,11.22092774,61.47824723,24.20546537,0.373552
5574,Nonouti,19,13,1070,2848,0,3950,0.481012658,72.10126582,1.724137931,0.329113924,0.0158
5575,Nonouti,9408,21090,28805,81392,0,140695,6.686804791,57.84995913,15.86429017,14.98987171,0.56278
5576,Nonouti,88506,21861,24136,42762,0,177265,49.92863791,24.12320537,65.80224976,12.33238372,0.70906
5577,Nonouti,53407,11941,11428,11734,0,88510,60.34007457,13.25725907,69.56210274,13.49113095,0.35404
5578,Nonouti,13,563,4795,8752,0,14123,0.092048432,61.96983644,0.242040588,3.986405155,0.056492
5579,Nonouti,645672,338316,209552,224926,0,1418466,45.51903253,15.85698917,54.09722339,23.85083604,5.673864
5580,Nonouti,0,0,63,373,0,436,0,85.55045872,0,0,0.001744
5581,Nonouti,0,0,39,137,0,176,0,77.84090909,0,0,0.000704
5582,Nonouti,15,1,89,62,0,167,8.982035928,37.1257485,14.28571429,0.598802395,0.000668
5583,Nonouti,0,0,6,25,0,31,0,80.64516129,0,0,0.000124
5584,Nonouti,11,0,108,249,0,368,2.989130435,67.66304348,9.243697479,0,0.001472
5585,Nonouti,1,2,10,21,0,34,2.941176471,61.76470588,7.692307692,5.882352941,0.000136
5586,Nonouti,0,0,21,18,0,39,0,46.15384615,0,0,0.000156
5587,Nonouti,0,0,34,8,0,42,0,19.04761905,0,0,0.000168
5588,Nonouti,0,0,8,53,0,61,0,86.8852459,0,0,0.000244
5589,Nonouti,0,0,0,46,0,46,0,100,0,0,0.000184
5590,Nonouti,0,0,63,792,0,855,0,92.63157895,0,0,0.00342
5591,Nonouti,0,0,0,37,0,37,0,100,0,0,0.000148
5592,Nonouti,0,0,0,41,0,41,0,100,0,0,0.000164
5593,Nonouti,0,0,0,35,0,35,0,100,0,0,0.00014
5594,Nonouti,0,0,0,162,0,162,0,100,0,0,0.000648
5595,Nonouti,4,21,208,102,0,335,1.194029851,30.44776119,1.716738197,6.268656716,0.00134
5596,Nonouti,0,0,1,311,0,312,0,99.67948718,0,0,0.001248
5597,Nonouti,0,0,0,25,0,25,0,100,0,0,0.0001
5598,Nonouti,0,0,0,429,0,429,0,100,0,0,0.001716
5599,Nonouti,0,1,117,46,0,164,0,28.04878049,0,0.609756098,0.000656
5600,Nonouti,0,0,2,257,0,259,0,99.22779923,0,0,0.001036
5601,Nonouti,0,0,18,157,0,175,0,89.71428571,0,0,0.0007
5602,Nonouti,0,0,4,27,0,31,0,87.09677419,0,0,0.000124
5603,Nonouti,0,0,0,102,0,102,0,100,0,0,0.000408
5604,Nonouti,0,0,0,50,0,50,0,100,0,0,0.0002
5605,Nonouti,0,0,25,18,0,43,0,41.86046512,0,0,0.000172
5606,Nonouti,0,0,1,62,0,63,0,98.41269841,0,0,0.000252
5607,Nonouti,0,0,68,462,0,530,0,87.16981132,0,0,0.00212
5608,Nonouti,0,0,3,91,0,94,0,96.80851064,0,0,0.000376
5609,Nonouti,0,0,126,45,0,171,0,26.31578947,0,0,0.000684
5610,Nonouti,0,0,13,37,0,50,0,74,0,0,0.0002
5611,Nonouti,0,0,0,123,0,123,0,100,0,0,0.000492
5612,Nonouti,0,0,9,35,0,44,0,79.54545455,0,0,0.000176
5613,Nonouti,0,0,1,50,0,51,0,98.03921569,0,0,0.000204
5614,Nonouti,0,0,2,27,0,29,0,93.10344828,0,0,0.000116
5615,Nonouti,0,0,0,31,0,31,0,100,0,0,0.000124
5616,Nonouti,0,0,0,368,0,368,0,100,0,0,0.001472
5617,Nonouti,0,0,0,128,0,128,0,100,0,0,0.000512
5618,Nonouti,0,0,0,48,0,48,0,100,0,0,0.000192
5619,Nonouti,0,0,30,10,0,40,0,25,0,0,0.00016
5620,Nonouti,0,0,24,8,0,32,0,25,0,0,0.000128
5621,Nonouti,0,0,0,37,0,37,0,100,0,0,0.000148
5622,Nonouti,0,0,0,347,0,347,0,100,0,0,0.001388
5623,Nonouti,0,0,0,99,0,99,0,100,0,0,0.000396
5624,Nonouti,0,1,27,76,0,104,0,73.07692308,0,0.961538462,0.000416
5625,Nonouti,0,0,1,118,0,119,0,99.15966387,0,0,0.000476
5626,Nonouti,0,0,13,434,0,447,0,97.0917226,0,0,0.001788
5627,Nonouti,0,0,0,71,0,71,0,100,0,0,0.000284
5628,Nonouti,0,0,0,98,0,98,0,100,0,0,0.000392
5629,Nonouti,0,0,0,429,0,429,0,100,0,0,0.001716
5630,Nonouti,0,0,3,25,0,28,0,89.28571429,0,0,0.000112
5631,Nonouti,1295744,931133,772831,744248,15420,3759376,34.60895374,19.87865242,43.19567105,24.87029762,15.037504
5632,Nuguria,0,0,35,12,0,47,0,25.53191489,0,0,0.000188
5633,Nuguria,0,0,144,14,0,158,0,8.860759494,0,0,0.000632
5634,Nuguria,0,0,0,29,0,29,0,100,0,0,0.000116
5635,Nuguria,2,0,1700,1145,0,2847,0.070249385,40.21777309,0.117508813,0,0.011388
5636,Nuguria,290,912,1095,1375,0,3672,7.897603486,37.44553377,12.62516326,24.83660131,0.014688
5637,Nuguria,0,0,176,24,0,200,0,12,0,0,0.0008
5638,Nuguria,0,0,55,2,0,57,0,3.50877193,0,0,0.000228
5639,Nuguria,0,0,65,0,0,65,0,0,0,0,0.00026
5640,Nuguria,0,0,50,1,0,51,0,1.960784314,0,0,0.000204
5641,Nuguria,0,0,89,0,0,89,0,0,0,0,0.000356
5642,Nuguria,0,0,94,4,0,98,0,4.081632653,0,0,0.000392
5643,Nuguria,0,0,0,63,0,63,0,100,0,0,0.000252
5644,Nuguria,0,0,68,0,0,68,0,0,0,0,0.000272
5645,Nuguria,0,0,21,268,0,289,0,92.73356401,0,0,0.001156
5646,Nuguria,6812,11927,3372,3033,0,25144,27.09195037,12.06251989,30.80819502,47.43477569,0.100576
5647,Nuguria,57441,17058,180601,64492,0,319592,17.97322837,20.17947884,22.51705214,5.337430224,1.278368
5648,Nuguria,589,115,15848,5846,0,22398,2.62969908,26.10054469,3.558482359,0.5134387,0.089592
5649,Nuguria,0,0,163,154,0,317,0,48.58044164,0,0,0.001268
5650,Nuguria,2,5,265,2542,0,2814,0.071073205,90.33404407,0.735294118,0.177683014,0.011256
5651,Nuguria,4240,9290,2797,1629,0,17956,23.6132769,9.072176431,25.96925338,51.73758075,0.071824
5652,Nuguria,2,0,21,2,0,25,8,8,8.695652174,0,0.0001
5653,Nuguria,0,0,0,39,0,39,0,100,0,0,0.000156
5654,Nuguria,1710,4910,2140,2433,0,11193,15.27740552,21.73679979,19.52054795,43.8667024,0.044772
5655,Nuguria,9576,12519,2446,1083,0,25624,37.37121449,4.2265064,39.02041482,48.85654074,0.102496
5656,Nuguria,15,11,434,572,0,1032,1.453488372,55.42635659,3.260869565,1.065891473,0.004128
5657,Nuguria,0,0,3,42,0,45,0,93.33333333,0,0,0.00018
5658,Nuguria,0,0,10,116,0,126,0,92.06349206,0,0,0.000504
5659,Nuguria,250,552,983,117,0,1902,13.14405889,6.151419558,14.00560224,29.02208202,0.007608
5660,Nuguria,0,0,24,2,0,26,0,7.692307692,0,0,0.000104
5661,Nuguria,19,5,412,52,0,488,3.893442623,10.6557377,4.357798165,1.024590164,0.001952
5662,Nuguria,486,822,1027,1157,0,3492,13.91752577,33.13287514,20.8137045,23.5395189,0.013968
5663,Nuguria,9,25,196,893,0,1123,0.801424755,79.51914515,3.913043478,2.226179875,0.004492
5664,Nuguria,0,1,30,0,0,31,0,0,0,3.225806452,0.000124
5665,Nuguria,0,0,27,1,0,28,0,3.571428571,0,0,0.000112
5666,Nuguria,13901,27158,5279,1312,0,47650,29.17313746,2.753410283,29.99913678,56.99475341,0.1906
5667,Nuguria,23477,6304,5811,2771,0,38363,61.19698668,7.223105597,65.96145201,16.43250007,0.153452
5668,Nuguria,0,26,152,316,0,494,0,63.96761134,0,5.263157895,0.001976
5669,Nuguria,3,41,222,443,0,709,0.423131171,62.48236953,1.127819549,5.782792666,0.002836
5670,Nuguria,1,0,97,11,0,109,0.917431193,10.09174312,1.020408163,0,0.000436
5671,Nuguria,3,2,20,1,0,26,11.53846154,3.846153846,12,7.692307692,0.000104
5672,Nuguria,94,317,590,419,0,1420,6.61971831,29.50704225,9.390609391,22.32394366,0.00568
5673,Nuguria,3,16,141,37,0,197,1.52284264,18.78172589,1.875,8.121827411,0.000788
5674,Nuguria,0,57,28,0,0,85,0,0,0,67.05882353,0.00034
5675,Nuguria,375,211,930,619,0,2135,17.56440281,28.99297424,24.73614776,9.882903981,0.00854
5676,Nuguria,20375,18368,35376,9948,0,84067,24.23662079,11.83341858,27.48957757,21.8492393,0.336268
5677,Nuguria,0,56,135,0,0,191,0,0,0,29.31937173,0.000764
5678,Nuguria,1386,1078,980,717,0,4161,33.30930065,17.23143475,40.24390244,25.90723384,0.016644
5679,Nuguria,614,512,846,140,0,2112,29.0719697,6.628787879,31.13590264,24.24242424,0.008448
5680,Nuguria,46,7,175,5,0,233,19.74248927,2.145922747,20.1754386,3.004291845,0.000932
5681,Nuguria,1712,3026,2189,412,0,7339,23.32742881,5.613843848,24.71488379,41.23177545,0.029356
5682,Nuguria,0,0,48,242,0,290,0,83.44827586,0,0,0.00116
5683,Nuguria,0,1,65,834,0,900,0,92.66666667,0,0.111111111,0.0036
5684,Nuguria,0,0,1,39,0,40,0,97.5,0,0,0.00016
5685,Nuguria,0,0,41,135,0,176,0,76.70454545,0,0,0.000704
5686,Nuguria,283,215,1242,428,0,2168,13.05350554,19.74169742,16.26436782,9.91697417,0.008672
5687,Nuguria,2,12,302,37,0,353,0.566572238,10.4815864,0.632911392,3.399433428,0.001412
5688,Nuguria,878,782,1327,683,0,3670,23.92370572,18.61035422,29.39404084,21.30790191,0.01468
5689,Nuguria,0,0,30,214,0,244,0,87.70491803,0,0,0.000976
5690,Nuguria,26020,177279,23886,130,0,227315,11.44667092,0.057189363,11.45322094,77.98825418,0.90926
5691,Nuguria,0,31,49,0,0,80,0,0,0,38.75,0.00032
5692,Nuguria,0,15,39,0,0,54,0,0,0,27.77777778,0.000216
5693,Nuguria,0,34,9,0,0,43,0,0,0,79.06976744,0.000172
5694,Nuguria,0,87,38,0,0,125,0,0,0,69.6,0.0005
5695,Nuguria,2,495,319,0,0,816,0.245098039,0,0.245098039,60.66176471,0.003264
5696,Nuguria,0,223,74,0,0,297,0,0,0,75.08417508,0.001188
5697,Nuguria,0,148,27,0,0,175,0,0,0,84.57142857,0.0007
5698,Nuguria,0,29,39,0,0,68,0,0,0,42.64705882,0.000272
5699,Nuguria,0,112,37,0,0,149,0,0,0,75.16778523,0.000596
5700,Nuguria,2,0,23,0,0,25,8,0,8,0,0.0001
5701,Nuguria,0,97,21,0,0,118,0,0,0,82.20338983,0.000472
5702,Nuguria,2,75,45,0,0,122,1.639344262,0,1.639344262,61.47540984,0.000488
5703,Nuguria,7341,28990,5106,22,0,41459,17.70664994,0.053064473,17.71605087,69.92450373,0.165836
5704,Nuguria,0,280,111,0,0,391,0,0,0,71.6112532,0.001564
5705,Nuguria,0,0,25,0,0,25,0,0,0,0,0.0001
5706,Nuguria,0,0,0,59,0,59,0,100,0,0,0.000236
5707,Nuguria,0,0,0,32,0,32,0,100,0,0,0.000128
5708,Nuguria,312683,455982,189073,36227,0,993965,31.45814993,3.644695739,32.64807285,45.87505596,3.97586
5709,Nuguria,0,0,0,42,0,42,0,100,0,0,0.000168
5710,Nui,192036,101309,67102,36713,29152,426312,48.35230134,9.243881559,53.27718083,25.50835935,1.705248
5711,Nui,14106,9416,5207,4365,16395,49489,42.62404061,13.18970206,49.10021233,28.45228742,0.197956
5712,Nui,9481,4712,5756,8294,1367,29610,33.56938002,29.36656871,47.52619179,16.68378005,0.11844
5713,Nui,9078,3100,3074,4820,0,20072,45.22718214,24.01355122,59.52006294,15.44440016,0.080288
5714,Nui,7570,3133,3096,4329,0,18128,41.75860547,23.88018535,54.85904776,17.28265666,0.072512
5715,Nui,62,2,225,699,0,988,6.275303644,70.74898785,21.4532872,0.20242915,0.003952
5716,Nui,26185,26106,19494,13769,5328,90882,30.60640064,16.09392898,36.47697987,30.51406129,0.363528
5717,Nui,125436,103805,68848,38825,34280,371194,37.23086604,11.52371228,42.08004992,30.81053325,1.484776
5718,Nukapu,26608,41717,11630,8412,0,88367,30.11078796,9.519390723,33.27871928,47.20879967,0.353468
5719,Nukufetau,28106,10594,2572,6244,0,47516,59.1506019,13.14083677,68.09943788,22.29564778,0.190064
5720,Nukufetau,725,439,237,1540,0,2941,24.65147909,52.36314179,51.74875089,14.92689561,0.011764
5721,Nukufetau,37,37,147,1182,0,1403,2.637205987,84.24803991,16.74208145,2.637205987,0.005612
5722,Nukufetau,83,232,270,2108,0,2693,3.082064612,78.27701448,14.18803419,8.61492759,0.010772
5723,Nukufetau,181,231,261,1010,0,1683,10.75460487,60.01188354,26.89450223,13.7254902,0.006732
5724,Nukufetau,906,1021,262,696,0,2885,31.40381282,24.12478336,41.38876199,35.38994801,0.01154
5725,Nukufetau,3466,1996,553,2138,0,8153,42.51195879,26.22347602,57.62261014,24.48178585,0.032612
5726,Nukufetau,2926,2562,599,1292,0,7379,39.65306952,17.50914758,48.06965665,34.72015178,0.029516
5727,Nukufetau,280,421,273,942,0,1916,14.61377871,49.16492693,28.74743326,21.97286013,0.007664
5728,Nukufetau,45,95,251,426,0,817,5.507955936,52.14198286,11.50895141,11.62790698,0.003268
5729,Nukufetau,2716,2248,638,1743,0,7345,36.97753574,23.73042886,48.48268476,30.60585432,0.02938
5730,Nukufetau,1188,988,318,1673,0,4167,28.50971922,40.1487881,47.63432237,23.71010319,0.016668
5731,Nukufetau,97850,58682,11431,17988,0,185951,52.62138951,9.673516141,58.256878,31.55777597,0.743804
5732,Nukufetau,1418,1360,371,3553,0,6702,21.15786332,53.01402566,45.03016831,20.29245001,0.026808
5733,Nukufetau,10919,2871,829,2962,0,17581,62.10681986,16.84773335,74.6904713,16.33012912,0.070324
5734,Nukufetau,45744,16803,9113,15388,0,87048,52.55031707,17.67760316,63.83477533,19.30314309,0.348192
5735,Nukufetau,1273,589,1025,1548,0,4435,28.70349493,34.90417136,44.09421545,13.28072153,0.01774
5736,Nukufetau,2642,828,802,1254,4730,10256,47.81035107,22.6927253,61.84456929,14.98371336,0.041024
5737,Nukufetau,0,12,25,0,0,37,0,0,0,32.43243243,0.000148
5738,Nukufetau,0,34,55,19,0,108,0,17.59259259,0,31.48148148,0.000432
5739,Nukufetau,0,0,0,0,380,380,0,0,0,0,0.00152
5740,Nukufetau,72413,52638,12753,36412,29712,203928,41.56506865,20.90049134,52.54782154,30.21421683,0.815712
5741,Nukufetau,17893,8406,1885,10308,0,38492,46.48498389,26.77959056,63.48637525,21.83830406,0.153968
5742,Nukufetau,0,0,22,74,0,96,0,77.08333333,0,0,0.000384
5743,Nukufetau,0,0,3,31,0,34,0,91.17647059,0,0,0.000136
5744,Nukufetau,234244,73462,20112,21530,1486,350834,67.051765,6.162909191,71.45550275,21.02831561,1.403336
5745,Nukulaelae,1339,199,499,1232,0,3269,40.96053839,37.68736617,65.73392243,6.087488529,0.013076
5746,Nukulaelae,7483,1554,1890,4411,0,15338,48.7873256,28.75863868,68.48174247,10.13169905,0.061352
5747,Nukulaelae,910,64,513,1038,0,2525,36.03960396,41.10891089,61.19704102,2.534653465,0.0101
5748,Nukulaelae,12340,3048,1672,4015,0,21075,58.55278766,19.0510083,72.33294256,14.46263345,0.0843
5749,Nukulaelae,7193,1840,1278,2314,0,12625,56.97425743,18.32871287,69.76045,14.57425743,0.0505
5750,Nukulaelae,26,153,541,186,0,906,2.869757174,20.52980132,3.611111111,16.88741722,0.003624
5751,Nukulaelae,89341,20737,17046,16521,2578,146223,62.19569077,11.50127049,70.27862559,14.43628389,0.584892
5752,Nukulaelae,24496,11096,20873,13823,0,70288,34.85089916,19.66623037,43.38262641,15.78647849,0.281152
5753,Nukulaelae,325,461,514,680,0,1980,16.41414141,34.34343434,25,23.28282828,0.00792
5754,Nukulaelae,444,223,315,787,0,1769,25.09892595,44.48841153,45.21384929,12.60599209,0.007076
5755,Nukulaelae,7972,4992,2641,3397,0,19002,41.95347858,17.87706557,51.08619032,26.27091885,0.076008
5756,Nukulaelae,2652,1251,1067,1266,0,6236,42.52726106,20.3014753,53.36016097,20.0609365,0.024944
5757,Nukulaelae,304,21,283,773,0,1381,22.01303403,55.97393193,50,1.520637219,0.005524
5758,Nukulaelae,1836,1823,1124,2505,0,7288,25.1920966,34.3715697,38.38595024,25.01372119,0.029152
5759,Nukulaelae,61209,108850,18997,12386,5600,207042,30.38542111,6.148668103,32.37612136,54.03540473,0.828168
5760,Nukulaelae,20448,20535,2348,3814,0,47145,43.37257397,8.089935306,47.19023332,43.55711104,0.18858
5761,Nukulaelae,611,250,337,508,0,1706,35.8147714,29.77725674,51.00166945,14.65416178,0.006824
5762,Nukumanu,24303,993,9236,3985,0,38517,63.09681439,10.34608095,70.37819993,2.578082405,0.154068
5763,Nukumanu,51,0,131,445,0,627,8.133971292,70.97288676,28.02197802,0,0.002508
5764,Nukumanu,5613,573,3695,2465,0,12346,45.46411793,19.96598088,56.8059913,4.641179329,0.049384
5765,Nukumanu,290,39,893,938,0,2160,13.42592593,43.42592593,23.73158756,1.805555556,0.00864
5766,Nukumanu,2480,760,714,2535,0,6489,38.21852366,39.06611188,62.72129489,11.71212822,0.025956
5767,Nukumanu,1556,543,446,741,0,3286,47.35240414,22.55021302,61.13948919,16.52465003,0.013144
5768,Nukumanu,1003,39,790,858,0,2690,37.28624535,31.89591078,54.7489083,1.449814126,0.01076
5769,Nukumanu,1973,603,682,1157,0,4415,44.68856172,26.20611552,60.55862492,13.65798414,0.01766
5770,Nukumanu,4173,1363,830,1184,0,7550,55.27152318,15.68211921,65.55136664,18.05298013,0.0302
5771,Nukumanu,4258,147,4131,3620,0,12156,35.02796973,29.77953274,49.88284911,1.209279368,0.048624
5772,Nukumanu,10523,3721,2365,2890,0,19499,53.9668701,14.82127289,63.35721597,19.0830299,0.077996
5773,Nukumanu,4717,1483,1392,1281,0,8873,53.16127578,14.43705624,62.13119073,16.71362561,0.035492
5774,Nukumanu,7830,2677,1581,1959,0,14047,55.74143945,13.9460383,64.77498345,19.05744999,0.056188
5775,Nukumanu,0,0,18,588,0,606,0,97.02970297,0,0,0.002424
5776,Nukumanu,4202,963,932,1172,0,7269,57.80712615,16.12326317,68.91914056,13.24803962,0.029076
5777,Nukumanu,3150,734,853,1345,0,6082,51.79217363,22.11443604,66.49778341,12.06839855,0.024328
5778,Nukumanu,786,195,401,2137,0,3519,22.33589088,60.7274794,56.87409551,5.541346974,0.014076
5779,Nukumanu,3921,127,1959,1901,0,7908,49.58270106,24.0389479,65.27384718,1.605968639,0.031632
5780,Nukumanu,170,18,229,251,0,668,25.4491018,37.5748503,40.76738609,2.694610778,0.002672
5781,Nukumanu,151,0,368,739,0,1258,12.00317965,58.74403816,29.09441233,0,0.005032
5782,Nukumanu,4749,109,3000,1306,0,9164,51.82234832,14.25141859,60.43522525,1.189436927,0.036656
5783,Nukumanu,327887,92416,32485,30608,0,483396,67.82989516,6.331868696,72.41512584,19.11807297,1.933584
5784,Nukumanu,3992,1382,6311,2034,0,13719,29.09833078,14.82615351,34.16345742,10.07362053,0.054876
5785,Nukumanu,3282,166,5331,2032,0,10811,30.35796874,18.79567108,37.38466796,1.535473129,0.043244
5786,Nukumanu,1282,21,1914,1679,0,4896,26.18464052,34.29330065,39.85079266,0.428921569,0.019584
5787,Nukumanu,697,342,634,1650,0,3323,20.97502257,49.65392717,41.66168559,10.29190491,0.013292
5788,Nukumanu,7849,3624,2923,3762,0,18158,43.22612623,20.71814076,54.52208947,19.95814517,0.072632
5789,Nukumanu,4520,814,2184,3995,0,11513,39.25996699,34.69990446,60.12237297,7.070268392,0.046052
5790,Nukumanu,46784,19444,19184,15073,0,100485,46.55819277,15.00024879,54.77450475,19.35015176,0.40194
5791,Nukumbasanga,2492,4210,1291,4191,0,12184,20.45305318,34.39757058,31.17728012,34.5535128,0.048736
5792,Nukunonu,70794,24284,8112,11347,0,114537,61.8088478,9.90684233,68.60548503,21.20188236,0.458148
5793,Nukunonu,948,323,528,2842,0,4641,20.42663219,61.23680241,52.69594219,6.95970696,0.018564
5794,Nukunonu,18642,3914,2897,5662,0,31115,59.91322513,18.19701109,73.24087534,12.57914189,0.12446
5795,Nukunonu,1650,725,1109,7999,0,11483,14.36906732,69.65949665,47.35935706,6.313681094,0.045932
5796,Nukunonu,262,212,277,1321,0,2072,12.64478764,63.75482625,34.88681758,10.23166023,0.008288
5797,Nukunonu,4708,1045,628,2050,0,8431,55.84153718,24.31502787,73.78153894,12.39473372,0.033724
5798,Nukunonu,939,420,387,1094,0,2840,33.06338028,38.52112676,53.78006873,14.78873239,0.01136
5799,Nukunonu,1914,375,503,1072,0,3864,49.53416149,27.74327122,68.5530086,9.704968944,0.015456
5800,Nukunonu,3246,610,570,1235,0,5661,57.33969263,21.81593358,73.33935834,10.77548136,0.022644
5801,Nukunonu,1300,405,677,1668,0,4050,32.09876543,41.18518519,54.57598657,10,0.0162
5802,Nukunonu,0,0,104,349,0,453,0,77.0419426,0,0,0.001812
5803,Nukunonu,338,229,246,704,0,1517,22.2808174,46.40738299,41.57441574,15.09558339,0.006068
5804,Nukunonu,670,220,323,789,0,2002,33.46653347,39.41058941,55.23495466,10.98901099,0.008008
5805,Nukunonu,0,0,6,296,0,302,0,98.01324503,0,0,0.001208
5806,Nukunonu,25752,3689,2465,4520,0,36426,70.69675507,12.40871905,80.71209177,10.12738154,0.145704
5807,Nukunonu,0,0,0,26,0,26,0,100,0,0,0.000104
5808,Nukunonu,0,0,0,126,0,126,0,100,0,0,0.000504
5809,Nukunonu,25514,3413,4702,5771,0,39400,64.75634518,14.64720812,75.8690416,8.662436548,0.1576
5810,Nukunonu,12970,6293,12518,32111,0,63892,20.29988105,50.25824829,40.81054718,9.849433419,0.255568
5811,Nukunonu,17368,1697,2451,2756,0,24272,71.55570204,11.35464733,80.72132367,6.991595254,0.097088
5812,Nukunonu,15366,4207,1872,3202,0,24647,62.34430154,12.99143912,71.65306598,17.06901448,0.098588
5813,Nukunonu,21967,14204,21023,15266,0,72460,30.31603643,21.06817555,38.40787495,19.60253933,0.28984
5814,Nukunonu,7814,3186,7872,4721,0,23593,33.11999322,20.01017251,41.40525646,13.50400543,0.094372
5815,Nukunonu,303592,38632,16637,14234,0,373095,81.37123253,3.815114113,84.59877223,10.35446736,1.49238
5816,Nukunonu,5972,923,783,2410,0,10088,59.19904837,23.88977002,77.78067205,9.149484536,0.040352
5817,Nukunonu,0,28,297,336,0,661,0,50.83207262,0,4.236006051,0.002644
5818,Nukunonu,11719,5648,2165,2367,0,21899,53.51385908,10.80871273,59.99897604,25.79113202,0.087596
5819,Nukunonu,3607,979,414,1067,0,6067,59.45277732,17.58694577,72.14,16.13647602,0.024268
5820,Nukunonu,6444,1789,1240,969,0,10442,61.71231565,9.27983145,68.02491291,17.13273319,0.041768
5821,Nukunonu,3638,1092,662,417,0,5809,62.62695817,7.178516096,67.47032641,18.79841625,0.023236
5822,Nukunonu,2766,1600,549,482,0,5397,51.25069483,8.93088753,56.27670397,29.64609969,0.021588
5823,Nukunonu,1880,921,600,634,0,4035,46.59231722,15.71251549,55.27785945,22.82527881,0.01614
5824,Nukunonu,255,208,202,479,0,1144,22.29020979,41.87062937,38.34586466,18.18181818,0.004576
5825,Nukunonu,3257,773,416,472,0,4918,66.22610817,9.597397316,73.2568601,15.71777145,0.019672
5826,Nukuoro,1818,849,1107,718,0,4492,40.47195013,15.9839715,48.17170111,18.90026714,0.017968
5827,Nukuoro,3192,387,459,565,0,4603,69.34607864,12.27460352,79.04903418,8.407560287,0.018412
5828,Nukuoro,2720,533,492,532,0,4277,63.59597849,12.4386252,72.63017356,12.46200608,0.017108
5829,Nukuoro,466,24,281,56,2318,3145,56.34824667,6.77146312,60.44098573,2.902055623,0.01258
5830,Nukuoro,2723,984,577,295,413,4992,59.46713256,6.442454684,63.5620915,21.48940817,0.019968
5831,Nukuoro,3037,1003,1593,803,0,6436,47.18769422,12.4766936,53.91443281,15.5842138,0.025744
5832,Nukuoro,157,2,202,139,0,500,31.4,27.8,43.49030471,0.4,0.002
5833,Nukuoro,2729,1023,833,315,0,4900,55.69387755,6.428571429,59.52017448,20.87755102,0.0196
5834,Nukuoro,532,60,270,164,0,1026,51.85185185,15.98440546,61.71693735,5.847953216,0.004104
5835,Nukuoro,1404,112,649,831,0,2996,46.86248331,27.73698264,64.84988453,3.738317757,0.011984
5836,Nukuoro,2042,359,362,446,0,3209,63.63353069,13.89841072,73.90517553,11.18728576,0.012836
5837,Nukuoro,3522,1536,936,436,0,6430,54.77449456,6.780715397,58.75875876,23.88802488,0.02572
5838,Nukuoro,9162,1917,1091,550,0,12720,72.02830189,4.323899371,75.28348398,15.07075472,0.05088
5839,Nukuoro,523,122,268,98,0,1011,51.73095945,9.693372898,57.28368018,12.06726014,0.004044
5840,Nukuoro,6040,2465,1633,792,0,10930,55.26075023,7.246111619,59.577826,22.5526075,0.04372
5841,Nukuoro,2006,343,1021,1456,0,4826,41.56651471,30.16991297,59.52522255,7.107335267,0.019304
5842,Nukuoro,3510,591,456,344,0,4901,71.61803714,7.018975719,77.02435813,12.05876352,0.019604
5843,Nukuoro,8669,1906,1471,394,0,12440,69.68649518,3.167202572,71.96579778,15.32154341,0.04976
5844,Nukuoro,3221,321,789,1057,0,5388,59.7809948,19.61766889,74.37081505,5.957683742,0.021552
5845,Nukuoro,536,166,649,820,0,2171,24.68908337,37.77061262,39.67431532,7.64624597,0.008684
5846,Nukuoro,3431,713,1087,1138,0,6369,53.87030931,17.86779714,65.58975339,11.19485005,0.025476
5847,Nukuoro,1013,44,292,133,0,1482,68.35357625,8.974358974,75.09266123,2.968960864,0.005928
5848,Nukuoro,4680,1431,663,323,4212,11309,65.94335635,4.551218825,69.08768822,20.16344934,0.045236
5849,Nukuoro,2736,1780,943,394,0,5853,46.74525884,6.731590637,50.11906943,30.41175466,0.023412
5850,Nukuoro,3012,513,447,342,0,4314,69.81919332,7.92767733,75.83081571,11.89151599,0.017256
5851,Nukuoro,5373,3339,1918,1357,0,11987,44.82355886,11.32059731,50.54562559,27.85517644,0.047948
5852,Nukuoro,2919,840,702,398,701,5560,60.07408932,8.1909858,65.43375925,17.28750772,0.02224
5853,Nukuoro,2817,352,788,476,0,4433,63.54613129,10.73764945,71.19029568,7.94044665,0.017732
5854,Nukuoro,2502,1893,614,138,3946,9093,48.61084127,2.681173499,49.95008984,36.77870604,0.036372
5855,Nukuoro,14472,5583,1373,526,0,21954,65.91965018,2.395918739,67.53780101,25.43044548,0.087816
5856,Nukuoro,13572,3510,1686,944,0,19712,68.85146104,4.788961039,72.31457801,17.80641234,0.078848
5857,Nukuoro,957,1506,1273,1256,0,4992,19.17067308,25.16025641,25.61563169,30.16826923,0.019968
5858,Nukuoro,4156,2718,3001,2163,0,12038,34.52400731,17.96810101,42.08607595,22.57850141,0.048152
5859,Nukuoro,15040,7089,5653,3538,0,31320,48.02043423,11.2962963,54.13577136,22.63409962,0.12528
5860,Nukuoro,57645,44012,23907,8540,0,134104,42.98529499,6.368191851,45.90885923,32.81930442,0.536416
5861,Nukuoro,14245,6744,2160,199,0,23348,61.01164982,0.852321398,61.53613547,28.88470105,0.093392
5862,Nukuoro,17658,12640,2734,493,0,33525,52.67114094,1.47054437,53.45725357,37.70320656,0.1341
5863,Nukuoro,64,237,528,381,0,1210,5.289256198,31.48760331,7.720144753,19.58677686,0.00484
5864,Nukuoro,167,240,474,343,0,1224,13.64379085,28.02287582,18.95573212,19.60784314,0.004896
5865,Nukuoro,778,1073,1540,352,0,3743,20.7854662,9.404221213,22.94308464,28.66684478,0.014972
5866,Nukuoro,2222,3294,4651,1257,0,11424,19.45028011,11.00315126,21.85502115,28.83403361,0.045696
5867,Nukusemanu,2134,917,1245,1788,0,6084,35.07560815,29.38856016,49.67411546,15.07232084,0.024336
5868,Nukutavake,381210,111980,393219,229408,0,1115817,34.16420435,20.55964374,43.00610666,10.03569582,4.463268
5869,Oeno,0,0,473,5965,0,6438,0,92.65299783,0,0,0.025752
5870,Oeno,0,0,181,208,0,389,0,53.47043702,0,0,0.001556
5871,Oeno,28543,12264,91015,35852,0,167674,17.02291351,21.38196739,21.65268316,7.314193017,0.670696
5872,Ofolanga,151293,35574,9596,14531,0,210994,71.7048826,6.886925695,77.00839344,16.86019508,0.843976
5873,Olimarao,26321,5567,4892,4789,0,41569,63.31881931,11.5206043,71.56334965,13.3921913,0.166276
5874,Olimarao,2701,322,2192,1755,0,6970,38.7517934,25.17934003,51.79290508,4.619799139,0.02788
5875,Onotoa,27,4,4,7,0,42,64.28571429,16.66666667,77.14285714,9.523809524,0.000168
5876,Onotoa,16,45,108,15,0,184,8.695652174,8.152173913,9.467455621,24.45652174,0.000736
5877,Onotoa,449,234,98,62,0,843,53.26215896,7.354685647,57.49039693,27.75800712,0.003372
5878,Onotoa,28,16,19,11,0,74,37.83783784,14.86486486,44.44444444,21.62162162,0.000296
5879,Onotoa,86,75,38,16,0,215,40,7.441860465,43.2160804,34.88372093,0.00086
5880,Onotoa,15,4,12,6,0,37,40.54054054,16.21621622,48.38709677,10.81081081,0.000148
5881,Onotoa,74,19,92,48,0,233,31.75965665,20.60085837,40,8.154506438,0.000932
5882,Onotoa,16,2,17,13,0,48,33.33333333,27.08333333,45.71428571,4.166666667,0.000192
5883,Onotoa,13,2,12,8,0,35,37.14285714,22.85714286,48.14814815,5.714285714,0.00014
5884,Onotoa,0,0,2,23,0,25,0,92,0,0,0.0001
5885,Onotoa,0,0,1,27,0,28,0,96.42857143,0,0,0.000112
5886,Onotoa,0,0,7,20,0,27,0,74.07407407,0,0,0.000108
5887,Onotoa,0,0,0,36,0,36,0,100,0,0,0.000144
5888,Onotoa,0,0,11,219,0,230,0,95.2173913,0,0,0.00092
5889,Onotoa,61,7,114,1,0,183,33.33333333,0.546448087,33.51648352,3.825136612,0.000732
5890,Onotoa,46,9,84,0,0,139,33.09352518,0,33.09352518,6.474820144,0.000556
5891,Onotoa,338,707,1248,1151,0,3444,9.81416957,33.42044135,14.74051461,20.52845528,0.013776
5892,Onotoa,1545319,448339,330627,277985,0,2602270,59.38349979,10.68240421,66.4857795,17.22876565,10.40908
5893,Onotoa,0,0,57,0,0,57,0,0,0,0,0.000228
5894,Onotoa,3,5,17,0,0,25,12,0,12,20,0.0001
5895,Onotoa,0,9,59,0,0,68,0,0,0,13.23529412,0.000272
5896,Onotoa,1,133,8134,4342,0,12610,0.007930214,34.43298969,0.012094823,1.054718477,0.05044
5897,Onotoa,0,60,474,5,0,539,0,0.927643785,0,11.13172542,0.002156
5898,Onotoa,0,22,1612,96,0,1730,0,5.549132948,0,1.271676301,0.00692
5899,Onotoa,0,28,872,119,0,1019,0,11.6781158,0,2.747791953,0.004076
5900,Onotoa,191113,51087,174815,61651,0,478666,39.92616981,12.87975331,45.82880712,10.67278645,1.914664
5901,Ontong Java,3962,2907,940,5394,0,13203,30.00833144,40.85435128,50.73632988,22.01772324,0.052812
5902,Ontong Java,1619,1097,582,5873,0,9171,17.6534729,64.03881801,49.09035779,11.96161814,0.036684
5903,Ontong Java,208,58,164,1295,0,1725,12.05797101,75.07246377,48.37209302,3.362318841,0.0069
5904,Ontong Java,386,98,307,3198,0,3989,9.676610679,80.17046879,48.79898862,2.456756079,0.015956
5905,Ontong Java,1249,136,3820,13828,0,19033,6.562286555,72.65276099,23.99615754,0.714548416,0.076132
5906,Ontong Java,9026,2212,2212,14136,0,27586,32.7194954,51.24338433,67.10780669,8.018560139,0.110344
5907,Ontong Java,1812,489,477,3466,0,6244,29.01985906,55.50928892,65.22678186,7.831518258,0.024976
5908,Ontong Java,6731,1441,925,6109,0,15206,44.26542154,40.17493095,73.99142574,9.476522425,0.060824
5909,Ontong Java,7893,1765,1034,5899,0,16591,47.5739859,35.55542161,73.82154882,10.63829787,0.066364
5910,Ontong Java,2603,220,756,6953,0,10532,24.71515382,66.01785036,72.7298128,2.088872009,0.042128
5911,Ontong Java,69,2,333,1589,0,1993,3.462117411,79.72905168,17.07920792,0.100351229,0.007972
5912,Ontong Java,11707,5163,5026,15521,0,37417,31.28791726,41.48114493,53.46638655,13.79854077,0.149668
5913,Ontong Java,372,43,1193,1794,0,3402,10.93474427,52.73368607,23.13432836,1.263962375,0.013608
5914,Ontong Java,175491,28864,15078,43661,0,263094,66.70277543,16.59520932,79.97475311,10.97098375,1.052376
5915,Ontong Java,113,9,530,1358,0,2010,5.621890547,67.56218905,17.33128834,0.447761194,0.00804
5916,Ontong Java,0,0,9,7819,0,7828,0,99.8850281,0,0,0.031312
5917,Ontong Java,3263,482,720,8355,0,12820,25.4524181,65.17160686,73.07950728,3.75975039,0.05128
5918,Ontong Java,3031,583,938,3822,0,8374,36.19536661,45.6412706,66.58611599,6.962025316,0.033496
5919,Ontong Java,707,170,377,3038,0,4292,16.47250699,70.78285182,56.37958533,3.960857409,0.017168
5920,Ontong Java,14,16,65,5278,0,5373,0.26056207,98.23190024,14.73684211,0.297785222,0.021492
5921,Ontong Java,721,170,890,4967,0,6748,10.6846473,73.60699467,40.48287479,2.519264967,0.026992
5922,Ontong Java,54275,6871,4760,24269,0,90175,60.18852232,26.91322429,82.35213789,7.6196285,0.3607
5923,Ontong Java,1752,1057,473,2741,0,6023,29.08849411,45.50888262,53.3820841,17.54939399,0.024092
5924,Ontong Java,4811,944,809,6053,0,12617,38.13109297,47.97495443,73.29372334,7.481968772,0.050468
5925,Ontong Java,19728,1902,1153,18493,0,41276,47.795329,44.80327551,86.59087916,4.608004652,0.165104
5926,Ontong Java,1415,166,558,2154,0,4293,32.96063359,50.174703,66.15240767,3.866759842,0.017172
5927,Ontong Java,2734,279,567,3022,0,6602,41.41169343,45.77400788,76.36871508,4.225992124,0.026408
5928,Ontong Java,7192,835,749,4205,0,12981,55.40405208,32.39349819,81.95077484,6.432478237,0.051924
5929,Ontong Java,924,75,250,1758,0,3007,30.72830063,58.46358497,73.97918335,2.494180246,0.012028
5930,Ontong Java,0,0,0,0,1962,1962,0,0,0,0,0.007848
5931,Ontong Java,670,89,434,2524,0,3717,18.02528921,67.90422384,56.16093881,2.394404089,0.014868
5932,Ontong Java,338,44,191,1851,0,2424,13.94389439,76.36138614,58.9877836,1.815181518,0.009696
5933,Ontong Java,1909,248,629,2826,0,5612,34.01639344,50.35637919,68.52117732,4.419101924,0.022448
5934,Ontong Java,316,105,233,1539,0,2193,14.40948472,70.17783858,48.31804281,4.787961696,0.008772
5935,Ontong Java,367,62,219,932,0,1580,23.2278481,58.98734177,56.63580247,3.924050633,0.00632
5936,Ontong Java,28,3,39,1231,0,1301,2.152190623,94.61952344,40,0.230591852,0.005204
5937,Ontong Java,2277,453,661,1828,0,5219,43.62904771,35.02586702,67.14833382,8.679823721,0.020876
5938,Ontong Java,69,16,69,1295,0,1449,4.761904762,89.37198068,44.80519481,1.1042098,0.005796
5939,Ontong Java,1475,593,366,2533,0,4967,29.69599356,50.99657741,60.59983566,11.93879605,0.019868
5940,Ontong Java,984,305,494,2689,0,4472,22.00357782,60.12969589,55.18788559,6.820214669,0.017888
5941,Ontong Java,763,1649,708,1886,0,5006,15.24170995,37.67479025,24.45512821,32.94047143,0.020024
5942,Ontong Java,9059,3836,855,6325,0,20075,45.12577833,31.50684932,65.88363636,19.10834371,0.0803
5943,Ontong Java,2459,1933,705,3697,0,8794,27.96224699,42.04002729,48.24406514,21.98089607,0.035176
5944,Ontong Java,60,73,97,1285,0,1515,3.96039604,84.81848185,26.08695652,4.818481848,0.00606
5945,Ontong Java,450,669,453,1573,0,3145,14.30842607,50.01589825,28.6259542,21.2718601,0.01258
5946,Ontong Java,7979,3121,929,4204,0,16233,49.15296002,25.89786238,66.33136587,19.22626748,0.064932
5947,Ontong Java,869,1526,512,1048,2961,6916,21.9721871,26.49810367,29.89336085,38.5840708,0.027664
5948,Ontong Java,11820,2069,6301,11765,6292,38247,36.98951651,36.81739947,58.54383358,6.474730089,0.152988
5949,Ontong Java,53547,6258,5049,13758,9522,88134,68.11555488,17.50114486,82.56545471,7.9606167,0.352536
5950,Ontong Java,8449,1597,4152,4976,4072,23246,44.06487952,25.95180974,59.50838146,8.32898717,0.092984
5951,Ontong Java,2546,284,2921,6038,0,11789,21.59640343,51.21723641,44.27056164,2.409025363,0.047156
5952,Ontong Java,1752,283,1841,3087,0,6963,25.16156829,44.33433865,45.20123839,4.064340083,0.027852
5953,Ontong Java,773,161,2698,8690,0,12322,6.273332251,70.52426554,21.28303965,1.30660607,0.049288
5954,Ontong Java,131,45,416,1597,0,2189,5.984467794,72.95568753,22.12837838,2.055733212,0.008756
5955,Ontong Java,2849,476,1778,3769,0,8872,32.1122633,42.48196573,55.82990398,5.365193868,0.035488
5956,Ontong Java,45212,4922,3947,11069,10084,75234,69.39677667,16.99002302,83.60052514,7.554873369,0.300936
5957,Ontong Java,195,343,514,1068,0,2120,9.198113208,50.37735849,18.53612167,16.17924528,0.00848
5958,Ontong Java,2189,142,281,2619,0,5231,41.84668323,50.06690881,83.80551302,2.714586121,0.020924
5959,Ontong Java,1367,661,492,1802,0,4322,31.62887552,41.69366034,54.24603175,15.29384544,0.017288
5960,Ontong Java,9250,3932,5754,7622,0,26558,34.82942993,28.69945026,48.8487537,14.80533173,0.106232
5961,Ontong Java,67,2,221,1448,4435,6173,3.855005754,83.3141542,23.10344828,0.115074799,0.024692
5962,Ontong Java,6449,727,3281,3274,0,13731,46.96671765,23.84385697,61.67160754,5.294588886,0.054924
5963,Ontong Java,481,305,706,2977,0,4469,10.76303424,66.61445514,32.2386059,6.824793019,0.017876
5964,Ontong Java,39251,5940,3529,11214,0,59934,65.49037274,18.71058164,80.56444992,9.910901992,0.239736
5965,Ontong Java,8311,1706,2132,4945,456,17550,48.61939862,28.92827893,68.40892255,9.98010998,0.0702
5966,Ontong Java,15316,1663,7542,16329,0,40850,37.49326805,39.97307222,62.46074793,4.070991432,0.1634
5967,Ontong Java,17223,3914,4368,8049,0,33554,51.32920069,23.98819813,67.5279357,11.66477916,0.134216
5968,Ontong Java,409,445,733,1220,0,2807,14.57071607,43.46277164,25.77189666,15.85322408,0.011228
5969,Ontong Java,309,221,573,1523,0,2626,11.76694593,57.99695354,28.01450589,8.415841584,0.010504
5970,Ontong Java,95689,56235,20971,25863,0,198758,48.14347095,13.01230642,55.34515168,28.29320078,0.795032
5971,Ontong Java,26001,4846,5235,6848,0,42930,60.56603774,15.95154903,72.06086137,11.28814349,0.17172
5972,Ontong Java,2891,1338,1272,4746,21370,31617,28.21313555,46.31599493,52.55408108,13.05748024,0.126468
5973,Ontong Java,66805,13779,15440,36463,0,132487,50.42381517,27.52194555,69.57114888,10.40026569,0.529948
5974,Ontong Java,1337,379,602,2505,0,4823,27.72133527,51.93862741,57.67903365,7.858179556,0.019292
5975,Ontong Java,13980,2287,1794,5898,0,23959,58.3496807,24.61705413,77.40435192,9.545473517,0.095836
5976,Ontong Java,246303,91013,45679,58263,50600,491858,55.81836477,13.20383993,64.30971684,20.62580169,1.967432
5977,Ontong Java,712,120,322,1634,0,2788,25.53802009,58.60832138,61.69844021,4.304160689,0.011152
5978,Ontong Java,12473,2151,2089,5827,0,22540,55.33717835,25.85181899,74.63052713,9.543034605,0.09016
5979,Ontong Java,10281,1230,1933,6709,0,20153,51.01473726,33.29032898,76.47277596,6.103309681,0.080612
5980,Ontong Java,20167,3072,2603,12151,0,37993,53.08083068,31.98220725,78.03962542,8.085699997,0.151972
5981,Ontong Java,0,0,0,781,0,781,0,100,0,0,0.003124
5982,Ontong Java,20,2,37,830,0,889,2.249718785,93.36332958,33.89830508,0.224971879,0.003556
5983,Ontong Java,53674,7114,7986,15728,0,84502,63.51802324,18.61257722,78.04402827,8.418735651,0.338008
5984,Ontong Java,15842,6598,11782,15499,0,49721,31.86178878,31.17193942,46.29185904,13.27004686,0.198884
5985,Ontong Java,38216,4817,7241,14925,0,65199,58.61439593,22.89145539,76.01543541,7.388150125,0.260796
5986,Ontong Java,19618,3522,1598,6845,0,31583,62.11569515,21.67305196,79.30309645,11.15156888,0.126332
5987,Ontong Java,22645,2974,4998,12378,349,43344,52.66891499,28.78939412,73.96217788,6.917083382,0.173376
5988,Ontong Java,4247,309,1552,7267,0,13375,31.75327103,54.33271028,69.53176162,2.310280374,0.0535
5989,Ontong Java,1330,634,731,2304,0,4999,26.60532106,46.08921784,49.35064935,12.68253651,0.019996
5990,Ontong Java,198,111,138,1868,0,2315,8.552915767,80.69114471,44.29530201,4.794816415,0.00926
5991,Ontong Java,407,194,294,1925,0,2820,14.43262411,68.26241135,45.47486034,6.879432624,0.01128
5992,Ontong Java,4971,1753,1101,2295,0,10120,49.12055336,22.67786561,63.52715655,17.32213439,0.04048
5993,Ontong Java,37104,20862,10771,26585,0,95322,38.92490716,27.88967919,53.97966161,21.88581859,0.381288
5994,Ontong Java,370,99,135,1205,0,1809,20.45328911,66.61138751,61.25827815,5.472636816,0.007236
5995,Ontong Java,14602,8404,2369,5272,0,30647,47.64577283,17.20233628,57.54482759,27.42193363,0.122588
5996,Ontong Java,234,44,105,1055,0,1438,16.27260083,73.36578581,61.09660574,3.059805285,0.005752
5997,Ontong Java,27342,20186,3939,9711,1287,62465,44.69253653,15.87335317,53.12530359,32.99552127,0.24986
5998,Oroluk,17943,22430,5391,2013,0,47777,37.55572765,4.213324403,39.20767415,46.94727589,0.191108
5999,Orona,27,251,1178,4017,0,5473,0.493330897,73.39667458,1.854395604,4.586150192,0.021892
6000,Orona,1116,12494,11129,25054,0,49793,2.241278895,50.31630952,4.511095841,25.09188038,0.199172
6001,Orona,11,39,376,1205,0,1631,0.674432863,73.88105457,2.582159624,2.391171061,0.006524
6002,Orona,0,0,12,653,0,665,0,98.19548872,0,0,0.00266
6003,Orona,571,8044,6089,9756,0,24460,2.334423549,39.88552739,3.883297062,32.88634505,0.09784
6004,Orona,165,2603,2072,6161,0,11001,1.499863649,56.00399964,3.409090909,23.66148532,0.044004
6005,Orona,24,818,1152,2124,0,4118,0.582807188,51.57843613,1.203610832,19.86401166,0.016472
6006,Orona,263,7263,4304,5938,0,17768,1.480189104,33.4196308,2.223161454,40.87685727,0.071072
6007,Orona,1416,22911,11840,27357,0,63524,2.229078773,43.065613,3.915171289,36.06668346,0.254096
6008,Orona,2134,18982,6901,9221,0,37238,5.730705194,24.76233955,7.616804083,50.97481068,0.148952
6009,Orona,211,4038,4044,15604,0,23897,0.88295602,65.29689919,2.544314482,16.89751852,0.095588
6010,Orona,685,5402,5251,10989,0,22327,3.068034219,49.21843508,6.041629917,24.19492095,0.089308
6011,Orona,42,250,1305,4966,0,6563,0.639951242,75.66661588,2.629931121,3.809233582,0.026252
6012,Orona,54,2074,1370,2092,0,5590,0.966010733,37.42397138,1.54373928,37.1019678,0.02236
6013,Orona,226,12944,9662,21321,0,44153,0.511856499,48.28890449,0.989838823,29.31624125,0.176612
6014,Orona,0,0,229,2263,0,2492,0,90.8105939,0,0,0.009968
6015,Orona,187,1914,4020,6764,0,12885,1.451299961,52.4951494,3.055056363,14.85448196,0.05154
6016,Orona,15318,287280,138658,92201,6085,539542,2.87145918,17.28367985,3.471454213,53.85251295,2.158168
6017,Orona,3534,68565,29279,15447,7264,124089,3.025037449,13.22234111,3.485963424,58.69034881,0.496356
6018,Orona,1115,11093,5366,5088,0,22662,4.920130615,22.45168123,6.344599977,48.94978378,0.090648
6019,Orona,158460,297588,206391,167785,0,830224,19.08641523,20.20960608,23.92069308,35.84430226,3.320896
6020,Palmerston,1,0,133,22,0,156,0.641025641,14.1025641,0.746268657,0,0.000624
6021,Palmerston,0,0,53,4,0,57,0,7.01754386,0,0,0.000228
6022,Palmerston,37556,31778,22198,11432,0,102964,36.47488443,11.10290975,41.03045929,30.86321433,0.411856
6023,Palmerston,707,255,949,414,0,2325,30.40860215,17.80645161,36.996337,10.96774194,0.0093
6024,Palmerston,45,0,1729,1111,0,2885,1.559792028,38.50953206,2.536640361,0,0.01154
6025,Palmerston,0,0,36,115,0,151,0,76.1589404,0,0,0.000604
6026,Palmerston,0,0,40,215,0,255,0,84.31372549,0,0,0.00102
6027,Palmerston,2735,4265,7675,2588,0,17263,15.84313271,14.99160053,18.63713799,24.70601865,0.069052
6028,Palmerston,9,53,200,332,0,594,1.515151515,55.89225589,3.435114504,8.922558923,0.002376
6029,Palmerston,24956,37337,30840,12336,0,105469,23.6619291,11.69632783,26.79608732,35.40092349,0.421876
6030,Palmerston,0,0,8,1136,0,1144,0,99.3006993,0,0,0.004576
6031,Palmerston,335,1641,3066,1538,0,6580,5.09118541,23.37386018,6.644188814,24.93920973,0.02632
6032,Palmerston,0,0,0,29,0,29,0,100,0,0,0.000116
6033,Palmerston,33685,19135,26808,19208,0,98836,34.08171112,19.43421425,42.30295876,19.36035453,0.395344
6034,Palmerston,7412,8005,7218,3918,0,26553,27.91398335,14.75539487,32.74574774,30.14725266,0.106212
6035,Palmerston,19,38,162,1794,0,2013,0.943864878,89.12071535,8.675799087,1.887729757,0.008052
6036,Palmerston,8,19,289,2034,0,2350,0.340425532,86.55319149,2.53164557,0.808510638,0.0094
6037,Palmerston,23159,20726,18964,27127,0,89976,25.73908598,30.14915088,36.84863721,23.03503156,0.359904
6038,Palmerston,27645,26920,13227,7711,0,75503,36.61443916,10.21283922,40.77914798,35.65421242,0.302012
6039,Papialou,3591,1002,2334,1106,0,8033,44.70309971,13.76820615,51.84062365,12.47354662,0.032132
6040,Papialou,104,130,1250,492,0,1976,5.263157895,24.89878543,7.008086253,6.578947368,0.007904
6041,Pearl and Hermes,0,0,2383,12490,0,14873,0,83.97767767,0,0,0.059492
6042,Pearl and Hermes,0,0,0,201,0,201,0,100,0,0,0.000804
6043,Pearl and Hermes,1,201,22227,15077,0,37506,0.00266624,40.19890151,0.004458514,0.535914254,0.150024
6044,Pearl and Hermes,0,0,1,47,0,48,0,97.91666667,0,0,0.000192
6045,Pearl and Hermes,0,0,43,1123,0,1166,0,96.31217839,0,0,0.004664
6046,Pearl and Hermes,0,0,226,7135,0,7361,0,96.92976498,0,0,0.029444
6047,Pearl and Hermes,0,0,460,31815,0,32275,0,98.57474826,0,0,0.1291
6048,Pelleluhu,0,0,0,76,0,76,0,100,0,0,0.000304
6049,Pelleluhu,9101,12686,2323,902,0,25012,36.38653446,3.606268991,37.74782248,50.71965457,0.100048
6050,Pelleluhu,0,0,0,116,0,116,0,100,0,0,0.000464
6051,Pelleluhu,152227,170754,53932,4438,0,381351,39.91781849,1.163757273,40.38783486,44.77607244,1.525404
6052,Pelleluhu,13847,30584,5151,940,0,50522,27.40786192,1.860575591,27.92747368,60.53600412,0.202088
6053,Pelleluhu,7977,12279,1524,343,0,22123,36.05749672,1.550422637,36.62534435,55.50332233,0.088492
6054,Pelleluhu,5970,8433,2547,499,0,17449,34.21399507,2.859762737,35.22123894,48.32941716,0.069796
6055,Pelleluhu,13377,20081,4081,1051,0,38590,34.66442083,2.723503498,35.63493966,52.0367971,0.15436
6056,Pelleluhu,6230,11068,1109,194,0,18601,33.49282297,1.04295468,33.84581953,59.5021773,0.074404
6057,Pelleluhu,0,0,0,127,0,127,0,100,0,0,0.000508
6058,Pelleluhu,4,19,5,0,0,28,14.28571429,0,14.28571429,67.85714286,0.000112
6059,Pelleluhu,189839,434116,100824,2774,0,727553,26.09280698,0.381278065,26.1926739,59.66795546,2.910212
6060,Pelleluhu,0,0,0,153,0,153,0,100,0,0,0.000612
6061,Pelleluhu,0,0,63,0,0,63,0,0,0,0,0.000252
6062,Pelleluhu,2499,5654,552,679,0,9384,26.63043478,7.235720375,28.70763929,60.2514919,0.037536
6063,Pelleluhu,22050,25126,3246,1397,0,51819,42.55195971,2.695922345,43.73091111,48.48800633,0.207276
6064,Pelleluhu,8833,23482,2137,1283,0,35735,24.71806352,3.590317616,25.6385696,65.71148734,0.14294
6065,Penrhyn,0,0,40,426,0,466,0,91.41630901,0,0,0.001864
6066,Penrhyn,12374,3966,5419,2045,0,23804,51.98286002,8.59099311,56.86842226,16.66106537,0.095216
6067,Penrhyn,590,810,1927,1673,0,5000,11.8,33.46,17.73369402,16.2,0.02
6068,Penrhyn,0,0,34,297,0,331,0,89.72809668,0,0,0.001324
6069,Penrhyn,868,882,2985,2182,0,6917,12.54879283,31.54546769,18.33157339,12.75119271,0.027668
6070,Penrhyn,931,2054,2901,4715,0,10601,8.782190359,44.47693614,15.81719334,19.37553061,0.042404
6071,Penrhyn,69236,38124,46918,20442,0,174720,39.6268315,11.69986264,44.87742906,21.82005495,0.69888
6072,Penrhyn,1000,967,862,2512,2569,7910,18.72308556,47.03239094,35.34817957,18.10522374,0.03164
6073,Penrhyn,0,0,83,1333,0,1416,0,94.13841808,0,0,0.005664
6074,Penrhyn,0,0,29,26,0,55,0,47.27272727,0,0,0.00022
6075,Penrhyn,149833,47732,96439,85268,0,379272,39.50542091,22.48201818,50.96291207,12.58516315,1.517088
6076,Penrhyn,42200,13606,7572,13001,2525,78904,55.25078883,17.02169444,66.58461927,17.81379699,0.315616
6077,Penrhyn,95,105,258,448,0,906,10.48565121,49.44812362,20.74235808,11.58940397,0.003624
6078,Penrhyn,0,0,5,191,0,196,0,97.44897959,0,0,0.000784
6079,Penrhyn,10389,5249,3650,3344,0,22632,45.90402969,14.77553906,53.86250518,23.19282432,0.090528
6080,Penrhyn,107,70,415,485,0,1077,9.935004643,45.03249768,18.07432432,6.499535747,0.004308
6081,Penrhyn,9,49,332,1006,0,1396,0.64469914,72.06303725,2.307692308,3.510028653,0.005584
6082,Penrhyn,201,231,1830,2014,0,4276,4.700654818,47.10009355,8.885941645,5.402245089,0.017104
6083,Penrhyn,8546,3777,1878,1861,0,16062,53.20632549,11.58635288,60.17886064,23.51512888,0.064248
6084,Penrhyn,0,0,0,49,0,49,0,100,0,0,0.000196
6085,Penrhyn,1,0,116,259,0,376,0.265957447,68.88297872,0.854700855,0,0.001504
6086,Penrhyn,653,219,1212,3382,0,5466,11.94657885,61.8733992,31.33397313,4.006586169,0.021864
6087,Penrhyn,149,382,1306,2015,0,3852,3.868120457,52.31048806,8.111050626,9.916926272,0.015408
6088,Penrhyn,0,0,85,1052,0,1137,0,92.52418646,0,0,0.004548
6089,Penrhyn,26357,12122,26870,17385,0,82734,31.85751928,21.01312641,40.33267533,14.65177557,0.330936
6090,Penrhyn,5,1,106,39,0,151,3.311258278,25.82781457,4.464285714,0.662251656,0.000604
6091,Penrhyn,8162,5000,1256,474,0,14892,54.80795058,3.182917002,56.60979331,33.57507387,0.059568
6092,Penrhyn,50,8,250,102,0,410,12.19512195,24.87804878,16.23376623,1.951219512,0.00164
6093,Penrhyn,0,0,27,5,0,32,0,15.625,0,0,0.000128
6094,Penrhyn,0,0,24,39,0,63,0,61.9047619,0,0,0.000252
6095,Penrhyn,11,17,249,36,0,313,3.514376997,11.50159744,3.971119134,5.431309904,0.001252
6096,Penrhyn,0,0,0,65,0,65,0,100,0,0,0.00026
6097,Penrhyn,55902,26735,36889,47716,0,167242,33.42581409,28.53111061,46.76974047,15.98581696,0.668968
6098,Penrhyn,27,9,342,73,0,451,5.986696231,16.18625277,7.142857143,1.99556541,0.001804
6099,Penrhyn,10601,7471,17881,18822,0,54775,19.35371976,34.3623916,29.48571746,13.63943405,0.2191
6100,Penrhyn,359,251,981,679,0,2270,15.81497797,29.91189427,22.56442489,11.05726872,0.00908
6101,Penrhyn,71,25,664,569,0,1329,5.342362679,42.81414597,9.342105263,1.881113619,0.005316
6102,Penrhyn,2325,1468,10209,8030,0,22032,10.55283224,36.4469862,16.60477075,6.663035585,0.088128
6103,Penrhyn,0,0,36,212,0,248,0,85.48387097,0,0,0.000992
6104,Penrhyn,15722,10382,13887,7756,0,47747,32.92772321,16.2439525,39.31384562,21.74377448,0.190988
6105,Penrhyn,218,37,761,1572,0,2588,8.423493045,60.74188563,21.45669291,1.429675425,0.010352
6106,Penrhyn,17,0,224,941,0,1182,1.438240271,79.6108291,7.053941909,0,0.004728
6107,Penrhyn,210,12,1018,2628,0,3868,5.429162358,67.94208893,16.93548387,0.310237849,0.015472
6108,Penrhyn,75,19,528,621,0,1243,6.03378922,49.95977474,12.05787781,1.528559936,0.004972
6109,Penrhyn,128,16,1193,7178,0,8515,1.503229595,84.29829712,9.573672401,0.187903699,0.03406
6110,Penrhyn,0,0,29,85,0,114,0,74.56140351,0,0,0.000456
6111,Penrhyn,3,0,348,502,0,853,0.351699883,58.85111372,0.854700855,0,0.003412
6112,Penrhyn,147,49,1223,1152,0,2571,5.717619603,44.80746791,10.35940803,1.905873201,0.010284
6113,Penrhyn,136692,75017,99421,115943,7343,434416,32.00670611,27.14828612,43.93404686,17.56538109,1.737664
6114,Penrhyn,1,0,391,320,0,712,0.140449438,44.94382022,0.255102041,0,0.002848
6115,Penrhyn,9763,3560,3276,2286,0,18885,51.69711411,12.10484512,58.81679619,18.8509399,0.07554
6116,Penrhyn,348,165,1842,1533,0,3888,8.950617284,39.42901235,14.77707006,4.24382716,0.015552
6117,Penrhyn,3,0,46,36,0,85,3.529411765,42.35294118,6.12244898,0,0.00034
6118,Penrhyn,904,235,2488,3185,0,6812,13.27069877,46.75572519,24.92417976,3.44979448,0.027248
6119,Penrhyn,0,0,109,540,0,649,0,83.20493066,0,0,0.002596
6120,Penrhyn,4,17,176,704,0,901,0.443951165,78.13540511,2.030456853,1.886792453,0.003604
6121,Penrhyn,0,0,143,729,0,872,0,83.60091743,0,0,0.003488
6122,Penrhyn,697,61,1866,2277,0,4901,14.22158743,46.45990614,26.5625,1.24464395,0.019604
6123,Penrhyn,0,0,11,59,0,70,0,84.28571429,0,0,0.00028
6124,Penrhyn,0,0,24,663,0,687,0,96.50655022,0,0,0.002748
6125,Penrhyn,5,1,243,981,0,1230,0.406504065,79.75609756,2.008032129,0.081300813,0.00492
6126,Penrhyn,2,0,43,30,0,75,2.666666667,40,4.444444444,0,0.0003
6127,Penrhyn,75768,46620,11390,10484,0,144262,52.52110743,7.267333047,56.63711522,32.31620246,0.577048
6128,Penrhyn,122,119,588,1063,0,1892,6.44820296,56.18393235,14.71652593,6.289640592,0.007568
6129,Penrhyn,49,29,245,546,0,869,5.638665132,62.83084005,15.17027864,3.33716916,0.003476
6130,Penrhyn,234,34,371,219,0,858,27.27272727,25.52447552,36.61971831,3.962703963,0.003432
6131,Penrhyn,132,16,245,84,0,477,27.67295597,17.61006289,33.58778626,3.354297694,0.001908
6132,Penrhyn,1455,347,847,152,0,2801,51.94573367,5.426633345,54.92638732,12.3884327,0.011204
6133,Penrhyn,0,0,275,195,0,470,0,41.4893617,0,0,0.00188
6134,Penrhyn,152,21,294,237,0,704,21.59090909,33.66477273,32.54817987,2.982954545,0.002816
6135,Penrhyn,0,0,5,46,0,51,0,90.19607843,0,0,0.000204
6136,Penrhyn,427,1105,635,857,0,3024,14.12037037,28.33994709,19.70466082,36.54100529,0.012096
6137,Penrhyn,328,373,364,952,0,2017,16.26177491,47.19881011,30.79812207,18.49281111,0.008068
6138,Penrhyn,762,1167,658,950,0,3537,21.54368109,26.85891999,29.45496714,32.99406277,0.014148
6139,Penrhyn,119,160,740,579,0,1598,7.446808511,36.23279099,11.6781158,10.01251564,0.006392
6140,Penrhyn,3,10,106,37,0,156,1.923076923,23.71794872,2.521008403,6.41025641,0.000624
6141,Penrhyn,0,0,2,70,0,72,0,97.22222222,0,0,0.000288
6142,Penrhyn,61,48,328,772,0,1209,5.045492142,63.85442514,13.95881007,3.970223325,0.004836
6143,Penrhyn,265470,100750,60631,62784,0,489635,54.21793785,12.82261276,62.19266208,20.57655192,1.95854
6144,Penrhyn,0,0,96,398,0,494,0,80.56680162,0,0,0.001976
6145,Penrhyn,22108,9461,2393,1237,0,35199,62.80860252,3.514304384,65.09628408,26.87860451,0.140796
6146,Penrhyn,1621,2500,3882,1918,0,9921,16.33907872,19.33272856,20.25490441,25.19907267,0.039684
6147,Penrhyn,5588,2902,3649,2563,0,14702,38.00843423,17.43300231,46.03344592,19.73881105,0.058808
6148,Piagailoe,7034,3485,5146,2316,0,17981,39.11907013,12.8802625,44.90264922,19.38156943,0.071924
6149,Pinaki,190792,69877,77775,103684,0,442128,43.15311403,23.45112728,56.3732848,15.80469909,1.768512
6150,Pingelap,98739,49602,6313,3160,0,157814,62.56669244,2.002357205,63.84509938,31.43067155,0.631256
6151,Pingelap,10828,3818,1047,1062,0,16755,64.62548493,6.338406446,68.99891671,22.78722769,0.06702
6152,Pingelap,1,1,44,0,0,46,2.173913043,0,2.173913043,2.173913043,0.000184
6153,Pingelap,27,20,36,1,0,84,32.14285714,1.19047619,32.53012048,23.80952381,0.000336
6154,Pingelap,197629,104342,30999,15939,0,348909,56.64198975,4.568239856,59.3533952,29.90521884,1.395636
6155,Pinipel,0,0,15,21,0,36,0,58.33333333,0,0,0.000144
6156,Pinipel,14,2,498,291,0,805,1.739130435,36.14906832,2.723735409,0.248447205,0.00322
6157,Pinipel,10,6,746,2542,0,3304,0.302663438,76.937046,1.312335958,0.181598063,0.013216
6158,Pinipel,6914,2651,1190,1259,0,12014,57.54952555,10.47944065,64.28637843,22.06592309,0.048056
6159,Pinipel,455537,890831,131538,24701,0,1502607,30.31644335,1.643876276,30.8231376,59.2856948,6.010428
6160,Pulap,65055,93724,9889,5089,0,173757,37.44021824,2.928802868,38.5698532,53.93969739,0.695028
6161,Pulap,7778,4387,852,1573,0,14590,53.31048663,10.78135709,59.75263117,30.0685401,0.05836
6162,Pulap,32893,31624,6385,11699,0,82601,39.8215518,14.16326679,46.39220332,38.28525078,0.330404
6163,Pulap,5445,7121,2295,4580,0,19441,28.00781853,23.55845893,36.63952628,36.62877424,0.077764
6164,Poluwat,14206,8180,2898,459,0,25743,55.1839335,1.783008973,56.18573011,31.77562833,0.102972
6165,Poluwat,12545,4767,1378,1289,0,19979,62.79093048,6.451774363,67.12145532,23.86005306,0.079916
6166,Poluwat,209695,189636,32702,7620,0,439653,47.69556901,1.733185035,48.53680159,43.13310725,1.758612
6167,Poluwat,209689,98014,15673,4940,0,328316,63.86804176,1.504647961,64.84371135,29.85355572,1.313264
6168,Poluwat,7318,2984,1096,379,0,11777,62.13806572,3.218137047,64.20424636,25.33752229,0.047108
6169,Puka-Puka,0,1,675,1706,0,2382,0,71.62048699,0,0.041981528,0.009528
6170,Puka-Puka,0,0,14,85,0,99,0,85.85858586,0,0,0.000396
6171,Puka-Puka,9979,4614,20968,19877,0,55438,18.00028861,35.85446805,28.06164056,8.322811068,0.221752
6172,Puka-Puka,0,0,166,113,0,279,0,40.50179211,0,0,0.001116
6173,Puka-Puka,0,0,0,114,0,114,0,100,0,0,0.000456
6174,Puka-Puka,0,0,25,46,0,71,0,64.78873239,0,0,0.000284
6175,Puka-Puka,0,0,230,304,0,534,0,56.92883895,0,0,0.002136
6176,Puka-Puka,0,0,871,1656,0,2527,0,65.53225168,0,0,0.010108
6177,Puka-Puka,0,0,5,128,0,133,0,96.2406015,0,0,0.000532
6178,Puka-Puka,0,0,101,2312,0,2413,0,95.814339,0,0,0.009652
6179,Puka-Puka,0,0,21,142,0,163,0,87.11656442,0,0,0.000652
6180,Puka-Puka,0,0,5,44,0,49,0,89.79591837,0,0,0.000196
6181,Puka-Puka,0,0,56,44,0,100,0,44,0,0,0.0004
6182,Puka-Puka,0,0,118,43,0,161,0,26.70807453,0,0,0.000644
6183,Puka-Puka,0,0,96,52,0,148,0,35.13513514,0,0,0.000592
6184,Puka-Puka,3,3,5079,58612,0,63697,0.004709798,92.01689248,0.05899705,0.004709798,0.254788
6185,Puka-Puka,0,0,63,32,0,95,0,33.68421053,0,0,0.00038
6186,Puka-Puka,0,0,180,48,0,228,0,21.05263158,0,0,0.000912
6187,Puka-Puka,0,0,16,12,0,28,0,42.85714286,0,0,0.000112
6188,Puka-Puka,0,1,89,10,0,100,0,10,0,1,0.0004
6189,Puka-Puka,0,0,1,108,0,109,0,99.08256881,0,0,0.000436
6190,Puka-Puka,0,0,69,6,0,75,0,8,0,0,0.0003
6191,Puka-Puka,87952,78647,304385,542039,0,1013023,8.682132587,53.50707733,18.67409509,7.763594706,4.052092
6192,Puka-Puka,0,0,126,71,0,197,0,36.04060914,0,0,0.000788
6193,Puka-Puka,0,0,41,83,0,124,0,66.93548387,0,0,0.000496
6194,Puka-Puka,179244,70436,589970,1058638,0,1898288,9.442402839,55.76803941,21.34746621,3.710501252,7.593152
6195,Pukapuka,189899,86467,38496,39494,0,354356,53.58989265,11.14528892,60.31181915,24.40116719,1.417424
6196,Pukapuka,59026,60398,5792,16654,0,141870,41.60569535,11.73891591,47.13934321,42.5727779,0.56748
6197,Pukapuka,160023,161409,31228,56564,0,409224,39.10401149,13.82225871,45.37599955,39.44270131,1.636896
6198,Pukarua,4917,733,2972,4461,0,13083,37.58312314,34.09768402,57.02853166,5.602690514,0.052332
6199,Pukarua,3132,1097,3762,8499,6730,23220,18.99332929,51.54032747,39.19409336,6.652516677,0.09288
6200,Pukarua,5360,1050,2525,6487,0,15422,34.75554403,42.06328621,59.98880806,6.808455453,0.061688
6201,Pukarua,5454,2402,2915,5635,0,16406,33.24393515,34.34719005,50.63596695,14.64098501,0.065624
6202,Pukarua,42,15,260,1185,0,1502,2.796271638,78.89480692,13.24921136,0.998668442,0.006008
6203,Pukarua,0,0,88,723,0,811,0,89.14919852,0,0,0.003244
6204,Pukarua,2854,1421,3647,9437,0,17359,16.44103923,54.36373063,36.026256,8.185955412,0.069436
6205,Pukarua,167,252,765,1911,0,3095,5.395799677,61.7447496,14.10472973,8.142164782,0.01238
6206,Pukarua,3548,3174,4669,14278,0,25669,13.82212007,55.62351475,31.14739707,12.36510967,0.102676
6207,Pukarua,70,10,464,1961,0,2505,2.794411178,78.28343313,12.86764706,0.399201597,0.01002
6208,Pukarua,599,744,1215,4313,0,6871,8.717799447,62.7710668,23.41673182,10.82811818,0.027484
6209,Pukarua,1609,1714,1622,5737,0,10682,15.06272234,53.70717094,32.53791709,16.04568433,0.042728
6210,Pukarua,2844,1117,2237,7108,0,13306,21.37381632,53.41951,45.8857696,8.394709154,0.053224
6211,Pukarua,3927,103,1669,4692,0,10391,37.79232028,45.15446059,68.90682576,0.991242421,0.041564
6212,Pukarua,14788,2049,9445,34922,0,61204,24.16181949,57.0583622,56.26664637,3.347820404,0.244816
6213,Pukarua,321,131,1288,11991,0,13731,2.337775836,87.32794407,18.44827586,0.95404559,0.054924
6214,Pukarua,281,328,1177,5798,0,7584,3.705168776,76.45042194,15.73348264,4.324894515,0.030336
6215,Pukarua,288242,96307,321919,325117,0,1031585,27.94166259,31.51625896,40.80043257,9.335827877,4.12634
6216,Pukarua,583,63,459,1532,0,2637,22.10845658,58.09632158,52.760181,2.389078498,0.010548
6217,Pukarua,21,6,372,3037,0,3436,0.611175786,88.38766007,5.263157895,0.174621653,0.013744
6218,Pukarua,111,7,324,2168,0,2610,4.252873563,83.0651341,25.11312217,0.268199234,0.01044
6219,Pukarua,1250,501,1278,6349,0,9378,13.32906803,67.70100235,41.26774513,5.342290467,0.037512
6220,Pukarua,60,21,195,1159,0,1435,4.181184669,80.76655052,21.73913043,1.463414634,0.00574
6221,Pukarua,185,98,294,679,0,1256,14.72929936,54.06050955,32.06239168,7.802547771,0.005024
6222,Pukarua,1912,885,2054,16637,0,21488,8.897989576,77.42460908,39.4145537,4.118577811,0.085952
6223,Pukarua,0,0,41,1184,0,1225,0,96.65306122,0,0,0.0049
6224,Pukarua,1340,41,479,2377,0,4237,31.62615058,56.10101487,72.04301075,0.967665801,0.016948
6225,Pukarua,0,0,25,906,0,931,0,97.31471536,0,0,0.003724
6226,Pukarua,477,157,498,2858,0,3990,11.95488722,71.62907268,42.13780919,3.934837093,0.01596
6227,Pukarua,13,4,189,2581,0,2787,0.466451381,92.60853965,6.310679612,0.143523502,0.011148
6228,Pukarua,0,2,125,789,0,916,0,86.13537118,0,0.218340611,0.003664
6229,Pukarua,250,125,407,1014,0,1796,13.91982183,56.45879733,31.96930946,6.959910913,0.007184
6230,Pukarua,1596,1979,3894,9048,0,16517,9.66277169,54.77992371,21.3683224,11.98159472,0.066068
6231,Pukarua,827,670,1052,1544,0,4093,20.20522844,37.72294161,32.44409572,16.36941119,0.016372
6232,Pukarua,843,388,1070,1433,0,3734,22.57632566,38.37707552,36.63624511,10.39100161,0.014936
6233,Pukarua,233014,57938,229067,102997,0,623016,37.40096563,16.53199918,44.80874737,9.299600652,2.492064
6234,Rakahanga,0,4,0,25,0,29,0,86.20689655,0,13.79310345,0.000116
6235,Rakahanga,0,0,0,43,0,43,0,100,0,0,0.000172
6236,Rakahanga,406,424,295,256,0,1381,29.39898624,18.53729182,36.08888889,30.70238957,0.005524
6237,Rakahanga,14181,2152,1070,925,0,18328,77.37341772,5.046922741,81.4859507,11.74159756,0.073312
6238,Rakahanga,3850,1748,588,322,0,6508,59.15795943,4.947756607,62.23731005,26.85925015,0.026032
6239,Rakahanga,1370,515,177,94,0,2156,63.54359926,4.359925788,66.44034918,23.88682746,0.008624
6240,Rakahanga,360571,64147,33997,70998,0,529713,68.06912422,13.40310697,78.60458019,12.1097651,2.118852
6241,Rakahanga,14115,1716,443,149,0,16423,85.94653839,0.907264203,86.73343984,10.44876088,0.065692
6242,Rakahanga,264102,58445,31565,31946,0,386058,68.40992804,8.274922421,74.58148834,15.13891695,1.544232
6243,Rangiroa,0,0,108,46,0,154,0,29.87012987,0,0,0.000616
6244,Rangiroa,0,0,2,27,0,29,0,93.10344828,0,0,0.000116
6245,Rangiroa,4,8,676,502,0,1190,0.336134454,42.18487395,0.581395349,0.672268908,0.00476
6246,Rangiroa,0,0,50,3,0,53,0,5.660377358,0,0,0.000212
6247,Rangiroa,0,0,1,29,0,30,0,96.66666667,0,0,0.00012
6248,Rangiroa,231375,399793,291536,354440,0,1277144,18.11659453,27.75254787,25.07575561,31.30367445,5.108576
6249,Rangiroa,2525,4499,6920,12330,0,26274,9.610261095,46.92852249,18.10814687,17.12339195,0.105096
6250,Rangiroa,0,0,28,27,0,55,0,49.09090909,0,0,0.00022
6251,Rangiroa,32,14,193,118,0,357,8.963585434,33.05322129,13.38912134,3.921568627,0.001428
6252,Rangiroa,7,8,226,51,0,292,2.397260274,17.46575342,2.904564315,2.739726027,0.001168
6253,Rangiroa,0,3,46,0,0,49,0,0,0,6.12244898,0.000196
6254,Rangiroa,0,0,28,83,0,111,0,74.77477477,0,0,0.000444
6255,Rangiroa,0,0,169,15,0,184,0,8.152173913,0,0,0.000736
6256,Rangiroa,0,0,119,0,0,119,0,0,0,0,0.000476
6257,Rangiroa,0,0,0,26,0,26,0,100,0,0,0.000104
6258,Rangiroa,0,0,0,39,0,39,0,100,0,0,0.000156
6259,Rangiroa,0,0,57,0,0,57,0,0,0,0,0.000228
6260,Rangiroa,0,0,0,31,0,31,0,100,0,0,0.000124
6261,Rangiroa,435536,357665,425504,170965,0,1389670,31.34096584,12.30256104,35.73760672,25.73740528,5.55868
6262,Rangiroa,1624,620,1537,760,0,4541,35.76304779,16.73640167,42.95160011,13.65338031,0.018164
6263,Rangiroa,0,0,28,0,0,28,0,0,0,0,0.000112
6264,Rangiroa,0,0,2,106,0,108,0,98.14814815,0,0,0.000432
6265,Rangiroa,68589,118680,228794,127785,0,543848,12.61179594,23.49645489,16.48524382,21.82227387,2.175392
6266,Rangiroa,1322,1944,1618,1011,0,5895,22.42578456,17.15012723,27.06797707,32.97709924,0.02358
6267,Rangiroa,137762,144467,239054,237384,0,758667,18.15842787,31.28961718,26.42748756,19.04221483,3.034668
6268,Rangiroa,69973,39898,70720,42910,0,223501,31.3076899,19.19901924,38.74667065,17.85137427,0.894004
6269,Rangiroa,0,0,44,41,0,85,0,48.23529412,0,0,0.00034
6270,Rangiroa,0,0,32,8,0,40,0,20,0,0,0.00016
6271,Rangiroa,17,0,799,638,0,1454,1.169188446,43.87895461,2.083333333,0,0.005816
6272,Rangiroa,2,1,178,861,0,1042,0.19193858,82.62955854,1.104972376,0.09596929,0.004168
6273,Rangiroa,0,0,37,5,0,42,0,11.9047619,0,0,0.000168
6274,Rangiroa,0,0,18,48,0,66,0,72.72727273,0,0,0.000264
6275,Rangiroa,83499,58824,111972,94349,0,348644,23.94964491,27.06170191,32.83548634,16.87222496,1.394576
6276,Rangiroa,180923,131542,354488,124121,0,791074,22.8705532,15.69018828,27.12679904,16.62828003,3.164296
6277,Rangiroa,47268,17159,42438,15048,0,121913,38.77191112,12.34322837,44.23150704,14.07479104,0.487652
6278,Rangiroa,147,377,431,360,0,1315,11.17870722,27.37642586,15.39267016,28.66920152,0.00526
6279,Rangiroa,5839,3941,3860,2381,0,16021,36.44591474,14.86174396,42.80791789,24.59896386,0.064084
6280,Rangiroa,0,0,3,27,0,30,0,90,0,0,0.00012
6281,Rangiroa,526,120,2599,297,0,3542,14.85036702,8.385093168,16.20955316,3.387916431,0.014168
6282,Rangiroa,235,33,1586,268,0,2122,11.07445806,12.62959472,12.67529666,1.555136664,0.008488
6283,Rangiroa,20883,24406,8511,7970,0,61770,33.80767363,12.90270358,38.81598513,39.51108953,0.24708
6284,Rangiroa,7445,8361,5584,2654,0,24044,30.96406588,11.03809682,34.8059841,34.77374813,0.096176
6285,Rangiroa,6,4,4602,1900,0,6512,0.092137592,29.17690418,0.130095403,0.061425061,0.026048
6286,Rangiroa,0,0,5,29,0,34,0,85.29411765,0,0,0.000136
6287,Rangiroa,5248,2137,2868,953,0,11206,46.83205426,8.504372658,51.18501902,19.070141,0.044824
6288,Rangiroa,2039,865,6346,2554,0,11804,17.27380549,21.63673331,22.04324324,7.328024399,0.047216
6289,Rangiroa,3,0,2157,43,0,2203,0.136177939,1.951883795,0.138888889,0,0.008812
6290,Rangiroa,0,0,121,15,0,136,0,11.02941176,0,0,0.000544
6291,Rangiroa,0,0,496,257,0,753,0,34.13014608,0,0,0.003012
6292,Rangiroa,0,0,646,130,0,776,0,16.75257732,0,0,0.003104
6293,Rangiroa,814,313,2570,1254,0,4951,16.44112301,25.32821652,22.01785231,6.321955161,0.019804
6294,Rangiroa,21,1,902,48,0,972,2.160493827,4.938271605,2.272727273,0.102880658,0.003888
6295,Rangiroa,5439,4503,4711,998,0,15651,34.75177305,6.376589355,37.11867877,28.77132452,0.062604
6296,Rangiroa,475,89,3184,1617,0,5365,8.853681267,30.13979497,12.67342583,1.65890028,0.02146
6297,Rangiroa,1,0,1227,59,0,1287,0.077700078,4.584304584,0.081433225,0,0.005148
6298,Rangiroa,0,0,201,9,0,210,0,4.285714286,0,0,0.00084
6299,Rangiroa,12992,10482,10450,6045,0,39969,32.50519152,15.12422127,38.29737059,26.22532463,0.159876
6300,Rangiroa,11185,6502,2629,1309,0,21625,51.72254335,6.053179191,55.05512896,30.06705202,0.0865
6301,Rangiroa,1708,1341,1504,1741,0,6294,27.13695583,27.6612647,37.51372721,21.30600572,0.025176
6302,Rangiroa,1125,646,2339,1592,0,5702,19.72991933,27.92002806,27.37226277,11.32935812,0.022808
6303,Rangiroa,2136,762,498,634,0,4030,53.00248139,15.73200993,62.8975265,18.90818859,0.01612
6304,Rangiroa,1579,736,2096,1222,0,5633,28.03124445,21.69359134,35.79687146,13.06586189,0.022532
6305,Rangiroa,50685,19313,11002,5303,0,86303,58.72912877,6.144629967,62.57407407,22.37813286,0.345212
6306,Rangiroa,1256,724,1593,660,0,4233,29.67162769,15.59177888,35.15253289,17.10370895,0.016932
6307,Rangiroa,111,3,172,790,0,1076,10.31598513,73.42007435,38.81118881,0.278810409,0.004304
6308,Rangiroa,115611,58637,37814,28526,0,240588,48.05351888,11.85678421,54.51754676,24.37237102,0.962352
6309,Rangiroa,0,0,25,356,0,381,0,93.43832021,0,0,0.001524
6310,Rangiroa,252894,134768,264637,504932,0,1157231,21.8533724,43.63277513,38.76964398,11.6457302,4.628924
6311,Rangiroa,0,0,24,13,0,37,0,35.13513514,0,0,0.000148
6312,Rangiroa,2144,1107,1380,875,0,5506,38.9393389,15.89175445,46.29669618,20.10533963,0.022024
6313,Rangiroa,2638,645,2409,6485,0,12177,21.6637924,53.25613862,46.34574842,5.296871151,0.048708
6314,Rangiroa,30,2,704,1348,0,2084,1.439539347,64.68330134,4.076086957,0.09596929,0.008336
6315,Rangiroa,8119,6462,7955,3089,0,25625,31.68390244,12.05463415,36.02680156,25.21756098,0.1025
6316,Rangiroa,3644,1866,1299,1730,0,8539,42.67478627,20.2599836,53.51740344,21.85267596,0.034156
6317,Rangiroa,2799,1231,1171,1337,0,6538,42.81125727,20.4496788,53.81657374,18.82838789,0.026152
6318,Rangiroa,1302,110,329,685,0,2426,53.66859027,28.23577906,74.78460655,4.534212696,0.009704
6319,Rangiroa,67,7,681,684,0,1439,4.656011119,47.53300903,8.874172185,0.486448923,0.005756
6320,Rangiroa,7951,5526,1438,1714,0,16629,47.81405978,10.30729449,53.30874958,33.23110229,0.066516
6321,Rangiroa,0,0,0,37,0,37,0,100,0,0,0.000148
6322,Rangiroa,548,58,672,668,0,1946,28.16032888,34.32682425,42.87949922,2.980472765,0.007784
6323,Rangiroa,8027,4921,11731,10030,0,34709,23.1265666,28.89740413,32.52562908,14.17787894,0.138836
6324,Rangiroa,0,0,0,25,0,25,0,100,0,0,0.0001
6325,Rangiroa,1056,479,1062,296,0,2893,36.50190114,10.2315935,40.66230266,16.55720705,0.011572
6326,Rangiroa,553,638,588,134,0,1913,28.90747517,7.004704652,31.08487915,33.35075797,0.007652
6327,Rangiroa,1545,902,1170,363,0,3980,38.81909548,9.120603015,42.71495715,22.66331658,0.01592
6328,Rangiroa,73,22,1335,97,0,1527,4.780615586,6.35232482,5.104895105,1.440733464,0.006108
6329,Rangiroa,112,27,576,239,0,954,11.74004193,25.0524109,15.66433566,2.830188679,0.003816
6330,Rangiroa,508,250,1859,717,0,3334,15.23695261,21.50569886,19.41153993,7.4985003,0.013336
6331,Rangiroa,440,131,2108,478,0,3157,13.93728223,15.1409566,16.42403882,4.149509028,0.012628
6332,Rangiroa,926,405,2587,2352,0,6270,14.76874003,37.51196172,23.6345074,6.459330144,0.02508
6333,Rangiroa,7,0,150,62,0,219,3.196347032,28.31050228,4.458598726,0,0.000876
6334,Rangiroa,1964,600,4299,2283,0,9146,21.47386836,24.9617319,28.61722279,6.560244916,0.036584
6335,Rangiroa,255,80,395,702,0,1432,17.80726257,49.02234637,34.93150685,5.586592179,0.005728
6336,Rangiroa,311,77,1151,891,0,2430,12.79835391,36.66666667,20.20792723,3.16872428,0.00972
6337,Rangiroa,1421,541,1799,1294,0,5055,28.1107814,25.59841741,37.78250465,10.70227498,0.02022
6338,Rangiroa,127,19,1127,982,0,2255,5.631929047,43.54767184,9.976433621,0.842572062,0.00902
6339,Rangiroa,294,57,1786,812,0,2949,9.96948118,27.53475754,13.75760412,1.932858596,0.011796
6340,Rangiroa,217,38,129,216,0,600,36.16666667,36,56.51041667,6.333333333,0.0024
6341,Rangiroa,460,99,469,1246,0,2274,20.22867194,54.79331574,44.74708171,4.353562005,0.009096
6342,Rangiroa,203,115,186,509,0,1013,20.03948667,50.24679171,40.27777778,11.35241856,0.004052
6343,Rangiroa,0,0,0,25,0,25,0,100,0,0,0.0001
6344,Rangiroa,63,16,379,759,0,1217,5.176663928,62.36647494,13.75545852,1.314708299,0.004868
6345,Rangiroa,0,0,28,0,0,28,0,0,0,0,0.000112
6346,Rangiroa,1787,746,1834,1042,0,5409,33.03753004,19.26418931,40.92054042,13.79182843,0.021636
6347,Rangiroa,9781,7254,14387,18029,0,49451,19.77917535,36.45831227,31.12787219,14.66906635,0.197804
6348,Rangiroa,2007,1473,1730,3980,0,9190,21.83895539,43.30794342,38.52207294,16.02829162,0.03676
6349,Rangiroa,12,157,364,124,0,657,1.826484018,18.87366819,2.251407129,23.89649924,0.002628
6350,Rangiroa,29,3,243,726,0,1001,2.897102897,72.52747253,10.54545455,0.2997003,0.004004
6351,Rangiroa,42,3,803,1264,0,2112,1.988636364,59.84848485,4.952830189,0.142045455,0.008448
6352,Rangiroa,147,22,800,996,0,1965,7.480916031,50.6870229,15.17027864,1.119592875,0.00786
6353,Rangiroa,658,139,597,392,0,1786,36.84210526,21.94848824,47.20229555,7.782754759,0.007144
6354,Rangiroa,0,0,37,11,0,48,0,22.91666667,0,0,0.000192
6355,Rangiroa,0,0,101,0,0,101,0,0,0,0,0.000404
6356,Rangiroa,274,57,1134,1310,0,2775,9.873873874,47.20720721,18.70307167,2.054054054,0.0111
6357,Rangiroa,0,0,61,0,0,61,0,0,0,0,0.000244
6358,Rangiroa,0,0,40,0,0,40,0,0,0,0,0.00016
6359,Rangiroa,0,0,66,0,0,66,0,0,0,0,0.000264
6360,Rangiroa,0,0,26,20,0,46,0,43.47826087,0,0,0.000184
6361,Rangiroa,0,0,130,47,0,177,0,26.55367232,0,0,0.000708
6362,Rangiroa,0,0,1185,1600,0,2785,0,57.45062837,0,0,0.01114
6363,Rangiroa,0,0,166,56,0,222,0,25.22522523,0,0,0.000888
6364,Rangiroa,0,0,107,17,0,124,0,13.70967742,0,0,0.000496
6365,Rangiroa,0,0,1353,1157,0,2510,0,46.09561753,0,0,0.01004
6366,Rangiroa,124122,125120,422509,380663,0,1052414,11.79402783,36.17046143,18.47738224,11.88885743,4.209656
6367,Rangiroa,0,0,28,2,0,30,0,6.666666667,0,0,0.00012
6368,Rangiroa,0,0,113,2,0,115,0,1.739130435,0,0,0.00046
6369,Rangiroa,0,0,90,24,0,114,0,21.05263158,0,0,0.000456
6370,Rangiroa,0,0,206,131,0,337,0,38.87240356,0,0,0.001348
6371,Rangiroa,0,0,0,35,0,35,0,100,0,0,0.00014
6372,Rangiroa,0,0,0,49,0,49,0,100,0,0,0.000196
6373,Rangiroa,0,0,46,0,0,46,0,0,0,0,0.000184
6374,Rangiroa,125,42,20984,41847,0,62998,0.198418997,66.42591828,0.590988606,0.066668783,0.251992
6375,Rangiroa,0,0,172,2,0,174,0,1.149425287,0,0,0.000696
6376,Rangiroa,0,0,2,23,0,25,0,92,0,0,0.0001
6377,Rangiroa,5039,2061,59200,94254,0,160554,3.138507916,58.70548227,7.600301659,1.283680257,0.642216
6378,Rangiroa,173,369,385,1019,0,1946,8.890030832,52.36382323,18.66235167,18.96197328,0.007784
6379,Rangiroa,161,205,367,826,0,1559,10.32713278,52.98268121,21.96452933,13.14945478,0.006236
6380,Rangiroa,893,430,628,867,0,2818,31.68914123,30.76650106,45.77139928,15.25904897,0.011272
6381,Rangiroa,462,6847,1041,1433,0,9783,4.722477768,14.64785853,5.532934132,69.98875601,0.039132
6382,Rangiroa,138,100,235,932,0,1405,9.822064057,66.33451957,29.17547569,7.117437722,0.00562
6383,Rangiroa,16,64,370,528,0,978,1.63599182,53.98773006,3.555555556,6.54396728,0.003912
6384,Rangiroa,342,4462,1178,705,0,6687,5.114401077,10.54284432,5.717151454,66.72648422,0.026748
6385,Rangiroa,204,660,836,3569,0,5269,3.87170241,67.73581325,12,12.52609603,0.021076
6386,Rangiroa,1164,5850,1266,1994,0,10274,11.32956979,19.40821491,14.05797101,56.93984816,0.041096
6387,Rangiroa,198,258,1121,7225,0,8802,2.249488753,82.08361736,12.5554851,2.931152011,0.035208
6388,Rangiroa,442,3224,821,3883,0,8370,5.280764636,46.39187575,9.850679741,38.51851852,0.03348
6389,Rangiroa,2239,5641,2261,2026,0,12167,18.40223556,16.65159859,22.07869046,46.36311334,0.048668
6390,Rangiroa,102,34,223,464,0,823,12.39368165,56.37910085,28.41225627,4.131227217,0.003292
6391,Rangiroa,368,174,298,1063,0,1903,19.33788755,55.85916973,43.80952381,9.143457698,0.007612
6392,Rangiroa,0,3,80,1344,0,1427,0,94.18360196,0,0.210231254,0.005708
6393,Rangiroa,1724,3458,2479,6918,0,14579,11.82522807,47.45181425,22.50358961,23.71904795,0.058316
6394,Rangiroa,10038,8859,4343,9012,0,32252,31.12365125,27.94245318,43.19277108,27.468064,0.129008
6395,Rangiroa,0,0,5,32,0,37,0,86.48648649,0,0,0.000148
6396,Rangiroa,102,3,370,614,0,1089,9.366391185,56.38200184,21.47368421,0.275482094,0.004356
6397,Rangiroa,111813,61367,36006,25199,0,234385,47.70484459,10.75111462,53.45147381,26.18213623,0.93754
6398,Rangiroa,153563,280718,182581,253289,0,870151,17.64785652,29.10862597,24.89422269,32.26083749,3.480604
6399,Rangiroa,0,0,0,29,0,29,0,100,0,0,0.000116
6400,Rangiroa,0,0,0,47,0,47,0,100,0,0,0.000188
6401,Rangiroa,0,0,138,371,0,509,0,72.88801572,0,0,0.002036
6402,Rangiroa,359,214,771,2176,0,3520,10.19886364,61.81818182,26.71130952,6.079545455,0.01408
6403,Rangiroa,2771,1574,2118,3025,0,9488,29.20531197,31.88237774,42.87482593,16.58937605,0.037952
6404,Rangiroa,215,162,480,1701,0,2558,8.405003909,66.49726349,25.08751459,6.333072713,0.010232
6405,Rangiroa,6135,9522,3230,2522,0,21409,28.65617264,11.78009248,32.48266003,44.47662198,0.085636
6406,Rangiroa,587,152,568,744,0,2051,28.62018528,36.27498781,44.91201224,7.411019015,0.008204
6407,Rangiroa,0,0,0,90,0,90,0,100,0,0,0.00036
6408,Rangiroa,0,0,0,55,0,55,0,100,0,0,0.00022
6409,Rangiroa,83,105,368,2577,0,3133,2.649218002,82.25343122,14.92805755,3.351420364,0.012532
6410,Rangiroa,0,0,0,42,0,42,0,100,0,0,0.000168
6411,Rangiroa,3378,2071,969,2027,0,8445,40,24.00236827,52.63321907,24.52338662,0.03378
6412,Rangiroa,5300,9051,6396,10013,0,30760,17.23016905,32.5520156,25.54586205,29.42457737,0.12304
6413,Rangiroa,18321,10585,12456,12837,0,54199,33.8032067,23.68493884,44.29427977,19.52988063,0.216796
6414,Rangiroa,8771,6285,5774,17949,0,38779,22.61791176,46.28536063,42.10753721,16.20722556,0.155116
6415,Rangiroa,201,986,1132,3176,0,5495,3.657870792,57.79799818,8.667529107,17.94358508,0.02198
6416,Rangiroa,14171,13677,12917,18432,0,59197,23.93871311,31.13671301,34.76266405,23.10421136,0.236788
6417,Rangiroa,0,0,3,25,0,28,0,89.28571429,0,0,0.000112
6418,Rangiroa,15695,19031,15731,29965,0,80422,19.51580413,37.25970506,31.10569396,23.66392281,0.321688
6419,Rangiroa,0,0,13,663,0,676,0,98.07692308,0,0,0.002704
6420,Rangiroa,8656,5879,3961,3978,0,22474,38.51561805,17.70045386,46.79930796,26.1591172,0.089896
6421,Rangiroa,0,0,0,35,0,35,0,100,0,0,0.00014
6422,Rangiroa,0,0,10,3429,0,3439,0,99.7092178,0,0,0.013756
6423,Rangiroa,0,0,0,43,0,43,0,100,0,0,0.000172
6424,Rangiroa,1,0,157,286,0,444,0.225225225,64.41441441,0.632911392,0,0.001776
6425,Rangiroa,3812,2713,2389,4707,0,13621,27.98619778,34.55693415,42.76419116,19.91777403,0.054484
6426,Rangiroa,15021,9421,8795,12295,0,45532,32.98998507,27.00298691,45.19360953,20.69094263,0.182128
6427,Rangiroa,3741,4731,3607,7364,0,19443,19.24085789,37.87481356,30.97110688,24.33266471,0.077772
6428,Rangiroa,0,0,0,37,0,37,0,100,0,0,0.000148
6429,Rangiroa,5846,7070,2164,1314,0,16394,35.65938758,8.015127486,38.76657825,43.12553373,0.065576
6430,Rangiroa,6132,4731,6522,4651,0,22036,27.82719187,21.10637139,35.27178602,21.46941369,0.088144
6431,Rangiroa,0,0,0,108,0,108,0,100,0,0,0.000432
6432,Rangiroa,0,11,485,1869,0,2365,0,79.02748414,0,0.465116279,0.00946
6433,Rangiroa,365,37,611,860,0,1873,19.48745328,45.91564335,36.03158934,1.97544047,0.007492
6434,Rangiroa,510,604,3476,7363,0,11953,4.266711286,61.59959843,11.11111111,5.053124739,0.047812
6435,Rangiroa,12620,10656,12274,24870,0,60420,20.88712347,41.16186693,35.49929677,17.63654419,0.24168
6436,Rangiroa,24717,26695,15072,21716,0,88200,28.02380952,24.62131519,37.17736598,30.26643991,0.3528
6437,Rangiroa,0,0,5,41,0,46,0,89.13043478,0,0,0.000184
6438,Rangiroa,0,0,2,42,0,44,0,95.45454545,0,0,0.000176
6439,Rangiroa,3200,2307,2001,1883,0,9391,34.07517836,20.05111277,42.62120405,24.5660739,0.037564
6440,Rangiroa,105,160,583,7483,0,8331,1.260352899,89.82114992,12.38207547,1.920537751,0.033324
6441,Rangiroa,1330,2222,1880,9521,0,14953,8.894536213,63.67284157,24.48453608,14.85989434,0.059812
6442,Rangiroa,187,647,1788,7502,0,10124,1.847096009,74.10114579,7.131960336,6.390754642,0.040496
6443,Rangiroa,788,5905,1141,2253,0,10087,7.812035293,22.33567959,10.05871841,58.54069595,0.040348
6444,Rangiroa,895,2367,797,1712,0,5771,15.50857737,29.66556923,22.04976595,41.01542194,0.023084
6445,Rangiroa,21658,20609,16336,24531,0,83134,26.05191618,29.50778262,36.95715236,24.79009791,0.332536
6446,Rangiroa,116505,60846,36997,45416,0,259764,44.85032568,17.483562,54.35320134,23.42356909,1.039056
6447,Rangiroa,0,0,15,70,0,85,0,82.35294118,0,0,0.00034
6448,Rangiroa,0,0,0,109,0,109,0,100,0,0,0.000436
6449,Rangiroa,0,0,0,25,0,25,0,100,0,0,0.0001
6450,Rangiroa,6,368,860,2973,0,4207,0.142619444,70.6679344,0.486223663,8.747325885,0.016828
6451,Rangiroa,3068,16106,3743,10946,0,33863,9.060036028,32.32436583,13.38744164,47.56223607,0.135452
6452,Rangiroa,220,472,1753,14677,0,17122,1.284896624,85.72012615,8.99795501,2.756687303,0.068488
6453,Rangiroa,0,0,3,153,0,156,0,98.07692308,0,0,0.000624
6454,Rangiroa,126865,194376,224126,333117,0,878484,14.44135579,37.91952955,23.26231694,22.1262994,3.513936
6455,Rangiroa,280256,138555,181594,62386,0,662791,42.28421931,9.412620268,46.6778258,20.90477994,2.651164
6456,Rangiroa,2248,3208,3781,16506,0,25743,8.732470963,64.11840112,24.33690592,12.46164006,0.102972
6457,Rangiroa,0,0,54,189,0,243,0,77.77777778,0,0,0.000972
6458,Rangiroa,0,0,65,134,0,199,0,67.33668342,0,0,0.000796
6459,Rangiroa,0,1,270,588,0,859,0,68.45168801,0,0.116414435,0.003436
6460,Rangiroa,2,17,476,254,0,749,0.267022697,33.91188251,0.404040404,2.269692924,0.002996
6461,Rangiroa,0,0,14,97,0,111,0,87.38738739,0,0,0.000444
6462,Rangiroa,0,0,20,25,0,45,0,55.55555556,0,0,0.00018
6463,Rangiroa,12,138,1930,744,0,2824,0.424929178,26.34560907,0.576923077,4.886685552,0.011296
6464,Rangiroa,6,0,152,669,0,827,0.725513906,80.89480048,3.797468354,0,0.003308
6465,Rangiroa,0,0,113,49,0,162,0,30.24691358,0,0,0.000648
6466,Rangiroa,0,0,34,6,0,40,0,15,0,0,0.00016
6467,Rangiroa,0,0,0,104,0,104,0,100,0,0,0.000416
6468,Rangiroa,2475,566,707,2504,0,6252,39.58733205,40.05118362,66.03521878,9.053103007,0.025008
6469,Rangiroa,0,6,317,55,0,378,0,14.55026455,0,1.587301587,0.001512
6470,Rangiroa,46884,22214,23316,43447,0,135861,34.50879943,31.97900796,50.73257299,16.35053474,0.543444
6471,Rangiroa,58,166,317,2532,0,3073,1.887406443,82.39505369,10.72088725,5.401887406,0.012292
6472,Rangiroa,4,1,587,312,0,904,0.442477876,34.51327434,0.675675676,0.110619469,0.003616
6473,Rangiroa,0,0,116,92,0,208,0,44.23076923,0,0,0.000832
6474,Rangiroa,117,219,510,1193,0,2039,5.738106915,58.50907308,13.82978723,10.7405591,0.008156
6475,Rangiroa,0,0,141,69,0,210,0,32.85714286,0,0,0.00084
6476,Rangiroa,13,22,360,156,0,551,2.359346642,28.31215971,3.291139241,3.992740472,0.002204
6477,Rangiroa,36,105,1951,589,0,2681,1.342782544,21.9694144,1.7208413,3.916449086,0.010724
6478,Rangiroa,1,0,147,151,0,299,0.334448161,50.50167224,0.675675676,0,0.001196
6479,Rangiroa,0,0,6,273,0,279,0,97.84946237,0,0,0.001116
6480,Rangiroa,1,0,555,309,0,865,0.115606936,35.72254335,0.179856115,0,0.00346
6481,Rangiroa,0,0,42,61,0,103,0,59.22330097,0,0,0.000412
6482,Rangiroa,0,0,17,17,0,34,0,50,0,0,0.000136
6483,Rangiroa,0,0,12,498,0,510,0,97.64705882,0,0,0.00204
6484,Rangiroa,48,107,446,8637,0,9238,0.519592985,93.49426283,7.986688852,1.158259363,0.036952
6485,Rangiroa,0,0,0,57,0,57,0,100,0,0,0.000228
6486,Rangiroa,0,0,31,39,0,70,0,55.71428571,0,0,0.00028
6487,Rangiroa,0,0,0,30,0,30,0,100,0,0,0.00012
6488,Rangiroa,0,0,1,32,0,33,0,96.96969697,0,0,0.000132
6489,Rangiroa,878,2765,716,1660,0,6019,14.58714072,27.57933211,20.14223446,45.93786343,0.024076
6490,Rangiroa,2010,665,10825,12813,0,26313,7.638809714,48.69456162,14.88888889,2.52726789,0.105252
6491,Rangiroa,0,0,0,45,0,45,0,100,0,0,0.00018
6492,Rangiroa,0,0,20,78,0,98,0,79.59183673,0,0,0.000392
6493,Rangiroa,0,0,3,32,0,35,0,91.42857143,0,0,0.00014
6494,Rangiroa,0,0,8,43,0,51,0,84.31372549,0,0,0.000204
6495,Rangiroa,283,408,1090,3207,0,4988,5.67361668,64.29430634,15.88994947,8.179631115,0.019952
6496,Rangiroa,13,88,536,877,0,1514,0.858652576,57.92602378,2.040816327,5.812417437,0.006056
6497,Rangiroa,0,0,28,3216,0,3244,0,99.13686806,0,0,0.012976
6498,Rangiroa,51,73,614,7121,0,7859,0.648937524,90.6094923,6.910569106,0.928871358,0.031436
6499,Rangiroa,38,651,1798,8801,0,11288,0.33664068,77.96775337,1.527945316,5.767186393,0.045152
6500,Rangiroa,270428,500783,460794,336111,0,1568116,17.24540787,21.43406483,21.95023559,31.93532876,6.272464
6501,Rangiroa,83,653,1353,8734,0,10823,0.766885337,80.69851243,3.973192915,6.033447288,0.043292
6502,Rangiroa,1236,3932,11273,25702,0,42143,2.932871414,60.98758987,7.517790889,9.330137864,0.168572
6503,Rangiroa,713,2922,5222,18352,0,27209,2.620456467,67.44827079,8.050129841,10.73909368,0.108836
6504,Rangiroa,1594,3054,3505,12430,0,20583,7.744254968,60.38964194,19.55108549,14.83748725,0.082332
6505,Rangiroa,2829,3676,3202,8662,0,18369,15.40094725,47.15553378,29.14391676,20.0119767,0.073476
6506,Rangiroa,287,878,1498,3058,0,5721,5.016605489,53.45219367,10.77731881,15.34696731,0.022884
6507,Rangiroa,450,618,704,1432,0,3204,14.04494382,44.69413233,25.39503386,19.28838951,0.012816
6508,Rangiroa,0,0,47,154,0,201,0,76.61691542,0,0,0.000804
6509,Rangiroa,262,971,2334,11642,0,15209,1.722664212,76.54678151,7.345107934,6.384377671,0.060836
6510,Rangiroa,0,0,0,48,0,48,0,100,0,0,0.000192
6511,Rangiroa,5,26,110,3114,0,3255,0.153609831,95.66820276,3.546099291,0.798771121,0.01302
6512,Rangiroa,223,1300,1918,7154,0,10595,2.104766399,67.52241623,6.480674223,12.26993865,0.04238
6513,Rangiroa,69,31,213,317,0,630,10.95238095,50.31746032,22.04472843,4.920634921,0.00252
6514,Rangiroa,0,29,332,2538,0,2899,0,87.54743015,0,1.000344947,0.011596
6515,Rangiroa,0,0,0,193,0,193,0,100,0,0,0.000772
6516,Rangiroa,0,0,22,304,0,326,0,93.25153374,0,0,0.001304
6517,Rangiroa,103,1052,825,3175,0,5155,1.998060136,61.59068865,5.202020202,20.40737148,0.02062
6518,Rangiroa,0,0,16,246,0,262,0,93.89312977,0,0,0.001048
6519,Rangiroa,0,0,1,93,0,94,0,98.93617021,0,0,0.000376
6520,Rangiroa,0,48,410,2094,0,2552,0,82.05329154,0,1.880877743,0.010208
6521,Rangiroa,2182,6824,4715,20388,0,34109,6.397138585,59.77308042,15.902631,20.00644991,0.136436
6522,Rangiroa,2071,775,4950,2062,0,9858,21.00831812,20.91702171,26.56490508,7.86163522,0.039432
6523,Rangiroa,367,1168,964,3551,0,6050,6.066115702,58.69421488,14.68587435,19.30578512,0.0242
6524,Rangiroa,0,0,4,30,0,34,0,88.23529412,0,0,0.000136
6525,Rangiroa,2584,1023,5250,1854,0,10711,24.12473158,17.30930819,29.17466411,9.550928952,0.042844
6526,Rangiroa,278,152,2102,3015,0,5547,5.011718046,54.35370471,10.97946288,2.740219939,0.022188
6527,Rangiroa,0,0,33,62,0,95,0,65.26315789,0,0,0.00038
6528,Rangiroa,175,442,701,1027,0,2345,7.462686567,43.79530917,13.27769347,18.84861407,0.00938
6529,Rangiroa,0,0,70,135,0,205,0,65.85365854,0,0,0.00082
6530,Rangiroa,0,0,55,86,0,141,0,60.9929078,0,0,0.000564
6531,Rangiroa,217,95,6775,12263,0,19350,1.121447028,63.374677,3.061944405,0.490956072,0.0774
6532,Rangiroa,163217,101895,288802,150188,0,704102,23.18087436,21.33043224,29.46612651,14.47162485,2.816408
6533,Rangiroa,10,18,162,1440,0,1630,0.613496933,88.34355828,5.263157895,1.104294479,0.00652
6534,Rangiroa,0,0,182,550,0,732,0,75.13661202,0,0,0.002928
6535,Rangiroa,20,348,3472,7249,0,11089,0.180358914,65.37108847,0.520833333,3.138245108,0.044356
6536,Rangiroa,0,0,354,435,0,789,0,55.13307985,0,0,0.003156
6537,Rangiroa,0,0,17,24,0,41,0,58.53658537,0,0,0.000164
6538,Rangiroa,0,0,19,77,0,96,0,80.20833333,0,0,0.000384
6539,Rangiroa,0,0,671,1577,0,2248,0,70.15124555,0,0,0.008992
6540,Rangiroa,0,0,23,38,0,61,0,62.29508197,0,0,0.000244
6541,Rangiroa,0,0,109,395,0,504,0,78.37301587,0,0,0.002016
6542,Rangiroa,0,0,13,25,0,38,0,65.78947368,0,0,0.000152
6543,Rangiroa,122402,98284,323828,139110,8460,692084,17.90487168,20.34890525,22.47912818,14.37690894,2.768336
6544,Rangiroa,169,307,2009,1360,334,4179,4.395318596,35.37061118,6.800804829,7.984395319,0.016716
6545,Rangiroa,0,0,57,91,0,148,0,61.48648649,0,0,0.000592
6546,Rangiroa,0,0,36,94,0,130,0,72.30769231,0,0,0.00052
6547,Rangiroa,3457,7056,5172,2217,0,17902,19.31069154,12.38409116,22.04016576,39.41459055,0.071608
6548,Rangiroa,2112,3529,1793,3535,0,10969,19.25426201,32.22718571,28.41000807,32.1724861,0.043876
6549,Rangiroa,0,6,1550,2966,0,4522,0,65.5904467,0,0.132684653,0.018088
6550,Rangiroa,0,0,196,723,0,919,0,78.67247008,0,0,0.003676
6551,Rangiroa,0,0,117,334,0,451,0,74.05764967,0,0,0.001804
6552,Rangiroa,0,0,34,93,0,127,0,73.22834646,0,0,0.000508
6553,Rangiroa,0,0,531,1767,0,2298,0,76.89295039,0,0,0.009192
6554,Rangiroa,0,0,106,182,0,288,0,63.19444444,0,0,0.001152
6555,Rangiroa,0,0,13,14,0,27,0,51.85185185,0,0,0.000108
6556,Rangiroa,0,5,2026,5709,0,7740,0,73.75968992,0,0.064599483,0.03096
6557,Rangiroa,27518,30899,31151,39058,0,128626,21.39380841,30.36555595,30.72302608,24.0223594,0.514504
6558,Rangiroa,0,12,2397,4390,0,6799,0,64.56831887,0,0.176496544,0.027196
6559,Rangiroa,0,0,9,41,0,50,0,82,0,0,0.0002
6560,Rangiroa,1,83,5132,8533,0,13749,0.007273256,62.06269547,0.019171779,0.603680268,0.054996
6561,Rangiroa,0,0,437,752,0,1189,0,63.24642557,0,0,0.004756
6562,Rangiroa,0,0,87,238,0,325,0,73.23076923,0,0,0.0013
6563,Rangiroa,4152,5161,7785,12400,0,29498,14.07553054,42.03674825,24.28354193,17.49610143,0.117992
6564,Rangiroa,31629,34243,21892,13450,0,101214,31.2496295,13.28867548,36.03869468,33.83227617,0.404856
6565,Raraka,0,0,6,296,0,302,0,98.01324503,0,0,0.001208
6566,Raraka,20771,25461,175180,229652,0,451064,4.604889772,50.91339588,9.381153686,5.64465353,1.804256
6567,Raraka,12,9,286,305,0,612,1.960784314,49.83660131,3.908794788,1.470588235,0.002448
6568,Raraka,138,688,31207,117823,0,149856,0.092088405,78.62414585,0.430805732,0.45910741,0.599424
6569,Raraka,299,865,27780,87029,0,115973,0.25781863,75.04246678,1.033029298,0.745863261,0.463892
6570,Raraka,0,0,19,188,0,207,0,90.82125604,0,0,0.000828
6571,Raraka,0,0,0,74,0,74,0,100,0,0,0.000296
6572,Raraka,0,0,1,279,0,280,0,99.64285714,0,0,0.00112
6573,Raraka,0,0,19,997,0,1016,0,98.12992126,0,0,0.004064
6574,Raraka,0,0,1,148,0,149,0,99.32885906,0,0,0.000596
6575,Raraka,0,0,0,280,0,280,0,100,0,0,0.00112
6576,Raraka,197,1880,20584,95043,0,117704,0.167368993,80.74746823,0.869334981,1.597226942,0.470816
6577,Raraka,0,0,0,31,0,31,0,100,0,0,0.000124
6578,Raraka,0,0,0,30,0,30,0,100,0,0,0.00012
6579,Raraka,0,0,5,22,0,27,0,81.48148148,0,0,0.000108
6580,Raraka,120045,82268,322727,285923,2572,813535,14.80277152,35.25721889,22.86397227,10.14448255,3.25414
6581,Raraka,0,0,2,39,0,41,0,95.12195122,0,0,0.000164
6582,Raraka,0,0,1,25,0,26,0,96.15384615,0,0,0.000104
6583,Raraka,5738,5087,8932,19726,0,39483,14.53283692,49.9607426,29.04287088,12.88402604,0.157932
6584,Raraka,680,622,875,2862,0,5039,13.49474102,56.79698353,31.23564538,12.34371899,0.020156
6585,Raraka,0,25,78,112,0,215,0,52.09302326,0,11.62790698,0.00086
6586,Raraka,0,0,0,0,31,31,0,0,0,0,0.000124
6587,Raraka,1,0,5,76,0,82,1.219512195,92.68292683,16.66666667,0,0.000328
6588,Raraka,114,109,490,2650,0,3363,3.389830508,78.79869164,15.9887798,3.241153732,0.013452
6589,Raraka,1873,2002,3968,9377,0,17220,10.87688734,54.45412311,23.88116792,11.62601626,0.06888
6590,Raraka,0,0,0,0,4511,4511,0,0,0,0,0.018044
6591,Raraka,25,67,1303,2244,14969,18608,0.687001924,61.66529266,1.792114695,1.841165155,0.074432
6592,Raraka,3,0,60,262,0,325,0.923076923,80.61538462,4.761904762,0,0.0013
6593,Raraka,0,0,588,4805,6739,12132,0,89.09697756,0,0,0.048528
6594,Raraka,22,129,2244,5084,2111,9590,0.294156973,67.97700227,0.918580376,1.724829523,0.03836
6595,Raraka,0,0,189,1125,0,1314,0,85.61643836,0,0,0.005256
6596,Raraka,0,0,105,2195,2575,4875,0,95.43478261,0,0,0.0195
6597,Raraka,0,0,483,1051,264,1798,0,68.5136897,0,0,0.007192
6598,Raraka,0,0,54,1466,2132,3652,0,96.44736842,0,0,0.014608
6599,Raraka,0,0,1308,5430,0,6738,0,80.58771149,0,0,0.026952
6600,Raraka,0,0,0,104,0,104,0,100,0,0,0.000416
6601,Raraka,0,0,1778,14890,6663,23331,0,89.33285337,0,0,0.093324
6602,Raraka,0,0,0,0,3864,3864,0,0,0,0,0.015456
6603,Raraka,0,0,482,2377,671,3530,0,83.14095838,0,0,0.01412
6604,Raraka,1,12,915,1956,1824,4708,0.034674064,67.82246879,0.107758621,0.416088766,0.018832
6605,Raraka,0,0,469,3921,0,4390,0,89.3166287,0,0,0.01756
6606,Raraka,55,233,3880,15319,0,19487,0.282239442,78.61138195,1.319577735,1.195668907,0.077948
6607,Raraka,56,752,2493,3681,0,6982,0.802062446,52.7212833,1.69645562,10.77055285,0.027928
6608,Raraka,0,0,626,3951,3544,8121,0,86.32291894,0,0,0.032484
6609,Raraka,0,12,1704,4658,0,6374,0,73.0781299,0,0.188264826,0.025496
6610,Raraka,1,32,1794,13786,0,15613,0.006404919,88.29821303,0.054734537,0.204957407,0.062452
6611,Raraka,131,930,6612,11799,0,19472,0.672760887,60.59470008,1.707285286,4.776088743,0.077888
6612,Raraka,0,0,99,1717,0,1816,0,94.54845815,0,0,0.007264
6613,Raraka,54,361,3888,14711,0,19014,0.284001262,77.36930683,1.254938415,1.898601031,0.076056
6614,Raraka,153,1128,4988,14104,0,20373,0.750993963,69.22888136,2.440580635,5.536739803,0.081492
6615,Raraka,27,449,1010,4839,0,6325,0.42687747,76.50592885,1.816958277,7.098814229,0.0253
6616,Raraka,0,0,94,1418,0,1512,0,93.78306878,0,0,0.006048
6617,Raraka,6,228,1519,2588,0,4341,0.138217001,59.61759963,0.342270394,5.252246026,0.017364
6618,Raraka,480,2793,7426,10516,0,21215,2.262550082,49.56870139,4.486400598,13.16521329,0.08486
6619,Raraka,0,0,0,27,0,27,0,100,0,0,0.000108
6620,Raraka,0,0,0,31,0,31,0,100,0,0,0.000124
6621,Raraka,60,1578,5391,11415,0,18444,0.325309044,61.89004554,0.853606487,8.555627846,0.073776
6622,Raraka,0,0,2,500,0,502,0,99.60159363,0,0,0.002008
6623,Raraka,0,0,0,591,0,591,0,100,0,0,0.002364
6624,Raraka,0,0,6,48,0,54,0,88.88888889,0,0,0.000216
6625,Raraka,91,3226,15697,29502,0,48516,0.187566988,60.80880534,0.47859472,6.649352791,0.194064
6626,Raraka,45,1079,14936,17016,0,33076,0.136050308,51.44515661,0.280199253,3.262184061,0.132304
6627,Raraka,17,344,1385,1697,0,3443,0.493755446,49.28841127,0.973654066,9.991286669,0.013772
6628,Raraka,2,91,5291,5953,0,11337,0.017641351,52.50948223,0.037147103,0.802681485,0.045348
6629,Raraka,18,481,1250,2345,0,4094,0.439667807,57.2789448,1.02915952,11.74890083,0.016376
6630,Raraka,0,0,11,68,0,79,0,86.07594937,0,0,0.000316
6631,Raraka,3,307,6764,19918,0,26992,0.011114404,73.79223474,0.042408821,1.137374037,0.107968
6632,Raraka,82,2012,11404,19747,0,33245,0.246653632,59.39840578,0.607497407,6.0520379,0.13298
6633,Raraka,1,4,445,2112,0,2562,0.039032006,82.43559719,0.222222222,0.156128025,0.010248
6634,Raraka,31,606,5739,8814,3211,18401,0.204081633,58.02501646,0.486198243,3.989466754,0.073604
6635,Raraka,0,0,2,28,0,30,0,93.33333333,0,0,0.00012
6636,Raraka,0,30,1957,3552,0,5539,0,64.12709875,0,0.54161401,0.022156
6637,Raraka,0,30,736,1046,0,1812,0,57.72626932,0,1.655629139,0.007248
6638,Raraka,17,623,3217,4368,0,8225,0.20668693,53.10638298,0.440757065,7.574468085,0.0329
6639,Raraka,0,0,33,93,0,126,0,73.80952381,0,0,0.000504
6640,Raraka,3,186,1928,3771,0,5888,0.050951087,64.0455163,0.141709967,3.158967391,0.023552
6641,Raraka,1,75,1381,5686,0,7143,0.01399972,79.60240795,0.06863418,1.049979,0.028572
6642,Raraka,118432,155084,356556,800230,0,1430302,8.280209354,55.9483242,18.79658198,10.8427451,5.721208
6643,Raraka,0,0,567,3211,0,3778,0,84.99205929,0,0,0.015112
6644,Raraka,7,486,3685,2511,0,6689,0.104649424,37.53924353,0.16754428,7.265660039,0.026756
6645,Raraka,13,178,925,2915,0,4031,0.32250062,72.31456214,1.164874552,4.415777723,0.016124
6646,Raraka,1,399,2158,2775,0,5333,0.018751172,52.03450216,0.039093041,7.481717607,0.021332
6647,Raraka,0,0,5,115,0,120,0,95.83333333,0,0,0.00048
6648,Raraka,1,95,2514,2320,0,4930,0.020283976,47.05882353,0.038314176,1.926977688,0.01972
6649,Raraka,0,7,686,1598,0,2291,0,69.75120035,0,0.305543431,0.009164
6650,Raraka,0,114,2012,1879,0,4005,0,46.91635456,0,2.846441948,0.01602
6651,Raraka,47,1369,514,1345,0,3275,1.435114504,41.06870229,2.435233161,41.80152672,0.0131
6652,Raraka,0,0,0,81,0,81,0,100,0,0,0.000324
6653,Raraka,54,1315,709,1797,0,3875,1.393548387,46.37419355,2.598652551,33.93548387,0.0155
6654,Raraka,939,1475,3887,42674,0,48975,1.917304747,87.13425217,14.90239645,3.011740684,0.1959
6655,Raraka,0,0,0,88,0,88,0,100,0,0,0.000352
6656,Raraka,0,0,0,68,0,68,0,100,0,0,0.000272
6657,Raraka,16,492,1002,1806,0,3316,0.482509047,54.46320869,1.059602649,14.8371532,0.013264
6658,Raraka,0,0,36,2273,0,2309,0,98.4408835,0,0,0.009236
6659,Raraka,9,608,1277,2115,0,4009,0.224494887,52.75629833,0.475184794,15.16587678,0.016036
6660,Raraka,334,2273,840,1608,0,5055,6.607319486,31.81008902,9.689585147,44.96538081,0.02022
6661,Raraka,0,0,12,18,0,30,0,60,0,0,0.00012
6662,Raraka,0,0,10,79,0,89,0,88.76404494,0,0,0.000356
6663,Raraka,5344,11057,50628,78800,0,145829,3.664566033,54.03589135,7.972668546,7.582168156,0.583316
6664,Raraka,0,0,0,25,0,25,0,100,0,0,0.0001
6665,Raraka,0,0,0,564,0,564,0,100,0,0,0.002256
6666,Raraka,0,0,0,41,0,41,0,100,0,0,0.000164
6667,Raraka,211,1034,1930,8945,0,12120,1.740924092,73.80363036,6.645669291,8.531353135,0.04848
6668,Raraka,12,162,2872,32313,0,35359,0.033937611,91.38550298,0.393959291,0.458157753,0.141436
6669,Raroia,0,0,0,0,25,25,0,0,0,0,0.0001
6670,Raroia,0,0,0,0,25,25,0,0,0,0,0.0001
6671,Raroia,0,0,0,0,40,40,0,0,0,0,0.00016
6672,Raroia,0,0,0,0,54,54,0,0,0,0,0.000216
6673,Raroia,13,30,1501,2675,0,4219,0.308129889,63.40365015,0.841968912,0.711068974,0.016876
6674,Raroia,49,93,2272,10155,0,12569,0.389848039,80.79401703,2.029826015,0.739915666,0.050276
6675,Raroia,2349,3808,3919,15687,0,25763,9.117726973,60.88964794,23.31282255,14.78088732,0.103052
6676,Raroia,1616,1943,5295,18532,0,27386,5.900825239,67.66961221,18.25163768,7.09486599,0.109544
6677,Raroia,2202,3154,7133,24482,0,36971,5.956019583,66.21946931,17.63151573,8.531010792,0.147884
6678,Raroia,2,0,364,1003,0,1369,0.146092038,73.26515705,0.546448087,0,0.005476
6679,Raroia,0,0,3,26,0,29,0,89.65517241,0,0,0.000116
6680,Raroia,0,0,232,295,0,527,0,55.9772296,0,0,0.002108
6681,Raroia,0,0,3,248,0,251,0,98.80478088,0,0,0.001004
6682,Raroia,1195,1642,21763,85495,0,110095,1.085426223,77.65566102,4.857723577,1.491439212,0.44038
6683,Raroia,0,0,63,366,0,429,0,85.31468531,0,0,0.001716
6684,Raroia,0,0,2,61,0,63,0,96.82539683,0,0,0.000252
6685,Raroia,0,0,66,8,0,74,0,10.81081081,0,0,0.000296
6686,Raroia,0,0,166,715,0,881,0,81.15777526,0,0,0.003524
6687,Raroia,2,0,179,1437,0,1618,0.123609394,88.81334981,1.104972376,0,0.006472
6688,Raroia,1821,2248,15566,70155,0,89790,2.028065486,78.13230872,9.274255157,2.503619557,0.35916
6689,Raroia,48,81,760,1697,0,2586,1.856148492,65.62258314,5.399325084,3.13225058,0.010344
6690,Raroia,256,328,3600,17948,0,22132,1.156696187,81.0952467,6.118546845,1.482016989,0.088528
6691,Raroia,2175,3820,16123,53698,0,75816,2.868787591,70.82673842,9.833619676,5.038514298,0.303264
6692,Raroia,51911,47891,91263,181957,15142,388164,13.91633737,48.77916048,27.16928794,12.83865295,1.552656
6693,Raroia,0,0,18,13,0,31,0,41.93548387,0,0,0.000124
6694,Raroia,0,0,423,6019,0,6442,0,93.43371624,0,0,0.025768
6695,Raroia,0,0,8,36,0,44,0,81.81818182,0,0,0.000176
6696,Raroia,0,0,11,102,0,113,0,90.26548673,0,0,0.000452
6697,Raroia,5733,6997,7945,18474,0,39149,14.64405221,47.1889448,27.72914148,17.8727426,0.156596
6698,Raroia,0,0,26,3,0,29,0,10.34482759,0,0,0.000116
6699,Raroia,1416,2427,6998,8888,0,19729,7.177251761,45.05043337,13.06152569,12.30168787,0.078916
6700,Raroia,0,0,45,13,0,58,0,22.4137931,0,0,0.000232
6701,Raroia,2,0,142,92,0,236,0.847457627,38.98305085,1.388888889,0,0.000944
6702,Raroia,0,0,0,29,0,29,0,100,0,0,0.000116
6703,Raroia,0,0,0,59,0,59,0,100,0,0,0.000236
6704,Raroia,48,22,1457,2645,0,4172,1.150527325,63.39884947,3.143418468,0.527325024,0.016688
6705,Raroia,0,0,334,62,0,396,0,15.65656566,0,0,0.001584
6706,Raroia,0,0,931,4479,0,5410,0,82.79112754,0,0,0.02164
6707,Raroia,0,0,60,0,0,60,0,0,0,0,0.00024
6708,Raroia,9,1,2575,3863,0,6448,0.139578164,59.91004963,0.348162476,0.015508685,0.025792
6709,Raroia,0,0,0,400,0,400,0,100,0,0,0.0016
6710,Raroia,0,0,24,8,0,32,0,25,0,0,0.000128
6711,Raroia,0,1,1086,1701,0,2788,0,61.01147776,0,0.035868006,0.011152
6712,Raroia,0,0,0,415,0,415,0,100,0,0,0.00166
6713,Raroia,0,0,85,142,0,227,0,62.55506608,0,0,0.000908
6714,Raroia,12,6,1243,2922,0,4183,0.286875448,69.85417165,0.951625694,0.143437724,0.016732
6715,Raroia,0,0,71,259,0,330,0,78.48484848,0,0,0.00132
6716,Raroia,0,0,96,128,0,224,0,57.14285714,0,0,0.000896
6717,Raroia,5,10,1334,3730,0,5079,0.098444576,73.43965348,0.370644922,0.196889151,0.020316
6718,Raroia,0,0,6,622,0,628,0,99.04458599,0,0,0.002512
6719,Raroia,0,0,0,565,0,565,0,100,0,0,0.00226
6720,Raroia,9744,18041,48548,187904,17466,281703,3.687598633,71.11191847,12.76512125,6.827582814,1.126812
6721,Raroia,0,0,87,103,0,190,0,54.21052632,0,0,0.00076
6722,Raroia,278,221,4639,12722,0,17860,1.556550952,71.23180291,5.410665629,1.237402016,0.07144
6723,Raroia,18,24,904,2245,0,3191,0.564086493,70.35412097,1.902748414,0.752115324,0.012764
6724,Raroia,0,0,24,19,0,43,0,44.18604651,0,0,0.000172
6725,Raroia,2396,3524,6120,16891,0,28931,8.281773876,58.38374062,19.90033223,12.18070582,0.115724
6726,Raroia,389,488,2014,4027,0,6918,5.623012431,58.21046545,13.45555171,7.054061868,0.027672
6727,Raroia,40,50,1274,3161,0,4525,0.883977901,69.85635359,2.93255132,1.104972376,0.0181
6728,Raroia,0,0,0,26,0,26,0,100,0,0,0.000104
6729,Raroia,3,3,387,1296,0,1689,0.177619893,76.73179396,0.763358779,0.177619893,0.006756
6730,Raroia,911,1607,3715,12313,0,18546,4.912110428,66.39167475,14.61575485,8.664941227,0.074184
6731,Raroia,0,0,409,2199,0,2608,0,84.31748466,0,0,0.010432
6732,Raroia,0,0,0,59,0,59,0,100,0,0,0.000236
6733,Raroia,4,4,406,1138,0,1552,0.257731959,73.32474227,0.966183575,0.257731959,0.006208
6734,Raroia,0,0,0,30,0,30,0,100,0,0,0.00012
6735,Raroia,0,1,295,804,0,1100,0,73.09090909,0,0.090909091,0.0044
6736,Raroia,0,0,406,3112,0,3518,0,88.4593519,0,0,0.014072
6737,Raroia,0,2,717,1907,0,2626,0,72.6199543,0,0.076161462,0.010504
6738,Raroia,0,0,35,2,0,37,0,5.405405405,0,0,0.000148
6739,Raroia,1385,3436,6599,22945,3312,37677,4.030263349,66.76851448,12.12784588,9.998545031,0.150708
6740,Raroia,0,0,276,1090,0,1366,0,79.79502196,0,0,0.005464
6741,Raroia,0,0,1,747,0,748,0,99.86631016,0,0,0.002992
6742,Raroia,0,0,452,1520,0,1972,0,77.07910751,0,0,0.007888
6743,Raroia,0,0,20,10,0,30,0,33.33333333,0,0,0.00012
6744,Raroia,0,0,60,6,0,66,0,9.090909091,0,0,0.000264
6745,Raroia,0,0,133,13,0,146,0,8.904109589,0,0,0.000584
6746,Raroia,1900,2712,5902,10779,0,21293,8.923120274,50.62227023,18.07114324,12.7365801,0.085172
6747,Raroia,0,0,0,120,0,120,0,100,0,0,0.00048
6748,Raroia,74,63,797,2234,0,3168,2.335858586,70.51767677,7.922912206,1.988636364,0.012672
6749,Raroia,0,0,1,325,0,326,0,99.69325153,0,0,0.001304
6750,Raroia,1100,1890,5027,7464,0,15481,7.105484142,48.21393967,13.72084321,12.20851366,0.061924
6751,Raroia,0,0,540,557,0,1097,0,50.77484047,0,0,0.004388
6752,Raroia,8511,9241,25406,102142,8647,153947,5.857536132,70.2973159,19.72056166,6.359944942,0.615788
6753,Raroia,488,671,3772,7945,0,12876,3.789996893,61.70394532,9.896572703,5.211245728,0.051504
6754,Raroia,0,0,0,258,0,258,0,100,0,0,0.001032
6755,Raroia,263,579,2617,12078,0,15537,1.692733475,77.73701487,7.60335357,3.726588144,0.062148
6756,Raroia,1293,1023,6056,15546,0,23918,5.405970399,64.99707333,15.44433827,4.277113471,0.095672
6757,Raroia,0,5,326,341,0,672,0,50.74404762,0,0.744047619,0.002688
6758,Raroia,195,402,4287,16035,0,20919,0.93216693,76.65280367,3.992628993,1.921697978,0.083676
6759,Raroia,8,3,1277,3985,0,5273,0.151716291,75.57367722,0.621118012,0.056893609,0.021092
6760,Raroia,160,201,2707,14520,0,17588,0.909711167,82.55628838,5.215123859,1.142824653,0.070352
6761,Raroia,243,345,4900,23414,0,28902,0.840772265,81.01169469,4.427842566,1.193689018,0.115608
6762,Raroia,486,388,3510,6108,0,10492,4.632100648,58.21578345,11.08576642,3.698055661,0.041968
6763,Raroia,0,3,427,911,0,1341,0,67.93437733,0,0.223713647,0.005364
6764,Raroia,693,1046,4473,20340,0,26552,2.609972883,76.60439892,11.15582743,3.93943959,0.106208
6765,Raroia,2,0,926,4951,0,5879,0.034019391,84.21500255,0.215517241,0,0.023516
6766,Raroia,4204,7549,7199,15745,0,34697,12.1163213,45.37856299,22.18235542,21.75692423,0.138788
6767,Raroia,24,8,459,2214,0,2705,0.887245841,81.84842884,4.887983707,0.295748614,0.01082
6768,Raroia,15,108,452,1284,0,1859,0.806885422,69.06939215,2.608695652,5.80957504,0.007436
6769,Raroia,3783,4387,4753,9355,0,22278,16.980878,41.99209983,29.27338853,19.6920729,0.089112
6770,Raroia,4002,8867,5813,8518,0,27200,14.71323529,31.31617647,21.42168933,32.59926471,0.1088
6771,Raroia,117,843,1266,4670,0,6896,1.696635731,67.72041763,5.25606469,12.22447796,0.027584
6772,Raroia,772,3194,3246,11393,0,18605,4.149422198,61.23622682,10.70438159,17.16742811,0.07442
6773,Raroia,4,7,1361,5537,0,6909,0.057895499,80.14184397,0.29154519,0.101317123,0.027636
6774,Raroia,611,452,732,1364,0,3159,19.34156379,43.17822096,34.03899721,14.30832542,0.012636
6775,Raroia,7,5,174,1308,0,1494,0.46854083,87.5502008,3.76344086,0.334672021,0.005976
6776,Raroia,3,4,540,1612,0,2159,0.138953219,74.66419639,0.548446069,0.185270959,0.008636
6777,Raroia,0,0,0,241,0,241,0,100,0,0,0.000964
6778,Raroia,0,0,88,23,0,111,0,20.72072072,0,0,0.000444
6779,Raroia,19,16,2198,10104,0,12337,0.154008268,81.89997568,0.850873265,0.129691173,0.049348
6780,Raroia,0,0,76,1129,0,1205,0,93.69294606,0,0,0.00482
6781,Raroia,41901,55847,111576,106208,0,315532,13.2794772,33.65997743,20.01729376,17.69931417,1.262128
6782,Raroia,0,2,661,1597,0,2260,0,70.66371681,0,0.088495575,0.00904
6783,Raroia,0,1,320,979,0,1300,0,75.30769231,0,0.076923077,0.0052
6784,Raroia,183,238,2081,2502,0,5004,3.657074341,50,7.314148681,4.756195044,0.020016
6785,Raroia,3567,6342,6091,8739,0,24739,14.41852945,35.32479082,22.29375,25.63563604,0.098956
6786,Raroia,1166,3809,4157,5237,0,14369,8.114691349,36.44651681,12.76828734,26.5084557,0.057476
6787,Raroia,297,600,1635,3191,0,5723,5.189585882,55.75746986,11.72985782,10.48401188,0.022892
6788,Raroia,28,343,475,863,0,1709,1.63838502,50.49736688,3.309692671,20.0702165,0.006836
6789,Raroia,2,4,117,2080,0,2203,0.090785293,94.41670449,1.62601626,0.181570586,0.008812
6790,Raroia,579,2643,1079,1831,0,6132,9.442270059,29.85975212,13.46198558,43.10176125,0.024528
6791,Raroia,17,253,1050,3860,0,5180,0.328185328,74.51737452,1.287878788,4.884169884,0.02072
6792,Raroia,0,0,17,16,0,33,0,48.48484848,0,0,0.000132
6793,Raroia,17534,38660,32657,87936,0,176787,9.91815009,49.741214,19.73416169,21.86812379,0.707148
6794,Raroia,37,541,2434,8620,0,11632,0.318088033,74.10591472,1.228419655,4.650962861,0.046528
6795,Raroia,868,1734,2090,8408,0,13100,6.625954198,64.18320611,18.49957374,13.23664122,0.0524
6796,Raroia,377,1591,2108,7229,0,11305,3.334807607,63.94515701,9.249263984,14.07341884,0.04522
6797,Raroia,0,15,13,2,0,30,0,6.666666667,0,50,0.00012
6798,Raroia,0,4,1451,11436,0,12891,0,88.71305562,0,0.0310294,0.051564
6799,Raroia,0,0,0,90,0,90,0,100,0,0,0.00036
6800,Raroia,73,48,590,2479,0,3190,2.288401254,77.71159875,10.26722925,1.504702194,0.01276
6801,Raroia,1269,1990,7125,11451,0,21835,5.811770094,52.44332494,12.22072419,9.113808106,0.08734
6802,Raroia,8689,28104,27390,69943,16279,150405,6.478236882,52.14723469,13.5378527,20.95343185,0.60162
6803,Raroia,781,1406,2762,1874,0,6823,11.44657775,27.46592408,15.78096585,20.60677122,0.027292
6804,Raroia,32122,10963,41137,42978,0,127200,25.25314465,33.78773585,38.13967847,8.618710692,0.5088
6805,Raroia,302,1894,20723,62030,0,84949,0.355507422,73.02028276,1.317684018,2.229573038,0.339796
6806,Raroia,147,17,154,841,0,1159,12.68334771,72.56255393,46.22641509,1.466781708,0.004636
6807,Raroia,10,16,489,2620,0,3135,0.318979266,83.57256778,1.941747573,0.510366826,0.01254
6808,Raroia,316,424,1421,3590,0,5751,5.494696575,62.42392627,14.62285979,7.372630847,0.023004
6809,Raroia,73,273,1097,2862,0,4305,1.695702671,66.48083624,5.058905059,6.341463415,0.01722
6810,Raroia,21,39,243,1452,0,1755,1.196581197,82.73504274,6.930693069,2.222222222,0.00702
6811,Raroia,0,0,0,32,0,32,0,100,0,0,0.000128
6812,Raroia,0,0,76,1811,0,1887,0,95.97244303,0,0,0.007548
6813,Raroia,2,8,694,12409,0,13113,0.01525204,94.63128193,0.284090909,0.06100816,0.052452
6814,Raroia,0,3,66,1083,0,1152,0,94.01041667,0,0.260416667,0.004608
6815,Raroia,0,0,6,486,0,492,0,98.7804878,0,0,0.001968
6816,Raroia,2,1,597,2051,0,2651,0.075443229,77.36703131,0.333333333,0.037721614,0.010604
6817,Raroia,96267,130150,81282,91854,3957,403510,24.09367468,22.98919042,31.28609453,32.57390133,1.61404
6818,Raroia,1308,2667,7583,19030,0,30588,4.27618674,62.21394011,11.31683682,8.719105532,0.122352
6819,Raroia,1,13,766,2244,0,3024,0.033068783,74.20634921,0.128205128,0.42989418,0.012096
6820,Raroia,1430,2827,6160,23716,0,34133,4.189494038,69.48114728,13.72756072,8.282307444,0.136532
6821,Raroia,0,1,402,4674,0,5077,0,92.06224148,0,0.019696671,0.020308
6822,Raroia,0,90,321,2090,0,2501,0,83.56657337,0,3.598560576,0.010004
6823,Raroia,0,0,82,2276,0,2358,0,96.52247668,0,0,0.009432
6824,Raroia,32,42,279,3572,0,3925,0.815286624,91.00636943,9.065155807,1.070063694,0.0157
6825,Raroia,0,0,16,2881,0,2897,0,99.44770452,0,0,0.011588
6826,Raroia,0,0,32,1119,0,1151,0,97.21980886,0,0,0.004604
6827,Raroia,1788,4499,6783,29951,34910,77931,4.156109807,69.61948816,13.68018363,10.45768346,0.311724
6828,Raroia,1,1,1207,3210,5638,10057,0.022629554,72.64086897,0.082712986,0.022629554,0.040228
6829,Raroia,0,0,0,6,27,33,0,100,0,0,0.000132
6830,Raroia,0,0,11,0,31,42,0,0,0,0,0.000168
6831,Raroia,0,0,0,0,70,70,0,0,0,0,0.00028
6832,Raroia,0,10,64,3,0,77,0,3.896103896,0,12.98701299,0.000308
6833,Raroia,1747,5448,5205,13150,0,25550,6.837573386,51.46771037,14.08870968,21.32289628,0.1022
6834,Raroia,594,229,486,254,220,1783,38.00383877,16.25079974,45.37815126,14.65131158,0.007132
6835,Raroia,3,0,342,1950,0,2295,0.130718954,84.96732026,0.869565217,0,0.00918
6836,Raroia,121,1132,2197,3737,719,7906,1.683595381,51.99666064,3.507246377,15.75066092,0.031624
6837,Raroia,98,326,2130,3019,0,5573,1.758478378,54.17190023,3.837118246,5.849632155,0.022292
6838,Raroia,4,2,449,1591,0,2046,0.195503421,77.76148583,0.879120879,0.097751711,0.008184
6839,Raroia,0,7,15,0,104,126,0,0,0,31.81818182,0.000504
6840,Raroia,0,0,0,0,328,328,0,0,0,0,0.001312
6841,Raroia,4,32,0,0,419,455,11.11111111,0,11.11111111,88.88888889,0.00182
6842,Raroia,0,0,0,0,36,36,0,0,0,0,0.000144
6843,Raroia,0,0,0,0,35,35,0,0,0,0,0.00014
6844,Raroia,0,0,0,0,346,346,0,0,0,0,0.001384
6845,Raroia,0,0,0,0,89,89,0,0,0,0,0.000356
6846,Raroia,0,0,0,0,113,113,0,0,0,0,0.000452
6847,Raroia,0,0,0,0,80,80,0,0,0,0,0.00032
6848,Raroia,0,0,0,0,25,25,0,0,0,0,0.0001
6849,Raroia,0,0,0,0,31,31,0,0,0,0,0.000124
6850,Raroia,0,0,0,0,25,25,0,0,0,0,0.0001
6851,Raroia,0,0,0,0,35,35,0,0,0,0,0.00014
6852,Raroia,0,0,0,0,36,36,0,0,0,0,0.000144
6853,Raroia,0,0,0,0,44,44,0,0,0,0,0.000176
6854,Raroia,0,0,0,0,35,35,0,0,0,0,0.00014
6855,Raroia,0,0,0,0,201,201,0,0,0,0,0.000804
6856,Raroia,0,0,0,0,30,30,0,0,0,0,0.00012
6857,Raroia,23079,31070,37737,42890,53603,188379,17.12396866,31.82317327,25.1169928,23.05306583,0.753516
6858,Raroia,23,8,333,1120,0,1484,1.549865229,75.47169811,6.318681319,0.539083558,0.005936
6859,Raroia,0,0,0,0,25,25,0,0,0,0,0.0001
6860,Raroia,0,0,0,0,46,46,0,0,0,0,0.000184
6861,Raroia,0,0,0,0,30,30,0,0,0,0,0.00012
6862,Raroia,0,0,0,0,25,25,0,0,0,0,0.0001
6863,Raroia,0,0,0,0,65,65,0,0,0,0,0.00026
6864,Raroia,5,9,97,86,0,197,2.538071066,43.65482234,4.504504505,4.568527919,0.000788
6865,Raroia,0,12,8,0,5020,5040,0,0,0,60,0.02016
6866,Raroia,0,0,0,0,36,36,0,0,0,0,0.000144
6867,Raroia,0,0,0,0,25,25,0,0,0,0,0.0001
6868,Raroia,0,0,0,0,25,25,0,0,0,0,0.0001
6869,Raroia,0,0,0,25,0,25,0,100,0,0,0.0001
6870,Raroia,0,0,0,0,38,38,0,0,0,0,0.000152
6871,Raroia,0,0,0,0,30,30,0,0,0,0,0.00012
6872,Raroia,0,0,0,0,49,49,0,0,0,0,0.000196
6873,Raroia,0,0,0,0,60,60,0,0,0,0,0.00024
6874,Raroia,0,0,0,0,29,29,0,0,0,0,0.000116
6875,Raroia,0,0,0,0,42,42,0,0,0,0,0.000168
6876,Raroia,0,0,0,0,38,38,0,0,0,0,0.000152
6877,Raroia,0,0,0,0,79,79,0,0,0,0,0.000316
6878,Raroia,0,0,0,0,30,30,0,0,0,0,0.00012
6879,Raroia,0,0,1,2,31,34,0,66.66666667,0,0,0.000136
6880,Raroia,0,0,0,0,56,56,0,0,0,0,0.000224
6881,Raroia,0,0,0,0,61,61,0,0,0,0,0.000244
6882,Raroia,0,0,0,0,25,25,0,0,0,0,0.0001
6883,Raroia,0,0,0,0,25,25,0,0,0,0,0.0001
6884,Raroia,0,0,0,0,40,40,0,0,0,0,0.00016
6885,Raroia,9409,7840,8505,7969,0,33723,27.90083919,23.63075646,36.53413062,23.24822821,0.134892
6886,Raroia,138,321,3989,5753,0,10201,1.352808548,56.39643172,3.102517986,3.146750319,0.040804
6887,Raroia,3171,4705,5000,4545,17650,35071,18.2021698,26.08920269,24.62721342,27.00763446,0.140284
6888,Raroia,6,29,882,2954,0,3871,0.154998708,76.31103074,0.654307525,0.749160424,0.015484
6889,Raroia,8,52,933,1810,0,2803,0.285408491,64.57367107,0.805639476,1.855155191,0.011212
6890,Raroia,7,1,34,0,0,42,16.66666667,0,16.66666667,2.380952381,0.000168
6891,Raroia,104,182,804,1325,0,2415,4.306418219,54.86542443,9.541284404,7.536231884,0.00966
6892,Raroia,7649,11365,12409,18225,2614,52262,15.40646149,36.70842733,24.34204245,22.89115372,0.209048
6893,Raroia,5,0,0,139,0,144,3.472222222,96.52777778,100,0,0.000576
6894,Raroia,80,146,1816,3523,0,5565,1.437556155,63.30637916,3.917727718,2.623539982,0.02226
6895,Raroia,10,9,318,1803,0,2140,0.46728972,84.25233645,2.96735905,0.420560748,0.00856
6896,Raroia,179,758,1659,1842,0,4438,4.033348355,41.50518251,6.895223421,17.07976566,0.017752
6897,Raroia,9825,23178,15200,19987,0,68190,14.40827101,29.31074938,20.3825488,33.99032116,0.27276
6898,Raroia,495,1199,1207,2080,0,4981,9.937763501,41.758683,17.0630817,24.07147159,0.019924
6899,Raroia,648,2486,6875,7992,0,18001,3.599800011,44.39753347,6.474173244,13.81034387,0.072004
6900,Raroia,293,378,1683,4533,0,6887,4.254392333,65.81966023,12.4468989,5.488601713,0.027548
6901,Raroia,1,1,365,1263,0,1630,0.061349693,77.48466258,0.272479564,0.061349693,0.00652
6902,Raroia,33,206,1283,1843,0,3365,0.980683507,54.76968796,2.168199737,6.121842496,0.01346
6903,Raroia,6456,13422,7238,11766,0,38882,16.60408415,30.26078905,23.80882136,34.51982923,0.155528
6904,Raroia,145,541,3197,6167,0,10050,1.44278607,61.36318408,3.734226114,5.383084577,0.0402
6905,Raroia,15,12,1225,3381,0,4633,0.3237643,72.97647313,1.198083067,0.25901144,0.018532
6906,Raroia,6,4,304,2265,0,2579,0.232648313,87.82473827,1.910828025,0.155098876,0.010316
6907,Raroia,24,13,389,2142,0,2568,0.934579439,83.41121495,5.633802817,0.50623053,0.010272
6908,Raroia,23,12,649,3833,0,4517,0.509187514,84.85720611,3.362573099,0.265663051,0.018068
6909,Raroia,136,29,814,1715,0,2694,5.048255382,63.65998515,13.89172625,1.076466221,0.010776
6910,Raroia,0,7,16,330,0,353,0,93.48441926,0,1.983002833,0.001412
6911,Raroia,6271,7574,13917,28869,0,56631,11.07344034,50.97737988,22.58843023,13.37430029,0.226524
6912,Raroia,3317,4412,10250,20450,0,38429,8.631502251,53.21501991,18.44930196,11.48091285,0.153716
6913,Raroia,0,0,22,30,0,52,0,57.69230769,0,0,0.000208
6914,Raroia,20,96,907,1368,0,2391,0.836470096,57.21455458,1.955034213,4.015056462,0.009564
6915,Raroia,0,0,12,131,0,143,0,91.60839161,0,0,0.000572
6916,Raroia,3,0,34,160,0,197,1.52284264,81.21827411,8.108108108,0,0.000788
6917,Raroia,4,4,22,18,0,48,8.333333333,37.5,13.33333333,8.333333333,0.000192
6918,Raroia,663,1569,4296,8423,0,14951,4.434485988,56.33736874,10.15625,10.49428132,0.059804
6919,Raroia,0,10,128,331,0,469,0,70.57569296,0,2.132196162,0.001876
6920,Raroia,44,1022,5974,9765,0,16805,0.261826837,58.10770604,0.625,6.081523356,0.06722
6921,Raroia,34,129,2386,5578,0,8127,0.418358558,68.63541282,1.333856414,1.587301587,0.032508
6922,Raroia,1021,2924,8759,13119,0,25823,3.9538396,50.80354723,8.036838791,11.32323897,0.103292
6923,Raroia,0,0,61,35,0,96,0,36.45833333,0,0,0.000384
6924,Raroia,0,0,13,44,0,57,0,77.19298246,0,0,0.000228
6925,Raroia,0,1,21,12,0,34,0,35.29411765,0,2.941176471,0.000136
6926,Raroia,0,0,11,116,0,127,0,91.33858268,0,0,0.000508
6927,Raroia,41,431,3187,9690,0,13349,0.307139112,72.58970709,1.120524734,3.22870627,0.053396
6928,Raroia,2843,9952,23204,70853,0,106852,2.660689552,66.30947479,7.897441596,9.313817243,0.427408
6929,Raroia,0,0,7,25,0,32,0,78.125,0,0,0.000128
6930,Raroia,76571,139128,41040,46419,63149,366307,25.25778637,15.3118176,29.82445207,45.89290073,1.465228
6931,Raroia,25,50,576,1698,0,2349,1.064282673,72.28607918,3.840245776,2.128565347,0.009396
6932,Raroia,8,10,488,1920,0,2426,0.329760923,79.1426216,1.581027668,0.412201154,0.009704
6933,Raroia,1687,2696,2194,3839,0,10416,16.19623656,36.85675883,25.6499924,25.88325653,0.041664
6934,Ravahere,244,702,24001,64032,0,88979,0.274222007,71.96304746,0.978073516,0.788950202,0.355916
6935,Ravahere,2137,779,3163,3796,0,9875,21.64050633,38.44050633,35.15380819,7.888607595,0.0395
6936,Ravahere,19,3,675,11290,0,11987,0.158505047,94.18536748,2.725968436,0.025027113,0.047948
6937,Ravahere,0,0,3,56,0,59,0,94.91525424,0,0,0.000236
6938,Ravahere,0,0,52,36,0,88,0,40.90909091,0,0,0.000352
6939,Ravahere,0,0,13,13,0,26,0,50,0,0,0.000104
6940,Ravahere,5,26,1236,6119,0,7386,0.06769564,82.84592472,0.394632991,0.35201733,0.029544
6941,Ravahere,14262,86387,490905,561704,0,1153258,1.236670372,48.70584032,2.41093797,7.490691589,4.613032
6942,Ravahere,0,0,2291,5797,0,8088,0,71.67408506,0,0,0.032352
6943,Ravahere,0,0,538,949,0,1487,0,63.81977135,0,0,0.005948
6944,Ravahere,0,0,1577,852,0,2429,0,35.07616303,0,0,0.009716
6945,Ravahere,0,0,16,13,0,29,0,44.82758621,0,0,0.000116
6946,Ravahere,798,411,5088,19679,0,25976,3.072066523,75.75839236,12.67270129,1.582229751,0.103904
6947,Ravahere,0,0,680,2230,0,2910,0,76.63230241,0,0,0.01164
6948,Ravahere,38721,49940,167115,320711,0,576487,6.716716942,55.63195701,15.13863693,8.662814599,2.305948
6949,Rawaki,24,210,32133,113630,0,145997,0.016438694,77.83036638,0.074149597,0.143838572,0.583988
6950,Rawaki,0,47,2876,632,0,3555,0,17.77777778,0,1.322081575,0.01422
6951,Reao,0,0,6,45,0,51,0,88.23529412,0,0,0.000204
6952,Reao,0,0,46,315,0,361,0,87.25761773,0,0,0.001444
6953,Reao,0,0,0,52,0,52,0,100,0,0,0.000208
6954,Reao,10,3,120,291,0,424,2.358490566,68.63207547,7.518796992,0.70754717,0.001696
6955,Reao,0,0,9,205,0,214,0,95.79439252,0,0,0.000856
6956,Reao,0,0,11,24,0,35,0,68.57142857,0,0,0.00014
6957,Reao,0,0,16,151,0,167,0,90.41916168,0,0,0.000668
6958,Reao,0,0,0,26,0,26,0,100,0,0,0.000104
6959,Reao,0,0,3,167,0,170,0,98.23529412,0,0,0.00068
6960,Reao,7,0,119,247,0,373,1.876675603,66.21983914,5.555555556,0,0.001492
6961,Reao,0,0,0,87,0,87,0,100,0,0,0.000348
6962,Reao,0,0,15,185,0,200,0,92.5,0,0,0.0008
6963,Reao,0,0,7,102,0,109,0,93.57798165,0,0,0.000436
6964,Reao,0,0,0,33,0,33,0,100,0,0,0.000132
6965,Reao,4,0,41,75,0,120,3.333333333,62.5,8.888888889,0,0.00048
6966,Reao,0,0,6,38,0,44,0,86.36363636,0,0,0.000176
6967,Reao,1,0,112,382,0,495,0.202020202,77.17171717,0.884955752,0,0.00198
6968,Reao,0,0,0,29,0,29,0,100,0,0,0.000116
6969,Reao,0,0,0,45,0,45,0,100,0,0,0.00018
6970,Reao,0,0,95,514,0,609,0,84.40065681,0,0,0.002436
6971,Reao,0,0,28,71,0,99,0,71.71717172,0,0,0.000396
6972,Reao,0,0,18,42,0,60,0,70,0,0,0.00024
6973,Reao,0,0,75,75,0,150,0,50,0,0,0.0006
6974,Reao,0,0,69,155,0,224,0,69.19642857,0,0,0.000896
6975,Reao,0,0,5,32,0,37,0,86.48648649,0,0,0.000148
6976,Reao,0,0,85,81,0,166,0,48.79518072,0,0,0.000664
6977,Reao,0,0,0,49,0,49,0,100,0,0,0.000196
6978,Reao,0,0,0,36,0,36,0,100,0,0,0.000144
6979,Reao,0,0,14,36,0,50,0,72,0,0,0.0002
6980,Reao,0,0,9,26,0,35,0,74.28571429,0,0,0.00014
6981,Reao,0,0,0,69,0,69,0,100,0,0,0.000276
6982,Reao,0,0,3,24,0,27,0,88.88888889,0,0,0.000108
6983,Reao,0,0,10,44,0,54,0,81.48148148,0,0,0.000216
6984,Reao,4,0,50,248,0,302,1.324503311,82.1192053,7.407407407,0,0.001208
6985,Reao,2,0,107,100,0,209,0.956937799,47.84688995,1.834862385,0,0.000836
6986,Reao,0,0,0,241,0,241,0,100,0,0,0.000964
6987,Reao,380597,111776,327535,603195,0,1423103,26.74416399,42.38589898,46.41947633,7.854385803,5.692412
6988,Reao,13,0,9,5,0,27,48.14814815,18.51851852,59.09090909,0,0.000108
6989,Reao,18,0,26,11,0,55,32.72727273,20,40.90909091,0,0.00022
6990,Reao,0,0,1,1538,0,1539,0,99.93502274,0,0,0.006156
6991,Reao,0,0,1,92,0,93,0,98.92473118,0,0,0.000372
6992,Reao,0,0,0,185,0,185,0,100,0,0,0.00074
6993,Reao,0,0,0,70,0,70,0,100,0,0,0.00028
6994,Reao,4,0,158,250,0,412,0.970873786,60.67961165,2.469135802,0,0.001648
6995,Reao,18994,6502,22296,159959,0,207751,9.142675607,76.99553793,39.74305323,3.12970816,0.831004
6996,Reao,0,0,10,185,0,195,0,94.87179487,0,0,0.00078
6997,Reao,5341,4080,23836,165737,0,198994,2.684000523,83.2874358,16.05977689,2.050313075,0.795976
6998,Reao,6216,4896,21270,112685,0,145067,4.284916625,77.67790056,19.19584955,3.374992245,0.580268
6999,Reao,16,0,71,27,0,114,14.03508772,23.68421053,18.3908046,0,0.000456
7000,Reao,4709,1874,3975,19095,0,29653,15.88034937,64.39483358,44.60125024,6.319765285,0.118612
7001,Reao,2208,542,1543,6365,0,10658,20.71683243,59.72039782,51.43256464,5.085381873,0.042632
7002,Reao,1150,976,2426,18236,0,22788,5.04651571,80.02457434,25.26362039,4.282955942,0.091152
7003,Reao,1179,911,1484,2737,0,6311,18.68166693,43.36872128,32.98824846,14.43511329,0.025244
7004,Reao,0,0,17,26,0,43,0,60.46511628,0,0,0.000172
7005,Reao,0,0,0,299,0,299,0,100,0,0,0.001196
7006,Reao,0,0,0,206,0,206,0,100,0,0,0.000824
7007,Reao,1098,2129,4108,12972,0,20307,5.407002511,63.87945044,14.96932515,10.48406953,0.081228
7008,Reao,0,1,5,40,0,46,0,86.95652174,0,2.173913043,0.000184
7009,Reao,1,22,62,17,0,102,0.980392157,16.66666667,1.176470588,21.56862745,0.000408
7010,Reao,0,2,32,28,0,62,0,45.16129032,0,3.225806452,0.000248
7011,Reao,0,0,10,69,0,79,0,87.34177215,0,0,0.000316
7012,Reao,3,33,68,32,0,136,2.205882353,23.52941176,2.884615385,24.26470588,0.000544
7013,Reao,661,1489,5847,45012,0,53009,1.246958064,84.91388255,8.2655996,2.80895697,0.212036
7014,Reao,68,155,1138,12990,0,14351,0.473834576,90.51634032,4.996326231,1.080064107,0.057404
7015,Reao,0,0,38,0,0,38,0,0,0,0,0.000152
7016,Reao,2,0,37,71,0,110,1.818181818,64.54545455,5.128205128,0,0.00044
7017,Reao,0,0,0,27,0,27,0,100,0,0,0.000108
7018,Reao,0,0,0,71,0,71,0,100,0,0,0.000284
7019,Reao,0,0,0,38,0,38,0,100,0,0,0.000152
7020,Reao,0,0,8,75,0,83,0,90.36144578,0,0,0.000332
7021,Reao,10398,7957,12832,87279,0,118466,8.777201898,73.67430318,33.34081508,6.716695086,0.473864
7022,Reao,0,0,0,43,0,43,0,100,0,0,0.000172
7023,Reao,0,0,0,38,0,38,0,100,0,0,0.000152
7024,Reao,0,0,0,58,0,58,0,100,0,0,0.000232
7025,Reao,0,0,1,82,0,83,0,98.79518072,0,0,0.000332
7026,Reao,0,0,3,138,0,141,0,97.87234043,0,0,0.000564
7027,Reao,0,4,95,116,0,215,0,53.95348837,0,1.860465116,0.00086
7028,Reao,0,0,0,71,0,71,0,100,0,0,0.000284
7029,Reao,0,0,44,214,0,258,0,82.94573643,0,0,0.001032
7030,Reao,0,0,27,59,0,86,0,68.60465116,0,0,0.000344
7031,Reao,0,0,0,49,0,49,0,100,0,0,0.000196
7032,Reao,0,0,6,60,0,66,0,90.90909091,0,0,0.000264
7033,Reao,18071,12984,21356,112752,0,165163,10.94131252,68.26710583,34.47940318,7.861324873,0.660652
7034,Reao,0,0,10,17,0,27,0,62.96296296,0,0,0.000108
7035,Reao,0,0,3,130,0,133,0,97.7443609,0,0,0.000532
7036,Reao,0,0,2,58,0,60,0,96.66666667,0,0,0.00024
7037,Reao,0,0,1,45,0,46,0,97.82608696,0,0,0.000184
7038,Reao,0,0,0,30,0,30,0,100,0,0,0.00012
7039,Reao,457,812,3600,21332,0,26201,1.744208236,81.41673982,9.385910865,3.099118354,0.104804
7040,Reao,0,0,15,133,0,148,0,89.86486486,0,0,0.000592
7041,Reao,0,0,5,606,0,611,0,99.18166939,0,0,0.002444
7042,Reao,0,0,8,215,0,223,0,96.41255605,0,0,0.000892
7043,Reao,0,0,0,144,0,144,0,100,0,0,0.000576
7044,Reao,0,0,7,22,0,29,0,75.86206897,0,0,0.000116
7045,Reao,0,0,0,85,0,85,0,100,0,0,0.00034
7046,Reao,0,0,2,24,0,26,0,92.30769231,0,0,0.000104
7047,Reao,0,0,0,40,0,40,0,100,0,0,0.00016
7048,Reao,0,0,10,80,0,90,0,88.88888889,0,0,0.00036
7049,Reao,0,0,0,27,0,27,0,100,0,0,0.000108
7050,Reao,1802,744,2014,11976,0,16536,10.8974359,72.42380261,39.51754386,4.499274311,0.066144
7051,Reao,0,0,29,1020,0,1049,0,97.23546235,0,0,0.004196
7052,Reao,0,0,0,33,0,33,0,100,0,0,0.000132
7053,Reao,334,294,5637,29120,0,35385,0.943902784,82.29475767,5.331205108,0.830860534,0.14154
7054,Reao,0,1,7,31,0,39,0,79.48717949,0,2.564102564,0.000156
7055,Reao,0,0,2,251,0,253,0,99.20948617,0,0,0.001012
7056,Reao,0,0,8,21,0,29,0,72.4137931,0,0,0.000116
7057,Reao,0,0,0,28,0,28,0,100,0,0,0.000112
7058,Reao,0,0,11,20,0,31,0,64.51612903,0,0,0.000124
7059,Reao,0,0,5,347,0,352,0,98.57954545,0,0,0.001408
7060,Reao,0,0,1,127,0,128,0,99.21875,0,0,0.000512
7061,Reao,0,0,0,94,0,94,0,100,0,0,0.000376
7062,Reao,0,0,0,37,0,37,0,100,0,0,0.000148
7063,Reao,0,0,6,100,0,106,0,94.33962264,0,0,0.000424
7064,Reao,0,0,21,128,0,149,0,85.90604027,0,0,0.000596
7065,Reao,0,0,0,29,0,29,0,100,0,0,0.000116
7066,Reao,0,0,1,85,0,86,0,98.8372093,0,0,0.000344
7067,Reao,0,0,12,20,0,32,0,62.5,0,0,0.000128
7068,Reao,0,0,1,112,0,113,0,99.11504425,0,0,0.000452
7069,Reao,0,0,1,130,0,131,0,99.23664122,0,0,0.000524
7070,Reao,0,0,164,798,0,962,0,82.95218295,0,0,0.003848
7071,Reao,0,0,11,152,0,163,0,93.25153374,0,0,0.000652
7072,Reao,0,0,0,28,0,28,0,100,0,0,0.000112
7073,Reao,0,0,6,373,0,379,0,98.41688654,0,0,0.001516
7074,Reao,0,0,10,282,0,292,0,96.57534247,0,0,0.001168
7075,Reao,0,0,17,56,0,73,0,76.71232877,0,0,0.000292
7076,Reao,0,0,1,466,0,467,0,99.78586724,0,0,0.001868
7077,Reao,5202,4953,27835,111453,0,149443,3.480925838,74.57893645,13.69307713,3.314307127,0.597772
7078,Reao,0,0,39,6,0,45,0,13.33333333,0,0,0.00018
7079,Reao,1,0,58,37,0,96,1.041666667,38.54166667,1.694915254,0,0.000384
7080,Reao,0,3,15,10,0,28,0,35.71428571,0,10.71428571,0.000112
7081,Reao,0,0,25,12,0,37,0,32.43243243,0,0,0.000148
7082,Reao,0,0,24,38,0,62,0,61.29032258,0,0,0.000248
7083,Reao,0,0,18,24,0,42,0,57.14285714,0,0,0.000168
7084,Reao,0,0,23,16,0,39,0,41.02564103,0,0,0.000156
7085,Reao,0,0,35,31,0,66,0,46.96969697,0,0,0.000264
7086,Reao,0,0,0,113,0,113,0,100,0,0,0.000452
7087,Reao,0,0,43,59,0,102,0,57.84313725,0,0,0.000408
7088,Reao,0,0,5,21,0,26,0,80.76923077,0,0,0.000104
7089,Reao,0,0,4,22,0,26,0,84.61538462,0,0,0.000104
7090,Reao,2,0,56,73,0,131,1.526717557,55.72519084,3.448275862,0,0.000524
7091,Reao,0,0,1,38,0,39,0,97.43589744,0,0,0.000156
7092,Reao,2,6,137,76,0,221,0.904977376,34.38914027,1.379310345,2.714932127,0.000884
7093,Reao,0,0,26,48,0,74,0,64.86486486,0,0,0.000296
7094,Reao,419809,204401,397035,918527,0,1939772,21.64218269,47.3523177,41.10756968,10.53737243,7.759088
7095,Rekareka,0,0,0,73,0,73,0,100,0,0,0.000292
7096,Rekareka,92240,278182,169453,261457,1831,803163,11.51083446,32.62779971,17.08543644,34.71494961,3.212652
7097,Rongelap,0,0,0,41,0,41,0,100,0,0,0.000164
7098,Rongelap,485,44179,9947,8613,0,63224,0.767113754,13.62299127,0.888099467,69.87694546,0.252896
7099,Rongelap,30,2997,2748,5065,0,10840,0.276752768,46.72509225,0.519480519,27.64760148,0.04336
7100,Rongelap,122,8454,7512,4196,0,20284,0.601459278,20.68625518,0.758329189,41.67816999,0.081136
7101,Rongelap,125,262,1241,1249,0,2877,4.344803615,43.41327772,7.678132678,9.106708377,0.011508
7102,Rongelap,289,709,1282,3439,0,5719,5.053331002,60.13289037,12.6754386,12.39727225,0.022876
7103,Rongelap,158,607,1951,2356,0,5072,3.115141956,46.4511041,5.817378498,11.96766562,0.020288
7104,Rongelap,65,9922,8268,4212,0,22467,0.289313215,18.74749633,0.356066831,44.16254952,0.089868
7105,Rongelap,321,1582,5314,5307,0,12524,2.563078889,42.37464069,4.447831509,12.63174705,0.050096
7106,Rongelap,203,1217,2535,2558,0,6513,3.116843237,39.27529556,5.132743363,18.68570551,0.026052
7107,Rongelap,156,545,2917,2125,0,5743,2.71635034,37.00156713,4.311774461,9.489813686,0.022972
7108,Rongelap,46,10479,12077,4215,0,26817,0.171532983,15.71764179,0.203521812,39.07595928,0.107268
7109,Rongelap,309,16871,3700,5026,0,25906,1.192773875,19.40091099,1.479885057,65.12390952,0.103624
7110,Rongelap,3145,58183,25745,13942,0,101015,3.113399,13.80191061,3.611911844,57.59837648,0.40406
7111,Rongelap,891,16031,5549,4924,0,27395,3.252418325,17.97408286,3.965110587,58.51797773,0.10958
7112,Rongelap,13,526,1682,2880,0,5101,0.25485199,56.45951774,0.585321927,10.31170359,0.020404
7113,Rongelap,0,0,40,1388,0,1428,0,97.19887955,0,0,0.005712
7114,Rongelap,875,5481,8723,3531,0,18610,4.70177324,18.97367007,5.802772067,29.45190758,0.07444
7115,Rongelap,2022,9350,6172,5648,0,23192,8.718523629,24.35322525,11.5253078,40.31562608,0.092768
7116,Rongelap,6672,68457,42782,23472,0,141383,4.719096355,16.60171308,5.658505144,48.41954125,0.565532
7117,Rongelap,1003,1305,824,1489,0,4621,21.7052586,32.22246267,32.02426564,28.24064055,0.018484
7118,Rongelap,183,1154,2105,2759,0,6201,2.951136913,44.49282374,5.316676351,18.60990163,0.024804
7119,Rongelap,146,347,482,1195,0,2170,6.728110599,55.06912442,14.97435897,15.99078341,0.00868
7120,Rongelap,103,270,2471,3435,0,6279,1.640388597,54.7061634,3.621659634,4.300047778,0.025116
7121,Rongelap,102,1610,5919,2941,0,10572,0.964812713,27.81876655,1.336653125,15.22890655,0.042288
7122,Rongelap,1221,11081,27043,12280,0,51625,2.365133172,23.78692494,3.103316813,21.46440678,0.2065
7123,Rongelap,781,5061,13126,6006,0,24974,3.127252342,24.04901097,4.117460987,20.26507568,0.099896
7124,Rongelap,12772,36629,25064,10797,0,85262,14.9797096,12.66332012,17.151682,42.96052169,0.341048
7125,Rongelap,2779,23772,14729,5423,0,46703,5.950367214,11.61167377,6.732073643,50.90037043,0.186812
7126,Rongelap,3094,32017,19192,6775,0,61078,5.065653754,11.09237369,5.697659429,52.41985658,0.244312
7127,Rongelap,1137,16684,15133,6025,4449,43428,2.916955284,15.45704097,3.450264004,42.8025347,0.173712
7128,Rongelap,69,299,2121,5313,0,7802,0.884388618,68.09792361,2.77219767,3.832350679,0.031208
7129,Rongelap,303,651,1170,3631,0,5755,5.264986968,63.09296264,14.26553672,11.31190269,0.02302
7130,Rongelap,2889,14978,7913,3716,0,29496,9.794548413,12.59831842,11.20636152,50.77976675,0.117984
7131,Rongelap,202,1820,8572,3504,0,14098,1.432827351,24.8545893,1.906739664,12.90963257,0.056392
7132,Rongelap,582,2215,3000,5208,0,11005,5.288505225,47.32394366,10.03967569,20.1272149,0.04402
7133,Rongelap,0,6,482,673,0,1161,0,57.9672696,0,0.516795866,0.004644
7134,Rongelap,393,2409,1363,2356,0,6521,6.026683024,36.129428,9.43577431,36.94218678,0.026084
7135,Rongelap,3798,12275,1622,4870,0,22565,16.83137602,21.58209617,21.46369031,54.39840461,0.09026
7136,Rongelap,57372,66904,20876,28752,0,173904,32.99061551,16.53325973,39.52546296,38.47180053,0.695616
7137,Rongelap,0,1,207,893,0,1101,0,81.10808356,0,0.090826521,0.004404
7138,Rongelap,6955,31355,14638,8819,0,61767,11.26005796,14.27785063,13.1355292,50.7633526,0.247068
7139,Rongelap,5899,13697,6643,18770,0,45009,13.10626764,41.70277056,22.4818019,30.43169144,0.180036
7140,Rongelap,0,79,1053,2385,0,3517,0,67.8134774,0,2.246232585,0.014068
7141,Rongelap,622,1564,1826,4812,0,8824,7.048957389,54.53309157,15.50348953,17.72438803,0.035296
7142,Rongelap,10,819,3214,2226,0,6269,0.159515074,35.50805551,0.247341083,13.06428457,0.025076
7143,Rongelap,3874,24222,3157,7913,0,39166,9.891232191,20.20374815,12.39561002,61.84445693,0.156664
7144,Rongelap,5548,28065,35027,19873,0,88513,6.26800583,22.45206919,8.082750583,31.70720685,0.354052
7145,Rongelap,2473,13952,19092,13534,0,49051,5.041691301,27.59169028,6.962862854,28.44386455,0.196204
7146,Rongelap,337,899,1654,2727,0,5617,5.999643938,48.54904753,11.66089965,16.00498487,0.022468
7147,Rongelap,312,724,935,2042,0,4013,7.774732121,50.88462497,15.82952816,18.04136556,0.016052
7148,Rongelap,6,305,3299,3037,0,6647,0.090266286,45.68978487,0.166204986,4.588536182,0.026588
7149,Rongelap,572,790,2397,4385,0,8144,7.023575639,53.84332024,15.21681298,9.700392927,0.032576
7150,Rongelap,3,234,2605,1649,0,4491,0.066800267,36.7178802,0.105559465,5.210420842,0.017964
7151,Rongelap,1137,45340,54152,17483,0,118112,0.962645624,14.80205229,1.129892973,38.38729342,0.472448
7152,Rongelap,224922,172516,95670,147349,0,640457,35.11898535,23.00685292,45.6131314,26.93639073,2.561828
7153,Rongerik,0,0,0,36,0,36,0,100,0,0,0.000144
7154,Rongerik,162,316,7122,2685,0,10285,1.575109383,26.10597958,2.131578947,3.072435586,0.04114
7155,Rongerik,3865,10351,30954,8019,0,53189,7.266540074,15.07642558,8.556564091,19.46079077,0.212756
7156,Rongerik,17,7,707,1463,0,2194,0.774840474,66.68185962,2.325581395,0.31905196,0.008776
7157,Rongerik,645,1185,5528,2926,0,10284,6.271878646,28.45196422,8.765969013,11.52275379,0.041136
7158,Rongerik,0,0,0,314,0,314,0,100,0,0,0.001256
7159,Rongerik,5974,14588,17521,7044,0,45127,13.23819443,15.60928048,15.68678938,32.32654508,0.180508
7160,Rongerik,56,22,5840,11612,0,17530,0.319452367,66.24073018,0.94626563,0.125499144,0.07012
7161,Rongerik,49076,36607,43050,14302,0,143035,34.31048345,9.998951306,38.12231518,25.59303667,0.57214
7162,Rongerik,14753,2469,31163,44562,0,92947,15.87248647,47.94345164,30.4908546,2.656352545,0.371788
7163,Rongerik,0,14,746,1935,0,2695,0,71.79962894,0,0.519480519,0.01078
7164,Rongerik,0,0,0,48,0,48,0,100,0,0,0.000192
7165,Rongerik,26,488,5717,9197,0,15428,0.16852476,59.61239305,0.417268496,3.163080114,0.061712
7166,Rongerik,0,5,438,2182,0,2625,0,83.12380952,0,0.19047619,0.0105
7167,Rongerik,10755,12973,62199,18851,0,104778,10.26455935,17.99137223,12.51643837,12.38141595,0.419112
7168,Rose,0,0,0,253,0,253,0,100,0,0,0.001012
7169,Rose,0,0,0,25,0,25,0,100,0,0,0.0001
7170,Rose,0,0,0,321,0,321,0,100,0,0,0.001284
7171,Rose,0,0,0,169,0,169,0,100,0,0,0.000676
7172,Rose,0,0,0,51,0,51,0,100,0,0,0.000204
7173,Rose,0,0,7,9215,0,9222,0,99.92409456,0,0,0.036888
7174,Rose,0,0,0,29,0,29,0,100,0,0,0.000116
7175,Rose,0,0,0,981,0,981,0,100,0,0,0.003924
7176,Rose,990,5958,5649,13682,0,26279,3.767266639,52.06438601,7.859014051,22.67209559,0.105116
7177,Rowa,0,0,216,3,0,219,0,1.369863014,0,0,0.000876
7178,Rowa,98,366,8992,1875,0,11331,0.864883947,16.54752449,1.036379019,3.230076781,0.045324
7179,Rowa,21187,40215,5711,7054,0,74167,28.56661318,9.51096849,31.56914458,54.22222821,0.296668
7180,Rowa,18530,122766,79868,100808,0,321972,5.755158834,31.30955487,8.378397931,38.12940256,1.287888
7181,Rowa,5215,22053,9356,7871,0,44495,11.72041802,17.68962805,14.23929664,49.56287223,0.17798
7182,Sapwuahfik,30421,28834,5161,7118,0,71534,42.52663069,9.950513043,47.22584451,40.30810524,0.286136
7183,Sapwuahfik,2570,2466,1873,5380,0,12289,20.91301164,43.77898934,37.19785787,20.06672634,0.049156
7184,Sapwuahfik,3270,2599,1198,7407,0,14474,22.59223435,51.17451983,46.27140229,17.9563355,0.057896
7185,Sapwuahfik,0,0,0,29,0,29,0,100,0,0,0.000116
7186,Sapwuahfik,6530,4941,2380,3372,0,17223,37.91441677,19.57847065,47.1446105,28.68838182,0.068892
7187,Sapwuahfik,157,717,792,3647,0,5313,2.955015998,68.64295125,9.423769508,13.49520045,0.021252
7188,Sapwuahfik,0,0,0,138,0,138,0,100,0,0,0.000552
7189,Sapwuahfik,0,0,0,103,0,103,0,100,0,0,0.000412
7190,Sapwuahfik,100924,78320,48042,15437,0,242723,41.57990796,6.359924688,44.40396681,32.26723467,0.970892
7191,Sapwuahfik,24469,48786,8730,8405,0,90390,27.0704724,9.298594977,29.84570348,53.9727846,0.36156
7192,Sapwuahfik,0,0,0,34,0,34,0,100,0,0,0.000136
7193,Sapwuahfik,1151,1493,859,4661,0,8164,14.09848114,57.09211171,32.85755067,18.28760412,0.032656
7194,Sapwuahfik,4690,3936,1825,5552,0,16003,29.30700494,34.69349497,44.87608841,24.59538836,0.064012
7195,Satawan,30238,20141,2338,1507,0,54224,55.76497492,2.779212157,57.35910617,37.14406905,0.216896
7196,Satawan,16185,9059,1584,1117,0,27945,57.91733763,3.997137234,60.328761,32.41724817,0.11178
7197,Satawan,736,1348,621,443,0,3148,23.37992376,14.07242694,27.20887246,42.82083863,0.012592
7198,Satawan,391,880,375,393,0,2039,19.1760667,19.274154,23.7545565,43.15841099,0.008156
7199,Satawan,873,1278,572,528,0,3251,26.85327592,16.24115657,32.06022769,39.31098124,0.013004
7200,Satawan,433,1109,590,479,0,2611,16.58368441,18.34546151,20.30956848,42.47414784,0.010444
7201,Satawan,966,2093,940,855,0,4854,19.90111248,17.61433869,24.15603901,43.11907705,0.019416
7202,Satawan,0,0,0,45,0,45,0,100,0,0,0.00018
7203,Satawan,140,461,350,525,0,1476,9.485094851,35.56910569,14.72134595,31.23306233,0.005904
7204,Satawan,1745,3359,762,770,0,6636,26.29596142,11.60337553,29.7476986,50.61784207,0.026544
7205,Satawan,0,0,0,214,0,214,0,100,0,0,0.000856
7206,Satawan,0,4,100,694,0,798,0,86.96741855,0,0.501253133,0.003192
7207,Satawan,1794,2561,750,294,0,5399,33.22837563,5.445452862,35.14201763,47.43471013,0.021596
7208,Satawan,762,634,489,1007,0,2892,26.34854772,34.82019364,40.42440318,21.92254495,0.011568
7209,Satawan,1342,2967,4754,1584,0,10647,12.60448953,14.87743026,14.8074589,27.86700479,0.042588
7210,Satawan,3321,6979,1951,2137,0,14388,23.08173478,14.85265499,27.10799118,48.50569919,0.057552
7211,Satawan,837,849,1256,1938,0,4880,17.15163934,39.71311475,28.45003399,17.39754098,0.01952
7212,Satawan,2092,2963,1132,585,0,6772,30.89190786,8.638511518,33.81283336,43.75369167,0.027088
7213,Satawan,49,242,697,3586,0,4574,1.071272409,78.3996502,4.95951417,5.29077394,0.018296
7214,Satawan,0,0,0,31,0,31,0,100,0,0,0.000124
7215,Satawan,46,449,527,539,0,1561,2.946828956,34.52914798,4.500978474,28.76361307,0.006244
7216,Satawan,0,0,15,1291,0,1306,0,98.85145482,0,0,0.005224
7217,Satawan,2044,2220,2831,5779,0,12874,15.87696132,44.88892341,28.80902044,17.24405779,0.051496
7218,Satawan,5896,6070,1594,779,0,14339,41.11862752,5.432735895,43.48082596,42.33210126,0.057356
7219,Satawan,23,56,122,635,0,836,2.751196172,75.9569378,11.44278607,6.698564593,0.003344
7220,Satawan,266,260,519,1320,0,2365,11.24735729,55.81395349,25.45454545,10.99365751,0.00946
7221,Satawan,422,825,698,1214,0,3159,13.3586578,38.42988287,21.6966581,26.11585945,0.012636
7222,Satawan,22484,41426,8937,6624,2539,82010,28.29208139,8.335115954,30.86468901,52.12719105,0.32804
7223,Satawan,18,104,258,713,0,1093,1.64684355,65.23330284,4.736842105,9.515096066,0.004372
7224,Satawan,14829,21298,2759,1537,0,40423,36.68456077,3.802290775,38.13454714,52.68782624,0.161692
7225,Satawan,92,116,237,792,0,1237,7.437348424,64.02586904,20.6741573,9.377526273,0.004948
7226,Satawan,4,7,406,1634,0,2051,0.195026816,79.66845441,0.959232614,0.341296928,0.008204
7227,Satawan,0,0,0,91,0,91,0,100,0,0,0.000364
7228,Satawan,5653,3219,764,355,2093,12084,56.58092283,3.553197878,58.66542134,32.2189971,0.048336
7229,Satawan,2,15,72,388,0,477,0.419287212,81.34171908,2.247191011,3.144654088,0.001908
7230,Satawan,1152,576,361,1018,0,3107,37.07756678,32.76472481,55.14600287,18.53878339,0.012428
7231,Satawan,3166,1530,1541,422,0,6659,47.54467638,6.337287881,50.76158409,22.97642289,0.026636
7232,Satawan,100,334,605,848,0,1887,5.299417064,44.9390567,9.624639076,17.70005299,0.007548
7233,Satawan,4388,1787,1227,542,0,7944,55.2366566,6.822759315,59.28127533,22.49496475,0.031776
7234,Satawan,17,45,107,602,0,771,2.204928664,78.08041505,10.0591716,5.836575875,0.003084
7235,Satawan,0,0,77,837,0,914,0,91.57549234,0,0,0.003656
7236,Satawan,18905,7538,3009,1219,0,30671,61.63802941,3.974438395,64.18918919,24.57696195,0.122684
7237,Satawan,0,0,0,246,0,246,0,100,0,0,0.000984
7238,Satawan,0,0,0,64,0,64,0,100,0,0,0.000256
7239,Satawan,0,0,0,406,0,406,0,100,0,0,0.001624
7240,Satawan,0,0,0,46,0,46,0,100,0,0,0.000184
7241,Satawan,0,0,0,140,0,140,0,100,0,0,0.00056
7242,Satawan,0,0,0,115,0,115,0,100,0,0,0.00046
7243,Satawan,24002,45329,15074,5203,4279,93887,26.78555486,5.806401214,28.43670399,50.58588519,0.375548
7244,Satawan,0,0,0,306,0,306,0,100,0,0,0.001224
7245,Satawan,0,0,88,2911,0,2999,0,97.06568856,0,0,0.011996
7246,Satawan,0,0,0,106,0,106,0,100,0,0,0.000424
7247,Satawan,0,0,0,1874,0,1874,0,100,0,0,0.007496
7248,Satawan,0,0,0,38,0,38,0,100,0,0,0.000152
7249,Satawan,0,0,0,115,0,115,0,100,0,0,0.00046
7250,Satawan,1737,1669,1565,53700,0,58671,2.960576776,91.52733037,34.94266747,2.844676246,0.234684
7251,Satawan,731,706,517,965,0,2919,25.04282288,33.05926687,37.41044012,24.18636519,0.011676
7252,Satawan,747,425,384,1073,0,2629,28.41384557,40.81399772,48.00771208,16.16584253,0.010516
7253,Satawan,1062,1191,697,4835,0,7785,13.6416185,62.10661529,36,15.29865125,0.03114
7254,Satawan,0,0,0,136,0,136,0,100,0,0,0.000544
7255,Satawan,1141,559,640,2995,0,5335,21.38706654,56.13870665,48.76068376,10.47797563,0.02134
7256,Satawan,0,0,0,107,0,107,0,100,0,0,0.000428
7257,Satawan,172,372,517,5571,0,6632,2.593486128,84.00180941,16.21112158,5.609167672,0.026528
7258,Satawan,4044,2853,1980,18792,0,27669,14.61563483,67.91716361,45.55593106,10.31117858,0.110676
7259,Satawan,0,0,0,184,0,184,0,100,0,0,0.000736
7260,Satawan,0,0,0,418,0,418,0,100,0,0,0.001672
7261,Satawan,182,303,676,5050,0,6211,2.930284978,81.30735791,15.67614126,4.878441475,0.024844
7262,Satawan,599,552,518,1053,0,2722,22.00587803,38.6847906,35.88975434,20.27920647,0.010888
7263,Satawan,542,492,482,1462,0,2978,18.20013432,49.09335124,35.75197889,16.52115514,0.011912
7264,Satawan,1146,824,481,1768,0,4219,27.16283479,41.90566485,46.75642595,19.53069448,0.016876
7265,Satawan,2928,1406,1897,2298,0,8529,34.32993317,26.94336968,46.99085219,16.48493376,0.034116
7266,Satawan,79,54,172,4624,0,4929,1.60275918,93.81213228,25.90163934,1.095556908,0.019716
7267,Satawan,3145,1574,959,2371,0,8049,39.07317679,29.45707541,55.38922156,19.55522425,0.032196
7268,Satawan,0,62,0,0,0,62,0,0,0,100,0.000248
7269,Satawan,0,73,0,0,0,73,0,0,0,100,0.000292
7270,Satawan,96717,128589,52868,37556,0,315730,30.63281918,11.89497355,34.76852617,40.72752035,1.26292
7271,Satawan,0,0,3,142,0,145,0,97.93103448,0,0,0.00058
7272,Satawan,178,159,207,1030,0,1574,11.30876747,65.43837357,32.72058824,10.10165184,0.006296
7273,Satawan,2,4,245,127,0,378,0.529100529,33.5978836,0.796812749,1.058201058,0.001512
7274,Satawan,8277,5916,3516,5557,0,23266,35.57551792,23.88463853,46.7389463,25.42766268,0.093064
7275,Satawan,0,0,13,448,0,461,0,97.18004338,0,0,0.001844
7276,Satawan,0,5,31,13,0,49,0,26.53061224,0,10.20408163,0.000196
7277,Satawan,111656,84834,71902,113644,0,382036,29.22656504,29.74693484,41.60183612,22.20576071,1.528144
7278,Sikaiana,0,0,2,77,0,79,0,97.46835443,0,0,0.000316
7279,Sikaiana,0,0,0,50,0,50,0,100,0,0,0.0002
7280,Sikaiana,25984,18553,2506,5135,4943,57121,49.79876576,9.841312431,55.23457263,35.55713136,0.228484
7281,Sikaiana,2,33,0,0,0,35,5.714285714,0,5.714285714,94.28571429,0.00014
7282,Sikaiana,1365,9182,470,522,950,12489,11.82944796,4.52378889,12.38994282,79.5736199,0.049956
7283,Sikaiana,0,0,0,35,0,35,0,100,0,0,0.00014
7284,Sikaiana,0,0,83,244,0,327,0,74.617737,0,0,0.001308
7285,Sikaiana,0,0,1,52,0,53,0,98.11320755,0,0,0.000212
7286,Sikaiana,0,0,7,329,0,336,0,97.91666667,0,0,0.001344
7287,Sikaiana,0,0,2,26,0,28,0,92.85714286,0,0,0.000112
7288,Sikaiana,0,0,50,41,0,91,0,45.05494505,0,0,0.000364
7289,Sikaiana,0,0,0,0,25,25,0,0,0,0,0.0001
7290,Sikaiana,0,0,104,60,0,164,0,36.58536585,0,0,0.000656
7291,Sikaiana,0,0,0,37,0,37,0,100,0,0,0.000148
7292,Sikaiana,0,0,0,37,0,37,0,100,0,0,0.000148
7293,Sikaiana,0,0,10,89,0,99,0,89.8989899,0,0,0.000396
7294,Sikaiana,0,0,63,5,0,68,0,7.352941176,0,0,0.000272
7295,Sikaiana,0,0,16,61,0,77,0,79.22077922,0,0,0.000308
7296,Sikaiana,0,0,8,22,0,30,0,73.33333333,0,0,0.00012
7297,Sikaiana,146369,76098,29811,31094,70572,353944,51.652598,10.97285547,58.0189315,26.8544528,1.415776
7298,Sikaiana,10436,6584,1084,2420,0,20524,50.84778796,11.79107386,57.6447194,32.07951666,0.082096
7299,Sonsorol,16126,286730,8484,18053,0,329393,4.895671736,5.480687203,5.179546477,87.04799434,1.317572
7300,Sorol,5968,11510,3779,7978,0,29235,20.41388746,27.28920814,28.0754575,39.37061741,0.11694
7301,Sorol,1396,1792,4278,5837,0,13303,10.49387356,43.87732091,18.69809804,13.47064572,0.053212
7302,Sorol,332,1929,1352,3168,0,6781,4.896033033,46.71877304,9.189039579,28.44713169,0.027124
7303,Sorol,0,0,0,2770,0,2770,0,100,0,0,0.01108
7304,Sorol,0,0,0,151,0,151,0,100,0,0,0.000604
7305,Sorol,0,0,0,203,0,203,0,100,0,0,0.000812
7306,Sorol,0,0,0,100,0,100,0,100,0,0,0.0004
7307,Sorol,290,3158,1398,7875,0,12721,2.279694993,61.90551057,5.984316962,24.82509237,0.050884
7308,Sorol,65880,65688,6679,17740,0,155987,42.23428875,11.3727426,47.65383697,42.11120157,0.623948
7309,Sorol,0,0,275,9500,0,9775,0,97.18670077,0,0,0.0391
7310,Suf,0,0,0,85,0,85,0,100,0,0,0.00034
7311,Suf,0,0,33,0,0,33,0,0,0,0,0.000132
7312,Suf,0,0,169,0,0,169,0,0,0,0,0.000676
7313,Suf,0,0,30,13,0,43,0,30.23255814,0,0,0.000172
7314,Suf,278808,284792,36744,15506,75500,691350,45.272063,2.517820898,46.44137361,46.24372818,2.7654
7315,Suf,5518,15174,1034,320,0,22046,25.02948381,1.451510478,25.39814048,68.82881248,0.088184
7316,Surprise,2,755,35879,18342,0,54978,0.003637819,33.36243588,0.005459111,1.373276583,0.219912
7317,Surprise,4,222,33479,11231,0,44936,0.008901549,24.99332384,0.011867675,0.494035962,0.179744
7318,Surprise,0,0,0,2801,0,2801,0,100,0,0,0.011204
7319,Surprise,0,0,414,4028,0,4442,0,90.67987393,0,0,0.017768
7320,Suwarrow,0,0,0,86,0,86,0,100,0,0,0.000344
7321,Suwarrow,6821,14261,6380,14225,1996,43683,16.36241514,34.12334781,24.83795791,34.20970566,0.174732
7322,Suwarrow,564,8731,8490,12362,8356,38503,1.870832919,41.00573855,3.171211695,28.96142236,0.154012
7323,Suwarrow,202,1981,2582,5170,0,9935,2.033215903,52.03824862,4.239244491,19.93960745,0.03974
7324,Suwarrow,50,106,2343,3036,0,5535,0.903342367,54.85094851,2.00080032,1.915085818,0.02214
7325,Suwarrow,5,6,127,245,0,383,1.305483029,63.96866841,3.623188406,1.566579634,0.001532
7326,Suwarrow,5,4,712,2104,0,2825,0.17699115,74.47787611,0.693481276,0.14159292,0.0113
7327,Suwarrow,172,738,4205,8715,736,14566,1.243673174,63.01518438,3.362658847,5.336225597,0.058264
7328,Suwarrow,0,0,12,611,0,623,0,98.07383628,0,0,0.002492
7329,Suwarrow,6,5,326,1587,0,1924,0.311850312,82.48440748,1.78041543,0.25987526,0.007696
7330,Suwarrow,0,0,112,289,0,401,0,72.06982544,0,0,0.001604
7331,Suwarrow,0,0,57,23,0,80,0,28.75,0,0,0.00032
7332,Suwarrow,1045,2073,14089,15075,0,32282,3.237098073,46.6978502,6.073109781,6.421535221,0.129128
7333,Suwarrow,38,3,4197,26814,1717,32769,0.12237537,86.3519258,0.896649363,0.009661213,0.131076
7334,Suwarrow,35,10,1688,2191,0,3924,0.891946993,55.83588175,2.019619158,0.254841998,0.015696
7335,Suwarrow,0,0,1395,4744,0,6139,0,77.27642939,0,0,0.024556
7336,Suwarrow,91,59,4449,18955,0,23554,0.386346268,80.47465399,1.97869102,0.25048824,0.094216
7337,Suwarrow,17523,6113,6995,7638,1102,39371,45.78901983,19.95871332,57.20675133,15.97376467,0.157484
7338,Suwarrow,0,0,240,7012,0,7252,0,96.69056812,0,0,0.029008
7339,Suwarrow,46,7,835,2744,0,3632,1.266519824,75.55066079,5.18018018,0.192731278,0.014528
7340,Suwarrow,1,0,284,1338,0,1623,0.061614295,82.43992606,0.350877193,0,0.006492
7341,Suwarrow,6574,22874,3738,11142,4011,48339,14.83035553,25.13535463,19.80955825,51.60169644,0.193356
7342,Suwarrow,0,0,0,167,0,167,0,100,0,0,0.000668
7343,Suwarrow,24,4,441,1010,0,1479,1.622718053,68.28938472,5.117270789,0.270453009,0.005916
7344,Suwarrow,13,2,616,5995,0,6626,0.1961968,90.47690915,2.06022187,0.030184123,0.026504
7345,Suwarrow,102,695,1058,3716,0,5571,1.83091007,66.70256686,5.498652291,12.47531861,0.022284
7346,Suwarrow,0,0,1,29,0,30,0,96.66666667,0,0,0.00012
7347,Suwarrow,232,937,1048,1597,1451,5265,6.082852648,41.87205034,10.46459179,24.56738332,0.02106
7348,Suwarrow,0,0,1,116,0,117,0,99.14529915,0,0,0.000468
7349,Suwarrow,23,59,1126,1453,0,2661,0.864336716,54.60353251,1.90397351,2.217211575,0.010644
7350,Suwarrow,21,24,564,2176,0,2785,0.754039497,78.13285458,3.448275862,0.861759425,0.01114
7351,Suwarrow,0,0,0,29,0,29,0,100,0,0,0.000116
7352,Suwarrow,3636,16006,2089,14230,2297,38258,10.11095353,39.57064598,16.73185771,44.50932955,0.153032
7353,Suwarrow,291,293,549,2216,0,3349,8.689160944,66.16900567,25.68402471,8.748880263,0.013396
7354,Suwarrow,192,265,640,9194,0,10291,1.8657079,89.34020017,17.50227894,2.575065591,0.041164
7355,Tabiteuea,0,0,0,30,0,30,0,100,0,0,0.00012
7356,Tabiteuea,2,1,19,4,0,26,7.692307692,15.38461538,9.090909091,3.846153846,0.000104
7357,Tabiteuea,94,16,21,11,0,142,66.1971831,7.746478873,71.75572519,11.26760563,0.000568
7358,Tabiteuea,0,2,20,14,0,36,0,38.88888889,0,5.555555556,0.000144
7359,Tabiteuea,0,0,42,19,0,61,0,31.14754098,0,0,0.000244
7360,Tabiteuea,1,0,27,5,0,33,3.03030303,15.15151515,3.571428571,0,0.000132
7361,Tabiteuea,0,0,1,90,0,91,0,98.9010989,0,0,0.000364
7362,Tabiteuea,0,0,27,0,0,27,0,0,0,0,0.000108
7363,Tabiteuea,0,0,8,372,0,380,0,97.89473684,0,0,0.00152
7364,Tabiteuea,0,0,90,1,0,91,0,1.098901099,0,0,0.000364
7365,Tabiteuea,21,15,335,9,0,380,5.526315789,2.368421053,5.660377358,3.947368421,0.00152
7366,Tabiteuea,1,0,145,0,0,146,0.684931507,0,0.684931507,0,0.000584
7367,Tabiteuea,1,6,32,0,0,39,2.564102564,0,2.564102564,15.38461538,0.000156
7368,Tabiteuea,81,82,804,215,0,1182,6.852791878,18.18950931,8.376421923,6.937394247,0.004728
7369,Tabiteuea,8,5,13,0,0,26,30.76923077,0,30.76923077,19.23076923,0.000104
7370,Tabiteuea,16,27,252,0,0,295,5.423728814,0,5.423728814,9.152542373,0.00118
7371,Tabiteuea,0,0,0,52,0,52,0,100,0,0,0.000208
7372,Tabiteuea,1,0,18,8,0,27,3.703703704,29.62962963,5.263157895,0,0.000108
7373,Tabiteuea,631,366,3460,4393,0,8850,7.129943503,49.63841808,14.15750505,4.13559322,0.0354
7374,Tabiteuea,2010971,746874,1251247,827975,0,4837067,41.57418121,17.11729443,50.16026073,15.44063789,19.348268
7375,Tabiteuea,0,0,410,3763,0,4173,0,90.1749341,0,0,0.016692
7376,Tabiteuea,199858,50309,195347,184292,0,629806,31.73326389,29.26170916,44.86009418,7.988015357,2.519224
7377,Tabiteuea,0,0,44,657,0,701,0,93.7232525,0,0,0.002804
7378,Tabiteuea,3,0,355,654,0,1012,0.296442688,64.62450593,0.837988827,0,0.004048
7379,Tabiteuea,5511,3824,11707,6797,0,27839,19.79596968,24.41538848,26.19047619,13.73612558,0.111356
7380,Tabiteuea,90992,21836,100266,85851,0,298945,30.43770593,28.7179916,42.70040452,7.304353644,1.19578
7381,Tabiteuea,2,0,611,5006,0,5619,0.035593522,89.09058551,0.326264274,0,0.022476
7382,Tabiteuea,0,0,1012,3582,0,4594,0,77.97126687,0,0,0.018376
7383,Tabiteuea,0,0,312,1082,0,1394,0,77.61836442,0,0,0.005576
7384,Tabiteuea,2,140,2405,4084,0,6631,0.030161363,61.58950385,0.078523753,2.111295431,0.026524
7385,Tabiteuea,4196,2868,13882,12494,0,33440,12.54784689,37.36244019,20.03246443,8.576555024,0.13376
7386,Tabiteuea,2798,1778,6904,8993,0,20473,13.66678064,43.92614663,24.3728223,8.684608997,0.081892
7387,Tabiteuea,1968,1299,30299,32105,0,65671,2.996756559,48.88763686,5.863075731,1.978042058,0.262684
7388,Tabiteuea,7757,2202,6672,10061,0,26692,29.06114192,37.69294171,46.64181348,8.24966282,0.106768
7389,Tabiteuea,3782,1167,4327,5934,0,15210,24.86522025,39.01380671,40.77188443,7.672583826,0.06084
7390,Tabiteuea,0,0,0,45,0,45,0,100,0,0,0.00018
7391,Tabiteuea,0,0,0,113,0,113,0,100,0,0,0.000452
7392,Tabiteuea,0,0,0,1026,0,1026,0,100,0,0,0.004104
7393,Tabiteuea,5345,6949,10077,11244,0,33615,15.9006396,33.44935297,23.89253945,20.67231891,0.13446
7394,Tabiteuea,1266,3270,9758,9347,0,23641,5.355103422,39.53724462,8.856863019,13.8319022,0.094564
7395,Tabiteuea,0,0,0,78,0,78,0,100,0,0,0.000312
7396,Tabiteuea,198,54,1889,5923,0,8064,2.455357143,73.44990079,9.248014946,0.669642857,0.032256
7397,Tabiteuea,602,144,3697,5613,0,10056,5.986475736,55.81742243,13.54940356,1.431980907,0.040224
7398,Tabiteuea,20725,6657,13987,18785,0,60154,34.45323669,31.228181,50.09789939,11.06659574,0.240616
7399,Tabiteuea,17596,28040,37160,31913,414,115123,15.33968564,27.82083359,21.25223441,24.44446382,0.460492
7400,Tabiteuea,0,0,21,11,0,32,0,34.375,0,0,0.000128
7401,Tabiteuea,8350,14826,19903,13725,7308,64112,14.69966904,24.16203084,19.38299403,26.10027463,0.256448
7402,Tabiteuea,0,0,14,29,0,43,0,67.44186047,0,0,0.000172
7403,Tabiteuea,0,0,3,70,0,73,0,95.89041096,0,0,0.000292
7404,Tabiteuea,20013,22397,39120,25078,0,106608,18.77251238,23.52356296,24.54679259,21.00874231,0.426432
7405,Tabiteuea,0,0,45,40,0,85,0,47.05882353,0,0,0.00034
7406,Tabiteuea,0,0,0,36,0,36,0,100,0,0,0.000144
7407,Tabiteuea,11782,5402,15955,18677,0,51816,22.73815038,36.04485101,35.5532756,10.42535124,0.207264
7408,Tabiteuea,9167,10095,16613,11858,0,47733,19.20474305,24.84235225,25.55261324,21.1488907,0.190932
7409,Tabiteuea,1,43,5116,4518,0,9678,0.010332713,46.68319901,0.019379845,0.444306675,0.038712
7410,Tabiteuea,7605,27441,26410,37610,0,99066,7.676700382,37.96458926,12.37470711,27.69971534,0.396264
7411,Tabiteuea,54335,61622,29827,56837,0,202621,26.81607533,28.05089305,37.27089393,30.41244491,0.810484
7412,Tabiteuea,2829,4595,9132,22195,0,38751,7.300456762,57.27594127,17.08746074,11.85775851,0.155004
7413,Tabiteuea,944,7716,6698,12731,0,28089,3.3607462,45.32379223,6.146633676,27.46982805,0.112356
7414,Tabiteuea,1575,11681,7233,11025,0,31514,4.997778765,34.98445135,7.687051589,37.06606588,0.126056
7415,Tabiteuea,3722,4355,6511,17619,0,32207,11.55649393,54.7054988,25.5141212,13.52190518,0.128828
7416,Tabiteuea,21,130,723,9514,0,10388,0.202156334,91.5864459,2.402745995,1.251443974,0.041552
7417,Tabiteuea,4310,13265,16027,18529,0,52131,8.267633462,35.54315091,12.82661746,25.44551227,0.208524
7418,Tabiteuea,17309,25823,22705,57894,0,123731,13.98921855,46.79021426,26.29068761,20.87027503,0.494924
7419,Tabiteuea,2934,1782,3355,8013,0,16084,18.24173091,49.81969659,36.35237269,11.0793335,0.064336
7420,Tabiteuea,6105,5131,5620,12604,0,29460,20.72301426,42.78343517,36.21855719,17.41683639,0.11784
7421,Tabiteuea,0,0,14,1503,0,1517,0,99.07712591,0,0,0.006068
7422,Tabiteuea,0,0,0,10930,0,10930,0,100,0,0,0.04372
7423,Tabiteuea,0,4,41,2583,0,2628,0,98.28767123,0,0.152207002,0.010512
7424,Tabiteuea,0,0,9,1888,0,1897,0,99.52556668,0,0,0.007588
7425,Tabiteuea,0,0,0,28,0,28,0,100,0,0,0.000112
7426,Tabiteuea,21883,16296,25122,32525,0,95826,22.83618225,33.94172771,34.56975403,17.00582305,0.383304
7427,Tabiteuea,12153,8851,10898,43011,0,74913,16.22281847,57.41460094,38.0947903,11.81503878,0.299652
7428,Tabiteuea,9573,8053,15697,33234,0,66557,14.3831603,49.93314002,28.72790565,12.09940352,0.266228
7429,Tabiteuea,28695,19022,15609,33055,0,96381,29.77246553,34.29617871,45.31314152,19.73625507,0.385524
7430,Tabiteuea,42670,17768,21900,55536,0,137874,30.94854722,40.28025589,51.8229736,12.88712883,0.551496
7431,Tabiteuea,0,0,0,37,0,37,0,100,0,0,0.000148
7432,Tabiteuea,39,126,1520,11573,0,13258,0.294162015,87.29069241,2.314540059,0.950369588,0.053032
7433,Tabiteuea,1,0,119,113,0,233,0.429184549,48.49785408,0.833333333,0,0.000932
7434,Tabiteuea,0,0,0,48,0,48,0,100,0,0,0.000192
7435,Tabiteuea,282701,183736,189761,282709,15706,954613,30.10958487,30.11043692,43.08166133,19.56913731,3.818452
7436,Tabiteuea,0,0,0,50,0,50,0,100,0,0,0.0002
7437,Tabiteuea,30969,29613,47384,59084,0,167050,18.53876085,35.36905118,28.68403016,17.72702784,0.6682
7438,Tabiteuea,28254,21815,16613,23509,0,90191,31.32685079,26.0657937,42.37125461,24.18755752,0.360764
7439,Tabiteuea,0,0,0,44,0,44,0,100,0,0,0.000176
7440,Tabiteuea,0,0,0,26,0,26,0,100,0,0,0.000104
7441,Tabiteuea,0,0,0,162,0,162,0,100,0,0,0.000648
7442,Tabiteuea,0,0,15,43,0,58,0,74.13793103,0,0,0.000232
7443,Tabiteuea,0,0,16,15,0,31,0,48.38709677,0,0,0.000124
7444,Tabiteuea,7,0,28,56,0,91,7.692307692,61.53846154,20,0,0.000364
7445,Tabiteuea,7,0,16,6,0,29,24.13793103,20.68965517,30.43478261,0,0.000116
7446,Tabiteuea,39,3,152,128,0,322,12.11180124,39.7515528,20.10309278,0.931677019,0.001288
7447,Tabiteuea,4,0,4,17,0,25,16,68,50,0,0.0001
7448,Tabiteuea,2,0,42,3,0,47,4.255319149,6.382978723,4.545454545,0,0.000188
7449,Tabiteuea,0,0,0,98,0,98,0,100,0,0,0.000392
7450,Tabiteuea,478198,199080,320044,300176,0,1297498,36.855394,23.13498749,47.94820529,15.34337625,5.189992
7451,Tabiteuea,0,0,0,111,0,111,0,100,0,0,0.000444
7452,Tabiteuea,125136,33256,55758,89053,0,303203,41.27135945,29.37075161,58.43380808,10.96822921,1.212812
7453,Tabiteuea,24,71,569,875,0,1539,1.559454191,56.85510071,3.614457831,4.613385315,0.006156
7454,Tabuaeran,0,0,0,2269,0,2269,0,100,0,0,0.009076
7455,Tabuaeran,0,0,12,33,0,45,0,73.33333333,0,0,0.00018
7456,Tabuaeran,0,0,46,2,0,48,0,4.166666667,0,0,0.000192
7457,Tabuaeran,0,0,23,4,0,27,0,14.81481481,0,0,0.000108
7458,Tabuaeran,0,0,9,17,0,26,0,65.38461538,0,0,0.000104
7459,Tabuaeran,0,0,37,10,0,47,0,21.27659574,0,0,0.000188
7460,Tabuaeran,0,0,4,3110,0,3114,0,99.87154785,0,0,0.012456
7461,Tabuaeran,0,0,20,15,0,35,0,42.85714286,0,0,0.00014
7462,Tabuaeran,0,0,47,81,0,128,0,63.28125,0,0,0.000512
7463,Tabuaeran,1,0,18,39,0,58,1.724137931,67.24137931,5.263157895,0,0.000232
7464,Tabuaeran,0,1,38,38,0,77,0,49.35064935,0,1.298701299,0.000308
7465,Tabuaeran,5,0,137,335,0,477,1.048218029,70.23060797,3.521126761,0,0.001908
7466,Tabuaeran,0,26,70,899,0,995,0,90.35175879,0,2.613065327,0.00398
7467,Tabuaeran,0,0,0,36,0,36,0,100,0,0,0.000144
7468,Tabuaeran,0,0,48,8,0,56,0,14.28571429,0,0,0.000224
7469,Tabuaeran,10,143,330,4534,0,5017,0.199322304,90.37273271,2.070393375,2.85030895,0.020068
7470,Tabuaeran,0,0,0,40,0,40,0,100,0,0,0.00016
7471,Tabuaeran,0,0,13,34,0,47,0,72.34042553,0,0,0.000188
7472,Tabuaeran,0,0,0,135,0,135,0,100,0,0,0.00054
7473,Tabuaeran,0,0,45,19,0,64,0,29.6875,0,0,0.000256
7474,Tabuaeran,0,0,0,54,0,54,0,100,0,0,0.000216
7475,Tabuaeran,0,0,0,249,0,249,0,100,0,0,0.000996
7476,Tabuaeran,0,0,1,24,0,25,0,96,0,0,0.0001
7477,Tabuaeran,0,0,0,77,0,77,0,100,0,0,0.000308
7478,Tabuaeran,0,0,0,38,0,38,0,100,0,0,0.000152
7479,Tabuaeran,0,14,357,17,0,388,0,4.381443299,0,3.608247423,0.001552
7480,Tabuaeran,0,0,0,30,0,30,0,100,0,0,0.00012
7481,Tabuaeran,0,0,0,496,0,496,0,100,0,0,0.001984
7482,Tabuaeran,0,4,231,195,0,430,0,45.34883721,0,0.930232558,0.00172
7483,Tabuaeran,0,0,0,881,0,881,0,100,0,0,0.003524
7484,Tabuaeran,0,0,0,229,0,229,0,100,0,0,0.000916
7485,Tabuaeran,0,0,0,94,0,94,0,100,0,0,0.000376
7486,Tabuaeran,0,0,0,45,0,45,0,100,0,0,0.00018
7487,Tabuaeran,0,0,0,409,0,409,0,100,0,0,0.001636
7488,Tabuaeran,0,0,0,57,0,57,0,100,0,0,0.000228
7489,Tabuaeran,0,0,0,38,0,38,0,100,0,0,0.000152
7490,Tabuaeran,0,0,2,85,0,87,0,97.70114943,0,0,0.000348
7491,Tabuaeran,0,0,0,168,0,168,0,100,0,0,0.000672
7492,Tabuaeran,0,0,0,105,0,105,0,100,0,0,0.00042
7493,Tabuaeran,0,0,0,59,0,59,0,100,0,0,0.000236
7494,Tabuaeran,0,0,0,730,0,730,0,100,0,0,0.00292
7495,Tabuaeran,0,0,0,34,0,34,0,100,0,0,0.000136
7496,Tabuaeran,0,0,0,224,0,224,0,100,0,0,0.000896
7497,Tabuaeran,0,0,0,261,0,261,0,100,0,0,0.001044
7498,Tabuaeran,0,0,7,795,0,802,0,99.12718204,0,0,0.003208
7499,Tabuaeran,0,0,0,70,0,70,0,100,0,0,0.00028
7500,Tabuaeran,0,0,1,41,0,42,0,97.61904762,0,0,0.000168
7501,Tabuaeran,0,0,0,96,0,96,0,100,0,0,0.000384
7502,Tabuaeran,147212,75283,27463,81283,0,331241,44.44256599,24.53893087,58.89469431,22.7275609,1.324964
7503,Tabuaeran,1695,800,2798,110612,0,115905,1.462404555,95.43332902,32.02342717,0.690220439,0.46362
7504,Tabuaeran,0,0,0,43,0,43,0,100,0,0,0.000172
7505,Tabuaeran,0,0,0,88,0,88,0,100,0,0,0.000352
7506,Tabuaeran,0,0,0,43,0,43,0,100,0,0,0.000172
7507,Tabuaeran,0,0,0,29,0,29,0,100,0,0,0.000116
7508,Tabuaeran,0,0,9,188,0,197,0,95.43147208,0,0,0.000788
7509,Tabuaeran,0,0,0,663,0,663,0,100,0,0,0.002652
7510,Tabuaeran,0,0,0,82,0,82,0,100,0,0,0.000328
7511,Tabuaeran,0,0,1,37,0,38,0,97.36842105,0,0,0.000152
7512,Tabuaeran,59,39,92,140,0,330,17.87878788,42.42424242,31.05263158,11.81818182,0.00132
7513,Tabuaeran,0,0,21,6,0,27,0,22.22222222,0,0,0.000108
7514,Tabuaeran,0,0,0,78,0,78,0,100,0,0,0.000312
7515,Tabuaeran,0,0,0,149,0,149,0,100,0,0,0.000596
7516,Tabuaeran,0,0,0,72,0,72,0,100,0,0,0.000288
7517,Tabuaeran,0,0,0,29,0,29,0,100,0,0,0.000116
7518,Tabuaeran,0,0,0,93,0,93,0,100,0,0,0.000372
7519,Tabuaeran,0,0,0,34,0,34,0,100,0,0,0.000136
7520,Tabuaeran,0,0,2,148,0,150,0,98.66666667,0,0,0.0006
7521,Tabuaeran,0,0,0,30,0,30,0,100,0,0,0.00012
7522,Tabuaeran,0,0,34,6,0,40,0,15,0,0,0.00016
7523,Tabuaeran,0,0,63,5,0,68,0,7.352941176,0,0,0.000272
7524,Tabuaeran,0,0,0,145,0,145,0,100,0,0,0.00058
7525,Tabuaeran,0,0,97,11,0,108,0,10.18518519,0,0,0.000432
7526,Tabuaeran,0,1,63,2,0,66,0,3.03030303,0,1.515151515,0.000264
7527,Tabuaeran,0,0,2,75,0,77,0,97.4025974,0,0,0.000308
7528,Tabuaeran,0,0,0,138,0,138,0,100,0,0,0.000552
7529,Tabuaeran,0,0,5,53,0,58,0,91.37931034,0,0,0.000232
7530,Tabuaeran,0,0,0,34,0,34,0,100,0,0,0.000136
7531,Tabuaeran,0,0,0,35,0,35,0,100,0,0,0.00014
7532,Tabuaeran,12,36,205,817,0,1070,1.121495327,76.35514019,4.743083004,3.364485981,0.00428
7533,Tabuaeran,0,0,29,0,0,29,0,0,0,0,0.000116
7534,Tabuaeran,0,0,49,9,0,58,0,15.51724138,0,0,0.000232
7535,Tabuaeran,0,0,45,30,0,75,0,40,0,0,0.0003
7536,Tabuaeran,0,0,0,59,0,59,0,100,0,0,0.000236
7537,Tabuaeran,0,0,0,42,0,42,0,100,0,0,0.000168
7538,Tabuaeran,0,0,0,113,0,113,0,100,0,0,0.000452
7539,Tabuaeran,0,0,0,44,0,44,0,100,0,0,0.000176
7540,Tabuaeran,723205,330522,337156,941493,0,2332376,31.00722182,40.3662617,51.99610607,14.17104275,9.329504
7541,Tabuaeran,601618,796994,245946,418140,0,2062698,29.16655759,20.27150848,36.58235222,38.63842404,8.250792
7542,Tabuaeran,2830,139,649,3843,0,7461,37.93057231,51.50784077,78.22001106,1.863021043,0.029844
7543,Tabuaeran,0,0,0,123,0,123,0,100,0,0,0.000492
7544,Tabuaeran,0,0,0,38,0,38,0,100,0,0,0.000152
7545,Tabuaeran,0,3,26,42,0,71,0,59.15492958,0,4.225352113,0.000284
7546,Tabuaeran,0,0,0,69,0,69,0,100,0,0,0.000276
7547,Tabuaeran,0,0,0,542,0,542,0,100,0,0,0.002168
7548,Tabuaeran,0,0,0,866,0,866,0,100,0,0,0.003464
7549,Tabuaeran,0,0,0,204,0,204,0,100,0,0,0.000816
7550,Tabuaeran,0,0,0,3916,0,3916,0,100,0,0,0.015664
7551,Tabuaeran,0,0,0,301,0,301,0,100,0,0,0.001204
7552,Tabuaeran,38,271,347,1358,0,2014,1.886792453,67.42800397,5.792682927,13.45580933,0.008056
7553,Tabuaeran,0,0,0,71,0,71,0,100,0,0,0.000284
7554,Tabuaeran,0,0,0,66,0,66,0,100,0,0,0.000264
7555,Tabuaeran,0,0,0,57,0,57,0,100,0,0,0.000228
7556,Tabuaeran,0,0,0,112,0,112,0,100,0,0,0.000448
7557,Tabuaeran,0,0,0,54,0,54,0,100,0,0,0.000216
7558,Tabuaeran,0,0,0,86,0,86,0,100,0,0,0.000344
7559,Tabuaeran,0,0,0,192,0,192,0,100,0,0,0.000768
7560,Tabuaeran,0,0,0,110,0,110,0,100,0,0,0.00044
7561,Tabuaeran,2,3,17,25,0,47,4.255319149,53.19148936,9.090909091,6.382978723,0.000188
7562,Tabuaeran,0,0,0,41,0,41,0,100,0,0,0.000164
7563,Tabuaeran,0,0,0,543,0,543,0,100,0,0,0.002172
7564,Tabuaeran,20,7,38,43,0,108,18.51851852,39.81481481,30.76923077,6.481481481,0.000432
7565,Tabuaeran,36,38,158,549,0,781,4.609475032,70.29449424,15.51724138,4.865556978,0.003124
7566,Tabuaeran,17,5,18,12,0,52,32.69230769,23.07692308,42.5,9.615384615,0.000208
7567,Tabuaeran,58,11,63,91,0,223,26.00896861,40.80717489,43.93939394,4.932735426,0.000892
7568,Tabuaeran,0,0,0,390,0,390,0,100,0,0,0.00156
7569,Tabuaeran,0,0,0,1208,0,1208,0,100,0,0,0.004832
7570,Tabuaeran,0,0,0,43,0,43,0,100,0,0,0.000172
7571,Tabuaeran,59436,107007,71480,69185,0,307108,19.35345221,22.52790549,24.98119139,34.8434427,1.228432
7572,Tabuaeran,0,0,0,2230,0,2230,0,100,0,0,0.00892
7573,Tabuaeran,0,0,0,125,0,125,0,100,0,0,0.0005
7574,Tabuaeran,0,0,0,72,0,72,0,100,0,0,0.000288
7575,Tabuaeran,0,0,0,108,0,108,0,100,0,0,0.000432
7576,Tabuaeran,0,0,0,36,0,36,0,100,0,0,0.000144
7577,Tabuaeran,0,15,71,123,0,209,0,58.85167464,0,7.177033493,0.000836
7578,Tabuaeran,0,0,0,181,0,181,0,100,0,0,0.000724
7579,Tabuaeran,0,0,0,35,0,35,0,100,0,0,0.00014
7580,Tabuaeran,0,0,0,266,0,266,0,100,0,0,0.001064
7581,Tabuaeran,0,0,0,250,0,250,0,100,0,0,0.001
7582,Tabuaeran,0,0,0,2576,0,2576,0,100,0,0,0.010304
7583,Tabuaeran,0,0,295,12,0,307,0,3.908794788,0,0,0.001228
7584,Tabuaeran,0,0,0,143,0,143,0,100,0,0,0.000572
7585,Tabuaeran,0,0,0,854,0,854,0,100,0,0,0.003416
7586,Tabuaeran,10,6,43,111,0,170,5.882352941,65.29411765,16.94915254,3.529411765,0.00068
7587,Tabuaeran,0,1,61,116,0,178,0,65.16853933,0,0.561797753,0.000712
7588,Tabuaeran,0,0,31,39,0,70,0,55.71428571,0,0,0.00028
7589,Tabuaeran,1,0,27,23,0,51,1.960784314,45.09803922,3.571428571,0,0.000204
7590,Tabuaeran,0,0,0,66,0,66,0,100,0,0,0.000264
7591,Tabuaeran,0,0,0,38,0,38,0,100,0,0,0.000152
7592,Tabuaeran,0,0,0,95,0,95,0,100,0,0,0.00038
7593,Tabuaeran,0,0,0,100,0,100,0,100,0,0,0.0004
7594,Tabuaeran,0,0,0,26,0,26,0,100,0,0,0.000104
7595,Tabuaeran,0,0,1,146,0,147,0,99.31972789,0,0,0.000588
7596,Tabuaeran,0,0,157,40,0,197,0,20.30456853,0,0,0.000788
7597,Tabuaeran,0,0,41,3,0,44,0,6.818181818,0,0,0.000176
7598,Tabuaeran,0,0,0,124,0,124,0,100,0,0,0.000496
7599,Tabuaeran,0,0,158,6,0,164,0,3.658536585,0,0,0.000656
7600,Tabuaeran,0,0,283,508,0,791,0,64.22250316,0,0,0.003164
7601,Tabuaeran,0,0,1,241,0,242,0,99.58677686,0,0,0.000968
7602,Tabuaeran,0,0,0,210,0,210,0,100,0,0,0.00084
7603,Tabuaeran,0,0,6,111,0,117,0,94.87179487,0,0,0.000468
7604,Tabuaeran,0,0,2,43,0,45,0,95.55555556,0,0,0.00018
7605,Tabuaeran,0,0,3,169,0,172,0,98.25581395,0,0,0.000688
7606,Tabuaeran,1,0,15,52,0,68,1.470588235,76.47058824,6.25,0,0.000272
7607,Tabuaeran,0,0,350,11,0,361,0,3.047091413,0,0,0.001444
7608,Tabuaeran,0,0,0,44,0,44,0,100,0,0,0.000176
7609,Tabuaeran,0,0,1,178,0,179,0,99.44134078,0,0,0.000716
7610,Tabuaeran,0,0,4,36,0,40,0,90,0,0,0.00016
7611,Tabuaeran,0,0,19,39,0,58,0,67.24137931,0,0,0.000232
7612,Tabuaeran,0,0,0,56,0,56,0,100,0,0,0.000224
7613,Tabuaeran,0,0,7,202,0,209,0,96.6507177,0,0,0.000836
7614,Tabuaeran,0,0,0,28,0,28,0,100,0,0,0.000112
7615,Tabuaeran,0,0,38,0,0,38,0,0,0,0,0.000152
7616,Tabuaeran,0,0,458,0,0,458,0,0,0,0,0.001832
7617,Tabuaeran,0,0,48,1,0,49,0,2.040816327,0,0,0.000196
7618,Tabuaeran,0,0,134,0,0,134,0,0,0,0,0.000536
7619,Tabuaeran,0,0,138,0,0,138,0,0,0,0,0.000552
7620,Tabuaeran,905184,698663,612013,1158235,0,3374095,26.8274604,34.32727887,40.85023422,20.70667838,13.49638
7621,Taenga,0,0,2,209,0,211,0,99.0521327,0,0,0.000844
7622,Taenga,71599,53176,180463,480956,0,786194,9.107039738,61.17523156,23.45677799,6.763724984,3.144776
7623,Taenga,0,0,0,26,0,26,0,100,0,0,0.000104
7624,Taenga,9847,12959,20686,16705,0,60197,16.35795804,27.75055235,22.64094546,21.52765088,0.240788
7625,Taenga,67,236,1739,8804,0,10846,0.617739259,81.17278259,3.281096964,2.175917389,0.043384
7626,Taenga,776,735,2064,7192,0,10767,7.207207207,66.7966936,21.70629371,6.826414043,0.043068
7627,Taenga,35,100,990,3577,0,4702,0.7443641,76.07401106,3.111111111,2.126754573,0.018808
7628,Taenga,0,0,0,30,0,30,0,100,0,0,0.00012
7629,Taenga,0,0,8,119,0,127,0,93.7007874,0,0,0.000508
7630,Taenga,0,0,0,104,0,104,0,100,0,0,0.000416
7631,Taenga,11,6,563,5255,0,5835,0.188517566,90.05998286,1.896551724,0.102827763,0.02334
7632,Taenga,0,0,0,78,0,78,0,100,0,0,0.000312
7633,Taenga,1174,159,689,3457,0,5479,21.42726775,63.09545538,58.06132542,2.901989414,0.021916
7634,Taenga,0,0,2,30,0,32,0,93.75,0,0,0.000128
7635,Taenga,0,0,10,33,0,43,0,76.74418605,0,0,0.000172
7636,Taenga,0,0,4,29,0,33,0,87.87878788,0,0,0.000132
7637,Taenga,0,0,2,30,0,32,0,93.75,0,0,0.000128
7638,Taenga,0,0,93,223,0,316,0,70.56962025,0,0,0.001264
7639,Taenga,0,0,30,546,0,576,0,94.79166667,0,0,0.002304
7640,Taenga,27677,34671,158559,730135,0,951042,2.910176417,76.77210891,12.52880171,3.645580321,3.804168
7641,Taenga,0,0,5,75,0,80,0,93.75,0,0,0.00032
7642,Taenga,17065,9666,12798,9490,0,49019,34.81303168,19.35984006,43.1708366,19.71888451,0.196076
7643,Taenga,0,0,0,49,0,49,0,100,0,0,0.000196
7644,Taenga,118,272,1729,10001,0,12120,0.97359736,82.51650165,5.568664464,2.244224422,0.04848
7645,Taenga,631,288,1806,5218,0,7943,7.944101725,65.69306307,23.1559633,3.625834068,0.031772
7646,Taenga,2805,871,7047,12614,0,23337,12.01953979,54.05150619,26.15872424,3.732270643,0.093348
7647,Taenga,0,0,0,31,0,31,0,100,0,0,0.000124
7648,Taenga,0,0,53,72,0,125,0,57.6,0,0,0.0005
7649,Taenga,0,0,8,51,0,59,0,86.44067797,0,0,0.000236
7650,Taenga,29,43,478,5654,0,6204,0.467440361,91.13475177,5.272727273,0.693101225,0.024816
7651,Taenga,2,1,63,1850,0,1916,0.104384134,96.55532359,3.03030303,0.052192067,0.007664
7652,Taenga,0,0,0,234,0,234,0,100,0,0,0.000936
7653,Taenga,4,17,255,4176,0,4452,0.08984726,93.80053908,1.449275362,0.381850854,0.017808
7654,Taenga,557,394,2193,5095,0,8239,6.76052919,61.84002913,17.71628499,4.782133754,0.032956
7655,Taenga,0,0,0,37,0,37,0,100,0,0,0.000148
7656,Taenga,4,2,84,2399,0,2489,0.160707111,96.38409,4.444444444,0.080353556,0.009956
7657,Taenga,26,79,1690,5847,0,7642,0.340225072,76.51138445,1.448467967,1.033760796,0.030568
7658,Taenga,15037,9074,109797,644492,0,778400,1.931783145,82.79701953,11.2293515,1.165724563,3.1136
7659,Taenga,83,18,339,1905,0,2345,3.539445629,81.23667377,18.86363636,0.767590618,0.00938
7660,Taenga,0,0,4,106,0,110,0,96.36363636,0,0,0.00044
7661,Taenga,0,0,0,26,0,26,0,100,0,0,0.000104
7662,Taenga,12,8,913,4822,0,5755,0.208514335,83.78801043,1.286173633,0.139009557,0.02302
7663,Taenga,640,629,3149,10620,0,15038,4.255885091,70.62109323,14.48619285,4.182737066,0.060152
7664,Tahanea,0,0,35,17,0,52,0,32.69230769,0,0,0.000208
7665,Tahanea,8423,11612,24182,22075,0,66292,12.7059072,33.299644,19.04923446,17.51644241,0.265168
7666,Tahanea,89,2412,14716,15403,0,32620,0.272838749,47.21949724,0.51693094,7.394236665,0.13048
7667,Tahanea,0,0,6,24,0,30,0,80,0,0,0.00012
7668,Tahanea,0,3,31,60,99,193,0,63.82978723,0,3.191489362,0.000772
7669,Tahanea,0,0,47,16,0,63,0,25.3968254,0,0,0.000252
7670,Tahanea,0,0,61,44,0,105,0,41.9047619,0,0,0.00042
7671,Tahanea,5931,11302,23415,32901,11392,84941,8.064011747,44.73344301,14.59112379,15.36662633,0.339764
7672,Tahanea,0,0,26,11,0,37,0,29.72972973,0,0,0.000148
7673,Tahanea,0,0,28,1,0,29,0,3.448275862,0,0,0.000116
7674,Tahanea,0,0,17,11,0,28,0,39.28571429,0,0,0.000112
7675,Tahanea,0,0,216,67,0,283,0,23.67491166,0,0,0.001132
7676,Tahanea,0,0,14,14,0,28,0,50,0,0,0.000112
7677,Tahanea,10,8,39,18,0,75,13.33333333,24,17.54385965,10.66666667,0.0003
7678,Tahanea,1,0,10,37,0,48,2.083333333,77.08333333,9.090909091,0,0.000192
7679,Tahanea,0,0,83,273,0,356,0,76.68539326,0,0,0.001424
7680,Tahanea,0,0,2,26,0,28,0,92.85714286,0,0,0.000112
7681,Tahanea,0,0,1106,3899,0,5005,0,77.9020979,0,0,0.02002
7682,Tahanea,83,1114,14380,30123,0,45700,0.181619256,65.91466083,0.532836875,2.437636761,0.1828
7683,Tahanea,0,0,35,37,0,72,0,51.38888889,0,0,0.000288
7684,Tahanea,531,7383,58889,32867,0,99670,0.532758102,32.97582021,0.794874482,7.407444567,0.39868
7685,Tahanea,0,0,5,23,0,28,0,82.14285714,0,0,0.000112
7686,Tahanea,3117,7068,121903,74461,0,206549,1.509085011,36.05004139,2.359790443,3.421948303,0.826196
7687,Tahanea,0,0,64,529,0,593,0,89.2074199,0,0,0.002372
7688,Tahanea,1,0,0,230,0,231,0.432900433,99.56709957,100,0,0.000924
7689,Tahanea,0,0,3,33,0,36,0,91.66666667,0,0,0.000144
7690,Tahanea,0,0,31,0,0,31,0,0,0,0,0.000124
7691,Tahanea,29101,80010,206317,148168,0,463596,6.277232763,31.96058637,9.225877221,17.25856133,1.854384
7692,Tahanea,24067,17381,56757,89621,1064,188890,12.81345501,47.71490635,24.50689883,9.253777432,0.75556
7693,Tahanea,2,0,19,1421,0,1442,0.138696255,98.54368932,9.523809524,0,0.005768
7694,Tahanea,1979,1783,13708,25609,0,43079,4.593885652,59.44659811,11.32799084,4.138907588,0.172316
7695,Tahanea,294,561,2437,8813,0,12105,2.428748451,72.80462619,8.930741191,4.634448575,0.04842
7696,Tahanea,0,0,1,26,0,27,0,96.2962963,0,0,0.000108
7697,Tahanea,694,3186,4536,7478,0,15894,4.366427583,47.04920096,8.246197719,20.04530011,0.063576
7698,Tahanea,0,0,42,21,0,63,0,33.33333333,0,0,0.000252
7699,Tahanea,1725,2045,23202,58179,0,85151,2.025812968,68.32450588,6.395521281,2.401615953,0.340604
7700,Tahanea,27,33,1105,2896,0,4061,0.664860872,71.31248461,2.317596567,0.812607732,0.016244
7701,Tahanea,0,0,28,25,0,53,0,47.16981132,0,0,0.000212
7702,Tahanea,0,0,427,1938,0,2365,0,81.94503171,0,0,0.00946
7703,Tahanea,0,0,24,43,0,67,0,64.17910448,0,0,0.000268
7704,Tahanea,748,1207,4410,5072,0,11437,6.54017662,44.34729387,11.75176748,10.55346682,0.045748
7705,Tahanea,0,3,40,22,0,65,0,33.84615385,0,4.615384615,0.00026
7706,Tahanea,0,0,67,107,0,174,0,61.49425287,0,0,0.000696
7707,Tahanea,1829,1639,12130,33816,0,49414,3.701380176,68.43404703,11.72586229,3.31687376,0.197656
7708,Tahanea,2,7,619,2251,0,2879,0.069468565,78.18687044,0.318471338,0.243139979,0.011516
7709,Tahanea,0,0,23,2,0,25,0,8,0,0,0.0001
7710,Tahanea,1799,1536,6608,29738,0,39681,4.533655906,74.94266778,18.09313085,3.87087019,0.158724
7711,Tahanea,1490,3532,17074,23701,24875,70672,3.25348822,51.75229819,6.743301955,7.712295565,0.282688
7712,Tahanea,0,0,5,20,0,25,0,80,0,0,0.0001
7713,Tahanea,0,0,7,87,0,94,0,92.55319149,0,0,0.000376
7714,Tahanea,0,0,17,14,0,31,0,45.16129032,0,0,0.000124
7715,Tahanea,0,0,16,17,0,33,0,51.51515152,0,0,0.000132
7716,Tahanea,0,0,0,35,0,35,0,100,0,0,0.00014
7717,Tahanea,21660,19499,57783,54846,0,153788,14.08432387,35.66338076,21.89161327,12.67914272,0.615152
7718,Tahanea,7311,14684,63725,93776,0,179496,4.073071266,52.24406115,8.528931405,8.180683692,0.717984
7719,Tahanea,0,0,3,22,0,25,0,88,0,0,0.0001
7720,Tahanea,0,0,17,155,0,172,0,90.11627907,0,0,0.000688
7721,Tahanea,0,0,310,2369,0,2679,0,88.4285181,0,0,0.010716
7722,Tahanea,0,0,25,10,0,35,0,28.57142857,0,0,0.00014
7723,Tahanea,0,0,15,21,0,36,0,58.33333333,0,0,0.000144
7724,Tahanea,859,3209,1361,241,0,5670,15.14991182,4.250440917,15.82243507,56.59611993,0.02268
7725,Tahanea,6095,4858,2485,1458,0,14896,40.9170247,9.787862513,45.35645185,32.61278195,0.059584
7726,Tahanea,0,0,7,30,0,37,0,81.08108108,0,0,0.000148
7727,Tahanea,0,0,9,72,0,81,0,88.88888889,0,0,0.000324
7728,Tahanea,0,0,5,40,0,45,0,88.88888889,0,0,0.00018
7729,Tahanea,1942,3696,928,1488,0,8054,24.11224236,18.47529178,29.57660676,45.89024087,0.032216
7730,Tahanea,397,2622,1248,1545,0,5812,6.830695114,26.58293187,9.303960628,45.11355816,0.023248
7731,Tahanea,301,748,734,1308,0,3091,9.737948884,42.31640246,16.88166012,24.19928826,0.012364
7732,Tahanea,768,3641,1610,1825,0,7844,9.790922998,23.26619072,12.75959462,46.41764406,0.031376
7733,Tahanea,53278,58941,189204,210543,0,511966,10.40655043,41.12441061,17.67549258,11.51267858,2.047864
7734,Tahanea,6336,4018,1845,1693,0,13892,45.60898359,12.18687014,51.9386835,28.92312122,0.055568
7735,Tahanea,31,589,1075,1390,0,3085,1.004862237,45.05672609,1.828908555,19.0923825,0.01234
7736,Tahanea,1714,1661,6582,13643,0,23600,7.262711864,57.80932203,17.21402029,7.038135593,0.0944
7737,Tahanea,1,0,215,836,0,1052,0.095057034,79.46768061,0.462962963,0,0.004208
7738,Tahanea,10,89,322,1260,0,1681,0.594883998,74.9553837,2.375296912,5.294467579,0.006724
7739,Tahanea,18,25,1896,4975,0,6914,0.260341336,71.9554527,0.928313564,0.361585189,0.027656
7740,Tahanea,0,0,0,32,0,32,0,100,0,0,0.000128
7741,Tahanea,322,1246,1150,1665,0,4383,7.346566279,37.98767967,11.84694628,28.42801734,0.017532
7742,Tahanea,2,221,920,1940,0,3083,0.064871878,62.9257217,0.174978128,7.168342524,0.012332
7743,Tahanea,55,823,1179,1403,0,3460,1.589595376,40.54913295,2.673796791,23.78612717,0.01384
7744,Tahanea,0,0,2,40,0,42,0,95.23809524,0,0,0.000168
7745,Tahanea,6903,7795,17037,33737,0,65472,10.54343842,51.52889785,21.75200882,11.90585288,0.261888
7746,Tahanea,0,0,2,64,0,66,0,96.96969697,0,0,0.000264
7747,Tahanea,3533,3386,1629,4995,0,13543,26.08727756,36.88252234,41.33130557,25.00184597,0.054172
7748,Tahanea,408,519,165,3689,0,4781,8.533779544,77.15959004,37.36263736,10.85546957,0.019124
7749,Tahanea,40039,27092,16977,33631,0,117739,34.00657386,28.56402721,47.6042707,23.01021752,0.470956
7750,Tahanea,0,0,3,57,0,60,0,95,0,0,0.00024
7751,Tahanea,15709,6499,2995,5588,0,30791,51.01815466,18.14816018,62.32988136,21.10681693,0.123164
7752,Tahanea,1497,846,1794,3228,0,7365,20.32586558,43.82892057,36.18564177,11.48676171,0.02946
7753,Tahanea,268,341,532,2014,0,3155,8.494453249,63.83518225,23.48816827,10.80824089,0.01262
7754,Tahanea,9568,4616,2745,5147,0,22076,43.341185,23.31491212,56.51840038,20.90958507,0.088304
7755,Tahanea,1724,1395,1389,3882,0,8390,20.54827175,46.2693683,38.24312334,16.62693683,0.03356
7756,Tahanea,1461,653,660,1565,0,4339,33.67135285,36.06821848,52.66762797,15.04955059,0.017356
7757,Tahanea,11166,9502,3126,2962,0,26756,41.73269547,11.07041411,46.92779692,35.51352968,0.107024
7758,Tahanea,0,0,0,278,3501,3779,0,100,0,0,0.015116
7759,Tahanea,0,0,10,5749,0,5759,0,99.82635874,0,0,0.023036
7760,Tahanea,0,0,45,1348,0,1393,0,96.7695621,0,0,0.005572
7761,Tahanea,6702,5979,2126,3386,0,18193,36.83834442,18.61155389,45.2623759,32.86428846,0.072772
7762,Tahanea,1521,724,1099,2685,0,6029,25.22806436,44.53474871,45.48444976,12.00862498,0.024116
7763,Tahanea,0,0,0,55,0,55,0,100,0,0,0.00022
7764,Tahanea,17853,6892,3662,3916,0,32323,55.23311574,12.11521208,62.84718555,21.32227825,0.129292
7765,Tahanea,239,196,560,4249,0,5244,4.557589626,81.0259344,24.0201005,3.737604882,0.020976
7766,Tahanea,0,0,4,199,0,203,0,98.02955665,0,0,0.000812
7767,Tahanea,3350,1603,1933,3141,0,10027,33.40979356,31.32542136,48.64943363,15.98683554,0.040108
7768,Tahanea,0,0,0,201,0,201,0,100,0,0,0.000804
7769,Tahanea,22108,10666,3970,5063,0,41807,52.88109647,12.11041213,60.16764642,25.51247399,0.167228
7770,Taiaro,0,0,0,32,0,32,0,100,0,0,0.000128
7771,Taiaro,0,0,0,25,0,25,0,100,0,0,0.0001
7772,Taiaro,0,0,0,275,0,275,0,100,0,0,0.0011
7773,Taiaro,0,0,0,47,0,47,0,100,0,0,0.000188
7774,Taiaro,0,0,0,142,0,142,0,100,0,0,0.000568
7775,Taiaro,0,0,0,70,0,70,0,100,0,0,0.00028
7776,Taiaro,0,0,0,91,0,91,0,100,0,0,0.000364
7777,Taiaro,0,0,0,443,0,443,0,100,0,0,0.001772
7778,Taiaro,0,0,0,33,0,33,0,100,0,0,0.000132
7779,Taiaro,0,0,0,30,0,30,0,100,0,0,0.00012
7780,Taiaro,0,0,0,33,0,33,0,100,0,0,0.000132
7781,Taiaro,0,0,0,30,0,30,0,100,0,0,0.00012
7782,Taiaro,0,0,0,28,0,28,0,100,0,0,0.000112
7783,Taiaro,88932,158840,448100,366146,8563,1070581,8.373869369,34.47644014,12.77993654,14.956432,4.282324
7784,Takapoto,0,0,0,26,0,26,0,100,0,0,0.000104
7785,Takapoto,130901,61284,117071,80828,0,390084,33.55713128,20.72066529,42.32771555,15.71046236,1.560336
7786,Takapoto,454,1033,4330,12681,0,18498,2.454319386,68.55335712,7.804710332,5.584387501,0.073992
7787,Takapoto,0,0,0,166,0,166,0,100,0,0,0.000664
7788,Takapoto,6,2,66,1043,0,1117,0.537153089,93.37511191,8.108108108,0.17905103,0.004468
7789,Takapoto,22,12,282,1659,0,1975,1.113924051,84,6.962025316,0.607594937,0.0079
7790,Takapoto,0,0,2,53,0,55,0,96.36363636,0,0,0.00022
7791,Takapoto,48,90,1992,13092,0,15222,0.315333071,86.00709499,2.253521127,0.591249507,0.060888
7792,Takapoto,0,0,110,85,0,195,0,43.58974359,0,0,0.00078
7793,Takapoto,0,0,25,13,0,38,0,34.21052632,0,0,0.000152
7794,Takapoto,3524,6213,16100,35916,0,61753,5.706605347,58.16073713,13.63935441,10.06104967,0.247012
7795,Takapoto,4285,4373,6788,5003,0,20449,20.95456991,24.46574405,27.74181018,21.3849088,0.081796
7796,Takapoto,133661,129788,188043,147031,0,598523,22.3318068,24.56563908,29.60428978,21.68471387,2.394092
7797,Takapoto,2130,3350,3747,4145,0,13372,15.92880646,30.99760694,23.08442614,25.05234819,0.053488
7798,Takapoto,512,1536,4468,4309,0,10825,4.729792148,39.80600462,7.857581338,14.18937644,0.0433
7799,Takapoto,596,1140,8253,7562,0,17551,3.395817902,43.08586405,5.96656322,6.49535639,0.070204
7800,Takapoto,0,0,88,93,0,181,0,51.38121547,0,0,0.000724
7801,Takapoto,513,842,3349,2981,0,7685,6.675341574,38.78985036,10.90561224,10.95640859,0.03074
7802,Takapoto,0,0,206,1260,0,1466,0,85.94815825,0,0,0.005864
7803,Takapoto,0,0,0,194,0,194,0,100,0,0,0.000776
7804,Takapoto,1052,903,2432,1812,0,6199,16.97047911,29.23052105,23.97994073,14.56686562,0.024796
7805,Takapoto,1048,954,4389,12230,0,18621,5.628054347,65.67853499,16.39805977,5.123247946,0.074484
7806,Takapoto,1154,803,9298,5657,0,16912,6.823557237,33.44962157,10.25322079,4.748107852,0.067648
7807,Takapoto,13038,8481,36810,44422,0,102751,12.6889276,43.23266927,22.35251762,8.253934268,0.411004
7808,Takapoto,6404,3185,18390,16715,0,44694,14.32854522,37.39875599,22.88859502,7.126236184,0.178776
7809,Takapoto,32225,12126,48426,27796,0,120573,26.7265474,23.05325405,34.73382412,10.05697793,0.482292
7810,Takapoto,1680,556,1516,965,0,4717,35.61585754,20.45791817,44.7761194,11.78715285,0.018868
7811,Takapoto,657,349,711,2153,0,3870,16.97674419,55.63307494,38.26441468,9.018087855,0.01548
7812,Takapoto,1401,261,797,1433,0,3892,35.99691675,36.81911614,56.97437983,6.70606372,0.015568
7813,Takapoto,24958,8680,30624,21737,0,85999,29.02126769,25.2758753,38.83788242,10.09314062,0.343996
7814,Takapoto,0,0,28,0,0,28,0,0,0,0,0.000112
7815,Takapoto,583261,340772,690637,489318,0,2103988,27.72168853,23.25669158,36.12261329,16.19648021,8.415952
7816,Takaroa,0,0,0,33,0,33,0,100,0,0,0.000132
7817,Takaroa,0,0,47,2,0,49,0,4.081632653,0,0,0.000196
7818,Takaroa,0,0,323,68,0,391,0,17.39130435,0,0,0.001564
7819,Takaroa,0,0,2,48,0,50,0,96,0,0,0.0002
7820,Takaroa,0,0,4,40,0,44,0,90.90909091,0,0,0.000176
7821,Takaroa,0,2,23,12,0,37,0,32.43243243,0,5.405405405,0.000148
7822,Takaroa,0,7,58,18,0,83,0,21.68674699,0,8.43373494,0.000332
7823,Takaroa,16494,38163,90991,45063,0,190711,8.648688329,23.62894642,11.32456333,20.01090655,0.762844
7824,Takaroa,0,0,31,26,0,57,0,45.61403509,0,0,0.000228
7825,Takaroa,3464,14565,21235,12909,0,52173,6.639449524,24.742683,8.822330888,27.91673854,0.208692
7826,Takaroa,2370,7359,14666,7439,0,31834,7.444870264,23.368097,9.715105554,23.11679337,0.127336
7827,Takaroa,0,5,18,32,0,55,0,58.18181818,0,9.090909091,0.00022
7828,Takaroa,0,0,14,29,0,43,0,67.44186047,0,0,0.000172
7829,Takaroa,0,0,2,52,0,54,0,96.2962963,0,0,0.000216
7830,Takaroa,6607,19481,85998,98706,520,211312,3.134369426,46.82625527,5.894580947,9.241811833,0.845248
7831,Takaroa,467920,537252,1021094,665461,26214,2717941,17.38363512,24.72245514,23.09272327,19.95937924,10.871764
7832,Takaroa,13,0,356,829,0,1198,1.085141903,69.19866444,3.52303523,0,0.004792
7833,Takaroa,0,0,9,16,0,25,0,64,0,0,0.0001
7834,Takaroa,2221,9340,13787,9454,0,34802,6.381817137,27.16510545,8.762032507,26.83753807,0.139208
7835,Takaroa,6598,6439,4929,5344,0,23310,28.30544831,22.92578293,36.72492486,27.62333762,0.09324
7836,Takaroa,4300,3178,13408,17695,0,38581,11.14538244,45.86454472,20.58795365,8.23721521,0.154324
7837,Takaroa,1,2,243,221,0,467,0.214132762,47.32334047,0.406504065,0.428265525,0.001868
7838,Takaroa,4,0,43,252,0,299,1.337792642,84.28093645,8.510638298,0,0.001196
7839,Takaroa,11060,8923,10401,10933,0,41317,26.76864245,26.46126292,36.40073723,21.5964373,0.165268
7840,Takaroa,2844,1542,5443,9416,0,19245,14.77786438,48.92699402,28.93478482,8.012470772,0.07698
7841,Takaroa,3,0,7,15,0,25,12,60,30,0,0.0001
7842,Takaroa,635,532,4434,11879,0,17480,3.632723112,67.9576659,11.3372612,3.043478261,0.06992
7843,Takaroa,31731,24152,28733,26593,0,111209,28.53276264,23.91263297,37.5,21.71766674,0.444836
7844,Takaroa,7794,7282,5120,5641,0,25837,30.16604095,21.83303015,38.59180036,28.18438673,0.103348
7845,Takaroa,4,0,173,725,0,902,0.44345898,80.37694013,2.259887006,0,0.003608
7846,Takaroa,2492,2471,10234,20602,0,35799,6.961088299,57.54909355,16.39797328,6.902427442,0.143196
7847,Takaroa,3352,6066,5625,4401,0,19444,17.23925118,22.63423164,22.28278934,31.19728451,0.077776
7848,Takaroa,1,1,301,1199,0,1502,0.066577896,79.82689747,0.330033003,0.066577896,0.006008
7849,Takaroa,224,300,2106,5800,0,8430,2.65717675,68.80189798,8.517110266,3.558718861,0.03372
7850,Takaroa,11806,13880,11903,16247,0,53836,21.92956386,30.17869084,31.40812472,25.78200461,0.215344
7851,Takaroa,4820,6574,6836,6492,0,24722,19.49680447,26.26001133,26.43993417,26.5916997,0.098888
7852,Takaroa,0,0,13,157,0,170,0,92.35294118,0,0,0.00068
7853,Takaroa,3403,4785,4711,3731,0,16630,20.46301864,22.43535779,26.38189007,28.77330126,0.06652
7854,Takaroa,110,193,2596,11976,0,14875,0.739495798,80.51092437,3.794411866,1.297478992,0.0595
7855,Takaroa,8322,5151,8924,7986,0,30383,27.39031695,26.28443538,37.15676207,16.95355956,0.121532
7856,Takaroa,3266,4105,7652,11882,0,26905,12.13900762,44.16279502,21.73999867,15.2573871,0.10762
7857,Takaroa,0,0,25,144,0,169,0,85.20710059,0,0,0.000676
7858,Takaroa,14381,16136,23921,18871,0,73309,19.61696381,25.74172339,26.41720857,22.01093999,0.293236
7859,Takaroa,1110,1704,2522,10036,0,15372,7.220921155,65.28753578,20.80209895,11.08508977,0.061488
7860,Takaroa,0,0,4,71,0,75,0,94.66666667,0,0,0.0003
7861,Takaroa,20401,15347,16033,11476,0,63257,32.25097618,18.14186572,39.39862112,24.26134657,0.253028
7862,Takaroa,0,0,29,11,0,40,0,27.5,0,0,0.00016
7863,Takaroa,3,0,27,21,0,51,5.882352941,41.17647059,10,0,0.000204
7864,Takaroa,206,334,983,775,0,2298,8.964316797,33.72497824,13.52593565,14.53437772,0.009192
7865,Takaroa,400,915,1751,932,0,3998,10.0050025,23.31165583,13.04631442,22.88644322,0.015992
7866,Takaroa,31,44,629,1893,0,2597,1.193685021,72.89179823,4.403409091,1.694262611,0.010388
7867,Takaroa,1,0,45,133,0,179,0.558659218,74.30167598,2.173913043,0,0.000716
7868,Takaroa,2570,3167,5086,3601,0,14424,17.81752634,24.96533555,23.74572669,21.95646145,0.057696
7869,Takaroa,51212,30101,41784,37815,0,160912,31.82609128,23.50042259,41.60296352,18.70649796,0.643648
7870,Takaroa,27042,30863,31619,31269,0,120793,22.38705885,25.88643382,30.20642509,25.55032162,0.483172
7871,Takaroa,0,0,40,15,0,55,0,27.27272727,0,0,0.00022
7872,Takaroa,6989,7597,8181,14699,0,37466,18.65424652,39.2329045,30.69794,20.27705119,0.149864
7873,Takaroa,104287,130169,66484,52552,0,353492,29.50194064,14.86653163,34.65375158,36.82374707,1.413968
7874,Takume,0,0,27,4,0,31,0,12.90322581,0,0,0.000124
7875,Takume,2215,2675,16540,36659,0,58089,3.813114359,63.10833376,10.3359776,4.605002668,0.232356
7876,Takume,0,0,202,421,0,623,0,67.57624398,0,0,0.002492
7877,Takume,3546,2792,10161,10809,0,27308,12.9852058,39.58180753,21.49221165,10.22411015,0.109232
7878,Takume,0,0,57,102,0,159,0,64.1509434,0,0,0.000636
7879,Takume,0,0,39,65,0,104,0,62.5,0,0,0.000416
7880,Takume,1,0,114,209,0,324,0.308641975,64.50617284,0.869565217,0,0.001296
7881,Takume,2057,6027,6027,16468,0,30579,6.72683868,53.85395206,14.57728014,19.70960463,0.122316
7882,Takume,5952,4314,27116,42835,0,80217,7.419873593,53.39890547,15.92210155,5.377912413,0.320868
7883,Takume,0,0,0,0,30,30,0,0,0,0,0.00012
7884,Takume,0,0,0,0,25,25,0,0,0,0,0.0001
7885,Takume,0,0,0,0,25,25,0,0,0,0,0.0001
7886,Takume,0,0,47,104,0,151,0,68.87417219,0,0,0.000604
7887,Takume,0,0,0,0,34,34,0,0,0,0,0.000136
7888,Takume,0,0,0,0,25,25,0,0,0,0,0.0001
7889,Takume,166250,49237,136739,113081,6916,472223,35.72909928,24.30244978,47.19980921,10.58161601,1.888892
7890,Takume,0,0,71,628,0,699,0,89.84263233,0,0,0.002796
7891,Takume,522,3053,5138,14593,6747,30053,2.239766584,62.61477731,5.99104786,13.099631,0.120212
7892,Takume,0,0,0,0,25,25,0,0,0,0,0.0001
7893,Takume,0,1,263,1076,0,1340,0,80.29850746,0,0.074626866,0.00536
7894,Takume,0,0,0,0,98,98,0,0,0,0,0.000392
7895,Takume,0,0,0,0,37,37,0,0,0,0,0.000148
7896,Takume,0,0,0,0,56,56,0,0,0,0,0.000224
7897,Takume,0,0,0,0,663,663,0,0,0,0,0.002652
7898,Takume,2,4,204,416,259,885,0.319488818,66.45367412,0.952380952,0.638977636,0.00354
7899,Takume,0,0,6,431,0,437,0,98.62700229,0,0,0.001748
7900,Takume,1990,767,8266,3766,0,14789,13.45594699,25.46487254,18.05316157,5.186287105,0.059156
7901,Takume,0,6,609,1686,0,2301,0,73.27249022,0,0.260756193,0.009204
7902,Takume,21,38,636,3625,0,4320,0.486111111,83.91203704,3.021582734,0.87962963,0.01728
7903,Takume,2340,4786,7340,12395,4770,31631,8.711514836,46.14496854,16.17586064,17.81765385,0.126524
7904,Takume,457,329,4215,6518,0,11519,3.967358278,56.58477298,9.138172366,2.856150708,0.046076
7905,Takume,7574,11717,16879,18508,0,54678,13.85200629,33.84908007,20.94000553,21.42909397,0.218712
7906,Takume,6,7,1062,5610,0,6685,0.089753179,83.91922214,0.558139535,0.104712042,0.02674
7907,Takume,9900,16147,14212,9144,0,49403,20.03926887,18.50899743,24.59077473,32.68424994,0.197612
7908,Takume,1882,869,16077,61167,0,79995,2.35264704,76.46352897,9.995751009,1.086317895,0.31998
7909,Takume,1177,400,4862,7448,0,13887,8.475552675,53.63289407,18.27923591,2.880391733,0.055548
7910,Takume,5099,17407,12020,20374,0,54900,9.287795993,37.11111111,14.7685802,31.70673953,0.2196
7911,Takume,143,179,3923,25611,0,29856,0.478965702,85.78175241,3.368669022,0.59954448,0.119424
7912,Takume,476,313,3022,17281,0,21092,2.256779822,81.93153802,12.49016006,1.483974967,0.084368
7913,Takume,1468,2536,8348,12347,0,24699,5.943560468,49.98987813,11.88471503,10.26762217,0.098796
7914,Takume,1804,5075,4842,14160,0,25881,6.97036436,54.71195085,15.39117823,19.60897956,0.103524
7915,Takume,11396,27648,38478,101642,2450,181614,6.36065281,56.73126298,14.70034313,15.43167154,0.726456
7916,Takume,336,783,1170,4780,0,7069,4.753147546,67.61918235,14.67889908,11.07653133,0.028276
7917,Takume,0,0,5,80,0,85,0,94.11764706,0,0,0.00034
7918,Takume,869,2139,7866,25921,1914,38709,2.361733931,70.44707161,7.991539452,5.813289849,0.154836
7919,Takume,476,707,5961,29882,641,37667,1.285583104,80.70545022,6.662933931,1.909469022,0.150668
7920,Takume,922,2463,2616,1784,0,7785,11.84328838,22.91586384,15.36410598,31.63776493,0.03114
7921,Takume,514,1807,1074,1481,0,4876,10.5414274,30.37325677,15.13991163,37.05906481,0.019504
7922,Takume,2771,12127,29718,86000,4560,135176,2.121485882,65.84185705,6.210776403,9.284467447,0.540704
7923,Takume,334,1061,6953,10710,0,19058,1.752544863,56.1968727,4.000958313,5.567215867,0.076232
7924,Takume,1648,5328,10415,25315,0,42706,3.858942537,59.27738491,9.476165833,12.47599869,0.170824
7925,Takume,6646,12865,14426,31892,0,65829,10.09585441,48.4467332,19.58334561,19.54305853,0.263316
7926,Takume,352,1199,8332,11402,0,21285,1.65374677,53.56824054,3.561671557,5.633074935,0.08514
7927,Takume,4900,15411,21289,22325,0,63925,7.665232695,34.92373876,11.77884615,24.10793899,0.2557
7928,Takume,1026,5010,2138,7108,0,15282,6.713780919,46.51223662,12.55199413,32.78366706,0.061128
7929,Takume,0,0,11,51,0,62,0,82.25806452,0,0,0.000248
7930,Takume,600,2618,1696,4315,0,9229,6.501246072,46.75479467,12.21001221,28.36710369,0.036916
7931,Takume,1562,7438,10003,16335,3352,38690,4.420170921,46.22502688,8.219754776,21.04816345,0.15476
7932,Takume,2889,4540,2801,9150,0,19380,14.90712074,47.21362229,28.24046921,23.42621259,0.07752
7933,Takume,1,0,74,256,0,331,0.302114804,77.34138973,1.333333333,0,0.001324
7934,Takume,0,0,0,42,0,42,0,100,0,0,0.000168
7935,Takume,91,566,3287,7828,0,11772,0.773020727,66.496772,2.307302231,4.808019028,0.047088
7936,Takume,38,80,5669,8754,0,14541,0.261330032,60.20218692,0.656644203,0.550168489,0.058164
7937,Takume,0,0,41,948,0,989,0,95.85439838,0,0,0.003956
7938,Takume,0,0,2,32,0,34,0,94.11764706,0,0,0.000136
7939,Takume,0,0,396,2620,0,3016,0,86.87002653,0,0,0.012064
7940,Takume,1108,5317,5621,14345,0,26391,4.19840097,54.35565155,9.198074049,20.14701982,0.105564
7941,Takume,1,30,4600,1742,0,6373,0.015691197,27.33406559,0.021593608,0.470735917,0.025492
7942,Takume,2401,7444,3561,7821,0,21227,11.3110661,36.84458473,17.90989109,35.06854478,0.084908
7943,Takume,0,0,66,889,0,955,0,93.08900524,0,0,0.00382
7944,Takume,42,28,6073,6410,0,12553,0.334581375,51.0634908,0.68370503,0.22305425,0.050212
7945,Takume,0,0,2,607,0,609,0,99.67159278,0,0,0.002436
7946,Takume,1,0,322,3237,0,3560,0.028089888,90.92696629,0.309597523,0,0.01424
7947,Takume,14,5,230,2213,0,2462,0.568643379,89.88627132,5.62248996,0.203086921,0.009848
7948,Takume,0,0,94,153,0,247,0,61.94331984,0,0,0.000988
7949,Takume,0,0,9,85,0,94,0,90.42553191,0,0,0.000376
7950,Takume,0,60,4907,15393,0,20360,0,75.60412574,0,0.294695481,0.08144
7951,Takume,121,195,865,2920,0,4101,2.950499878,71.20214582,10.24555461,4.75493782,0.016404
7952,Takume,0,0,52,130,0,182,0,71.42857143,0,0,0.000728
7953,Takume,0,0,0,276,0,276,0,100,0,0,0.001104
7954,Takume,0,0,74,48,0,122,0,39.3442623,0,0,0.000488
7955,Takume,61,14,4323,2066,0,6464,0.943688119,31.96163366,1.386994088,0.216584158,0.025856
7956,Takume,0,0,75,16,0,91,0,17.58241758,0,0,0.000364
7957,Takume,0,0,0,185,0,185,0,100,0,0,0.00074
7958,Takume,0,3,245,44,0,292,0,15.06849315,0,1.02739726,0.001168
7959,Takume,0,0,55,2,0,57,0,3.50877193,0,0,0.000228
7960,Takume,990,10994,7462,32167,0,51613,1.918121404,62.32344564,5.09102129,21.30083506,0.206452
7961,Takume,0,0,0,121,0,121,0,100,0,0,0.000484
7962,Takume,0,0,0,39,0,39,0,100,0,0,0.000156
7963,Takume,0,0,0,258,0,258,0,100,0,0,0.001032
7964,Takume,10,2,984,395,0,1391,0.718907261,28.39683681,1.004016064,0.143781452,0.005564
7965,Takume,0,0,58,63,0,121,0,52.0661157,0,0,0.000484
7966,Takume,17,192,2219,25649,0,28077,0.060547779,91.35235246,0.700164745,0.683833743,0.112308
7967,Takume,0,0,1,229,0,230,0,99.56521739,0,0,0.00092
7968,Takume,0,0,1318,1186,0,2504,0,47.36421725,0,0,0.010016
7969,Takume,0,0,0,53,0,53,0,100,0,0,0.000212
7970,Takume,5,6,1365,863,0,2239,0.223313979,38.54399285,0.363372093,0.267976775,0.008956
7971,Takume,4,1,477,696,0,1178,0.339558574,59.08319185,0.829875519,0.084889643,0.004712
7972,Takume,1149,4893,2396,12341,0,20779,5.529621252,59.39169354,13.61697085,23.5478127,0.083116
7973,Takume,57,130,6069,5706,0,11962,0.476508945,47.70105334,0.91112532,1.086774787,0.047848
7974,Takume,11,18,2896,1015,0,3940,0.279187817,25.76142132,0.376068376,0.456852792,0.01576
7975,Takume,3,2,345,263,0,613,0.489396411,42.90375204,0.857142857,0.326264274,0.002452
7976,Takume,566,812,8135,9848,0,19361,2.923402717,50.86514126,5.94975297,4.193998244,0.077444
7977,Takume,3,3,563,172,0,741,0.4048583,23.21187584,0.527240773,0.4048583,0.002964
7978,Takume,0,0,438,158,0,596,0,26.51006711,0,0,0.002384
7979,Takume,26420,45813,25996,85777,0,184006,14.35822745,46.61641468,26.89633408,24.89755769,0.736024
7980,Takume,1296,2122,10552,32555,0,46525,2.78559914,69.97313272,9.27702219,4.560988716,0.1861
7981,Takume,534,355,1723,7204,0,9816,5.4400978,73.39038305,20.44410413,3.616544417,0.039264
7982,Takutea,74442,118774,43054,71909,0,308179,24.15544213,23.33351721,31.507174,38.54058842,1.232716
7983,Takuu,0,0,0,100,0,100,0,100,0,0,0.0004
7984,Takuu,0,0,0,1034,0,1034,0,100,0,0,0.004136
7985,Takuu,1593,2185,1275,2865,0,7918,20.11871685,36.18337964,31.52582624,27.59535236,0.031672
7986,Takuu,0,0,0,113,0,113,0,100,0,0,0.000452
7987,Takuu,0,0,0,1034,0,1034,0,100,0,0,0.004136
7988,Takuu,136,387,254,773,0,1550,8.774193548,49.87096774,17.5032175,24.96774194,0.0062
7989,Takuu,2548,1417,1188,570,0,5723,44.52210379,9.959811288,49.44692412,24.75974139,0.022892
7990,Takuu,0,0,3,37,0,40,0,92.5,0,0,0.00016
7991,Takuu,1999,754,928,601,0,4282,46.68379262,14.03549743,54.30589514,17.60859411,0.017128
7992,Takuu,1164,1900,778,837,0,4679,24.87711049,17.8884377,30.29672046,40.6069673,0.018716
7993,Takuu,4610,2443,873,1263,0,9189,50.16867994,13.74469474,58.16300782,26.5861356,0.036756
7994,Takuu,512,543,378,455,1024,2912,27.11864407,24.09957627,35.72923936,28.76059322,0.011648
7995,Takuu,1547,777,478,778,16,3596,43.2122905,21.73184358,55.21056388,21.70391061,0.014384
7996,Takuu,419,217,327,280,0,1243,33.70876911,22.52614642,43.50986501,17.45776348,0.004972
7997,Takuu,0,0,0,0,100,100,0,0,0,0,0.0004
7998,Takuu,255,734,408,521,40,1958,13.29509906,27.1637122,18.25340014,38.26903024,0.007832
7999,Takuu,0,0,0,0,396,396,0,0,0,0,0.001584
8000,Takuu,201,138,162,286,8774,9561,25.54002541,36.34053367,40.11976048,17.53494282,0.038244
8001,Takuu,0,0,0,7,1257,1264,0,100,0,0,0.005056
8002,Takuu,621,902,887,1013,3056,6479,18.14198072,29.59392346,25.76763485,26.35115396,0.025916
8003,Takuu,5653,919,4877,5414,0,16863,33.52309791,32.10579375,49.37549131,5.44980134,0.067452
8004,Takuu,2,1,281,350,0,634,0.315457413,55.20504732,0.704225352,0.157728707,0.002536
8005,Takuu,0,0,386,26,0,412,0,6.310679612,0,0,0.001648
8006,Takuu,0,0,56,2,0,58,0,3.448275862,0,0,0.000232
8007,Takuu,107614,55492,11794,3328,0,178228,60.37996274,1.867271136,61.52887364,31.1353996,0.712912
8008,Tamana,703733,236181,140597,126172,0,1206683,58.31962496,10.45610156,65.12964699,19.57274611,4.826732
8009,Tarawa,0,0,30,0,0,30,0,0,0,0,0.00012
8010,Tarawa,0,0,49,0,0,49,0,0,0,0,0.000196
8011,Tarawa,0,0,25,0,0,25,0,0,0,0,0.0001
8012,Tarawa,0,0,25,0,0,25,0,0,0,0,0.0001
8013,Tarawa,0,0,74,0,0,74,0,0,0,0,0.000296
8014,Tarawa,0,0,25,0,0,25,0,0,0,0,0.0001
8015,Tarawa,0,0,49,0,0,49,0,0,0,0,0.000196
8016,Tarawa,0,0,30,0,0,30,0,0,0,0,0.00012
8017,Tarawa,0,0,0,36,0,36,0,100,0,0,0.000144
8018,Tarawa,0,0,0,135,0,135,0,100,0,0,0.00054
8019,Tarawa,1029711,821964,708802,627076,15143,3202696,32.30412169,19.67264544,40.21559264,25.78667712,12.810784
8020,Tarawa,0,0,0,332,0,332,0,100,0,0,0.001328
8021,Tarawa,0,0,0,25,0,25,0,100,0,0,0.0001
8022,Tarawa,0,0,0,29,0,29,0,100,0,0,0.000116
8023,Tarawa,0,0,0,25,0,25,0,100,0,0,0.0001
8024,Tarawa,0,0,1,78,0,79,0,98.73417722,0,0,0.000316
8025,Tarawa,0,0,0,25,0,25,0,100,0,0,0.0001
8026,Tarawa,0,0,3,76,0,79,0,96.20253165,0,0,0.000316
8027,Tarawa,0,0,2,317,0,319,0,99.37304075,0,0,0.001276
8028,Tarawa,0,0,0,25,0,25,0,100,0,0,0.0001
8029,Tarawa,0,0,0,86,0,86,0,100,0,0,0.000344
8030,Tarawa,0,0,0,30,0,30,0,100,0,0,0.00012
8031,Tarawa,0,0,0,118,0,118,0,100,0,0,0.000472
8032,Tarawa,0,0,0,38,0,38,0,100,0,0,0.000152
8033,Tarawa,0,0,4,121,0,125,0,96.8,0,0,0.0005
8034,Tarawa,0,0,0,25,0,25,0,100,0,0,0.0001
8035,Tarawa,0,0,0,108,0,108,0,100,0,0,0.000432
8036,Tarawa,18,41,733,22152,0,22944,0.078451883,96.54811715,2.272727273,0.178695955,0.091776
8037,Tarawa,0,0,0,38,0,38,0,100,0,0,0.000152
8038,Tarawa,0,0,0,71,0,71,0,100,0,0,0.000284
8039,Tarawa,0,0,0,29,0,29,0,100,0,0,0.000116
8040,Tarawa,5139,4881,9154,19066,0,38240,13.43880753,49.85878661,26.80191927,12.76412134,0.15296
8041,Tarawa,0,0,0,101,0,101,0,100,0,0,0.000404
8042,Tarawa,0,0,0,179,0,179,0,100,0,0,0.000716
8043,Tarawa,0,0,0,40,0,40,0,100,0,0,0.00016
8044,Tarawa,0,0,0,237,0,237,0,100,0,0,0.000948
8045,Tarawa,0,0,0,53,0,53,0,100,0,0,0.000212
8046,Tarawa,33822,8873,24913,212832,0,280440,12.06033376,75.89216945,50.02662407,3.16395664,1.12176
8047,Tarawa,0,0,18,245,0,263,0,93.15589354,0,0,0.001052
8048,Tarawa,77109,29198,50971,116497,0,273775,28.16509908,42.5520957,49.02720024,10.6649621,1.0951
8049,Tarawa,143,671,7292,64472,0,72578,0.197029403,88.8313263,1.764125339,0.924522583,0.290312
8050,Tarawa,0,0,3,173,0,176,0,98.29545455,0,0,0.000704
8051,Tarawa,12828,4542,24789,84454,0,126613,10.13166105,66.70247131,30.42766669,3.58730936,0.506452
8052,Tarawa,13625,4168,14932,15368,0,48093,28.33052627,31.95475433,41.63483575,8.666541908,0.192372
8053,Tarawa,0,0,38,303,0,341,0,88.85630499,0,0,0.001364
8054,Tarawa,1704,885,5316,13895,0,21800,7.816513761,63.73853211,21.55597723,4.059633028,0.0872
8055,Tarawa,21484,9944,44157,39716,0,115301,18.63296936,34.44549484,28.42362903,8.624383136,0.461204
8056,Tarawa,54189,23905,116467,73436,0,267997,20.22000246,27.40179927,27.85193333,8.919875969,1.071988
8057,Tarawa,0,0,0,201,0,201,0,100,0,0,0.000804
8058,Tarawa,0,0,0,91,0,91,0,100,0,0,0.000364
8059,Tarawa,0,0,0,36,0,36,0,100,0,0,0.000144
8060,Tarawa,0,0,0,69,0,69,0,100,0,0,0.000276
8061,Tarawa,0,0,0,27,0,27,0,100,0,0,0.000108
8062,Tarawa,0,0,0,89,0,89,0,100,0,0,0.000356
8063,Tarawa,0,0,0,69,0,69,0,100,0,0,0.000276
8064,Tarawa,189905,76305,214029,153062,686,633987,29.98653089,24.1689181,39.54385212,12.04877302,2.535948
8065,Tarawa,12,2,15,1,0,30,40,3.333333333,41.37931034,6.666666667,0.00012
8066,Tarawa,0,0,75,0,0,75,0,0,0,0,0.0003
8067,Tarawa,61263,30068,104234,90345,0,285910,21.42737225,31.59910461,31.32615754,10.51659613,1.14364
8068,Tarawa,0,0,0,52,0,52,0,100,0,0,0.000208
8069,Tarawa,32,14,39,2,0,87,36.7816092,2.298850575,37.64705882,16.09195402,0.000348
8070,Tarawa,0,0,0,59,0,59,0,100,0,0,0.000236
8071,Tarawa,386,719,6935,8730,0,16770,2.301729278,52.05724508,4.800995025,4.287418008,0.06708
8072,Tarawa,0,0,28,10,0,38,0,26.31578947,0,0,0.000152
8073,Tarawa,0,0,17,8,0,25,0,32,0,0,0.0001
8074,Tarawa,0,0,31,2,0,33,0,6.060606061,0,0,0.000132
8075,Tarawa,0,0,25,0,0,25,0,0,0,0,0.0001
8076,Tarawa,0,0,25,0,0,25,0,0,0,0,0.0001
8077,Tarawa,0,0,25,0,0,25,0,0,0,0,0.0001
8078,Tarawa,0,0,25,0,0,25,0,0,0,0,0.0001
8079,Tarawa,0,0,25,0,0,25,0,0,0,0,0.0001
8080,Tarawa,0,0,43,0,0,43,0,0,0,0,0.000172
8081,Tarawa,0,0,25,0,0,25,0,0,0,0,0.0001
8082,Tarawa,0,0,25,0,0,25,0,0,0,0,0.0001
8083,Tarawa,0,0,367,0,0,367,0,0,0,0,0.001468
8084,Tarawa,0,2,420,0,0,422,0,0,0,0.473933649,0.001688
8085,Tarawa,0,0,6,46,0,52,0,88.46153846,0,0,0.000208
8086,Tarawa,0,0,4,25,0,29,0,86.20689655,0,0,0.000116
8087,Tarawa,10,13,89,16,0,128,7.8125,12.5,8.928571429,10.15625,0.000512
8088,Tarawa,0,0,11,142,0,153,0,92.81045752,0,0,0.000612
8089,Tarawa,0,0,9,51,0,60,0,85,0,0,0.00024
8090,Tarawa,0,0,67,576,0,643,0,89.58009331,0,0,0.002572
8091,Tarawa,0,0,7,18,0,25,0,72,0,0,0.0001
8092,Tarawa,0,0,5,52,0,57,0,91.22807018,0,0,0.000228
8093,Tarawa,2,17,569,305,0,893,0.223964166,34.15453527,0.340136054,1.903695409,0.003572
8094,Tarawa,0,0,2,33,0,35,0,94.28571429,0,0,0.00014
8095,Tarawa,0,0,1,53,0,54,0,98.14814815,0,0,0.000216
8096,Tarawa,0,0,100,0,0,100,0,0,0,0,0.0004
8097,Tarawa,0,0,5,46,0,51,0,90.19607843,0,0,0.000204
8098,Tarawa,0,0,2,43,0,45,0,95.55555556,0,0,0.00018
8099,Tarawa,0,0,1,41,0,42,0,97.61904762,0,0,0.000168
8100,Tarawa,0,3,57,0,0,60,0,0,0,5,0.00024
8101,Tarawa,8,26,8,2,0,44,18.18181818,4.545454545,19.04761905,59.09090909,0.000176
8102,Tarawa,0,2,39,0,0,41,0,0,0,4.87804878,0.000164
8103,Tarawa,0,0,20,62,0,82,0,75.6097561,0,0,0.000328
8104,Tarawa,0,0,46,327,0,373,0,87.66756032,0,0,0.001492
8105,Tarawa,0,0,33,0,0,33,0,0,0,0,0.000132
8106,Tarawa,1,0,17,51,0,69,1.449275362,73.91304348,5.555555556,0,0.000276
8107,Tarawa,17,8,125,123,0,273,6.227106227,45.05494505,11.33333333,2.93040293,0.001092
8108,Tarawa,0,0,11,142,0,153,0,92.81045752,0,0,0.000612
8109,Tarawa,0,0,167,0,0,167,0,0,0,0,0.000668
8110,Tarawa,0,0,0,64,0,64,0,100,0,0,0.000256
8111,Tarawa,0,0,25,145,0,170,0,85.29411765,0,0,0.00068
8112,Tarawa,0,0,27,164,0,191,0,85.86387435,0,0,0.000764
8113,Tarawa,8,8,1048,8,0,1072,0.746268657,0.746268657,0.751879699,0.746268657,0.004288
8114,Tarawa,0,0,135,0,0,135,0,0,0,0,0.00054
8115,Tarawa,0,1,28,0,0,29,0,0,0,3.448275862,0.000116
8116,Tarawa,0,0,193,0,0,193,0,0,0,0,0.000772
8117,Tarawa,0,1,84,0,0,85,0,0,0,1.176470588,0.00034
8118,Tarawa,0,0,30,0,0,30,0,0,0,0,0.00012
8119,Tarawa,0,0,35,0,0,35,0,0,0,0,0.00014
8120,Tarawa,19,2,76,25,0,122,15.57377049,20.49180328,19.58762887,1.639344262,0.000488
8121,Tarawa,0,0,25,0,0,25,0,0,0,0,0.0001
8122,Tarawa,0,6,149,0,0,155,0,0,0,3.870967742,0.00062
8123,Tarawa,0,0,29,0,0,29,0,0,0,0,0.000116
8124,Tarawa,0,0,25,0,0,25,0,0,0,0,0.0001
8125,Tarawa,0,0,25,0,0,25,0,0,0,0,0.0001
8126,Tarawa,2,30,6,0,0,38,5.263157895,0,5.263157895,78.94736842,0.000152
8127,Tarawa,5,35,103,49,0,192,2.604166667,25.52083333,3.496503497,18.22916667,0.000768
8128,Tarawa,0,2,35,2,0,39,0,5.128205128,0,5.128205128,0.000156
8129,Tarawa,8,1,20,9,0,38,21.05263158,23.68421053,27.5862069,2.631578947,0.000152
8130,Tarawa,1,3,177,3,0,184,0.543478261,1.630434783,0.552486188,1.630434783,0.000736
8131,Tarawa,0,2,28,75,0,105,0,71.42857143,0,1.904761905,0.00042
8132,Tarawa,0,0,7,72,0,79,0,91.13924051,0,0,0.000316
8133,Tarawa,0,0,0,45,0,45,0,100,0,0,0.00018
8134,Tarawa,2,64,431,1347,0,1844,0.10845987,73.04772234,0.402414487,3.470715835,0.007376
8135,Tarawa,295,733,2057,2296,0,5381,5.482252369,42.66864895,9.562398703,13.62200335,0.021524
8136,Tarawa,0,0,0,37,0,37,0,100,0,0,0.000148
8137,Tarawa,59,7,93,747,0,906,6.51214128,82.45033113,37.10691824,0.772626932,0.003624
8138,Tarawa,0,0,0,25,0,25,0,100,0,0,0.0001
8139,Tarawa,236,490,2835,3549,0,7110,3.319268636,49.91561181,6.627351867,6.891701828,0.02844
8140,Tarawa,10,0,134,402,0,546,1.831501832,73.62637363,6.944444444,0,0.002184
8141,Tarawa,318316,185519,792147,712780,16837,2025599,15.84637702,35.48354658,24.56176089,9.235489321,8.102396
8142,Tarawa,0,0,0,37,0,37,0,100,0,0,0.000148
8143,Tarawa,0,0,0,34,0,34,0,100,0,0,0.000136
8144,Tarawa,159951,81310,276566,439101,7367,964295,16.71505066,45.88652438,30.8888876,8.496982009,3.85718
8145,Tatakoto,0,0,7,54,0,61,0,88.52459016,0,0,0.000244
8146,Tatakoto,0,0,3,143,0,146,0,97.94520548,0,0,0.000584
8147,Tatakoto,0,0,0,28,0,28,0,100,0,0,0.000112
8148,Tatakoto,0,0,0,35,0,35,0,100,0,0,0.00014
8149,Tatakoto,0,0,0,25,0,25,0,100,0,0,0.0001
8150,Tatakoto,0,0,14,31,0,45,0,68.88888889,0,0,0.00018
8151,Tatakoto,2083,2228,6415,7402,0,18128,11.49051192,40.83186231,19.42010069,12.29037952,0.072512
8152,Tatakoto,6372,3906,4784,10747,0,25809,24.68906196,41.640513,42.30513876,15.13425549,0.103236
8153,Tatakoto,3586,3416,4325,12879,0,24206,14.8145088,53.20581674,31.65886819,14.11220359,0.096824
8154,Tatakoto,0,0,89,43,0,132,0,32.57575758,0,0,0.000528
8155,Tatakoto,0,0,1,44,0,45,0,97.77777778,0,0,0.00018
8156,Tatakoto,3361,1732,2636,4464,0,12193,27.56499631,36.61117034,43.48557381,14.20487165,0.048772
8157,Tatakoto,10559,7099,6395,7494,0,31547,33.47069452,23.75503217,43.89888995,22.50293213,0.126188
8158,Tatakoto,2716,1095,2471,4191,0,10473,25.93335243,40.01718705,43.23463865,10.45545689,0.041892
8159,Tatakoto,0,0,24,3,0,27,0,11.11111111,0,0,0.000108
8160,Tatakoto,0,0,75,376,0,451,0,83.37028825,0,0,0.001804
8161,Tatakoto,0,0,32,18,0,50,0,36,0,0,0.0002
8162,Tatakoto,72,37,247,1080,0,1436,5.013927577,75.20891365,20.2247191,2.576601671,0.005744
8163,Tatakoto,11999,18587,39543,16128,0,86257,13.91075507,18.69761295,17.10989747,21.54839607,0.345028
8164,Tatakoto,0,3,28,15,0,46,0,32.60869565,0,6.52173913,0.000184
8165,Tatakoto,0,0,310,100,0,410,0,24.3902439,0,0,0.00164
8166,Tatakoto,0,0,0,25,0,25,0,100,0,0,0.0001
8167,Tatakoto,0,0,47,32,0,79,0,40.50632911,0,0,0.000316
8168,Tatakoto,24,101,2709,9887,0,12721,0.188664413,77.72187721,0.846859562,0.793962739,0.050884
8169,Tatakoto,738,389,714,2297,0,4138,17.83470275,55.50990817,40.08690929,9.400676655,0.016552
8170,Tatakoto,151,70,468,4350,0,5039,2.996626315,86.32665211,21.91582003,1.389164517,0.020156
8171,Tatakoto,1,2,202,2112,0,2317,0.043159258,91.15235218,0.487804878,0.086318515,0.009268
8172,Tatakoto,2,50,541,3499,0,4092,0.048875855,85.5083089,0.337268128,1.221896383,0.016368
8173,Tatakoto,1,1,208,859,0,1069,0.09354537,80.3554724,0.476190476,0.09354537,0.004276
8174,Tatakoto,1007,1428,3896,5788,0,12119,8.309266441,47.75971615,15.90586005,11.78315042,0.048476
8175,Tatakoto,0,10,119,2898,0,3027,0,95.73835481,0,0.330360093,0.012108
8176,Tatakoto,0,0,94,33,0,127,0,25.98425197,0,0,0.000508
8177,Tatakoto,1,0,198,3112,0,3311,0.030202356,93.9897312,0.502512563,0,0.013244
8178,Tatakoto,5894,4389,7137,10636,0,28056,21.00798403,37.9098945,33.83467279,15.64371257,0.112224
8179,Tatakoto,33,33,205,2965,0,3236,1.019777503,91.62546354,12.17712177,1.019777503,0.012944
8180,Tatakoto,7411,6816,8859,8159,0,31245,23.71899504,26.11297808,32.10170666,21.81469035,0.12498
8181,Tatakoto,2340,2838,4480,18738,0,28396,8.240597267,65.98816735,24.22861876,9.994365404,0.113584
8182,Tatakoto,493,745,2241,6875,0,10354,4.761444852,66.39945915,14.17073872,7.195286846,0.041416
8183,Tatakoto,1087,624,1123,9318,0,12152,8.945029625,76.67873601,38.35568102,5.134957209,0.048608
8184,Tatakoto,153,1254,1766,7706,0,10879,1.406379263,70.83371633,4.821935077,11.52679474,0.043516
8185,Tatakoto,895,916,4460,10414,0,16685,5.364099491,62.41534312,14.27204593,5.489961043,0.06674
8186,Tatakoto,1662,3312,2964,19048,0,26986,6.158748981,70.58474765,20.93726379,12.27303046,0.107944
8187,Tatakoto,3200,2603,7862,57578,0,71243,4.491669357,80.8191682,23.41748994,3.653692293,0.284972
8188,Tatakoto,2562,1572,1502,5303,0,10939,23.42078801,48.47792303,45.45777147,14.3706006,0.043756
8189,Tatakoto,1683,2841,3388,28521,0,36433,4.619438421,78.28342437,21.27148635,7.797875552,0.145732
8190,Tatakoto,565364,478594,508527,439084,2497,1994066,28.38786906,22.04713972,36.41671256,24.03100269,7.976264
8191,Tatakoto,9,14,1767,5118,0,6908,0.130283729,74.0880139,0.502793296,0.202663578,0.027632
8192,Tauere,0,0,9,45,0,54,0,83.33333333,0,0,0.000216
8193,Tauere,0,0,16,70,0,86,0,81.39534884,0,0,0.000344
8194,Tauere,55432,9318,40025,74593,0,179368,30.90406316,41.58657063,52.90575042,5.194906561,0.717472
8195,Tauere,190412,36318,84455,205743,0,516928,36.83530395,39.80109416,61.18932468,7.02573666,2.067712
8196,Tauere,43061,4383,8794,33612,0,89850,47.92543127,37.40901503,76.56922366,4.878130217,0.3594
8197,Tematangi,0,0,0,891,0,891,0,100,0,0,0.003564
8198,Tematangi,0,0,0,34,0,34,0,100,0,0,0.000136
8199,Tematangi,0,0,0,125,0,125,0,100,0,0,0.0005
8200,Tematangi,0,0,0,433,0,433,0,100,0,0,0.001732
8201,Tematangi,0,0,0,26,0,26,0,100,0,0,0.000104
8202,Tematangi,0,0,0,912,0,912,0,100,0,0,0.003648
8203,Tematangi,0,0,41,90,0,131,0,68.70229008,0,0,0.000524
8204,Tematangi,0,0,0,211,0,211,0,100,0,0,0.000844
8205,Tematangi,0,0,0,51,0,51,0,100,0,0,0.000204
8206,Tematangi,0,0,0,67,0,67,0,100,0,0,0.000268
8207,Tematangi,0,0,0,370,0,370,0,100,0,0,0.00148
8208,Tematangi,0,0,0,482,0,482,0,100,0,0,0.001928
8209,Tematangi,0,0,0,28,0,28,0,100,0,0,0.000112
8210,Tematangi,0,0,2,47,0,49,0,95.91836735,0,0,0.000196
8211,Tematangi,0,0,0,1188,0,1188,0,100,0,0,0.004752
8212,Tematangi,0,0,0,118,0,118,0,100,0,0,0.000472
8213,Tematangi,0,0,0,47,0,47,0,100,0,0,0.000188
8214,Tematangi,33561,5766,54844,128730,21645,244546,15.05646004,57.75209622,35.63836,2.586798624,0.978184
8215,Tematangi,0,0,0,101,0,101,0,100,0,0,0.000404
8216,Tematangi,0,0,0,153,0,153,0,100,0,0,0.000612
8217,Tematangi,0,0,0,31,0,31,0,100,0,0,0.000124
8218,Tematangi,0,0,0,94,0,94,0,100,0,0,0.000376
8219,Tematangi,0,0,0,65,0,65,0,100,0,0,0.00026
8220,Tematangi,0,0,0,147,0,147,0,100,0,0,0.000588
8221,Tematangi,0,0,0,68,0,68,0,100,0,0,0.000272
8222,Tematangi,0,0,0,78,0,78,0,100,0,0,0.000312
8223,Tematangi,16,11,122,1695,0,1844,0.867678959,91.9197397,10.73825503,0.596529284,0.007376
8224,Tematangi,0,0,0,306,0,306,0,100,0,0,0.001224
8225,Tematangi,0,0,0,58,0,58,0,100,0,0,0.000232
8226,Tematangi,0,0,0,107,0,107,0,100,0,0,0.000428
8227,Tematangi,0,0,0,93,0,93,0,100,0,0,0.000372
8228,Tematangi,0,0,0,62,0,62,0,100,0,0,0.000248
8229,Tematangi,50073,7594,69776,130063,0,257506,19.44537215,50.50872601,39.29050634,2.949057498,1.030024
8230,Tematangi,0,0,6,52,0,58,0,89.65517241,0,0,0.000232
8231,Tematangi,389,124,5554,47448,0,53515,0.726899,88.66299168,6.411735619,0.231710735,0.21406
8232,Tematangi,1,0,303,26980,0,27284,0.003665152,98.88579387,0.328947368,0,0.109136
8233,Tematangi,0,0,7,24,0,31,0,77.41935484,0,0,0.000124
8234,Tematangi,0,0,0,66,0,66,0,100,0,0,0.000264
8235,Tematangi,2661,411,6444,58435,11266,79217,3.916057159,85.99579108,27.96343001,0.604847611,0.316868
8236,Tematangi,0,0,0,53,0,53,0,100,0,0,0.000212
8237,Tematangi,163069,9657,111803,248318,0,532847,30.60334392,46.60212031,57.31190845,1.812340128,2.131388
8238,Tematangi,1554,26,963,3558,0,6101,25.47123422,58.31830847,61.10892646,0.426159646,0.024404
8239,Tematangi,5383,195,3942,35811,0,45331,11.87487591,78.99891906,56.54411765,0.4301692,0.181324
8240,Tematangi,0,0,3,30,0,33,0,90.90909091,0,0,0.000132
8241,Tematangi,1614,47,1262,9838,0,12761,12.64791161,77.09427161,55.21724256,0.368309694,0.051044
8242,Tematangi,589,40,515,2970,0,4114,14.31696646,72.19251337,51.48601399,0.972289742,0.016456
8243,Tematangi,71013,14253,206059,210173,24317,525815,14.16017611,41.90904051,24.37586887,2.842085113,2.10326
8244,Tematangi,0,0,0,362,0,362,0,100,0,0,0.001448
8245,Tematangi,874,37,7803,35882,0,44596,1.959817024,80.46013095,10.02983704,0.082967082,0.178384
8246,Tematangi,5524,325,8353,37934,0,52136,10.59536597,72.75970539,38.89593015,0.623369649,0.208544
8247,Tematangi,0,0,0,27,0,27,0,100,0,0,0.000108
8248,Tematangi,872,74,4133,26006,579,31664,2.805211517,83.66092971,17.168734,0.238056941,0.126656
8249,Tematangi,0,0,0,0,47,47,0,0,0,0,0.000188
8250,Tematangi,34932,3261,19133,82047,38033,177406,25.06367804,58.86864744,60.93570108,2.339764517,0.709624
8251,Tenararo,0,0,0,126,0,126,0,100,0,0,0.000504
8252,Tenararo,0,0,2,26,0,28,0,92.85714286,0,0,0.000112
8253,Tenararo,0,0,1,26,0,27,0,96.2962963,0,0,0.000108
8254,Tenararo,0,0,0,106,0,106,0,100,0,0,0.000424
8255,Tenararo,0,0,0,62,0,62,0,100,0,0,0.000248
8256,Tenararo,0,0,0,179,0,179,0,100,0,0,0.000716
8257,Tenararo,0,0,0,47,0,47,0,100,0,0,0.000188
8258,Tenararo,0,0,0,149,0,149,0,100,0,0,0.000596
8259,Tenararo,0,0,0,161,0,161,0,100,0,0,0.000644
8260,Tenararo,0,0,1,41,0,42,0,97.61904762,0,0,0.000168
8261,Tenararo,0,0,1,60,0,61,0,98.36065574,0,0,0.000244
8262,Tenararo,0,0,13,102,0,115,0,88.69565217,0,0,0.00046
8263,Tenararo,0,0,7,58,0,65,0,89.23076923,0,0,0.00026
8264,Tenararo,259460,104157,107411,162802,0,633830,40.93526655,25.68543616,55.08377421,16.43295521,2.53532
8265,Tenarunga,0,0,15,12,0,27,0,44.44444444,0,0,0.000108
8266,Tenarunga,0,0,0,42,0,42,0,100,0,0,0.000168
8267,Tenarunga,0,0,3,34,0,37,0,91.89189189,0,0,0.000148
8268,Tenarunga,0,0,0,37,0,37,0,100,0,0,0.000148
8269,Tenarunga,0,0,11,37,0,48,0,77.08333333,0,0,0.000192
8270,Tenarunga,0,0,27,102,0,129,0,79.06976744,0,0,0.000516
8271,Tenarunga,0,0,0,78,0,78,0,100,0,0,0.000312
8272,Tenarunga,0,0,23,123,0,146,0,84.24657534,0,0,0.000584
8273,Tenarunga,45,2,204,227,0,478,9.414225941,47.48953975,17.92828685,0.418410042,0.001912
8274,Tenarunga,10,1,71,45,0,127,7.874015748,35.43307087,12.19512195,0.787401575,0.000508
8275,Tenarunga,0,0,14,69,0,83,0,83.13253012,0,0,0.000332
8276,Tenarunga,12,1,136,328,0,477,2.51572327,68.76310273,8.053691275,0.209643606,0.001908
8277,Tenarunga,347870,87656,280231,292761,0,1008518,34.49318703,29.02883241,48.60169024,8.691565247,4.034072
8278,Tepoto Nord,101760,111269,151987,147405,0,512421,19.8586709,28.76638545,27.87823,21.71437158,2.049684
8279,Tepoto Sud,5157,5302,8294,25832,0,44585,11.5666704,57.93876864,27.49960006,11.89189189,0.17834
8280,Tepoto Sud,2,1,180,2254,0,2437,0.082068117,92.49076734,1.092896175,0.041034058,0.009748
8281,Tepoto Sud,1,54,573,3003,0,3631,0.027540622,82.70448912,0.159235669,1.487193611,0.014524
8282,Tepoto Sud,0,1,171,2581,0,2753,0,93.75227025,0,0.03632401,0.011012
8283,Tepoto Sud,24958,79087,101545,101514,0,307104,8.126888611,33.05525164,12.13969551,25.75251381,1.228416
8284,Tepoto Sud,0,0,65,2593,0,2658,0,97.55455229,0,0,0.010632
8285,Teraina,29,0,25,1380,0,1434,2.022315202,96.23430962,53.7037037,0,0.005736
8286,Teraina,0,0,0,34,0,34,0,100,0,0,0.000136
8287,Teraina,21,0,15,1582,0,1618,1.29789864,97.7750309,58.33333333,0,0.006472
8288,Teraina,0,0,26,2,0,28,0,7.142857143,0,0,0.000112
8289,Teraina,0,0,103,29,0,132,0,21.96969697,0,0,0.000528
8290,Teraina,627,267,55,212,0,1161,54.00516796,18.26012059,66.06954689,22.99741602,0.004644
8291,Teraina,11,16,3,16,0,46,23.91304348,34.7826087,36.66666667,34.7826087,0.000184
8292,Teraina,13,10,8,15,0,46,28.26086957,32.60869565,41.93548387,21.73913043,0.000184
8293,Teraina,7,6,13,2,0,28,25,7.142857143,26.92307692,21.42857143,0.000112
8294,Teraina,22829,2021,885,2000,0,27735,82.31115919,7.211105102,88.70798523,7.286821705,0.11094
8295,Teraina,20,2,0,4,0,26,76.92307692,15.38461538,90.90909091,7.692307692,0.000104
8296,Teraina,36,93,11,32,0,172,20.93023256,18.60465116,25.71428571,54.06976744,0.000688
8297,Teraina,352,84,2,25,0,463,76.02591793,5.399568035,80.3652968,18.1425486,0.001852
8298,Teraina,3,18,9,7,0,37,8.108108108,18.91891892,10,48.64864865,0.000148
8299,Teraina,0,0,0,121,0,121,0,100,0,0,0.000484
8300,Teraina,3,65,144,21,0,233,1.287553648,9.012875536,1.41509434,27.89699571,0.000932
8301,Teraina,233,157,34,153,0,577,40.3812825,26.51646447,54.95283019,27.20970537,0.002308
8302,Teraina,7,37,51,21,0,116,6.034482759,18.10344828,7.368421053,31.89655172,0.000464
8303,Teraina,687,26,1,34,0,748,91.84491979,4.545454545,96.21848739,3.475935829,0.002992
8304,Teraina,77,0,0,0,0,77,100,0,100,0,0.000308
8305,Teraina,19,19,11,49,0,98,19.3877551,50,38.7755102,19.3877551,0.000392
8306,Teraina,25,80,656,94,0,855,2.923976608,10.99415205,3.285151117,9.356725146,0.00342
8307,Teraina,3,18,27,18,0,66,4.545454545,27.27272727,6.25,27.27272727,0.000264
8308,Teraina,12,34,25,39,0,110,10.90909091,35.45454545,16.90140845,30.90909091,0.00044
8309,Teraina,11,28,5,9,0,53,20.75471698,16.98113208,25,52.83018868,0.000212
8310,Teraina,9,36,11,11,0,67,13.43283582,16.41791045,16.07142857,53.73134328,0.000268
8311,Teraina,0,0,0,524,0,524,0,100,0,0,0.002096
8312,Teraina,0,0,0,292,0,292,0,100,0,0,0.001168
8313,Teraina,2738,1035,674,970,0,5417,50.54458187,17.90659036,61.56959748,19.10651652,0.021668
8314,Teraina,12,4,0,17,0,33,36.36363636,51.51515152,75,12.12121212,0.000132
8315,Teraina,10,16,5,34,0,65,15.38461538,52.30769231,32.25806452,24.61538462,0.00026
8316,Teraina,0,0,26,4844,0,4870,0,99.4661191,0,0,0.01948
8317,Teraina,45,32,18,26,0,121,37.19008264,21.48760331,47.36842105,26.44628099,0.000484
8318,Teraina,0,0,0,105,0,105,0,100,0,0,0.00042
8319,Teraina,34,19,26,37,0,116,29.31034483,31.89655172,43.03797468,16.37931034,0.000464
8320,Teraina,5,24,26,11,0,66,7.575757576,16.66666667,9.090909091,36.36363636,0.000264
8321,Teraina,51,21,24,15,0,111,45.94594595,13.51351351,53.125,18.91891892,0.000444
8322,Teraina,12,37,107,45,0,201,5.970149254,22.3880597,7.692307692,18.4079602,0.000804
8323,Teraina,33,58,87,73,0,251,13.14741036,29.08366534,18.53932584,23.10756972,0.001004
8324,Teraina,13,28,54,32,0,127,10.23622047,25.19685039,13.68421053,22.04724409,0.000508
8325,Teraina,0,0,0,38,0,38,0,100,0,0,0.000152
8326,Teraina,11,27,39,11,0,88,12.5,12.5,14.28571429,30.68181818,0.000352
8327,Teraina,0,0,0,353,0,353,0,100,0,0,0.001412
8328,Teraina,0,0,18,166,0,184,0,90.2173913,0,0,0.000736
8329,Teraina,0,0,0,43,0,43,0,100,0,0,0.000172
8330,Teraina,0,0,0,131,0,131,0,100,0,0,0.000524
8331,Teraina,0,0,11,527,0,538,0,97.95539033,0,0,0.002152
8332,Teraina,1993312,211298,151518,162858,114528,2633514,79.13152356,6.465220529,84.60117617,8.388216528,10.534056
8333,Teraina,0,0,12,598,0,610,0,98.03278689,0,0,0.00244
8334,Tetiaroa,0,0,81,57,0,138,0,41.30434783,0,0,0.000552
8335,Tetiaroa,4706,4957,1240,108,0,11011,42.7390791,0.980837344,43.16243236,45.01861775,0.044044
8336,Tetiaroa,8477,6468,3838,753,0,19536,43.39168714,3.854422604,45.13123569,33.10810811,0.078144
8337,Tetiaroa,207096,67104,16634,8742,0,299576,69.12970331,2.918124282,71.20763047,22.39965818,1.198304
8338,Tetiaroa,270032,111599,26397,14301,7887,430216,63.93877759,3.386222589,66.17977198,26.42465945,1.720864
8339,Tetiaroa,1976,1563,2305,284,0,6128,32.24543081,4.634464752,33.81245722,25.50587467,0.024512
8340,Tetiaroa,21009,18294,23827,14713,0,77843,26.98893928,18.90086456,33.2789482,23.50114975,0.311372
8341,Tetiaroa,0,0,0,416,0,416,0,100,0,0,0.001664
8342,Tetiaroa,0,0,0,418,0,418,0,100,0,0,0.001672
8343,Tetiaroa,61002,74203,29597,29010,0,193812,31.47483128,14.96811343,37.01532748,38.28607104,0.775248
8344,Tetiaroa,117923,49720,36653,25437,2974,232707,51.33045753,11.07241885,57.72163919,21.64251544,0.930828
8345,Tetiaroa,191,283,222,1861,0,2557,7.469691044,72.78060227,27.44252874,11.06765741,0.010228
8346,Tetiaroa,25009,28303,2657,3189,0,59158,42.27492478,5.390648771,44.68366417,47.84306434,0.236632
8347,Tikehau,0,0,0,0,33,33,0,0,0,0,0.000132
8348,Tikehau,0,0,59,116,0,175,0,66.28571429,0,0,0.0007
8349,Tikehau,38235,67115,122823,93650,0,321823,11.88075433,29.09984681,16.75702208,20.85463127,1.287292
8350,Tikehau,0,0,0,0,30,30,0,0,0,0,0.00012
8351,Tikehau,0,0,0,0,32,32,0,0,0,0,0.000128
8352,Tikehau,0,0,0,0,152,152,0,0,0,0,0.000608
8353,Tikehau,0,0,0,0,29,29,0,0,0,0,0.000116
8354,Tikehau,0,0,0,0,30,30,0,0,0,0,0.00012
8355,Tikehau,0,0,0,0,30,30,0,0,0,0,0.00012
8356,Tikehau,886,1469,10261,13586,0,26202,3.381421266,51.85100374,7.022828155,5.606442256,0.104808
8357,Tikehau,20934,40117,54707,36091,0,151849,13.78606379,23.76769027,18.08427927,26.41900836,0.607396
8358,Tikehau,42,20,246,224,0,532,7.894736842,42.10526316,13.63636364,3.759398496,0.002128
8359,Tikehau,409327,110676,310019,99999,66854,996875,44.01266208,10.75233785,49.31519887,11.90037644,3.9875
8360,Tikehau,0,0,4,33,0,37,0,89.18918919,0,0,0.000148
8361,Tikehau,1551,232,16529,27323,0,45635,3.398707133,59.87290457,8.469855832,0.508381725,0.18254
8362,Tikehau,3,0,372,1845,0,2220,0.135135135,83.10810811,0.8,0,0.00888
8363,Tikehau,8,13,645,6333,0,6999,0.114302043,90.48435491,1.201201201,0.18574082,0.027996
8364,Tikehau,26802,25499,72385,48943,0,173629,15.43636144,28.18826348,21.49559694,14.68591076,0.694516
8365,Tikehau,95,195,1153,798,0,2241,4.239178938,35.60910308,6.583506584,8.701472557,0.008964
8366,Tikehau,0,0,46,52,0,98,0,53.06122449,0,0,0.000392
8367,Tikehau,2133,1120,9198,16109,0,28560,7.468487395,56.40406162,17.13115412,3.921568627,0.11424
8368,Tikehau,463,451,7382,4139,0,12435,3.72336148,33.28508243,5.581002893,3.62685967,0.04974
8369,Tikehau,2088,2588,12094,3578,0,20348,10.26145076,17.58403774,12.45080501,12.71869471,0.081392
8370,Tikehau,4443,3438,13028,6984,0,27893,15.92872764,25.03854014,21.24922282,12.32567311,0.111572
8371,Tikehau,0,0,11,18,0,29,0,62.06896552,0,0,0.000116
8372,Tikehau,14118,14363,44756,27467,0,100704,14.0193041,27.27498411,19.27714134,14.26259136,0.402816
8373,Tikehau,9184,10402,21389,14655,0,55630,16.50907784,26.34369944,22.41366687,18.69854395,0.22252
8374,Tikehau,12,8,135,110,0,265,4.528301887,41.50943396,7.741935484,3.018867925,0.00106
8375,Tikehau,1439,1929,8796,4564,0,16728,8.602343376,27.28359637,11.82999013,11.53156385,0.066912
8376,Tikehau,1534,2065,11281,5253,0,20133,7.619331446,26.09149158,10.30913978,10.25679233,0.080532
8377,Tikehau,8193,9143,25496,11173,0,54005,15.17081752,20.68882511,19.12822189,16.9299139,0.21602
8378,Tikehau,45,19,1659,13412,0,15135,0.297324083,88.61579121,2.611723738,0.125536835,0.06054
8379,Tikehau,0,0,1,76,0,77,0,98.7012987,0,0,0.000308
8380,Tikehau,3926,5223,10103,5991,0,25243,15.55282653,23.73331221,20.39268647,20.6908846,0.100972
8381,Tikehau,5394,823,2231,859,0,9307,57.95637692,9.22961212,63.84943182,8.84280649,0.037228
8382,Tikehau,17926,21574,35542,12897,0,87939,20.38458477,14.66584792,23.88795608,24.53291486,0.351756
8383,Tikehau,2298,2502,19964,11697,0,36461,6.302624722,32.08085351,9.279599419,6.862126656,0.145844
8384,Tikehau,26838,18802,40547,18465,0,104652,25.64499484,17.64419218,31.13926694,17.96621183,0.418608
8385,Tikehau,323354,309362,166781,102042,0,901539,35.86688984,11.31864512,40.44467959,34.31487712,3.606156
8386,Tikehau,12337,5037,37086,21724,0,76184,16.19368896,28.51517379,22.65332354,6.611624488,0.304736
8387,Tikehau,286,6,418,1192,0,1902,15.03680336,62.67087277,40.28169014,0.315457413,0.007608
8388,Tikehau,32853,35496,24767,21761,0,114877,28.59841396,18.94286933,35.28179905,30.8991356,0.459508
8389,Tikehau,0,0,15,128,0,143,0,89.51048951,0,0,0.000572
8390,Tikehau,0,0,1,163,0,164,0,99.3902439,0,0,0.000656
8391,Tikehau,0,0,0,72,0,72,0,100,0,0,0.000288
8392,Tikehau,18415,8442,10829,7632,0,45318,40.63506774,16.84099033,48.86429974,18.62835959,0.181272
8393,Tikehau,1410,937,2282,2302,0,6931,20.34338479,33.21310056,30.46014258,13.51897273,0.027724
8394,Tikehau,0,0,0,54,0,54,0,100,0,0,0.000216
8395,Tikehau,17,5,356,617,0,995,1.708542714,62.01005025,4.497354497,0.502512563,0.00398
8396,Tikehau,0,0,0,34,0,34,0,100,0,0,0.000136
8397,Tikehau,20177,31383,28436,48707,0,128703,15.67717924,37.84449469,25.22251113,24.38404699,0.514812
8398,Tikehau,1658,2488,9909,39892,0,53947,3.073386843,73.94665134,11.7965137,4.611933935,0.215788
8399,Tikehau,7609,2097,15244,3370,0,28320,26.86793785,11.89971751,30.49699399,7.404661017,0.11328
8400,Tikehau,91,4,1588,4304,0,5987,1.519959913,71.88909303,5.407011289,0.066811425,0.023948
8401,Tikehau,0,0,225,761,0,986,0,77.18052738,0,0,0.003944
8402,Tikehau,16,9,379,1476,0,1880,0.85106383,78.5106383,3.96039604,0.478723404,0.00752
8403,Tikehau,0,0,14,185,0,199,0,92.96482412,0,0,0.000796
8404,Tikehau,9503,15007,24188,53335,3989,106022,9.313653426,52.27230406,19.51414842,14.70798663,0.424088
8405,Tikehau,30,30,392,445,0,897,3.344481605,49.60981048,6.637168142,3.344481605,0.003588
8406,Tikehau,2012,1477,6549,3614,0,13652,14.73776736,26.47231175,20.04383343,10.81892763,0.054608
8407,Tikehau,0,0,6,81,0,87,0,93.10344828,0,0,0.000348
8408,Tikehau,131,592,2211,26815,0,29749,0.440350936,90.13748361,4.464894342,1.989982857,0.118996
8409,Tikehau,370,786,3443,28015,0,32614,1.134482124,85.89869381,8.045227223,2.410007972,0.130456
8410,Tikehau,0,0,39,314,0,353,0,88.95184136,0,0,0.001412
8411,Tikehau,977,283,2360,5068,0,8688,11.24539595,58.33333333,26.98895028,3.257366483,0.034752
8412,Tikehau,0,0,0,29,0,29,0,100,0,0,0.000116
8413,Tikehau,134,1495,4906,19472,0,26007,0.515245895,74.87214981,2.050497322,5.74845234,0.104028
8414,Tikehau,0,0,2,36,0,38,0,94.73684211,0,0,0.000152
8415,Tikehau,2560,4747,6327,3866,0,17500,14.62857143,22.09142857,18.77658794,27.12571429,0.07
8416,Tikehau,2828,3194,8580,18253,0,32855,8.607517882,55.55623193,19.36720997,9.721503576,0.13142
8417,Tikehau,0,0,20,559,0,579,0,96.54576857,0,0,0.002316
8418,Tikehau,0,0,0,161,0,161,0,100,0,0,0.000644
8419,Tikehau,0,0,1,38,0,39,0,97.43589744,0,0,0.000156
8420,Tikehau,0,0,1,82,0,83,0,98.79518072,0,0,0.000332
8421,Tikehau,3829,8886,8882,21309,0,42906,8.924159791,49.6643826,17.72931426,20.71039016,0.171624
8422,Tikehau,0,0,2,92,0,94,0,97.87234043,0,0,0.000376
8423,Tikehau,0,0,19,123,0,142,0,86.61971831,0,0,0.000568
8424,Tikehau,0,0,1,30,0,31,0,96.77419355,0,0,0.000124
8425,Tikehau,0,0,13,231,0,244,0,94.67213115,0,0,0.000976
8426,Tikehau,4812,7020,4188,18124,0,34144,14.09325211,53.08106842,30.03745318,20.55998126,0.136576
8427,Tikehau,0,0,0,36,0,36,0,100,0,0,0.000144
8428,Tikehau,0,0,1,41,0,42,0,97.61904762,0,0,0.000168
8429,Tikehau,0,0,2,216,0,218,0,99.08256881,0,0,0.000872
8430,Tikehau,922,3015,1972,10686,0,16595,5.555890328,64.39288942,15.60331697,18.16812293,0.06638
8431,Tikehau,0,0,8,169,0,177,0,95.48022599,0,0,0.000708
8432,Tikehau,0,0,84,4346,0,4430,0,98.10383747,0,0,0.01772
8433,Tikehau,0,0,20,320,0,340,0,94.11764706,0,0,0.00136
8434,Tikehau,0,0,0,40,0,40,0,100,0,0,0.00016
8435,Tikehau,0,0,0,40,0,40,0,100,0,0,0.00016
8436,Tikehau,2390,5845,6256,16352,0,30843,7.74892196,53.016892,16.49299565,18.95081542,0.123372
8437,Tikehau,1,11,219,16136,0,16367,0.006109855,98.58862345,0.432900433,0.067208407,0.065468
8438,Tikehau,0,0,125,10090,0,10215,0,98.77630935,0,0,0.04086
8439,Tikehau,37462,25307,37334,43906,0,144009,26.01365192,30.48837225,37.42345384,17.57320723,0.576036
8440,Tikehau,1620,4394,6946,31508,0,44468,3.643069173,70.85544661,12.5,9.881262931,0.177872
8441,Tikehau,727,1282,3103,4744,0,9856,7.376217532,48.13311688,14.22143975,13.00730519,0.039424
8442,Tikehau,6237,3282,15333,22196,0,47048,13.25667404,47.17735079,25.0965717,6.975854447,0.188192
8443,Tikehau,0,0,158,3101,0,3259,0,95.15188708,0,0,0.013036
8444,Tikehau,85,126,1421,3630,0,5262,1.615355378,68.98517674,5.208333333,2.394526796,0.021048
8445,Tikehau,978,1270,1193,2374,0,5815,16.81857266,40.82545142,28.42197036,21.84006879,0.02326
8446,Tikehau,538,1162,2070,4646,0,8416,6.392585551,55.20437262,14.27055703,13.80703422,0.033664
8447,Tikehau,19,6,739,1286,0,2050,0.926829268,62.73170732,2.486910995,0.292682927,0.0082
8448,Tikehau,1855,1404,6314,5870,0,15443,12.01191478,38.01074921,19.37741565,9.091497766,0.061772
8449,Tikehau,1,0,392,1462,0,1855,0.053908356,78.81401617,0.254452926,0,0.00742
8450,Tikehau,0,0,108,1174,0,1282,0,91.57566303,0,0,0.005128
8451,Tikehau,2580,2381,3326,3464,0,11751,21.95557825,29.47834227,31.13310004,20.26210535,0.047004
8452,Tikehau,0,0,0,50,0,50,0,100,0,0,0.0002
8453,Tikehau,24,88,598,282,0,992,2.419354839,28.42741935,3.38028169,8.870967742,0.003968
8454,Tikehau,0,0,0,25,0,25,0,100,0,0,0.0001
8455,Tikehau,3649,3267,6448,16202,0,29566,12.34187919,54.79943178,27.30469919,11.04985456,0.118264
8456,Tikehau,244,31,2922,2778,0,5975,4.083682008,46.49372385,7.632155145,0.518828452,0.0239
8457,Tikehau,448,1149,3711,5433,0,10741,4.170933805,50.58188251,8.44009043,10.697328,0.042964
8458,Tikehau,1554,2462,6315,11928,0,22259,6.981445707,53.587313,15.04210628,11.06069455,0.089036
8459,Tikehau,1082,1276,2282,3421,0,8061,13.42265228,42.43890336,23.31896552,15.82930158,0.032244
8460,Tikehau,457,665,2324,8170,0,11616,3.93422865,70.33402204,13.26175276,5.724862259,0.046464
8461,Tikehau,56,318,670,1740,0,2784,2.011494253,62.5,5.363984674,11.42241379,0.011136
8462,Tikehau,55,3,704,394,0,1156,4.757785467,34.08304498,7.217847769,0.259515571,0.004624
8463,Tikehau,0,0,0,38,0,38,0,100,0,0,0.000152
8464,Tikehau,1271,1406,1941,3317,0,7935,16.01764335,41.80214241,27.52273712,17.7189666,0.03174
8465,Tikehau,610,566,608,1162,0,2946,20.70604209,39.44331297,34.19282511,19.21249151,0.011784
8466,Tikehau,1242,1733,2252,5730,0,10957,11.33521949,52.29533631,23.76123972,15.81637309,0.043828
8467,Tikehau,0,0,11,568,0,579,0,98.10017271,0,0,0.002316
8468,Tikehau,1756,1349,2860,7513,0,13478,13.02863926,55.74269179,29.43839061,10.0089034,0.053912
8469,Tikehau,0,0,3,71,0,74,0,95.94594595,0,0,0.000296
8470,Tikehau,2,14,660,1746,0,2422,0.082576383,72.08918249,0.295857988,0.578034682,0.009688
8471,Tikehau,6,175,496,1493,0,2170,0.276497696,68.80184332,0.886262925,8.064516129,0.00868
8472,Tikehau,0,0,0,30,0,30,0,100,0,0,0.00012
8473,Tikehau,1,0,859,2519,0,3379,0.029594555,74.54868304,0.11627907,0,0.013516
8474,Tikehau,2033,2886,1990,3719,0,10628,19.1287166,34.99247271,29.42538718,27.15468574,0.042512
8475,Tikehau,1720,3729,8493,6648,0,20590,8.353569694,32.28751821,12.33682399,18.11073337,0.08236
8476,Tikehau,2267,942,4416,3359,0,10984,20.63911143,30.58084487,29.73114754,8.576110706,0.043936
8477,Tikehau,0,0,0,69,0,69,0,100,0,0,0.000276
8478,Tikehau,51,44,2761,3701,0,6557,0.777794723,56.4434955,1.785714286,0.671038585,0.026228
8479,Tikehau,2097,2731,4856,5818,0,15502,13.5272868,37.53064121,21.65427509,17.61708167,0.062008
8480,Tikehau,2206,2823,3782,4731,0,13542,16.29006055,34.93575543,25.03688571,20.84625609,0.054168
8481,Tikehau,1199,2525,3230,8902,0,15856,7.561806256,56.14278507,17.24187518,15.92457114,0.063424
8482,Tikehau,70,82,4096,7281,0,11529,0.607164542,63.1537861,1.647834275,0.711249892,0.046116
8483,Tikehau,98,122,4167,7252,0,11639,0.841996735,62.3077584,2.233872806,1.048200017,0.046556
8484,Tikehau,3532,11923,13275,30182,0,58912,5.995382944,51.23234655,12.29376958,20.23866105,0.235648
8485,Tikehau,391,359,9049,5369,0,15168,2.577795359,35.39688819,3.990203082,2.366824895,0.060672
8486,Tikehau,62,622,3677,14055,0,18416,0.336663771,76.31950478,1.421692272,3.377497828,0.073664
8487,Tikehau,12,8,1565,2792,0,4377,0.274160384,63.78798264,0.757097792,0.182773589,0.017508
8488,Tikehau,2,315,1078,4411,0,5806,0.034447124,75.97313124,0.143369176,5.425421977,0.023224
8489,Tikehau,0,131,817,7084,0,8032,0,88.19721116,0,1.630976096,0.032128
8490,Tikehau,0,256,1203,3274,0,4733,0,69.17388548,0,5.408831608,0.018932
8491,Tikehau,514,1908,4510,14094,0,21026,2.444592409,67.03129459,7.414887478,9.074479216,0.084104
8492,Tikehau,122,334,428,1878,0,2762,4.417089066,67.9942071,13.80090498,12.09268646,0.011048
8493,Tikehau,5603,8533,20909,48825,0,83870,6.680577084,58.21509479,15.98801541,10.17407893,0.33548
8494,Tikehau,2547,3064,4767,16618,0,26996,9.434731071,61.55726774,24.54230102,11.3498296,0.107984
8495,Tikehau,0,0,16,4104,0,4120,0,99.61165049,0,0,0.01648
8496,Tikehau,389,210,3863,18463,0,22925,1.696837514,80.53653217,8.718063649,0.916030534,0.0917
8497,Tikehau,786,739,863,2475,0,4863,16.16286243,50.89450956,32.91457286,15.19638083,0.019452
8498,Tikehau,8416,2782,1537,1832,0,14567,57.77442164,12.57637125,66.08559089,19.09796115,0.058268
8499,Tikehau,1098,2043,4462,8163,0,15766,6.964353672,51.77597361,14.44166776,12.95826462,0.063064
8500,Tikehau,7034,6074,18726,38959,0,70793,9.936010623,55.0322772,22.09587234,8.579944345,0.283172
8501,Tikehau,142,190,1080,2075,0,3487,4.072268426,59.50673932,10.05665722,5.448809865,0.013948
8502,Tikehau,1178,2251,3296,4467,0,11192,10.52537527,39.91243746,17.51672862,20.11258041,0.044768
8503,Tikehau,32,267,1862,8698,0,10859,0.294686435,80.09945667,1.480795928,2.458789944,0.043436
8504,Tikehau,929,1410,1419,2864,0,6622,14.02899426,43.24977348,24.72059606,21.29266083,0.026488
8505,Tikehau,67,0,383,1309,0,1759,3.808982376,74.41728255,14.88888889,0,0.007036
8506,Tikehau,1555,2100,4075,6245,0,13975,11.12701252,44.68694097,20.1164295,15.02683363,0.0559
8507,Tikehau,1174,2488,3814,9172,0,16648,7.051898126,55.09370495,15.7035848,14.94473811,0.066592
8508,Tikehau,2515,1598,10963,18677,0,33753,7.451189524,55.33434065,16.6821438,4.73439398,0.135012
8509,Tikehau,37,225,1703,5962,0,7927,0.466759177,75.21130314,1.882951654,2.838400404,0.031708
8510,Tikehau,308,210,2180,5943,0,8641,3.564402268,68.77676195,11.4158636,2.430274274,0.034564
8511,Tikehau,0,0,0,34,0,34,0,100,0,0,0.000136
8512,Tikehau,5,0,371,6333,0,6709,0.074526755,94.39558802,1.329787234,0,0.026836
8513,Tikehau,0,0,0,27,0,27,0,100,0,0,0.000108
8514,Tikehau,325,207,4067,6358,0,10957,2.966140367,58.02683216,7.066753642,1.889203249,0.043828
8515,Tikehau,12,63,410,6736,0,7221,0.166181969,93.28347874,2.474226804,0.872455339,0.028884
8516,Tikehau,395,255,1398,4396,0,6444,6.129733085,68.21849783,19.28710938,3.95716946,0.025776
8517,Tikehau,1364,225,1580,5202,0,8371,16.29434954,62.14311313,43.04196908,2.687850914,0.033484
8518,Tikehau,16,50,411,2851,0,3328,0.480769231,85.66706731,3.354297694,1.502403846,0.013312
8519,Tikehau,909,293,1294,5853,0,8349,10.88753144,70.1042041,36.41826923,3.509402324,0.033396
8520,Tikehau,1704,822,1655,3502,0,7683,22.17883639,45.5811532,40.75580005,10.69894572,0.030732
8521,Tikehau,2144,796,4035,7413,0,14388,14.90130664,51.52210175,30.73835125,5.532388101,0.057552
8522,Tikehau,0,0,25,0,0,25,0,0,0,0,0.0001
8523,Tikehau,287860,92925,183969,109024,0,673778,42.72327087,16.1809973,50.97086519,13.79163463,2.695112
8524,Toau,0,0,0,37,0,37,0,100,0,0,0.000148
8525,Toau,0,0,0,524,0,524,0,100,0,0,0.002096
8526,Toau,19,54,5698,5583,0,11354,0.167341906,49.17209794,0.329232369,0.475603312,0.045416
8527,Toau,0,0,0,25,0,25,0,100,0,0,0.0001
8528,Toau,0,0,0,37,0,37,0,100,0,0,0.000148
8529,Toau,4,48,852,4930,0,5834,0.068563593,84.50462804,0.442477876,0.822763113,0.023336
8530,Toau,0,0,0,184,0,184,0,100,0,0,0.000736
8531,Toau,1,0,9,36,0,46,2.173913043,78.26086957,10,0,0.000184
8532,Toau,4,119,12293,66097,0,78513,0.005094698,84.18605836,0.032216495,0.151567256,0.314052
8533,Toau,5851,34168,33336,54298,0,127653,4.583519385,42.53562392,7.976279736,26.7663118,0.510612
8534,Toau,14722,45227,99467,233938,0,393354,3.742684706,59.47263788,9.234957595,11.49778571,1.573416
8535,Toau,71,1121,5500,6137,0,12829,0.553433627,47.83693195,1.06096832,8.738015434,0.051316
8536,Toau,6436,13923,42419,60601,0,123379,5.216446883,49.1177591,10.25199911,11.28474051,0.493516
8537,Toau,1000,3887,5855,14164,0,24906,4.015096764,56.86983056,9.309253398,15.60668112,0.099624
8538,Toau,17,26,2736,8109,0,10888,0.156135195,74.47648788,0.611730838,0.238795004,0.043552
8539,Toau,1476,2511,5499,3660,0,13146,11.22774989,27.84116842,15.5597723,19.10086718,0.052584
8540,Toau,0,1,346,2152,0,2499,0,86.11444578,0,0.040016006,0.009996
8541,Toau,0,0,0,40,0,40,0,100,0,0,0.00016
8542,Toau,436,2219,9069,8625,0,20349,2.142611431,42.3853752,3.718867281,10.90471276,0.081396
8543,Toau,2,16,12,3,0,33,6.060606061,9.090909091,6.666666667,48.48484848,0.000132
8544,Toau,343,1360,75193,88790,0,165686,0.207018094,53.58931956,0.446057012,0.820829762,0.662744
8545,Toau,0,0,36,44,0,80,0,55,0,0,0.00032
8546,Toau,0,0,8,58,0,66,0,87.87878788,0,0,0.000264
8547,Toau,3514,6567,122459,96552,0,229092,1.533881585,42.14551359,2.651275087,2.866533969,0.916368
8548,Toau,34790,52047,143816,95428,0,326081,10.66912822,29.26512124,15.0832636,15.96137156,1.304324
8549,Toau,0,31,1580,1424,0,3035,0,46.91927512,0,1.021416804,0.01214
8550,Toau,101111,239721,639381,474723,0,1454936,6.949515305,32.62844551,10.315207,16.47639484,5.819744
8551,Toau,0,0,18,68,0,86,0,79.06976744,0,0,0.000344
8552,Toau,0,0,94,0,0,94,0,0,0,0,0.000376
8553,Toau,515,333,15839,29661,0,46348,1.111159058,63.99628894,3.086234794,0.718477604,0.185392
8554,Toau,0,0,63,355,0,418,0,84.92822967,0,0,0.001672
8555,Toau,5,3,123,32,0,163,3.067484663,19.63190184,3.816793893,1.840490798,0.000652
8556,Toau,93204,87164,190834,118637,0,489839,19.02747637,24.21959052,25.10870092,17.79441817,1.959356
8557,Toau,61,916,2305,4251,0,7533,0.809770344,56.43170052,1.858622791,12.15983008,0.030132
8558,Toau,120,266,1013,1381,0,2780,4.316546763,49.67625899,8.577555397,9.568345324,0.01112
8559,Toau,0,3,61,2298,0,2362,0,97.29043184,0,0.127011008,0.009448
8560,Toau,0,0,0,26,0,26,0,100,0,0,0.000104
8561,Toau,973,7864,2830,3391,0,15058,6.461681498,22.51959092,8.339761721,52.22473104,0.060232
8562,Toau,49,222,689,1265,0,2225,2.202247191,56.85393258,5.104166667,9.97752809,0.0089
8563,Toau,208,1472,1337,2606,0,5623,3.699093011,46.34536724,6.894265827,26.17819669,0.022492
8564,Toau,2715,3104,5118,5746,0,16683,16.27405143,34.4422466,24.82399195,18.60576635,0.066732
8565,Toau,14910,15512,13016,10196,0,53634,27.79953015,19.01032927,34.32478475,28.92195249,0.214536
8566,Toke,1,11,2329,2188,0,4529,0.022079929,48.31088541,0.042716788,0.242879223,0.018116
8567,Toke,0,0,407,2860,0,3267,0,87.54208754,0,0,0.013068
8568,Toke,112,896,9836,14743,0,25587,0.437722281,57.61910345,1.032829214,3.501778247,0.102348
8569,Toke,0,0,63,3,0,66,0,4.545454545,0,0,0.000264
8570,Toke,0,0,0,28,0,28,0,100,0,0,0.000112
8571,Toke,6872,31174,54465,11653,0,104164,6.597288891,11.18716639,7.428305823,29.92780615,0.416656
8572,Toke,0,0,0,31,0,31,0,100,0,0,0.000124
8573,Toke,527,5161,17606,9217,0,32511,1.620989819,28.35040448,2.262385164,15.87462705,0.130044
8574,Tuanake,8767,70079,49924,62640,0,191410,4.580220469,32.72556293,6.808262794,36.61198474,0.76564
8575,Tuanake,147,383,855,5159,0,6544,2.246332518,78.83557457,10.61371841,5.852689487,0.026176
8576,Tuanake,0,1,21,9,0,31,0,29.03225806,0,3.225806452,0.000124
8577,Tuanake,1856,14485,22471,61270,0,100082,1.854479327,61.21979976,4.782026177,14.47313203,0.400328
8578,Tuanake,40,135,417,11440,0,12032,0.332446809,95.07978723,6.756756757,1.122007979,0.048128
8579,Tuanake,525,6509,6863,23984,0,37881,1.385919062,63.31406246,3.777793768,17.18275653,0.151524
8580,Tuanake,5836,5239,9845,11037,0,31957,18.26203962,34.53703414,27.89674952,16.39390431,0.127828
8581,Tuanake,17,34,186,2448,0,2685,0.633147114,91.17318436,7.172995781,1.266294227,0.01074
8582,Tuanake,0,0,14,56,0,70,0,80,0,0,0.00028
8583,Tuanake,0,16,45,4,0,65,0,6.153846154,0,24.61538462,0.00026
8584,Tuanake,1724,7223,2656,11342,0,22945,7.513619525,49.43124864,14.85822632,31.47962519,0.09178
8585,Tuanake,102640,142265,146955,235454,0,627314,16.36182199,37.53367532,26.19302812,22.67843536,2.509256
8586,Tulun,6434,4128,1121,3184,0,14867,43.27705657,21.41656017,55.07147137,27.76619358,0.059468
8587,Tulun,0,3,11,313,0,327,0,95.71865443,0,0.917431193,0.001308
8588,Tulun,10224,4315,2765,7225,0,24529,41.68127523,29.4549309,59.08460472,17.5914224,0.098116
8589,Tulun,1762,623,451,62,0,2898,60.8005521,2.139406487,62.12976023,21.49758454,0.011592
8590,Tulun,2038,692,727,3462,0,6919,29.45512357,50.03613239,58.95284929,10.0014453,0.027676
8591,Tulun,13385,11770,6358,5818,0,37331,35.8549195,15.58490263,42.47453432,31.52875626,0.149324
8592,Tulun,54114,36714,20034,5148,0,116010,46.64597879,4.437548487,48.81203659,31.64727179,0.46404
8593,Tulun,21255,9316,5834,1860,0,38265,55.54684437,4.860838887,58.38483725,24.3460081,0.15306
8594,Tuvana-i-Colo,74624,16112,4954,7763,0,103453,72.13323925,7.503890656,77.98516041,15.57422211,0.413812
8595,Tuvana-i-Ra,117365,41031,10128,24575,0,193099,60.77970368,12.72663245,69.64289953,21.24868591,0.772396
8596,Ujae,0,0,0,33,0,33,0,100,0,0,0.000132
8597,Ujae,0,0,0,41,0,41,0,100,0,0,0.000164
8598,Ujae,0,0,13,96,0,109,0,88.0733945,0,0,0.000436
8599,Ujae,0,0,0,4537,0,4537,0,100,0,0,0.018148
8600,Ujae,109485,4437,44651,50873,0,209446,52.27361707,24.28931562,69.04391038,2.118445805,0.837784
8601,Ujae,2702,16,6644,7328,0,16690,16.18933493,43.90653086,28.86135441,0.095865788,0.06676
8602,Ujae,2965,168,7295,1882,0,12310,24.08610885,15.28838343,28.43306483,1.36474411,0.04924
8603,Ujae,1290,157,6603,3582,0,11632,11.09009629,30.79436039,16.02484472,1.349724897,0.046528
8604,Ujae,47203,14076,54309,29302,0,144890,32.57850783,20.22361792,40.83728415,9.714956174,0.57956
8605,Ujae,0,0,0,43,0,43,0,100,0,0,0.000172
8606,Ujae,3962,189,10150,2822,0,17123,23.13846873,16.48075688,27.70435634,1.103778543,0.068492
8607,Ujae,9727,24233,5080,4304,0,43344,22.44139904,9.929863418,24.91547131,55.90854559,0.173376
8608,Ujae,1317,3625,3280,1044,0,9266,14.21325275,11.26699763,16.01800049,39.12151953,0.037064
8609,Ujae,434,8,1620,2868,0,4930,8.803245436,58.17444219,21.04752667,0.162271805,0.01972
8610,Ujae,13514,5941,8083,4334,0,31872,42.40085341,13.59814257,49.07400683,18.64018574,0.127488
8611,Ujae,462,51,2365,1152,0,4030,11.46401985,28.58560794,16.05281445,1.265508685,0.01612
8612,Ujae,120301,55550,40648,25848,0,242347,49.63997904,10.66569836,55.56653841,22.92167842,0.969388
8613,Ujelang,0,60,720,627,0,1407,0,44.56289979,0,4.264392324,0.005628
8614,Ujelang,14,528,1678,1136,0,3356,0.41716329,33.84982122,0.630630631,15.73301549,0.013424
8615,Ujelang,10,559,1423,1396,0,3388,0.295159386,41.2042503,0.502008032,16.49940968,0.013552
8616,Ujelang,52,1250,981,1581,0,3864,1.345755694,40.91614907,2.277704774,32.34989648,0.015456
8617,Ujelang,7173,9783,9433,2452,0,28841,24.87084359,8.501785652,27.18178029,33.92046046,0.115364
8618,Ujelang,317,3591,1045,2361,0,7314,4.334153678,32.28055783,6.400161518,49.097621,0.029256
8619,Ujelang,115,1563,2172,1447,0,5297,2.171040211,27.31734944,2.987012987,29.50726827,0.021188
8620,Ujelang,4604,8999,3022,4131,0,20756,22.18153787,19.90267874,27.69323308,43.35613798,0.083024
8621,Ujelang,117,824,634,1329,0,2904,4.02892562,45.76446281,7.428571429,28.37465565,0.011616
8622,Ujelang,188,610,501,1306,0,2605,7.216890595,50.13435701,14.47267129,23.41650672,0.01042
8623,Ujelang,3005,4502,1562,3692,0,12761,23.54831126,28.93190189,33.134855,35.27936682,0.051044
8624,Ujelang,13583,13059,3901,3357,0,33900,40.06784661,9.902654867,44.47172838,38.52212389,0.1356
8625,Ujelang,0,363,380,2164,0,2907,0,74.44100447,0,12.4871001,0.011628
8626,Ujelang,0,0,11,787,0,798,0,98.62155388,0,0,0.003192
8627,Ujelang,41,909,549,2520,0,4019,1.020154267,62.70216472,2.735156771,22.61756656,0.016076
8628,Ujelang,15,121,1208,1022,0,2366,0.633981403,43.19526627,1.116071429,5.114116653,0.009464
8629,Ujelang,17,1087,650,2621,0,4375,0.388571429,59.90857143,0.969213227,24.84571429,0.0175
8630,Ujelang,69,1052,494,1716,0,3331,2.071450015,51.51606124,4.27244582,31.58210748,0.013324
8631,Ujelang,1212,3625,1069,2082,0,7988,15.17275914,26.06409614,20.52150356,45.38057086,0.031952
8632,Ujelang,408,1197,793,1007,0,3405,11.98237885,29.57415565,17.01417848,35.15418502,0.01362
8633,Ujelang,2,451,387,1332,0,2172,0.092081031,61.32596685,0.238095238,20.76427256,0.008688
8634,Ujelang,150,3044,1288,2146,0,6628,2.263126132,32.37779119,3.346720214,45.92637296,0.026512
8635,Ujelang,0,426,698,2911,0,4035,0,72.14374226,0,10.55762082,0.01614
8636,Ujelang,8533,11881,2473,3998,0,26885,31.73888786,14.87074577,37.28317385,44.19192858,0.10754
8637,Ujelang,6151,9036,1964,1997,0,19148,32.12345937,10.42928765,35.86379803,47.19030708,0.076592
8638,Ujelang,128757,105833,16863,22540,0,273993,46.99280639,8.226487538,51.2051954,38.62616928,1.095972
8639,Ulithi,34663,16037,9106,9525,0,69331,49.99639411,13.73844312,57.95906765,23.13106691,0.277324
8640,Ulithi,317,14,219,754,0,1304,24.30981595,57.82208589,57.63636364,1.073619632,0.005216
8641,Ulithi,27,10,93,67,0,197,13.70558376,34.01015228,20.76923077,5.076142132,0.000788
8642,Ulithi,0,0,1,658,0,659,0,99.84825493,0,0,0.002636
8643,Ulithi,800,693,1263,1625,0,4381,18.26067108,37.09198813,29.0275762,15.81830632,0.017524
8644,Ulithi,18766,30942,11068,6160,0,66936,28.03573563,9.202820605,30.87731999,46.22624597,0.267744
8645,Ulithi,20662,14732,9309,19648,0,64351,32.10828115,30.53254806,46.22061159,22.89319513,0.257404
8646,Ulithi,0,0,220,3584,0,3804,0,94.21661409,0,0,0.015216
8647,Ulithi,1433,801,1207,830,0,4271,33.55186139,19.43338797,41.64487068,18.75439007,0.017084
8648,Ulithi,262,233,1632,1134,0,3261,8.034345293,34.77460902,12.31781852,7.145047531,0.013044
8649,Ulithi,6,8,408,1099,0,1521,0.394477318,72.25509533,1.421800948,0.525969757,0.006084
8650,Ulithi,450,442,3582,1433,0,5907,7.618080244,24.25935331,10.05811354,7.482647706,0.023628
8651,Ulithi,3889,3742,2945,897,0,11473,33.89697551,7.818356141,36.77193646,32.61570644,0.045892
8652,Ulithi,6238,16331,3323,981,0,26873,23.21289026,3.650504224,24.09238375,60.77103412,0.107492
8653,Ulithi,4463,11009,9975,1725,0,27172,16.42499632,6.348446931,17.53841317,40.51597232,0.108688
8654,Ulithi,41266,34909,13774,8818,0,98767,41.78116172,8.928083267,45.87710814,35.3448014,0.395068
8655,Ulithi,61263,81769,48251,30261,0,221544,27.65274618,13.65913769,32.02741488,36.90869534,0.886176
8656,Ulithi,618,129,924,884,0,2555,24.18786693,34.59882583,36.98384201,5.048923679,0.01022
8657,Ulithi,12,7,68,555,0,642,1.869158879,86.44859813,13.79310345,1.090342679,0.002568
8658,Ulithi,6433,15263,4580,1264,0,27540,23.35875091,4.589687727,24.48241742,55.42120552,0.11016
8659,Ulithi,19440,3969,1770,1417,0,26596,73.0936983,5.327868852,77.20719647,14.92329674,0.106384
8660,Ulithi,5684,709,524,590,0,7507,75.7159984,7.859331291,82.17435304,9.444518449,0.030028
8661,Ulithi,442,59,629,542,0,1672,26.4354067,32.41626794,39.11504425,3.528708134,0.006688
8662,Ulithi,0,0,0,34,0,34,0,100,0,0,0.000136
8663,Ulithi,2844,2035,2172,744,0,7795,36.48492623,9.544579859,40.3347043,26.10647851,0.03118
8664,Ulithi,19562,8179,1953,3070,0,32764,59.70577463,9.370040288,65.87862868,24.96337444,0.131056
8665,Ulithi,3367,1666,5008,4843,0,14884,22.62160709,32.53829616,33.53251668,11.19322763,0.059536
8666,Ulithi,0,0,142,2547,0,2689,0,94.71922648,0,0,0.010756
8667,Ulithi,0,0,0,3268,21264,24532,0,100,0,0,0.098128
8668,Ulithi,4908,1741,4323,2722,0,13694,35.84051409,19.87731853,44.73204521,12.7135972,0.054776
8669,Ulithi,20799,4641,7302,9215,0,41957,49.57218104,21.96296208,63.52391424,11.06132469,0.167828
8670,Ulithi,3109,5396,2649,1014,0,12168,25.55062459,8.333333333,27.87340864,44.34582512,0.048672
8671,Ulithi,17782,20849,14515,13229,0,66375,26.79020716,19.9306968,33.45877394,31.41092279,0.2655
8672,Ulithi,48307,17702,9171,8898,0,84078,57.45498228,10.58303004,64.25512104,21.05425914,0.336312
8673,Ulithi,5,8,254,698,0,965,0.518134715,72.33160622,1.872659176,0.829015544,0.00386
8674,Ulithi,23757,6063,2943,8032,0,40795,58.23507783,19.68868734,72.51167476,14.86211546,0.16318
8675,Ulithi,2689,1017,1249,1509,0,6464,41.59962871,23.34467822,54.26841574,15.73329208,0.025856
8676,Ulithi,16998,7293,2920,2321,3407,32939,57.55790329,7.859271299,62.46738451,24.69524584,0.131756
8677,Ulithi,0,0,1554,1980,0,3534,0,56.02716469,0,0,0.014136
8678,Ulithi,171,901,1470,1012,0,3554,4.811480023,28.47495779,6.726986625,25.35171638,0.014216
8679,Ulithi,6022,1956,2965,1876,0,12819,46.9771433,14.63452687,55.03061318,15.25860051,0.051276
8680,Utirik,164,174,5305,3627,0,9270,1.769147789,39.12621359,2.906255538,1.877022654,0.03708
8681,Utirik,4194,6686,44669,19001,0,74550,5.625754527,25.48759222,7.550090911,8.968477532,0.2982
8682,Utirik,42,39,1068,1870,0,3019,1.391189135,61.94104008,3.65535248,1.291818483,0.012076
8683,Utirik,1,3,155,1109,0,1268,0.078864353,87.46056782,0.628930818,0.23659306,0.005072
8684,Utirik,72459,43200,248800,140400,0,504859,14.35232411,27.8097449,19.88124865,8.556844584,2.019436
8685,Utirik,0,0,219,2840,0,3059,0,92.84079765,0,0,0.012236
8686,Utirik,26503,19624,87096,26489,0,159712,16.59424464,16.58547886,19.89371205,12.28711681,0.638848
8687,Vahanga,0,0,5,24,0,29,0,82.75862069,0,0,0.000116
8688,Vahanga,0,0,0,61,0,61,0,100,0,0,0.000244
8689,Vahanga,0,0,0,66,0,66,0,100,0,0,0.000264
8690,Vahanga,0,0,6,60,0,66,0,90.90909091,0,0,0.000264
8691,Vahanga,0,0,2,80,0,82,0,97.56097561,0,0,0.000328
8692,Vahanga,0,0,0,39,0,39,0,100,0,0,0.000156
8693,Vahanga,0,0,0,25,0,25,0,100,0,0,0.0001
8694,Vahanga,0,0,0,32,0,32,0,100,0,0,0.000128
8695,Vahanga,0,0,5,55,0,60,0,91.66666667,0,0,0.00024
8696,Vahanga,0,0,0,32,0,32,0,100,0,0,0.000128
8697,Vahanga,0,0,0,97,0,97,0,100,0,0,0.000388
8698,Vahanga,0,0,0,174,0,174,0,100,0,0,0.000696
8699,Vahanga,0,0,4,318,0,322,0,98.75776398,0,0,0.001288
8700,Vahanga,0,0,0,485,0,485,0,100,0,0,0.00194
8701,Vahanga,188126,101189,200192,463631,0,953138,19.73754063,48.64258901,38.43172825,10.61640602,3.812552
8702,Vahitahi,0,0,0,123,0,123,0,100,0,0,0.000492
8703,Vahitahi,19628,2557,17124,28239,0,67548,29.05785515,41.80582697,49.93258541,3.785456268,0.270192
8704,Vahitahi,8833,1284,5495,10062,0,25674,34.40445587,39.19139986,56.57827312,5.001168497,0.102696
8705,Vahitahi,0,0,19,76,0,95,0,80,0,0,0.00038
8706,Vahitahi,259493,30506,125640,172637,34194,622470,44.11075754,29.34625924,62.43230303,5.185661152,2.48988
8707,Vahitahi,0,0,7,34,0,41,0,82.92682927,0,0,0.000164
8708,Vahitahi,30,0,202,4637,0,4869,0.616142945,95.23516122,12.93103448,0,0.019476
8709,Vahitahi,708,68,1879,14242,0,16897,4.190092916,84.28715157,26.66666667,0.402438303,0.067588
8710,Vahitahi,21,18,602,14968,0,15609,0.134537767,95.89339484,3.276131045,0.115318086,0.062436
8711,Vahitahi,0,0,150,5286,0,5436,0,97.2406181,0,0,0.021744
8712,Vahitahi,94792,12502,56793,78099,0,242186,39.140165,32.24752876,57.76935406,5.162148101,0.968744
8713,Vahitahi,1402,278,3677,34268,0,39625,3.538170347,86.4807571,26.17136457,0.701577287,0.1585
8714,Vairaatea,1,6,215,119,0,341,0.293255132,34.8973607,0.45045045,1.759530792,0.001364
8715,Vairaatea,0,0,30,27,0,57,0,47.36842105,0,0,0.000228
8716,Vairaatea,0,7,264,186,0,457,0,40.70021882,0,1.531728665,0.001828
8717,Vairaatea,0,0,21,71,0,92,0,77.17391304,0,0,0.000368
8718,Vairaatea,2,8,33,64,0,107,1.869158879,59.81308411,4.651162791,7.476635514,0.000428
8719,Vairaatea,105951,122851,79245,103259,0,411306,25.7596534,25.10515285,34.39442682,29.86851638,1.645224
8720,Vairaatea,179,115,766,5224,0,6284,2.848504137,83.13176321,16.88679245,1.830044558,0.025136
8721,Vairaatea,52,116,456,2979,0,3603,1.443241743,82.68109908,8.333333333,3.219539273,0.014412
8722,Vairaatea,1,30,358,5493,0,5882,0.01700102,93.3866032,0.257069409,0.510030602,0.023528
8723,Vairaatea,1017,869,569,8158,0,10613,9.582587393,76.86799209,41.42566191,8.188071233,0.042452
8724,Vairaatea,160631,97600,122245,140185,0,520661,30.8513601,26.92442875,42.21843165,18.74540248,2.082644
8725,Vaitupu,5,31,98,394,0,528,0.946969697,74.62121212,3.731343284,5.871212121,0.002112
8726,Vaitupu,3401,3999,657,2076,0,10133,33.56360407,20.48751604,42.21174134,39.46511398,0.040532
8727,Vaitupu,2946,1087,573,2043,0,6649,44.30741465,30.72642503,63.96005211,16.34832306,0.026596
8728,Vaitupu,213,37,300,325,0,875,24.34285714,37.14285714,38.72727273,4.228571429,0.0035
8729,Vaitupu,357,174,364,1164,0,2059,17.33851384,56.53229723,39.88826816,8.450704225,0.008236
8730,Vaitupu,815701,369305,104199,145160,0,1434365,56.86844004,10.1201577,63.27162864,25.74693331,5.73746
8731,Vanavana,206826,93181,142883,180629,12389,635908,33.17076144,28.96928562,46.69918038,14.94437218,2.543632
8732,Vostok,3518,33853,12010,19632,0,69013,5.097590309,28.44681437,7.124197566,49.05307696,0.276052
8733,Wailagi Lala,0,0,433,388,0,821,0,47.25943971,0,0,0.003284
8734,Wailagi Lala,0,0,115,23,0,138,0,16.66666667,0,0,0.000552
8735,Wailagi Lala,0,19,2055,1104,0,3178,0,34.73882945,0,0.597860289,0.012712
8736,Wailagi Lala,0,1,218,13,0,232,0,5.603448276,0,0.431034483,0.000928
8737,Wailagi Lala,0,8,379,21,0,408,0,5.147058824,0,1.960784314,0.001632
8738,Wailagi Lala,0,9,387,23,0,419,0,5.489260143,0,2.14797136,0.001676
8739,Wailagi Lala,0,0,238,279,0,517,0,53.96518375,0,0,0.002068
8740,Wailagi Lala,0,0,225,81,0,306,0,26.47058824,0,0,0.001224
8741,Wailagi Lala,9218,67001,12730,34394,0,123343,7.473468296,27.88484146,10.36324186,54.32087755,0.493372
8742,Wake,344,37496,77502,135796,0,251138,0.136976483,54.07226306,0.298243485,14.93043665,1.004552
8743,Wake,0,6,29,13,0,48,0,27.08333333,0,12.5,0.000192
8744,Wake,0,0,0,0,417,417,0,0,0,0,0.001668
8745,Wake,0,11,82,49,0,142,0,34.50704225,0,7.746478873,0.000568
8746,Wake,0,0,8,24,0,32,0,75,0,0,0.000128
8747,Wake,0,0,0,35,0,35,0,100,0,0,0.00014
8748,Wake,0,0,0,29,0,29,0,100,0,0,0.000116
8749,Wake,1,0,2,65,0,68,1.470588235,95.58823529,33.33333333,0,0.000272
8750,Wake,0,0,0,25,0,25,0,100,0,0,0.0001
8751,Wake,0,0,0,25,0,25,0,100,0,0,0.0001
8752,Wake,0,0,0,48,0,48,0,100,0,0,0.000192
8753,Wake,0,0,0,25,0,25,0,100,0,0,0.0001
8754,Wake,0,0,0,38,0,38,0,100,0,0,0.000152
8755,Wake,0,0,0,25,0,25,0,100,0,0,0.0001
8756,Wake,0,0,0,29,0,29,0,100,0,0,0.000116
8757,Wake,0,0,0,34,0,34,0,100,0,0,0.000136
8758,Wake,0,0,0,38,0,38,0,100,0,0,0.000152
8759,Wake,0,0,0,122,0,122,0,100,0,0,0.000488
8760,Wake,1945,191797,332574,1023115,17033,1566464,0.125529953,66.03165936,0.369549852,12.37854412,6.265856
8761,Woleai,51330,38182,7765,3592,0,100869,50.88778515,3.561054437,52.76684108,37.85305694,0.403476
8762,Woleai,4057,3453,572,569,0,8651,46.89631257,6.577274304,50.1979708,39.91446076,0.034604
8763,Woleai,87809,87556,11872,4416,0,191653,45.81665823,2.304164297,46.89724787,45.68464882,0.766612
8764,Woleai,16419,28282,4635,1084,0,50420,32.56445855,2.1499405,33.27995784,56.09282031,0.20168
8765,Woleai,3153,627,439,601,0,4820,65.41493776,12.46887967,74.73334913,13.00829876,0.01928
8766,Woleai,1188,372,413,150,0,2123,55.95854922,7.065473387,60.2128738,17.522374,0.008492
8767,Woleai,127618,187474,26932,12760,0,354784,35.97061874,3.596554523,37.31258625,52.84172905,1.419136
8768,Woleai,3722,5206,1025,731,0,10684,34.83713965,6.842006739,37.39576007,48.72706851,0.042736
8769,Woleai,2823,644,395,215,0,4077,69.24208977,5.273485406,73.09684102,15.79592838,0.016308
8770,Woleai,4750,1391,755,566,0,7462,63.65585634,7.585097829,68.88051044,18.64111498,0.029848
8771,Woleai,7807,2857,685,322,0,11671,66.89229715,2.758975238,68.79020178,24.47947905,0.046684
8772,Woleai,20636,27241,3801,1859,0,53537,38.54530512,3.472364907,39.93188591,50.8825672,0.214148
8773,Woleai,5036,1707,1693,4695,0,13131,38.35199147,35.75508339,59.69653864,12.99977153,0.052524
8774,Woleai,32404,20054,4256,3366,0,60080,53.93475366,5.60252996,57.13580421,33.37882823,0.24032
8775,Woleai,9795,2271,2841,642,0,15549,62.99440478,4.128882886,65.70738579,14.60544086,0.062196
8776,Woleai,1,0,47,447,0,495,0.202020202,90.3030303,2.083333333,0,0.00198
8777,Woleai,20010,46890,6696,2956,0,76552,26.13909499,3.861427526,27.18897766,61.25248197,0.306208
8778,Woleai,66279,28950,5317,5890,0,106436,62.27122402,5.533841933,65.91908181,27.1994438,0.425744
8779,Wotho,0,0,761,457,0,1218,0,37.52052545,0,0,0.004872
8780,Wotho,883,1241,2865,1643,0,6632,13.31423402,24.77382388,17.69893766,18.71230398,0.026528
8781,Wotho,0,0,44,0,0,44,0,0,0,0,0.000176
8782,Wotho,0,0,0,79,0,79,0,100,0,0,0.000316
8783,Wotho,0,0,0,144,0,144,0,100,0,0,0.000576
8784,Wotho,2092,3496,11195,9405,0,26188,7.98839163,35.91339545,12.46499434,13.34962578,0.104752
8785,Wotho,55784,77584,58993,18086,0,210447,26.50738666,8.594087823,28.9996413,36.86628937,0.841788
8786,Wotho,90365,223829,180807,64863,0,559864,16.14052699,11.58549219,18.25551868,39.97917351,2.239456
8787,Wotho,0,0,553,5731,0,6284,0,91.19987269,0,0,0.025136
8788,Wotho,241,773,5515,8934,0,15463,1.558559141,57.77662808,3.691223771,4.999029942,0.061852
8789,Wotho,572,1498,1253,3429,0,6752,8.471563981,50.78495261,17.21336142,22.18601896,0.027008
8790,Wotho,1477,4375,21005,36247,0,63104,2.340580629,57.44009888,5.499497338,6.932999493,0.252416
8791,Wotho,195,1263,4465,4819,0,10742,1.815304413,44.86129212,3.292250549,11.75758704,0.042968
8792,Wotho,795,1429,3956,3530,0,9710,8.187435633,36.35427394,12.86407767,14.71678682,0.03884
8793,Wotho,262,589,969,2799,0,4619,5.672223425,60.59753193,14.3956044,12.75167785,0.018476
8794,Wotho,145,839,3908,2118,0,7010,2.068473609,30.21398003,2.964022895,11.96861626,0.02804
8795,Wotho,289,740,2511,1633,0,5173,5.586700174,31.56775565,8.163841808,14.30504543,0.020692
8796,Wotho,3958,6441,10507,7583,0,28489,13.89308154,26.61729088,18.93236391,22.60872618,0.113956
8797,Wotho,5002,24025,22412,7122,0,58561,8.541520807,12.16167757,9.724139272,41.02559724,0.234244
8798,Wotho,51578,120145,97651,24690,0,294064,17.53971924,8.396131454,19.14735646,40.85675227,1.176256
8799,Wotje,72599,72754,61680,35983,0,243016,29.87416466,14.80684399,35.06639038,29.93794647,0.972064
8800,Wotje,5266,10020,5850,7707,0,28843,18.25746282,26.72052144,24.91483724,34.73979822,0.115372
8801,Wotje,4379,7263,3131,5165,0,19938,21.96308557,25.90530645,29.6419143,36.42792657,0.079752
8802,Wotje,0,0,28,16,0,44,0,36.36363636,0,0,0.000176
8803,Wotje,2431,6060,4692,1526,0,14709,16.52729621,10.37460058,18.44041569,41.19926576,0.058836
8804,Wotje,510,1695,2478,2422,0,7105,7.178043631,34.08866995,10.89045484,23.85643913,0.02842
8805,Wotje,5078,13039,3144,6480,0,27741,18.30503587,23.35892722,23.88410705,47.00263148,0.110964
8806,Wotje,667,3071,1117,2772,0,7627,8.745247148,36.34456536,13.73841401,40.26484856,0.030508
8807,Wotje,1033,2745,337,1267,0,5382,19.19360832,23.54143441,25.10328068,51.00334448,0.021528
8808,Wotje,6120,6962,933,3408,0,17423,35.1259829,19.56035126,43.66749911,39.95867531,0.069692
8809,Wotje,4826,10304,1648,4841,0,21619,22.32295666,22.39234007,28.76385743,47.66177899,0.086476
8810,Wotje,15738,25730,2608,7530,0,51606,30.4964539,14.59132659,35.70650694,49.85854358,0.206424
8811,Wotje,855,214,145,3069,0,4283,19.96264301,71.65538174,70.42833608,4.996497782,0.017132
8812,Wotje,2538,12136,4962,2160,0,21796,11.64433841,9.910075243,12.92523936,55.67994127,0.087184
8813,Wotje,62335,55881,12175,15324,0,145715,42.77871187,10.51641904,47.80621362,38.34951789,0.58286
8814,Wotje,22047,16734,7169,9194,0,55144,39.9807776,16.67271145,47.98041349,30.34600319,0.220576
8815,Wotje,2331,4349,560,1827,0,9067,25.70861365,20.14999449,32.1961326,47.96514834,0.036268
8816,Wotje,1147,3020,547,1170,0,5884,19.49354181,19.88443236,24.33177768,51.32562882,0.023536
8817,Wotje,2315,1781,1225,3099,0,8420,27.49406176,36.80522565,43.50685961,21.152019,0.03368
8818,Wotje,73,346,240,1176,0,1835,3.978201635,64.08719346,11.07738998,18.85558583,0.00734
8819,Wotje,67916,11738,34457,12929,0,127040,53.46032746,10.17710957,59.51748736,9.239609572,0.50816
8820,Wotje,10879,4846,11015,2781,0,29521,36.85173266,9.420412588,40.68436799,16.41543308,0.118084
8821,Wotje,1758,498,1095,2082,0,5433,32.35781336,38.32136941,52.46195166,9.166206516,0.021732
8822,Wotje,0,0,0,38,0,38,0,100,0,0,0.000152
8823,Wotje,1331,3930,1136,4193,0,10590,12.56846081,39.59395656,20.80662811,37.11048159,0.04236
8824,Wotje,3299,707,2983,1381,0,8370,39.41457587,16.49940263,47.20274717,8.446833931,0.03348
8825,Wotje,1926,442,1930,1703,0,6001,32.09465089,28.37860357,44.81154025,7.365439093,0.024004
8826,Wotje,2131,5889,2201,4805,0,15026,14.18208439,31.97790496,20.84923197,39.19206708,0.060104
8827,Wotje,30429,5140,4665,5110,0,45344,67.10700423,11.2694072,75.63006412,11.3355681,0.181376
8828,Wotje,1602,427,2264,1923,0,6216,25.77220077,30.93629344,37.31656184,6.869369369,0.024864
8829,Wotje,4144,1014,2181,4880,0,12219,33.91439561,39.93780178,56.46545851,8.298551436,0.048876
8830,Wotje,24242,24781,8021,9897,0,66941,36.21397947,14.78466112,42.49701984,37.01916613,0.267764
8831,Wotje,5963,6335,3185,3139,0,18622,32.02126517,16.8564064,38.51320803,34.01890237,0.074488
8832,Wotje,0,0,18,118,0,136,0,86.76470588,0,0,0.000544
8833,Wotje,3523,2775,1663,3153,0,11114,31.69875832,28.3696239,44.25323452,24.96850819,0.044456
8834,Wotje,7154,9952,3659,5315,0,26080,27.4309816,20.37960123,34.45220323,38.1595092,0.10432
8835,Wotje,14,104,170,1440,0,1728,0.810185185,83.33333333,4.861111111,6.018518519,0.006912
8836,Wotje,4855,7577,1920,5280,0,19632,24.7300326,26.89486553,33.8280379,38.59515077,0.078528
8837,Wotje,19360,18449,6017,8271,0,52097,37.16144884,15.8761541,44.17469082,35.41278768,0.208388
8838,Wotje,8206,8178,3224,5445,0,25053,32.75456033,21.73392408,41.8502652,32.64279727,0.100212
8839,Wotje,13214,9140,2837,6283,0,31474,41.98385969,19.96250874,52.45524195,29.03984241,0.125896
8840,Wotje,1439,3146,890,3318,0,8793,16.36529057,37.73456158,26.28310502,35.77846014,0.035172
8841,Wotje,3432,3936,1303,3373,0,12044,28.49551644,28.00564596,39.5802099,32.6801727,0.048176
8842,Wotje,2575,3030,1212,4156,0,10973,23.46669097,37.87478356,37.77321402,27.61323248,0.043892
8843,Wotje,28107,16751,12301,16716,0,73875,38.04670051,22.62741117,49.17335853,22.67478849,0.2955
8844,Wotje,147,391,204,754,0,1496,9.826203209,50.40106952,19.81132075,26.13636364,0.005984
8845,Wotje,6341,1499,2151,5660,0,15651,40.51498307,36.1638234,63.46712041,9.577662769,0.062604
8846,Wotje,327,330,581,2050,0,3288,9.945255474,62.34793187,26.41357027,10.03649635,0.013152
8847,Wotje,2,1,21,2,0,26,7.692307692,7.692307692,8.333333333,3.846153846,0.000104
8848,Wotje,230802,237995,96229,99161,0,664187,34.74955095,14.92968095,40.84803177,35.83252909,2.656748
8849,Wotje,884,582,829,2989,0,5284,16.72975019,56.5669947,38.51851852,11.01438304,0.021136
8850,Wotje,3187,3765,1176,4050,0,12178,26.17014288,33.2566924,39.2101378,30.91640663,0.048712
8851,Wotje,7342,15825,4512,6072,0,33751,21.75342953,17.99057806,26.52552477,46.88749963,0.135004
8852,Wotje,7376,9831,4543,14468,0,36218,20.36556408,39.94698769,33.91264368,27.14396157,0.144872
8853,Wotje,1878,3785,2777,5975,0,14415,13.02809573,41.4498786,22.25118483,26.25737079,0.05766
8854,Wotje,45,950,552,1897,0,3444,1.306620209,55.08130081,2.90885585,27.58420441,0.013776
8855,Wotje,8191,19727,15453,3222,0,46593,17.57989398,6.915201854,18.88589149,42.33897796,0.186372
8856,Wotje,76,2821,3410,1077,0,7384,1.029252438,14.58559047,1.205010306,38.20422535,0.029536
8857,Wotje,744,5773,2618,1160,0,10295,7.226809131,11.26760563,8.144499179,56.07576493,0.04118
8858,Wotje,59,416,995,606,0,2076,2.842003854,29.19075145,4.013605442,20.03853565,0.008304
8859,Wotje,6084,3026,3331,4025,0,16466,36.94886433,24.44430949,48.90282132,18.37726224,0.065864
8860,Wotje,56314,27593,17672,21410,0,122989,45.78783468,17.40806088,55.43862413,22.43533975,0.491956
8861,Wotje,9607,11376,3124,10742,0,34849,27.56750552,30.8244139,39.85149542,32.64369135,0.139396
8862,Wotje,45,836,881,602,0,2364,1.903553299,25.46531303,2.553916005,35.36379019,0.009456
8863,Wotje,1470,610,2053,1843,0,5976,24.59839357,30.84002677,35.56738447,10.20749665,0.023904
8864,Wotje,2090,1623,6104,2560,0,12377,16.88615981,20.68352589,21.28959967,13.11303224,0.049508
8865,Wotje,29467,8810,4689,3959,0,46925,62.79595099,8.436867342,68.58213471,18.77464038,0.1877
8866,Wotje,26346,13161,8437,5630,0,53574,49.17683951,10.50882891,54.95161021,24.56602083,0.214296
8867,Wotje,0,0,0,27,0,27,0,100,0,0,0.000108
8868,Wotje,76688,39348,12786,29349,0,158171,48.48423542,18.55523452,59.53020447,24.87687376,0.632684
8869,Wotje,39360,14073,6725,6599,0,66757,58.96010905,9.885105682,65.42770704,21.08093533,0.267028
8870,Wotje,771,303,1689,2393,0,5156,14.95345229,46.41194725,27.90445168,5.876648565,0.020624
8871,Wotje,1009,271,1980,2921,0,6181,16.32421938,47.25772529,30.95092025,4.384403818,0.024724
8872,Wotje,0,0,204,634,0,838,0,75.65632458,0,0,0.003352
8873,Wotje,3131,4761,899,3239,0,12030,26.02660017,26.92435578,35.61597088,39.57605985,0.04812
8874,Wotje,818,206,1064,1478,0,3566,22.93886708,41.44699944,39.17624521,5.776780707,0.014264
8875,Wuvulu,0,0,0,0,29,29,0,0,0,0,0.000116
8876,Wuvulu,0,0,0,0,88,88,0,0,0,0,0.000352
8877,Wuvulu,0,0,0,0,37,37,0,0,0,0,0.000148
8878,Wuvulu,0,0,0,0,39,39,0,0,0,0,0.000156
8879,Wuvulu,0,0,0,0,30,30,0,0,0,0,0.00012
8880,Wuvulu,0,0,0,0,30,30,0,0,0,0,0.00012
8881,Wuvulu,0,0,0,31,31,62,0,100,0,0,0.000248
8882,Wuvulu,0,0,0,0,25,25,0,0,0,0,0.0001
8883,Wuvulu,0,0,0,0,25,25,0,0,0,0,0.0001
8884,Wuvulu,0,0,0,0,39,39,0,0,0,0,0.000156
8885,Wuvulu,0,0,0,0,25,25,0,0,0,0,0.0001
8886,Wuvulu,0,0,0,0,25,25,0,0,0,0,0.0001
8887,Wuvulu,0,0,0,0,84,84,0,0,0,0,0.000336
8888,Wuvulu,0,0,0,0,292,292,0,0,0,0,0.001168
8889,Wuvulu,0,0,0,0,25,25,0,0,0,0,0.0001
8890,Wuvulu,0,0,0,0,25,25,0,0,0,0,0.0001
8891,Wuvulu,0,0,0,0,162,162,0,0,0,0,0.000648
8892,Wuvulu,0,0,0,0,25,25,0,0,0,0,0.0001
8893,Wuvulu,0,0,0,0,91,91,0,0,0,0,0.000364
8894,Wuvulu,0,0,0,0,30,30,0,0,0,0,0.00012
8895,Wuvulu,0,0,0,0,30,30,0,0,0,0,0.00012
8896,Wuvulu,0,0,0,0,40,40,0,0,0,0,0.00016
8897,Wuvulu,0,0,0,0,34,34,0,0,0,0,0.000136
8898,Wuvulu,0,0,0,0,27,27,0,0,0,0,0.000108
8899,Wuvulu,0,0,0,0,75,75,0,0,0,0,0.0003
8900,Wuvulu,0,0,0,0,57,57,0,0,0,0,0.000228
8901,Wuvulu,0,0,0,0,114,114,0,0,0,0,0.000456
8902,Wuvulu,0,0,0,0,25,25,0,0,0,0,0.0001
8903,Wuvulu,0,0,0,0,40,40,0,0,0,0,0.00016
8904,Wuvulu,0,0,0,0,30,30,0,0,0,0,0.00012
8905,Wuvulu,809204,2194215,85965,23695,422787,3535866,25.99368664,0.76114355,26.19305337,70.48375579,14.143464
8906,Laysan,514,3087,323768,516794,0,844163,0.060888715,61.21969335,0.157009369,0.365687669,3.376652
8907,Manua'e,146449,27341,122072,143400,0,439262,33.33978355,32.64566477,49.49909079,6.224303491,1.757048
8908,Manua'e,278103,46354,173096,143376,0,640929,43.39060957,22.37002851,55.89414595,7.232314344,2.563716
8909,Manua'e,8360,2672,10130,7745,0,28907,28.92033072,26.79281835,39.50477271,9.243435846,0.115628
8910,Manua'e,0,0,481,2378,0,2859,0,83.17593564,0,0,0.011436
8926,Palmyra,1,3,0,24,0,28,3.571428571,85.71428571,25,10.71428571,0.000112
8911,Palmyra,0,0,0,31,0,31,0,100,0,0,0.000124
8912,Palmyra,0,0,0,32,0,32,0,100,0,0,0.000128
8913,Palmyra,0,0,0,35,0,35,0,100,0,0,0.00014
8914,Palmyra,0,0,0,44,0,44,0,100,0,0,0.000176
8915,Palmyra,0,0,0,47,0,47,0,100,0,0,0.000188
8916,Palmyra,0,0,0,57,0,57,0,100,0,0,0.000228
8917,Palmyra,0,0,0,62,0,62,0,100,0,0,0.000248
8918,Palmyra,0,0,0,64,0,64,0,100,0,0,0.000256
8919,Palmyra,17,1,0,50,0,68,25,73.52941176,94.44444444,1.470588235,0.000272
8920,Palmyra,2,9,0,57,0,68,2.941176471,83.82352941,18.18181818,13.23529412,0.000272
8921,Palmyra,18,38,0,17,0,73,24.65753425,23.28767123,32.14285714,52.05479452,0.000292
8922,Palmyra,6,1,0,77,0,84,7.142857143,91.66666667,85.71428571,1.19047619,0.000336
8923,Palmyra,0,0,0,86,0,86,0,100,0,0,0.000344
8924,Palmyra,8,48,0,37,0,93,8.602150538,39.78494624,14.28571429,51.61290323,0.000372
8925,Palmyra,0,0,0,108,0,108,0,100,0,0,0.000432
8927,Palmyra,0,0,0,108,0,108,0,100,0,0,0.000432
8928,Palmyra,0,52,1,59,0,112,0,52.67857143,0,46.42857143,0.000448
8929,Palmyra,54,6,0,160,0,220,24.54545455,72.72727273,90,2.727272727,0.00088
8930,Palmyra,0,3,0,243,0,246,0,98.7804878,0,1.219512195,0.000984
8931,Palmyra,96,33,0,129,0,258,37.20930233,50,74.41860465,12.79069767,0.001032
8932,Palmyra,0,0,0,265,0,265,0,100,0,0,0.00106
8933,Palmyra,0,0,0,285,0,285,0,100,0,0,0.00114
8934,Palmyra,268,17,0,46,0,331,80.96676737,13.89728097,94.03508772,5.135951662,0.001324
8935,Palmyra,155,5,0,172,0,332,46.68674699,51.80722892,96.875,1.506024096,0.001328
8936,Palmyra,186,78,0,130,0,394,47.20812183,32.99492386,70.45454545,19.79695431,0.001576
8937,Palmyra,84,74,0,263,0,421,19.95249406,62.47030879,53.16455696,17.57719715,0.001684
8938,Palmyra,88,183,0,180,0,451,19.51219512,39.9113082,32.47232472,40.57649667,0.001804
8939,Palmyra,463,56,0,157,0,676,68.49112426,23.22485207,89.21001927,8.284023669,0.002704
8940,Palmyra,32,583,1,129,0,745,4.295302013,17.31543624,5.194805195,78.25503356,0.00298
8941,Palmyra,174,216,0,553,0,943,18.45174973,58.6426299,44.61538462,22.90562036,0.003772
8942,Palmyra,788,117,0,137,0,1042,75.62380038,13.14779271,87.0718232,11.22840691,0.004168
8943,Palmyra,34,360,1,812,0,1207,2.816901408,67.27423364,8.607594937,29.82601491,0.004828
8944,Palmyra,333,494,0,544,0,1371,24.28884026,39.67906637,40.26602177,36.03209336,0.005484
8945,Palmyra,265,1401,0,335,0,2001,13.24337831,16.74162919,15.90636255,70.0149925,0.008004
8946,Palmyra,634,1228,0,325,0,2187,28.98948331,14.86053955,34.04940924,56.14997714,0.008748
8947,Palmyra,1257,436,0,812,0,2505,50.17964072,32.41516966,74.246899,17.40518962,0.01002
8948,Palmyra,216,2209,88,86,0,2599,8.310888803,3.308964987,8.595304417,84.99422855,0.010396
8949,Palmyra,1785,273,0,1163,0,3221,55.41757218,36.10679913,86.73469388,8.475628687,0.012884
8950,Palmyra,1441,779,0,1266,0,3486,41.33677567,36.31669535,64.90990991,22.34652897,0.013944
8951,Palmyra,817,2092,0,1417,0,4326,18.88580675,32.75543227,28.08525266,48.35876098,0.017304
8952,Palmyra,1279,2541,95,2968,0,6883,18.58201366,43.12073224,32.66922095,36.91704199,0.027532
8953,Palmyra,1296,6545,32,5857,0,13730,9.439184268,42.65841224,16.46132351,47.66933722,0.05492
8954,Palmyra,8544,6776,733,1298,0,17351,49.24211861,7.480836839,53.22369651,39.05250418,0.069404
8955,Palmyra,2407,16084,473,691,0,19655,12.24624777,3.515644874,12.69246994,81.83159501,0.07862
8956,Palmyra,10017,10097,482,2735,0,23331,42.93429343,11.72260083,48.63565741,43.27718486,0.093324
8957,Palmyra,6296,19697,88,6995,0,33076,19.03494981,21.1482646,24.14017867,59.55073165,0.132304
8958,Palmyra,105289,33909,822,25766,0,165786,63.50898146,15.54172246,75.19568633,20.45347617,0.663144
8959,Palmyra,105953,90821,45835,37050,0,279659,37.88649748,13.24827737,43.67232873,32.4756221,1.118636
